timestamp,open,high,low,close,volume
1767239100,983.2,984.6,982.0,983.05,114768
1767239400,983.0,983.0,981.0,981.0,50561
1767239700,980.8,982.5,980.35,981.7,61652
1767240000,981.85,982.0,981.05,981.7,27264
1767240300,981.6,981.8,980.4,981.2,30826
1767240600,981.25,983.0,980.7,982.6,49757
1767240900,982.55,983.0,981.7,983.0,28341
1767241200,982.85,983.3,982.5,983.0,34363
1767241500,982.9,984.9,982.8,984.35,102730
1767241800,984.55,986.5,984.15,985.7,188632
1767242100,985.85,986.9,984.8,984.8,76364
1767242400,984.8,984.95,983.0,983.55,41642
1767242700,983.7,983.8,981.75,982.5,62819
1767243000,982.5,984.2,981.8,984.2,81490
1767243300,984.2,985.25,983.7,985.05,48473
1767243600,985.1,985.6,983.65,984.65,71179
1767243900,984.6,985.9,984.35,984.5,25874
1767244200,984.75,984.75,982.65,982.9,38447
1767244500,983.0,983.8,982.9,983.8,44046
1767244800,983.8,985.0,983.5,983.85,72912
1767245100,983.85,983.95,983.0,983.5,30471
1767245400,983.55,984.0,983.0,983.2,21583
1767245700,983.25,983.85,982.9,983.55,33261
1767246000,983.15,983.95,983.0,983.85,12671
1767246300,983.5,983.9,983.1,983.75,11229
1767246600,983.75,984.15,983.15,984.0,67728
1767246900,984.0,984.0,982.8,983.8,32682
1767247200,983.75,984.0,983.15,984.0,65068
1767247500,984.0,984.85,983.5,983.8,39089
1767247800,983.8,983.9,982.75,982.95,17089
1767248100,983.0,983.55,982.85,983.35,10525
1767248400,983.35,984.0,983.0,983.9,34262
1767248700,983.9,984.9,983.6,984.8,76122
1767249000,984.85,985.3,984.0,984.6,39482
1767249300,984.95,985.0,983.75,984.35,22026
1767249600,984.7,984.85,983.85,984.35,27588
1767249900,984.35,984.75,984.0,984.7,43338
1767250200,984.7,985.15,984.3,985.1,21812
1767250500,984.95,985.65,984.3,984.95,42668
1767250800,985.0,985.15,984.35,984.8,20511
1767251100,984.8,984.95,983.6,984.0,31285
1767251400,983.95,984.45,983.6,984.2,20890
1767251700,984.25,984.45,983.7,984.0,17109
1767252000,984.15,984.6,983.55,984.55,19073
1767252300,984.55,984.55,983.8,984.4,17144
1767252600,984.4,984.8,984.0,984.6,20254
1767252900,984.5,985.0,984.25,984.4,16846
1767253200,984.45,984.85,983.6,983.95,21568
1767253500,983.9,984.45,983.8,984.4,19211
1767253800,984.4,984.5,983.6,984.1,21648
1767254100,984.1,984.35,983.75,984.3,29496
1767254400,984.35,984.65,983.9,983.95,42412
1767254700,984.0,984.35,983.7,984.1,23160
1767255000,983.95,984.25,983.5,984.05,23874
1767255300,983.7,984.25,983.7,984.0,15258
1767255600,984.0,985.8,984.0,985.5,81481
1767255900,985.55,985.95,984.85,985.95,34720
1767256200,985.95,986.8,985.55,986.65,75312
1767256500,986.75,986.9,986.1,986.8,59116
1767256800,986.75,987.65,986.5,987.45,127257
1767257100,987.45,987.5,986.6,987.0,64528
1767257400,987.15,987.35,986.6,986.75,97034
1767257700,986.6,986.95,985.2,985.35,82667
1767258000,985.25,985.5,983.8,985.0,289100
1767258300,985.0,985.9,984.9,985.8,71763
1767258600,985.8,985.9,985.05,985.25,27153
1767258900,985.25,985.35,984.5,985.05,88240
1767259200,985.05,985.8,984.5,985.1,42546
1767259500,985.35,985.9,985.05,985.85,45554
1767259800,985.9,986.1,984.5,984.95,77943
1767260100,984.65,985.0,984.0,984.5,96784
1767260400,984.5,985.15,983.9,984.4,173676
1767260700,984.35,985.0,984.0,984.75,180502
1767261000,984.8,985.0,984.15,985.0,170629
1767261300,985.0,985.7,984.1,984.6,173582
1767325500,984.5,986.85,983.95,985.9,163570
1767325800,985.7,988.8,984.5,988.2,126069
1767326100,988.05,990.4,987.7,988.55,229894
1767326400,988.45,989.7,988.0,988.35,84000
1767326700,988.0,988.55,987.35,987.75,69567
1767327000,987.75,990.45,987.65,990.0,121569
1767327300,990.0,991.3,989.2,990.9,134490
1767327600,991.0,991.8,990.0,991.45,102345
1767327900,991.5,991.8,990.65,991.25,48486
1767328200,991.25,991.9,989.15,989.9,113860
1767328500,990.1,990.2,989.1,989.1,40108
1767328800,989.4,990.55,989.05,990.35,60620
1767329100,990.35,991.2,989.5,990.75,53583
1767329400,990.75,991.0,989.65,990.35,37830
1767329700,990.15,990.4,989.05,989.5,54636
1767330000,989.5,989.9,989.05,989.6,43066
1767330300,989.6,989.9,989.15,989.65,32176
1767330600,989.6,991.5,989.6,990.8,85457
1767330900,990.8,992.5,990.4,992.3,125033
1767331200,992.5,992.85,991.3,992.15,106712
1767331500,992.15,993.0,991.75,992.8,68977
1767331800,992.85,993.0,991.7,992.5,145061
1767332100,992.5,993.0,991.25,991.6,213227
1767332400,991.85,991.95,990.65,991.3,139227
1767332700,991.65,991.95,991.25,991.45,54834
1767333000,991.4,993.0,991.25,992.5,127934
1767333300,992.7,992.95,991.75,992.2,139409
1767333600,992.2,992.9,991.3,991.7,159041
1767333900,991.5,992.5,991.2,992.05,81715
1767334200,992.1,992.25,990.2,990.8,99517
1767334500,990.8,991.4,990.5,991.4,71277
1767334800,991.35,991.85,990.7,991.3,45313
1767335100,991.35,992.0,991.0,991.35,140688
1767335400,991.35,992.65,991.05,991.85,85122
1767335700,991.85,992.0,991.0,991.35,74096
1767336000,991.35,991.8,990.95,991.75,26382
1767336300,991.75,991.8,990.05,990.45,44808
1767336600,990.5,991.1,990.2,990.8,38637
1767336900,990.6,991.1,990.25,991.0,48086
1767337200,991.05,991.8,990.5,991.4,68437
1767337500,991.7,991.7,990.75,991.05,18525
1767337800,991.05,991.45,990.5,990.75,30257
1767338100,990.45,990.85,989.7,990.15,49584
1767338400,989.7,990.6,989.7,990.3,16269
1767338700,990.5,990.9,989.9,990.85,23731
1767339000,990.6,990.85,990.1,990.5,28881
1767339300,990.5,990.5,990.05,990.05,25201
1767339600,990.2,991.0,990.0,990.8,39939
1767339900,990.8,990.9,990.6,990.85,21384
1767340200,990.85,991.05,990.55,991.05,39864
1767340500,991.05,992.4,991.05,991.9,68450
1767340800,991.9,992.0,991.55,991.9,30993
1767341100,991.95,992.2,990.65,991.0,66124
1767341400,990.8,991.6,990.7,991.35,20524
1767341700,991.35,991.9,991.15,991.7,21907
1767342000,991.8,992.0,991.5,991.55,29239
1767342300,991.5,991.8,990.65,990.9,80031
1767342600,991.0,992.0,990.9,991.6,81871
1767342900,991.5,992.1,991.2,992.0,32336
1767343200,992.0,992.25,991.5,991.65,18870
1767343500,991.65,992.2,991.0,991.2,48659
1767343800,991.3,991.5,990.7,990.95,41877
1767344100,990.95,991.25,990.4,991.1,33986
1767344400,991.1,991.1,989.65,990.2,90904
1767344700,990.2,990.9,990.05,990.4,51714
1767345000,990.45,990.55,990.1,990.2,54580
1767345300,990.35,990.5,990.1,990.35,56209
1767345600,990.35,991.25,990.1,991.15,75054
1767345900,991.15,992.35,990.8,992.1,79112
1767346200,992.1,992.4,991.55,991.95,112603
1767346500,991.9,992.35,991.9,992.35,113993
1767346800,992.35,993.3,991.55,991.75,234450
1767347100,991.55,992.0,991.55,991.7,133219
1767347400,991.7,999.0,991.45,998.95,697931
1767347700,998.9,1009.5,998.8,1005.65,1039638
1767584700,1000.0,1008.75,1000.0,1003.95,507863
1767585000,1003.95,1005.1,1000.8,1002.7,186269
1767585300,1002.5,1005.0,1002.0,1004.25,134746
1767585600,1004.25,1006.0,1003.25,1004.1,231115
1767585900,1004.35,1006.0,1004.0,1005.6,89771
1767586200,1005.8,1008.2,1005.45,1007.25,206450
1767586500,1007.25,1012.0,1007.05,1011.85,290573
1767586800,1011.85,1012.95,1010.45,1011.3,243601
1767587100,1011.6,1012.95,1011.0,1012.25,150161
1767587400,1012.2,1012.2,1009.65,1011.5,135720
1767587700,1011.5,1013.4,1010.6,1012.4,230638
1767588000,1012.45,1012.6,1009.25,1009.95,143187
1767588300,1009.9,1010.5,1008.65,1009.75,93393
1767588600,1009.7,1011.85,1009.15,1011.85,62217
1767588900,1011.85,1013.0,1011.6,1012.1,68903
1767589200,1012.1,1014.9,1011.25,1014.75,158380
1767589500,1014.45,1015.5,1014.15,1014.75,183791
1767589800,1014.9,1015.0,1012.15,1013.25,95287
1767590100,1013.0,1013.3,1011.3,1011.6,66398
1767590400,1011.6,1012.85,1011.5,1012.55,83927
1767590700,1012.75,1012.9,1011.8,1012.15,54160
1767591000,1012.15,1014.5,1011.9,1012.85,110388
1767591300,1012.95,1012.95,1011.05,1011.3,128786
1767591600,1011.05,1011.55,1010.35,1010.95,151138
1767591900,1011.0,1011.7,1010.65,1011.05,99405
1767592200,1011.0,1011.55,1009.65,1009.65,125837
1767592500,1009.65,1010.75,1009.1,1009.9,98591
1767592800,1009.9,1011.0,1009.9,1010.75,104199
1767593100,1010.75,1011.2,1009.55,1010.0,102876
1767593400,1009.8,1012.0,1009.7,1011.85,130996
1767593700,1012.0,1013.0,1011.5,1012.6,185727
1767594000,1012.65,1012.9,1010.7,1011.7,98683
1767594300,1011.4,1012.0,1010.9,1012.0,183718
1767594600,1011.75,1013.0,1011.35,1012.1,148872
1767594900,1012.15,1013.0,1011.5,1012.0,102198
1767595200,1011.95,1012.0,1010.95,1011.35,97328
1767595500,1011.4,1011.8,1010.55,1010.95,92079
1767595800,1011.0,1011.0,1010.25,1010.9,94751
1767596100,1011.0,1011.85,1010.85,1010.9,87528
1767596400,1010.95,1011.0,1010.4,1010.55,100774
1767596700,1010.55,1011.0,1010.15,1010.25,96182
1767597000,1010.3,1010.6,1009.7,1010.0,89713
1767597300,1010.0,1010.55,1009.5,1009.95,92282
1767597600,1010.0,1010.4,1009.85,1010.3,108504
1767597900,1010.35,1010.35,1008.05,1008.45,147149
1767598200,1008.65,1009.0,1007.75,1007.9,120320
1767598500,1007.9,1008.5,1007.3,1007.75,122211
1767598800,1007.75,1008.2,1005.8,1006.05,130096
1767599100,1005.95,1005.95,1004.65,1005.4,180076
1767599400,1005.4,1006.0,1004.9,1005.6,178832
1767599700,1005.7,1005.95,1004.8,1005.3,164839
1767600000,1005.3,1005.3,1004.0,1004.95,150616
1767600300,1004.95,1005.0,1003.65,1003.95,127548
1767600600,1003.95,1004.15,1001.9,1003.45,167017
1767600900,1003.55,1003.55,1001.4,1001.6,136483
1767601200,1001.75,1002.0,1000.35,1001.95,181663
1767601500,1001.95,1003.2,1001.85,1002.4,179251
1767601800,1002.35,1002.9,1001.8,1001.9,192801
1767602100,1001.85,1003.2,1001.15,1002.6,211690
1767602400,1002.65,1004.4,1001.9,1002.85,379325
1767602700,1002.6,1004.35,1002.35,1004.1,166661
1767603000,1004.15,1006.1,1003.2,1006.0,208353
1767603300,1006.15,1006.35,1003.2,1003.4,279148
1767603600,1003.3,1005.95,1003.2,1005.95,60686
1767603900,1005.95,1005.95,1004.0,1004.1,128998
1767604200,1004.1,1007.25,1004.1,1007.25,144835
1767604500,1007.2,1007.25,1005.7,1006.05,64681
1767604800,1006.0,1006.95,1005.45,1006.85,120221
1767605100,1006.85,1007.8,1005.75,1007.7,92051
1767605400,1007.7,1008.05,1006.7,1007.95,205834
1767605700,1007.95,1007.95,1004.9,1006.3,229238
1767606000,1006.25,1006.5,1005.45,1005.9,154381
1767606300,1006.0,1006.2,1003.55,1003.85,241128
1767606600,1003.75,1004.5,1003.3,1004.25,128373
1767606900,1004.3,1005.4,1003.7,1005.4,158838
1767671100,1007.95,1013.2,1004.95,1009.9,275026
1767671400,1009.55,1011.9,1009.5,1011.35,91131
1767671700,1011.1,1012.5,1010.4,1011.3,83831
1767672000,1011.0,1012.35,1010.5,1010.95,65339
1767672300,1010.85,1011.15,1009.6,1009.95,102196
1767672600,1009.95,1010.8,1009.1,1009.3,84686
1767672900,1009.3,1009.95,1008.8,1008.95,95766
1767673200,1009.05,1009.8,1008.8,1009.8,76043
1767673500,1009.75,1010.9,1009.1,1010.4,95270
1767673800,1010.4,1013.6,1010.4,1013.05,89972
1767674100,1013.0,1013.85,1012.6,1013.75,45561
1767674400,1013.65,1014.55,1013.2,1014.05,93430
1767674700,1014.2,1015.5,1014.1,1015.15,124957
1767675000,1015.4,1015.55,1013.2,1013.5,120459
1767675300,1013.45,1014.3,1013.1,1013.6,46178
1767675600,1013.6,1014.0,1013.25,1013.55,40884
1767675900,1013.55,1013.75,1012.2,1012.75,79037
1767676200,1012.65,1014.15,1012.55,1014.15,47364
1767676500,1014.1,1015.3,1014.05,1015.3,77762
1767676800,1016.15,1016.65,1014.2,1014.85,172170
1767677100,1014.75,1016.0,1014.7,1015.15,64919
1767677400,1015.0,1015.4,1014.3,1015.3,165675
1767677700,1015.25,1018.55,1015.15,1018.25,286117
1767678000,1018.25,1018.25,1016.0,1016.45,100897
1767678300,1016.4,1016.45,1015.3,1015.55,126958
1767678600,1015.45,1016.45,1015.0,1016.45,50009
1767678900,1016.3,1019.6,1016.3,1019.55,167367
1767679200,1019.65,1022.55,1019.35,1022.2,389720
1767679500,1022.2,1023.45,1021.6,1022.0,184666
1767679800,1021.95,1022.8,1021.15,1021.9,116813
1767680100,1021.85,1024.0,1021.0,1022.5,243670
1767680400,1022.35,1022.8,1021.85,1022.65,152030
1767680700,1022.6,1022.95,1020.75,1021.25,239511
1767681000,1021.35,1022.7,1021.0,1021.75,99082
1767681300,1021.7,1021.75,1020.15,1021.0,231886
1767681600,1020.9,1022.0,1020.9,1021.7,158740
1767681900,1021.65,1021.85,1021.0,1021.3,36501
1767682200,1021.35,1021.35,1019.9,1020.3,113361
1767682500,1020.35,1020.95,1019.8,1020.0,65504
1767682800,1019.9,1019.95,1018.3,1018.75,224686
1767683100,1018.75,1018.75,1017.5,1017.85,128734
1767683400,1017.6,1019.5,1017.6,1019.5,56336
1767683700,1019.45,1019.5,1019.0,1019.5,40050
1767684000,1019.45,1021.0,1018.65,1018.95,138456
1767684300,1018.7,1020.35,1018.35,1020.1,96142
1767684600,1020.05,1020.6,1018.1,1019.0,92264
1767684900,1018.95,1019.85,1017.85,1019.75,123869
1767685200,1019.65,1021.0,1019.6,1020.5,69277
1767685500,1020.2,1020.6,1018.1,1018.55,53661
1767685800,1018.55,1018.55,1018.3,1018.5,41342
1767686100,1018.45,1018.95,1017.5,1018.9,75374
1767686400,1018.55,1018.85,1017.5,1018.4,44655
1767686700,1018.4,1019.0,1018.05,1018.75,49127
1767687000,1018.65,1019.5,1018.0,1019.5,56643
1767687300,1019.45,1021.0,1018.65,1020.2,86766
1767687600,1020.2,1020.7,1019.5,1020.0,54395
1767687900,1020.0,1021.05,1019.6,1020.8,73410
1767688200,1020.8,1021.45,1020.1,1020.3,106696
1767688500,1020.35,1021.3,1020.1,1020.5,105344
1767688800,1020.5,1021.0,1020.05,1020.95,74921
1767689100,1020.7,1021.5,1020.7,1021.2,92098
1767689400,1021.0,1021.2,1019.4,1019.9,262671
1767689700,1019.85,1021.0,1019.8,1020.3,136453
1767690000,1020.4,1020.4,1018.85,1019.1,263974
1767690300,1019.1,1019.9,1018.95,1019.45,233971
1767690600,1019.45,1020.0,1019.0,1020.0,141207
1767690900,1020.1,1022.0,1020.05,1022.0,238452
1767691200,1022.0,1022.0,1020.75,1021.0,161370
1767691500,1021.2,1021.2,1019.05,1019.35,74323
1767691800,1019.35,1019.95,1018.7,1019.45,214579
1767692100,1019.3,1019.65,1018.55,1018.6,190686
1767692400,1018.6,1019.55,1018.55,1019.2,176665
1767692700,1019.1,1019.25,1018.3,1019.0,260673
1767693000,1018.95,1019.0,1017.6,1018.7,207639
1767693300,1018.65,1019.0,1018.05,1018.05,213335
1767757500,1022.7,1022.7,1014.0,1014.1,359717
1767757800,1014.15,1016.55,1013.3,1014.6,140600
1767758100,1014.7,1015.3,1013.1,1015.05,79109
1767758400,1015.35,1016.0,1014.45,1015.15,60372
1767758700,1015.25,1015.6,1012.25,1012.4,100513
1767759000,1012.4,1012.7,1010.0,1010.65,101671
1767759300,1010.9,1011.45,1010.0,1010.2,63504
1767759600,1010.1,1010.15,1008.85,1009.8,95104
1767759900,1009.8,1011.9,1009.7,1011.3,56045
1767760200,1011.35,1011.6,1010.0,1010.15,66637
1767760500,1010.15,1011.05,1009.1,1009.1,115471
1767760800,1009.45,1009.75,1008.55,1008.75,405537
1767761100,1008.75,1009.95,1008.7,1008.8,121819
1767761400,1008.75,1010.45,1008.75,1009.4,104841
1767761700,1009.4,1009.75,1009.3,1009.4,38768
1767762000,1009.3,1011.0,1009.3,1011.0,42366
1767762300,1010.9,1011.0,1010.0,1010.45,46359
1767762600,1010.65,1010.95,1010.2,1010.3,29598
1767762900,1010.15,1010.3,1009.35,1009.5,31870
1767763200,1009.45,1010.6,1009.35,1010.45,26909
1767763500,1010.35,1010.5,1009.0,1009.3,39293
1767763800,1009.4,1009.85,1009.25,1009.3,27388
1767764100,1009.3,1009.75,1009.3,1009.4,41756
1767764400,1009.45,1011.35,1009.25,1011.2,68427
1767764700,1011.25,1012.9,1011.2,1012.7,125248
1767765000,1012.7,1013.7,1012.45,1012.75,86610
1767765300,1012.8,1014.4,1012.7,1013.85,71803
1767765600,1013.9,1014.0,1013.3,1013.8,57452
1767765900,1013.95,1014.45,1013.75,1014.2,42865
1767766200,1014.25,1015.1,1014.05,1014.35,114535
1767766500,1014.4,1015.0,1014.35,1014.95,74687
1767766800,1015.0,1015.9,1014.95,1015.8,64609
1767767100,1015.8,1015.8,1013.95,1014.65,77182
1767767400,1014.65,1015.1,1014.45,1014.5,132328
1767767700,1014.5,1016.3,1013.9,1015.0,180758
1767768000,1015.0,1015.1,1014.6,1014.95,61098
1767768300,1015.0,1015.05,1014.65,1015.0,36116
1767768600,1015.05,1015.35,1012.7,1012.7,107665
1767768900,1012.7,1013.5,1012.0,1012.15,60347
1767769200,1012.2,1012.45,1011.2,1011.4,54353
1767769500,1011.4,1012.0,1011.2,1012.0,71247
1767769800,1011.95,1012.0,1011.3,1011.3,36864
1767770100,1011.45,1011.9,1011.25,1011.65,35648
1767770400,1011.75,1012.0,1011.35,1011.75,56300
1767770700,1011.9,1012.0,1011.4,1011.85,38211
1767771000,1011.85,1011.85,1010.0,1010.3,80326
1767771300,1010.2,1010.95,1009.75,1009.9,62506
1767771600,1010.0,1010.0,1008.1,1009.15,141853
1767771900,1008.95,1009.95,1007.55,1007.95,117907
1767772200,1007.65,1008.15,1007.0,1007.15,62576
1767772500,1007.4,1007.5,1005.45,1005.85,105214
1767772800,1005.95,1006.0,1005.4,1005.4,55131
1767773100,1005.45,1006.25,1005.15,1005.75,200066
1767773400,1005.75,1005.8,1004.0,1004.9,116262
1767773700,1004.9,1005.25,1004.7,1004.95,54107
1767774000,1004.95,1005.35,1004.0,1004.95,82268
1767774300,1004.9,1005.3,1004.5,1005.05,51399
1767774600,1005.05,1005.25,1004.8,1004.95,108492
1767774900,1005.05,1005.3,1004.85,1004.95,193166
1767775200,1004.95,1005.15,1004.85,1005.0,85371
1767775500,1005.0,1008.55,1004.95,1007.9,253471
1767775800,1007.9,1008.2,1007.1,1007.65,93632
1767776100,1007.65,1008.1,1007.4,1007.9,126220
1767776400,1007.9,1008.0,1007.45,1007.45,48127
1767776700,1007.5,1007.5,1006.6,1006.95,114528
1767777000,1006.95,1007.4,1006.85,1007.3,94129
1767777300,1007.3,1007.35,1005.0,1005.65,110103
1767777600,1005.6,1008.55,1005.3,1007.75,151817
1767777900,1008.0,1008.85,1007.75,1007.9,126211
1767778200,1007.9,1008.0,1006.6,1007.05,190424
1767778500,1007.1,1008.3,1007.05,1008.05,226059
1767778800,1008.1,1008.1,1006.85,1007.7,181297
1767779100,1007.85,1007.95,1006.85,1006.95,207260
1767779400,1006.95,1007.0,1006.7,1007.0,227796
1767779700,1006.95,1007.7,1005.0,1006.9,314238
1767843900,1006.6,1008.2,1003.05,1006.4,379144
1767844200,1006.4,1007.55,1004.55,1004.8,124553
1767844500,1004.8,1006.0,1004.1,1005.5,68770
1767844800,1005.65,1006.4,1005.5,1006.1,63335
1767845100,1006.3,1008.6,1005.05,1008.2,108505
1767845400,1008.1,1010.0,1008.1,1009.25,166928
1767845700,1009.25,1011.2,1008.1,1011.2,148068
1767846000,1011.05,1011.2,1007.5,1008.5,104638
1767846300,1008.15,1008.5,1007.3,1007.85,40265
1767846600,1007.85,1009.9,1007.65,1009.2,87698
1767846900,1009.3,1009.95,1009.0,1009.0,59454
1767847200,1008.95,1011.6,1008.65,1011.1,83655
1767847500,1011.35,1011.5,1009.5,1009.7,77085
1767847800,1009.65,1009.9,1008.1,1009.25,65625
1767848100,1009.35,1011.0,1008.8,1010.65,54551
1767848400,1010.7,1010.95,1009.0,1009.75,53062
1767848700,1009.75,1009.9,1008.5,1008.8,55850
1767849000,1008.8,1009.2,1007.75,1008.3,53825
1767849300,1008.3,1008.3,1007.45,1007.5,45983
1767849600,1007.6,1008.0,1006.6,1006.6,75661
1767849900,1006.6,1006.9,1005.5,1005.9,61341
1767850200,1006.0,1006.0,1004.0,1004.85,133016
1767850500,1004.85,1004.95,1003.6,1004.2,100615
1767850800,1004.05,1004.8,1003.5,1004.65,73895
1767851100,1004.65,1005.0,1002.3,1002.95,149295
1767851400,1002.95,1003.0,1000.3,1001.35,110769
1767851700,1001.55,1002.75,1000.8,1002.35,71325
1767852000,1002.3,1002.85,1001.25,1002.15,62855
1767852300,1002.35,1003.4,1002.35,1003.0,68477
1767852600,1003.0,1004.45,1002.5,1004.25,86074
1767852900,1004.35,1004.35,1002.35,1002.5,55335
1767853200,1002.5,1003.0,1002.05,1002.9,23498
1767853500,1002.95,1003.0,1000.5,1000.75,45258
1767853800,1000.75,1000.8,997.55,997.55,146554
1767854100,997.95,1000.35,997.65,999.55,94731
1767854400,999.55,1000.5,998.4,998.45,155224
1767854700,998.75,1000.05,998.6,999.0,60829
1767855000,999.25,999.6,998.0,998.75,48308
1767855300,998.55,1000.0,998.5,999.85,30380
1767855600,999.9,1000.0,997.5,998.7,63158
1767855900,998.9,999.3,998.1,998.3,45384
1767856200,998.1,998.95,997.75,998.7,40963
1767856500,998.75,998.9,996.55,996.95,72962
1767856800,997.0,997.3,996.05,996.95,61499
1767857100,996.95,998.5,996.55,997.75,70458
1767857400,997.8,999.3,997.5,998.95,57964
1767857700,998.95,999.3,998.25,999.0,51096
1767858000,999.0,999.95,998.8,998.8,24082
1767858300,998.8,999.35,998.35,998.85,24584
1767858600,999.0,999.4,998.55,998.85,25666
1767858900,998.95,999.3,997.55,997.95,49516
1767859200,997.95,997.95,996.85,997.8,182662
1767859500,997.5,998.6,997.5,998.4,28979
1767859800,998.45,998.65,997.6,998.25,29259
1767860100,998.5,1000.6,998.5,999.65,110120
1767860400,999.65,999.85,998.55,999.25,78462
1767860700,999.1,1000.25,997.35,997.95,175457
1767861000,997.9,999.2,997.9,998.3,34777
1767861300,998.3,998.95,997.45,997.8,117430
1767861600,997.8,998.8,997.65,998.15,34719
1767861900,998.35,998.9,997.55,998.45,63145
1767862200,998.4,998.9,997.2,997.45,43595
1767862500,997.35,997.75,995.85,996.35,91397
1767862800,996.4,998.0,995.95,997.3,124047
1767863100,997.3,997.55,996.55,996.8,45062
1767863400,996.8,998.25,996.5,998.05,36485
1767863700,998.0,999.0,997.25,998.5,53496
1767864000,998.5,999.0,998.0,998.0,55333
1767864300,998.0,998.7,998.0,998.1,72950
1767864600,998.1,998.45,997.35,997.8,194250
1767864900,997.75,999.0,996.85,998.65,188362
1767865200,998.4,999.5,998.2,998.85,245752
1767865500,998.8,998.9,996.55,997.8,261770
1767865800,997.7,998.35,997.05,998.15,242919
1767866100,998.1,998.45,997.5,998.0,231344
1767930300,996.0,1003.7,994.0,1002.55,208053
1767930600,1002.55,1002.9,999.2,999.75,134839
1767930900,999.75,1001.3,999.2,999.6,57688
1767931200,999.6,1000.3,998.4,999.15,67919
1767931500,999.3,999.5,997.9,998.6,52725
1767931800,999.25,1002.1,998.95,1002.1,60448
1767932100,1002.0,1004.4,1001.8,1004.0,61863
1767932400,1003.5,1003.8,1002.35,1002.75,31142
1767932700,1002.85,1004.75,1002.85,1004.35,67992
1767933000,1004.35,1004.9,1003.5,1003.7,38479
1767933300,1003.75,1006.4,1003.4,1005.85,78677
1767933600,1006.0,1006.0,1004.35,1005.0,62602
1767933900,1004.85,1005.5,1004.25,1004.25,49081
1767934200,1004.25,1005.0,1003.55,1003.75,85310
1767934500,1003.7,1006.75,1003.2,1006.25,105365
1767934800,1006.3,1006.95,1005.75,1005.85,45435
1767935100,1005.95,1006.3,1004.45,1005.5,39411
1767935400,1005.8,1007.6,1005.45,1006.9,47482
1767935700,1006.95,1008.0,1006.8,1007.15,63003
1767936000,1007.3,1007.3,1005.7,1006.15,62954
1767936300,1005.85,1006.15,1004.1,1004.85,151529
1767936600,1004.9,1007.0,1004.75,1006.6,48592
1767936900,1006.65,1006.8,1004.0,1004.75,517049
1767937200,1005.0,1005.0,1002.9,1003.2,453308
1767937500,1003.2,1003.7,1002.5,1002.5,65774
1767937800,1002.55,1002.6,1000.0,1000.6,830743
1767938100,1000.5,1002.65,999.85,1001.85,469510
1767938400,1001.85,1004.1,1001.5,1003.4,133387
1767938700,1003.35,1004.5,1003.0,1003.85,98238
1767939000,1003.85,1005.0,1003.15,1004.6,164213
1767939300,1004.65,1005.25,1003.7,1004.8,26963
1767939600,1004.85,1005.75,1004.3,1005.0,40608
1767939900,1005.25,1005.5,1003.45,1003.75,42868
1767940200,1003.95,1004.5,1003.25,1004.1,48639
1767940500,1004.1,1004.6,1003.7,1004.3,49309
1767940800,1004.2,1005.5,1003.95,1005.0,51753
1767941100,1005.15,1006.0,1004.15,1005.15,108645
1767941400,1005.05,1006.0,1004.0,1004.35,104240
1767941700,1004.75,1004.8,1003.05,1003.4,33967
1767942000,1003.7,1004.3,1003.2,1003.55,46270
1767942300,1003.25,1003.55,1001.35,1002.6,55313
1767942600,1002.5,1002.75,1001.75,1002.4,41501
1767942900,1002.4,1002.8,1001.8,1002.05,52797
1767943200,1002.05,1003.85,1002.0,1003.45,49271
1767943500,1003.45,1003.45,1002.5,1003.0,36780
1767943800,1002.95,1003.85,1002.8,1003.8,37158
1767944100,1003.6,1003.8,1001.95,1003.0,94493
1767944400,1003.05,1003.3,1002.7,1002.85,45517
1767944700,1002.7,1003.1,1001.6,1001.9,78906
1767945000,1001.9,1002.45,1001.55,1001.8,28163
1767945300,1001.8,1002.2,1000.6,1000.8,93032
1767945600,1000.95,1000.95,999.5,1000.0,95517
1767945900,1000.15,1001.5,999.8,1000.65,68615
1767946200,1000.65,1001.1,999.2,999.6,53005
1767946500,999.55,999.85,996.8,998.1,176363
1767946800,997.7,998.85,997.4,998.5,39730
1767947100,998.45,1000.8,998.3,1000.5,68644
1767947400,1000.7,1000.75,998.4,998.4,62028
1767947700,998.4,999.4,998.2,999.25,53503
1767948000,999.25,999.25,997.95,998.5,74841
1767948300,998.7,999.25,997.0,997.2,71409
1767948600,997.45,997.65,996.0,996.6,63068
1767948900,996.6,997.6,996.5,996.65,43345
1767949200,996.65,996.85,994.95,996.3,140910
1767949500,996.3,997.85,996.0,997.05,95177
1767949800,997.05,998.4,996.4,998.15,87355
1767950100,998.15,998.9,997.65,998.4,48842
1767950400,998.35,998.9,997.75,998.7,40883
1767950700,998.9,999.9,998.7,999.45,65382
1767951000,999.7,1000.5,999.0,1000.0,165626
1767951300,1000.0,1001.35,999.85,1000.8,145391
1767951600,1000.95,1001.35,1000.1,1001.25,108670
1767951900,1001.05,1001.25,1000.0,1000.35,164560
1767952200,1000.3,1001.35,1000.15,1001.15,180404
1767952500,1001.25,1001.35,1000.05,1000.05,149311
1768189500,1008.0,1011.0,1001.65,1002.5,332055
1768189800,1002.7,1002.7,998.05,999.35,249822
1768190100,999.25,1000.9,999.0,999.7,123697
1768190400,999.7,1002.1,999.1,1001.5,121221
1768190700,1001.6,1002.7,1000.0,1000.75,140538
1768191000,1000.75,1000.75,998.0,998.75,135663
1768191300,998.6,1000.45,997.5,999.95,195930
1768191600,1000.3,1002.35,999.45,1001.2,115559
1768191900,1001.2,1001.5,997.2,997.95,114784
1768192200,997.5,998.95,997.0,998.65,144537
1768192500,998.85,999.7,998.25,999.05,91337
1768192800,999.25,999.3,997.35,997.6,65018
1768193100,997.85,1000.0,997.5,1000.0,49394
1768193400,999.9,1000.95,999.4,1000.7,67005
1768193700,1000.7,1000.95,999.7,1000.05,50157
1768194000,1000.2,1000.45,998.05,998.05,76892
1768194300,998.5,998.8,996.0,996.5,101132
1768194600,996.5,998.7,996.4,998.4,60816
1768194900,998.3,999.85,997.45,999.65,44788
1768195200,999.75,1000.35,999.3,999.35,47942
1768195500,999.45,1000.3,999.35,1000.0,21331
1768195800,1000.05,1001.0,999.95,1000.5,44226
1768196100,1000.35,1000.6,999.75,1000.4,32218
1768196400,1000.1,1000.35,999.35,999.55,33839
1768196700,999.8,999.8,998.15,998.9,50771
1768197000,998.95,999.0,998.1,998.8,43462
1768197300,998.8,1000.15,998.65,999.25,84814
1768197600,999.05,999.4,997.4,997.85,95222
1768197900,997.85,999.4,997.7,998.8,73697
1768198200,998.9,999.35,998.05,998.25,55526
1768198500,998.5,999.8,997.6,999.8,55430
1768198800,999.8,999.85,998.4,999.2,57172
1768199100,999.05,1000.0,998.65,999.1,69451
1768199400,999.1,999.95,998.3,998.8,69100
1768199700,998.8,999.75,998.45,999.3,63295
1768200000,999.3,1002.0,998.9,1001.95,102591
1768200300,1001.65,1002.65,1000.45,1002.25,64796
1768200600,1002.35,1006.0,1002.3,1003.65,168682
1768200900,1003.7,1005.0,1001.0,1003.15,330925
1768201200,1003.15,1005.9,1001.3,1005.7,220597
1768201500,1005.7,1006.9,1005.0,1006.65,89099
1768201800,1006.85,1009.35,1006.0,1008.15,145451
1768202100,1008.0,1009.1,1007.0,1007.0,66116
1768202400,1007.4,1008.3,1007.1,1008.15,51477
1768202700,1008.15,1009.15,1007.45,1008.0,58081
1768203000,1008.0,1008.0,1006.1,1007.5,51594
1768203300,1007.5,1008.9,1007.4,1008.65,45208
1768203600,1008.65,1010.0,1008.35,1009.95,65079
1768203900,1010.0,1010.6,1009.15,1009.5,98368
1768204200,1009.45,1009.5,1008.35,1009.0,45944
1768204500,1008.95,1008.95,1007.5,1007.55,54607
1768204800,1007.5,1010.0,1007.2,1010.0,62595
1768205100,1009.95,1010.95,1009.15,1009.95,80167
1768205400,1009.95,1010.85,1009.35,1009.9,66795
1768205700,1009.95,1010.45,1009.45,1009.5,58125
1768206000,1009.95,1010.75,1009.3,1010.6,63672
1768206300,1010.5,1012.0,1010.2,1011.8,133907
1768206600,1011.8,1011.95,1010.45,1011.2,92487
1768206900,1011.05,1012.8,1010.55,1012.65,72722
1768207200,1012.7,1013.1,1012.0,1012.25,82032
1768207500,1012.25,1012.95,1012.0,1012.55,68775
1768207800,1012.55,1014.95,1012.25,1014.8,127764
1768208100,1014.8,1015.65,1013.5,1014.0,127455
1768208400,1014.35,1014.95,1013.75,1014.2,83504
1768208700,1014.3,1014.7,1012.3,1014.2,108340
1768209000,1014.05,1014.9,1013.55,1014.6,76569
1768209300,1014.6,1014.9,1014.15,1014.65,71086
1768209600,1014.65,1016.0,1014.6,1015.45,125702
1768209900,1015.65,1017.25,1015.3,1016.6,140692
1768210200,1016.55,1016.6,1014.55,1015.6,177668
1768210500,1015.6,1016.0,1015.25,1015.65,186018
1768210800,1015.7,1015.75,1014.5,1015.05,185692
1768211100,1014.8,1015.9,1014.8,1015.25,196654
1768211400,1015.2,1015.4,1013.65,1014.95,189691
1768211700,1014.95,1015.5,1013.7,1014.5,182423
1768275900,1022.8,1022.8,1016.0,1021.4,707729
1768276200,1021.45,1026.9,1021.05,1026.25,442092
1768276500,1026.25,1027.5,1024.25,1024.6,272334
1768276800,1024.5,1025.75,1022.0,1022.55,232971
1768277100,1022.4,1024.6,1022.4,1023.5,146916
1768277400,1023.3,1025.75,1022.55,1025.5,177980
1768277700,1025.7,1026.0,1024.35,1024.5,324317
1768278000,1024.4,1025.9,1024.0,1024.15,82594
1768278300,1024.05,1024.25,1022.4,1023.4,87991
1768278600,1023.3,1023.9,1022.8,1023.85,55617
1768278900,1023.55,1023.9,1022.05,1022.05,79076
1768279200,1021.85,1023.4,1021.75,1022.4,107329
1768279500,1022.45,1024.0,1022.35,1023.6,68986
1768279800,1023.6,1025.8,1023.55,1024.55,169255
1768280100,1024.5,1025.4,1024.0,1025.0,85869
1768280400,1025.05,1026.0,1024.45,1024.55,118242
1768280700,1024.55,1025.6,1023.2,1023.25,65883
1768281000,1022.55,1023.8,1022.3,1023.75,65811
1768281300,1023.5,1024.9,1023.05,1024.8,51855
1768281600,1024.7,1025.3,1023.9,1024.45,73854
1768281900,1024.25,1025.5,1024.15,1025.15,70151
1768282200,1025.15,1026.0,1025.0,1025.85,74385
1768282500,1025.8,1025.9,1024.6,1024.75,68936
1768282800,1024.7,1025.5,1024.3,1024.65,95574
1768283100,1024.55,1024.9,1023.7,1024.1,48172
1768283400,1024.05,1025.0,1023.9,1024.4,43213
1768283700,1024.25,1024.65,1023.1,1024.3,56537
1768284000,1024.25,1024.25,1022.95,1023.15,180417
1768284300,1023.1,1024.15,1022.3,1024.15,109586
1768284600,1024.25,1024.7,1023.95,1024.25,46443
1768284900,1024.4,1025.0,1024.05,1024.7,92632
1768285200,1024.45,1024.8,1023.3,1023.85,68696
1768285500,1023.65,1024.6,1023.5,1024.15,36505
1768285800,1024.2,1024.3,1023.2,1023.85,73948
1768286100,1024.0,1024.5,1023.45,1024.5,56056
1768286400,1024.5,1024.95,1023.0,1023.45,85832
1768286700,1023.4,1024.7,1023.15,1024.25,57996
1768287000,1024.35,1024.5,1023.25,1024.0,94657
1768287300,1023.9,1025.65,1023.9,1025.55,115585
1768287600,1025.55,1025.65,1025.1,1025.35,97181
1768287900,1025.25,1025.5,1024.75,1025.3,77762
1768288200,1025.35,1025.45,1024.6,1025.15,87164
1768288500,1025.1,1025.15,1023.95,1024.05,103557
1768288800,1024.0,1024.2,1022.15,1022.6,139567
1768289100,1022.65,1022.8,1021.0,1021.65,129706
1768289400,1021.6,1023.45,1020.9,1023.25,113395
1768289700,1023.2,1024.0,1022.8,1023.7,75199
1768290000,1023.85,1024.55,1023.35,1023.7,100249
1768290300,1023.65,1023.8,1022.2,1023.1,125516
1768290600,1023.1,1024.35,1022.85,1024.25,77410
1768290900,1024.05,1025.0,1023.6,1024.25,97143
1768291200,1024.0,1024.35,1023.4,1024.25,85827
1768291500,1024.2,1024.6,1023.6,1024.4,90018
1768291800,1024.35,1024.55,1023.0,1024.4,103725
1768292100,1024.35,1024.75,1023.65,1024.35,122725
1768292400,1024.3,1025.5,1024.25,1025.15,110633
1768292700,1025.1,1025.2,1024.5,1025.2,75851
1768293000,1025.1,1025.2,1024.5,1024.85,145062
1768293300,1024.65,1025.25,1024.5,1025.2,112261
1768293600,1025.1,1025.25,1024.45,1025.15,135990
1768293900,1025.15,1026.0,1024.4,1025.5,172475
1768294200,1025.3,1025.9,1025.1,1025.7,130397
1768294500,1025.55,1026.85,1025.15,1025.25,217716
1768294800,1025.2,1027.25,1025.15,1026.45,215739
1768295100,1026.85,1026.9,1026.1,1026.65,281029
1768295400,1026.35,1028.5,1025.75,1028.25,342433
1768295700,1028.25,1029.0,1027.75,1028.05,191985
1768296000,1028.05,1029.3,1027.5,1028.3,190450
1768296300,1028.05,1028.65,1026.7,1027.6,217593
1768296600,1028.0,1029.0,1027.6,1028.0,262297
1768296900,1028.0,1029.5,1027.95,1028.65,340084
1768297200,1028.6,1029.0,1027.95,1028.0,321296
1768297500,1027.95,1028.7,1027.85,1028.4,339084
1768297800,1028.15,1029.0,1027.8,1028.8,383327
1768298100,1028.6,1029.3,1027.85,1028.5,274754
1768362300,1030.0,1030.0,1025.0,1025.65,253141
1768362600,1025.65,1027.95,1025.0,1025.7,97468
1768362900,1025.7,1026.85,1025.55,1026.05,56574
1768363200,1026.0,1026.75,1025.2,1025.5,53053
1768363500,1025.45,1026.5,1024.3,1026.3,114047
1768363800,1026.3,1027.0,1024.15,1024.85,71194
1768364100,1024.85,1026.5,1024.5,1025.75,43881
1768364400,1025.9,1026.3,1025.05,1025.8,41237
1768364700,1025.45,1026.2,1024.7,1025.85,41577
1768365000,1025.8,1026.2,1025.0,1025.2,43433
1768365300,1025.2,1025.55,1025.0,1025.05,64709
1768365600,1025.05,1025.9,1024.9,1025.15,48725
1768365900,1025.25,1025.35,1021.8,1022.6,152745
1768366200,1022.75,1023.3,1022.25,1022.9,63653
1768366500,1022.9,1025.35,1022.2,1025.25,65475
1768366800,1025.3,1025.3,1024.25,1024.75,39966
1768367100,1024.75,1025.6,1024.2,1024.4,54539
1768367400,1024.4,1024.4,1021.5,1022.0,127388
1768367700,1022.0,1022.65,1021.2,1021.4,65797
1768368000,1021.45,1023.0,1021.4,1023.0,64035
1768368300,1023.0,1025.0,1022.1,1025.0,90343
1768368600,1025.0,1026.9,1024.6,1026.35,85396
1768368900,1026.35,1026.7,1025.6,1026.2,104751
1768369200,1026.2,1027.45,1026.15,1026.85,69070
1768369500,1027.1,1027.45,1026.5,1027.3,35874
1768369800,1027.3,1028.0,1025.65,1025.95,171726
1768370100,1025.95,1026.35,1024.8,1025.75,140701
1768370400,1025.8,1026.0,1024.0,1024.9,52153
1768370700,1025.05,1025.25,1023.95,1024.1,69432
1768371000,1024.15,1024.7,1022.85,1023.0,55668
1768371300,1022.95,1024.45,1022.95,1023.5,47124
1768371600,1023.5,1024.35,1023.0,1023.35,66597
1768371900,1023.3,1023.7,1022.65,1023.45,42095
1768372200,1023.45,1024.45,1022.8,1024.05,112626
1768372500,1024.1,1024.1,1022.2,1022.2,101954
1768372800,1022.45,1023.0,1021.6,1022.15,79691
1768373100,1022.15,1023.0,1020.5,1022.95,73447
1768373400,1022.95,1023.45,1022.6,1022.9,63401
1768373700,1022.95,1023.0,1022.1,1022.5,38553
1768374000,1022.55,1023.0,1022.5,1022.75,31775
1768374300,1022.9,1023.55,1022.7,1023.2,91455
1768374600,1023.4,1023.65,1022.2,1022.35,47723
1768374900,1022.3,1023.5,1022.2,1023.15,70197
1768375200,1023.15,1024.25,1023.1,1023.45,43699
1768375500,1023.65,1024.4,1023.3,1024.3,34182
1768375800,1024.35,1025.1,1024.0,1024.9,55684
1768376100,1024.95,1026.0,1024.65,1025.85,83951
1768376400,1025.85,1026.55,1025.0,1025.6,314436
1768376700,1025.75,1030.4,1025.6,1027.0,383365
1768377000,1027.0,1028.85,1025.95,1027.8,480905
1768377300,1027.85,1029.4,1027.0,1028.5,94078
1768377600,1028.5,1028.5,1025.05,1025.7,95788
1768377900,1025.7,1026.95,1025.2,1025.3,62010
1768378200,1025.25,1027.4,1025.25,1026.5,47157
1768378500,1026.45,1027.2,1026.0,1026.75,36329
1768378800,1026.75,1027.1,1025.0,1025.2,39532
1768379100,1025.2,1025.4,1024.05,1025.0,54264
1768379400,1025.2,1026.9,1025.0,1025.6,46648
1768379700,1025.6,1026.15,1025.05,1025.6,34497
1768380000,1025.85,1026.6,1025.0,1026.45,40982
1768380300,1026.4,1027.3,1025.8,1026.5,56525
1768380600,1026.5,1026.95,1025.25,1026.15,114369
1768380900,1026.15,1027.55,1025.65,1026.5,100662
1768381200,1026.5,1027.5,1025.75,1027.2,73036
1768381500,1027.4,1027.75,1026.55,1027.0,86460
1768381800,1027.2,1027.3,1026.2,1026.65,108430
1768382100,1027.0,1027.95,1026.65,1027.5,140389
1768382400,1027.5,1028.5,1027.0,1027.5,89614
1768382700,1027.5,1028.5,1026.5,1028.45,85251
1768383000,1028.35,1028.35,1026.85,1027.55,132769
1768383300,1027.55,1028.4,1026.75,1028.25,247197
1768383600,1028.25,1029.25,1028.0,1028.7,272699
1768383900,1028.75,1029.0,1028.0,1028.55,155735
1768384200,1028.7,1029.35,1028.0,1028.65,216794
1768384500,1029.05,1030.0,1028.6,1030.0,175345
1768535100,1032.0,1034.7,1029.15,1032.15,308744
1768535400,1032.25,1032.3,1029.55,1030.85,159736
1768535700,1031.35,1033.0,1031.0,1031.4,111445
1768536000,1031.55,1031.55,1028.4,1028.8,147052
1768536300,1029.0,1032.5,1028.7,1031.4,133327
1768536600,1031.45,1034.7,1030.9,1034.35,157909
1768536900,1034.35,1036.0,1033.7,1035.0,213355
1768537200,1035.45,1036.9,1033.25,1033.6,161474
1768537500,1033.5,1034.3,1033.0,1033.85,131269
1768537800,1033.9,1037.9,1033.9,1037.2,655699
1768538100,1037.3,1037.45,1034.0,1034.45,195804
1768538400,1034.45,1034.9,1033.05,1033.7,176463
1768538700,1033.75,1035.8,1033.7,1035.1,170743
1768539000,1035.15,1037.95,1034.85,1037.55,100063
1768539300,1037.55,1039.0,1036.95,1038.7,133068
1768539600,1038.65,1039.95,1038.5,1039.1,146733
1768539900,1039.0,1039.75,1038.5,1039.75,105477
1768540200,1039.75,1039.85,1037.8,1038.75,133807
1768540500,1038.75,1040.6,1038.2,1040.25,218443
1768540800,1040.2,1041.5,1039.65,1040.3,98048
1768541100,1040.4,1041.0,1039.5,1039.8,86795
1768541400,1039.8,1041.0,1039.7,1040.8,89873
1768541700,1040.6,1044.5,1040.6,1043.45,222388
1768542000,1043.25,1043.8,1042.1,1042.65,181896
1768542300,1042.65,1043.5,1042.1,1043.15,74723
1768542600,1043.0,1044.5,1042.65,1044.4,109986
1768542900,1044.4,1045.0,1044.1,1044.7,220052
1768543200,1044.95,1047.35,1044.7,1045.05,216717
1768543500,1045.2,1047.45,1045.2,1045.2,129795
1768543800,1045.2,1045.6,1043.7,1044.2,74059
1768544100,1044.2,1044.65,1042.3,1043.25,97229
1768544400,1043.25,1044.35,1042.65,1043.55,163401
1768544700,1043.5,1044.7,1043.0,1043.35,119911
1768545000,1043.25,1044.9,1043.25,1044.6,76400
1768545300,1044.55,1045.0,1043.5,1044.0,133338
1768545600,1043.95,1043.95,1042.05,1042.35,152621
1768545900,1042.45,1042.5,1041.15,1041.2,69961
1768546200,1041.2,1043.0,1041.15,1042.05,60657
1768546500,1042.0,1042.35,1039.5,1040.4,113457
1768546800,1040.25,1042.25,1039.6,1041.95,94070
1768547100,1041.95,1042.35,1041.3,1041.65,60955
1768547400,1041.9,1042.5,1041.55,1041.95,101183
1768547700,1041.9,1042.25,1041.35,1041.7,52044
1768548000,1041.7,1041.75,1040.4,1040.95,79897
1768548300,1040.95,1041.35,1040.75,1041.1,66172
1768548600,1041.1,1041.7,1040.35,1040.8,70300
1768548900,1040.8,1041.7,1040.75,1041.0,66866
1768549200,1040.95,1041.1,1040.0,1040.7,83920
1768549500,1040.9,1042.05,1040.75,1041.15,131280
1768549800,1041.15,1041.6,1040.35,1040.7,75920
1768550100,1040.6,1040.75,1039.1,1040.0,124557
1768550400,1039.95,1041.35,1039.35,1040.2,88672
1768550700,1040.15,1040.5,1039.0,1039.65,86791
1768551000,1039.75,1041.05,1039.0,1040.5,122694
1768551300,1040.5,1040.55,1039.0,1039.1,73325
1768551600,1039.3,1039.8,1038.55,1038.55,67579
1768551900,1038.6,1039.6,1038.5,1038.7,76372
1768552200,1038.95,1039.0,1038.3,1038.6,110395
1768552500,1038.6,1040.4,1038.0,1039.0,258898
1768552800,1039.0,1039.5,1038.6,1038.85,97966
1768553100,1038.9,1039.7,1038.7,1039.7,100064
1768553400,1039.75,1040.45,1039.3,1039.7,101773
1768553700,1039.6,1040.5,1038.1,1038.35,134609
1768554000,1038.35,1038.8,1037.45,1038.5,98717
1768554300,1038.5,1041.25,1038.35,1040.7,196807
1768554600,1040.85,1041.25,1040.1,1040.7,140791
1768554900,1040.75,1041.3,1040.05,1040.9,153423
1768555200,1040.9,1041.5,1040.0,1041.3,142714
1768555500,1041.3,1042.4,1041.0,1041.45,176572
1768555800,1041.1,1042.3,1040.6,1042.1,226942
1768556100,1042.2,1043.5,1042.1,1043.4,233643
1768556400,1043.5,1044.0,1042.0,1042.1,298348
1768556700,1042.05,1043.1,1042.05,1042.55,266271
1768557000,1042.45,1043.0,1041.8,1042.8,291428
1768557300,1042.95,1043.0,1038.75,1040.6,364289
1768794300,1035.0,1042.3,1034.15,1040.4,183401
1768794600,1040.7,1040.8,1038.65,1040.5,85953
1768794900,1040.5,1041.0,1038.8,1038.8,67151
1768795200,1039.0,1039.9,1038.1,1039.0,53080
1768795500,1039.0,1041.85,1038.6,1040.55,153116
1768795800,1040.55,1040.55,1038.7,1038.85,60214
1768796100,1038.75,1039.05,1036.3,1036.45,62376
1768796400,1036.45,1037.65,1034.75,1035.25,93857
1768796700,1035.0,1035.95,1034.8,1035.0,41084
1768797000,1035.0,1035.4,1034.0,1035.05,56953
1768797300,1035.2,1038.4,1035.05,1038.4,86550
1768797600,1038.7,1039.0,1037.1,1038.9,48360
1768797900,1038.9,1040.7,1038.4,1040.5,39191
1768798200,1040.5,1040.9,1039.5,1040.75,51286
1768798500,1040.75,1041.5,1039.75,1041.5,55070
1768798800,1041.45,1043.6,1041.45,1042.85,94913
1768799100,1042.85,1043.4,1041.65,1041.65,67217
1768799400,1041.5,1042.9,1041.0,1042.1,52187
1768799700,1042.1,1042.25,1039.5,1039.95,290069
1768800000,1039.95,1041.6,1039.8,1041.15,86777
1768800300,1041.15,1041.55,1039.45,1040.6,41752
1768800600,1040.6,1041.9,1040.2,1041.45,32953
1768800900,1041.45,1041.8,1040.4,1041.1,50510
1768801200,1041.1,1041.7,1041.0,1041.6,52454
1768801500,1041.6,1042.0,1040.65,1042.0,106564
1768801800,1042.0,1042.5,1040.5,1041.95,56239
1768802100,1041.95,1041.95,1040.7,1041.25,54667
1768802400,1041.0,1041.9,1041.0,1041.75,51171
1768802700,1041.75,1042.1,1041.15,1041.8,78544
1768803000,1041.8,1041.8,1039.4,1039.8,47753
1768803300,1039.8,1040.0,1038.55,1039.9,54574
1768803600,1039.9,1039.9,1038.2,1038.95,51652
1768803900,1038.95,1038.95,1037.5,1038.1,58774
1768804200,1038.1,1038.35,1037.3,1037.65,133893
1768804500,1038.05,1039.0,1037.65,1038.3,50457
1768804800,1038.3,1040.0,1037.9,1039.9,44511
1768805100,1039.9,1041.45,1039.4,1040.7,69670
1768805400,1040.7,1041.45,1040.0,1040.9,34664
1768805700,1040.9,1041.0,1039.7,1040.75,56394
1768806000,1040.75,1041.25,1040.0,1041.0,38215
1768806300,1041.0,1041.45,1040.1,1041.0,71008
1768806600,1041.0,1041.5,1040.1,1040.45,91565
1768806900,1040.45,1040.45,1038.95,1039.6,44806
1768807200,1039.6,1041.0,1038.8,1040.0,41049
1768807500,1040.0,1040.5,1039.0,1039.95,47093
1768807800,1039.9,1040.0,1039.15,1039.35,37636
1768808100,1039.35,1040.55,1039.15,1039.8,72463
1768808400,1039.65,1040.35,1039.25,1040.1,52315
1768808700,1040.1,1040.1,1039.6,1040.0,52753
1768809000,1040.0,1040.65,1039.85,1039.95,44038
1768809300,1039.95,1040.05,1039.3,1039.7,41359
1768809600,1039.7,1040.0,1038.2,1038.8,48170
1768809900,1038.4,1038.8,1037.75,1038.05,67922
1768810200,1037.8,1039.95,1037.8,1039.75,54869
1768810500,1039.75,1040.7,1039.2,1040.35,57968
1768810800,1040.3,1041.35,1038.4,1039.2,98645
1768811100,1039.2,1040.05,1038.05,1039.6,139362
1768811400,1039.6,1040.45,1038.9,1039.55,51673
1768811700,1039.55,1040.7,1038.6,1040.65,67349
1768812000,1040.5,1040.75,1039.8,1040.4,104963
1768812300,1040.05,1041.0,1039.5,1041.0,122850
1768812600,1041.1,1041.5,1040.4,1040.95,50309
1768812900,1040.95,1041.0,1039.2,1040.25,74863
1768813200,1040.3,1040.9,1039.75,1039.75,47276
1768813500,1040.0,1040.0,1038.1,1038.7,44065
1768813800,1038.7,1039.35,1038.25,1039.25,38803
1768814100,1039.25,1039.75,1038.65,1038.95,54386
1768814400,1038.95,1039.75,1038.3,1039.6,51834
1768814700,1039.5,1040.0,1038.55,1039.7,121274
1768815000,1039.7,1040.0,1038.0,1038.45,130076
1768815300,1038.45,1039.0,1037.85,1038.55,96427
1768815600,1038.55,1039.0,1037.75,1038.25,88444
1768815900,1038.3,1038.6,1037.75,1037.75,62963
1768816200,1038.0,1038.8,1037.05,1038.65,141048
1768816500,1038.5,1038.65,1037.1,1038.5,90173
1768880700,1039.75,1052.0,1039.0,1049.8,400151
1768881000,1049.65,1050.95,1048.0,1048.25,165591
1768881300,1048.5,1049.9,1047.05,1048.95,172725
1768881600,1049.15,1050.15,1047.25,1047.75,169766
1768881900,1047.5,1048.0,1044.4,1045.2,138913
1768882200,1044.8,1045.4,1042.2,1043.1,140152
1768882500,1043.1,1043.75,1042.05,1043.0,74789
1768882800,1043.0,1044.95,1042.8,1043.55,89047
1768883100,1043.55,1045.4,1043.4,1044.0,90765
1768883400,1044.4,1045.5,1042.0,1045.5,129148
1768883700,1045.45,1045.75,1043.25,1044.0,82137
1768884000,1044.1,1045.45,1041.5,1042.2,115309
1768884300,1042.2,1043.25,1041.15,1042.4,84834
1768884600,1042.4,1042.9,1040.5,1042.4,68758
1768884900,1042.35,1043.15,1039.6,1040.7,151536
1768885200,1040.7,1041.0,1039.75,1040.25,70096
1768885500,1040.25,1041.25,1038.1,1040.05,177857
1768885800,1039.95,1041.1,1039.5,1040.55,64732
1768886100,1040.6,1042.4,1040.0,1042.2,60211
1768886400,1042.2,1042.45,1041.05,1041.7,46435
1768886700,1041.6,1041.9,1039.85,1041.0,71111
1768887000,1041.05,1041.2,1039.45,1040.1,54390
1768887300,1040.15,1040.4,1039.5,1039.9,51864
1768887600,1039.85,1040.0,1038.95,1039.0,63635
1768887900,1039.0,1040.0,1038.1,1038.9,57704
1768888200,1038.85,1040.0,1038.5,1039.8,54877
1768888500,1039.75,1040.0,1039.05,1039.6,47075
1768888800,1039.8,1041.6,1039.35,1041.2,81819
1768889100,1041.25,1042.0,1040.65,1041.5,59036
1768889400,1041.35,1041.5,1040.05,1040.55,61262
1768889700,1040.5,1041.8,1040.05,1041.8,41917
1768890000,1041.75,1042.25,1041.35,1041.7,76614
1768890300,1041.65,1042.25,1041.15,1041.65,54976
1768890600,1041.6,1041.95,1040.3,1040.45,56666
1768890900,1040.5,1040.85,1039.5,1039.65,87975
1768891200,1039.7,1040.9,1039.0,1040.7,70987
1768891500,1040.85,1040.95,1039.0,1039.3,80553
1768891800,1039.3,1039.7,1037.4,1038.65,78711
1768892100,1038.75,1039.55,1037.8,1038.95,60516
1768892400,1038.95,1039.1,1037.95,1038.15,59184
1768892700,1038.05,1038.85,1037.75,1038.5,51022
1768893000,1038.5,1038.75,1038.1,1038.35,75931
1768893300,1038.35,1039.0,1037.8,1039.0,59755
1768893600,1039.0,1040.85,1038.85,1040.35,102369
1768893900,1040.65,1040.7,1039.55,1040.4,83365
1768894200,1040.35,1040.45,1039.1,1040.15,69752
1768894500,1040.1,1040.55,1039.9,1040.15,49699
1768894800,1040.15,1040.7,1039.9,1039.95,41787
1768895100,1039.8,1039.9,1039.1,1039.5,49787
1768895400,1039.45,1040.8,1039.45,1040.6,139353
1768895700,1040.75,1041.05,1039.2,1039.5,73354
1768896000,1039.5,1039.5,1038.3,1038.7,51217
1768896300,1038.7,1039.7,1038.4,1038.6,60853
1768896600,1038.6,1038.6,1037.0,1037.5,111303
1768896900,1037.35,1038.65,1037.3,1038.6,54197
1768897200,1038.65,1039.8,1038.0,1039.4,82080
1768897500,1039.4,1039.85,1038.3,1039.05,198994
1768897800,1038.85,1039.8,1037.9,1039.0,138474
1768898100,1039.0,1039.55,1038.5,1039.3,100262
1768898400,1039.3,1040.0,1038.95,1039.85,172815
1768898700,1039.9,1040.8,1039.7,1040.2,210275
1768899000,1040.15,1040.75,1040.0,1040.25,112240
1768899300,1040.5,1041.7,1040.2,1041.55,137920
1768899600,1041.55,1041.95,1040.25,1040.3,128005
1768899900,1040.3,1040.5,1039.3,1039.3,128412
1768900200,1039.35,1039.8,1038.1,1039.75,172795
1768900500,1039.7,1040.8,1039.1,1040.55,111372
1768900800,1040.5,1040.7,1040.0,1040.5,115871
1768901100,1040.5,1040.9,1039.6,1040.0,160702
1768901400,1040.0,1040.3,1038.3,1038.75,300016
1768901700,1038.75,1039.15,1037.4,1037.75,391794
1768902000,1037.65,1037.7,1035.5,1035.5,449538
1768902300,1035.65,1036.35,1034.05,1034.95,415219
1768902600,1034.65,1034.9,1033.5,1034.35,285971
1768902900,1034.3,1035.45,1033.05,1033.8,239133
1768967100,1032.0,1038.5,1031.4,1035.75,249507
1768967400,1035.45,1035.5,1032.0,1034.45,182045
1768967700,1034.45,1036.75,1034.45,1035.8,67237
1768968000,1035.5,1036.7,1035.05,1036.45,56500
1768968300,1036.9,1037.3,1035.4,1035.9,50895
1768968600,1036.0,1038.0,1035.85,1037.5,48131
1768968900,1037.7,1038.45,1036.0,1038.3,49401
1768969200,1038.3,1039.6,1037.6,1038.7,68799
1768969500,1038.55,1040.6,1038.0,1038.7,88988
1768969800,1038.7,1039.05,1037.3,1038.25,72792
1768970100,1038.3,1039.0,1036.45,1036.95,77726
1768970400,1036.95,1038.4,1036.55,1036.9,60941
1768970700,1036.95,1037.05,1036.1,1036.4,77679
1768971000,1036.4,1037.0,1034.15,1034.45,92354
1768971300,1034.5,1036.0,1034.45,1035.4,53722
1768971600,1035.3,1035.7,1034.7,1035.25,82926
1768971900,1035.3,1035.5,1033.75,1033.8,78284
1768972200,1033.95,1033.95,1030.65,1031.5,121201
1768972500,1031.5,1032.0,1029.05,1029.3,103193
1768972800,1029.05,1029.4,1025.5,1025.9,145185
1768973100,1025.9,1028.95,1022.0,1027.35,150224
1768973400,1027.7,1028.4,1026.5,1027.2,125618
1768973700,1027.2,1027.8,1025.75,1027.25,115674
1768974000,1027.3,1029.7,1027.0,1027.5,96682
1768974300,1027.5,1028.5,1026.0,1028.1,134996
1768974600,1028.1,1028.45,1026.7,1027.3,57985
1768974900,1027.2,1027.35,1025.3,1026.2,72547
1768975200,1026.25,1027.9,1025.1,1025.4,88063
1768975500,1025.4,1026.6,1025.3,1025.4,89574
1768975800,1025.4,1026.2,1025.2,1025.75,53822
1768976100,1025.75,1027.3,1025.5,1026.25,78136
1768976400,1026.25,1027.0,1025.6,1026.45,61836
1768976700,1026.5,1026.8,1024.65,1026.1,105815
1768977000,1026.1,1028.2,1025.6,1028.0,93567
1768977300,1028.2,1028.65,1027.35,1027.45,65189
1768977600,1027.4,1028.0,1026.6,1027.85,81706
1768977900,1027.8,1029.4,1027.8,1028.45,78344
1768978200,1028.5,1030.0,1027.9,1029.35,82941
1768978500,1029.35,1029.45,1026.65,1027.3,82634
1768978800,1027.05,1030.0,1027.05,1029.65,118998
1768979100,1029.7,1030.4,1029.05,1029.35,70014
1768979400,1029.45,1030.9,1029.35,1029.7,103864
1768979700,1029.7,1033.5,1029.7,1032.5,122676
1768980000,1032.5,1032.5,1031.55,1031.8,107649
1768980300,1031.85,1032.35,1030.3,1032.1,104829
1768980600,1032.15,1033.7,1032.15,1033.0,88348
1768980900,1032.95,1033.15,1030.7,1030.85,80605
1768981200,1030.75,1030.8,1029.0,1030.0,88563
1768981500,1030.3,1030.8,1029.1,1029.7,91235
1768981800,1029.8,1030.7,1029.6,1030.2,60995
1768982100,1030.2,1030.85,1029.75,1030.1,76393
1768982400,1030.05,1030.8,1028.6,1029.45,64605
1768982700,1029.45,1031.05,1028.7,1029.65,72035
1768983000,1029.7,1029.7,1028.3,1028.6,65558
1768983300,1028.6,1029.0,1027.2,1028.1,126230
1768983600,1028.1,1028.6,1027.15,1028.0,66533
1768983900,1027.85,1028.05,1027.2,1027.2,54332
1768984200,1027.35,1027.4,1025.9,1026.4,78639
1768984500,1026.45,1026.8,1025.2,1026.1,140411
1768984800,1026.1,1027.85,1025.85,1026.9,67312
1768985100,1026.85,1029.0,1026.55,1028.5,66622
1768985400,1028.6,1029.0,1027.3,1027.55,68003
1768985700,1027.5,1027.6,1026.25,1026.85,65255
1768986000,1026.65,1027.85,1026.5,1027.45,78044
1768986300,1027.4,1027.8,1027.1,1027.3,75128
1768986600,1027.3,1028.5,1027.1,1027.9,101017
1768986900,1027.9,1028.7,1027.65,1028.5,206199
1768987200,1028.45,1029.35,1027.95,1028.95,153936
1768987500,1028.95,1028.95,1027.6,1027.9,99544
1768987800,1027.75,1028.8,1027.7,1028.8,127152
1768988100,1028.8,1030.0,1028.6,1028.75,169912
1768988400,1028.9,1029.35,1027.95,1028.0,187449
1768988700,1028.05,1028.6,1027.9,1028.5,166940
1768989000,1028.5,1028.85,1028.0,1028.6,231305
1768989300,1028.6,1031.05,1028.5,1029.45,197049
1769053500,1035.0,1045.95,1034.05,1045.5,632514
1769053800,1045.35,1049.85,1045.1,1049.75,369369
1769054100,1049.55,1052.95,1049.0,1052.35,387066
1769054400,1052.05,1055.5,1051.8,1053.0,830677
1769054700,1053.25,1053.65,1049.4,1050.5,510116
1769055000,1050.5,1051.65,1049.2,1050.4,345990
1769055300,1050.0,1051.45,1048.25,1048.4,101367
1769055600,1048.35,1048.95,1046.7,1046.95,149269
1769055900,1046.95,1048.0,1045.85,1046.7,106461
1769056200,1046.7,1048.45,1046.65,1047.75,60467
1769056500,1048.0,1048.1,1047.45,1047.9,56438
1769056800,1047.8,1049.2,1047.5,1048.0,100910
1769057100,1048.0,1048.35,1046.4,1046.6,60058
1769057400,1046.6,1047.0,1045.55,1046.75,60291
1769057700,1046.85,1048.2,1046.75,1047.3,48437
1769058000,1047.3,1048.0,1044.5,1048.0,127670
1769058300,1048.0,1048.7,1047.25,1047.75,85324
1769058600,1047.6,1048.4,1047.25,1047.35,44830
1769058900,1047.35,1047.5,1046.45,1046.7,85663
1769059200,1046.65,1046.75,1044.5,1045.55,139279
1769059500,1045.45,1046.0,1042.75,1042.8,218411
1769059800,1042.75,1042.85,1041.5,1042.75,179402
1769060100,1042.8,1043.9,1041.65,1043.75,97721
1769060400,1043.75,1044.9,1043.1,1043.4,59428
1769060700,1043.35,1044.4,1042.8,1042.95,95814
1769061000,1043.0,1045.8,1042.9,1044.65,112138
1769061300,1044.9,1045.5,1043.7,1043.9,168345
1769061600,1043.85,1043.85,1042.5,1043.1,88679
1769061900,1043.15,1044.8,1043.05,1044.4,62742
1769062200,1044.4,1044.5,1042.9,1043.75,65508
1769062500,1043.75,1045.2,1042.85,1045.15,127068
1769062800,1045.05,1045.35,1044.1,1044.45,88979
1769063100,1044.4,1044.45,1043.4,1043.45,71908
1769063400,1043.5,1044.0,1043.3,1044.0,57809
1769063700,1044.0,1045.0,1043.75,1044.0,155843
1769064000,1043.95,1044.0,1043.0,1043.15,125278
1769064300,1043.05,1044.8,1042.5,1044.65,248064
1769064600,1044.65,1046.4,1044.35,1045.0,122123
1769064900,1045.0,1046.0,1044.95,1045.9,40107
1769065200,1045.9,1047.9,1045.8,1047.75,77643
1769065500,1047.8,1048.25,1044.95,1045.45,106644
1769065800,1045.45,1045.75,1044.15,1045.6,53007
1769066100,1045.6,1046.15,1045.5,1046.1,34219
1769066400,1046.1,1046.15,1044.65,1044.65,80436
1769066700,1044.65,1044.7,1043.8,1044.55,46996
1769067000,1044.6,1045.1,1043.05,1044.85,91041
1769067300,1045.0,1045.0,1044.25,1044.25,41471
1769067600,1044.4,1044.9,1043.9,1044.5,115892
1769067900,1044.45,1045.4,1044.4,1045.0,51568
1769068200,1045.3,1045.45,1043.95,1044.5,401824
1769068500,1044.25,1045.15,1043.95,1043.95,81268
1769068800,1044.0,1044.35,1043.5,1044.05,75236
1769069100,1044.15,1045.6,1043.8,1044.0,101231
1769069400,1043.95,1044.0,1043.5,1043.95,55336
1769069700,1044.0,1045.0,1043.7,1044.65,137317
1769070000,1044.65,1046.25,1044.65,1045.45,218130
1769070300,1045.1,1045.5,1043.85,1044.0,101476
1769070600,1044.0,1044.9,1043.95,1044.6,101291
1769070900,1044.4,1044.65,1043.4,1044.0,84787
1769071200,1044.0,1044.0,1043.4,1043.8,83400
1769071500,1043.75,1044.0,1042.95,1043.0,139756
1769071800,1043.0,1044.75,1042.95,1043.5,117673
1769072100,1043.45,1044.9,1042.95,1044.75,129819
1769072400,1044.75,1045.0,1044.0,1044.95,148383
1769072700,1044.95,1045.95,1044.35,1045.7,202547
1769073000,1045.7,1046.45,1045.0,1045.4,198867
1769073300,1045.4,1046.6,1045.0,1045.5,253538
1769073600,1045.5,1046.85,1044.85,1045.7,185004
1769073900,1045.85,1047.95,1045.4,1047.45,202246
1769074200,1047.45,1047.8,1045.9,1046.15,273722
1769074500,1046.55,1048.0,1045.7,1047.45,292575
1769074800,1047.35,1048.75,1047.0,1048.5,259954
1769075100,1048.45,1049.9,1048.2,1049.6,316210
1769075400,1049.55,1049.55,1048.7,1049.0,269282
1769075700,1048.85,1051.5,1048.55,1050.2,348894
1769139900,1051.9,1053.0,1044.5,1045.85,281331
1769140200,1045.85,1047.3,1045.2,1046.8,87716
1769140500,1046.7,1047.5,1045.3,1046.75,91354
1769140800,1047.0,1047.95,1046.25,1047.2,59586
1769141100,1047.25,1048.75,1046.25,1047.25,71264
1769141400,1047.25,1047.35,1044.1,1044.55,103350
1769141700,1044.75,1046.35,1044.1,1045.35,50350
1769142000,1045.35,1046.3,1045.1,1045.5,54735
1769142300,1045.5,1045.85,1044.4,1045.1,40609
1769142600,1045.35,1045.5,1043.55,1045.4,67263
1769142900,1045.55,1047.4,1045.5,1046.25,79771
1769143200,1046.5,1047.4,1046.1,1046.95,51375
1769143500,1046.8,1047.55,1046.75,1047.55,78407
1769143800,1047.55,1047.55,1046.75,1047.3,50952
1769144100,1047.3,1049.25,1046.95,1048.8,80028
1769144400,1048.9,1051.9,1048.9,1050.85,161186
1769144700,1050.85,1050.85,1048.3,1048.9,82655
1769145000,1048.85,1049.65,1048.05,1049.0,58067
1769145300,1048.9,1049.45,1048.1,1049.15,69201
1769145600,1049.15,1050.55,1048.75,1050.0,61548
1769145900,1049.95,1050.5,1049.0,1049.85,81897
1769146200,1049.95,1050.25,1049.3,1049.85,58372
1769146500,1049.65,1050.8,1049.65,1050.55,76258
1769146800,1050.8,1050.8,1050.0,1050.4,66287
1769147100,1050.55,1050.95,1049.25,1049.35,105334
1769147400,1049.35,1050.2,1049.35,1049.9,95562
1769147700,1050.2,1051.2,1049.9,1050.75,72202
1769148000,1050.7,1050.8,1049.05,1049.55,94972
1769148300,1049.55,1050.0,1049.05,1049.45,58250
1769148600,1049.35,1050.2,1048.8,1049.75,138265
1769148900,1049.75,1049.75,1047.65,1047.7,86332
1769149200,1047.6,1048.75,1047.25,1048.25,80113
1769149500,1048.15,1048.35,1045.65,1045.8,153209
1769149800,1045.9,1047.3,1045.4,1047.15,88099
1769150100,1047.15,1047.25,1045.6,1046.7,216587
1769150400,1046.55,1047.6,1046.35,1046.7,137404
1769150700,1046.75,1048.4,1046.0,1048.05,294141
1769151000,1048.1,1048.65,1046.55,1046.85,61289
1769151300,1046.6,1046.85,1045.5,1045.65,160376
1769151600,1045.65,1046.55,1045.15,1045.55,72008
1769151900,1045.7,1046.05,1045.1,1045.7,74262
1769152200,1045.7,1046.0,1045.3,1045.75,65100
1769152500,1045.75,1046.45,1045.3,1045.45,143411
1769152800,1045.45,1045.85,1045.15,1045.6,58882
1769153100,1045.6,1045.9,1044.8,1045.1,121992
1769153400,1044.85,1045.3,1044.0,1044.85,205234
1769153700,1044.7,1045.0,1041.25,1041.85,231369
1769154000,1041.8,1042.7,1041.8,1042.15,143970
1769154300,1042.05,1042.15,1040.1,1041.0,92051
1769154600,1040.8,1041.25,1039.3,1040.05,102033
1769154900,1040.05,1041.25,1038.65,1038.8,191987
1769155200,1038.8,1038.95,1036.45,1037.75,102472
1769155500,1038.0,1038.9,1037.85,1038.05,73792
1769155800,1038.0,1038.75,1037.45,1037.9,61723
1769156100,1037.75,1038.55,1037.3,1037.4,70820
1769156400,1037.4,1037.95,1036.35,1037.45,69044
1769156700,1037.45,1038.2,1036.05,1036.45,64358
1769157000,1036.5,1037.2,1035.65,1036.5,76143
1769157300,1036.5,1037.0,1035.0,1035.05,99824
1769157600,1035.0,1035.7,1033.55,1033.65,206839
1769157900,1033.6,1035.55,1031.9,1031.9,435983
1769158200,1031.85,1032.65,1030.0,1030.1,124388
1769158500,1030.15,1031.05,1029.25,1029.8,136239
1769158800,1029.65,1033.05,1029.6,1031.4,418992
1769159100,1031.3,1032.05,1029.6,1030.5,365244
1769159400,1030.35,1031.1,1029.7,1030.05,230580
1769159700,1030.1,1030.75,1029.2,1029.25,132518
1769160000,1029.3,1030.0,1028.0,1030.0,125385
1769160300,1030.0,1031.45,1029.65,1030.3,311138
1769160600,1030.15,1031.55,1029.1,1030.15,344347
1769160900,1029.95,1030.75,1029.5,1029.65,273754
1769161200,1029.8,1031.25,1029.2,1030.65,272827
1769161500,1030.7,1031.4,1029.7,1030.0,697296
1769161800,1029.9,1030.6,1027.45,1027.45,308802
1769162100,1027.4,1030.4,1025.6,1028.4,575600
1769485500,1034.1,1038.55,1032.55,1035.05,500694
1769485800,1035.0,1035.0,1030.25,1030.45,183515
1769486100,1030.95,1033.5,1030.8,1031.6,131628
1769486400,1032.0,1033.7,1031.45,1032.5,144050
1769486700,1032.2,1035.9,1031.8,1035.2,108775
1769487000,1035.15,1038.4,1034.5,1038.3,109613
1769487300,1038.55,1040.95,1038.15,1039.1,141479
1769487600,1039.05,1040.3,1038.7,1039.9,79678
1769487900,1039.8,1039.85,1037.5,1039.5,104935
1769488200,1039.45,1041.35,1039.4,1040.15,117114
1769488500,1040.35,1040.5,1038.8,1040.25,60918
1769488800,1039.85,1041.0,1039.4,1041.0,67748
1769489100,1041.0,1043.95,1040.65,1042.95,111034
1769489400,1043.2,1043.55,1042.6,1042.9,77610
1769489700,1043.0,1043.5,1041.3,1041.5,273860
1769490000,1042.1,1043.2,1041.55,1042.6,144101
1769490300,1042.45,1042.95,1041.45,1041.85,55511
1769490600,1041.55,1041.8,1037.5,1038.45,132256
1769490900,1038.45,1039.6,1037.75,1039.6,161891
1769491200,1039.6,1039.6,1036.75,1037.15,276138
1769491500,1037.15,1037.4,1034.85,1035.3,176256
1769491800,1035.05,1037.85,1035.0,1037.45,153364
1769492100,1037.3,1037.95,1035.5,1037.05,343368
1769492400,1037.05,1038.0,1036.8,1037.75,104345
1769492700,1037.75,1038.6,1037.25,1037.6,192080
1769493000,1037.6,1038.85,1037.15,1038.4,43531
1769493300,1038.7,1040.7,1038.4,1038.95,112114
1769493600,1038.95,1040.7,1038.55,1039.05,122058
1769493900,1038.8,1039.95,1038.7,1039.0,153493
1769494200,1038.75,1042.5,1038.7,1042.35,221973
1769494500,1042.4,1042.7,1040.15,1040.5,166439
1769494800,1040.5,1041.2,1039.7,1040.2,124798
1769495100,1040.3,1041.1,1039.6,1040.9,91961
1769495400,1040.8,1041.9,1039.9,1041.1,139566
1769495700,1041.1,1041.65,1040.2,1040.6,161435
1769496000,1040.6,1041.45,1040.05,1041.2,100730
1769496300,1041.3,1042.1,1040.15,1040.35,388137
1769496600,1040.4,1041.65,1040.0,1041.3,254689
1769496900,1041.25,1041.8,1040.3,1040.6,80748
1769497200,1040.75,1041.55,1040.05,1041.5,108008
1769497500,1041.15,1041.6,1040.5,1041.3,132198
1769497800,1041.25,1042.4,1040.8,1041.4,165897
1769498100,1041.4,1042.0,1039.0,1039.25,266198
1769498400,1039.25,1042.3,1039.0,1041.25,213101
1769498700,1041.0,1041.7,1040.0,1040.1,107694
1769499000,1040.15,1040.8,1039.0,1039.5,86761
1769499300,1039.95,1040.4,1039.45,1040.0,82237
1769499600,1040.0,1040.45,1039.35,1040.0,86197
1769499900,1040.05,1041.0,1039.85,1040.95,147767
1769500200,1041.05,1044.5,1041.0,1043.4,243553
1769500500,1043.4,1046.4,1043.1,1046.3,154359
1769500800,1046.35,1046.9,1044.8,1045.0,109441
1769501100,1045.2,1045.85,1042.5,1042.8,207880
1769501400,1042.8,1045.0,1042.55,1043.5,168380
1769501700,1043.5,1045.45,1043.1,1045.25,120938
1769502000,1045.25,1045.45,1041.95,1043.55,182239
1769502300,1043.45,1044.6,1042.7,1043.85,94538
1769502600,1043.75,1044.8,1041.8,1042.0,146294
1769502900,1042.25,1043.6,1041.6,1042.6,95555
1769503200,1042.9,1045.4,1042.8,1044.1,79671
1769503500,1044.1,1044.65,1043.25,1043.85,74983
1769503800,1044.0,1044.0,1042.8,1043.05,155919
1769504100,1043.2,1044.0,1043.0,1044.0,116542
1769504400,1043.9,1046.0,1043.8,1045.65,140571
1769504700,1045.5,1047.9,1044.65,1047.9,166209
1769505000,1047.9,1050.6,1047.4,1048.6,235228
1769505300,1048.6,1051.75,1048.6,1051.75,154377
1769505600,1051.7,1052.9,1051.7,1052.9,274139
1769505900,1052.7,1053.5,1051.0,1052.7,232071
1769506200,1052.65,1053.55,1051.5,1053.0,412500
1769506500,1053.0,1054.75,1052.2,1052.55,748748
1769506800,1052.45,1054.05,1051.15,1053.1,802487
1769507100,1053.15,1055.0,1053.15,1053.65,477449
1769507400,1053.85,1054.9,1050.65,1053.45,923097
1769507700,1053.45,1054.0,1051.05,1051.25,330010
1769571900,1059.4,1059.4,1044.15,1045.75,808766
1769572200,1045.5,1048.4,1045.25,1046.65,333370
1769572500,1046.65,1051.8,1046.0,1051.25,195341
1769572800,1051.3,1051.6,1049.1,1049.5,217965
1769573100,1049.35,1051.9,1048.65,1050.95,164310
1769573400,1050.95,1052.85,1050.9,1052.35,130230
1769573700,1052.35,1053.0,1050.15,1051.75,152183
1769574000,1051.4,1052.0,1050.0,1050.8,123407
1769574300,1050.8,1052.7,1050.2,1052.4,90152
1769574600,1052.65,1054.9,1052.1,1052.65,130731
1769574900,1052.65,1053.0,1050.45,1050.9,163212
1769575200,1050.85,1053.8,1050.65,1053.15,142081
1769575500,1053.15,1053.3,1051.2,1052.9,105895
1769575800,1052.9,1054.8,1052.3,1054.0,108801
1769576100,1054.0,1054.5,1053.5,1054.3,102287
1769576400,1054.4,1055.0,1052.5,1052.85,134507
1769576700,1053.15,1057.0,1052.85,1056.95,149775
1769577000,1057.0,1057.85,1056.15,1057.75,122564
1769577300,1057.75,1059.0,1056.8,1059.0,132575
1769577600,1058.95,1063.0,1058.8,1062.3,320480
1769577900,1062.3,1063.6,1060.8,1062.65,142197
1769578200,1062.65,1063.75,1061.0,1063.4,192291
1769578500,1063.4,1064.0,1060.9,1061.3,363396
1769578800,1061.3,1061.65,1059.0,1060.75,83590
1769579100,1060.75,1063.75,1060.7,1063.3,353117
1769579400,1063.25,1063.8,1061.3,1063.65,261871
1769579700,1063.6,1065.6,1062.6,1063.15,267051
1769580000,1063.5,1063.7,1061.6,1061.65,48041
1769580300,1061.6,1063.3,1060.8,1063.0,56599
1769580600,1063.3,1064.0,1062.65,1063.15,73160
1769580900,1063.15,1063.95,1062.0,1062.45,79107
1769581200,1062.35,1062.45,1060.1,1060.9,557180
1769581500,1060.9,1060.9,1058.6,1059.4,78323
1769581800,1059.45,1060.0,1058.7,1059.6,86938
1769582100,1059.5,1060.0,1058.9,1059.75,46092
1769582400,1059.8,1060.0,1059.0,1059.4,53433
1769582700,1059.4,1060.5,1058.7,1059.25,122897
1769583000,1059.05,1060.0,1058.25,1058.4,45476
1769583300,1058.25,1059.85,1057.45,1057.95,185811
1769583600,1057.95,1059.3,1057.9,1059.0,99339
1769583900,1058.7,1059.1,1057.55,1058.3,91519
1769584200,1058.3,1058.45,1056.95,1058.45,54216
1769584500,1058.35,1058.95,1057.55,1057.7,47365
1769584800,1057.7,1058.6,1056.3,1056.85,97363
1769585100,1056.85,1058.0,1056.5,1057.45,50606
1769585400,1057.65,1058.45,1056.3,1057.85,115288
1769585700,1057.85,1059.3,1057.3,1058.95,195120
1769586000,1058.9,1059.55,1058.5,1059.0,79467
1769586300,1059.0,1060.45,1058.45,1058.5,101457
1769586600,1058.45,1059.25,1056.55,1058.25,85352
1769586900,1057.95,1058.4,1057.4,1057.9,57976
1769587200,1057.75,1058.05,1055.65,1056.0,85289
1769587500,1056.0,1056.95,1055.25,1056.65,100788
1769587800,1056.65,1057.0,1055.8,1056.3,55234
1769588100,1056.05,1056.85,1055.45,1056.55,52533
1769588400,1056.55,1057.0,1055.75,1056.95,77044
1769588700,1056.95,1057.0,1056.5,1056.95,85167
1769589000,1056.95,1057.1,1056.0,1056.0,76582
1769589300,1056.55,1056.7,1055.2,1055.9,107862
1769589600,1055.85,1056.45,1055.6,1056.05,103518
1769589900,1056.15,1056.35,1055.4,1055.9,109709
1769590200,1055.9,1056.0,1054.3,1055.05,169823
1769590500,1055.1,1056.0,1054.9,1055.65,82696
1769590800,1055.75,1056.0,1054.75,1055.0,82897
1769591100,1055.0,1058.0,1054.7,1057.7,176797
1769591400,1057.7,1059.0,1057.0,1058.15,97197
1769591700,1058.2,1058.95,1057.65,1058.0,135368
1769592000,1058.1,1059.35,1057.7,1059.35,232949
1769592300,1059.35,1062.95,1058.25,1062.55,171111
1769592600,1062.55,1064.75,1061.95,1063.45,326173
1769592900,1063.55,1064.1,1062.55,1063.45,315025
1769593200,1063.3,1064.4,1062.65,1063.05,345192
1769593500,1063.0,1065.0,1062.35,1064.45,351697
1769593800,1064.35,1065.2,1062.9,1062.9,423804
1769594100,1063.0,1064.2,1062.05,1062.65,290034
1769658300,1063.0,1064.7,1060.3,1063.2,448937
1769658600,1063.25,1068.7,1063.1,1066.7,310561
1769658900,1066.75,1067.8,1066.3,1067.45,185501
1769659200,1067.45,1069.45,1066.9,1069.25,156269
1769659500,1069.25,1070.05,1067.95,1068.75,200130
1769659800,1068.9,1070.75,1068.05,1068.65,203635
1769660100,1068.65,1069.95,1068.1,1069.2,213301
1769660400,1069.15,1071.0,1065.05,1066.6,282647
1769660700,1066.6,1068.0,1066.2,1067.25,124981
1769661000,1067.5,1067.9,1065.95,1067.2,117024
1769661300,1067.15,1068.75,1067.05,1068.3,112681
1769661600,1068.3,1069.85,1067.75,1069.3,114286
1769661900,1069.45,1071.95,1069.15,1070.45,170941
1769662200,1070.45,1070.5,1067.55,1068.45,143752
1769662500,1068.05,1068.6,1066.9,1067.95,111781
1769662800,1067.95,1069.15,1067.8,1068.5,91771
1769663100,1068.55,1069.0,1067.4,1067.4,111191
1769663400,1067.35,1068.9,1066.9,1068.1,107470
1769663700,1068.0,1068.75,1067.65,1068.0,96549
1769664000,1068.1,1070.75,1068.0,1070.2,155596
1769664300,1070.2,1070.5,1068.9,1070.4,126617
1769664600,1070.45,1072.75,1070.0,1072.75,196540
1769664900,1072.65,1073.4,1071.55,1073.2,132239
1769665200,1073.25,1075.0,1073.0,1074.45,307010
1769665500,1074.35,1074.95,1073.6,1073.9,86036
1769665800,1074.0,1074.0,1072.65,1073.7,183880
1769666100,1073.7,1074.4,1072.85,1074.35,151129
1769666400,1074.4,1075.0,1073.45,1073.7,133096
1769666700,1073.75,1074.05,1072.5,1073.05,180960
1769667000,1073.05,1074.35,1073.05,1074.0,102134
1769667300,1073.9,1074.1,1073.4,1073.65,189551
1769667600,1073.65,1074.15,1072.55,1072.85,163917
1769667900,1072.85,1073.5,1072.6,1073.5,121471
1769668200,1073.35,1073.55,1072.6,1072.7,168450
1769668500,1072.7,1072.8,1070.05,1070.8,380599
1769668800,1071.2,1071.65,1069.35,1069.85,103846
1769669100,1069.85,1070.65,1068.7,1070.5,80400
1769669400,1070.5,1071.15,1069.9,1070.65,87298
1769669700,1070.5,1073.0,1070.05,1072.35,209121
1769670000,1072.5,1073.5,1072.4,1072.8,147211
1769670300,1072.85,1073.15,1072.35,1073.0,78621
1769670600,1073.0,1073.0,1072.0,1072.05,91850
1769670900,1072.25,1072.3,1071.15,1071.35,127635
1769671200,1071.6,1072.8,1071.35,1072.5,116317
1769671500,1072.5,1072.85,1071.5,1072.1,111589
1769671800,1072.1,1073.8,1072.0,1073.5,160829
1769672100,1073.3,1073.85,1072.5,1073.25,210391
1769672400,1073.1,1074.4,1072.9,1073.5,180610
1769672700,1073.2,1073.6,1071.75,1071.85,128583
1769673000,1071.9,1072.8,1071.4,1071.85,156501
1769673300,1072.0,1072.45,1070.95,1071.6,137772
1769673600,1071.6,1074.1,1071.6,1074.1,105053
1769673900,1074.45,1074.45,1072.4,1073.15,122876
1769674200,1073.15,1073.4,1072.0,1072.3,125485
1769674500,1072.4,1073.0,1071.65,1072.15,119788
1769674800,1071.9,1072.6,1071.8,1072.35,126000
1769675100,1072.25,1072.55,1071.0,1071.2,96501
1769675400,1071.45,1071.5,1070.6,1071.0,217630
1769675700,1071.0,1071.05,1068.6,1069.35,311943
1769676000,1069.4,1070.3,1069.0,1069.6,169340
1769676300,1069.6,1070.0,1068.85,1069.0,162287
1769676600,1069.3,1069.5,1068.3,1068.9,152547
1769676900,1068.95,1069.65,1067.55,1069.65,165666
1769677200,1069.8,1069.9,1068.5,1069.35,267530
1769677500,1069.45,1070.25,1068.5,1069.65,146652
1769677800,1069.65,1070.0,1068.7,1069.45,103561
1769678100,1069.45,1070.0,1069.15,1070.0,149081
1769678400,1070.0,1070.4,1068.15,1068.8,255904
1769678700,1068.7,1068.8,1067.8,1068.0,163001
1769679000,1067.95,1068.1,1065.0,1065.45,518784
1769679300,1065.4,1066.35,1063.0,1063.9,314451
1769679600,1063.85,1064.4,1062.55,1063.25,361782
1769679900,1062.7,1067.2,1062.15,1067.2,939452
1769680200,1067.0,1069.6,1066.25,1068.0,696851
1769680500,1068.25,1069.35,1066.05,1067.25,688731
1769744700,1064.0,1066.2,1061.65,1063.0,177786
1769745000,1063.45,1065.0,1060.85,1064.7,109285
1769745300,1064.35,1066.0,1062.8,1062.9,106403
1769745600,1062.8,1063.5,1060.4,1061.85,77498
1769745900,1061.6,1064.0,1061.6,1062.8,73462
1769746200,1063.0,1064.5,1062.25,1063.2,50993
1769746500,1063.15,1065.7,1062.5,1065.45,52831
1769746800,1065.5,1068.3,1065.0,1067.55,87868
1769747100,1067.55,1067.85,1065.5,1065.6,75240
1769747400,1065.8,1067.75,1065.6,1066.05,54631
1769747700,1066.05,1066.8,1065.3,1066.45,26640
1769748000,1066.6,1067.7,1066.4,1067.5,32452
1769748300,1067.45,1068.0,1067.0,1067.55,39989
1769748600,1067.15,1067.6,1066.3,1067.25,27092
1769748900,1067.45,1067.95,1066.0,1066.3,31662
1769749200,1066.5,1068.6,1066.2,1068.5,75658
1769749500,1068.45,1068.9,1067.15,1067.35,37068
1769749800,1067.7,1068.2,1066.0,1067.0,53643
1769750100,1067.15,1068.0,1066.8,1066.9,96095
1769750400,1067.0,1067.25,1066.1,1067.25,40867
1769750700,1067.05,1067.7,1066.1,1066.8,79018
1769751000,1066.8,1066.95,1065.0,1066.25,57882
1769751300,1066.0,1066.2,1065.1,1065.3,41969
1769751600,1065.3,1065.5,1064.5,1064.5,39258
1769751900,1064.65,1065.0,1064.05,1064.85,38785
1769752200,1064.8,1069.45,1064.8,1068.7,128175
1769752500,1068.7,1073.9,1068.05,1071.0,230381
1769752800,1071.0,1073.7,1070.75,1072.9,168641
1769753100,1072.9,1073.25,1070.5,1072.65,67107
1769753400,1072.65,1073.45,1071.9,1073.45,103375
1769753700,1073.5,1073.5,1070.2,1071.2,37494
1769754000,1071.3,1074.5,1071.2,1073.4,51869
1769754300,1073.4,1074.0,1072.6,1073.55,37666
1769754600,1073.8,1076.0,1073.75,1075.9,128635
1769754900,1075.9,1076.95,1075.25,1076.0,74327
1769755200,1076.15,1076.95,1075.65,1076.8,59917
1769755500,1076.85,1078.0,1076.4,1077.2,78287
1769755800,1077.45,1079.8,1077.0,1079.2,82662
1769756100,1079.5,1079.85,1078.05,1079.75,76437
1769756400,1079.5,1080.95,1079.35,1080.0,175625
1769756700,1080.05,1080.05,1078.25,1079.9,103806
1769757000,1079.65,1082.5,1079.15,1080.1,103599
1769757300,1080.0,1080.9,1079.65,1080.15,57707
1769757600,1080.25,1081.0,1079.55,1080.2,50684
1769757900,1080.2,1080.5,1078.5,1078.95,46755
1769758200,1078.95,1079.0,1076.8,1076.95,84504
1769758500,1076.8,1077.1,1075.15,1076.05,90406
1769758800,1076.1,1076.7,1075.05,1075.65,63354
1769759100,1075.7,1075.75,1074.0,1075.4,111600
1769759400,1075.4,1075.45,1074.0,1074.7,87793
1769759700,1074.75,1075.4,1074.05,1074.2,69256
1769760000,1074.25,1074.75,1073.4,1074.2,44876
1769760300,1074.2,1076.0,1074.1,1075.5,50101
1769760600,1075.6,1077.9,1075.45,1076.95,62038
1769760900,1076.9,1077.95,1075.75,1077.95,47835
1769761200,1077.95,1078.5,1076.9,1078.05,86153
1769761500,1078.2,1078.4,1076.45,1076.95,89353
1769761800,1077.35,1078.75,1076.7,1078.45,90821
1769762100,1078.45,1079.1,1078.0,1078.5,57360
1769762400,1078.6,1078.6,1077.4,1078.05,44120
1769762700,1078.2,1078.5,1076.05,1076.95,53045
1769763000,1076.85,1077.45,1076.7,1077.1,102786
1769763300,1077.05,1079.0,1076.95,1079.0,145606
1769763600,1079.0,1080.2,1077.8,1079.85,152230
1769763900,1079.85,1080.85,1079.8,1080.55,91880
1769764200,1080.5,1081.45,1077.55,1077.7,142609
1769764500,1077.65,1079.9,1076.55,1079.65,99700
1769764800,1079.6,1079.65,1078.1,1078.65,53646
1769765100,1078.6,1080.25,1078.6,1079.75,64981
1769765400,1079.7,1079.7,1076.0,1077.35,684970
1769765700,1077.3,1078.05,1076.5,1077.1,633171
1769766000,1077.0,1077.5,1077.0,1077.15,720757
1769766300,1077.2,1078.25,1076.5,1077.25,726755
1769766600,1077.2,1077.3,1076.3,1077.1,765559
1769766900,1077.1,1078.25,1076.2,1078.0,486418
1769917500,1076.0,1077.2,1071.0,1072.9,89971
1769917800,1072.9,1078.8,1072.8,1075.1,64629
1769918100,1074.8,1077.5,1074.2,1077.5,29224
1769918400,1077.3,1077.9,1075.2,1077.1,38135
1769918700,1077.4,1078.5,1076.0,1077.2,37407
1769919000,1077.2,1078.0,1076.5,1078.0,27388
1769919300,1077.6,1081.9,1077.6,1081.6,53197
1769919600,1081.5,1082.5,1077.6,1080.6,119472
1769919900,1080.6,1081.7,1079.0,1079.9,45456
1769920200,1080.0,1080.8,1078.5,1079.2,60040
1769920500,1079.5,1080.0,1077.6,1078.0,31433
1769920800,1077.5,1079.1,1076.5,1078.1,42454
1769921100,1078.1,1080.6,1078.1,1079.9,26799
1769921400,1079.5,1083.6,1079.5,1083.0,67232
1769921700,1083.0,1083.0,1081.7,1082.1,51327
1769922000,1082.1,1082.5,1080.3,1081.0,17906
1769922300,1081.3,1082.1,1080.3,1080.5,20897
1769922600,1080.5,1081.1,1079.1,1079.5,25983
1769922900,1079.1,1080.9,1079.1,1080.6,19573
1769923200,1080.8,1081.7,1080.1,1080.6,20788
1769923500,1081.3,1081.4,1079.7,1080.3,27073
1769923800,1080.9,1081.0,1078.5,1078.6,26062
1769924100,1078.8,1080.6,1077.9,1078.9,55918
1769924400,1078.7,1079.8,1076.7,1077.7,30152
1769924700,1078.0,1079.0,1077.1,1077.1,23010
1769925000,1077.6,1077.6,1071.0,1071.1,94955
1769925300,1071.0,1078.4,1071.0,1074.0,161735
1769925600,1073.9,1074.8,1070.0,1071.0,61497
1769925900,1071.0,1071.0,1067.5,1067.7,56429
1769926200,1067.7,1067.8,1058.2,1061.4,231395
1769926500,1061.4,1062.7,1057.4,1061.7,130773
1769926800,1061.7,1063.8,1054.1,1055.5,194231
1769927100,1055.4,1055.9,1050.1,1052.0,186631
1769927400,1052.0,1052.0,1038.1,1041.4,422260
1769927700,1040.8,1053.5,1038.6,1052.9,268625
1769928000,1052.6,1055.5,1041.3,1045.3,256892
1769928300,1045.3,1046.0,1038.2,1039.0,235944
1769928600,1038.9,1041.3,1028.7,1033.8,781611
1769928900,1033.9,1041.9,1027.0,1027.0,295188
1769929200,1026.8,1026.8,988.3,1020.0,906482
1769929500,1019.8,1043.3,1019.0,1041.8,670188
1769929800,1042.8,1047.8,1038.2,1043.5,312497
1769930100,1043.4,1046.4,1030.6,1032.9,195258
1769930400,1033.0,1043.1,1031.2,1041.3,243264
1769930700,1041.3,1045.7,1041.2,1044.9,161550
1769931000,1044.9,1048.1,1043.9,1047.8,150819
1769931300,1047.4,1048.2,1042.0,1043.5,97940
1769931600,1043.5,1045.5,1040.6,1044.9,94913
1769931900,1044.9,1044.9,1040.4,1041.7,88350
1769932200,1041.7,1044.5,1039.0,1039.0,107040
1769932500,1039.7,1040.2,1035.1,1035.5,129212
1769932800,1035.9,1036.0,1031.4,1034.6,215365
1769933100,1034.3,1038.1,1033.0,1033.1,137092
1769933400,1033.1,1036.6,1032.4,1034.9,117619
1769933700,1034.9,1039.6,1034.9,1037.9,107768
1769934000,1038.1,1038.9,1033.2,1035.3,157698
1769934300,1035.4,1039.3,1035.0,1035.8,95746
1769934600,1036.1,1036.1,1029.8,1031.0,145099
1769934900,1031.5,1032.5,1029.2,1029.6,124626
1769935200,1029.4,1031.1,1027.5,1029.9,259628
1769935500,1029.9,1030.0,1024.7,1026.2,224353
1769935800,1026.2,1029.5,1026.1,1027.7,119229
1769936100,1027.7,1032.0,1027.5,1030.7,136465
1769936400,1030.8,1032.0,1030.2,1031.3,65543
1769936700,1031.2,1031.3,1027.8,1029.0,88515
1769937000,1029.2,1029.8,1027.2,1027.5,62243
1769937300,1027.5,1028.0,1021.0,1022.6,304804
1769937600,1022.0,1025.2,1020.9,1022.2,199910
1769937900,1022.2,1024.3,1016.5,1018.1,279424
1769938200,1018.1,1025.2,1017.9,1023.6,207896
1769938500,1023.6,1024.9,1016.0,1018.3,285910
1769938800,1018.4,1019.6,1016.6,1017.3,330762
1769939100,1017.3,1017.3,1012.6,1016.1,278699
1769939400,1016.5,1019.1,1016.0,1017.0,254707
1769939700,1016.9,1020.0,1015.0,1019.8,240252
1770003900,1019.9,1019.9,1006.1,1015.9,560337
1770004200,1015.7,1022.5,1015.0,1020.9,323387
1770004500,1020.5,1021.5,1017.8,1018.0,184892
1770004800,1017.9,1021.7,1017.2,1019.1,269620
1770005100,1019.2,1020.1,1016.2,1016.2,314374
1770005400,1016.6,1016.9,1011.7,1011.7,160514
1770005700,1012.3,1013.8,1011.5,1013.5,141867
1770006000,1013.8,1015.7,1012.8,1015.0,468352
1770006300,1015.0,1015.0,1012.1,1012.1,111715
1770006600,1012.3,1012.3,1007.4,1007.4,590568
1770006900,1007.4,1007.7,1005.0,1006.4,273135
1770007200,1006.6,1008.0,1006.0,1007.1,192307
1770007500,1007.1,1007.7,1004.6,1005.3,96160
1770007800,1005.2,1005.9,1001.8,1004.7,182104
1770008100,1004.7,1005.9,1003.5,1004.5,78609
1770008400,1004.5,1005.3,1003.7,1003.7,69371
1770008700,1003.8,1003.8,999.1,999.6,337427
1770009000,999.6,1001.0,999.3,999.9,102698
1770009300,999.9,999.9,997.5,998.0,141844
1770009600,998.0,999.0,995.0,995.7,154006
1770009900,995.7,995.7,994.4,994.6,137963
1770010200,995.0,997.3,994.8,995.5,237675
1770010500,995.4,995.7,992.5,993.0,218872
1770010800,993.0,994.7,992.9,994.0,295883
1770011100,993.7,994.0,991.7,992.7,222058
1770011400,992.7,993.0,990.0,990.8,258841
1770011700,990.9,994.6,990.0,994.0,210016
1770012000,993.7,1000.3,992.7,1000.3,244766
1770012300,1000.2,1000.8,997.1,998.7,199103
1770012600,998.9,999.0,995.6,997.0,126531
1770012900,997.0,997.6,995.5,996.8,96394
1770013200,996.6,1011.9,996.1,1007.7,527825
1770013500,1007.2,1011.3,1006.2,1010.4,281108
1770013800,1010.6,1013.4,1007.6,1011.5,258685
1770014100,1011.7,1011.9,1004.2,1009.0,291963
1770014400,1009.1,1016.9,1007.6,1014.7,336782
1770014700,1015.2,1018.9,1014.9,1015.1,182585
1770015000,1015.4,1016.3,1013.3,1014.1,146159
1770015300,1014.3,1014.8,1012.5,1014.5,151307
1770015600,1014.4,1014.8,1012.2,1013.7,204987
1770015900,1013.6,1014.2,1011.9,1013.3,103671
1770016200,1013.3,1014.0,1012.5,1013.3,76098
1770016500,1013.5,1014.7,1012.5,1014.6,104637
1770016800,1014.5,1015.4,1013.6,1014.4,82009
1770017100,1014.6,1020.8,1013.6,1019.4,173547
1770017400,1019.2,1020.4,1018.1,1019.6,134409
1770017700,1019.6,1021.1,1018.1,1019.0,106230
1770018000,1018.9,1019.8,1016.8,1017.5,109267
1770018300,1017.5,1018.3,1014.2,1014.3,120901
1770018600,1014.6,1015.3,1012.8,1013.7,129035
1770018900,1013.8,1017.0,1012.8,1015.9,87365
1770019200,1016.1,1016.2,1014.2,1015.6,77247
1770019500,1015.5,1018.6,1014.6,1018.0,93714
1770019800,1018.1,1021.2,1018.1,1020.5,167771
1770020100,1020.4,1022.9,1020.0,1022.4,162126
1770020400,1022.4,1026.8,1021.8,1024.0,205153
1770020700,1024.2,1025.5,1021.8,1022.1,115978
1770021000,1022.0,1023.0,1020.3,1021.6,107467
1770021300,1021.5,1022.0,1019.8,1020.8,93536
1770021600,1020.8,1022.9,1019.2,1022.5,125249
1770021900,1022.5,1023.7,1020.7,1021.5,66847
1770022200,1021.5,1024.4,1021.2,1023.7,76961
1770022500,1023.5,1024.9,1022.9,1024.8,71891
1770022800,1024.8,1025.1,1022.4,1022.4,75552
1770023100,1022.5,1023.6,1021.5,1022.1,106492
1770023400,1022.0,1023.6,1021.0,1023.0,108577
1770023700,1023.0,1024.9,1022.3,1024.0,122239
1770024000,1024.0,1026.0,1023.4,1026.0,148096
1770024300,1025.9,1027.3,1024.5,1025.6,175715
1770024600,1025.8,1028.8,1025.6,1028.8,285468
1770024900,1028.8,1031.3,1027.8,1029.2,303533
1770025200,1029.5,1030.0,1028.1,1029.1,264891
1770025500,1029.1,1030.2,1028.9,1029.4,221353
1770025800,1029.4,1029.4,1028.3,1028.4,273963
1770026100,1028.4,1028.9,1026.2,1028.5,289759
1770090300,1087.0,1089.8,1053.0,1057.9,2084406
1770090600,1057.9,1058.9,1049.7,1051.0,445456
1770090900,1051.1,1053.3,1050.3,1052.0,297192
1770091200,1051.7,1053.7,1047.5,1048.0,229356
1770091500,1048.1,1048.8,1045.3,1048.5,261202
1770091800,1048.4,1049.8,1043.0,1043.8,218015
1770092100,1044.1,1046.5,1040.3,1046.4,251256
1770092400,1046.4,1048.5,1045.8,1047.8,142456
1770092700,1047.8,1050.0,1047.4,1049.4,150045
1770093000,1049.6,1051.3,1049.3,1049.8,179720
1770093300,1049.8,1051.0,1048.5,1049.0,169929
1770093600,1048.8,1049.8,1046.8,1048.4,206833
1770093900,1048.5,1050.9,1048.4,1050.0,103023
1770094200,1050.0,1052.2,1049.5,1051.5,126401
1770094500,1051.7,1054.0,1051.4,1053.1,99597
1770094800,1053.2,1055.8,1053.2,1055.8,128802
1770095100,1055.5,1058.8,1055.5,1058.5,155116
1770095400,1058.6,1060.9,1058.6,1059.2,242125
1770095700,1059.2,1059.7,1057.0,1057.0,141028
1770096000,1057.0,1059.0,1056.8,1057.0,114966
1770096300,1057.0,1058.1,1056.0,1056.8,101652
1770096600,1057.2,1058.0,1057.0,1057.5,126060
1770096900,1057.5,1057.8,1055.5,1055.8,50226
1770097200,1055.6,1056.8,1055.5,1056.0,71757
1770097500,1056.0,1056.5,1055.6,1055.8,92871
1770097800,1055.8,1057.9,1055.6,1057.5,154604
1770098100,1057.5,1057.5,1055.8,1055.8,96191
1770098400,1055.9,1058.6,1055.8,1058.6,115839
1770098700,1058.8,1060.4,1058.5,1060.1,92275
1770099000,1060.2,1061.0,1059.5,1059.8,79428
1770099300,1060.0,1061.7,1059.5,1061.2,110497
1770099600,1061.2,1061.5,1059.4,1060.0,91147
1770099900,1060.1,1060.5,1059.0,1059.8,78211
1770100200,1059.9,1060.0,1056.7,1057.3,118086
1770100500,1057.3,1061.6,1057.0,1060.7,214872
1770100800,1060.9,1060.9,1057.6,1058.0,154046
1770101100,1058.0,1058.3,1057.1,1058.2,107792
1770101400,1058.3,1058.5,1056.2,1057.1,103928
1770101700,1057.3,1059.3,1057.0,1057.7,129037
1770102000,1057.7,1058.9,1057.2,1058.0,67082
1770102300,1058.0,1059.4,1057.1,1058.5,135114
1770102600,1058.1,1060.3,1057.6,1060.2,73812
1770102900,1060.2,1060.7,1059.0,1059.4,107513
1770103200,1059.4,1059.8,1059.0,1059.1,56235
1770103500,1059.0,1060.4,1059.0,1060.1,88206
1770103800,1060.2,1061.0,1058.5,1058.6,120500
1770104100,1058.6,1060.0,1058.5,1059.4,78170
1770104400,1059.5,1060.4,1058.5,1058.9,110734
1770104700,1059.2,1060.2,1058.5,1060.0,85954
1770105000,1059.9,1060.9,1059.4,1059.7,83222
1770105300,1059.7,1060.6,1058.0,1060.6,174984
1770105600,1060.6,1060.9,1059.0,1059.5,187049
1770105900,1059.5,1061.3,1058.5,1061.1,160108
1770106200,1061.2,1063.1,1061.1,1062.5,122106
1770106500,1062.5,1063.5,1062.5,1063.5,88786
1770106800,1063.5,1065.4,1063.0,1065.2,145353
1770107100,1065.0,1066.3,1063.8,1064.3,100135
1770107400,1064.3,1065.9,1063.2,1065.8,170368
1770107700,1065.9,1066.3,1064.8,1065.4,178155
1770108000,1065.4,1065.9,1065.0,1065.0,121390
1770108300,1065.0,1065.5,1063.5,1063.6,113223
1770108600,1063.7,1065.5,1063.7,1065.5,72889
1770108900,1065.6,1066.0,1064.9,1065.6,58127
1770109200,1065.5,1066.9,1065.5,1065.9,114112
1770109500,1066.0,1068.0,1065.9,1067.9,119614
1770109800,1068.0,1068.2,1064.6,1064.7,249199
1770110100,1064.6,1066.5,1064.5,1065.9,148781
1770110400,1065.9,1066.0,1064.6,1065.2,135821
1770110700,1065.3,1065.6,1064.5,1065.3,130436
1770111000,1065.5,1066.2,1062.2,1062.8,450158
1770111300,1062.7,1064.2,1060.7,1063.1,892385
1770111600,1063.1,1065.2,1061.2,1063.6,942503
1770111900,1063.8,1066.4,1062.3,1066.0,1141758
1770112200,1066.0,1066.4,1065.3,1065.6,577755
1770112500,1065.5,1065.8,1062.0,1062.1,379903
1770176700,1064.2,1068.7,1056.3,1067.4,503898
1770177000,1067.3,1068.5,1065.1,1065.1,236288
1770177300,1065.3,1069.7,1065.1,1068.6,149570
1770177600,1068.6,1069.2,1066.1,1067.1,126847
1770177900,1067.2,1067.2,1065.5,1065.5,108541
1770178200,1065.5,1068.6,1065.5,1067.7,82293
1770178500,1067.8,1070.7,1067.5,1069.9,209292
1770178800,1069.9,1069.9,1068.7,1068.9,54742
1770179100,1069.0,1070.3,1068.8,1069.8,62191
1770179400,1069.8,1071.9,1069.6,1071.4,128153
1770179700,1071.5,1072.3,1071.0,1072.2,102938
1770180000,1072.1,1072.2,1070.6,1070.9,65434
1770180300,1071.0,1073.9,1071.0,1072.5,112658
1770180600,1072.4,1073.5,1070.4,1071.0,79521
1770180900,1070.9,1071.9,1070.5,1071.3,40171
1770181200,1071.3,1071.5,1070.4,1070.4,47987
1770181500,1070.6,1070.8,1069.5,1070.5,60609
1770181800,1070.8,1071.6,1070.8,1071.3,62305
1770182100,1071.5,1072.0,1070.7,1071.7,40510
1770182400,1071.9,1072.0,1070.6,1071.2,101863
1770182700,1071.5,1071.9,1070.5,1071.1,61877
1770183000,1070.8,1071.7,1070.8,1071.7,36099
1770183300,1071.6,1071.7,1069.4,1070.0,59531
1770183600,1069.9,1070.0,1068.0,1068.9,65484
1770183900,1069.1,1069.1,1067.1,1067.5,107240
1770184200,1067.4,1068.0,1066.3,1066.6,94029
1770184500,1066.6,1066.8,1065.2,1066.2,177364
1770184800,1066.0,1067.9,1065.4,1067.4,82092
1770185100,1067.5,1067.5,1065.1,1065.3,46597
1770185400,1065.2,1066.6,1065.2,1065.8,58868
1770185700,1065.9,1066.3,1064.5,1065.4,131300
1770186000,1065.2,1066.6,1064.8,1066.6,71188
1770186300,1066.3,1068.3,1066.1,1067.8,158224
1770186600,1067.8,1068.3,1067.0,1068.2,120456
1770186900,1068.2,1069.1,1067.3,1068.1,84428
1770187200,1068.2,1069.0,1067.4,1068.0,68526
1770187500,1067.9,1068.1,1067.3,1067.8,50859
1770187800,1067.7,1068.5,1067.6,1068.0,49718
1770188100,1067.9,1068.6,1067.5,1068.4,42439
1770188400,1068.4,1068.5,1067.3,1067.6,48467
1770188700,1067.8,1068.0,1067.0,1067.7,67086
1770189000,1067.6,1068.6,1067.6,1067.6,74298
1770189300,1067.8,1067.9,1067.0,1067.1,62696
1770189600,1067.2,1067.2,1066.3,1066.6,45264
1770189900,1066.7,1067.0,1066.2,1066.5,48969
1770190200,1066.4,1067.2,1066.2,1067.2,40673
1770190500,1067.1,1068.4,1067.1,1067.9,81783
1770190800,1068.0,1068.6,1067.6,1068.3,62722
1770191100,1068.5,1069.2,1068.2,1069.2,62700
1770191400,1069.2,1069.9,1068.6,1069.4,72811
1770191700,1069.3,1070.0,1069.0,1069.2,65539
1770192000,1069.4,1070.0,1067.8,1068.8,50268
1770192300,1068.5,1069.3,1067.8,1069.2,68389
1770192600,1069.2,1069.5,1068.1,1068.4,50292
1770192900,1068.4,1069.7,1068.1,1069.3,67231
1770193200,1069.3,1070.9,1069.0,1070.0,142573
1770193500,1069.9,1070.1,1068.4,1068.9,101811
1770193800,1068.9,1069.5,1067.5,1069.2,67632
1770194100,1069.2,1069.6,1068.5,1069.6,78635
1770194400,1069.6,1071.3,1069.5,1070.8,80513
1770194700,1070.5,1072.0,1070.4,1070.9,85215
1770195000,1070.8,1071.4,1069.7,1069.9,61707
1770195300,1070.0,1070.3,1068.8,1069.4,76460
1770195600,1069.3,1070.2,1069.2,1069.7,68962
1770195900,1069.7,1069.9,1068.8,1069.5,97960
1770196200,1069.4,1069.5,1067.8,1068.8,77568
1770196500,1068.8,1068.8,1067.4,1067.7,89155
1770196800,1067.8,1069.3,1067.8,1069.1,86014
1770197100,1069.2,1069.5,1067.8,1068.0,77251
1770197400,1068.1,1069.0,1067.4,1067.6,181094
1770197700,1067.7,1068.8,1067.3,1068.6,211379
1770198000,1068.7,1069.0,1068.0,1069.0,215971
1770198300,1068.9,1069.2,1067.8,1068.0,231421
1770198600,1068.0,1068.3,1067.7,1067.7,177781
1770198900,1067.9,1068.0,1067.0,1067.3,139178
1770263100,1068.2,1074.9,1068.0,1070.9,316324
1770263400,1070.9,1071.2,1068.3,1068.4,184827
1770263700,1068.4,1070.0,1067.5,1069.5,183459
1770264000,1069.5,1071.0,1068.3,1069.3,132142
1770264300,1069.3,1070.0,1068.6,1069.1,113524
1770264600,1069.0,1070.0,1069.0,1069.6,85038
1770264900,1069.6,1072.3,1069.1,1072.1,150158
1770265200,1072.0,1074.0,1071.8,1073.4,149392
1770265500,1073.4,1074.3,1072.4,1073.1,150805
1770265800,1073.1,1073.9,1072.4,1073.8,95028
1770266100,1073.9,1077.0,1073.9,1075.1,201118
1770266400,1075.1,1077.8,1075.1,1077.4,146701
1770266700,1077.5,1078.0,1077.0,1077.8,117920
1770267000,1077.8,1081.0,1077.6,1080.0,342579
1770267300,1079.8,1080.5,1076.1,1077.0,170826
1770267600,1077.0,1077.3,1075.5,1075.9,107479
1770267900,1075.9,1076.4,1075.2,1075.6,91502
1770268200,1075.7,1076.3,1075.0,1075.9,123396
1770268500,1075.9,1077.2,1075.2,1077.1,89311
1770268800,1077.1,1077.9,1075.2,1075.7,111195
1770269100,1075.8,1076.9,1075.4,1076.6,149721
1770269400,1076.5,1077.2,1075.5,1075.7,204811
1770269700,1075.7,1076.8,1075.5,1076.5,128071
1770270000,1076.5,1076.5,1073.4,1073.5,149955
1770270300,1073.7,1075.5,1073.2,1073.9,194458
1770270600,1073.7,1074.4,1073.4,1073.9,76167
1770270900,1073.9,1074.9,1073.1,1074.8,96520
1770271200,1074.9,1075.1,1074.2,1075.0,69824
1770271500,1075.1,1077.2,1075.0,1076.1,131948
1770271800,1076.4,1078.9,1075.9,1078.5,100766
1770272100,1078.5,1078.8,1077.4,1077.4,68256
1770272400,1077.5,1078.0,1076.7,1078.0,69443
1770272700,1078.1,1078.5,1077.2,1077.9,119733
1770273000,1078.0,1079.3,1077.6,1079.3,89430
1770273300,1079.3,1079.5,1075.7,1076.5,125546
1770273600,1076.5,1076.6,1075.1,1075.2,60952
1770273900,1075.1,1075.5,1074.0,1074.3,96711
1770274200,1074.3,1075.5,1073.7,1074.4,102201
1770274500,1074.5,1075.5,1074.1,1075.4,82765
1770274800,1075.5,1075.9,1073.8,1074.4,94961
1770275100,1074.8,1075.6,1074.6,1074.6,89846
1770275400,1074.6,1075.0,1074.0,1074.0,50500
1770275700,1074.5,1075.3,1074.3,1074.3,53718
1770276000,1074.7,1075.2,1074.0,1074.4,67469
1770276300,1074.5,1074.9,1074.0,1074.6,40519
1770276600,1074.6,1074.9,1073.4,1073.7,68003
1770276900,1073.7,1074.0,1073.0,1073.4,72853
1770277200,1073.4,1074.1,1073.0,1073.5,59452
1770277500,1073.6,1075.6,1073.4,1074.8,87503
1770277800,1074.8,1075.3,1074.2,1074.8,59824
1770278100,1074.8,1074.9,1073.0,1073.4,89763
1770278400,1073.4,1073.9,1072.5,1072.9,84121
1770278700,1073.0,1074.4,1072.8,1074.3,64288
1770279000,1074.2,1074.4,1073.4,1073.6,55695
1770279300,1073.6,1074.1,1073.5,1073.7,46489
1770279600,1073.8,1074.4,1073.4,1073.6,63148
1770279900,1073.5,1074.1,1073.1,1073.7,58827
1770280200,1073.7,1074.3,1073.2,1074.0,83398
1770280500,1074.1,1074.1,1072.2,1072.5,138111
1770280800,1072.5,1073.4,1071.2,1072.4,112194
1770281100,1072.4,1072.4,1070.5,1070.6,126789
1770281400,1070.6,1070.6,1069.6,1070.5,112232
1770281700,1070.5,1071.4,1069.9,1070.4,96428
1770282000,1070.4,1070.8,1069.0,1069.9,130662
1770282300,1070.2,1071.4,1069.9,1070.5,216187
1770282600,1070.3,1070.7,1069.8,1070.0,99595
1770282900,1070.0,1070.8,1069.1,1070.1,123006
1770283200,1070.1,1071.9,1070.0,1071.9,85631
1770283500,1071.9,1072.9,1071.6,1072.7,123164
1770283800,1072.8,1074.7,1072.7,1074.5,324725
1770284100,1074.5,1074.6,1071.8,1073.6,315280
1770284400,1073.6,1074.7,1072.6,1073.7,307006
1770284700,1073.7,1074.1,1072.5,1073.4,208275
1770285000,1073.4,1074.6,1072.4,1073.6,316607
1770285300,1073.6,1073.7,1071.5,1072.9,214084
1770349500,1070.0,1072.2,1067.2,1069.4,257448
1770349800,1069.6,1072.7,1069.5,1071.6,134786
1770350100,1071.7,1073.6,1070.9,1072.7,61601
1770350400,1072.7,1072.7,1069.3,1069.8,69681
1770350700,1069.8,1070.6,1068.0,1069.0,77723
1770351000,1068.8,1069.8,1068.5,1069.1,42325
1770351300,1069.1,1070.0,1069.0,1069.8,26310
1770351600,1069.9,1069.9,1068.5,1069.1,35643
1770351900,1068.9,1069.8,1068.5,1069.8,32896
1770352200,1069.8,1069.8,1067.5,1068.4,49693
1770352500,1068.4,1068.5,1066.2,1067.3,61356
1770352800,1067.1,1067.2,1064.6,1065.6,120017
1770353100,1065.8,1068.0,1063.5,1067.3,96166
1770353400,1067.6,1070.0,1067.2,1068.9,63610
1770353700,1068.5,1068.9,1061.5,1062.0,145130
1770354000,1062.1,1062.1,1058.4,1058.9,235694
1770354300,1058.9,1059.5,1056.9,1058.3,143436
1770354600,1058.1,1058.1,1052.2,1053.4,151053
1770354900,1053.6,1057.4,1053.2,1057.3,102709
1770355200,1057.2,1058.4,1055.5,1055.8,148326
1770355500,1056.0,1056.7,1054.6,1056.3,66634
1770355800,1056.4,1057.6,1056.0,1056.5,92874
1770356100,1056.3,1058.7,1056.3,1058.1,76677
1770356400,1058.1,1058.3,1055.2,1056.8,85146
1770356700,1056.6,1056.8,1054.6,1056.5,58609
1770357000,1056.4,1057.7,1056.0,1057.4,73988
1770357300,1057.4,1057.8,1054.2,1054.9,82364
1770357600,1055.2,1057.2,1054.5,1057.2,76405
1770357900,1057.4,1059.3,1056.6,1058.6,57189
1770358200,1058.5,1060.8,1058.2,1059.0,116631
1770358500,1058.6,1060.5,1058.3,1060.5,51216
1770358800,1060.4,1060.6,1058.5,1059.0,89545
1770359100,1059.0,1059.6,1057.5,1059.0,200773
1770359400,1059.0,1059.9,1058.0,1058.3,33164
1770359700,1058.3,1058.3,1056.6,1057.8,64031
1770360000,1057.8,1058.4,1057.1,1058.0,40809
1770360300,1057.9,1058.0,1056.1,1056.3,101915
1770360600,1056.3,1056.3,1053.3,1053.5,94227
1770360900,1053.5,1054.0,1052.9,1053.3,148260
1770361200,1053.4,1053.4,1051.0,1052.2,204533
1770361500,1052.1,1054.0,1052.1,1053.6,45401
1770361800,1053.7,1054.6,1053.1,1054.5,42043
1770362100,1054.4,1056.0,1054.0,1055.2,246914
1770362400,1055.3,1056.3,1055.0,1055.6,49745
1770362700,1055.5,1056.9,1055.0,1056.8,38325
1770363000,1056.7,1056.8,1055.5,1056.0,39897
1770363300,1056.1,1057.0,1056.0,1056.6,24824
1770363600,1056.6,1057.0,1054.1,1054.4,73286
1770363900,1054.4,1055.1,1054.0,1054.5,47273
1770364200,1054.4,1054.6,1053.1,1054.1,41055
1770364500,1054.2,1056.0,1054.1,1055.9,58160
1770364800,1055.9,1056.1,1054.3,1055.1,33738
1770365100,1055.2,1056.6,1054.6,1056.4,38124
1770365400,1056.3,1057.4,1056.2,1057.0,32620
1770365700,1057.0,1057.5,1056.6,1057.0,30905
1770366000,1057.3,1058.8,1057.0,1058.2,36096
1770366300,1058.3,1059.3,1058.0,1059.2,44479
1770366600,1059.2,1060.8,1059.1,1060.0,52465
1770366900,1060.0,1060.5,1059.6,1060.0,41980
1770367200,1059.8,1059.9,1058.5,1058.9,37327
1770367500,1058.7,1059.5,1058.0,1059.0,30533
1770367800,1058.9,1059.7,1058.2,1058.3,34766
1770368100,1058.3,1059.3,1058.1,1058.8,30576
1770368400,1058.7,1059.6,1058.1,1059.6,39691
1770368700,1059.6,1060.0,1059.0,1059.5,44705
1770369000,1059.6,1061.0,1059.5,1060.3,95369
1770369300,1060.3,1060.4,1059.5,1059.7,57132
1770369600,1060.0,1063.0,1059.7,1062.5,85808
1770369900,1062.6,1064.4,1062.4,1064.4,70857
1770370200,1064.2,1066.4,1064.2,1065.5,240049
1770370500,1065.6,1066.5,1064.6,1064.7,255817
1770370800,1064.6,1068.0,1064.1,1067.4,332560
1770371100,1067.3,1068.7,1066.6,1068.1,246747
1770371400,1068.1,1068.4,1065.9,1066.8,275603
1770371700,1067.0,1067.2,1064.9,1066.0,201084
1770608700,1120.0,1135.0,1100.5,1131.7,5854947
1770609000,1131.4,1136.0,1129.2,1130.8,1940529
1770609300,1131.0,1137.0,1130.3,1132.3,994880
1770609600,1131.8,1133.5,1126.1,1127.2,931704
1770609900,1127.3,1129.3,1126.0,1127.2,720896
1770610200,1127.0,1129.0,1125.5,1128.2,416302
1770610500,1127.7,1130.8,1126.3,1127.2,537981
1770610800,1127.2,1128.0,1122.5,1124.0,1015480
1770611100,1123.7,1126.0,1122.8,1124.5,1105392
1770611400,1124.7,1129.6,1124.4,1128.9,661504
1770611700,1128.8,1133.1,1128.6,1130.8,1143194
1770612000,1131.0,1131.8,1127.6,1128.4,446121
1770612300,1128.6,1131.4,1128.3,1130.3,602308
1770612600,1130.0,1132.9,1129.9,1131.4,456549
1770612900,1131.3,1131.7,1130.0,1130.6,409897
1770613200,1130.6,1134.3,1130.1,1133.3,442845
1770613500,1133.4,1136.3,1132.9,1134.6,587321
1770613800,1134.9,1135.9,1134.3,1135.4,297839
1770614100,1135.5,1136.5,1135.2,1136.2,306150
1770614400,1136.4,1139.7,1135.5,1139.3,774011
1770614700,1139.5,1139.6,1138.0,1138.3,386097
1770615000,1138.6,1139.4,1136.7,1137.9,404198
1770615300,1137.6,1138.0,1135.9,1136.4,305265
1770615600,1136.6,1137.7,1135.8,1136.7,272423
1770615900,1136.7,1137.5,1134.7,1136.7,381533
1770616200,1136.7,1138.7,1136.4,1138.3,238270
1770616500,1138.3,1139.1,1137.6,1137.7,293866
1770616800,1138.0,1138.0,1136.3,1136.8,390603
1770617100,1136.9,1139.0,1136.4,1138.8,194867
1770617400,1138.9,1139.4,1138.2,1139.0,213995
1770617700,1139.0,1139.0,1137.1,1137.8,195676
1770618000,1137.8,1138.0,1135.3,1136.3,233223
1770618300,1136.1,1136.9,1135.5,1135.8,163024
1770618600,1135.8,1137.0,1135.1,1136.3,217452
1770618900,1136.5,1138.7,1136.4,1138.5,290582
1770619200,1138.5,1139.0,1137.0,1138.5,482446
1770619500,1138.5,1139.6,1138.0,1138.2,358743
1770619800,1138.4,1139.4,1138.0,1139.1,278645
1770620100,1139.4,1141.0,1139.1,1140.0,767353
1770620400,1140.0,1140.5,1139.1,1139.7,331618
1770620700,1139.7,1140.2,1137.0,1137.1,388609
1770621000,1137.2,1138.5,1137.1,1137.8,171861
1770621300,1137.8,1138.2,1136.5,1136.8,319617
1770621600,1136.8,1137.9,1136.8,1137.1,124493
1770621900,1137.0,1137.1,1136.2,1137.0,235371
1770622200,1136.9,1138.5,1136.8,1138.3,180287
1770622500,1138.4,1140.3,1138.3,1140.2,230276
1770622800,1140.2,1140.2,1138.4,1139.9,142516
1770623100,1140.0,1140.1,1139.2,1139.3,137942
1770623400,1139.3,1140.0,1139.2,1140.0,129832
1770623700,1140.0,1140.3,1139.3,1139.8,252526
1770624000,1139.8,1140.4,1139.5,1140.0,145500
1770624300,1140.1,1142.7,1139.7,1142.0,395147
1770624600,1141.6,1143.0,1141.6,1141.7,261910
1770624900,1141.7,1141.9,1141.0,1141.3,141778
1770625200,1141.2,1141.3,1140.0,1140.2,182898
1770625500,1140.2,1140.5,1137.8,1138.2,348741
1770625800,1138.3,1139.9,1138.1,1139.0,206183
1770626100,1139.2,1141.5,1138.2,1141.5,200843
1770626400,1141.4,1143.7,1141.2,1142.6,511551
1770626700,1142.6,1142.9,1142.2,1142.9,235590
1770627000,1142.9,1144.0,1142.2,1143.9,415201
1770627300,1143.7,1144.0,1141.5,1143.2,751314
1770627600,1143.3,1143.5,1142.3,1143.1,283266
1770627900,1143.1,1143.1,1141.6,1142.0,271912
1770628200,1142.0,1143.9,1142.0,1143.4,510889
1770628500,1143.3,1144.9,1143.1,1144.3,598228
1770628800,1144.2,1145.8,1143.6,1145.2,696644
1770629100,1145.2,1146.4,1145.1,1145.5,596075
1770629400,1145.8,1146.3,1144.5,1146.0,658836
1770629700,1145.9,1146.2,1144.5,1145.9,668871
1770630000,1145.8,1146.8,1145.3,1146.7,853809
1770630300,1146.6,1147.0,1144.6,1145.5,1291972
1770630600,1145.1,1146.5,1144.9,1146.4,908670
1770630900,1146.4,1150.0,1146.0,1147.8,983351
1770695100,1151.0,1154.0,1145.1,1146.0,1362655
1770695400,1145.7,1149.7,1144.5,1147.4,581943
1770695700,1147.5,1148.3,1145.3,1146.7,275795
1770696000,1147.0,1148.0,1144.1,1145.4,264287
1770696300,1145.5,1145.5,1141.3,1141.7,256908
1770696600,1141.5,1143.6,1140.8,1143.0,200998
1770696900,1143.0,1143.5,1142.3,1143.2,84694
1770697200,1143.2,1143.3,1139.2,1140.2,204864
1770697500,1140.2,1142.0,1139.5,1141.9,124991
1770697800,1141.6,1144.0,1141.3,1143.5,101789
1770698100,1143.5,1144.6,1142.1,1143.3,102974
1770698400,1143.3,1143.4,1140.0,1140.0,140845
1770698700,1140.1,1141.0,1138.6,1139.0,153640
1770699000,1139.1,1139.8,1138.1,1139.0,115970
1770699300,1139.0,1140.0,1138.1,1139.7,81324
1770699600,1139.6,1140.4,1139.0,1139.5,114590
1770699900,1139.5,1142.7,1139.0,1142.6,120446
1770700200,1142.7,1143.2,1141.0,1141.7,125313
1770700500,1141.7,1141.7,1139.7,1139.7,68018
1770700800,1139.8,1140.9,1139.6,1140.6,67438
1770701100,1140.6,1141.1,1140.4,1140.6,62505
1770701400,1140.6,1140.9,1139.7,1139.9,129134
1770701700,1140.0,1140.4,1139.6,1140.2,86421
1770702000,1140.2,1143.6,1140.2,1143.2,211733
1770702300,1143.2,1143.8,1141.7,1141.9,128689
1770702600,1141.9,1142.4,1141.0,1141.8,877975
1770702900,1142.0,1142.5,1140.4,1141.5,590380
1770703200,1141.5,1142.8,1141.0,1142.8,250046
1770703500,1142.8,1142.8,1141.3,1142.7,153471
1770703800,1142.7,1144.3,1142.5,1142.9,144432
1770704100,1142.9,1143.5,1140.8,1142.2,214087
1770704400,1142.1,1142.4,1141.0,1142.2,123807
1770704700,1142.2,1145.1,1141.8,1143.5,202270
1770705000,1143.5,1143.7,1141.2,1141.5,608904
1770705300,1141.5,1142.8,1141.0,1142.7,399211
1770705600,1142.5,1143.4,1142.4,1143.1,113800
1770705900,1143.2,1143.5,1142.7,1143.5,102865
1770706200,1143.5,1143.5,1142.6,1143.2,112679
1770706500,1142.8,1143.8,1142.8,1143.3,88000
1770706800,1143.2,1144.2,1143.0,1144.1,69553
1770707100,1144.2,1144.9,1143.3,1143.8,92682
1770707400,1143.8,1144.5,1143.5,1144.5,58869
1770707700,1144.4,1144.6,1143.7,1144.1,79563
1770708000,1144.1,1146.0,1143.0,1145.8,484120
1770708300,1145.8,1146.3,1145.2,1146.0,147055
1770708600,1145.9,1146.6,1144.5,1144.6,140095
1770708900,1144.5,1144.8,1144.0,1144.4,72349
1770709200,1144.3,1145.3,1144.0,1144.9,205786
1770709500,1145.0,1145.0,1142.8,1143.1,99863
1770709800,1143.1,1144.4,1142.7,1143.3,321722
1770710100,1143.2,1144.5,1142.9,1143.3,189163
1770710400,1143.4,1144.3,1141.2,1143.7,448998
1770710700,1143.7,1144.2,1143.0,1144.2,107529
1770711000,1144.2,1144.5,1143.7,1144.5,78678
1770711300,1144.4,1144.5,1143.8,1144.0,86993
1770711600,1144.3,1145.7,1143.7,1143.8,130287
1770711900,1144.0,1144.3,1143.6,1143.9,167725
1770712200,1143.9,1144.1,1141.9,1142.9,178776
1770712500,1142.9,1144.7,1142.8,1144.2,149847
1770712800,1144.0,1144.5,1143.5,1144.5,78726
1770713100,1144.5,1145.5,1144.4,1145.1,149274
1770713400,1145.1,1145.1,1144.1,1144.6,88650
1770713700,1144.5,1144.6,1143.8,1144.1,112988
1770714000,1144.3,1144.4,1143.8,1144.1,74493
1770714300,1144.0,1144.5,1144.0,1144.2,81431
1770714600,1144.3,1144.3,1143.7,1144.3,180005
1770714900,1144.2,1144.5,1142.9,1143.3,217475
1770715200,1143.3,1144.4,1142.8,1144.0,468994
1770715500,1144.0,1144.2,1143.6,1144.1,129030
1770715800,1144.1,1145.3,1143.7,1144.9,447384
1770716100,1144.7,1145.6,1142.8,1144.4,805647
1770716400,1144.6,1144.9,1143.7,1144.1,467863
1770716700,1144.1,1145.0,1143.4,1144.2,576066
1770717000,1144.0,1144.6,1143.5,1143.9,355435
1770717300,1143.9,1144.6,1142.1,1143.0,427109
1770781500,1144.7,1151.1,1142.8,1148.4,505998
1770781800,1147.9,1150.4,1147.1,1147.3,277543
1770782100,1147.4,1151.0,1147.1,1147.8,296358
1770782400,1148.3,1149.8,1147.8,1148.0,210003
1770782700,1148.4,1149.4,1145.0,1145.5,250913
1770783000,1145.2,1148.3,1145.0,1148.3,165275
1770783300,1147.9,1149.5,1147.8,1148.2,118447
1770783600,1148.1,1149.5,1147.7,1148.9,122372
1770783900,1149.1,1150.4,1148.7,1149.2,138370
1770784200,1149.2,1149.2,1148.1,1148.7,79230
1770784500,1148.9,1149.5,1148.0,1149.1,410419
1770784800,1149.1,1150.4,1148.7,1149.2,100484
1770785100,1149.0,1150.3,1148.4,1149.7,324552
1770785400,1149.7,1151.9,1149.0,1150.5,168123
1770785700,1150.8,1153.9,1149.9,1153.5,267398
1770786000,1153.8,1162.6,1153.6,1161.4,905785
1770786300,1161.4,1171.4,1160.5,1168.5,1022178
1770786600,1169.0,1169.0,1165.0,1166.5,468824
1770786900,1166.6,1167.4,1164.6,1167.0,193740
1770787200,1167.4,1168.5,1165.2,1166.1,162438
1770787500,1166.1,1168.9,1165.8,1168.4,480400
1770787800,1168.4,1170.7,1167.1,1170.4,533531
1770788100,1170.4,1174.7,1166.2,1167.1,854404
1770788400,1167.6,1170.9,1166.1,1170.1,220469
1770788700,1170.1,1170.8,1168.1,1168.5,173942
1770789000,1168.5,1170.5,1167.9,1170.4,143776
1770789300,1170.4,1171.0,1170.0,1170.2,333618
1770789600,1170.3,1170.9,1169.3,1169.5,317428
1770789900,1169.3,1170.3,1169.0,1169.2,158833
1770790200,1169.2,1170.5,1168.2,1169.3,465171
1770790500,1169.7,1170.5,1169.0,1169.2,102611
1770790800,1169.2,1169.5,1168.0,1168.1,404538
1770791100,1168.0,1169.4,1168.0,1168.9,107253
1770791400,1168.9,1169.3,1167.6,1167.6,256548
1770791700,1167.7,1167.7,1166.3,1166.9,307600
1770792000,1167.0,1169.0,1166.5,1167.8,440757
1770792300,1168.0,1168.5,1167.3,1167.3,179701
1770792600,1167.5,1167.7,1166.4,1166.8,255031
1770792900,1166.9,1167.7,1166.2,1166.6,138110
1770793200,1166.6,1170.9,1166.2,1170.3,429563
1770793500,1170.6,1173.3,1170.3,1172.1,357014
1770793800,1172.0,1173.8,1171.4,1171.6,370699
1770794100,1171.6,1172.2,1170.2,1172.0,200866
1770794400,1172.0,1173.2,1171.5,1172.9,145772
1770794700,1173.0,1174.4,1172.3,1174.4,244253
1770795000,1174.1,1176.8,1173.9,1175.1,578628
1770795300,1175.5,1176.8,1175.0,1175.7,225603
1770795600,1175.7,1177.4,1175.0,1176.9,261304
1770795900,1176.9,1177.5,1176.3,1176.4,226148
1770796200,1176.8,1177.4,1175.2,1175.9,244034
1770796500,1176.0,1176.0,1174.7,1175.0,188281
1770796800,1175.3,1179.7,1175.0,1179.3,554890
1770797100,1179.1,1180.7,1179.0,1180.0,455122
1770797400,1180.2,1180.2,1178.1,1178.1,318933
1770797700,1178.5,1179.9,1178.1,1179.3,303892
1770798000,1179.0,1181.0,1178.3,1180.4,383944
1770798300,1180.1,1182.5,1180.1,1181.1,604045
1770798600,1181.3,1185.5,1181.0,1183.9,586432
1770798900,1183.6,1185.5,1182.7,1183.0,542775
1770799200,1183.2,1185.5,1182.6,1183.9,426930
1770799500,1183.8,1186.6,1183.6,1185.7,702688
1770799800,1185.7,1187.5,1184.9,1185.7,488587
1770800100,1185.5,1186.9,1185.0,1185.1,465017
1770800400,1185.2,1185.7,1182.6,1185.2,674102
1770800700,1185.2,1186.0,1184.5,1185.1,441210
1770801000,1185.1,1185.9,1184.8,1185.5,534209
1770801300,1185.7,1186.0,1183.6,1185.0,787691
1770801600,1184.8,1186.0,1184.5,1185.6,437329
1770801900,1185.6,1186.0,1181.5,1181.9,618800
1770802200,1181.9,1185.5,1181.5,1185.2,623517
1770802500,1185.3,1185.4,1182.5,1182.8,791727
1770802800,1182.8,1183.8,1181.8,1182.6,805713
1770803100,1183.1,1183.7,1181.8,1183.2,825568
1770803400,1183.5,1184.4,1180.1,1180.8,949356
1770803700,1180.5,1182.9,1179.8,1181.1,588347
1770867900,1183.0,1188.0,1174.8,1185.1,1565068
1770868200,1185.2,1185.2,1179.2,1181.4,1140267
1770868500,1181.4,1188.0,1179.4,1185.9,530060
1770868800,1186.3,1193.1,1184.1,1191.8,649173
1770869100,1191.8,1197.8,1190.1,1190.3,951890
1770869400,1190.1,1193.2,1188.2,1191.6,501306
1770869700,1191.6,1194.7,1190.9,1193.1,395807
1770870000,1193.3,1193.5,1191.1,1193.0,761764
1770870300,1193.3,1197.9,1192.6,1197.0,864074
1770870600,1196.7,1198.8,1196.5,1197.7,1249749
1770870900,1198.1,1198.3,1195.3,1197.3,620610
1770871200,1197.3,1203.7,1197.0,1200.9,1339475
1770871500,1201.0,1203.0,1198.0,1199.2,708874
1770871800,1198.1,1200.7,1198.0,1199.4,429332
1770872100,1199.3,1201.5,1198.1,1201.5,370056
1770872400,1201.4,1202.6,1201.1,1201.9,407831
1770872700,1201.9,1202.2,1200.0,1200.2,335984
1770873000,1200.2,1200.9,1198.2,1198.6,925725
1770873300,1198.9,1199.9,1196.5,1198.6,392684
1770873600,1198.3,1200.3,1197.4,1199.3,242516
1770873900,1199.3,1199.9,1197.4,1199.6,285565
1770874200,1199.7,1201.4,1199.1,1200.7,267653
1770874500,1200.5,1202.4,1199.8,1201.0,370655
1770874800,1201.4,1203.0,1200.8,1201.3,1464335
1770875100,1201.0,1201.3,1200.0,1200.0,295123
1770875400,1200.0,1200.9,1197.1,1198.5,244308
1770875700,1198.4,1198.5,1195.0,1195.8,413115
1770876000,1196.0,1197.0,1195.1,1195.6,257995
1770876300,1195.6,1195.8,1192.4,1193.0,501711
1770876600,1193.0,1195.2,1192.6,1194.8,318446
1770876900,1195.0,1197.4,1194.5,1197.1,328692
1770877200,1196.9,1197.9,1194.5,1194.7,280741
1770877500,1194.8,1195.2,1192.0,1194.6,245215
1770877800,1194.9,1196.6,1194.6,1195.8,176826
1770878100,1195.8,1196.1,1194.3,1195.3,169662
1770878400,1195.3,1196.2,1194.2,1195.4,149426
1770878700,1195.6,1196.9,1195.2,1196.3,155438
1770879000,1196.4,1197.3,1196.1,1196.3,158306
1770879300,1196.4,1197.0,1195.4,1195.6,151001
1770879600,1196.0,1196.4,1195.4,1196.0,149173
1770879900,1196.0,1196.4,1193.5,1193.7,279029
1770880200,1193.6,1194.6,1192.6,1193.7,191916
1770880500,1193.6,1194.6,1193.0,1193.8,191884
1770880800,1193.8,1194.3,1193.1,1193.6,145111
1770881100,1193.5,1195.6,1193.4,1193.9,154733
1770881400,1194.0,1197.0,1193.8,1196.5,160372
1770881700,1196.5,1196.8,1195.5,1196.1,141898
1770882000,1196.1,1196.3,1194.2,1194.6,148789
1770882300,1194.9,1196.0,1194.0,1195.5,165989
1770882600,1195.5,1196.2,1195.0,1195.6,214220
1770882900,1196.0,1196.1,1194.0,1194.3,350693
1770883200,1194.3,1195.2,1194.1,1194.3,148880
1770883500,1194.7,1195.2,1194.0,1194.6,203733
1770883800,1195.0,1195.1,1192.5,1193.6,262755
1770884100,1193.6,1193.9,1189.4,1190.0,684894
1770884400,1190.0,1192.8,1187.8,1191.9,851080
1770884700,1192.0,1192.2,1191.0,1191.4,102217
1770885000,1191.5,1192.8,1188.4,1188.5,225220
1770885300,1188.6,1190.3,1188.6,1190.0,303499
1770885600,1190.0,1191.1,1189.2,1190.6,196622
1770885900,1190.6,1191.0,1188.0,1188.4,99273
1770886200,1188.5,1191.9,1188.4,1191.4,199861
1770886500,1191.3,1192.8,1190.6,1190.6,168198
1770886800,1190.8,1191.0,1188.5,1188.6,269816
1770887100,1188.6,1190.9,1187.8,1189.6,935743
1770887400,1189.7,1190.5,1188.6,1190.4,282246
1770887700,1190.4,1190.5,1186.3,1186.9,300467
1770888000,1186.7,1188.8,1186.2,1188.8,215001
1770888300,1188.8,1189.2,1187.1,1188.5,245751
1770888600,1188.9,1195.7,1188.6,1191.8,1510039
1770888900,1192.2,1193.8,1191.7,1193.0,615191
1770889200,1192.8,1194.5,1192.3,1193.6,557749
1770889500,1193.5,1193.9,1191.6,1193.2,851424
1770889800,1193.0,1193.6,1190.8,1192.5,555684
1770890100,1192.4,1193.8,1189.2,1192.0,413468
1770954300,1189.0,1197.2,1184.5,1195.1,941245
1770954600,1195.1,1199.5,1194.7,1199.4,701779
1770954900,1199.3,1199.5,1193.0,1194.8,581589
1770955200,1194.8,1195.5,1190.2,1192.4,460293
1770955500,1192.8,1193.9,1189.0,1189.8,517731
1770955800,1190.0,1193.6,1188.2,1193.0,331243
1770956100,1193.0,1194.5,1191.0,1191.9,354291
1770956400,1191.9,1196.1,1191.8,1195.7,297876
1770956700,1195.8,1196.4,1192.9,1193.5,263825
1770957000,1193.5,1193.9,1191.6,1193.1,250697
1770957300,1193.2,1194.1,1192.4,1192.8,165619
1770957600,1192.8,1193.0,1190.3,1191.2,331964
1770957900,1191.2,1191.6,1189.0,1189.5,249307
1770958200,1189.7,1191.5,1189.0,1190.8,156063
1770958500,1190.8,1192.5,1190.5,1192.0,129477
1770958800,1192.0,1193.9,1191.1,1193.7,207054
1770959100,1193.6,1196.4,1193.3,1196.1,309662
1770959400,1196.4,1197.3,1195.3,1195.8,231742
1770959700,1195.7,1196.0,1194.1,1194.5,203815
1770960000,1194.5,1194.5,1192.6,1193.5,222915
1770960300,1193.5,1195.0,1193.3,1194.6,162769
1770960600,1194.6,1194.7,1193.0,1193.8,116503
1770960900,1193.6,1194.4,1191.6,1191.6,194532
1770961200,1191.6,1193.0,1191.1,1191.5,200668
1770961500,1191.5,1191.9,1191.0,1191.3,100270
1770961800,1191.5,1192.9,1191.3,1192.6,93348
1770962100,1192.7,1194.2,1192.6,1194.1,120010
1770962400,1194.1,1194.9,1194.0,1194.6,121559
1770962700,1194.5,1195.9,1194.4,1195.5,192554
1770963000,1195.5,1195.9,1194.5,1194.7,124508
1770963300,1194.6,1196.4,1194.5,1195.5,103224
1770963600,1195.6,1195.6,1194.0,1195.0,106569
1770963900,1195.0,1195.2,1194.6,1194.9,92230
1770964200,1194.8,1195.5,1192.6,1193.0,354230
1770964500,1193.0,1193.9,1191.1,1193.5,376626
1770964800,1193.5,1194.2,1193.1,1193.5,71326
1770965100,1193.2,1193.6,1193.2,1193.3,87292
1770965400,1193.5,1194.0,1192.5,1193.0,162771
1770965700,1193.2,1194.1,1193.0,1193.3,138096
1770966000,1193.4,1195.4,1193.1,1194.9,131539
1770966300,1195.2,1195.5,1194.0,1194.3,175779
1770966600,1194.4,1194.9,1193.2,1194.1,139374
1770966900,1194.0,1194.6,1194.0,1194.1,78510
1770967200,1194.1,1194.7,1194.0,1194.4,83961
1770967500,1194.5,1194.6,1193.2,1193.2,223075
1770967800,1193.2,1193.6,1192.6,1192.8,187387
1770968100,1192.6,1194.3,1192.6,1194.2,105530
1770968400,1194.1,1195.0,1193.9,1194.0,212498
1770968700,1194.0,1194.1,1193.4,1193.9,135874
1770969000,1193.8,1194.3,1193.5,1193.8,125737
1770969300,1193.9,1194.7,1193.7,1194.3,102918
1770969600,1194.4,1194.5,1193.4,1194.1,177594
1770969900,1194.1,1194.3,1192.9,1193.2,157695
1770970200,1193.1,1193.7,1192.8,1193.4,106952
1770970500,1193.5,1193.5,1192.9,1193.3,214431
1770970800,1193.3,1194.7,1193.2,1194.5,123033
1770971100,1194.4,1195.4,1193.6,1194.9,196088
1770971400,1194.8,1194.9,1194.4,1194.8,100471
1770971700,1194.9,1197.7,1194.8,1196.6,288105
1770972000,1196.7,1196.9,1196.4,1196.5,134672
1770972300,1196.6,1196.6,1195.0,1196.2,258531
1770972600,1196.2,1196.2,1195.1,1195.5,156401
1770972900,1195.5,1195.9,1195.1,1195.3,159227
1770973200,1195.4,1196.0,1194.8,1195.1,187513
1770973500,1195.2,1195.8,1195.1,1195.7,171857
1770973800,1195.6,1196.5,1195.4,1195.8,166552
1770974100,1195.9,1196.0,1195.0,1195.5,194126
1770974400,1195.5,1197.2,1195.4,1196.8,195458
1770974700,1196.8,1198.0,1196.3,1197.7,234188
1770975000,1197.7,1199.5,1197.5,1198.9,455208
1770975300,1198.7,1199.9,1197.7,1198.5,500874
1770975600,1198.5,1200.9,1198.4,1200.1,585140
1770975900,1200.2,1201.0,1197.4,1197.4,693428
1770976200,1197.8,1199.0,1197.4,1197.4,645754
1770976500,1197.5,1199.9,1196.0,1196.1,440037
1771213500,1194.0,1194.0,1188.3,1191.6,398718
1771213800,1191.8,1196.4,1189.5,1195.0,351466
1771214100,1195.2,1195.2,1190.6,1191.7,246326
1771214400,1191.2,1196.0,1191.2,1194.8,212599
1771214700,1195.1,1195.5,1191.6,1192.2,184869
1771215000,1192.4,1194.6,1192.1,1193.1,199258
1771215300,1193.0,1194.0,1189.4,1189.5,357160
1771215600,1190.0,1191.2,1186.6,1190.5,325563
1771215900,1190.5,1191.4,1190.0,1190.1,152110
1771216200,1190.0,1192.4,1190.0,1191.4,210294
1771216500,1191.6,1193.4,1191.4,1192.4,109066
1771216800,1192.5,1192.9,1191.2,1191.7,78065
1771217100,1192.1,1192.9,1189.6,1190.1,155622
1771217400,1190.6,1191.2,1189.0,1189.4,195877
1771217700,1189.4,1190.0,1188.7,1189.0,119973
1771218000,1188.9,1190.0,1188.4,1188.7,123585
1771218300,1189.0,1189.9,1187.3,1188.3,406536
1771218600,1188.2,1190.0,1187.1,1187.5,375724
1771218900,1187.5,1189.5,1187.0,1188.3,96232
1771219200,1188.3,1189.1,1188.0,1188.9,31797
1771219500,1188.7,1189.5,1188.0,1188.6,248696
1771219800,1188.8,1191.1,1188.0,1191.0,152328
1771220100,1190.5,1191.2,1189.0,1189.5,71427
1771220400,1189.2,1190.4,1188.1,1190.1,93612
1771220700,1190.0,1192.6,1190.0,1192.3,236017
1771221000,1192.3,1194.0,1192.0,1193.9,224334
1771221300,1193.9,1195.0,1192.6,1192.6,169133
1771221600,1192.6,1193.0,1190.0,1190.1,1214790
1771221900,1190.5,1191.4,1190.0,1191.0,339936
1771222200,1191.0,1191.4,1188.3,1190.8,957726
1771222500,1190.2,1191.4,1189.0,1190.5,342760
1771222800,1190.5,1190.6,1187.5,1189.8,209493
1771223100,1189.8,1189.8,1187.7,1188.8,85713
1771223400,1188.5,1189.0,1186.6,1186.7,137227
1771223700,1186.8,1189.1,1185.3,1188.3,249905
1771224000,1188.2,1190.8,1188.0,1190.2,188822
1771224300,1190.9,1192.6,1189.7,1191.7,284203
1771224600,1191.7,1193.0,1191.6,1192.6,89109
1771224900,1192.6,1195.0,1192.1,1194.2,228011
1771225200,1194.4,1198.1,1194.0,1195.7,241367
1771225500,1195.8,1197.4,1194.8,1194.9,130057
1771225800,1194.8,1195.5,1194.2,1194.2,60790
1771226100,1194.7,1194.9,1192.8,1193.4,56868
1771226400,1193.4,1193.9,1192.4,1193.8,49375
1771226700,1193.8,1194.5,1193.1,1193.2,26919
1771227000,1193.5,1195.3,1193.2,1193.7,55887
1771227300,1193.9,1194.7,1192.4,1194.4,115826
1771227600,1194.0,1195.5,1193.5,1195.0,103485
1771227900,1195.2,1195.4,1193.9,1194.1,33116
1771228200,1194.1,1195.5,1193.9,1195.5,46052
1771228500,1195.7,1197.0,1195.5,1196.6,101596
1771228800,1197.0,1197.6,1195.5,1196.7,104860
1771229100,1197.1,1199.9,1196.6,1199.5,209018
1771229400,1199.5,1200.3,1198.7,1199.5,143935
1771229700,1199.5,1199.8,1198.0,1198.5,77913
1771230000,1197.4,1198.7,1197.4,1198.2,85610
1771230300,1198.2,1198.7,1197.4,1197.9,77673
1771230600,1197.9,1199.5,1197.5,1198.6,87370
1771230900,1198.7,1199.4,1197.6,1198.1,85932
1771231200,1197.9,1204.9,1197.9,1202.2,352191
1771231500,1202.7,1207.0,1202.2,1205.4,272926
1771231800,1205.4,1206.9,1204.4,1204.9,135661
1771232100,1204.9,1206.0,1204.9,1205.1,127225
1771232400,1205.4,1206.0,1202.6,1203.1,163288
1771232700,1203.0,1203.2,1201.7,1203.0,110318
1771233000,1202.5,1203.1,1201.1,1202.6,85128
1771233300,1202.7,1203.4,1202.0,1203.0,111029
1771233600,1202.5,1204.4,1201.8,1203.8,144887
1771233900,1203.9,1205.0,1203.6,1203.8,111034
1771234200,1203.8,1205.5,1203.5,1205.2,162240
1771234500,1205.0,1208.9,1204.9,1208.1,345416
1771234800,1208.0,1209.0,1206.5,1207.5,258774
1771235100,1207.4,1209.0,1205.4,1209.0,297164
1771235400,1208.3,1210.7,1208.3,1210.0,255954
1771235700,1210.5,1212.3,1209.1,1210.7,253836
1771299900,1206.1,1207.7,1204.1,1206.0,413197
1771300200,1206.3,1207.0,1204.4,1205.8,306203
1771300500,1206.0,1212.0,1205.5,1211.7,444021
1771300800,1211.8,1211.8,1209.5,1210.3,363948
1771301100,1210.3,1210.7,1208.0,1209.3,252615
1771301400,1209.3,1210.9,1208.1,1210.6,178511
1771301700,1210.7,1210.8,1208.0,1209.7,217172
1771302000,1209.5,1213.0,1208.5,1211.8,231468
1771302300,1211.8,1214.6,1210.5,1213.6,270441
1771302600,1213.6,1215.8,1213.0,1214.2,303157
1771302900,1214.1,1216.7,1213.6,1215.6,401038
1771303200,1215.4,1217.0,1214.8,1215.8,386614
1771303500,1215.9,1217.2,1215.0,1215.9,263108
1771303800,1216.4,1220.9,1216.1,1220.2,797361
1771304100,1220.3,1225.0,1219.1,1224.8,495203
1771304400,1224.7,1225.5,1221.4,1224.9,433907
1771304700,1224.9,1225.2,1223.0,1223.1,287372
1771305000,1223.1,1223.4,1218.5,1220.0,401313
1771305300,1220.0,1222.8,1219.0,1220.8,260948
1771305600,1220.8,1220.9,1219.1,1220.0,195878
1771305900,1220.0,1221.1,1219.5,1220.6,200412
1771306200,1220.6,1220.7,1216.2,1217.8,554323
1771306500,1217.4,1219.9,1217.4,1219.4,221705
1771306800,1219.4,1220.4,1218.0,1218.5,181706
1771307100,1218.9,1219.2,1216.0,1217.0,718366
1771307400,1217.0,1218.8,1216.6,1218.0,171179
1771307700,1218.0,1219.5,1217.6,1218.0,179935
1771308000,1218.0,1218.5,1216.9,1217.6,220054
1771308300,1217.4,1218.9,1217.3,1218.0,197786
1771308600,1218.4,1219.6,1218.0,1218.8,139198
1771308900,1218.6,1220.0,1218.6,1219.9,164311
1771309200,1219.9,1221.0,1219.7,1220.7,164391
1771309500,1220.3,1223.4,1220.0,1222.8,156561
1771309800,1222.8,1223.7,1220.9,1221.0,169379
1771310100,1221.0,1222.4,1220.6,1221.7,92882
1771310400,1221.7,1222.1,1219.9,1220.1,113297
1771310700,1220.4,1223.5,1220.4,1221.8,219887
1771311000,1221.7,1223.6,1221.2,1223.5,189296
1771311300,1223.3,1223.6,1221.2,1221.7,264355
1771311600,1221.5,1221.7,1220.2,1221.0,164002
1771311900,1220.8,1221.3,1220.5,1221.1,119271
1771312200,1221.0,1222.8,1220.5,1221.7,84116
1771312500,1221.7,1223.1,1221.5,1222.5,112888
1771312800,1222.7,1223.3,1222.0,1222.9,132438
1771313100,1222.7,1223.3,1221.7,1222.3,139112
1771313400,1222.2,1222.9,1220.6,1221.2,183699
1771313700,1221.2,1223.7,1221.0,1223.7,218070
1771314000,1223.6,1223.9,1222.2,1223.0,186094
1771314300,1222.9,1223.1,1221.9,1222.6,121678
1771314600,1222.6,1222.9,1221.4,1222.7,128787
1771314900,1222.6,1223.3,1222.1,1223.1,122335
1771315200,1223.1,1223.5,1221.6,1221.6,131513
1771315500,1221.7,1222.8,1220.7,1221.8,239114
1771315800,1221.8,1222.1,1220.0,1220.2,220799
1771316100,1220.2,1220.9,1219.1,1220.1,234223
1771316400,1220.5,1220.5,1218.7,1219.4,170143
1771316700,1219.5,1219.9,1217.7,1218.1,220145
1771317000,1218.1,1219.0,1217.3,1217.9,272844
1771317300,1218.3,1218.5,1217.0,1217.2,230654
1771317600,1217.2,1217.2,1214.2,1215.2,372520
1771317900,1215.1,1216.7,1214.5,1215.7,306738
1771318200,1216.1,1216.5,1215.5,1216.0,175611
1771318500,1216.0,1216.6,1215.0,1215.4,209576
1771318800,1215.3,1216.9,1215.0,1216.9,154825
1771319100,1216.9,1218.6,1216.6,1218.3,250597
1771319400,1218.3,1218.8,1216.9,1217.6,396173
1771319700,1217.6,1217.9,1215.7,1216.6,211235
1771320000,1216.6,1216.8,1214.9,1215.1,238665
1771320300,1215.0,1215.5,1211.5,1212.1,533205
1771320600,1212.0,1213.5,1211.4,1212.1,309969
1771320900,1212.2,1213.1,1210.3,1212.9,476730
1771321200,1212.5,1213.9,1212.4,1213.0,278195
1771321500,1212.9,1214.4,1212.6,1213.4,485748
1771321800,1213.3,1215.6,1211.9,1215.0,652860
1771322100,1214.9,1215.5,1212.2,1213.6,366810
1771386300,1218.8,1220.9,1215.0,1217.5,780618
1771386600,1217.5,1220.5,1217.4,1218.2,299800
1771386900,1218.0,1220.4,1217.2,1218.4,227509
1771387200,1218.7,1219.9,1217.8,1219.3,195399
1771387500,1219.2,1222.4,1219.2,1220.7,379954
1771387800,1220.6,1223.5,1220.3,1222.9,171499
1771388100,1222.8,1224.1,1221.5,1222.2,225848
1771388400,1222.3,1222.4,1219.8,1221.3,259346
1771388700,1221.0,1221.5,1219.1,1219.8,186440
1771389000,1219.8,1220.7,1219.0,1220.4,108975
1771389300,1220.6,1221.8,1220.0,1220.9,156889
1771389600,1220.9,1221.0,1219.3,1219.6,117459
1771389900,1219.7,1221.2,1219.0,1219.9,202737
1771390200,1219.9,1219.9,1219.1,1219.5,139229
1771390500,1219.6,1221.0,1219.4,1220.8,166679
1771390800,1220.8,1221.5,1219.4,1219.5,93636
1771391100,1219.5,1219.5,1218.1,1218.1,149323
1771391400,1218.3,1218.3,1215.6,1215.6,219459
1771391700,1215.6,1218.0,1215.6,1217.5,165491
1771392000,1217.5,1218.9,1217.2,1218.8,106000
1771392300,1218.6,1219.5,1217.5,1217.6,108069
1771392600,1217.7,1217.9,1217.3,1217.4,63932
1771392900,1217.5,1217.5,1216.2,1216.3,134796
1771393200,1216.3,1217.1,1216.0,1216.9,74531
1771393500,1216.9,1217.2,1216.1,1217.2,61693
1771393800,1217.2,1217.9,1217.2,1217.7,62346
1771394100,1217.7,1219.3,1217.4,1218.6,75929
1771394400,1218.3,1219.9,1218.1,1219.8,72039
1771394700,1219.8,1220.5,1219.5,1219.9,89387
1771395000,1220.2,1220.2,1218.9,1219.7,63611
1771395300,1219.5,1220.0,1219.2,1219.4,57072
1771395600,1219.3,1220.0,1219.0,1219.5,57109
1771395900,1219.4,1219.7,1217.3,1217.7,98417
1771396200,1218.0,1218.4,1216.9,1217.0,80952
1771396500,1217.1,1219.6,1216.9,1219.1,85953
1771396800,1219.0,1219.1,1218.3,1218.8,44054
1771397100,1218.9,1219.0,1217.5,1217.7,69054
1771397400,1217.7,1218.7,1217.7,1218.7,51075
1771397700,1218.4,1219.0,1218.0,1218.6,50686
1771398000,1218.7,1219.7,1218.5,1219.3,71873
1771398300,1219.5,1220.6,1219.1,1220.4,80054
1771398600,1220.4,1220.6,1219.6,1220.3,70734
1771398900,1220.3,1220.6,1219.0,1219.5,141589
1771399200,1219.5,1220.3,1218.8,1219.9,148515
1771399500,1219.5,1219.8,1218.5,1218.7,61613
1771399800,1218.9,1219.2,1218.2,1218.5,51111
1771400100,1218.5,1218.8,1218.1,1218.3,50177
1771400400,1218.3,1218.9,1218.0,1218.4,46615
1771400700,1218.5,1219.5,1218.3,1218.9,61270
1771401000,1218.8,1218.9,1218.3,1218.7,57257
1771401300,1218.6,1219.6,1218.1,1218.3,69417
1771401600,1218.3,1218.5,1217.1,1217.6,95043
1771401900,1217.6,1217.8,1216.4,1216.7,91706
1771402200,1216.9,1217.0,1216.1,1216.2,95384
1771402500,1216.2,1217.0,1216.0,1216.9,126084
1771402800,1216.9,1216.9,1214.3,1214.5,150004
1771403100,1214.6,1216.2,1214.0,1215.6,119297
1771403400,1215.6,1215.9,1215.0,1215.4,76161
1771403700,1215.6,1216.8,1215.2,1216.4,63432
1771404000,1216.7,1217.9,1215.4,1217.8,163957
1771404300,1217.9,1218.6,1217.4,1218.4,112983
1771404600,1218.3,1220.6,1218.3,1220.3,186377
1771404900,1220.1,1221.5,1219.8,1220.1,146323
1771405200,1220.0,1222.5,1220.0,1220.7,185891
1771405500,1221.1,1221.1,1219.5,1219.6,145513
1771405800,1219.6,1220.5,1219.3,1219.8,103857
1771406100,1219.8,1220.7,1219.5,1220.4,76924
1771406400,1220.4,1220.5,1219.5,1219.8,68576
1771406700,1220.0,1221.0,1219.8,1220.3,104825
1771407000,1220.7,1221.0,1218.5,1219.0,214183
1771407300,1219.1,1219.9,1218.6,1219.2,277763
1771407600,1219.2,1219.4,1217.7,1218.5,248395
1771407900,1218.5,1218.9,1217.3,1218.1,281643
1771408200,1218.1,1220.0,1217.1,1219.9,281276
1771408500,1220.0,1221.0,1219.2,1219.2,166952
1771472700,1222.9,1224.9,1219.9,1222.0,567988
1771473000,1221.5,1222.5,1220.4,1220.4,179261
1771473300,1220.3,1220.8,1219.2,1219.9,147935
1771473600,1220.2,1220.9,1219.8,1220.4,85952
1771473900,1220.5,1222.7,1220.4,1221.2,128259
1771474200,1221.1,1221.9,1220.5,1220.7,77783
1771474500,1220.4,1220.6,1219.0,1219.4,78248
1771474800,1219.4,1219.9,1218.7,1219.0,101484
1771475100,1219.0,1219.0,1216.1,1216.7,127047
1771475400,1217.0,1217.3,1216.5,1216.8,69545
1771475700,1216.8,1217.5,1216.5,1216.7,77245
1771476000,1216.6,1216.9,1215.5,1215.5,102006
1771476300,1215.5,1216.5,1214.0,1215.7,118682
1771476600,1215.7,1216.2,1215.5,1216.0,38708
1771476900,1216.0,1216.0,1214.6,1214.7,76431
1771477200,1214.7,1215.0,1214.1,1214.1,54498
1771477500,1214.2,1214.5,1212.1,1212.3,108259
1771477800,1212.3,1212.8,1211.3,1211.8,99092
1771478100,1211.8,1212.0,1209.6,1211.3,95139
1771478400,1211.3,1214.0,1211.0,1213.2,91046
1771478700,1213.4,1214.3,1213.0,1214.2,53694
1771479000,1214.3,1214.5,1213.2,1213.3,53691
1771479300,1213.2,1213.5,1212.0,1212.4,66447
1771479600,1212.8,1213.7,1212.4,1213.1,41627
1771479900,1212.7,1213.5,1212.7,1212.8,38643
1771480200,1213.0,1213.0,1211.2,1211.3,46347
1771480500,1211.3,1212.0,1211.0,1211.4,56572
1771480800,1211.5,1212.4,1211.0,1212.0,44234
1771481100,1212.0,1212.2,1211.2,1211.8,37189
1771481400,1211.4,1212.2,1211.0,1211.6,405820
1771481700,1211.6,1211.6,1211.0,1211.3,31807
1771482000,1211.1,1212.0,1211.0,1211.8,55231
1771482300,1211.5,1212.0,1211.3,1211.7,42728
1771482600,1211.7,1212.0,1211.0,1211.2,70871
1771482900,1211.5,1211.9,1210.0,1210.0,109038
1771483200,1210.2,1210.2,1207.2,1207.5,145212
1771483500,1207.2,1209.5,1206.5,1208.6,168616
1771483800,1209.0,1210.8,1208.6,1210.5,111793
1771484100,1210.4,1210.8,1209.7,1210.0,67854
1771484400,1209.8,1210.4,1208.8,1209.4,88738
1771484700,1209.3,1210.0,1209.0,1209.3,73385
1771485000,1209.3,1209.7,1208.7,1209.4,59724
1771485300,1209.2,1211.6,1209.2,1211.0,109886
1771485600,1211.0,1212.9,1210.8,1211.8,110560
1771485900,1211.9,1212.3,1210.9,1211.2,49420
1771486200,1211.2,1211.9,1211.0,1211.0,62559
1771486500,1211.0,1213.8,1211.0,1213.7,111904
1771486800,1213.8,1213.8,1213.0,1213.1,117464
1771487100,1213.0,1213.0,1211.2,1211.8,38914
1771487400,1211.9,1212.1,1211.0,1211.0,42203
1771487700,1211.1,1211.5,1210.3,1211.2,77876
1771488000,1211.1,1211.5,1209.5,1210.1,118580
1771488300,1210.2,1211.3,1209.8,1210.6,123370
1771488600,1210.6,1211.5,1210.3,1210.3,42627
1771488900,1210.3,1211.0,1209.5,1209.8,40396
1771489200,1209.7,1211.2,1209.2,1210.7,196734
1771489500,1210.7,1211.1,1210.0,1210.5,38797
1771489800,1210.4,1211.6,1209.6,1210.2,102018
1771490100,1210.1,1210.5,1209.9,1210.0,51597
1771490400,1210.1,1210.8,1209.5,1210.4,60282
1771490700,1210.6,1213.3,1210.5,1213.2,211934
1771491000,1213.2,1213.9,1212.0,1212.0,243201
1771491300,1212.0,1212.3,1210.1,1210.1,66879
1771491600,1210.1,1211.9,1210.1,1211.1,65577
1771491900,1211.1,1212.5,1211.0,1211.7,80733
1771492200,1211.7,1211.8,1209.7,1209.7,90358
1771492500,1209.6,1209.7,1208.0,1209.5,210822
1771492800,1209.7,1210.9,1209.1,1210.1,114824
1771493100,1210.0,1210.6,1209.1,1209.9,82748
1771493400,1210.1,1210.3,1207.2,1209.1,527182
1771493700,1209.0,1210.2,1207.8,1209.2,495034
1771494000,1209.2,1209.5,1205.1,1206.8,348714
1771494300,1206.8,1206.9,1203.7,1203.8,301832
1771494600,1203.8,1203.8,1199.2,1202.4,584654
1771494900,1202.0,1203.9,1200.6,1203.0,328132
1771559100,1206.2,1213.5,1204.4,1209.6,345359
1771559400,1209.6,1211.3,1207.1,1207.6,190577
1771559700,1207.5,1207.9,1201.8,1201.9,184249
1771560000,1201.8,1206.9,1201.8,1206.6,122199
1771560300,1206.9,1207.4,1205.0,1206.0,92912
1771560600,1205.9,1206.0,1204.6,1206.0,81591
1771560900,1205.9,1209.9,1205.8,1209.3,118711
1771561200,1209.4,1209.7,1208.7,1209.6,79334
1771561500,1209.6,1210.0,1208.8,1209.7,54100
1771561800,1209.8,1210.3,1208.1,1208.7,77683
1771562100,1208.9,1209.2,1206.6,1206.9,63929
1771562400,1207.0,1207.3,1205.7,1206.3,70900
1771562700,1206.4,1209.8,1206.2,1209.1,70035
1771563000,1209.4,1209.5,1207.5,1208.0,50826
1771563300,1208.0,1208.9,1207.7,1208.0,35113
1771563600,1208.1,1209.4,1208.1,1208.7,45734
1771563900,1208.7,1211.0,1208.7,1209.3,188417
1771564200,1209.3,1210.5,1208.7,1210.0,114977
1771564500,1210.3,1211.0,1207.5,1207.8,253474
1771564800,1207.9,1208.2,1206.7,1208.1,111041
1771565100,1208.2,1208.6,1206.9,1207.7,95717
1771565400,1208.0,1208.0,1205.3,1206.3,344858
1771565700,1206.2,1206.8,1205.2,1205.6,147638
1771566000,1205.6,1205.9,1203.1,1203.5,147825
1771566300,1203.9,1204.6,1203.6,1204.4,262029
1771566600,1204.1,1204.8,1203.1,1203.2,76283
1771566900,1203.1,1205.3,1203.1,1205.2,122642
1771567200,1205.1,1206.0,1204.1,1205.8,151515
1771567500,1205.8,1206.5,1205.0,1205.8,120078
1771567800,1206.0,1206.1,1204.5,1204.7,117887
1771568100,1204.8,1205.5,1203.4,1203.8,97190
1771568400,1204.1,1204.8,1203.0,1203.6,62093
1771568700,1203.9,1207.8,1203.5,1207.5,120310
1771569000,1207.6,1208.4,1207.0,1208.0,72467
1771569300,1208.1,1208.1,1207.1,1207.4,58904
1771569600,1207.7,1207.9,1207.1,1207.2,33047
1771569900,1207.5,1212.2,1207.2,1212.0,417738
1771570200,1212.6,1217.4,1211.7,1214.4,486079
1771570500,1214.4,1214.8,1212.6,1213.6,144500
1771570800,1213.6,1214.9,1213.1,1214.5,173588
1771571100,1214.6,1216.6,1214.5,1215.7,203446
1771571400,1215.7,1216.0,1213.7,1213.9,83499
1771571700,1213.9,1214.0,1212.4,1212.5,70061
1771572000,1212.7,1213.4,1212.1,1212.9,38127
1771572300,1213.4,1213.4,1210.8,1211.6,62942
1771572600,1211.6,1212.3,1210.9,1211.9,33276
1771572900,1211.8,1211.9,1208.5,1208.5,69039
1771573200,1208.6,1208.6,1204.5,1206.0,625014
1771573500,1206.2,1207.3,1205.3,1206.9,68272
1771573800,1206.5,1208.1,1205.6,1207.8,86292
1771574100,1207.9,1210.0,1207.3,1209.7,58479
1771574400,1209.7,1211.0,1209.0,1210.5,89906
1771574700,1210.8,1211.8,1210.3,1210.3,48873
1771575000,1211.1,1211.1,1208.4,1209.7,55215
1771575300,1209.9,1210.5,1209.2,1210.5,44768
1771575600,1210.3,1210.9,1210.0,1210.0,43894
1771575900,1210.0,1212.5,1209.9,1212.3,48050
1771576200,1212.5,1212.8,1210.0,1211.2,186840
1771576500,1211.3,1212.1,1209.7,1211.7,80473
1771576800,1211.8,1212.2,1210.8,1211.2,46428
1771577100,1211.1,1212.0,1210.9,1212.0,37566
1771577400,1212.0,1212.3,1211.6,1211.6,37190
1771577700,1211.9,1212.3,1210.7,1210.7,44516
1771578000,1210.9,1212.0,1210.3,1211.7,34265
1771578300,1211.8,1213.7,1211.7,1213.2,77689
1771578600,1213.2,1213.9,1212.4,1213.8,49498
1771578900,1213.8,1215.3,1213.4,1214.7,81626
1771579200,1215.0,1215.0,1212.6,1213.8,56239
1771579500,1213.6,1215.3,1213.6,1215.2,96833
1771579800,1215.5,1216.8,1214.7,1215.4,302992
1771580100,1215.4,1216.2,1214.1,1216.2,252917
1771580400,1216.1,1216.2,1215.7,1216.0,245244
1771580700,1216.0,1216.9,1215.6,1216.3,336124
1771581000,1216.4,1217.7,1215.9,1217.5,313954
1771581300,1217.2,1218.0,1214.2,1216.2,316872
1771818300,1222.0,1222.9,1217.1,1220.8,287739
1771818600,1221.0,1225.8,1221.0,1225.2,288196
1771818900,1225.5,1228.9,1225.1,1228.7,240823
1771819200,1228.7,1229.0,1225.1,1225.1,179362
1771819500,1225.2,1227.1,1224.0,1225.3,126635
1771819800,1225.3,1225.8,1224.2,1224.6,62458
1771820100,1224.6,1227.4,1224.6,1227.4,124380
1771820400,1227.4,1227.4,1225.8,1227.0,85810
1771820700,1227.0,1229.9,1226.8,1229.5,154233
1771821000,1229.2,1231.1,1228.6,1229.6,263474
1771821300,1229.7,1230.5,1229.2,1229.2,127898
1771821600,1229.4,1229.6,1228.1,1229.6,86842
1771821900,1229.7,1230.8,1229.2,1229.9,125301
1771822200,1230.0,1230.2,1228.5,1229.9,116324
1771822500,1230.0,1230.0,1228.0,1229.0,65020
1771822800,1228.9,1229.1,1227.5,1227.8,132273
1771823100,1228.0,1229.1,1227.5,1228.9,79276
1771823400,1229.0,1229.5,1227.5,1227.8,94548
1771823700,1227.8,1228.7,1227.1,1227.5,126711
1771824000,1227.6,1229.0,1227.4,1228.0,186104
1771824300,1227.9,1229.0,1227.5,1228.6,152643
1771824600,1228.7,1228.7,1227.3,1227.5,126704
1771824900,1227.3,1228.3,1225.7,1228.3,202409
1771825200,1228.3,1228.9,1227.1,1227.9,79061
1771825500,1227.8,1228.0,1227.4,1227.9,33857
1771825800,1228.0,1228.0,1226.8,1227.1,42408
1771826100,1227.1,1227.5,1226.9,1227.2,23204
1771826400,1227.2,1227.2,1225.4,1225.8,93127
1771826700,1225.8,1226.2,1224.8,1225.0,426057
1771827000,1225.2,1225.5,1224.6,1224.9,52198
1771827300,1225.0,1225.6,1224.0,1224.2,502149
1771827600,1224.2,1225.3,1224.0,1225.0,59948
1771827900,1225.0,1225.2,1223.6,1223.8,74650
1771828200,1223.9,1224.2,1223.6,1224.1,58421
1771828500,1224.2,1225.3,1224.1,1224.3,53981
1771828800,1224.3,1224.5,1223.5,1224.3,43686
1771829100,1224.2,1224.3,1223.2,1223.2,62322
1771829400,1223.3,1224.0,1222.5,1223.0,81821
1771829700,1223.1,1223.1,1222.1,1222.3,79959
1771830000,1222.4,1222.4,1221.0,1221.9,187058
1771830300,1221.8,1223.0,1221.8,1222.6,106837
1771830600,1222.5,1223.8,1221.8,1223.2,154269
1771830900,1223.3,1225.0,1222.8,1222.8,125638
1771831200,1222.9,1225.0,1222.8,1224.8,162999
1771831500,1224.9,1225.0,1223.8,1223.9,108421
1771831800,1224.0,1224.0,1223.9,1224.0,75197
1771832100,1224.0,1224.9,1223.9,1224.4,113619
1771832400,1224.4,1224.4,1222.6,1222.7,77912
1771832700,1222.9,1223.4,1221.6,1223.0,96177
1771833000,1223.0,1224.1,1222.5,1223.9,105940
1771833300,1224.0,1224.9,1222.7,1223.9,130323
1771833600,1223.8,1224.0,1222.3,1222.9,114183
1771833900,1223.0,1224.3,1222.8,1224.3,115443
1771834200,1224.2,1224.6,1223.6,1224.2,66673
1771834500,1224.2,1224.8,1223.9,1224.4,61162
1771834800,1224.3,1224.6,1223.9,1223.9,43499
1771835100,1224.0,1224.8,1223.9,1224.3,71726
1771835400,1224.3,1224.6,1221.8,1222.0,174625
1771835700,1222.0,1223.3,1221.8,1222.0,128709
1771836000,1222.0,1222.0,1221.7,1222.0,83396
1771836300,1222.0,1223.8,1222.0,1223.4,121671
1771836600,1223.4,1224.5,1222.8,1224.2,84338
1771836900,1224.2,1225.6,1223.4,1225.2,157304
1771837200,1225.9,1227.3,1224.3,1225.7,98075
1771837500,1225.7,1226.0,1223.9,1224.8,126606
1771837800,1224.8,1225.1,1224.1,1224.9,61881
1771838100,1224.8,1226.0,1224.4,1225.9,58330
1771838400,1226.0,1226.0,1225.1,1225.5,52385
1771838700,1225.7,1226.0,1225.4,1225.6,84918
1771839000,1225.9,1228.9,1225.9,1227.9,293730
1771839300,1227.9,1228.7,1227.3,1228.0,160387
1771839600,1227.9,1228.0,1227.3,1227.5,135096
1771839900,1227.5,1228.1,1227.1,1227.5,203825
1771840200,1227.5,1228.3,1227.2,1227.7,301350
1771840500,1227.6,1229.0,1227.3,1228.9,256153
1771904700,1232.0,1233.9,1225.0,1229.4,622292
1771905000,1229.5,1232.0,1228.2,1231.5,222155
1771905300,1231.4,1232.6,1229.5,1229.6,144707
1771905600,1229.6,1231.5,1229.6,1230.8,103717
1771905900,1230.8,1233.5,1230.0,1233.2,208553
1771906200,1233.2,1233.4,1228.6,1229.7,212389
1771906500,1229.9,1234.7,1229.6,1232.0,371832
1771906800,1232.1,1232.2,1229.2,1231.0,219748
1771907100,1231.2,1231.6,1228.8,1230.1,90485
1771907400,1230.2,1230.8,1229.0,1229.4,69051
1771907700,1229.3,1229.6,1227.4,1228.4,136634
1771908000,1228.3,1228.3,1225.8,1226.5,259606
1771908300,1226.7,1230.5,1226.5,1230.4,166891
1771908600,1230.5,1231.2,1229.1,1229.5,80732
1771908900,1229.5,1230.1,1228.3,1230.0,65088
1771909200,1230.2,1230.6,1228.2,1228.9,92018
1771909500,1228.9,1230.0,1228.5,1230.0,57779
1771909800,1230.0,1230.0,1229.4,1229.7,53736
1771910100,1229.9,1230.2,1229.7,1229.9,71888
1771910400,1229.7,1230.1,1228.4,1228.7,115171
1771910700,1228.7,1228.7,1228.0,1228.1,109323
1771911000,1228.1,1228.5,1227.9,1227.9,78919
1771911300,1228.0,1228.4,1227.8,1227.8,121309
1771911600,1227.9,1228.6,1227.7,1227.7,138949
1771911900,1227.9,1229.1,1227.2,1228.9,103785
1771912200,1228.9,1230.0,1228.6,1228.6,109141
1771912500,1229.0,1230.0,1228.5,1229.8,88555
1771912800,1229.7,1230.7,1229.1,1229.3,165618
1771913100,1229.3,1230.0,1228.7,1229.6,176875
1771913400,1229.6,1229.9,1226.1,1226.5,106276
1771913700,1226.2,1226.5,1224.3,1225.2,228110
1771914000,1225.2,1225.2,1220.8,1221.1,287453
1771914300,1221.0,1222.4,1221.0,1221.0,210419
1771914600,1221.2,1221.4,1219.7,1221.0,433222
1771914900,1221.0,1223.5,1220.5,1222.9,244300
1771915200,1222.9,1223.0,1222.3,1222.9,107008
1771915500,1222.9,1223.0,1222.0,1222.7,170025
1771915800,1222.7,1223.5,1222.1,1222.1,114825
1771916100,1222.7,1222.9,1221.5,1222.9,75940
1771916400,1222.9,1224.0,1222.2,1223.5,121725
1771916700,1223.7,1225.0,1223.6,1224.5,121111
1771917000,1224.5,1224.7,1223.2,1223.5,43452
1771917300,1223.6,1223.7,1221.3,1221.6,97748
1771917600,1221.7,1223.2,1221.1,1222.8,116612
1771917900,1222.9,1223.0,1222.0,1222.9,65681
1771918200,1223.0,1225.0,1222.1,1224.9,184760
1771918500,1224.8,1224.9,1223.4,1224.1,54861
1771918800,1224.1,1226.3,1223.7,1225.6,211317
1771919100,1225.6,1225.9,1224.3,1224.6,125685
1771919400,1224.6,1225.5,1224.1,1225.3,116337
1771919700,1225.2,1225.4,1224.4,1224.4,50673
1771920000,1224.4,1224.4,1221.3,1221.6,336217
1771920300,1221.6,1223.0,1220.1,1222.9,123067
1771920600,1222.9,1224.0,1222.7,1223.9,185377
1771920900,1224.0,1224.6,1223.0,1223.3,113776
1771921200,1223.3,1224.1,1223.1,1224.0,42902
1771921500,1224.0,1226.5,1223.9,1226.0,254092
1771921800,1226.2,1226.3,1223.4,1223.6,112220
1771922100,1223.8,1224.5,1223.6,1224.4,56479
1771922400,1224.4,1225.0,1224.1,1224.3,166684
1771922700,1224.5,1225.4,1224.2,1225.0,185489
1771923000,1225.0,1225.5,1223.1,1223.8,218152
1771923300,1223.4,1224.2,1222.5,1222.5,1445445
1771923600,1222.5,1223.0,1221.5,1221.9,153265
1771923900,1222.0,1223.2,1221.5,1223.2,204994
1771924200,1223.2,1223.7,1221.3,1221.8,198055
1771924500,1221.6,1222.5,1220.8,1221.0,244690
1771924800,1221.4,1223.5,1220.9,1223.2,258380
1771925100,1223.3,1223.9,1222.6,1223.4,462235
1771925400,1223.7,1225.4,1222.1,1222.8,471513
1771925700,1222.9,1223.7,1222.0,1222.7,516996
1771926000,1222.6,1224.5,1222.2,1222.9,717141
1771926300,1222.9,1223.5,1222.8,1223.2,506848
1771926600,1223.3,1224.0,1223.1,1223.3,540829
1771926900,1223.4,1227.0,1222.7,1225.4,398712
1771991100,1228.1,1228.1,1219.5,1222.8,448261
1771991400,1223.2,1225.2,1220.0,1221.0,211577
1771991700,1221.0,1222.4,1217.0,1217.7,208607
1771992000,1217.3,1220.6,1216.6,1220.4,160372
1771992300,1220.3,1220.9,1218.2,1218.2,124263
1771992600,1218.3,1219.1,1217.8,1217.9,113839
1771992900,1217.9,1218.3,1216.0,1216.9,169040
1771993200,1216.9,1218.8,1216.9,1217.8,108776
1771993500,1217.3,1217.8,1215.0,1216.0,160945
1771993800,1215.8,1217.7,1215.6,1217.2,60930
1771994100,1217.4,1222.8,1217.2,1222.1,224101
1771994400,1222.0,1222.1,1219.9,1220.9,105137
1771994700,1221.0,1221.7,1220.4,1220.5,73479
1771995000,1220.5,1221.0,1220.0,1220.8,55437
1771995300,1220.8,1221.0,1220.2,1220.8,45886
1771995600,1220.8,1221.8,1220.1,1220.4,82168
1771995900,1220.2,1220.5,1219.2,1219.2,81362
1771996200,1219.2,1219.4,1214.4,1214.9,253322
1771996500,1214.9,1216.2,1211.0,1212.5,195447
1771996800,1212.5,1214.5,1212.1,1213.8,113306
1771997100,1213.7,1215.7,1213.7,1214.5,121661
1771997400,1214.5,1215.2,1214.3,1214.8,46005
1771997700,1214.7,1215.5,1212.4,1212.6,77676
1771998000,1212.8,1213.2,1212.4,1213.1,59634
1771998300,1213.0,1213.2,1211.5,1212.0,109683
1771998600,1211.8,1212.5,1210.6,1211.7,232717
1771998900,1211.9,1214.2,1211.4,1212.9,112833
1771999200,1212.8,1213.2,1211.8,1212.3,127870
1771999500,1212.5,1212.9,1209.6,1210.4,340106
1771999800,1210.5,1211.5,1209.8,1211.4,160366
1772000100,1211.2,1212.2,1209.9,1210.3,279559
1772000400,1210.3,1210.7,1209.8,1210.0,82765
1772000700,1209.9,1211.0,1209.7,1210.0,190080
1772001000,1209.9,1210.5,1209.7,1210.3,87236
1772001300,1210.3,1211.7,1210.1,1211.0,104979
1772001600,1211.0,1211.0,1209.7,1209.9,85521
1772001900,1209.8,1214.0,1209.5,1213.7,98764
1772002200,1213.8,1215.0,1211.3,1211.8,75687
1772002500,1211.7,1212.7,1210.9,1211.5,68595
1772002800,1211.5,1213.3,1211.4,1211.8,86870
1772003100,1211.7,1211.8,1210.0,1211.4,65721
1772003400,1211.1,1211.7,1210.7,1210.8,51731
1772003700,1210.8,1210.8,1209.5,1210.4,93592
1772004000,1210.4,1211.2,1208.6,1208.9,121480
1772004300,1208.9,1209.9,1208.1,1208.4,62460
1772004600,1208.3,1208.4,1206.1,1207.3,194071
1772004900,1207.3,1208.0,1205.5,1206.5,220980
1772005200,1206.4,1207.5,1204.6,1204.9,314523
1772005500,1204.8,1206.7,1204.8,1204.9,618122
1772005800,1205.0,1206.0,1204.6,1204.8,402455
1772006100,1205.0,1205.0,1202.6,1203.6,1049076
1772006400,1203.6,1205.0,1202.9,1203.8,402527
1772006700,1203.9,1203.9,1200.8,1201.6,353826
1772007000,1201.9,1202.0,1200.0,1201.3,696686
1772007300,1201.5,1201.5,1199.8,1200.1,1290998
1772007600,1200.3,1201.3,1200.1,1200.9,107377
1772007900,1201.0,1202.8,1200.7,1201.6,119092
1772008200,1201.5,1201.6,1198.4,1199.0,225361
1772008500,1198.8,1200.0,1198.5,1199.5,76514
1772008800,1199.5,1201.0,1199.3,1200.0,262333
1772009100,1200.0,1201.0,1199.9,1200.6,403646
1772009400,1200.6,1201.0,1199.4,1199.7,160200
1772009700,1199.8,1201.0,1199.8,1200.2,77605
1772010000,1200.2,1202.0,1200.1,1200.3,104099
1772010300,1200.4,1200.9,1200.0,1200.2,72899
1772010600,1200.1,1200.2,1198.5,1198.9,150502
1772010900,1199.0,1199.6,1197.8,1198.3,863343
1772011200,1198.1,1200.0,1197.7,1200.0,198093
1772011500,1200.1,1200.7,1199.2,1200.1,217229
1772011800,1200.4,1203.1,1200.3,1201.9,1697195
1772012100,1201.8,1201.8,1199.9,1200.0,490155
1772012400,1200.0,1200.4,1199.1,1199.5,534570
1772012700,1199.6,1200.0,1198.3,1199.9,652970
1772013000,1200.0,1200.1,1198.2,1198.7,800453
1772013300,1198.9,1199.9,1197.5,1199.3,835587
1772077500,1201.0,1205.6,1199.0,1204.5,417563
1772077800,1204.5,1205.0,1201.0,1203.1,197225
1772078100,1203.0,1204.0,1201.6,1202.7,116033
1772078400,1202.9,1203.0,1201.4,1203.0,75316
1772078700,1203.0,1203.0,1201.6,1202.3,55435
1772079000,1202.5,1204.8,1202.3,1203.3,92251
1772079300,1203.4,1203.9,1201.2,1202.8,65948
1772079600,1202.8,1202.9,1201.2,1201.3,35818
1772079900,1201.7,1203.5,1201.0,1202.9,44763
1772080200,1202.9,1204.4,1200.2,1200.2,88326
1772080500,1200.5,1202.6,1200.2,1200.2,73901
1772080800,1200.3,1200.9,1197.2,1197.8,149805
1772081100,1198.0,1198.9,1194.4,1198.1,178897
1772081400,1198.2,1198.5,1196.1,1196.3,62103
1772081700,1196.3,1198.2,1196.0,1196.7,66106
1772082000,1197.0,1197.5,1192.2,1192.5,309143
1772082300,1192.9,1193.0,1189.6,1189.9,369013
1772082600,1190.1,1193.8,1188.9,1193.8,444956
1772082900,1193.9,1194.7,1193.3,1194.5,145235
1772083200,1194.3,1195.5,1194.1,1194.5,100306
1772083500,1194.5,1194.6,1193.3,1193.6,78403
1772083800,1193.5,1194.0,1192.0,1193.9,182682
1772084100,1193.8,1194.0,1191.9,1192.0,126751
1772084400,1192.1,1193.5,1191.9,1192.2,98798
1772084700,1192.1,1193.0,1191.6,1192.5,71743
1772085000,1192.4,1195.0,1191.6,1194.1,87382
1772085300,1194.2,1194.9,1193.7,1194.0,320381
1772085600,1193.9,1195.7,1193.3,1195.1,105626
1772085900,1195.0,1197.0,1194.8,1195.0,154393
1772086200,1194.9,1195.1,1194.0,1194.2,95118
1772086500,1194.1,1194.2,1192.8,1193.5,98559
1772086800,1193.2,1193.7,1191.7,1192.9,314489
1772087100,1192.7,1193.3,1190.7,1191.5,122941
1772087400,1191.1,1192.0,1191.0,1191.6,215246
1772087700,1191.6,1192.2,1190.0,1190.2,168279
1772088000,1190.3,1192.0,1189.9,1191.0,162140
1772088300,1190.8,1192.4,1190.8,1191.9,107938
1772088600,1192.0,1192.4,1189.8,1190.9,267240
1772088900,1190.9,1191.7,1190.8,1191.6,63311
1772089200,1191.5,1192.1,1191.5,1191.6,73050
1772089500,1191.8,1194.1,1191.7,1192.9,198820
1772089800,1192.9,1194.2,1192.6,1192.6,153963
1772090100,1192.7,1193.4,1192.0,1192.3,87364
1772090400,1192.2,1192.8,1192.0,1192.6,32082
1772090700,1192.6,1193.0,1191.6,1192.1,194525
1772091000,1192.3,1193.0,1192.0,1192.7,48125
1772091300,1192.7,1192.8,1191.5,1191.5,38513
1772091600,1191.7,1192.5,1190.5,1192.4,148671
1772091900,1192.4,1195.0,1192.0,1194.7,161077
1772092200,1194.9,1196.0,1193.9,1196.0,127625
1772092500,1196.0,1198.0,1195.7,1197.0,232535
1772092800,1196.8,1197.0,1195.0,1195.0,68477
1772093100,1195.0,1196.7,1195.0,1196.3,73074
1772093400,1196.4,1200.0,1196.3,1199.6,150961
1772093700,1199.9,1200.0,1196.9,1198.6,269529
1772094000,1198.6,1199.2,1197.8,1198.8,110961
1772094300,1198.9,1199.6,1197.8,1198.4,74004
1772094600,1198.4,1199.9,1198.1,1199.1,65794
1772094900,1199.1,1199.5,1198.3,1199.5,178380
1772095200,1199.5,1202.5,1199.2,1200.0,484126
1772095500,1200.2,1201.5,1198.0,1198.6,233217
1772095800,1198.9,1199.4,1197.7,1198.0,243689
1772096100,1198.0,1199.2,1196.7,1197.9,579731
1772096400,1197.9,1201.3,1197.5,1201.1,188566
1772096700,1200.8,1206.0,1200.3,1205.9,329571
1772097000,1205.7,1211.9,1205.2,1211.5,436257
1772097300,1211.4,1215.4,1210.6,1212.8,697731
1772097600,1212.8,1213.1,1210.2,1210.4,141233
1772097900,1210.3,1212.0,1209.5,1209.5,121723
1772098200,1209.5,1214.1,1208.1,1209.6,757191
1772098500,1209.5,1212.4,1208.8,1211.9,552222
1772098800,1212.2,1212.4,1208.0,1208.8,668447
1772099100,1208.7,1210.5,1208.6,1209.8,640541
1772099400,1209.8,1210.0,1208.0,1208.2,984158
1772099700,1208.1,1212.7,1207.8,1210.5,690555
1772163900,1207.0,1209.2,1204.1,1209.0,232824
1772164200,1208.7,1209.9,1207.4,1209.9,89181
1772164500,1209.9,1211.8,1208.4,1208.5,162108
1772164800,1208.7,1209.0,1208.0,1208.7,85564
1772165100,1208.7,1208.8,1206.2,1207.5,114523
1772165400,1207.7,1207.8,1205.7,1206.2,77958
1772165700,1205.8,1206.0,1203.5,1204.9,89375
1772166000,1204.8,1205.0,1202.5,1203.0,89536
1772166300,1202.7,1204.0,1202.4,1203.1,70440
1772166600,1203.0,1204.8,1202.5,1204.7,57698
1772166900,1204.5,1205.0,1201.0,1201.8,115109
1772167200,1201.7,1202.3,1201.5,1201.9,60071
1772167500,1201.9,1202.3,1200.2,1201.9,103854
1772167800,1201.8,1204.2,1201.8,1202.0,150406
1772168100,1202.0,1203.3,1201.9,1203.0,59637
1772168400,1203.1,1204.7,1202.9,1203.6,109344
1772168700,1203.8,1204.2,1202.5,1202.6,45563
1772169000,1202.6,1202.6,1200.2,1200.3,136808
1772169300,1200.3,1201.4,1200.2,1201.3,71851
1772169600,1201.2,1201.3,1199.2,1199.8,138435
1772169900,1199.5,1200.1,1199.5,1199.9,52360
1772170200,1199.9,1202.1,1199.4,1201.8,81472
1772170500,1201.8,1202.9,1200.6,1202.9,110076
1772170800,1203.0,1203.4,1201.2,1203.4,118346
1772171100,1203.4,1203.7,1201.4,1203.1,126860
1772171400,1203.2,1203.9,1201.5,1202.5,133998
1772171700,1202.5,1202.8,1200.4,1201.0,37888
1772172000,1200.9,1201.0,1199.5,1200.0,78902
1772172300,1199.9,1200.0,1198.6,1199.2,79745
1772172600,1199.3,1200.8,1199.2,1199.9,121244
1772172900,1200.0,1201.0,1199.9,1200.2,134874
1772173200,1200.2,1202.0,1200.2,1201.0,108251
1772173500,1201.1,1202.4,1200.7,1201.5,83800
1772173800,1201.6,1204.8,1201.3,1203.2,87747
1772174100,1203.4,1203.7,1200.8,1200.8,79553
1772174400,1200.9,1201.0,1199.9,1200.3,135017
1772174700,1200.4,1201.3,1199.9,1200.1,105016
1772175000,1200.1,1201.7,1200.0,1200.5,111612
1772175300,1200.5,1202.5,1200.0,1202.2,155070
1772175600,1202.3,1202.5,1201.6,1202.1,85069
1772175900,1202.1,1203.0,1201.3,1202.0,101032
1772176200,1201.9,1202.6,1201.3,1202.3,83879
1772176500,1202.2,1204.6,1202.0,1203.9,143619
1772176800,1204.0,1206.0,1203.9,1205.3,104499
1772177100,1205.4,1205.9,1205.2,1205.9,42962
1772177400,1205.8,1206.9,1205.7,1206.3,58592
1772177700,1206.3,1207.9,1206.3,1207.3,54884
1772178000,1207.4,1207.5,1206.0,1206.1,57135
1772178300,1206.4,1206.4,1203.9,1204.1,59170
1772178600,1204.2,1205.2,1204.0,1205.0,46303
1772178900,1205.0,1206.3,1205.0,1206.0,52062
1772179200,1206.0,1206.0,1202.5,1202.6,55582
1772179500,1202.8,1204.1,1202.0,1202.4,90991
1772179800,1202.3,1204.1,1202.3,1203.6,62102
1772180100,1203.6,1204.4,1203.5,1204.3,47632
1772180400,1203.8,1204.3,1202.9,1203.4,40933
1772180700,1203.3,1205.6,1203.3,1205.4,47791
1772181000,1205.4,1205.8,1203.4,1204.2,54944
1772181300,1204.1,1205.0,1203.8,1204.7,38494
1772181600,1204.7,1205.1,1203.6,1204.0,42044
1772181900,1204.0,1205.3,1203.9,1205.1,45103
1772182200,1205.2,1205.5,1204.6,1205.0,42508
1772182500,1204.9,1205.0,1203.7,1204.4,42073
1772182800,1204.3,1205.5,1203.5,1205.5,67728
1772183100,1205.5,1207.9,1205.4,1207.9,156239
1772183400,1207.9,1208.2,1207.0,1207.5,72252
1772183700,1207.7,1208.0,1207.0,1207.6,75778
1772184000,1207.6,1207.9,1206.3,1207.0,67579
1772184300,1206.9,1207.9,1206.6,1207.9,69754
1772184600,1207.8,1207.8,1200.4,1200.8,854852
1772184900,1200.9,1202.0,1199.1,1201.2,869020
1772185200,1201.2,1203.6,1201.2,1202.4,674826
1772185500,1202.4,1203.2,1201.8,1201.8,773874
1772185800,1201.8,1203.2,1199.8,1201.2,886881
1772186100,1201.1,1202.2,1200.0,1200.0,599390
1772423100,1185.0,1197.3,1181.0,1193.3,872458
1772423400,1193.3,1197.0,1190.0,1191.2,256533
1772423700,1191.5,1193.4,1189.5,1192.1,237384
1772424000,1192.2,1195.0,1192.0,1194.1,168990
1772424300,1194.4,1194.6,1192.3,1193.1,93448
1772424600,1193.0,1195.0,1193.0,1194.6,57824
1772424900,1194.4,1194.6,1192.0,1192.1,86207
1772425200,1192.1,1192.9,1190.7,1191.0,89140
1772425500,1191.4,1192.0,1188.5,1189.2,183480
1772425800,1189.0,1190.0,1187.0,1187.0,142416
1772426100,1187.0,1187.3,1182.0,1182.1,195989
1772426400,1182.3,1183.7,1180.2,1182.9,280512
1772426700,1183.0,1183.9,1179.4,1182.0,208663
1772427000,1181.9,1182.5,1181.0,1181.0,68131
1772427300,1181.1,1182.5,1181.0,1181.9,94313
1772427600,1181.9,1184.9,1181.7,1184.2,88901
1772427900,1184.0,1185.0,1183.1,1183.9,114964
1772428200,1183.9,1184.5,1183.3,1183.4,52909
1772428500,1183.4,1184.7,1183.0,1183.8,386507
1772428800,1184.0,1184.7,1181.9,1182.0,102006
1772429100,1182.0,1184.6,1181.7,1184.4,210786
1772429400,1184.5,1185.5,1184.0,1185.2,106885
1772429700,1185.5,1185.5,1183.0,1183.6,48301
1772430000,1183.5,1183.8,1182.1,1183.5,466533
1772430300,1183.5,1185.4,1183.4,1185.1,85050
1772430600,1185.0,1186.2,1184.7,1185.8,98833
1772430900,1185.9,1188.0,1185.5,1185.5,107332
1772431200,1185.7,1190.4,1185.5,1189.0,601480
1772431500,1189.0,1190.0,1187.7,1188.7,132221
1772431800,1188.7,1189.2,1186.5,1188.0,251598
1772432100,1188.0,1188.8,1185.2,1186.0,97477
1772432400,1186.1,1186.7,1184.8,1185.2,54482
1772432700,1185.6,1185.7,1181.9,1182.9,121376
1772433000,1182.9,1183.4,1181.4,1182.8,116185
1772433300,1182.9,1184.1,1182.0,1183.7,77571
1772433600,1183.7,1184.4,1182.5,1182.6,96428
1772433900,1182.7,1183.8,1181.6,1183.3,114248
1772434200,1183.2,1184.7,1183.2,1183.9,88562
1772434500,1184.2,1184.3,1182.2,1182.3,74469
1772434800,1182.5,1183.5,1181.9,1182.8,89394
1772435100,1182.6,1183.0,1180.2,1180.8,171505
1772435400,1180.7,1182.0,1180.1,1180.3,140146
1772435700,1180.6,1182.0,1180.0,1180.6,145370
1772436000,1180.4,1182.9,1180.1,1182.4,97087
1772436300,1182.5,1184.0,1182.0,1182.1,186534
1772436600,1182.6,1183.0,1181.5,1182.3,70221
1772436900,1182.5,1183.0,1182.2,1182.6,45346
1772437200,1182.6,1183.0,1182.1,1182.4,50562
1772437500,1182.4,1183.2,1181.3,1181.4,111379
1772437800,1181.1,1182.9,1180.8,1182.5,70462
1772438100,1182.4,1183.0,1181.5,1182.3,111078
1772438400,1182.8,1182.8,1180.6,1181.5,141859
1772438700,1181.5,1182.0,1180.6,1181.6,82014
1772439000,1181.6,1182.3,1180.1,1182.2,322778
1772439300,1182.3,1184.0,1182.0,1183.5,103857
1772439600,1183.6,1184.0,1181.6,1182.6,77312
1772439900,1182.5,1182.9,1179.6,1182.2,480229
1772440200,1182.3,1189.7,1181.6,1187.9,366567
1772440500,1188.0,1191.5,1187.8,1189.4,359926
1772440800,1189.5,1193.6,1189.4,1192.7,199217
1772441100,1192.7,1193.4,1189.9,1190.9,350093
1772441400,1190.7,1192.5,1190.5,1191.4,161209
1772441700,1191.5,1191.5,1189.0,1189.8,204417
1772442000,1189.9,1191.0,1188.9,1191.0,143093
1772442300,1191.0,1194.5,1191.0,1193.5,456617
1772442600,1193.8,1196.3,1193.1,1194.7,298407
1772442900,1194.7,1196.0,1191.7,1194.6,251169
1772443200,1194.8,1195.0,1193.3,1193.4,153145
1772443500,1193.7,1193.8,1189.6,1190.2,380686
1772443800,1190.3,1191.0,1189.4,1190.8,386292
1772444100,1191.0,1191.8,1189.4,1190.6,578783
1772444400,1190.7,1191.8,1189.2,1190.4,1082301
1772444700,1190.4,1191.0,1188.8,1189.6,639098
1772445000,1189.7,1190.7,1187.8,1188.5,510200
1772445300,1188.6,1190.0,1186.7,1189.5,406776
1772595900,1172.1,1181.0,1167.3,1175.0,1026075
1772596200,1175.2,1175.4,1169.7,1170.4,365137
1772596500,1170.4,1172.1,1166.2,1166.5,327840
1772596800,1166.3,1168.7,1165.0,1167.1,544954
1772597100,1167.2,1167.5,1164.3,1165.4,253140
1772597400,1165.6,1168.0,1165.2,1165.8,160820
1772597700,1165.8,1166.3,1160.9,1161.5,198702
1772598000,1161.5,1163.3,1159.4,1160.0,163572
1772598300,1159.6,1162.5,1159.0,1161.9,125308
1772598600,1161.6,1163.7,1160.3,1162.6,113956
1772598900,1162.6,1164.5,1162.3,1164.2,88790
1772599200,1164.3,1166.6,1162.2,1166.1,135993
1772599500,1166.2,1166.6,1163.3,1164.6,118333
1772599800,1164.8,1166.9,1164.2,1165.7,108168
1772600100,1165.5,1167.6,1164.5,1165.5,124003
1772600400,1165.5,1166.9,1164.2,1165.0,99750
1772600700,1165.0,1165.9,1162.9,1164.1,94332
1772601000,1164.0,1164.6,1161.6,1162.5,178570
1772601300,1162.9,1164.5,1162.5,1163.4,75809
1772601600,1163.5,1163.5,1161.3,1161.7,159829
1772601900,1161.7,1162.0,1160.6,1161.6,210413
1772602200,1161.7,1166.5,1160.7,1165.3,370479
1772602500,1165.3,1166.0,1163.7,1165.5,255134
1772602800,1165.6,1167.9,1165.5,1167.3,207194
1772603100,1167.2,1167.3,1164.9,1165.4,89952
1772603400,1165.3,1167.0,1163.4,1163.6,208383
1772603700,1163.5,1163.6,1160.3,1160.4,145645
1772604000,1160.4,1160.8,1159.5,1160.0,192313
1772604300,1160.0,1162.7,1160.0,1162.3,111627
1772604600,1162.4,1162.4,1159.3,1159.9,118294
1772604900,1159.8,1160.8,1159.6,1160.5,185908
1772605200,1160.6,1161.6,1159.6,1159.6,113552
1772605500,1159.7,1160.0,1158.2,1158.7,169144
1772605800,1158.8,1159.7,1158.3,1159.0,70173
1772606100,1159.1,1159.3,1157.6,1158.3,94194
1772606400,1158.6,1159.5,1157.9,1158.4,149145
1772606700,1158.5,1159.4,1157.8,1158.8,125390
1772607000,1159.0,1159.8,1158.4,1159.4,107797
1772607300,1159.4,1160.0,1158.0,1158.1,209257
1772607600,1158.1,1159.3,1158.0,1159.1,84810
1772607900,1159.2,1160.3,1158.9,1159.7,87691
1772608200,1159.9,1160.5,1158.7,1160.4,69637
1772608500,1160.2,1160.3,1158.2,1158.6,241067
1772608800,1158.4,1159.3,1157.7,1158.5,154659
1772609100,1158.4,1160.4,1158.0,1159.9,88906
1772609400,1159.8,1161.2,1159.8,1160.3,147497
1772609700,1160.1,1161.8,1159.4,1161.7,128494
1772610000,1161.8,1164.0,1161.8,1163.8,199602
1772610300,1163.9,1164.4,1161.2,1162.0,168330
1772610600,1162.0,1163.9,1162.0,1163.6,137020
1772610900,1163.6,1165.0,1163.2,1163.5,175262
1772611200,1163.3,1165.0,1162.9,1163.1,198615
1772611500,1162.5,1164.0,1162.0,1163.4,228757
1772611800,1163.3,1163.9,1162.1,1163.4,125788
1772612100,1163.4,1163.4,1160.9,1161.0,190798
1772612400,1161.2,1162.0,1160.8,1161.7,125305
1772612700,1161.8,1164.0,1161.7,1163.9,77287
1772613000,1163.9,1165.7,1163.8,1165.2,180872
1772613300,1165.4,1167.8,1164.1,1167.4,161693
1772613600,1167.8,1177.7,1166.8,1177.1,390280
1772613900,1177.4,1182.7,1176.9,1177.0,368101
1772614200,1177.0,1177.9,1175.1,1175.3,94266
1772614500,1175.4,1176.0,1173.3,1174.2,115077
1772614800,1174.1,1176.0,1172.8,1174.8,127471
1772615100,1174.8,1175.2,1173.3,1173.9,116087
1772615400,1174.2,1176.8,1173.7,1176.2,114272
1772615700,1176.2,1178.8,1175.3,1177.8,104502
1772616000,1178.0,1178.0,1176.5,1177.0,76352
1772616300,1177.0,1178.0,1175.1,1175.7,102705
1772616600,1176.1,1176.4,1174.3,1174.9,227681
1772616900,1174.8,1175.8,1173.1,1173.5,184777
1772617200,1173.1,1175.5,1172.4,1174.6,208205
1772617500,1174.6,1175.0,1173.5,1174.1,229199
1772617800,1174.2,1176.0,1173.1,1175.2,236303
1772618100,1175.2,1176.2,1173.2,1173.3,231611
1772682300,1181.0,1183.2,1176.7,1178.5,400358
1772682600,1178.5,1180.6,1176.0,1180.0,185916
1772682900,1179.9,1180.9,1174.5,1175.7,145486
1772683200,1176.1,1177.0,1175.1,1176.5,78678
1772683500,1176.1,1176.9,1175.3,1175.4,85324
1772683800,1175.6,1176.3,1174.3,1175.6,287163
1772684100,1175.6,1176.4,1175.1,1175.1,63757
1772684400,1175.0,1177.9,1174.0,1177.8,121011
1772684700,1177.9,1178.0,1174.7,1174.7,146161
1772685000,1174.7,1176.8,1174.7,1175.7,51203
1772685300,1175.7,1176.8,1174.7,1175.4,63197
1772685600,1175.4,1175.9,1174.6,1174.8,33736
1772685900,1175.1,1176.0,1174.1,1174.5,59612
1772686200,1174.2,1174.4,1172.1,1172.9,91647
1772686500,1172.8,1173.4,1171.2,1172.6,93341
1772686800,1172.2,1172.9,1167.3,1168.4,164774
1772687100,1168.9,1170.0,1167.8,1170.0,72679
1772687400,1169.4,1170.0,1167.8,1168.1,345197
1772687700,1168.1,1168.1,1166.9,1167.1,87575
1772688000,1166.7,1167.7,1166.2,1166.5,55261
1772688300,1166.7,1168.0,1166.5,1167.7,122867
1772688600,1167.8,1169.1,1166.6,1166.8,471095
1772688900,1167.2,1168.9,1166.7,1168.0,199655
1772689200,1167.8,1169.3,1166.5,1167.0,3339311
1772689500,1166.9,1168.0,1166.3,1168.0,90148
1772689800,1167.9,1168.5,1166.5,1166.5,129758
1772690100,1166.3,1166.9,1164.0,1164.8,167123
1772690400,1164.7,1165.0,1163.4,1164.6,97111
1772690700,1164.6,1164.8,1161.9,1162.7,520010
1772691000,1162.6,1164.2,1161.5,1162.0,439243
1772691300,1161.9,1162.0,1160.5,1160.7,96368
1772691600,1160.5,1160.6,1157.8,1159.3,536580
1772691900,1159.3,1159.7,1156.5,1157.4,529213
1772692200,1157.0,1158.7,1156.8,1157.6,146469
1772692500,1157.7,1159.7,1157.0,1158.3,239946
1772692800,1158.0,1159.8,1157.9,1159.4,80425
1772693100,1159.5,1160.0,1158.6,1159.3,97331
1772693400,1159.4,1160.3,1159.0,1159.1,474703
1772693700,1159.1,1160.0,1158.4,1159.8,98617
1772694000,1159.6,1163.3,1159.5,1161.1,168529
1772694300,1161.0,1161.9,1159.5,1160.0,83134
1772694600,1159.9,1160.9,1159.4,1160.6,48388
1772694900,1160.6,1160.6,1158.1,1159.0,67414
1772695200,1159.2,1160.6,1159.0,1160.4,180242
1772695500,1159.9,1160.5,1159.6,1160.0,163677
1772695800,1159.8,1160.8,1158.9,1158.9,54518
1772696100,1158.9,1159.6,1158.7,1159.2,35535
1772696400,1159.4,1160.0,1159.0,1159.0,53595
1772696700,1159.1,1159.5,1158.3,1158.8,72093
1772697000,1158.9,1160.0,1158.6,1159.8,105907
1772697300,1159.8,1160.0,1159.0,1160.0,105284
1772697600,1160.0,1160.0,1158.4,1159.9,215904
1772697900,1159.9,1160.0,1157.6,1157.8,96882
1772698200,1157.7,1158.9,1157.3,1157.6,119449
1772698500,1157.9,1158.8,1157.1,1158.0,75533
1772698800,1158.0,1158.2,1154.4,1155.0,180632
1772699100,1154.9,1155.6,1153.7,1155.1,145291
1772699400,1155.1,1156.6,1153.7,1155.1,245493
1772699700,1155.1,1156.0,1153.3,1153.5,164512
1772700000,1153.5,1153.8,1151.6,1151.9,262203
1772700300,1151.9,1153.1,1151.0,1151.0,208344
1772700600,1150.9,1154.5,1150.6,1154.4,475774
1772700900,1154.1,1157.5,1153.3,1156.4,1138772
1772701200,1156.4,1156.8,1154.4,1155.5,271979
1772701500,1155.4,1164.9,1155.3,1164.5,451076
1772701800,1164.3,1167.7,1163.2,1164.8,876754
1772702100,1164.3,1166.9,1162.5,1166.7,470452
1772702400,1166.9,1172.5,1165.8,1169.8,817474
1772702700,1169.8,1172.0,1168.0,1171.3,846896
1772703000,1171.6,1174.8,1170.1,1173.4,978777
1772703300,1173.2,1173.5,1166.9,1167.8,583755
1772703600,1167.3,1169.3,1164.5,1165.8,544732
1772703900,1165.8,1169.9,1165.8,1167.5,333570
1772704200,1167.8,1168.0,1166.6,1167.9,403414
1772704500,1168.0,1172.3,1166.9,1168.5,498093
1772768700,1168.5,1169.3,1162.6,1167.9,973632
1772769000,1167.9,1168.5,1166.0,1167.1,769311
1772769300,1167.1,1168.3,1166.0,1167.9,245116
1772769600,1167.6,1168.3,1164.6,1164.6,322031
1772769900,1164.8,1165.7,1163.3,1164.4,367843
1772770200,1164.1,1165.5,1164.1,1165.0,192222
1772770500,1164.9,1165.0,1164.0,1164.1,169146
1772770800,1164.2,1164.8,1160.0,1160.3,167774
1772771100,1160.0,1160.2,1156.5,1156.8,298476
1772771400,1156.5,1158.7,1156.0,1157.6,227169
1772771700,1157.9,1158.5,1156.0,1157.1,138194
1772772000,1156.8,1157.2,1154.1,1154.6,289766
1772772300,1154.2,1155.5,1154.2,1155.0,261253
1772772600,1155.0,1155.0,1152.5,1153.7,165442
1772772900,1153.9,1155.0,1153.2,1153.4,144970
1772773200,1153.2,1153.4,1149.7,1150.0,1325898
1772773500,1149.9,1152.1,1149.2,1151.2,439231
1772773800,1151.0,1151.5,1149.7,1149.7,134999
1772774100,1150.0,1150.0,1148.2,1148.3,158687
1772774400,1148.6,1151.1,1147.9,1149.7,196078
1772774700,1149.9,1151.3,1149.7,1149.9,123317
1772775000,1150.2,1153.2,1149.9,1153.0,291525
1772775300,1153.0,1153.8,1151.5,1152.1,112422
1772775600,1152.5,1152.6,1150.2,1150.4,83423
1772775900,1150.4,1151.4,1149.3,1151.4,169494
1772776200,1151.1,1153.6,1151.0,1153.0,127585
1772776500,1153.1,1153.3,1152.0,1152.3,96621
1772776800,1152.3,1153.4,1151.4,1153.4,60841
1772777100,1153.0,1154.9,1153.0,1154.0,117454
1772777400,1153.7,1156.6,1153.0,1153.8,216492
1772777700,1153.8,1153.9,1151.5,1152.0,611500
1772778000,1152.0,1152.6,1149.6,1150.0,482225
1772778300,1150.0,1151.4,1149.2,1149.7,252843
1772778600,1149.7,1150.4,1149.2,1149.5,136858
1772778900,1149.7,1152.8,1149.4,1152.8,1012617
1772779200,1152.5,1153.5,1152.1,1152.7,81771
1772779500,1152.9,1154.9,1152.5,1153.6,138962
1772779800,1153.6,1153.9,1152.6,1153.1,58183
1772780100,1153.1,1153.3,1151.5,1151.6,185096
1772780400,1151.5,1152.9,1151.5,1152.1,90344
1772780700,1152.2,1153.1,1151.8,1151.9,61229
1772781000,1151.9,1153.3,1151.8,1152.9,288717
1772781300,1153.2,1153.4,1151.9,1152.7,113602
1772781600,1152.9,1153.5,1151.3,1151.6,459869
1772781900,1151.6,1152.0,1151.2,1151.6,51193
1772782200,1151.7,1153.6,1151.7,1152.8,192198
1772782500,1152.8,1152.9,1152.0,1152.4,74112
1772782800,1152.4,1152.5,1152.3,1152.5,88104
1772783100,1152.5,1153.9,1151.8,1152.3,1083952
1772783400,1152.2,1155.0,1151.9,1154.5,246158
1772783700,1154.2,1154.8,1152.3,1153.1,502246
1772784000,1152.9,1153.4,1151.8,1152.9,71035
1772784300,1152.8,1154.8,1151.9,1153.9,133147
1772784600,1154.0,1154.3,1153.0,1153.4,75489
1772784900,1153.2,1154.5,1153.1,1154.2,108621
1772785200,1154.5,1155.0,1153.3,1153.8,145839
1772785500,1153.8,1154.0,1152.9,1153.6,161141
1772785800,1153.6,1154.0,1152.6,1152.9,113257
1772786100,1152.9,1154.0,1152.6,1154.0,69741
1772786400,1153.8,1154.4,1153.2,1153.3,102225
1772786700,1153.5,1153.8,1152.7,1152.8,192773
1772787000,1152.7,1154.1,1152.6,1154.0,515030
1772787300,1153.9,1154.0,1153.0,1153.8,189246
1772787600,1153.5,1154.0,1152.8,1153.0,266230
1772787900,1152.9,1153.0,1151.4,1151.5,246192
1772788200,1151.4,1151.5,1149.5,1149.8,162429
1772788500,1149.9,1150.5,1145.3,1147.7,417375
1772788800,1147.8,1150.0,1145.3,1145.9,261779
1772789100,1146.1,1146.9,1145.5,1145.6,186444
1772789400,1145.9,1147.0,1145.6,1146.3,295725
1772789700,1146.2,1146.6,1145.0,1145.2,256512
1772790000,1145.1,1145.7,1141.6,1142.0,432294
1772790300,1142.5,1142.9,1140.8,1141.5,467049
1772790600,1141.2,1142.7,1140.7,1141.6,385924
1772790900,1141.6,1142.0,1138.0,1139.8,406549
1773027900,1115.0,1115.0,1088.7,1090.7,1491802
1773028200,1091.0,1093.9,1081.9,1082.9,1248389
1773028500,1082.6,1086.0,1075.0,1080.3,1384033
1773028800,1080.6,1083.6,1074.6,1077.3,1201430
1773029100,1077.1,1080.4,1074.7,1080.2,527440
1773029400,1080.2,1082.1,1070.0,1070.8,1008903
1773029700,1070.4,1079.9,1070.4,1078.7,532521
1773030000,1078.7,1081.7,1074.7,1078.4,601278
1773030300,1078.4,1079.0,1076.1,1076.1,206077
1773030600,1076.0,1077.6,1071.7,1073.0,328077
1773030900,1073.2,1076.7,1072.9,1073.8,315241
1773031200,1074.0,1076.0,1072.3,1073.4,244201
1773031500,1073.6,1073.8,1069.2,1070.5,431662
1773031800,1070.8,1072.9,1069.0,1069.5,298544
1773032100,1069.2,1069.9,1066.4,1069.0,327475
1773032400,1069.0,1069.4,1064.4,1064.8,425943
1773032700,1065.3,1067.6,1064.5,1065.4,347589
1773033000,1065.5,1067.4,1064.3,1066.3,236498
1773033300,1066.1,1067.0,1065.1,1065.8,198610
1773033600,1065.8,1079.8,1065.7,1078.3,1010699
1773033900,1078.3,1083.4,1078.1,1080.4,506161
1773034200,1081.2,1082.4,1078.1,1081.1,355832
1773034500,1081.1,1081.9,1079.2,1079.5,185065
1773034800,1079.7,1079.8,1075.5,1077.5,320029
1773035100,1077.1,1083.9,1076.4,1082.1,248334
1773035400,1082.1,1084.4,1081.1,1081.3,173014
1773035700,1081.5,1084.7,1080.6,1083.6,156837
1773036000,1083.5,1085.9,1081.4,1082.7,256223
1773036300,1082.6,1083.9,1082.0,1083.2,106834
1773036600,1083.3,1086.2,1082.2,1083.4,215392
1773036900,1083.4,1084.1,1081.1,1082.1,101193
1773037200,1082.1,1082.6,1081.0,1081.6,123220
1773037500,1081.8,1082.0,1081.0,1081.4,69692
1773037800,1081.3,1082.0,1079.6,1081.5,494719
1773038100,1081.4,1081.9,1080.4,1081.0,228798
1773038400,1081.0,1083.6,1080.3,1082.7,221091
1773038700,1082.9,1082.9,1081.1,1081.8,97404
1773039000,1081.7,1082.0,1080.8,1081.9,106444
1773039300,1081.7,1082.9,1081.4,1082.4,93327
1773039600,1082.4,1082.6,1080.1,1080.3,155232
1773039900,1080.5,1084.6,1080.3,1084.5,141611
1773040200,1084.3,1085.0,1082.1,1082.3,435500
1773040500,1082.5,1083.9,1080.7,1082.0,405419
1773040800,1081.6,1082.7,1080.7,1082.1,248671
1773041100,1082.2,1083.1,1081.0,1082.5,273031
1773041400,1082.8,1083.6,1081.2,1083.3,160988
1773041700,1083.0,1083.3,1082.0,1082.6,122963
1773042000,1082.6,1082.9,1081.0,1081.3,167827
1773042300,1081.3,1082.2,1081.1,1082.2,101073
1773042600,1082.2,1084.7,1081.8,1083.0,184809
1773042900,1082.9,1087.6,1082.7,1085.5,251520
1773043200,1085.5,1090.0,1085.4,1089.0,240253
1773043500,1089.0,1089.8,1087.1,1089.4,159450
1773043800,1089.3,1091.1,1088.1,1090.0,159189
1773044100,1090.1,1090.5,1087.5,1087.7,160851
1773044400,1087.7,1089.9,1087.2,1089.5,101338
1773044700,1089.4,1090.9,1087.4,1087.6,103238
1773045000,1087.7,1087.9,1085.3,1086.7,131807
1773045300,1086.8,1088.0,1085.8,1087.1,102885
1773045600,1087.0,1087.8,1085.5,1085.5,105581
1773045900,1086.1,1086.6,1084.7,1085.1,139867
1773046200,1085.1,1088.5,1084.7,1087.8,147788
1773046500,1087.6,1089.6,1087.1,1088.0,127960
1773046800,1087.7,1089.2,1087.1,1087.2,120702
1773047100,1087.1,1089.9,1086.6,1089.6,325004
1773047400,1089.6,1092.5,1088.6,1091.1,512193
1773047700,1091.1,1095.9,1090.4,1093.5,426305
1773048000,1093.9,1095.0,1091.5,1094.7,269933
1773048300,1094.6,1095.6,1093.5,1094.5,180133
1773048600,1095.0,1097.4,1093.3,1096.7,283472
1773048900,1096.9,1098.7,1095.8,1097.5,336549
1773049200,1097.3,1101.2,1096.6,1100.8,335914
1773049500,1100.6,1102.0,1099.0,1099.6,298675
1773049800,1099.6,1101.5,1097.3,1099.3,389256
1773050100,1099.3,1101.6,1098.2,1101.6,280159
1773114300,1111.1,1119.9,1109.0,1110.0,1494721
1773114600,1109.9,1111.6,1107.5,1110.3,849567
1773114900,1110.3,1113.9,1109.6,1112.2,476453
1773115200,1112.4,1112.4,1107.2,1109.7,296757
1773115500,1109.8,1110.3,1104.5,1105.0,251022
1773115800,1105.0,1110.0,1104.6,1110.0,138588
1773116100,1109.9,1110.0,1108.6,1109.2,259508
1773116400,1109.4,1110.0,1108.8,1110.0,132639
1773116700,1110.0,1110.0,1106.2,1108.9,168218
1773117000,1108.6,1111.1,1108.1,1110.7,283526
1773117300,1110.6,1112.4,1110.6,1111.4,264708
1773117600,1111.4,1111.4,1108.7,1110.3,147416
1773117900,1110.3,1112.4,1110.2,1111.6,440734
1773118200,1111.7,1111.7,1109.4,1110.0,146806
1773118500,1110.0,1110.2,1109.7,1109.7,271614
1773118800,1109.7,1110.5,1109.7,1110.5,138119
1773119100,1110.5,1112.4,1110.3,1111.8,177992
1773119400,1111.8,1114.0,1111.5,1112.4,412323
1773119700,1112.4,1112.4,1111.3,1111.4,318718
1773120000,1111.4,1112.2,1108.4,1109.5,155539
1773120300,1109.4,1109.8,1108.3,1109.8,73964
1773120600,1109.8,1110.4,1108.9,1109.7,73367
1773120900,1109.6,1110.2,1108.0,1109.9,68784
1773121200,1110.0,1110.0,1109.0,1109.6,56634
1773121500,1109.6,1110.4,1108.2,1108.5,83823
1773121800,1108.6,1110.0,1107.6,1109.1,98829
1773122100,1109.1,1109.8,1107.4,1108.3,72480
1773122400,1108.5,1110.7,1108.1,1110.7,271686
1773122700,1110.7,1111.5,1109.8,1110.3,89128
1773123000,1110.2,1110.3,1109.2,1109.2,47667
1773123300,1109.3,1109.6,1105.6,1106.3,153422
1773123600,1106.3,1108.5,1105.8,1108.4,76630
1773123900,1108.4,1109.6,1107.3,1109.6,82387
1773124200,1109.5,1110.2,1109.0,1109.9,204047
1773124500,1110.0,1111.6,1108.9,1108.9,304815
1773124800,1109.0,1110.1,1107.9,1108.2,97163
1773125100,1108.2,1109.0,1106.9,1109.0,78332
1773125400,1109.0,1109.3,1106.6,1107.1,109740
1773125700,1107.4,1108.5,1106.9,1108.1,63322
1773126000,1108.0,1108.1,1106.5,1106.7,107490
1773126300,1106.6,1109.3,1106.4,1109.1,96685
1773126600,1109.2,1109.7,1107.6,1109.3,125198
1773126900,1109.3,1111.9,1108.9,1111.9,226047
1773127200,1111.9,1112.4,1110.1,1112.4,160060
1773127500,1112.4,1112.5,1111.5,1111.8,440165
1773127800,1111.9,1117.1,1111.5,1116.9,268890
1773128100,1116.8,1117.0,1111.7,1112.8,368825
1773128400,1112.5,1115.8,1112.3,1115.3,175698
1773128700,1115.4,1116.1,1114.3,1116.0,144673
1773129000,1115.9,1116.0,1113.2,1113.8,129650
1773129300,1114.0,1115.0,1113.9,1114.8,59577
1773129600,1114.8,1116.0,1114.2,1114.9,118011
1773129900,1115.0,1115.9,1113.3,1114.9,195803
1773130200,1115.0,1115.4,1112.7,1113.6,133639
1773130500,1113.5,1114.3,1112.6,1114.1,81007
1773130800,1114.1,1116.0,1114.1,1114.6,191480
1773131100,1115.0,1115.3,1113.1,1113.3,76498
1773131400,1113.3,1113.6,1112.0,1112.4,259788
1773131700,1112.7,1114.9,1112.3,1114.6,136383
1773132000,1114.6,1118.4,1114.5,1117.6,286118
1773132300,1117.9,1118.8,1114.0,1114.7,175216
1773132600,1114.8,1114.9,1113.5,1113.7,109632
1773132900,1113.8,1114.7,1111.5,1112.4,99416
1773133200,1112.5,1112.6,1108.9,1109.8,179356
1773133500,1109.8,1112.4,1109.6,1111.3,88519
1773133800,1111.5,1112.4,1110.1,1111.5,143852
1773134100,1111.5,1112.4,1110.6,1112.2,240275
1773134400,1112.4,1112.9,1111.2,1111.8,176004
1773134700,1112.0,1112.4,1110.1,1112.1,241223
1773135000,1112.1,1112.6,1110.3,1111.7,543001
1773135300,1111.7,1112.4,1111.2,1112.3,387648
1773135600,1112.4,1112.4,1110.7,1111.1,521705
1773135900,1111.4,1112.4,1110.9,1111.9,360896
1773136200,1112.0,1112.5,1110.6,1112.4,937473
1773136500,1112.3,1115.3,1111.6,1114.0,468656
1773200700,1113.4,1115.9,1106.3,1111.5,328464
1773201000,1111.7,1112.3,1110.3,1110.5,153392
1773201300,1110.2,1112.0,1109.9,1110.7,126822
1773201600,1110.5,1110.9,1108.7,1110.3,193853
1773201900,1110.3,1111.4,1110.0,1110.3,229938
1773202200,1110.6,1112.0,1110.0,1111.3,190799
1773202500,1111.4,1112.0,1110.6,1111.8,55087
1773202800,1111.7,1112.2,1110.0,1110.0,71167
1773203100,1109.9,1111.5,1109.0,1110.0,151710
1773203400,1109.8,1110.2,1108.5,1110.1,183399
1773203700,1110.2,1110.7,1107.0,1107.3,206937
1773204000,1107.4,1108.5,1105.1,1106.5,114183
1773204300,1106.0,1108.0,1106.0,1107.5,69054
1773204600,1107.5,1107.7,1106.4,1107.4,67701
1773204900,1107.3,1108.6,1107.0,1108.0,73995
1773205200,1108.0,1109.2,1107.9,1108.7,50963
1773205500,1108.7,1108.8,1106.4,1106.7,119698
1773205800,1106.7,1107.2,1105.9,1106.4,76842
1773206100,1106.3,1106.5,1104.5,1106.1,151083
1773206400,1105.9,1107.9,1105.4,1107.8,118442
1773206700,1107.8,1109.5,1107.1,1109.1,76467
1773207000,1109.1,1110.3,1108.5,1109.8,62898
1773207300,1109.9,1109.9,1107.7,1108.3,55572
1773207600,1108.3,1108.6,1107.0,1107.6,70958
1773207900,1107.4,1107.6,1105.5,1106.0,110342
1773208200,1105.9,1105.9,1103.8,1104.2,123035
1773208500,1104.1,1105.8,1103.9,1105.3,69954
1773208800,1105.3,1105.3,1098.5,1100.0,329403
1773209100,1099.9,1101.9,1099.0,1100.3,167816
1773209400,1100.7,1101.5,1099.8,1100.8,83333
1773209700,1100.7,1101.4,1099.8,1100.2,66379
1773210000,1100.3,1100.8,1099.0,1100.6,74829
1773210300,1100.7,1101.3,1099.8,1101.2,52759
1773210600,1101.2,1103.3,1100.9,1103.0,92570
1773210900,1103.2,1103.4,1102.0,1102.9,44823
1773211200,1102.9,1104.1,1102.6,1103.4,65376
1773211500,1103.5,1104.0,1103.1,1103.7,52586
1773211800,1103.7,1105.0,1103.4,1104.4,47908
1773212100,1104.5,1104.5,1103.3,1104.0,37129
1773212400,1104.0,1105.6,1103.5,1103.9,72118
1773212700,1104.1,1104.1,1101.0,1101.1,68255
1773213000,1101.4,1104.5,1100.7,1104.4,99942
1773213300,1104.4,1104.5,1103.0,1104.0,60000
1773213600,1103.9,1106.5,1103.5,1105.8,111747
1773213900,1105.7,1105.9,1105.1,1105.1,47644
1773214200,1105.2,1106.7,1103.7,1104.1,88967
1773214500,1104.1,1105.0,1102.2,1102.3,64700
1773214800,1102.3,1102.3,1098.1,1098.6,119849
1773215100,1098.8,1099.5,1096.9,1098.3,115148
1773215400,1098.3,1099.6,1097.7,1099.1,70651
1773215700,1099.2,1099.6,1098.1,1099.3,73793
1773216000,1099.3,1100.0,1097.5,1097.6,93608
1773216300,1097.6,1097.6,1095.2,1095.5,97775
1773216600,1095.7,1095.7,1094.4,1095.1,94863
1773216900,1095.2,1096.8,1094.9,1096.8,60377
1773217200,1096.8,1097.6,1095.7,1097.2,69094
1773217500,1097.2,1098.0,1097.0,1097.4,59722
1773217800,1097.5,1097.5,1095.9,1096.5,64749
1773218100,1096.6,1096.8,1094.7,1094.8,64479
1773218400,1094.8,1095.9,1094.5,1095.6,62612
1773218700,1095.6,1096.0,1094.0,1095.3,67213
1773219000,1095.2,1095.9,1093.3,1093.6,71448
1773219300,1093.7,1099.3,1092.7,1099.0,165637
1773219600,1098.9,1099.5,1094.1,1094.4,94766
1773219900,1094.0,1096.7,1093.5,1096.4,96613
1773220200,1096.6,1096.6,1093.7,1094.2,80204
1773220500,1094.4,1095.6,1093.7,1095.6,82011
1773220800,1095.6,1096.4,1094.5,1095.6,203650
1773221100,1095.7,1096.1,1093.0,1093.1,126045
1773221400,1093.4,1094.7,1092.5,1093.0,147826
1773221700,1093.1,1093.4,1090.5,1092.2,193570
1773222000,1092.2,1093.0,1088.4,1089.5,224424
1773222300,1089.6,1091.9,1088.0,1091.7,291688
1773222600,1091.7,1091.9,1089.9,1091.3,231544
1773222900,1090.8,1091.4,1088.6,1090.8,180428
1773287100,1075.1,1080.2,1070.5,1070.5,658686
1773287400,1071.2,1076.5,1070.7,1075.8,218628
1773287700,1076.0,1078.8,1074.1,1077.9,293852
1773288000,1077.8,1078.3,1075.9,1076.7,220972
1773288300,1076.7,1077.0,1073.7,1073.7,171514
1773288600,1073.7,1077.0,1073.3,1076.1,160393
1773288900,1076.0,1078.8,1075.7,1078.5,124845
1773289200,1078.5,1080.9,1076.8,1079.0,273067
1773289500,1079.0,1081.8,1078.3,1081.4,229418
1773289800,1081.8,1082.0,1077.2,1077.5,209103
1773290100,1077.6,1077.6,1073.0,1075.0,201076
1773290400,1075.0,1075.7,1072.7,1073.3,109230
1773290700,1073.5,1074.8,1071.9,1073.0,321298
1773291000,1073.3,1075.2,1072.8,1073.7,120796
1773291300,1074.4,1077.0,1073.9,1076.5,194813
1773291600,1076.1,1077.0,1073.4,1076.6,124345
1773291900,1076.8,1078.0,1076.2,1077.3,241268
1773292200,1077.3,1077.9,1075.6,1076.5,145380
1773292500,1076.6,1077.5,1075.8,1075.8,84331
1773292800,1075.9,1076.8,1074.2,1075.4,133721
1773293100,1075.4,1079.0,1074.6,1078.6,137422
1773293400,1078.7,1081.0,1078.7,1080.9,165694
1773293700,1080.9,1081.8,1079.1,1079.4,166055
1773294000,1079.5,1081.0,1079.0,1079.3,101317
1773294300,1079.4,1080.4,1075.0,1076.2,146663
1773294600,1076.6,1076.7,1074.5,1076.5,89912
1773294900,1076.4,1077.9,1076.0,1076.5,70295
1773295200,1076.5,1076.9,1075.0,1076.3,55286
1773295500,1076.5,1076.5,1072.7,1074.0,332948
1773295800,1073.8,1076.0,1073.8,1074.9,107506
1773296100,1074.9,1075.9,1073.0,1073.0,90282
1773296400,1073.0,1074.2,1071.0,1072.9,163599
1773296700,1072.8,1075.0,1072.0,1074.2,277298
1773297000,1074.4,1074.7,1074.0,1074.0,74109
1773297300,1074.1,1074.2,1071.8,1072.8,308602
1773297600,1072.9,1076.5,1072.2,1075.6,150559
1773297900,1075.7,1076.5,1074.7,1075.7,101305
1773298200,1075.7,1078.7,1074.5,1076.4,783845
1773298500,1076.7,1077.0,1074.5,1075.6,173568
1773298800,1075.4,1076.4,1074.0,1074.2,74005
1773299100,1074.1,1074.5,1072.0,1072.5,82615
1773299400,1072.7,1073.6,1071.6,1073.1,127340
1773299700,1073.3,1075.0,1073.0,1074.4,46268
1773300000,1074.0,1074.4,1072.3,1073.4,39531
1773300300,1073.4,1075.5,1073.0,1075.3,71682
1773300600,1075.3,1075.4,1073.6,1073.9,86844
1773300900,1074.1,1074.1,1071.4,1073.0,111379
1773301200,1073.0,1075.0,1072.4,1074.9,71798
1773301500,1075.0,1076.0,1074.3,1075.9,71832
1773301800,1076.0,1084.4,1075.4,1083.3,242118
1773302100,1083.2,1087.3,1081.9,1086.4,277474
1773302400,1086.8,1090.0,1086.4,1088.5,694950
1773302700,1088.7,1093.1,1087.8,1092.6,526811
1773303000,1093.3,1098.0,1092.0,1094.8,261322
1773303300,1094.8,1095.5,1092.9,1094.9,145629
1773303600,1094.9,1095.7,1091.8,1092.6,149651
1773303900,1092.5,1093.3,1087.3,1087.8,161269
1773304200,1087.9,1090.5,1087.3,1090.2,106453
1773304500,1090.0,1091.9,1086.7,1087.0,219017
1773304800,1087.1,1090.7,1086.3,1089.9,343151
1773305100,1090.0,1091.8,1088.5,1091.0,125331
1773305400,1091.2,1092.3,1090.0,1090.4,49898
1773305700,1090.7,1091.3,1088.8,1089.0,107646
1773306000,1088.8,1091.5,1088.7,1090.3,88284
1773306300,1090.3,1090.4,1087.0,1087.4,321020
1773306600,1087.4,1087.6,1084.0,1084.0,160869
1773306900,1084.0,1085.7,1082.9,1084.0,125840
1773307200,1084.0,1084.0,1078.8,1079.3,168490
1773307500,1079.1,1081.0,1078.2,1080.5,103921
1773307800,1080.3,1084.0,1079.5,1083.8,342426
1773308100,1083.9,1085.9,1083.3,1085.5,223092
1773308400,1085.5,1086.8,1083.2,1085.0,281725
1773308700,1084.9,1088.0,1084.9,1087.2,271663
1773309000,1087.2,1088.3,1086.1,1086.4,332161
1773309300,1086.4,1089.4,1083.8,1085.0,207199
1773373500,1077.5,1081.3,1073.0,1074.2,190179
1773373800,1074.5,1074.8,1072.1,1073.8,103301
1773374100,1073.5,1076.1,1072.5,1074.6,95136
1773374400,1074.3,1075.0,1072.6,1074.1,71407
1773374700,1074.0,1075.0,1073.0,1074.4,48744
1773375000,1074.5,1076.4,1074.2,1074.2,109625
1773375300,1074.4,1074.4,1064.9,1067.9,817135
1773375600,1068.1,1068.1,1065.0,1065.9,176209
1773375900,1065.9,1068.2,1064.5,1064.9,164151
1773376200,1065.1,1067.8,1064.1,1067.6,148442
1773376500,1067.6,1068.2,1066.0,1067.5,115554
1773376800,1067.5,1068.5,1065.6,1067.0,101818
1773377100,1067.2,1067.5,1065.2,1065.2,76799
1773377400,1065.2,1065.9,1063.2,1065.1,134381
1773377700,1065.2,1065.9,1062.6,1065.5,83967
1773378000,1065.6,1066.2,1062.0,1062.2,119703
1773378300,1062.4,1062.9,1061.1,1062.3,99636
1773378600,1062.3,1062.6,1060.3,1061.2,79397
1773378900,1061.3,1063.1,1060.8,1062.4,64017
1773379200,1062.3,1064.7,1060.4,1064.0,180491
1773379500,1064.3,1064.9,1062.9,1064.7,97227
1773379800,1064.7,1064.8,1062.0,1062.9,68272
1773380100,1062.9,1063.3,1059.8,1060.4,217351
1773380400,1060.9,1061.9,1057.9,1058.0,392047
1773380700,1058.0,1059.7,1056.9,1059.1,685424
1773381000,1059.3,1061.3,1058.9,1060.4,74209
1773381300,1060.5,1064.3,1060.3,1063.9,123673
1773381600,1064.0,1065.4,1062.8,1064.6,158522
1773381900,1064.8,1065.7,1063.2,1065.1,118771
1773382200,1065.1,1065.5,1064.2,1064.6,99073
1773382500,1064.8,1064.8,1062.9,1063.5,61816
1773382800,1063.9,1065.0,1063.3,1063.5,61289
1773383100,1063.8,1063.8,1061.4,1062.0,126462
1773383400,1062.2,1064.6,1061.3,1064.4,178471
1773383700,1064.4,1064.9,1063.0,1063.9,69510
1773384000,1064.2,1065.0,1062.7,1064.5,66780
1773384300,1064.5,1065.8,1064.1,1064.5,148447
1773384600,1064.5,1064.6,1061.6,1061.7,110927
1773384900,1062.2,1063.8,1061.5,1062.6,111392
1773385200,1062.6,1062.8,1056.7,1059.4,259675
1773385500,1059.6,1059.6,1058.0,1058.3,74456
1773385800,1058.3,1059.0,1056.0,1058.0,160166
1773386100,1058.1,1061.0,1058.0,1060.5,102747
1773386400,1060.7,1061.9,1059.0,1059.9,78675
1773386700,1060.0,1061.4,1058.7,1060.9,80035
1773387000,1060.9,1061.4,1059.7,1061.4,85549
1773387300,1061.4,1061.8,1058.4,1058.4,86353
1773387600,1058.7,1059.6,1057.6,1058.1,93377
1773387900,1058.5,1059.9,1058.2,1058.6,74598
1773388200,1058.7,1059.1,1055.6,1055.8,80461
1773388500,1056.0,1057.7,1055.3,1057.1,104327
1773388800,1057.2,1058.0,1055.2,1055.6,98878
1773389100,1055.4,1055.8,1053.7,1054.2,150276
1773389400,1054.2,1056.6,1053.1,1056.3,114993
1773389700,1056.3,1056.3,1055.0,1055.6,73399
1773390000,1055.5,1056.3,1053.7,1055.0,81271
1773390300,1055.5,1055.9,1052.6,1053.2,126295
1773390600,1053.5,1056.1,1053.4,1055.9,110090
1773390900,1055.9,1058.1,1055.5,1058.0,179022
1773391200,1058.1,1059.4,1056.6,1058.6,211393
1773391500,1058.6,1059.9,1057.1,1059.9,166538
1773391800,1059.9,1061.0,1058.5,1059.2,185447
1773392100,1059.2,1060.0,1057.7,1058.2,170857
1773392400,1058.3,1062.8,1058.0,1061.0,219891
1773392700,1061.3,1061.6,1058.2,1058.5,187294
1773393000,1058.6,1060.0,1058.2,1059.3,154181
1773393300,1059.3,1059.8,1057.1,1057.8,186989
1773393600,1057.8,1059.6,1055.3,1055.3,236819
1773393900,1055.8,1056.0,1051.5,1052.9,456255
1773394200,1053.2,1053.6,1049.8,1050.3,1199422
1773394500,1050.2,1050.4,1047.0,1047.2,437376
1773394800,1047.6,1047.8,1045.6,1046.6,760501
1773395100,1046.6,1046.9,1042.3,1046.2,1742976
1773395400,1046.2,1046.2,1043.8,1044.8,719196
1773395700,1045.2,1046.5,1043.8,1046.0,753752
1773632700,1048.7,1057.9,1045.0,1052.6,611412
1773633000,1053.4,1055.0,1049.5,1050.5,327452
1773633300,1050.5,1056.6,1047.9,1056.4,284021
1773633600,1056.1,1060.6,1055.2,1060.0,260721
1773633900,1060.0,1060.0,1057.4,1058.5,154978
1773634200,1058.5,1064.7,1057.8,1059.8,235560
1773634500,1060.2,1063.0,1059.3,1061.0,110960
1773634800,1061.2,1062.6,1058.2,1058.5,127640
1773635100,1058.7,1059.9,1056.3,1056.5,120195
1773635400,1056.4,1058.6,1055.0,1057.7,172451
1773635700,1057.7,1059.1,1054.9,1055.2,115769
1773636000,1055.2,1056.4,1054.0,1055.0,101183
1773636300,1055.0,1055.0,1050.0,1050.2,142657
1773636600,1050.2,1050.2,1046.3,1046.3,161228
1773636900,1046.7,1048.1,1042.9,1043.5,142919
1773637200,1043.3,1047.5,1043.2,1044.9,166492
1773637500,1044.9,1046.0,1043.5,1043.5,137007
1773637800,1043.6,1043.8,1041.0,1042.2,137151
1773638100,1042.2,1043.4,1040.4,1041.0,108571
1773638400,1040.9,1041.4,1036.6,1036.8,125223
1773638700,1036.9,1040.5,1036.1,1040.3,158405
1773639000,1040.3,1040.9,1039.3,1040.4,149334
1773639300,1040.4,1043.8,1039.6,1043.1,203524
1773639600,1043.5,1044.9,1042.1,1043.6,153304
1773639900,1043.6,1053.3,1043.2,1053.0,248119
1773640200,1053.0,1054.5,1051.3,1053.5,175110
1773640500,1053.2,1053.6,1050.2,1052.1,81409
1773640800,1052.1,1055.5,1052.0,1053.8,166736
1773641100,1054.0,1054.7,1050.5,1050.9,112577
1773641400,1050.8,1052.1,1049.8,1050.2,124048
1773641700,1050.3,1050.7,1048.5,1049.7,90593
1773642000,1050.0,1050.0,1047.6,1048.9,85871
1773642300,1048.8,1050.8,1047.5,1049.1,131051
1773642600,1049.1,1052.4,1049.0,1049.4,105192
1773642900,1049.4,1050.0,1047.5,1047.5,71253
1773643200,1047.5,1048.8,1046.0,1046.7,83741
1773643500,1046.7,1047.7,1045.9,1046.7,100159
1773643800,1047.0,1047.5,1045.5,1047.3,83378
1773644100,1047.5,1047.9,1045.8,1047.3,81857
1773644400,1047.2,1047.3,1044.3,1044.7,96396
1773644700,1044.5,1044.8,1042.0,1043.6,242158
1773645000,1043.6,1046.3,1043.1,1046.2,155823
1773645300,1046.1,1046.2,1042.4,1042.7,325642
1773645600,1042.7,1047.4,1041.5,1047.0,145666
1773645900,1047.0,1047.4,1046.3,1046.9,74053
1773646200,1046.9,1048.9,1044.9,1045.2,115628
1773646500,1044.4,1045.9,1042.1,1045.0,110760
1773646800,1044.6,1046.7,1044.0,1044.7,58492
1773647100,1044.7,1046.6,1044.5,1046.6,105215
1773647400,1046.7,1048.7,1045.6,1046.9,132814
1773647700,1046.9,1047.5,1044.5,1044.7,69040
1773648000,1044.5,1045.9,1043.8,1044.2,83651
1773648300,1044.2,1046.6,1044.0,1046.6,116907
1773648600,1046.6,1048.8,1045.5,1045.5,106343
1773648900,1045.5,1046.2,1044.5,1044.8,53629
1773649200,1044.8,1046.7,1043.5,1045.5,74598
1773649500,1045.1,1046.3,1044.0,1046.2,96698
1773649800,1046.2,1047.0,1044.3,1044.9,52567
1773650100,1044.9,1045.8,1044.0,1044.4,72228
1773650400,1044.4,1048.2,1044.2,1046.2,152897
1773650700,1046.1,1050.8,1045.0,1050.4,170560
1773651000,1050.8,1059.0,1050.0,1058.4,489500
1773651300,1058.8,1059.7,1054.9,1058.1,456015
1773651600,1058.2,1061.4,1056.6,1061.0,486896
1773651900,1061.0,1067.6,1059.9,1067.2,563904
1773652200,1067.3,1069.9,1063.8,1068.5,631520
1773652500,1068.6,1070.0,1065.5,1069.5,485429
1773652800,1069.8,1073.0,1066.8,1069.6,568359
1773653100,1069.8,1070.3,1067.2,1069.0,463041
1773653400,1069.3,1069.7,1066.0,1066.6,505747
1773653700,1066.6,1070.2,1066.5,1069.6,374301
1773654000,1069.9,1072.6,1068.6,1068.9,390204
1773654300,1069.0,1069.0,1064.0,1064.6,328489
1773654600,1064.6,1065.8,1062.5,1063.0,380123
1773654900,1063.0,1063.9,1061.2,1063.9,371469
1773719100,1073.9,1073.9,1062.0,1064.0,502574
1773719400,1064.2,1064.2,1059.5,1059.5,186988
1773719700,1059.6,1060.8,1056.7,1057.5,146134
1773720000,1057.3,1059.3,1054.8,1058.0,141985
1773720300,1058.4,1060.5,1057.9,1060.0,105869
1773720600,1060.2,1061.0,1057.4,1059.1,120964
1773720900,1059.1,1060.9,1057.6,1060.6,83691
1773721200,1060.4,1060.5,1058.2,1059.6,74175
1773721500,1059.6,1059.9,1058.0,1059.2,41973
1773721800,1059.2,1062.0,1059.2,1060.6,90234
1773722100,1060.5,1063.0,1055.6,1056.9,381896
1773722400,1056.7,1057.5,1055.5,1056.9,132968
1773722700,1056.9,1058.5,1056.9,1057.3,84714
1773723000,1057.3,1060.4,1056.1,1058.4,102843
1773723300,1058.3,1058.8,1052.5,1052.5,209663
1773723600,1052.8,1053.9,1051.4,1052.5,140202
1773723900,1052.4,1054.2,1050.5,1054.0,132012
1773724200,1053.9,1053.9,1052.0,1052.6,155570
1773724500,1052.6,1055.4,1051.8,1055.3,141344
1773724800,1055.2,1056.7,1054.5,1054.5,168919
1773725100,1054.4,1055.6,1053.4,1054.3,95663
1773725400,1054.3,1054.5,1052.7,1053.8,128360
1773725700,1053.7,1054.5,1051.2,1051.7,124158
1773726000,1051.7,1052.9,1049.6,1050.0,203011
1773726300,1050.3,1050.9,1049.2,1049.7,91452
1773726600,1049.7,1050.5,1047.5,1048.0,141736
1773726900,1047.9,1049.5,1047.0,1049.3,151827
1773727200,1049.5,1050.9,1049.3,1049.9,78763
1773727500,1049.9,1054.3,1049.5,1053.3,289117
1773727800,1053.3,1054.0,1052.3,1052.8,119727
1773728100,1053.0,1054.0,1052.3,1052.3,69640
1773728400,1052.3,1054.0,1052.0,1053.3,73579
1773728700,1053.0,1053.6,1051.5,1053.4,88804
1773729000,1053.4,1054.0,1051.9,1052.7,150994
1773729300,1052.7,1053.4,1052.0,1052.7,208940
1773729600,1052.7,1054.5,1052.6,1053.8,155049
1773729900,1053.8,1054.0,1050.6,1051.0,92934
1773730200,1050.9,1052.5,1050.2,1050.2,71159
1773730500,1050.6,1051.4,1050.1,1051.0,72697
1773730800,1051.0,1051.8,1049.5,1051.4,145311
1773731100,1051.7,1052.0,1050.7,1051.0,44094
1773731400,1051.0,1054.4,1050.4,1054.2,247621
1773731700,1054.2,1054.7,1051.5,1053.9,367072
1773732000,1054.0,1054.4,1053.0,1053.5,69416
1773732300,1053.5,1054.8,1052.8,1054.0,118170
1773732600,1054.2,1059.1,1054.0,1057.1,436578
1773732900,1057.5,1058.0,1053.6,1057.0,661162
1773733200,1057.0,1057.7,1055.6,1057.1,109216
1773733500,1057.5,1059.5,1056.9,1058.4,216126
1773733800,1058.6,1059.6,1056.8,1057.5,123611
1773734100,1057.9,1058.0,1056.2,1056.8,201687
1773734400,1057.0,1060.3,1056.8,1058.3,161088
1773734700,1058.6,1059.0,1057.1,1057.7,78796
1773735000,1057.5,1058.3,1056.1,1057.4,158105
1773735300,1057.7,1059.0,1057.0,1058.5,148197
1773735600,1058.4,1059.6,1057.7,1058.0,144345
1773735900,1057.9,1059.2,1057.0,1058.4,82276
1773736200,1058.5,1061.5,1057.7,1060.7,386814
1773736500,1060.7,1062.4,1059.1,1060.7,363019
1773736800,1060.9,1065.2,1060.9,1063.8,419255
1773737100,1063.8,1063.9,1058.2,1059.8,546486
1773737400,1059.8,1060.8,1058.1,1059.4,99603
1773737700,1059.2,1060.7,1058.0,1060.3,88004
1773738000,1060.2,1062.0,1060.2,1061.7,81421
1773738300,1061.8,1062.0,1060.4,1061.0,79003
1773738600,1061.0,1062.8,1060.5,1061.5,114023
1773738900,1061.5,1063.9,1060.7,1063.9,179381
1773739200,1063.9,1065.5,1063.0,1065.3,221481
1773739500,1065.1,1070.0,1064.1,1070.0,571338
1773739800,1070.0,1070.0,1064.5,1065.8,1766244
1773740100,1066.0,1066.1,1062.5,1064.4,399883
1773740400,1064.4,1065.2,1062.4,1064.0,418204
1773740700,1064.0,1065.0,1061.0,1061.3,849194
1773741000,1061.2,1064.4,1060.5,1063.4,539487
1773741300,1063.3,1064.4,1062.3,1063.5,195371
1773805500,1067.5,1072.7,1064.2,1072.3,311553
1773805800,1071.8,1072.0,1067.6,1067.6,153105
1773806100,1067.6,1070.5,1066.6,1070.1,77647
1773806400,1070.1,1071.8,1069.3,1070.0,93143
1773806700,1070.0,1071.4,1067.5,1068.1,84171
1773807000,1068.3,1068.6,1067.1,1067.7,69871
1773807300,1067.3,1068.3,1065.3,1068.3,121741
1773807600,1068.0,1070.0,1067.6,1068.0,79280
1773807900,1068.0,1068.0,1064.5,1066.2,118381
1773808200,1066.2,1066.9,1063.3,1064.0,76318
1773808500,1064.0,1064.1,1062.0,1063.0,119769
1773808800,1063.0,1063.8,1061.3,1063.6,69076
1773809100,1063.6,1065.7,1063.1,1065.7,70260
1773809400,1065.5,1067.3,1064.5,1067.1,85572
1773809700,1067.1,1067.5,1064.7,1065.5,77906
1773810000,1065.5,1066.7,1065.1,1065.1,51213
1773810300,1065.4,1066.7,1065.1,1065.2,40811
1773810600,1065.6,1066.2,1063.5,1063.9,61413
1773810900,1063.8,1064.8,1063.1,1063.3,77334
1773811200,1063.5,1064.2,1062.3,1063.4,130506
1773811500,1063.5,1064.6,1062.6,1064.1,216613
1773811800,1064.1,1064.5,1063.2,1063.9,70671
1773812100,1063.9,1063.9,1061.3,1062.2,175889
1773812400,1062.3,1063.4,1061.7,1063.2,85080
1773812700,1063.0,1063.4,1062.0,1063.0,134746
1773813000,1063.1,1065.2,1062.9,1064.8,252757
1773813300,1064.4,1068.0,1064.1,1066.2,320981
1773813600,1066.2,1067.2,1065.6,1065.8,115830
1773813900,1065.7,1067.7,1065.0,1067.1,220458
1773814200,1067.3,1068.8,1067.0,1067.7,286489
1773814500,1067.6,1067.7,1065.5,1066.0,93195
1773814800,1065.8,1067.1,1065.6,1067.1,136715
1773815100,1067.0,1068.9,1066.7,1067.2,149916
1773815400,1067.8,1067.9,1066.0,1066.6,69439
1773815700,1066.2,1067.1,1065.9,1066.4,97059
1773816000,1066.4,1067.7,1066.3,1066.8,70943
1773816300,1067.0,1067.9,1066.0,1067.8,79170
1773816600,1067.6,1068.0,1066.2,1067.2,192330
1773816900,1067.3,1067.4,1064.5,1066.4,451202
1773817200,1066.4,1067.4,1065.4,1065.6,175873
1773817500,1065.6,1066.0,1064.1,1065.1,86492
1773817800,1065.2,1065.3,1064.2,1064.7,70493
1773818100,1064.7,1064.8,1063.0,1064.2,103532
1773818400,1064.2,1065.0,1062.9,1063.0,80772
1773818700,1063.0,1063.8,1062.8,1062.8,45898
1773819000,1063.0,1064.4,1062.8,1064.4,154104
1773819300,1064.4,1064.6,1062.1,1062.5,55794
1773819600,1062.7,1064.3,1062.5,1064.1,129807
1773819900,1064.0,1065.7,1062.9,1063.3,172283
1773820200,1063.2,1067.0,1063.2,1066.3,166712
1773820500,1066.3,1068.8,1066.1,1068.7,136843
1773820800,1068.9,1074.7,1068.5,1074.7,338201
1773821100,1074.8,1075.0,1071.6,1074.2,331849
1773821400,1073.8,1075.4,1072.4,1075.2,139583
1773821700,1075.3,1075.3,1070.2,1071.1,198615
1773822000,1071.0,1072.2,1070.3,1071.5,157740
1773822300,1071.3,1073.0,1071.0,1071.2,109242
1773822600,1071.0,1072.0,1069.5,1069.8,187636
1773822900,1070.0,1070.5,1068.0,1069.7,100272
1773823200,1069.7,1070.7,1068.3,1069.0,114820
1773823500,1069.0,1070.9,1068.0,1070.2,106694
1773823800,1070.2,1073.6,1069.7,1073.6,181562
1773824100,1073.5,1074.7,1072.0,1072.2,101219
1773824400,1072.0,1072.6,1069.5,1070.0,153913
1773824700,1070.0,1071.0,1068.5,1070.9,177872
1773825000,1070.5,1072.0,1070.0,1070.3,207749
1773825300,1070.4,1073.0,1069.8,1072.2,131189
1773825600,1072.2,1072.5,1071.1,1071.6,60454
1773825900,1071.5,1072.0,1070.5,1071.4,93869
1773826200,1071.4,1071.9,1069.3,1071.1,213984
1773826500,1071.0,1071.1,1069.5,1070.4,179364
1773826800,1070.5,1071.0,1070.0,1070.1,164451
1773827100,1070.1,1071.0,1068.7,1069.5,270834
1773827400,1069.2,1069.6,1067.5,1069.0,263294
1773827700,1068.8,1070.6,1068.3,1069.0,179957
1773891900,1049.5,1059.7,1045.3,1049.3,789951
1773892200,1049.5,1054.0,1047.7,1054.0,282286
1773892500,1053.9,1054.5,1052.0,1052.3,171867
1773892800,1052.1,1055.0,1050.7,1053.7,139063
1773893100,1053.6,1058.0,1053.2,1056.0,204197
1773893400,1056.0,1057.8,1054.6,1057.2,137627
1773893700,1057.2,1057.7,1052.0,1052.8,156597
1773894000,1052.6,1054.8,1050.9,1051.9,203794
1773894300,1051.9,1053.5,1051.4,1053.3,74219
1773894600,1053.3,1053.4,1050.1,1051.3,130784
1773894900,1051.2,1053.9,1050.8,1053.7,65225
1773895200,1053.7,1053.9,1051.9,1052.0,64534
1773895500,1052.0,1052.5,1049.5,1052.3,146778
1773895800,1052.2,1052.3,1048.9,1050.0,276663
1773896100,1050.0,1052.2,1049.6,1050.7,212116
1773896400,1050.7,1051.8,1050.0,1051.4,49055
1773896700,1051.2,1055.0,1051.0,1054.7,125686
1773897000,1054.9,1055.0,1052.6,1054.6,128014
1773897300,1054.6,1054.7,1052.8,1053.5,32428
1773897600,1053.2,1054.0,1052.7,1053.7,44068
1773897900,1053.7,1054.0,1051.5,1052.0,45743
1773898200,1052.0,1052.3,1050.5,1050.5,49662
1773898500,1051.0,1052.1,1050.5,1050.5,30521
1773898800,1050.5,1050.9,1047.1,1047.7,270487
1773899100,1047.7,1048.6,1046.3,1048.4,119226
1773899400,1048.3,1050.0,1047.5,1049.0,130034
1773899700,1048.8,1049.5,1048.0,1049.4,49782
1773900000,1049.4,1051.6,1048.9,1051.1,140415
1773900300,1050.6,1050.6,1049.4,1050.2,55570
1773900600,1049.9,1050.1,1048.9,1049.3,42089
1773900900,1049.0,1050.6,1048.4,1050.5,71629
1773901200,1050.1,1052.0,1049.8,1050.9,79802
1773901500,1050.9,1051.3,1050.4,1050.6,248693
1773901800,1050.7,1050.8,1049.0,1049.2,60439
1773902100,1049.2,1051.0,1048.5,1050.0,41903
1773902400,1050.0,1052.8,1049.3,1051.9,134186
1773902700,1052.0,1052.0,1050.5,1050.9,41206
1773903000,1050.9,1050.9,1048.5,1048.8,44858
1773903300,1048.8,1049.2,1048.5,1049.0,250814
1773903600,1049.0,1050.0,1048.3,1049.7,328662
1773903900,1049.7,1052.0,1049.3,1051.2,72851
1773904200,1051.1,1051.4,1049.6,1049.8,34080
1773904500,1050.1,1052.2,1049.4,1052.1,172435
1773904800,1052.1,1052.8,1051.0,1052.3,136192
1773905100,1052.7,1052.7,1051.7,1052.4,51207
1773905400,1052.4,1052.4,1050.4,1050.8,38966
1773905700,1050.8,1050.8,1049.5,1050.5,62639
1773906000,1050.6,1050.6,1047.4,1047.6,247302
1773906300,1048.1,1049.4,1047.5,1049.1,188439
1773906600,1049.1,1050.0,1048.3,1048.7,134428
1773906900,1048.6,1049.3,1047.0,1047.8,101679
1773907200,1047.8,1049.3,1046.8,1047.8,127055
1773907500,1047.8,1049.5,1047.6,1049.5,144321
1773907800,1049.5,1049.7,1048.5,1049.1,203373
1773908100,1049.0,1049.5,1048.0,1049.0,34855
1773908400,1049.1,1049.4,1048.6,1049.2,88540
1773908700,1049.1,1049.4,1047.1,1047.9,55677
1773909000,1047.8,1049.3,1046.5,1047.2,279394
1773909300,1047.2,1048.0,1046.2,1046.6,107966
1773909600,1046.4,1047.0,1044.5,1046.8,332921
1773909900,1046.5,1050.5,1046.5,1049.2,229532
1773910200,1049.5,1049.6,1047.9,1048.9,69071
1773910500,1049.0,1049.1,1047.2,1049.1,103650
1773910800,1049.0,1051.5,1048.2,1051.5,186237
1773911100,1051.6,1052.0,1050.0,1050.2,206588
1773911400,1050.1,1053.7,1049.9,1053.3,307277
1773911700,1053.0,1053.9,1050.8,1053.8,277184
1773912000,1053.5,1054.2,1050.2,1050.7,191256
1773912300,1050.5,1051.0,1042.3,1042.6,733958
1773912600,1042.2,1049.4,1041.0,1048.6,722704
1773912900,1048.2,1048.9,1046.4,1047.3,499875
1773913200,1047.0,1049.7,1046.8,1048.5,456752
1773913500,1048.8,1052.0,1048.1,1051.9,423694
1773913800,1052.0,1053.7,1051.1,1052.9,268267
1773914100,1053.0,1055.7,1051.7,1052.5,417182
1773978300,1058.4,1078.0,1058.4,1077.0,836518
1773978600,1077.5,1080.0,1073.4,1078.2,452884
1773978900,1078.2,1081.0,1077.4,1079.0,308126
1773979200,1078.8,1084.0,1078.1,1083.8,343898
1773979500,1083.9,1085.0,1082.4,1084.8,311380
1773979800,1084.8,1085.0,1082.2,1083.3,281954
1773980100,1083.4,1084.5,1080.8,1083.0,386660
1773980400,1083.1,1083.8,1080.9,1081.7,168035
1773980700,1081.6,1082.6,1079.1,1080.8,283464
1773981000,1080.4,1081.9,1077.8,1078.1,284706
1773981300,1078.0,1079.9,1077.8,1079.4,273952
1773981600,1079.1,1079.2,1076.8,1076.9,244189
1773981900,1076.9,1078.0,1075.7,1076.8,263293
1773982200,1076.8,1078.0,1076.2,1076.9,171704
1773982500,1076.9,1077.9,1076.2,1076.7,96657
1773982800,1076.7,1078.9,1076.5,1078.2,128199
1773983100,1078.3,1079.0,1077.2,1077.9,165201
1773983400,1077.7,1079.0,1077.6,1077.9,227846
1773983700,1077.8,1079.2,1076.7,1077.8,147681
1773984000,1077.9,1078.9,1077.3,1077.8,262431
1773984300,1077.9,1078.0,1071.4,1073.1,397486
1773984600,1073.1,1074.1,1072.0,1072.7,173991
1773984900,1072.5,1074.6,1072.1,1074.4,108264
1773985200,1074.3,1074.9,1073.1,1074.1,341308
1773985500,1074.1,1075.1,1073.0,1075.0,224314
1773985800,1074.9,1078.0,1074.6,1075.2,305799
1773986100,1075.1,1075.9,1073.0,1074.7,169186
1773986400,1074.8,1075.7,1074.0,1075.0,179791
1773986700,1075.0,1075.0,1072.7,1073.0,106839
1773987000,1073.1,1073.4,1071.5,1071.9,208332
1773987300,1072.0,1072.5,1071.2,1071.2,117360
1773987600,1071.5,1071.8,1069.6,1069.8,211684
1773987900,1069.8,1070.0,1068.6,1069.9,99646
1773988200,1069.9,1070.6,1068.2,1068.7,176964
1773988500,1068.6,1069.6,1066.8,1067.1,150247
1773988800,1067.2,1068.3,1066.3,1067.9,194218
1773989100,1068.0,1068.1,1064.5,1065.0,182646
1773989400,1064.6,1065.0,1062.4,1062.7,231905
1773989700,1062.5,1063.1,1060.4,1062.7,183744
1773990000,1062.7,1065.0,1060.1,1065.0,343580
1773990300,1065.0,1067.0,1064.1,1066.1,306269
1773990600,1066.1,1066.8,1063.6,1064.7,189250
1773990900,1064.6,1067.7,1064.0,1065.4,380027
1773991200,1065.5,1067.4,1064.1,1065.0,338045
1773991500,1064.9,1066.5,1064.0,1064.4,164554
1773991800,1064.2,1065.3,1063.3,1065.0,256129
1773992100,1065.0,1066.7,1064.0,1065.9,231393
1773992400,1065.7,1065.8,1064.2,1064.9,170989
1773992700,1064.9,1067.4,1064.5,1064.7,95385
1773993000,1064.7,1066.5,1063.1,1066.1,202800
1773993300,1066.1,1067.9,1065.6,1066.4,75652
1773993600,1066.7,1067.1,1065.2,1065.2,114152
1773993900,1065.3,1067.4,1064.9,1066.9,121986
1773994200,1067.0,1067.1,1065.0,1065.7,87064
1773994500,1065.7,1065.9,1063.6,1064.1,73533
1773994800,1064.3,1066.0,1063.6,1065.8,81421
1773995100,1065.8,1066.9,1064.1,1064.7,62194
1773995400,1064.6,1067.2,1063.7,1067.1,137984
1773995700,1067.3,1067.6,1064.2,1064.8,103794
1773996000,1064.5,1066.2,1063.8,1064.7,91702
1773996300,1064.7,1065.2,1063.4,1065.0,137782
1773996600,1064.8,1065.6,1062.8,1063.6,121484
1773996900,1063.6,1063.6,1061.0,1061.0,118608
1773997200,1061.0,1063.0,1060.8,1062.7,108668
1773997500,1062.8,1062.9,1060.6,1062.4,120387
1773997800,1062.5,1062.5,1058.1,1058.1,129209
1773998100,1058.2,1060.6,1057.0,1060.3,202207
1773998400,1060.4,1060.9,1055.1,1055.2,155761
1773998700,1055.1,1057.0,1054.0,1056.3,147349
1773999000,1056.3,1061.9,1056.3,1061.2,694423
1773999300,1061.3,1061.6,1059.1,1059.3,490164
1773999600,1059.3,1059.7,1055.4,1056.6,528937
1773999900,1056.8,1056.9,1054.6,1056.2,626907
1774000200,1056.1,1059.7,1056.0,1057.4,618775
1774000500,1057.3,1058.8,1056.2,1058.3,453351
1774237500,1039.0,1040.3,1026.2,1027.0,624341
1774237800,1027.3,1029.6,1025.4,1028.0,484616
1774238100,1027.6,1028.5,1023.0,1023.0,288129
1774238400,1023.3,1027.0,1022.1,1026.9,253139
1774238700,1026.7,1029.2,1024.8,1024.9,297565
1774239000,1025.2,1028.1,1024.9,1027.6,109501
1774239300,1027.8,1028.2,1022.9,1024.7,166981
1774239600,1024.6,1026.2,1023.0,1023.6,139094
1774239900,1023.4,1024.0,1020.0,1020.4,417393
1774240200,1020.4,1022.7,1019.0,1022.5,105156
1774240500,1022.2,1024.0,1021.5,1021.6,81823
1774240800,1021.6,1022.6,1019.2,1019.7,86477
1774241100,1019.7,1021.9,1017.5,1017.9,155440
1774241400,1017.7,1017.7,1015.5,1016.1,121382
1774241700,1016.0,1017.8,1015.6,1016.1,78375
1774242000,1016.0,1018.1,1016.0,1016.6,125965
1774242300,1016.4,1019.3,1016.4,1017.8,99155
1774242600,1017.8,1020.0,1017.1,1017.7,94770
1774242900,1017.6,1018.2,1014.9,1016.8,221011
1774243200,1016.4,1016.7,1014.2,1016.2,102044
1774243500,1016.2,1017.6,1015.3,1015.5,66309
1774243800,1015.8,1017.8,1014.7,1017.1,96606
1774244100,1017.5,1020.9,1017.0,1020.2,107778
1774244400,1020.0,1020.5,1018.3,1019.0,58720
1774244700,1018.9,1019.8,1017.5,1019.5,47968
1774245000,1019.8,1022.9,1018.9,1021.9,155458
1774245300,1021.7,1022.6,1020.4,1021.6,123637
1774245600,1021.4,1022.8,1019.3,1019.9,97366
1774245900,1019.5,1020.9,1019.4,1020.5,104397
1774246200,1020.5,1022.6,1019.0,1020.5,115546
1774246500,1020.2,1021.5,1020.0,1021.3,51991
1774246800,1021.5,1024.7,1021.1,1023.7,103603
1774247100,1023.7,1025.5,1023.5,1025.1,179281
1774247400,1024.9,1025.9,1023.4,1023.6,90647
1774247700,1023.4,1025.4,1022.3,1025.4,93815
1774248000,1025.4,1026.2,1024.9,1025.7,113513
1774248300,1025.6,1026.2,1024.2,1026.2,196934
1774248600,1026.2,1026.9,1023.7,1024.1,188732
1774248900,1024.4,1028.9,1023.8,1028.6,152667
1774249200,1028.5,1029.4,1027.2,1028.4,97449
1774249500,1028.4,1031.9,1028.4,1029.6,255826
1774249800,1029.6,1031.0,1027.7,1029.3,148433
1774250100,1029.4,1030.9,1028.6,1029.2,97838
1774250400,1029.3,1029.4,1026.4,1026.9,118522
1774250700,1026.8,1027.0,1025.2,1026.8,101055
1774251000,1026.8,1027.9,1025.9,1026.8,111563
1774251300,1026.6,1029.8,1026.3,1028.5,109173
1774251600,1028.4,1028.6,1025.8,1027.8,139686
1774251900,1028.0,1030.9,1028.0,1029.5,157616
1774252200,1030.0,1032.0,1029.3,1032.0,143256
1774252500,1031.9,1032.9,1030.5,1031.4,196362
1774252800,1031.4,1034.1,1031.1,1034.1,183339
1774253100,1034.1,1035.0,1032.9,1033.9,186130
1774253400,1033.9,1038.0,1033.8,1037.7,275395
1774253700,1037.5,1039.8,1037.1,1039.3,327166
1774254000,1039.1,1042.0,1038.3,1039.6,374767
1774254300,1040.0,1041.0,1037.2,1038.1,451717
1774254600,1038.1,1043.2,1037.5,1042.6,401628
1774254900,1042.9,1045.6,1042.0,1044.0,421782
1774255200,1043.5,1044.0,1041.0,1042.2,285624
1774255500,1042.0,1043.2,1040.7,1042.8,262200
1774255800,1042.6,1045.5,1042.2,1042.7,246147
1774256100,1042.7,1042.8,1039.4,1040.5,359055
1774256400,1040.5,1041.2,1034.0,1035.3,442642
1774256700,1035.3,1040.7,1035.3,1037.0,369268
1774257000,1036.7,1040.0,1035.7,1039.6,321334
1774257300,1039.2,1040.0,1038.2,1039.0,272630
1774257600,1038.8,1042.8,1038.5,1038.7,302131
1774257900,1039.1,1039.1,1036.5,1037.7,265020
1774258200,1037.3,1037.5,1032.2,1032.5,400276
1774258500,1032.8,1033.3,1030.1,1033.1,387318
1774258800,1032.9,1035.0,1031.4,1031.8,373502
1774259100,1031.6,1031.8,1030.0,1030.0,464461
1774259400,1030.0,1031.6,1030.0,1031.1,452104
1774259700,1031.3,1032.0,1030.0,1030.1,283936
1774323900,1055.2,1059.0,1043.5,1047.9,659790
1774324200,1048.7,1049.4,1042.2,1045.8,531761
1774324500,1045.4,1049.6,1045.4,1048.2,181869
1774324800,1048.2,1049.0,1046.0,1046.2,107552
1774325100,1046.0,1047.8,1041.9,1042.3,541454
1774325400,1042.6,1044.5,1040.3,1043.0,220494
1774325700,1042.8,1043.0,1040.1,1042.2,103801
1774326000,1042.1,1042.6,1039.0,1041.0,477239
1774326300,1041.0,1043.2,1040.8,1042.0,113767
1774326600,1041.6,1042.0,1036.2,1037.5,175646
1774326900,1037.0,1037.9,1034.1,1035.6,115328
1774327200,1035.3,1036.6,1034.7,1035.6,114540
1774327500,1035.5,1036.8,1035.2,1036.3,156628
1774327800,1036.4,1036.8,1034.0,1034.8,176501
1774328100,1035.0,1035.4,1031.2,1033.9,383737
1774328400,1033.5,1035.0,1032.0,1032.6,92677
1774328700,1032.4,1033.3,1031.5,1032.0,112407
1774329000,1031.9,1035.4,1031.5,1034.1,114977
1774329300,1034.1,1035.1,1032.8,1033.7,986882
1774329600,1033.7,1033.9,1030.0,1030.9,282332
1774329900,1030.6,1032.3,1029.9,1030.6,104370
1774330200,1030.7,1032.2,1029.9,1031.0,212453
1774330500,1031.1,1032.4,1029.3,1032.1,132562
1774330800,1032.2,1034.1,1031.5,1032.5,143920
1774331100,1032.8,1033.9,1031.3,1032.9,113407
1774331400,1032.9,1033.6,1028.2,1029.6,1085752
1774331700,1029.6,1031.5,1029.0,1030.9,67288
1774332000,1030.9,1032.0,1030.9,1031.6,75389
1774332300,1031.7,1033.0,1031.6,1032.0,75237
1774332600,1032.1,1032.1,1029.7,1030.5,388912
1774332900,1030.7,1033.6,1029.1,1029.5,419698
1774333200,1029.5,1030.1,1028.1,1029.5,119386
1774333500,1029.5,1033.9,1029.2,1032.8,130025
1774333800,1032.8,1033.8,1030.8,1032.5,90851
1774334100,1032.3,1033.0,1031.0,1032.3,71481
1774334400,1032.2,1033.9,1031.9,1033.5,86357
1774334700,1033.5,1035.1,1031.2,1031.9,196795
1774335000,1031.8,1036.5,1031.8,1036.0,141909
1774335300,1036.1,1040.0,1023.1,1031.9,2856934
1774335600,1031.9,1038.5,1031.8,1037.9,315981
1774335900,1037.8,1041.7,1036.6,1041.1,786348
1774336200,1041.1,1043.6,1039.8,1041.2,440552
1774336500,1041.1,1046.5,1040.7,1044.7,1148460
1774336800,1044.5,1045.8,1043.2,1044.8,810413
1774337100,1044.8,1045.3,1038.0,1039.6,404623
1774337400,1039.5,1040.5,1035.6,1037.6,206285
1774337700,1037.5,1039.2,1035.8,1038.6,512599
1774338000,1038.5,1042.1,1038.2,1040.9,155953
1774338300,1040.5,1042.0,1038.6,1041.2,749105
1774338600,1041.1,1043.9,1040.2,1041.0,205431
1774338900,1041.0,1042.5,1040.0,1042.5,459684
1774339200,1042.2,1042.2,1041.0,1042.0,248981
1774339500,1041.9,1046.0,1041.9,1044.7,184635
1774339800,1044.8,1047.8,1044.0,1044.3,161371
1774340100,1044.1,1044.2,1039.0,1039.7,218566
1774340400,1039.3,1041.0,1038.5,1038.8,227552
1774340700,1038.6,1042.1,1038.0,1041.0,724169
1774341000,1040.9,1042.6,1040.1,1040.9,277921
1774341300,1041.0,1041.4,1037.6,1038.5,397066
1774341600,1038.9,1039.9,1038.1,1038.5,153346
1774341900,1038.9,1041.5,1036.6,1036.9,746097
1774342200,1036.9,1038.5,1033.8,1034.0,355984
1774342500,1034.0,1034.0,1031.0,1031.9,208551
1774342800,1031.9,1032.0,1029.0,1029.7,842418
1774343100,1029.7,1030.8,1024.1,1024.4,704561
1774343400,1024.5,1028.4,1023.5,1024.0,387198
1774343700,1024.0,1026.0,1020.0,1025.4,1661014
1774344000,1025.5,1027.5,1023.9,1027.0,271487
1774344300,1027.0,1030.2,1026.4,1029.4,215771
1774344600,1029.3,1029.6,1026.3,1028.3,717551
1774344900,1028.4,1030.6,1026.0,1030.6,813963
1774345200,1030.4,1032.1,1029.5,1030.7,591964
1774345500,1030.7,1032.7,1028.0,1032.7,712504
1774345800,1032.4,1034.2,1031.1,1034.0,474691
1774346100,1034.0,1038.3,1033.9,1038.1,636927
1774410300,1043.0,1052.0,1043.0,1050.0,523612
1774410600,1050.0,1052.0,1048.5,1050.1,377307
1774410900,1050.2,1051.1,1047.4,1048.0,225203
1774411200,1047.9,1048.5,1045.5,1046.6,176457
1774411500,1046.5,1047.0,1044.1,1045.2,196572
1774411800,1045.2,1049.4,1044.7,1049.0,174742
1774412100,1048.9,1049.1,1046.1,1047.0,159832
1774412400,1046.9,1047.0,1045.0,1046.0,144590
1774412700,1046.0,1047.8,1045.2,1047.8,168244
1774413000,1047.6,1051.0,1047.6,1050.0,349718
1774413300,1050.1,1052.0,1047.8,1052.0,366927
1774413600,1051.7,1055.4,1051.3,1053.2,205366
1774413900,1053.2,1054.0,1051.7,1052.5,130595
1774414200,1052.5,1054.0,1052.0,1052.3,98955
1774414500,1052.5,1053.6,1052.2,1053.3,89683
1774414800,1053.1,1054.0,1051.6,1052.4,124374
1774415100,1052.2,1052.8,1051.4,1052.7,97751
1774415400,1052.6,1057.6,1052.3,1056.4,173854
1774415700,1056.1,1057.8,1055.8,1057.4,124577
1774416000,1057.0,1058.6,1056.9,1057.2,183034
1774416300,1057.2,1057.8,1056.0,1057.3,120410
1774416600,1057.4,1057.9,1055.3,1055.8,150228
1774416900,1055.8,1058.4,1055.0,1057.5,197658
1774417200,1057.8,1058.0,1056.1,1056.9,87104
1774417500,1056.9,1057.2,1055.4,1056.1,153585
1774417800,1056.1,1056.9,1054.3,1055.0,107693
1774418100,1055.0,1056.4,1054.4,1056.4,94336
1774418400,1056.3,1056.7,1054.8,1056.0,273534
1774418700,1055.7,1056.0,1053.6,1055.0,178418
1774419000,1055.2,1056.9,1055.0,1056.6,90044
1774419300,1056.5,1060.0,1055.6,1059.6,254857
1774419600,1059.6,1063.0,1059.1,1061.0,297194
1774419900,1061.0,1062.0,1060.4,1061.2,144953
1774420200,1061.0,1062.0,1060.5,1062.0,99116
1774420500,1061.7,1063.3,1061.2,1063.1,226022
1774420800,1063.3,1065.5,1063.0,1065.0,337723
1774421100,1065.0,1065.4,1063.5,1064.8,206587
1774421400,1064.8,1065.0,1063.3,1063.4,117615
1774421700,1063.5,1063.5,1060.0,1060.9,231096
1774422000,1060.7,1062.9,1059.9,1060.8,154076
1774422300,1060.9,1061.1,1059.0,1059.5,112955
1774422600,1059.6,1062.2,1059.0,1061.5,116230
1774422900,1061.5,1062.0,1059.0,1059.5,127514
1774423200,1059.5,1060.0,1058.0,1058.3,111377
1774423500,1058.2,1059.8,1058.2,1058.4,96052
1774423800,1058.4,1060.3,1058.1,1058.9,142274
1774424100,1058.8,1061.8,1058.6,1060.5,138788
1774424400,1060.6,1061.0,1059.9,1060.2,130935
1774424700,1060.5,1061.0,1058.7,1058.9,136643
1774425000,1058.5,1059.9,1058.1,1059.5,130856
1774425300,1059.8,1060.8,1058.9,1060.1,149656
1774425600,1060.4,1061.0,1058.7,1060.7,110764
1774425900,1060.9,1062.5,1060.6,1062.3,118616
1774426200,1062.5,1063.9,1062.0,1063.7,143687
1774426500,1063.5,1064.8,1063.3,1063.9,128387
1774426800,1063.8,1065.0,1062.0,1062.5,160227
1774427100,1062.6,1063.6,1061.8,1062.0,114172
1774427400,1062.4,1064.9,1062.0,1063.2,175734
1774427700,1063.7,1064.0,1061.5,1062.2,157904
1774428000,1062.0,1062.9,1060.6,1060.8,149876
1774428300,1060.8,1061.2,1059.3,1059.3,118991
1774428600,1059.3,1059.9,1056.2,1056.5,324676
1774428900,1056.4,1059.6,1056.3,1059.2,254998
1774429200,1059.1,1060.6,1057.1,1059.5,129067
1774429500,1059.3,1060.2,1058.0,1058.8,93837
1774429800,1058.7,1061.3,1058.7,1060.3,210687
1774430100,1060.0,1061.2,1059.6,1060.4,165763
1774430400,1060.4,1060.8,1059.2,1059.7,191000
1774430700,1059.3,1062.3,1059.3,1061.4,192338
1774431000,1061.2,1063.3,1056.1,1060.9,1423831
1774431300,1061.3,1062.4,1059.4,1061.8,638209
1774431600,1061.8,1062.6,1059.6,1060.0,754166
1774431900,1059.9,1061.2,1059.6,1059.9,462424
1774432200,1059.8,1061.9,1059.5,1061.9,514901
1774432500,1061.8,1063.3,1061.4,1063.0,371305
1774583100,1051.3,1055.3,1041.0,1041.6,758545
1774583400,1041.4,1045.0,1040.1,1042.8,330327
1774583700,1042.7,1045.4,1041.7,1042.2,382100
1774584000,1042.4,1043.3,1040.2,1040.5,203099
1774584300,1040.4,1041.5,1038.5,1041.5,268509
1774584600,1041.7,1043.4,1040.8,1043.1,147727
1774584900,1043.1,1043.1,1040.7,1041.3,156154
1774585200,1041.3,1042.3,1039.5,1040.7,331528
1774585500,1040.7,1040.9,1039.3,1040.7,114111
1774585800,1040.5,1043.3,1040.5,1042.8,181176
1774586100,1042.8,1043.0,1041.3,1042.6,107360
1774586400,1042.6,1042.7,1039.9,1041.8,163052
1774586700,1041.8,1043.2,1041.4,1042.4,121229
1774587000,1042.5,1045.7,1042.2,1045.1,141218
1774587300,1045.3,1046.9,1045.0,1046.2,138202
1774587600,1046.2,1047.5,1044.9,1045.2,143720
1774587900,1045.2,1048.4,1045.0,1048.2,258256
1774588200,1048.4,1048.4,1044.9,1045.9,140247
1774588500,1045.9,1045.9,1043.5,1044.0,178199
1774588800,1044.0,1045.0,1042.6,1042.9,276140
1774589100,1042.6,1043.8,1041.6,1042.8,260133
1774589400,1042.9,1044.6,1040.0,1040.9,782945
1774589700,1041.0,1041.9,1040.0,1041.4,137007
1774590000,1041.4,1042.6,1041.3,1042.5,127040
1774590300,1042.4,1043.4,1040.3,1041.1,184119
1774590600,1041.2,1042.2,1040.1,1041.4,212395
1774590900,1041.5,1042.0,1039.7,1040.1,142436
1774591200,1040.1,1041.9,1039.9,1040.8,214427
1774591500,1040.9,1041.9,1039.7,1041.3,226072
1774591800,1041.3,1041.5,1038.8,1040.2,160768
1774592100,1040.2,1040.8,1038.0,1039.4,262200
1774592400,1039.9,1040.9,1039.3,1040.7,80102
1774592700,1040.3,1041.2,1039.4,1039.9,115972
1774593000,1040.1,1040.1,1037.4,1038.3,112974
1774593300,1038.3,1039.8,1038.3,1039.0,77210
1774593600,1039.2,1039.4,1038.5,1038.7,49456
1774593900,1038.6,1039.0,1037.2,1037.6,142573
1774594200,1037.7,1040.2,1037.2,1039.9,208165
1774594500,1040.0,1040.8,1039.0,1039.9,128647
1774594800,1040.0,1040.5,1038.5,1040.1,127269
1774595100,1040.2,1040.5,1038.6,1039.4,114879
1774595400,1039.4,1040.0,1038.7,1039.8,71890
1774595700,1039.8,1040.0,1038.8,1039.3,92441
1774596000,1039.3,1040.9,1038.2,1039.9,102649
1774596300,1039.9,1040.1,1039.2,1039.5,58275
1774596600,1039.5,1040.0,1039.1,1039.3,64476
1774596900,1039.4,1039.9,1038.7,1038.9,70842
1774597200,1038.9,1039.8,1038.2,1039.5,95027
1774597500,1039.6,1041.9,1039.2,1040.8,108072
1774597800,1040.8,1040.9,1039.6,1040.1,125217
1774598100,1040.1,1040.5,1039.4,1039.6,136595
1774598400,1040.1,1040.8,1039.0,1039.2,92749
1774598700,1039.6,1040.0,1038.8,1039.0,87238
1774599000,1039.4,1039.8,1037.5,1038.2,151975
1774599300,1038.5,1039.3,1037.8,1038.4,85878
1774599600,1038.3,1039.4,1038.0,1038.2,110677
1774599900,1038.6,1038.8,1036.9,1037.5,212927
1774600200,1037.8,1039.3,1037.3,1038.8,126633
1774600500,1039.0,1039.2,1036.1,1036.6,131987
1774600800,1036.7,1037.1,1035.2,1036.8,149741
1774601100,1037.0,1037.0,1032.3,1032.9,302521
1774601400,1032.9,1034.0,1032.0,1033.0,199730
1774601700,1032.6,1033.6,1030.9,1031.8,223246
1774602000,1031.8,1032.5,1030.5,1031.1,153195
1774602300,1031.2,1032.4,1028.1,1028.5,271037
1774602600,1028.4,1029.4,1027.5,1028.2,196075
1774602900,1028.3,1029.6,1027.9,1029.4,136294
1774603200,1029.4,1030.4,1028.4,1028.7,163224
1774603500,1029.0,1030.8,1028.6,1029.6,290017
1774603800,1029.0,1029.0,1022.4,1023.1,1303620
1774604100,1023.1,1024.3,1021.3,1022.1,1181043
1774604400,1022.0,1022.2,1020.1,1020.6,1250882
1774604700,1020.7,1020.8,1015.8,1016.1,1760049
1774605000,1016.0,1017.3,1014.2,1014.7,1466036
1774605300,1014.6,1020.0,1013.0,1019.2,896662
1774842300,1005.0,1006.2,993.3,995.3,1216701
1774842600,995.3,1000.8,994.2,1000.0,558797
1774842900,1000.0,1002.7,998.0,1001.6,410700
1774843200,1001.5,1008.3,1001.4,1008.1,262693
1774843500,1007.9,1009.4,1003.2,1003.5,268333
1774843800,1003.2,1006.2,1002.0,1005.4,191895
1774844100,1005.7,1008.0,1004.3,1005.5,141533
1774844400,1005.5,1006.9,1003.0,1003.6,166114
1774844700,1002.5,1004.3,1001.0,1002.0,162556
1774845000,1001.8,1006.7,1000.6,1006.0,182182
1774845300,1006.1,1006.5,1003.4,1004.2,85310
1774845600,1004.2,1004.8,1002.3,1004.7,104317
1774845900,1004.5,1004.9,1000.2,1000.5,131599
1774846200,1000.6,1001.0,999.0,999.3,428695
1774846500,999.3,1000.8,995.7,995.7,235941
1774846800,995.9,997.0,995.0,996.6,124076
1774847100,996.6,998.2,996.0,996.8,141185
1774847400,996.5,998.1,992.6,993.4,256240
1774847700,993.0,994.9,992.2,994.9,106512
1774848000,994.9,995.5,991.1,993.1,255156
1774848300,993.1,996.5,992.5,993.5,260791
1774848600,993.5,995.2,993.2,994.8,63960
1774848900,994.7,995.1,991.4,991.6,181023
1774849200,991.8,991.9,990.1,991.8,238696
1774849500,991.5,992.2,990.7,992.1,95224
1774849800,991.7,993.3,990.6,992.9,199331
1774850100,993.3,993.6,991.5,992.0,144157
1774850400,992.0,993.5,991.7,993.2,82526
1774850700,993.2,995.9,993.0,993.9,207232
1774851000,993.8,994.2,990.1,990.2,174628
1774851300,990.1,991.0,989.1,990.5,342141
1774851600,990.4,991.6,989.3,991.3,84051
1774851900,991.3,992.8,990.9,992.5,103595
1774852200,992.1,993.9,991.0,992.6,458410
1774852500,992.7,994.1,991.0,992.1,384534
1774852800,992.3,993.0,991.5,992.5,81612
1774853100,992.1,992.7,991.0,991.3,114433
1774853400,991.3,993.3,988.2,988.7,200050
1774853700,988.6,989.5,987.5,988.9,140162
1774854000,989.0,989.5,988.2,988.8,72951
1774854300,988.7,991.0,988.5,990.5,107935
1774854600,990.7,992.0,990.0,990.7,147223
1774854900,990.7,991.1,988.5,989.4,107811
1774855200,989.4,990.2,988.0,989.0,106501
1774855500,988.8,989.3,987.8,989.1,75479
1774855800,988.7,989.4,987.6,988.6,84228
1774856100,988.5,990.0,988.2,989.0,86237
1774856400,989.1,989.5,987.2,988.5,93185
1774856700,988.4,989.4,987.5,988.5,133838
1774857000,988.3,989.5,988.0,989.0,106992
1774857300,989.0,989.0,987.4,988.4,94418
1774857600,988.4,988.4,985.8,987.2,157732
1774857900,987.2,988.3,986.7,988.3,79632
1774858200,988.3,989.0,987.3,988.9,100437
1774858500,988.8,989.4,987.1,987.2,165564
1774858800,987.1,987.5,985.8,987.4,247176
1774859100,987.4,988.9,986.3,986.8,341989
1774859400,986.8,988.9,986.4,988.6,161014
1774859700,988.6,989.0,987.6,988.5,146843
1774860000,988.5,989.0,987.2,987.4,130751
1774860300,987.5,987.8,986.0,986.8,117091
1774860600,986.9,987.1,983.6,984.7,276289
1774860900,984.7,985.2,983.0,983.4,174086
1774861200,983.1,985.5,982.7,984.5,185157
1774861500,984.1,984.5,982.5,983.2,167509
1774861800,983.2,984.4,983.0,983.4,127325
1774862100,983.3,984.0,980.6,982.0,459203
1774862400,982.2,984.0,981.3,981.8,368101
1774862700,982.2,982.6,980.5,982.3,187236
1774863000,982.1,982.1,975.8,976.7,1770534
1774863300,976.9,979.9,976.7,978.8,1007286
1774863600,978.8,981.4,977.6,980.0,1153989
1774863900,979.9,980.4,978.0,979.6,1524998
1774864200,979.7,982.8,979.1,982.3,1108362
1774864500,982.4,982.4,978.0,980.7,996846
1775015100,1008.0,1012.85,1002.45,1012.05,1043604
1775015400,1011.8,1014.45,1008.5,1013.0,466592
1775015700,1013.0,1013.35,1009.5,1010.85,175205
1775016000,1011.4,1013.0,1005.7,1007.6,367068
1775016300,1007.6,1007.6,1005.0,1005.45,317617
1775016600,1005.45,1007.6,1004.3,1005.75,223481
1775016900,1005.3,1009.3,1005.15,1008.9,202887
1775017200,1008.8,1009.9,1006.75,1007.4,255271
1775017500,1007.55,1008.4,1006.3,1006.55,170802
1775017800,1006.55,1008.9,1006.45,1008.5,133424
1775018100,1007.85,1008.25,1004.9,1005.3,149840
1775018400,1005.1,1005.3,1002.8,1004.0,206821
1775018700,1003.95,1004.3,1002.9,1003.3,120271
1775019000,1003.15,1003.35,1000.9,1001.2,202693
1775019300,1001.25,1001.3,999.0,1000.0,209889
1775019600,1000.15,1002.95,999.3,1002.05,226365
1775019900,1002.05,1004.95,1002.0,1004.8,125064
1775020200,1004.6,1005.0,1000.2,1001.3,174490
1775020500,1001.3,1002.6,1001.0,1001.45,67628
1775020800,1001.45,1001.75,1000.6,1001.2,63790
1775021100,1001.15,1001.2,999.7,1000.45,114753
1775021400,1000.45,1001.0,999.1,1000.9,146654
1775021700,1000.9,1002.3,1000.4,1001.95,90709
1775022000,1002.0,1003.95,999.6,999.95,122711
1775022300,999.65,1001.15,998.45,1001.0,111888
1775022600,1001.15,1005.0,1001.15,1004.75,138172
1775022900,1004.75,1005.85,1003.7,1005.0,186146
1775023200,1005.05,1007.7,1003.5,1004.25,688397
1775023500,1004.2,1006.75,1003.45,1006.75,150721
1775023800,1006.6,1008.0,1005.8,1007.5,181341
1775024100,1007.55,1008.0,1003.85,1005.8,226601
1775024400,1005.65,1008.5,1005.5,1007.5,194172
1775024700,1007.4,1012.2,1007.4,1011.5,333315
1775025000,1011.95,1019.25,1011.55,1017.75,543146
1775025300,1017.5,1020.75,1013.4,1014.25,659298
1775025600,1014.5,1018.2,1014.35,1017.45,361772
1775025900,1017.45,1022.1,1017.25,1018.15,649199
1775026200,1018.55,1018.8,1017.05,1017.4,153865
1775026500,1017.3,1019.35,1017.1,1018.55,155454
1775026800,1018.25,1019.7,1018.0,1018.05,92893
1775027100,1018.05,1020.9,1018.0,1020.8,193795
1775027400,1020.8,1022.0,1019.0,1020.55,198870
1775027700,1020.55,1026.0,1020.35,1025.0,418261
1775028000,1025.05,1027.3,1024.6,1024.8,166888
1775028300,1024.85,1024.9,1022.55,1023.45,160130
1775028600,1023.4,1027.9,1023.35,1027.9,191186
1775028900,1027.8,1028.9,1027.3,1027.85,147097
1775029200,1027.8,1029.25,1025.75,1029.15,186718
1775029500,1029.2,1031.0,1027.2,1027.4,349497
1775029800,1027.45,1027.85,1025.45,1026.15,162766
1775030100,1026.15,1028.1,1025.2,1026.45,354223
1775030400,1026.45,1026.45,1024.0,1025.5,198039
1775030700,1025.5,1025.5,1022.85,1024.9,203064
1775031000,1024.9,1024.9,1017.25,1018.6,315828
1775031300,1018.65,1019.45,1016.8,1018.8,191656
1775031600,1018.7,1020.95,1018.7,1020.5,99081
1775031900,1020.45,1021.9,1020.1,1020.8,89747
1775032200,1020.8,1022.8,1019.25,1022.1,107189
1775032500,1022.15,1023.65,1021.4,1023.45,85843
1775032800,1023.4,1024.15,1022.5,1023.8,78078
1775033100,1023.8,1023.95,1022.25,1023.55,93782
1775033400,1023.5,1023.75,1021.0,1022.2,210047
1775033700,1022.1,1023.7,1021.35,1023.2,91861
1775034000,1023.2,1023.4,1021.8,1023.3,121254
1775034300,1023.35,1023.4,1021.35,1021.65,121771
1775034600,1021.6,1021.75,1019.35,1020.65,170965
1775034900,1020.65,1020.8,1018.4,1020.25,251536
1775035200,1020.45,1020.9,1018.8,1019.85,180862
1775035500,1019.85,1021.35,1018.8,1019.25,150773
1775035800,1019.25,1020.85,1017.0,1018.7,300911
1775036100,1018.7,1019.0,1018.05,1018.05,211401
1775036400,1018.15,1018.3,1017.1,1017.5,273099
1775036700,1017.45,1018.8,1016.9,1018.0,330216
1775037000,1018.1,1018.15,1015.6,1015.95,308541
1775037300,1015.95,1018.45,1015.75,1018.0,273347
1775101500,1000.0,1005.0,985.0,987.0,935819
1775101800,987.0,988.9,984.6,986.5,390901
1775102100,986.25,987.45,985.25,986.9,150020
1775102400,986.85,988.9,986.6,988.4,133752
1775102700,988.4,992.15,987.25,990.05,233835
1775103000,990.25,991.0,989.0,989.75,139984
1775103300,989.75,990.3,988.3,989.25,79242
1775103600,989.25,989.5,985.5,986.75,153970
1775103900,986.75,987.5,986.25,986.6,58437
1775104200,986.75,986.75,981.25,982.65,471807
1775104500,982.55,983.0,979.65,980.0,384292
1775104800,980.0,984.0,979.75,983.95,223103
1775105100,983.9,983.95,981.45,982.0,294239
1775105400,982.0,983.65,981.25,981.45,86609
1775105700,981.7,983.05,981.4,982.8,223356
1775106000,982.8,984.2,982.2,983.2,80226
1775106300,983.15,983.4,981.05,981.2,179844
1775106600,981.05,981.9,980.2,980.5,178075
1775106900,980.2,980.7,977.9,978.2,220902
1775107200,978.15,981.0,978.15,980.15,105953
1775107500,980.15,981.0,979.55,981.0,203782
1775107800,981.0,981.55,980.35,980.6,143234
1775108100,980.9,981.45,980.0,980.55,94762
1775108400,980.45,980.6,979.0,980.1,104602
1775108700,980.0,980.55,979.0,979.5,119771
1775109000,979.5,980.3,978.95,979.65,62764
1775109300,979.85,980.9,979.4,980.2,66727
1775109600,979.95,981.9,979.6,980.6,127162
1775109900,980.6,982.7,980.25,982.1,117216
1775110200,982.1,983.2,981.05,981.05,110196
1775110500,981.05,982.85,981.05,982.0,53324
1775110800,982.25,982.7,981.7,982.2,90257
1775111100,982.0,984.85,981.8,983.9,135761
1775111400,983.95,984.0,982.0,982.3,116867
1775111700,982.35,982.65,980.5,982.0,111300
1775112000,982.0,982.35,980.75,981.7,126118
1775112300,981.5,981.95,980.45,981.1,151981
1775112600,981.1,981.2,978.5,980.45,185710
1775112900,980.05,983.65,979.9,983.65,181296
1775113200,983.85,987.15,983.5,987.15,362391
1775113500,987.3,989.7,987.0,988.3,209874
1775113800,988.3,989.95,987.15,989.6,204348
1775114100,989.15,990.5,988.1,989.55,373317
1775114400,989.55,990.35,988.6,988.7,268416
1775114700,988.7,991.8,988.7,991.3,153084
1775115000,991.45,992.65,989.55,989.8,240942
1775115300,989.8,991.35,988.6,991.1,162016
1775115600,991.2,991.2,990.0,990.9,97553
1775115900,990.7,992.5,990.4,992.1,96936
1775116200,992.15,994.95,992.0,994.7,199260
1775116500,994.55,999.0,994.5,999.0,265911
1775116800,998.75,1000.45,997.25,998.65,238716
1775117100,998.2,1002.0,996.4,1001.7,225239
1775117400,1001.65,1002.95,1000.45,1002.0,132713
1775117700,1001.55,1003.95,1000.55,1000.7,153041
1775118000,1000.8,1001.5,999.05,999.65,116393
1775118300,999.6,1000.8,998.45,1000.5,140401
1775118600,1000.5,1003.2,1000.1,1002.85,119488
1775118900,1002.85,1006.0,1001.9,1005.95,174234
1775119200,1005.85,1010.9,1005.55,1010.8,383381
1775119500,1010.5,1014.75,1010.5,1014.0,991916
1775119800,1013.9,1015.0,1012.0,1014.85,305960
1775120100,1014.8,1015.7,1011.8,1012.0,317116
1775120400,1012.2,1015.5,1012.0,1014.3,242116
1775120700,1014.55,1014.55,1009.7,1010.2,441124
1775121000,1010.25,1011.65,1006.8,1007.45,581090
1775121300,1007.25,1010.95,1006.6,1010.05,263401
1775121600,1009.75,1012.9,1009.25,1012.2,267515
1775121900,1012.25,1014.0,1011.55,1012.7,187094
1775122200,1012.9,1018.0,1012.05,1015.15,1882387
1775122500,1015.2,1024.9,1015.2,1024.35,857600
1775122800,1025.15,1026.0,1021.25,1021.55,855801
1775123100,1021.6,1022.55,1017.85,1018.15,721209
1775123400,1018.0,1019.8,1015.45,1019.05,927631
1775123700,1018.95,1020.2,1016.5,1018.0,552225
1775447100,1020.0,1023.0,1011.0,1019.55,496827
1775447400,1019.65,1022.25,1017.0,1019.45,299431
1775447700,1019.45,1021.0,1018.0,1019.4,252694
1775448000,1019.7,1024.4,1018.7,1023.4,395032
1775448300,1023.75,1029.0,1023.0,1026.35,1010560
1775448600,1026.45,1026.85,1020.5,1020.95,301226
1775448900,1021.15,1023.15,1016.25,1017.75,193188
1775449200,1017.75,1018.4,1015.0,1015.1,242187
1775449500,1015.55,1016.55,1013.8,1014.0,215226
1775449800,1014.0,1014.5,1012.3,1013.9,157727
1775450100,1014.0,1015.25,1013.0,1014.05,277596
1775450400,1014.35,1014.8,1011.5,1014.1,244469
1775450700,1014.45,1016.6,1012.0,1014.25,458215
1775451000,1014.3,1015.95,1013.9,1014.35,196945
1775451300,1014.3,1014.9,1012.3,1013.8,138535
1775451600,1013.95,1014.05,1011.0,1012.9,114629
1775451900,1012.95,1015.0,1012.7,1013.95,266354
1775452200,1014.4,1014.95,1012.5,1014.1,187387
1775452500,1014.1,1016.25,1013.8,1014.35,121759
1775452800,1014.7,1014.9,1011.45,1012.5,117873
1775453100,1012.65,1013.8,1012.0,1012.35,59692
1775453400,1012.5,1012.5,1007.1,1007.6,250127
1775453700,1007.6,1008.8,1006.2,1008.25,127455
1775454000,1008.05,1008.1,1005.35,1008.0,135040
1775454300,1008.0,1008.65,1005.05,1008.65,119978
1775454600,1008.65,1009.6,1006.2,1006.75,323064
1775454900,1006.7,1008.2,1005.1,1008.2,111191
1775455200,1008.2,1008.2,1006.05,1007.7,103711
1775455500,1007.45,1011.95,1007.15,1009.2,373280
1775455800,1009.6,1011.5,1008.25,1011.15,142786
1775456100,1010.75,1013.0,1010.5,1011.3,243641
1775456400,1011.0,1013.95,1010.9,1012.35,369031
1775456700,1012.3,1014.2,1010.5,1011.0,573236
1775457000,1011.0,1012.3,1010.65,1011.45,142445
1775457300,1011.45,1014.8,1011.2,1013.35,461695
1775457600,1013.4,1014.0,1012.05,1013.35,249870
1775457900,1013.4,1014.75,1012.5,1013.65,332617
1775458200,1013.9,1017.4,1013.4,1015.85,782949
1775458500,1015.85,1017.3,1015.2,1016.2,243708
1775458800,1016.25,1016.4,1012.1,1012.45,233204
1775459100,1012.5,1014.6,1011.5,1013.85,234465
1775459400,1014.0,1015.0,1012.5,1014.05,314273
1775459700,1014.05,1019.4,1014.0,1019.05,1141444
1775460000,1019.0,1020.95,1017.15,1019.8,671629
1775460300,1019.8,1020.35,1018.8,1019.85,244884
1775460600,1019.85,1021.05,1019.2,1019.7,447092
1775460900,1019.95,1023.4,1019.45,1022.35,416607
1775461200,1022.95,1026.7,1022.05,1026.0,859334
1775461500,1025.65,1026.4,1022.35,1023.8,334445
1775461800,1024.05,1025.4,1023.2,1023.9,133793
1775462100,1024.0,1024.6,1022.35,1023.25,154782
1775462400,1023.4,1025.0,1023.0,1024.0,184258
1775462700,1024.0,1024.65,1021.8,1022.0,129390
1775463000,1022.15,1023.25,1020.1,1021.8,150268
1775463300,1021.65,1022.5,1020.9,1021.15,87847
1775463600,1021.3,1023.5,1021.0,1022.8,87169
1775463900,1022.85,1023.1,1020.2,1020.65,90477
1775464200,1020.8,1023.0,1020.25,1022.65,206654
1775464500,1022.6,1023.25,1020.6,1022.0,298721
1775464800,1022.05,1023.15,1021.35,1022.2,507655
1775465100,1022.4,1023.75,1020.2,1023.4,803472
1775465400,1023.4,1024.95,1023.0,1023.45,143747
1775465700,1023.55,1025.0,1021.45,1023.0,200983
1775466000,1023.1,1026.0,1022.8,1025.0,220893
1775466300,1025.05,1025.85,1023.6,1024.75,132483
1775466600,1024.4,1026.0,1024.05,1024.95,125209
1775466900,1024.95,1027.0,1024.6,1026.65,177593
1775467200,1026.35,1027.0,1024.5,1025.35,155229
1775467500,1025.35,1026.0,1023.35,1025.6,172343
1775467800,1025.6,1030.6,1025.3,1028.7,500696
1775468100,1028.7,1035.0,1028.7,1034.9,463497
1775468400,1034.7,1035.7,1033.4,1034.7,412568
1775468700,1034.65,1035.4,1032.7,1034.9,1037892
1775469000,1034.9,1034.9,1032.0,1033.25,687076
1775469300,1033.25,1033.8,1032.0,1033.4,536460
1775533500,1025.0,1025.0,1015.7,1016.8,528778
1775533800,1017.05,1018.5,1012.0,1017.2,259465
1775534100,1017.4,1021.8,1016.8,1020.85,309261
1775534400,1021.45,1021.95,1020.0,1021.0,145807
1775534700,1021.35,1023.0,1021.0,1022.0,220092
1775535000,1022.0,1023.15,1020.45,1021.75,320124
1775535300,1021.8,1025.3,1021.55,1022.8,269174
1775535600,1022.75,1023.8,1022.0,1023.0,68468
1775535900,1023.0,1023.95,1020.5,1022.2,187920
1775536200,1022.25,1024.0,1021.9,1023.2,152437
1775536500,1023.25,1024.4,1021.5,1022.1,127035
1775536800,1021.85,1023.3,1021.2,1022.6,53602
1775537100,1023.0,1024.6,1022.1,1023.4,206565
1775537400,1023.4,1024.3,1021.5,1022.65,177939
1775537700,1022.6,1023.2,1022.3,1022.5,51259
1775538000,1022.65,1022.8,1021.05,1021.35,72099
1775538300,1021.5,1021.5,1019.0,1020.45,133063
1775538600,1020.5,1023.9,1020.15,1022.95,177615
1775538900,1022.95,1023.35,1021.0,1021.7,84879
1775539200,1021.7,1021.7,1018.7,1019.5,126997
1775539500,1019.5,1020.65,1018.5,1019.15,105670
1775539800,1018.2,1019.45,1016.75,1016.75,118910
1775540100,1016.95,1019.5,1016.4,1017.2,232451
1775540400,1017.2,1017.5,1015.05,1017.35,293463
1775540700,1017.6,1019.8,1016.8,1018.25,179559
1775541000,1018.6,1020.3,1017.4,1019.9,111930
1775541300,1019.95,1020.45,1019.0,1019.95,100633
1775541600,1020.1,1020.1,1016.8,1017.95,105767
1775541900,1018.0,1019.7,1017.5,1018.7,57562
1775542200,1018.7,1018.7,1017.05,1017.5,63775
1775542500,1017.5,1018.25,1015.7,1017.05,122946
1775542800,1017.0,1018.9,1017.0,1018.65,33047
1775543100,1018.7,1022.85,1018.6,1021.8,246929
1775543400,1021.8,1022.0,1020.0,1020.6,66085
1775543700,1020.7,1021.0,1019.55,1020.95,35795
1775544000,1020.95,1020.95,1019.0,1020.35,52674
1775544300,1020.35,1020.8,1019.0,1019.8,55145
1775544600,1019.8,1019.9,1018.2,1018.95,39203
1775544900,1018.95,1019.9,1018.6,1019.9,40602
1775545200,1019.85,1020.8,1019.35,1019.9,45475
1775545500,1019.6,1020.4,1018.55,1020.35,59707
1775545800,1020.35,1020.6,1019.35,1019.7,34474
1775546100,1019.9,1020.3,1019.6,1019.6,32510
1775546400,1019.8,1020.4,1019.0,1019.5,36118
1775546700,1019.5,1019.85,1018.85,1019.0,32629
1775547000,1019.15,1022.9,1018.5,1022.5,253934
1775547300,1022.45,1022.9,1020.6,1020.65,90612
1775547600,1020.9,1022.9,1020.15,1022.25,112306
1775547900,1022.3,1023.45,1022.05,1022.9,124954
1775548200,1023.35,1023.35,1022.0,1022.25,84402
1775548500,1022.25,1022.45,1021.0,1022.35,60773
1775548800,1022.35,1025.0,1022.25,1023.9,420624
1775549100,1023.95,1025.75,1023.45,1024.4,299038
1775549400,1024.1,1026.0,1023.2,1025.5,356260
1775549700,1025.55,1027.85,1023.55,1023.9,246367
1775550000,1023.9,1025.95,1022.0,1024.55,235042
1775550300,1025.0,1025.3,1021.1,1022.45,152355
1775550600,1021.95,1024.45,1021.95,1023.15,292875
1775550900,1023.15,1024.85,1022.0,1023.3,122584
1775551200,1022.6,1023.75,1021.5,1023.3,123821
1775551500,1023.5,1024.0,1022.7,1023.2,92733
1775551800,1023.35,1024.1,1022.95,1023.35,99162
1775552100,1023.8,1024.55,1023.1,1023.6,109067
1775552400,1023.6,1025.1,1023.15,1024.6,164904
1775552700,1024.4,1024.75,1021.95,1022.9,127833
1775553000,1023.25,1024.95,1022.85,1024.0,191584
1775553300,1024.2,1026.0,1023.65,1025.65,134751
1775553600,1025.7,1026.8,1024.55,1025.8,298058
1775553900,1025.85,1030.0,1025.85,1029.4,644713
1775554200,1029.1,1033.2,1028.6,1032.25,688169
1775554500,1032.25,1033.7,1030.05,1033.4,746772
1775554800,1033.2,1033.5,1028.2,1028.7,587078
1775555100,1029.1,1031.7,1026.6,1029.3,1044987
1775555400,1029.75,1031.0,1027.25,1029.6,652079
1775555700,1029.4,1030.15,1026.75,1028.0,450878
1775619900,1074.0,1077.7,1068.0,1071.5,1944521
1775620200,1071.05,1072.8,1068.5,1068.8,829667
1775620500,1069.05,1072.85,1068.45,1070.65,478039
1775620800,1070.65,1073.7,1070.0,1070.4,837090
1775621100,1070.45,1073.0,1070.2,1072.1,254952
1775621400,1071.7,1074.0,1071.5,1072.1,270553
1775621700,1071.95,1076.9,1071.8,1073.8,1267849
1775622000,1073.85,1075.35,1070.0,1071.1,469197
1775622300,1071.1,1071.5,1069.5,1069.95,287765
1775622600,1069.9,1073.85,1069.65,1072.55,221348
1775622900,1072.55,1074.9,1071.5,1071.95,249713
1775623200,1071.95,1073.45,1071.0,1073.0,123439
1775623500,1072.95,1074.95,1071.65,1074.0,836930
1775623800,1073.9,1077.15,1073.7,1075.55,1512100
1775624100,1075.6,1075.9,1071.0,1074.05,827028
1775624400,1073.85,1077.8,1070.35,1077.8,317451
1775624700,1073.65,1074.0,1068.8,1070.6,1148332
1775625000,1070.5,1072.75,1068.55,1072.6,323538
1775625300,1072.5,1073.4,1070.0,1070.95,372759
1775625600,1070.9,1071.85,1069.85,1070.8,184095
1775625900,1070.85,1072.8,1070.2,1071.5,282652
1775626200,1071.5,1072.65,1070.35,1071.9,278116
1775626500,1071.7,1072.4,1070.6,1070.6,95990
1775626800,1070.6,1071.0,1068.5,1068.8,262942
1775627100,1068.65,1071.3,1068.5,1069.55,195260
1775627400,1069.65,1071.0,1069.3,1069.7,97759
1775627700,1069.8,1070.0,1069.2,1069.9,92400
1775628000,1069.5,1071.6,1069.05,1071.45,254722
1775628300,1071.5,1071.5,1068.6,1070.2,615062
1775628600,1070.15,1070.75,1068.7,1068.75,142705
1775628900,1068.75,1069.2,1066.2,1066.8,221063
1775629200,1066.65,1066.75,1064.0,1064.1,269152
1775629500,1064.45,1067.15,1062.65,1064.7,265921
1775629800,1064.7,1067.5,1064.7,1067.1,185484
1775630100,1067.05,1067.5,1065.8,1066.45,81640
1775630400,1066.45,1067.5,1066.3,1067.0,101698
1775630700,1066.95,1069.95,1066.7,1069.6,337730
1775631000,1069.4,1069.5,1066.95,1068.3,136147
1775631300,1068.1,1068.3,1067.45,1068.0,96541
1775631600,1068.0,1068.0,1064.5,1065.95,173611
1775631900,1066.05,1066.1,1064.2,1065.15,147112
1775632200,1065.0,1068.0,1064.95,1066.65,266447
1775632500,1066.6,1067.15,1065.65,1067.05,178110
1775632800,1067.05,1067.5,1065.95,1066.75,289332
1775633100,1066.75,1067.9,1066.6,1067.3,171806
1775633400,1067.3,1067.3,1065.45,1065.7,90059
1775633700,1065.65,1066.3,1064.7,1065.15,179317
1775634000,1065.0,1067.5,1065.0,1066.0,358713
1775634300,1066.0,1066.75,1065.2,1065.5,214013
1775634600,1065.3,1065.75,1063.6,1064.6,185473
1775634900,1064.6,1065.5,1063.65,1065.5,163137
1775635200,1065.5,1065.5,1063.15,1064.0,135352
1775635500,1063.95,1065.5,1063.95,1065.3,143328
1775635800,1065.3,1065.3,1063.0,1063.3,186878
1775636100,1063.15,1064.0,1062.7,1063.9,213669
1775636400,1063.95,1065.5,1062.5,1063.0,258507
1775636700,1063.05,1064.0,1063.05,1063.9,108683
1775637000,1063.9,1064.0,1062.9,1063.8,164858
1775637300,1063.75,1064.0,1062.5,1063.3,183842
1775637600,1063.3,1063.75,1061.45,1062.4,253800
1775637900,1062.5,1063.8,1062.0,1063.7,100528
1775638200,1063.75,1065.95,1063.5,1065.45,181582
1775638500,1065.45,1066.0,1063.55,1063.95,365046
1775638800,1063.95,1065.75,1063.8,1065.15,343657
1775639100,1065.0,1065.25,1063.55,1064.05,327959
1775639400,1064.0,1065.9,1063.95,1064.8,511683
1775639700,1064.75,1068.45,1064.0,1064.6,625172
1775640000,1064.1,1066.0,1062.95,1063.75,507032
1775640300,1063.65,1064.4,1063.0,1064.0,262725
1775640600,1063.9,1064.05,1060.1,1060.95,598274
1775640900,1060.95,1062.55,1059.45,1060.45,771773
1775641200,1060.75,1061.45,1059.95,1060.95,693126
1775641500,1061.0,1062.5,1060.9,1061.05,873758
1775641800,1061.05,1062.25,1060.45,1061.6,679891
1775642100,1061.6,1065.65,1061.55,1065.0,678833
1775706300,1060.1,1064.35,1056.15,1062.7,747284
1775706600,1062.35,1063.9,1061.4,1063.2,775328
1775706900,1063.45,1064.2,1059.25,1062.0,727840
1775707200,1061.75,1063.0,1056.6,1057.2,433784
1775707500,1056.75,1059.3,1054.35,1055.05,398654
1775707800,1055.05,1055.85,1052.5,1054.0,213587
1775708100,1054.0,1054.85,1051.5,1051.5,188161
1775708400,1051.55,1053.8,1051.15,1053.2,162191
1775708700,1053.2,1054.0,1051.65,1053.85,167118
1775709000,1053.65,1056.1,1052.15,1054.9,229918
1775709300,1054.8,1055.75,1054.0,1055.55,127629
1775709600,1055.5,1058.5,1055.3,1057.0,196598
1775709900,1057.25,1058.55,1054.65,1057.6,173669
1775710200,1057.35,1057.35,1055.1,1057.0,126462
1775710500,1057.05,1057.5,1055.0,1057.0,281214
1775710800,1057.0,1060.35,1056.05,1059.3,770186
1775711100,1059.3,1060.55,1054.6,1055.05,668547
1775711400,1055.2,1055.2,1051.15,1051.85,305471
1775711700,1051.75,1053.5,1051.65,1053.3,101706
1775712000,1053.05,1053.65,1052.0,1052.45,142317
1775712300,1052.5,1054.45,1051.55,1053.7,167664
1775712600,1053.9,1055.0,1052.5,1054.15,167648
1775712900,1054.15,1054.2,1052.3,1053.3,70330
1775713200,1053.3,1054.1,1052.1,1052.5,85292
1775713500,1052.55,1052.75,1050.0,1050.25,289907
1775713800,1050.25,1051.5,1048.45,1050.8,355453
1775714100,1050.6,1051.9,1049.75,1050.0,149046
1775714400,1049.95,1051.55,1049.0,1049.75,329090
1775714700,1050.0,1050.4,1048.7,1049.8,143604
1775715000,1049.75,1051.5,1049.0,1050.5,225087
1775715300,1050.5,1052.0,1049.45,1051.85,176665
1775715600,1051.95,1051.95,1049.0,1050.1,248503
1775715900,1049.9,1051.2,1049.45,1050.9,250471
1775716200,1050.95,1052.1,1049.6,1050.15,343858
1775716500,1050.15,1051.15,1049.05,1050.8,219223
1775716800,1050.5,1051.2,1049.3,1049.5,238159
1775717100,1049.55,1049.55,1047.7,1048.4,274070
1775717400,1048.35,1048.65,1046.3,1046.65,260873
1775717700,1046.35,1048.6,1045.05,1047.2,314843
1775718000,1047.25,1050.45,1047.0,1048.5,479755
1775718300,1048.25,1049.15,1045.7,1046.8,334987
1775718600,1046.9,1047.85,1046.5,1047.35,173156
1775718900,1047.15,1047.35,1043.5,1044.35,241351
1775719200,1044.25,1045.25,1042.95,1043.95,727892
1775719500,1044.3,1044.35,1041.3,1042.55,311512
1775719800,1042.45,1043.25,1041.15,1041.3,195281
1775720100,1041.65,1043.75,1041.05,1042.85,227720
1775720400,1042.75,1043.0,1040.65,1041.75,184254
1775720700,1041.55,1041.8,1040.1,1040.1,144472
1775721000,1040.2,1041.4,1038.3,1041.05,360805
1775721300,1041.1,1041.3,1039.4,1040.6,208753
1775721600,1040.6,1043.35,1040.0,1042.95,262005
1775721900,1043.3,1043.75,1040.4,1040.75,307428
1775722200,1040.75,1042.0,1040.1,1040.95,313742
1775722500,1040.8,1044.4,1039.7,1043.7,531558
1775722800,1043.75,1045.0,1042.65,1043.95,262307
1775723100,1044.0,1045.0,1043.15,1043.65,165597
1775723400,1043.6,1045.0,1042.55,1044.25,111177
1775723700,1044.25,1044.8,1043.05,1043.8,162882
1775724000,1043.55,1043.8,1041.25,1041.65,292228
1775724300,1041.65,1042.85,1040.6,1040.6,192138
1775724600,1040.6,1041.7,1040.5,1041.1,144143
1775724900,1041.0,1041.7,1040.3,1041.0,101264
1775725200,1040.6,1041.1,1039.2,1039.75,536302
1775725500,1039.75,1040.8,1039.2,1040.25,181715
1775725800,1040.3,1041.9,1039.95,1040.4,262348
1775726100,1040.15,1040.45,1039.0,1039.8,284114
1775726400,1039.75,1041.5,1038.85,1040.6,303779
1775726700,1040.6,1040.6,1038.7,1040.15,268874
1775727000,1040.1,1045.0,1039.25,1040.15,1868777
1775727300,1040.35,1042.3,1038.85,1041.55,951660
1775727600,1041.45,1042.2,1040.1,1041.4,586997
1775727900,1041.75,1042.0,1039.8,1040.0,596321
1775728200,1039.95,1040.95,1039.0,1040.0,737565
1775728500,1040.3,1041.5,1039.0,1040.45,445420
1775792700,1049.0,1057.9,1046.15,1057.5,689809
1775793000,1057.35,1057.9,1055.35,1056.25,239174
1775793300,1056.25,1057.0,1054.9,1056.8,219590
1775793600,1057.0,1059.45,1056.9,1057.25,223469
1775793900,1057.4,1057.45,1055.1,1055.35,179677
1775794200,1055.5,1057.9,1055.3,1056.9,227987
1775794500,1056.7,1057.5,1055.3,1055.3,170634
1775794800,1055.6,1056.2,1055.2,1055.55,80364
1775795100,1055.55,1057.5,1055.5,1056.9,137116
1775795400,1056.95,1058.2,1056.9,1058.0,201587
1775795700,1058.2,1059.7,1054.1,1058.95,325184
1775796000,1058.5,1062.3,1058.3,1060.9,422076
1775796300,1061.15,1064.9,1061.15,1064.3,630687
1775796600,1064.8,1064.95,1062.0,1062.1,155450
1775796900,1062.2,1063.0,1060.25,1060.7,134077
1775797200,1060.9,1061.5,1058.45,1060.0,243554
1775797500,1059.85,1060.95,1059.6,1060.15,124794
1775797800,1060.1,1060.5,1059.6,1059.9,152164
1775798100,1059.9,1061.65,1059.1,1059.7,154502
1775798400,1059.7,1060.0,1056.4,1056.4,259908
1775798700,1056.5,1057.0,1054.3,1056.8,458486
1775799000,1056.6,1058.35,1056.55,1057.3,225263
1775799300,1057.3,1057.5,1056.5,1057.1,59834
1775799600,1057.15,1058.25,1056.5,1057.45,291528
1775799900,1057.5,1057.5,1054.5,1055.05,128221
1775800200,1055.4,1055.95,1054.4,1054.5,153932
1775800500,1054.5,1055.2,1053.9,1054.05,160343
1775800800,1054.0,1056.5,1054.0,1056.2,214489
1775801100,1056.1,1056.8,1053.45,1053.9,198038
1775801400,1053.9,1055.0,1053.6,1054.25,96490
1775801700,1054.5,1055.0,1052.8,1053.35,142765
1775802000,1053.55,1055.0,1053.45,1054.8,145718
1775802300,1054.9,1054.9,1054.2,1054.5,56047
1775802600,1054.45,1055.0,1053.25,1054.9,141321
1775802900,1055.0,1056.65,1054.9,1055.95,326903
1775803200,1056.0,1056.5,1055.0,1055.35,346168
1775803500,1055.4,1055.7,1054.1,1054.95,145375
1775803800,1055.0,1057.75,1054.0,1057.35,288862
1775804100,1057.25,1059.0,1057.0,1057.85,325129
1775804400,1057.9,1058.0,1055.65,1055.7,175995
1775804700,1056.1,1057.8,1055.8,1056.95,89599
1775805000,1057.0,1057.05,1055.6,1055.65,137386
1775805300,1055.7,1056.0,1055.6,1055.9,69276
1775805600,1055.95,1057.25,1055.3,1056.85,339291
1775805900,1056.85,1058.0,1056.35,1057.95,347695
1775806200,1058.0,1060.35,1057.4,1058.05,555286
1775806500,1058.15,1060.4,1057.55,1059.4,236183
1775806800,1059.4,1059.85,1058.2,1058.95,149266
1775807100,1059.0,1059.8,1058.5,1058.95,131902
1775807400,1058.85,1059.0,1058.5,1059.0,81505
1775807700,1059.0,1060.0,1058.25,1059.95,197201
1775808000,1060.0,1060.0,1058.4,1058.85,175704
1775808300,1058.9,1060.05,1058.05,1060.0,95979
1775808600,1060.25,1062.7,1060.1,1061.85,191939
1775808900,1061.75,1062.7,1060.4,1061.15,158954
1775809200,1061.2,1062.45,1060.6,1061.8,112534
1775809500,1061.75,1067.7,1061.75,1066.85,494806
1775809800,1067.25,1068.3,1066.0,1066.5,259932
1775810100,1066.5,1068.0,1066.25,1067.5,305314
1775810400,1067.5,1069.45,1065.5,1066.55,464422
1775810700,1066.7,1066.7,1062.0,1064.6,349537
1775811000,1064.7,1065.95,1062.95,1063.0,253619
1775811300,1062.6,1064.8,1062.45,1064.55,297100
1775811600,1064.55,1065.7,1063.85,1064.6,176044
1775811900,1064.5,1064.55,1063.25,1063.7,212843
1775812200,1063.5,1064.2,1062.5,1062.85,189630
1775812500,1062.7,1064.3,1062.0,1063.95,272911
1775812800,1064.0,1065.7,1063.0,1064.7,305063
1775813100,1065.0,1065.5,1064.25,1064.4,173770
1775813400,1064.75,1066.0,1064.25,1065.45,298888
1775813700,1065.45,1067.8,1065.45,1067.75,343016
1775814000,1067.75,1068.0,1066.7,1067.0,342318
1775814300,1066.85,1067.0,1066.2,1066.7,347513
1775814600,1066.5,1067.0,1066.1,1067.0,329281
1775814900,1067.0,1067.35,1065.2,1066.0,247201
1776051900,1042.0,1046.25,1030.0,1037.05,873464
1776052200,1037.35,1038.95,1035.7,1037.9,253851
1776052500,1037.9,1039.5,1035.9,1037.0,240471
1776052800,1036.75,1036.75,1033.5,1036.3,258069
1776053100,1036.35,1036.35,1034.25,1035.25,141271
1776053400,1035.2,1039.0,1035.2,1038.45,144974
1776053700,1038.45,1038.45,1035.1,1035.8,125635
1776054000,1036.0,1037.5,1035.6,1037.0,100593
1776054300,1037.0,1038.0,1036.4,1036.4,156250
1776054600,1036.55,1036.8,1035.0,1036.8,172572
1776054900,1036.8,1037.0,1035.65,1036.3,107971
1776055200,1036.35,1037.9,1035.45,1035.85,119056
1776055500,1035.8,1036.7,1033.5,1036.45,287271
1776055800,1036.6,1039.35,1036.5,1038.55,209169
1776056100,1038.55,1041.0,1037.65,1040.45,224937
1776056400,1040.45,1041.0,1039.3,1039.6,121968
1776056700,1039.5,1040.1,1038.0,1040.0,181340
1776057000,1039.9,1040.5,1037.95,1040.1,237040
1776057300,1040.0,1041.9,1040.0,1041.1,179630
1776057600,1040.95,1041.9,1040.5,1041.0,87514
1776057900,1041.35,1041.7,1040.0,1040.25,78814
1776058200,1040.2,1041.1,1040.0,1040.45,101990
1776058500,1040.15,1040.75,1040.0,1040.5,41829
1776058800,1040.5,1041.45,1040.0,1041.35,82093
1776059100,1041.4,1042.4,1040.4,1040.4,108163
1776059400,1040.5,1042.95,1040.0,1042.5,215249
1776059700,1042.0,1044.65,1042.0,1043.7,391744
1776060000,1043.7,1044.45,1042.2,1042.3,304005
1776060300,1042.2,1044.5,1042.1,1043.45,138355
1776060600,1043.45,1044.4,1043.25,1044.05,88901
1776060900,1044.0,1046.0,1043.7,1045.8,175042
1776061200,1046.35,1047.85,1045.7,1046.55,295175
1776061500,1046.6,1047.3,1045.2,1045.6,167361
1776061800,1045.6,1048.5,1045.55,1048.35,144240
1776062100,1048.35,1049.9,1046.8,1047.25,154407
1776062400,1047.2,1049.85,1047.2,1049.6,120782
1776062700,1049.35,1050.7,1048.9,1050.35,121841
1776063000,1050.3,1052.3,1050.3,1052.05,138815
1776063300,1052.1,1056.25,1052.0,1056.05,229516
1776063600,1056.05,1057.3,1054.85,1055.5,384464
1776063900,1055.7,1057.7,1055.3,1056.05,198958
1776064200,1056.05,1057.35,1055.5,1057.15,112062
1776064500,1057.2,1057.3,1056.0,1056.9,83828
1776064800,1056.85,1057.0,1054.4,1055.15,187304
1776065100,1055.15,1055.7,1052.0,1053.3,232633
1776065400,1053.4,1054.0,1051.05,1053.1,174496
1776065700,1053.1,1054.9,1053.05,1054.3,132027
1776066000,1054.2,1056.9,1054.2,1056.9,198604
1776066300,1056.9,1057.0,1054.9,1056.05,305109
1776066600,1056.35,1056.95,1055.05,1055.05,169125
1776066900,1055.45,1056.2,1054.85,1055.8,108651
1776067200,1055.7,1061.35,1055.7,1060.75,579157
1776067500,1061.0,1061.0,1059.5,1061.0,306568
1776067800,1061.05,1061.85,1060.0,1061.25,232082
1776068100,1061.55,1062.0,1060.3,1061.6,166235
1776068400,1061.85,1064.8,1061.0,1064.8,278683
1776068700,1064.55,1066.0,1064.0,1065.25,308209
1776069000,1065.3,1066.25,1064.0,1065.1,353231
1776069300,1064.95,1065.3,1062.4,1062.9,229195
1776069600,1062.9,1064.8,1062.5,1064.75,262428
1776069900,1064.75,1065.5,1062.25,1064.45,370816
1776070200,1064.35,1065.0,1063.5,1064.45,307011
1776070500,1064.75,1065.5,1063.9,1064.4,289402
1776070800,1064.4,1067.2,1064.3,1066.05,246518
1776071100,1066.1,1067.25,1064.85,1065.0,347352
1776071400,1065.0,1066.1,1063.65,1063.95,157018
1776071700,1063.9,1065.0,1063.0,1064.1,195874
1776072000,1064.2,1064.4,1062.0,1062.0,185850
1776072300,1062.45,1064.5,1062.1,1064.0,244927
1776072600,1064.0,1065.85,1061.75,1063.45,750659
1776072900,1063.5,1065.45,1062.5,1065.35,612879
1776073200,1065.15,1065.45,1063.0,1065.2,684483
1776073500,1065.2,1065.3,1061.7,1062.75,422790
1776073800,1062.8,1063.1,1061.5,1061.65,244756
1776074100,1061.8,1062.4,1060.05,1062.0,228153
1776224700,1076.0,1088.0,1075.0,1084.0,975283
1776225000,1083.9,1086.8,1083.6,1084.8,370937
1776225300,1084.75,1084.95,1080.55,1083.05,334290
1776225600,1083.0,1083.05,1080.0,1080.1,415963
1776225900,1080.3,1080.8,1077.45,1078.1,247632
1776226200,1078.2,1081.65,1077.85,1080.1,194229
1776226500,1080.1,1081.95,1078.25,1079.15,238652
1776226800,1079.15,1080.5,1078.5,1079.95,112087
1776227100,1079.75,1080.5,1078.1,1078.5,160137
1776227400,1078.9,1079.6,1077.25,1078.25,145660
1776227700,1078.35,1080.0,1077.75,1078.65,131676
1776228000,1078.65,1079.9,1078.5,1078.95,116927
1776228300,1078.95,1080.5,1078.95,1079.25,132259
1776228600,1079.25,1080.0,1078.6,1078.95,112460
1776228900,1079.0,1079.15,1076.55,1078.7,286704
1776229200,1078.7,1080.0,1078.65,1080.0,98040
1776229500,1080.0,1080.0,1077.65,1078.3,214036
1776229800,1078.3,1079.1,1076.3,1076.55,138105
1776230100,1076.8,1077.5,1076.4,1077.0,96462
1776230400,1077.0,1077.2,1073.45,1074.45,369405
1776230700,1074.85,1075.2,1073.75,1073.75,155652
1776231000,1073.8,1073.8,1071.35,1072.0,185206
1776231300,1072.0,1072.0,1069.55,1070.0,294542
1776231600,1069.7,1070.5,1068.75,1069.5,240802
1776231900,1069.45,1072.2,1068.8,1071.15,224485
1776232200,1071.0,1072.95,1070.8,1072.75,185655
1776232500,1072.8,1072.85,1069.8,1070.2,279213
1776232800,1070.2,1071.0,1068.2,1068.95,277917
1776233100,1068.95,1071.0,1068.8,1069.8,184219
1776233400,1069.95,1071.5,1069.55,1070.25,160430
1776233700,1070.25,1071.85,1068.5,1071.6,287231
1776234000,1071.85,1071.95,1068.9,1070.55,474598
1776234300,1070.9,1070.9,1069.9,1070.5,260643
1776234600,1070.5,1070.75,1069.65,1069.85,369291
1776234900,1069.85,1071.8,1069.55,1071.5,262257
1776235200,1071.5,1071.9,1070.65,1071.6,261158
1776235500,1071.6,1072.8,1070.65,1071.0,245164
1776235800,1071.0,1071.8,1069.0,1071.25,207043
1776236100,1071.25,1071.75,1070.55,1071.1,88615
1776236400,1071.1,1071.5,1070.35,1071.5,117107
1776236700,1071.3,1072.0,1070.75,1071.8,92589
1776237000,1071.8,1071.8,1070.5,1071.7,155021
1776237300,1071.8,1071.9,1070.5,1071.65,204755
1776237600,1071.65,1071.8,1070.6,1071.3,137552
1776237900,1071.3,1071.3,1070.6,1071.0,74250
1776238200,1070.95,1071.6,1070.8,1071.25,106385
1776238500,1071.3,1071.3,1070.85,1071.3,59877
1776238800,1071.3,1071.5,1071.15,1071.25,110532
1776239100,1071.3,1071.8,1071.25,1071.8,136409
1776239400,1071.8,1071.85,1070.2,1071.05,181721
1776239700,1070.95,1071.55,1070.5,1071.15,61125
1776240000,1071.1,1072.9,1070.5,1072.65,157235
1776240300,1072.7,1072.95,1071.2,1071.8,259165
1776240600,1071.8,1072.8,1071.25,1072.5,114570
1776240900,1072.6,1072.75,1071.65,1072.3,113082
1776241200,1072.45,1072.8,1071.55,1072.5,118786
1776241500,1072.4,1073.0,1072.0,1072.8,171843
1776241800,1072.75,1072.95,1071.85,1072.45,80130
1776242100,1072.5,1072.8,1072.1,1072.3,61663
1776242400,1072.3,1073.05,1071.95,1072.8,88602
1776242700,1072.75,1074.0,1071.75,1073.85,163676
1776243000,1073.95,1074.5,1072.75,1073.45,140723
1776243300,1073.5,1074.3,1073.1,1073.5,78358
1776243600,1073.35,1073.8,1072.3,1073.3,189296
1776243900,1073.35,1073.45,1071.1,1072.55,138906
1776244200,1073.1,1074.0,1072.8,1073.4,494794
1776244500,1073.4,1074.0,1072.8,1074.0,140472
1776244800,1073.95,1075.1,1073.0,1073.75,421261
1776245100,1073.55,1073.95,1073.05,1073.4,136423
1776245400,1073.5,1073.65,1072.55,1073.5,207771
1776245700,1073.6,1073.7,1070.8,1071.7,463252
1776246000,1071.85,1072.7,1071.5,1071.8,253912
1776246300,1071.8,1072.15,1070.0,1070.25,425638
1776246600,1070.65,1071.55,1069.1,1070.55,437344
1776246900,1070.6,1071.0,1069.6,1070.9,292499
1776311100,1078.0,1084.15,1078.0,1082.1,589468
1776311400,1082.5,1082.8,1078.35,1079.8,278950
1776311700,1079.75,1079.95,1078.55,1079.9,174655
1776312000,1079.9,1080.05,1077.25,1078.25,226383
1776312300,1078.15,1078.35,1075.1,1076.25,170873
1776312600,1076.1,1077.0,1074.5,1075.0,131171
1776312900,1074.85,1078.0,1074.2,1076.95,250289
1776313200,1076.9,1078.1,1076.0,1077.8,376061
1776313500,1077.55,1077.8,1075.2,1075.2,158823
1776313800,1075.15,1076.75,1074.0,1075.0,655051
1776314100,1075.0,1077.0,1074.2,1076.95,254588
1776314400,1076.95,1077.3,1075.55,1075.85,174508
1776314700,1075.85,1077.3,1074.5,1076.1,428382
1776315000,1076.0,1076.6,1075.55,1076.2,45736
1776315300,1076.2,1076.95,1075.0,1075.35,73013
1776315600,1075.35,1076.3,1075.15,1075.3,116918
1776315900,1075.25,1076.4,1074.85,1075.8,262898
1776316200,1075.75,1076.4,1075.4,1075.5,153790
1776316500,1075.4,1076.5,1074.4,1075.0,374291
1776316800,1074.95,1075.8,1074.4,1075.8,474858
1776317100,1075.7,1076.0,1073.85,1074.3,302405
1776317400,1074.25,1075.0,1073.15,1074.3,276191
1776317700,1074.65,1075.05,1073.45,1074.9,195884
1776318000,1074.8,1075.15,1073.8,1074.85,179709
1776318300,1074.55,1075.05,1073.3,1075.0,321447
1776318600,1075.0,1075.0,1073.7,1074.8,279739
1776318900,1074.8,1075.2,1073.3,1073.65,126846
1776319200,1074.0,1074.0,1073.0,1073.1,86424
1776319500,1073.35,1073.35,1070.9,1071.8,147071
1776319800,1071.6,1071.85,1070.0,1070.0,148070
1776320100,1070.0,1070.1,1066.85,1069.3,297375
1776320400,1069.05,1069.35,1066.75,1069.0,339725
1776320700,1068.95,1069.35,1066.25,1066.5,204476
1776321000,1066.75,1067.25,1065.35,1065.95,219673
1776321300,1065.95,1067.1,1064.55,1066.05,304646
1776321600,1066.55,1067.65,1065.65,1067.0,138417
1776321900,1066.9,1067.9,1064.8,1066.0,445039
1776322200,1066.0,1066.25,1064.5,1065.75,276765
1776322500,1065.75,1066.3,1064.05,1064.5,198390
1776322800,1064.45,1065.0,1062.15,1062.8,215956
1776323100,1062.7,1063.8,1062.0,1063.8,171937
1776323400,1063.6,1064.0,1063.0,1063.0,79549
1776323700,1063.2,1063.25,1062.35,1063.0,85292
1776324000,1062.9,1063.7,1062.6,1063.05,79302
1776324300,1062.95,1064.0,1062.5,1064.0,103122
1776324600,1064.0,1065.6,1063.55,1065.0,362605
1776324900,1065.05,1067.9,1064.85,1066.05,256534
1776325200,1066.1,1067.9,1065.7,1067.0,225961
1776325500,1067.0,1068.3,1066.6,1067.95,179226
1776325800,1068.0,1068.0,1066.0,1066.25,197376
1776326100,1066.4,1067.15,1065.65,1066.3,125417
1776326400,1066.15,1067.55,1066.1,1067.0,136664
1776326700,1067.0,1067.5,1066.7,1067.5,119695
1776327000,1067.25,1068.05,1066.8,1067.4,192187
1776327300,1067.5,1067.95,1066.95,1067.35,214739
1776327600,1067.45,1070.0,1067.2,1069.45,248587
1776327900,1069.3,1069.5,1067.8,1069.1,268597
1776328200,1069.0,1069.6,1066.65,1067.0,331954
1776328500,1067.0,1068.0,1066.4,1066.95,260709
1776328800,1066.95,1067.9,1066.5,1067.0,226965
1776329100,1066.85,1067.5,1066.0,1067.2,240004
1776329400,1067.5,1067.95,1066.5,1067.5,188818
1776329700,1067.5,1069.1,1067.0,1068.95,250479
1776330000,1069.0,1069.9,1068.15,1069.45,362122
1776330300,1069.5,1071.65,1069.5,1071.4,753801
1776330600,1071.4,1071.8,1070.5,1071.0,343203
1776330900,1070.95,1072.85,1070.4,1071.4,383667
1776331200,1071.35,1071.8,1069.6,1071.05,369843
1776331500,1071.05,1071.15,1068.45,1069.2,414132
1776331800,1069.2,1069.6,1066.95,1067.9,534949
1776332100,1067.85,1068.0,1066.0,1066.55,511913
1776332400,1066.5,1069.1,1066.15,1066.6,598191
1776332700,1066.85,1067.9,1065.85,1065.85,545979
1776333000,1066.3,1067.7,1065.95,1066.5,419830
1776333300,1066.4,1066.9,1065.0,1066.7,410875
1776397500,1067.0,1071.25,1060.0,1068.9,396206
1776397800,1068.9,1069.65,1066.25,1066.6,148487
1776398100,1066.45,1068.0,1066.45,1067.1,87466
1776398400,1067.15,1067.15,1065.4,1066.5,124323
1776398700,1066.5,1066.85,1065.1,1066.1,105577
1776399000,1066.45,1068.2,1065.2,1065.45,113829
1776399300,1065.7,1066.45,1065.2,1066.1,134222
1776399600,1066.1,1066.6,1063.0,1063.45,139623
1776399900,1063.9,1066.05,1063.0,1064.9,126285
1776400200,1064.85,1066.5,1063.5,1066.5,135240
1776400500,1066.7,1069.0,1066.2,1066.4,234613
1776400800,1066.4,1068.25,1065.85,1067.8,113526
1776401100,1067.8,1068.9,1067.75,1068.45,87897
1776401400,1068.45,1071.4,1068.45,1070.45,239082
1776401700,1070.35,1070.75,1068.95,1069.35,246797
1776402000,1069.35,1069.75,1067.25,1067.85,136082
1776402300,1067.85,1070.8,1067.5,1069.4,329395
1776402600,1069.4,1070.0,1067.55,1068.05,91645
1776402900,1067.6,1068.95,1067.3,1067.95,209391
1776403200,1067.85,1068.0,1066.35,1066.75,250107
1776403500,1066.75,1067.0,1066.55,1066.75,94468
1776403800,1066.6,1067.1,1066.0,1066.35,137509
1776404100,1066.2,1067.0,1066.2,1066.8,125806
1776404400,1066.85,1068.65,1066.8,1067.35,244965
1776404700,1067.4,1068.0,1066.95,1067.6,222971
1776405000,1067.85,1069.5,1067.45,1068.0,349448
1776405300,1068.0,1068.0,1067.35,1068.0,139706
1776405600,1068.0,1069.0,1067.1,1067.95,221384
1776405900,1067.95,1069.0,1067.45,1067.75,295488
1776406200,1067.75,1068.0,1067.0,1067.85,183779
1776406500,1067.85,1069.0,1067.5,1067.95,135479
1776406800,1067.95,1069.9,1067.95,1069.7,386898
1776407100,1069.7,1070.7,1069.45,1070.15,310002
1776407400,1070.15,1070.6,1068.9,1070.15,188810
1776407700,1070.2,1070.45,1069.35,1070.4,92571
1776408000,1070.45,1073.8,1070.05,1073.55,412016
1776408300,1073.45,1075.0,1073.2,1074.4,264800
1776408600,1074.4,1074.9,1074.2,1074.4,518545
1776408900,1074.4,1074.4,1073.45,1073.55,108309
1776409200,1073.5,1073.6,1071.5,1071.95,232931
1776409500,1071.95,1072.6,1071.3,1072.55,115838
1776409800,1072.5,1072.65,1071.5,1072.3,85147
1776410100,1072.4,1072.9,1071.3,1072.1,56540
1776410400,1072.15,1072.5,1070.8,1071.55,116939
1776410700,1071.55,1072.5,1070.8,1070.95,95468
1776411000,1070.9,1071.65,1070.55,1070.65,76475
1776411300,1070.95,1071.75,1070.5,1071.65,81744
1776411600,1071.7,1072.25,1071.5,1072.05,92273
1776411900,1072.05,1072.25,1071.15,1071.3,70932
1776412200,1071.25,1071.4,1070.75,1071.15,55320
1776412500,1071.15,1071.75,1070.95,1071.4,47578
1776412800,1071.4,1072.1,1071.3,1071.4,127998
1776413100,1071.35,1071.8,1071.3,1071.35,64125
1776413400,1071.4,1071.7,1071.15,1071.4,86563
1776413700,1071.35,1071.4,1071.3,1071.35,72131
1776414000,1071.35,1071.4,1070.85,1071.15,66258
1776414300,1071.35,1071.4,1070.5,1070.65,65416
1776414600,1070.65,1071.35,1070.1,1070.35,70505
1776414900,1070.45,1071.3,1070.15,1070.9,56978
1776415200,1070.95,1071.4,1070.65,1071.05,85071
1776415500,1071.2,1073.85,1071.05,1073.6,387021
1776415800,1073.7,1074.5,1072.85,1073.45,425747
1776416100,1073.45,1074.5,1072.9,1074.5,418137
1776416400,1074.25,1078.1,1074.25,1077.15,694678
1776416700,1077.15,1078.0,1076.0,1077.85,327654
1776417000,1077.8,1079.9,1076.6,1079.7,331391
1776417300,1079.65,1080.35,1078.2,1080.0,650004
1776417600,1080.0,1080.9,1079.1,1080.1,370575
1776417900,1080.1,1080.8,1079.9,1080.3,364474
1776418200,1080.25,1080.5,1078.35,1080.35,640051
1776418500,1080.0,1082.15,1080.0,1080.25,561675
1776418800,1080.65,1080.7,1079.6,1080.1,335728
1776419100,1080.1,1081.0,1079.85,1080.1,579742
1776419400,1080.3,1080.55,1079.35,1080.2,465035
1776419700,1080.05,1080.4,1078.8,1080.3,534201
1776656700,1080.3,1089.8,1075.85,1089.8,572275
1776657000,1089.1,1098.85,1089.1,1096.45,548425
1776657300,1096.6,1103.3,1096.0,1100.15,800741
1776657600,1100.6,1102.8,1097.4,1101.8,765213
1776657900,1101.85,1105.8,1101.6,1105.5,954938
1776658200,1105.5,1105.95,1100.8,1103.0,512846
1776658500,1103.0,1105.0,1102.0,1104.95,483635
1776658800,1105.0,1105.5,1103.45,1105.2,328267
1776659100,1105.2,1105.2,1102.0,1103.4,214289
1776659400,1103.9,1107.3,1102.9,1106.3,363863
1776659700,1106.3,1108.0,1105.65,1107.5,346518
1776660000,1107.95,1109.0,1107.0,1108.85,469857
1776660300,1108.9,1110.65,1107.55,1109.55,551536
1776660600,1109.9,1111.05,1108.2,1110.15,478837
1776660900,1110.1,1110.1,1107.45,1108.35,250750
1776661200,1108.3,1111.4,1108.3,1110.7,328920
1776661500,1110.7,1115.25,1110.4,1115.0,1423696
1776661800,1115.05,1115.85,1113.8,1114.0,843388
1776662100,1114.1,1114.9,1112.5,1114.0,397342
1776662400,1113.95,1116.4,1113.1,1116.0,401246
1776662700,1116.0,1118.3,1115.4,1117.5,532908
1776663000,1117.6,1120.95,1116.85,1119.95,604780
1776663300,1119.95,1120.15,1116.15,1117.15,548625
1776663600,1117.0,1117.5,1114.35,1114.9,753568
1776663900,1114.85,1116.5,1114.7,1115.5,237396
1776664200,1115.4,1116.9,1114.9,1116.85,621689
1776664500,1116.9,1119.7,1116.8,1118.85,402701
1776664800,1118.85,1119.7,1115.2,1115.25,423343
1776665100,1115.3,1117.05,1115.0,1116.45,827043
1776665400,1116.5,1116.8,1115.1,1115.9,421407
1776665700,1115.9,1116.5,1115.0,1115.7,189799
1776666000,1115.7,1116.5,1115.55,1116.5,179791
1776666300,1116.45,1116.5,1115.45,1116.0,155020
1776666600,1116.0,1116.75,1115.05,1115.3,207211
1776666900,1115.35,1115.45,1112.5,1113.2,355412
1776667200,1113.2,1114.0,1111.1,1111.5,357713
1776667500,1111.45,1111.8,1110.4,1111.5,304154
1776667800,1111.4,1113.85,1111.2,1113.45,300776
1776668100,1113.5,1114.95,1113.3,1114.1,397691
1776668400,1114.15,1114.5,1112.55,1112.95,273274
1776668700,1113.0,1113.55,1112.15,1113.15,235158
1776669000,1113.1,1115.05,1112.1,1112.15,543035
1776669300,1112.25,1113.25,1111.15,1113.0,257531
1776669600,1112.85,1113.7,1112.3,1112.4,172649
1776669900,1112.7,1113.2,1110.1,1110.4,272485
1776670200,1110.65,1111.0,1107.55,1110.45,307401
1776670500,1110.45,1110.5,1108.5,1108.65,256430
1776670800,1108.35,1108.95,1106.65,1107.25,403097
1776671100,1107.3,1109.3,1106.0,1108.0,277721
1776671400,1107.95,1108.2,1105.8,1106.6,413723
1776671700,1106.5,1107.0,1104.6,1106.75,386575
1776672000,1107.0,1109.0,1106.7,1107.55,272351
1776672300,1107.5,1108.0,1105.2,1105.25,414989
1776672600,1105.25,1107.85,1105.1,1107.2,174649
1776672900,1107.5,1108.3,1107.2,1107.6,273060
1776673200,1107.7,1108.15,1107.5,1107.85,308091
1776673500,1107.8,1108.25,1107.1,1107.9,317348
1776673800,1107.9,1108.15,1105.45,1107.85,455050
1776674100,1107.9,1107.9,1106.25,1106.85,280242
1776674400,1106.85,1108.0,1106.0,1106.5,279462
1776674700,1106.45,1106.75,1106.1,1106.45,206637
1776675000,1106.4,1108.0,1106.35,1107.85,338501
1776675300,1107.75,1108.2,1107.0,1107.85,611969
1776675600,1107.95,1107.95,1105.5,1107.1,253752
1776675900,1107.1,1107.15,1106.1,1106.85,280559
1776676200,1106.85,1107.45,1106.1,1106.8,242969
1776676500,1106.8,1107.45,1106.2,1107.15,260621
1776676800,1107.15,1108.0,1107.0,1108.0,184525
1776677100,1108.0,1108.1,1107.05,1107.75,302252
1776677400,1107.75,1110.75,1107.75,1109.65,476639
1776677700,1109.65,1109.75,1108.4,1109.35,416113
1776678000,1109.4,1110.0,1108.25,1109.15,588338
1776678300,1109.15,1109.4,1105.25,1105.3,656656
1776678600,1105.45,1106.35,1105.1,1105.35,520641
1776678900,1105.4,1106.4,1103.35,1104.0,352278
1776743100,1113.4,1114.0,1107.05,1109.6,910539
1776743400,1109.6,1110.0,1107.35,1107.8,225252
1776743700,1107.3,1110.15,1107.1,1109.95,232176
1776744000,1110.0,1112.8,1109.85,1112.5,568447
1776744300,1112.7,1113.6,1110.55,1110.75,184671
1776744600,1110.75,1111.0,1108.6,1110.5,135552
1776744900,1110.5,1112.5,1110.35,1112.2,197440
1776745200,1112.2,1112.6,1109.8,1110.8,133220
1776745500,1110.45,1112.0,1110.15,1111.5,127514
1776745800,1111.5,1111.5,1110.2,1110.5,52411
1776746100,1110.5,1111.0,1108.1,1108.85,152217
1776746400,1108.85,1108.95,1107.2,1107.6,127396
1776746700,1107.6,1108.7,1107.3,1108.3,80131
1776747000,1108.2,1108.2,1107.2,1107.85,92171
1776747300,1107.85,1107.95,1105.95,1106.15,147107
1776747600,1106.35,1109.5,1106.0,1109.5,174645
1776747900,1109.35,1110.15,1109.05,1109.95,219518
1776748200,1109.9,1110.2,1109.05,1110.15,263336
1776748500,1110.1,1110.15,1108.8,1109.8,76959
1776748800,1109.8,1110.45,1109.45,1110.2,103135
1776749100,1110.45,1110.65,1109.75,1110.15,230393
1776749400,1110.35,1110.65,1109.5,1110.25,174392
1776749700,1110.3,1111.55,1109.55,1111.25,308097
1776750000,1111.05,1111.5,1110.65,1111.15,184843
1776750300,1111.05,1111.3,1109.6,1111.3,60518
1776750600,1111.3,1111.5,1110.95,1111.2,149929
1776750900,1111.2,1111.2,1110.25,1111.0,102165
1776751200,1111.0,1111.0,1108.9,1109.5,116010
1776751500,1109.5,1111.5,1108.75,1111.0,146519
1776751800,1110.95,1111.1,1110.0,1111.0,120510
1776752100,1111.0,1111.1,1109.8,1110.0,123039
1776752400,1110.0,1110.55,1108.55,1109.0,168224
1776752700,1109.0,1109.9,1108.7,1109.85,103884
1776753000,1109.7,1110.5,1109.3,1110.0,146388
1776753300,1109.9,1110.15,1109.75,1110.15,84353
1776753600,1110.15,1111.55,1110.0,1110.7,385086
1776753900,1110.7,1111.15,1108.8,1109.85,136539
1776754200,1109.8,1110.45,1109.5,1110.1,101370
1776754500,1110.1,1110.75,1109.8,1110.45,207967
1776754800,1110.4,1111.2,1110.25,1110.6,297334
1776755100,1110.4,1111.0,1110.4,1111.0,67710
1776755400,1111.0,1111.35,1110.8,1111.1,79996
1776755700,1111.1,1111.2,1111.0,1111.05,106005
1776756000,1111.1,1113.5,1111.05,1113.3,486390
1776756300,1113.25,1113.95,1111.55,1112.0,510959
1776756600,1112.1,1113.0,1111.6,1111.75,136884
1776756900,1111.6,1112.55,1110.7,1111.0,229597
1776757200,1111.0,1111.3,1110.4,1111.0,79630
1776757500,1111.0,1111.8,1110.75,1111.0,103383
1776757800,1110.95,1111.0,1110.5,1111.0,120876
1776758100,1111.0,1111.8,1110.55,1111.0,182701
1776758400,1110.75,1111.0,1110.45,1111.0,97625
1776758700,1111.0,1111.65,1109.25,1110.2,263347
1776759000,1110.2,1111.95,1109.25,1110.0,277769
1776759300,1109.95,1111.9,1109.6,1111.9,142204
1776759600,1111.8,1111.9,1110.6,1111.0,161800
1776759900,1111.0,1112.0,1110.95,1111.5,179499
1776760200,1111.5,1111.7,1110.25,1111.25,285108
1776760500,1111.25,1111.3,1110.25,1110.85,75658
1776760800,1110.95,1111.55,1110.4,1111.0,155258
1776761100,1111.0,1112.5,1110.9,1111.85,194964
1776761400,1111.6,1113.3,1111.45,1113.2,174057
1776761700,1113.25,1113.3,1112.05,1112.95,312963
1776762000,1112.95,1113.4,1111.8,1112.1,154129
1776762300,1112.05,1112.35,1111.8,1112.0,108719
1776762600,1112.0,1112.65,1111.0,1111.45,183483
1776762900,1111.75,1114.75,1111.0,1112.95,711053
1776763200,1113.0,1113.8,1111.5,1112.0,206634
1776763500,1111.95,1112.75,1111.8,1112.3,129354
1776763800,1112.4,1113.45,1110.9,1111.9,933645
1776764100,1111.95,1112.3,1111.0,1112.1,468251
1776764400,1112.0,1113.25,1111.0,1112.35,537899
1776764700,1112.3,1113.0,1109.85,1110.35,516436
1776765000,1110.75,1112.75,1110.0,1112.6,468516
1776765300,1112.75,1114.0,1108.65,1111.7,517316
1776829500,1110.0,1117.85,1107.0,1112.5,454231
1776829800,1112.55,1113.65,1111.05,1112.65,227134
1776830100,1112.65,1112.9,1110.0,1111.0,202365
1776830400,1110.6,1111.0,1107.5,1108.75,130863
1776830700,1109.2,1109.35,1105.25,1105.75,441174
1776831000,1105.75,1106.3,1103.2,1104.1,199672
1776831300,1104.3,1105.5,1103.55,1105.45,89361
1776831600,1105.5,1105.55,1104.0,1104.15,141994
1776831900,1104.1,1104.65,1102.5,1102.5,94971
1776832200,1102.7,1102.7,1100.1,1101.55,149069
1776832500,1101.5,1103.3,1100.8,1103.1,110786
1776832800,1103.1,1103.9,1102.1,1103.0,128839
1776833100,1102.95,1104.1,1102.75,1103.95,62362
1776833400,1103.95,1104.0,1102.65,1103.15,61929
1776833700,1103.1,1103.4,1101.95,1102.5,53170
1776834000,1102.5,1103.5,1102.25,1103.1,46016
1776834300,1103.1,1104.45,1102.8,1104.3,72944
1776834600,1104.25,1107.6,1104.0,1107.5,470292
1776834900,1107.1,1108.2,1106.5,1107.75,475073
1776835200,1107.7,1110.25,1107.4,1110.0,517188
1776835500,1110.0,1110.4,1109.25,1109.9,297043
1776835800,1109.95,1109.95,1108.25,1108.8,120391
1776836100,1108.7,1109.0,1108.05,1108.6,114991
1776836400,1108.6,1108.9,1108.0,1108.75,113672
1776836700,1108.8,1108.9,1108.65,1108.8,93660
1776837000,1108.8,1110.15,1108.35,1108.95,256889
1776837300,1108.95,1109.0,1107.0,1107.1,98441
1776837600,1107.1,1108.1,1107.1,1107.45,156128
1776837900,1107.55,1107.65,1105.5,1106.05,109758
1776838200,1106.0,1106.9,1105.5,1106.5,74776
1776838500,1106.4,1106.45,1104.4,1105.0,85554
1776838800,1104.95,1106.0,1104.9,1105.75,234015
1776839100,1105.9,1106.2,1104.9,1106.05,294479
1776839400,1105.85,1106.2,1104.85,1105.0,291779
1776839700,1105.0,1105.0,1103.8,1104.0,102102
1776840000,1103.95,1104.15,1101.7,1103.55,146003
1776840300,1103.45,1104.0,1103.1,1103.65,67906
1776840600,1103.7,1104.25,1102.85,1103.0,127871
1776840900,1102.9,1105.0,1102.8,1104.85,207937
1776841200,1104.7,1105.0,1104.6,1104.95,114476
1776841500,1104.95,1105.0,1103.15,1104.75,89393
1776841800,1104.7,1105.0,1104.25,1104.95,48958
1776842100,1104.95,1105.0,1103.5,1103.85,122537
1776842400,1103.75,1104.0,1103.35,1103.5,80257
1776842700,1103.7,1104.1,1103.3,1103.9,53078
1776843000,1103.95,1104.1,1103.35,1103.9,51677
1776843300,1103.75,1104.9,1103.5,1103.75,103078
1776843600,1103.75,1104.4,1103.0,1103.95,278976
1776843900,1104.05,1104.4,1103.6,1103.8,75508
1776844200,1103.8,1104.1,1102.9,1102.95,117717
1776844500,1103.0,1104.5,1102.85,1104.5,184844
1776844800,1104.5,1105.7,1104.0,1105.45,135778
1776845100,1105.35,1105.65,1104.35,1104.8,126549
1776845400,1104.5,1105.5,1104.5,1105.4,72529
1776845700,1105.45,1105.6,1105.35,1105.4,110930
1776846000,1105.45,1105.6,1103.8,1104.35,147356
1776846300,1104.3,1105.0,1104.1,1104.85,83952
1776846600,1104.9,1105.0,1102.6,1103.1,121969
1776846900,1103.1,1103.95,1102.85,1103.0,164348
1776847200,1102.95,1103.95,1102.0,1103.85,150580
1776847500,1103.85,1103.95,1102.0,1103.1,117808
1776847800,1103.1,1103.85,1102.85,1103.75,58718
1776848100,1103.75,1104.45,1103.65,1104.05,80742
1776848400,1104.05,1105.0,1103.65,1105.0,90249
1776848700,1104.95,1105.2,1103.5,1104.1,373967
1776849000,1104.15,1104.95,1103.0,1103.35,115218
1776849300,1103.2,1103.95,1102.3,1103.55,151404
1776849600,1103.55,1104.0,1102.95,1104.0,136634
1776849900,1104.0,1104.45,1103.65,1104.3,133628
1776850200,1104.15,1104.4,1102.9,1103.2,263827
1776850500,1103.2,1104.5,1102.95,1104.0,251837
1776850800,1104.0,1104.35,1103.15,1103.25,208269
1776851100,1103.4,1103.6,1102.0,1102.95,269069
1776851400,1102.95,1103.6,1102.4,1103.15,276366
1776851700,1103.2,1103.95,1101.35,1103.2,283797
1776915900,1095.0,1101.85,1093.7,1099.15,516092
1776916200,1099.25,1100.4,1096.6,1099.25,257557
1776916500,1099.4,1101.0,1098.2,1100.3,166093
1776916800,1100.3,1101.9,1097.5,1098.2,181291
1776917100,1098.2,1098.8,1096.8,1098.0,129353
1776917400,1097.85,1098.45,1097.05,1097.95,124323
1776917700,1097.95,1098.75,1097.0,1097.8,131952
1776918000,1098.05,1099.8,1097.95,1098.6,429162
1776918300,1098.5,1100.9,1098.25,1099.4,205581
1776918600,1099.55,1099.65,1098.0,1098.2,123124
1776918900,1098.2,1098.6,1096.25,1096.9,240010
1776919200,1096.75,1098.0,1095.65,1097.0,161646
1776919500,1096.95,1097.35,1095.3,1096.45,111979
1776919800,1096.75,1097.35,1096.2,1096.7,49413
1776920100,1096.7,1097.45,1096.2,1096.8,33669
1776920400,1096.9,1097.2,1096.1,1097.05,65083
1776920700,1097.2,1097.7,1095.5,1096.2,241235
1776921000,1096.2,1096.55,1095.15,1096.15,316069
1776921300,1095.9,1096.6,1094.7,1096.1,302755
1776921600,1096.1,1097.05,1095.2,1096.6,196106
1776921900,1096.6,1097.85,1096.2,1097.3,148091
1776922200,1097.2,1097.5,1096.0,1097.1,181328
1776922500,1097.1,1097.5,1096.25,1097.25,72984
1776922800,1097.3,1097.65,1096.45,1097.25,108664
1776923100,1097.25,1097.9,1096.35,1096.5,166879
1776923400,1096.4,1098.45,1096.35,1097.3,292348
1776923700,1097.6,1098.9,1097.3,1098.4,319710
1776924000,1098.55,1100.0,1098.15,1098.55,137492
1776924300,1098.6,1099.65,1098.4,1099.35,126804
1776924600,1099.45,1099.8,1098.05,1099.05,150326
1776924900,1099.25,1100.0,1098.25,1099.1,83359
1776925200,1099.2,1099.6,1098.0,1098.65,42691
1776925500,1098.85,1098.85,1096.0,1096.25,91298
1776925800,1096.25,1096.6,1095.1,1096.1,54795
1776926100,1095.85,1097.35,1095.85,1096.6,67118
1776926400,1096.85,1096.95,1095.9,1096.85,38147
1776926700,1096.8,1097.75,1096.1,1096.5,34550
1776927000,1096.5,1097.8,1096.25,1096.5,58311
1776927300,1096.4,1096.4,1090.9,1091.2,186684
1776927600,1091.2,1092.2,1090.65,1091.7,141207
1776927900,1091.95,1092.4,1088.9,1090.5,226311
1776928200,1090.45,1090.7,1088.1,1088.8,103549
1776928500,1088.8,1088.8,1085.55,1087.2,121114
1776928800,1087.3,1087.85,1082.2,1085.85,153913
1776929100,1086.0,1086.65,1085.35,1085.75,70195
1776929400,1085.8,1086.05,1084.6,1085.4,74887
1776929700,1085.4,1087.8,1085.2,1087.7,92981
1776930000,1087.7,1087.9,1086.95,1087.9,69091
1776930300,1087.9,1090.0,1086.85,1089.9,237852
1776930600,1089.9,1091.45,1089.7,1090.9,199078
1776930900,1090.8,1092.55,1090.45,1092.0,300139
1776931200,1091.85,1092.0,1089.65,1090.2,186740
1776931500,1090.25,1090.25,1086.0,1088.15,232218
1776931800,1088.35,1088.8,1086.5,1086.95,59372
1776932100,1087.1,1088.0,1086.5,1087.85,159116
1776932400,1087.9,1090.9,1087.55,1090.85,96711
1776932700,1090.95,1092.0,1090.2,1091.15,85801
1776933000,1091.2,1092.0,1090.9,1091.4,209959
1776933300,1091.35,1091.95,1090.75,1091.1,65206
1776933600,1091.0,1091.05,1089.95,1090.8,202794
1776933900,1090.95,1091.85,1090.25,1090.65,115518
1776934200,1091.0,1091.25,1090.0,1090.95,166661
1776934500,1090.65,1090.85,1089.95,1090.05,158098
1776934800,1090.1,1091.2,1090.0,1091.0,89696
1776935100,1091.05,1091.55,1090.6,1091.2,125976
1776935400,1091.2,1091.95,1090.8,1091.6,127415
1776935700,1091.75,1093.0,1091.5,1092.5,170808
1776936000,1092.5,1093.9,1092.45,1093.4,303607
1776936300,1093.4,1094.3,1093.0,1093.85,128684
1776936600,1093.9,1095.45,1092.7,1094.45,1008212
1776936900,1094.1,1095.0,1092.5,1093.9,472278
1776937200,1093.7,1094.5,1092.8,1094.2,442713
1776937500,1094.25,1095.5,1094.0,1095.2,292575
1776937800,1095.15,1095.5,1094.2,1095.2,281581
1776938100,1095.15,1096.0,1093.05,1095.0,280288
1777002300,1091.35,1101.5,1091.35,1100.75,379176
1777002600,1100.55,1101.25,1098.45,1099.0,475650
1777002900,1098.95,1098.95,1095.5,1095.55,139531
1777003200,1095.75,1097.45,1094.65,1096.55,132660
1777003500,1096.05,1096.65,1094.25,1095.05,67106
1777003800,1095.05,1095.2,1093.65,1093.85,62239
1777004100,1093.2,1094.15,1090.05,1093.65,367642
1777004400,1093.6,1094.85,1092.6,1093.6,83133
1777004700,1093.55,1093.65,1092.25,1092.9,38745
1777005000,1093.0,1095.7,1093.0,1094.95,213360
1777005300,1094.95,1095.55,1094.5,1094.85,393774
1777005600,1095.1,1095.8,1094.5,1095.2,276518
1777005900,1094.9,1095.35,1094.2,1094.45,77463
1777006200,1094.45,1094.75,1093.0,1093.95,70885
1777006500,1093.95,1094.4,1092.6,1093.0,58926
1777006800,1092.95,1093.65,1092.6,1093.3,61291
1777007100,1093.3,1093.4,1092.1,1092.85,51353
1777007400,1092.85,1094.9,1092.3,1094.35,324448
1777007700,1094.2,1095.0,1093.6,1094.1,135638
1777008000,1094.1,1095.0,1093.65,1095.0,160639
1777008300,1095.0,1096.8,1094.5,1095.05,216535
1777008600,1095.1,1095.95,1094.5,1095.9,147782
1777008900,1095.9,1097.45,1095.5,1096.6,288327
1777009200,1096.3,1096.7,1095.0,1095.05,85903
1777009500,1095.05,1096.1,1093.65,1095.15,480615
1777009800,1095.15,1097.1,1094.95,1096.95,166841
1777010100,1096.85,1097.4,1096.4,1096.9,218292
1777010400,1096.8,1097.9,1096.55,1096.95,360963
1777010700,1096.9,1097.5,1095.55,1096.45,85600
1777011000,1096.4,1097.0,1095.3,1095.95,69777
1777011300,1095.95,1096.8,1095.3,1095.75,97250
1777011600,1095.75,1096.05,1095.05,1096.0,61861
1777011900,1096.05,1096.25,1095.05,1095.9,60950
1777012200,1095.9,1096.4,1095.5,1096.0,50026
1777012500,1095.95,1096.5,1094.35,1095.95,204813
1777012800,1095.95,1098.4,1095.7,1097.4,380767
1777013100,1097.5,1098.3,1095.0,1096.25,282212
1777013400,1096.25,1096.5,1093.35,1093.65,87746
1777013700,1093.55,1094.0,1092.1,1092.6,186002
1777014000,1093.0,1094.5,1092.4,1093.85,264641
1777014300,1093.8,1094.2,1092.45,1093.45,269510
1777014600,1093.4,1094.0,1092.6,1092.6,102628
1777014900,1092.55,1094.4,1092.5,1094.2,58614
1777015200,1094.25,1095.5,1094.2,1095.1,115919
1777015500,1095.15,1095.55,1094.9,1095.15,94411
1777015800,1095.1,1095.1,1093.75,1094.6,64717
1777016100,1094.6,1095.45,1094.5,1095.1,82551
1777016400,1095.0,1095.25,1094.1,1095.1,122070
1777016700,1094.95,1095.7,1094.7,1095.2,150394
1777017000,1095.2,1095.6,1094.5,1094.9,81100
1777017300,1094.8,1096.4,1094.5,1096.0,105487
1777017600,1095.75,1096.25,1094.8,1095.15,126113
1777017900,1095.1,1095.75,1093.7,1094.55,61344
1777018200,1094.25,1095.4,1093.0,1093.15,116266
1777018500,1093.15,1094.7,1093.0,1094.2,60362
1777018800,1094.25,1095.55,1093.7,1095.0,93601
1777019100,1095.15,1095.55,1094.5,1095.25,87209
1777019400,1095.4,1095.9,1095.0,1095.7,75588
1777019700,1095.45,1097.25,1094.85,1096.75,97271
1777020000,1096.7,1097.5,1096.6,1097.15,172159
1777020300,1096.95,1100.15,1096.95,1099.55,638018
1777020600,1099.45,1100.8,1098.2,1099.15,380876
1777020900,1099.0,1100.45,1098.3,1099.8,257558
1777021200,1099.55,1102.85,1099.55,1102.55,502581
1777021500,1102.35,1103.5,1101.35,1102.35,249389
1777021800,1102.1,1106.0,1101.1,1105.5,368059
1777022100,1105.25,1105.5,1101.65,1103.0,226402
1777022400,1103.0,1103.0,1100.35,1101.75,195315
1777022700,1101.75,1101.9,1100.5,1101.4,139236
1777023000,1101.3,1101.45,1099.1,1099.75,296846
1777023300,1099.75,1102.2,1098.4,1101.7,173220
1777023600,1101.7,1101.9,1101.25,1101.85,137928
1777023900,1101.85,1103.0,1101.65,1101.9,234583
1777024200,1101.9,1101.9,1100.55,1101.4,196982
1777024500,1101.3,1101.5,1098.3,1098.3,231410
1777261500,1110.95,1113.85,1108.2,1111.2,358199
1777261800,1111.2,1114.8,1110.6,1111.75,226471
1777262100,1111.5,1112.1,1110.25,1111.25,114655
1777262400,1111.25,1112.1,1108.95,1109.1,171687
1777262700,1109.4,1111.0,1106.65,1109.75,525345
1777263000,1110.2,1110.45,1108.25,1108.7,139410
1777263300,1108.85,1111.5,1108.75,1111.15,131863
1777263600,1111.35,1112.3,1110.75,1111.05,86304
1777263900,1111.2,1111.95,1110.35,1110.4,65215
1777264200,1110.4,1111.0,1108.2,1108.85,195008
1777264500,1108.4,1110.35,1107.1,1109.65,268920
1777264800,1110.05,1110.7,1108.6,1108.95,64984
1777265100,1108.7,1109.9,1108.35,1108.55,44910
1777265400,1108.55,1108.55,1105.25,1105.6,118232
1777265700,1105.5,1109.0,1103.4,1108.35,663114
1777266000,1108.45,1108.45,1105.9,1108.0,341724
1777266300,1108.0,1108.35,1106.3,1107.15,251284
1777266600,1106.8,1108.15,1106.5,1107.75,190748
1777266900,1107.75,1108.5,1105.4,1108.25,268073
1777267200,1108.25,1109.3,1108.2,1108.7,84680
1777267500,1108.6,1110.05,1107.95,1108.9,105636
1777267800,1108.65,1109.15,1107.6,1108.9,130942
1777268100,1108.55,1109.1,1105.75,1106.1,62291
1777268400,1105.9,1109.45,1105.9,1109.35,211651
1777268700,1109.1,1110.7,1108.85,1109.8,72436
1777269000,1109.6,1109.6,1107.0,1107.55,62825
1777269300,1107.9,1108.85,1107.25,1108.0,162245
1777269600,1108.3,1108.45,1106.75,1107.65,188256
1777269900,1107.65,1107.65,1104.1,1105.1,346951
1777270200,1105.1,1107.95,1104.6,1105.9,316422
1777270500,1105.95,1108.1,1105.35,1107.55,225238
1777270800,1107.55,1107.8,1106.05,1107.1,83227
1777271100,1107.0,1108.05,1106.6,1107.8,86805
1777271400,1107.85,1107.85,1106.1,1107.1,182033
1777271700,1106.9,1108.4,1106.9,1107.05,121222
1777272000,1107.05,1108.75,1106.9,1108.35,110820
1777272300,1108.35,1108.35,1107.45,1107.9,53254
1777272600,1107.85,1107.85,1106.2,1107.05,139516
1777272900,1106.9,1107.25,1106.0,1106.85,44761
1777273200,1106.75,1108.2,1106.15,1108.1,41177
1777273500,1108.2,1108.45,1106.4,1107.0,52843
1777273800,1107.0,1107.5,1106.3,1107.2,50967
1777274100,1106.9,1107.5,1106.1,1107.45,45601
1777274400,1107.45,1107.5,1105.75,1106.1,133488
1777274700,1106.05,1106.1,1104.5,1105.0,169169
1777275000,1105.0,1106.4,1104.6,1106.25,86830
1777275300,1106.15,1107.15,1105.0,1107.0,61684
1777275600,1107.05,1107.5,1106.05,1107.5,46131
1777275900,1107.8,1109.45,1107.55,1108.4,68470
1777276200,1108.1,1112.55,1107.8,1112.4,185966
1777276500,1112.4,1114.25,1112.0,1112.55,177714
1777276800,1112.35,1114.75,1112.25,1113.65,106316
1777277100,1113.5,1114.8,1111.05,1111.95,251047
1777277400,1111.95,1112.95,1111.6,1112.2,54949
1777277700,1112.15,1113.75,1111.75,1112.15,53659
1777278000,1112.15,1112.4,1111.0,1112.0,79391
1777278300,1112.0,1112.5,1110.45,1111.45,131529
1777278600,1111.2,1111.9,1111.05,1111.8,44494
1777278900,1111.45,1112.65,1110.7,1110.85,110512
1777279200,1111.0,1112.5,1110.8,1112.2,77024
1777279500,1112.1,1113.4,1111.3,1113.35,101399
1777279800,1113.25,1113.35,1112.0,1112.5,68802
1777280100,1112.6,1112.6,1111.3,1111.55,109825
1777280400,1111.4,1111.55,1110.05,1110.4,115628
1777280700,1110.25,1111.9,1110.0,1110.95,154841
1777281000,1110.65,1111.55,1110.2,1110.7,116185
1777281300,1110.75,1111.4,1110.15,1111.15,156749
1777281600,1111.15,1113.9,1111.0,1113.35,219357
1777281900,1113.35,1113.5,1112.6,1113.2,137310
1777282200,1112.95,1113.5,1111.6,1112.3,223675
1777282500,1112.3,1112.75,1111.8,1112.15,211034
1777282800,1112.3,1114.2,1112.0,1113.5,252588
1777283100,1113.65,1113.65,1110.05,1110.9,250530
1777283400,1110.9,1111.55,1110.0,1110.4,250583
1777283700,1110.2,1112.5,1110.0,1112.0,177274
1777347900,1102.3,1104.0,1096.7,1100.8,675560
1777348200,1100.8,1102.4,1096.0,1096.55,455875
1777348500,1096.55,1101.4,1096.5,1101.0,195975
1777348800,1100.85,1106.25,1099.35,1103.85,403131
1777349100,1103.6,1105.3,1102.5,1103.45,226665
1777349400,1103.8,1104.95,1101.7,1103.15,154070
1777349700,1103.45,1106.0,1103.2,1104.3,148215
1777350000,1104.3,1104.7,1102.25,1103.7,93731
1777350300,1103.75,1109.45,1103.7,1109.0,216967
1777350600,1108.75,1110.5,1107.55,1108.15,329940
1777350900,1108.15,1108.45,1107.0,1108.25,107498
1777351200,1108.25,1108.5,1105.5,1105.5,83245
1777351500,1105.4,1107.7,1105.0,1106.9,131293
1777351800,1106.95,1107.45,1106.25,1106.8,33802
1777352100,1106.55,1106.85,1106.05,1106.3,30626
1777352400,1106.3,1106.9,1106.3,1106.7,53485
1777352700,1106.75,1106.8,1105.15,1106.2,62338
1777353000,1106.2,1106.65,1105.0,1106.65,51539
1777353300,1106.7,1109.75,1106.1,1108.95,122130
1777353600,1108.95,1109.45,1108.35,1108.8,90075
1777353900,1108.95,1109.2,1107.45,1108.5,84534
1777354200,1108.7,1109.2,1108.0,1108.25,49113
1777354500,1108.2,1108.25,1105.65,1106.5,81205
1777354800,1106.5,1107.15,1105.0,1106.7,55324
1777355100,1106.8,1106.8,1104.55,1104.95,67509
1777355400,1105.4,1106.4,1104.2,1104.8,55919
1777355700,1105.0,1105.0,1102.65,1102.65,105984
1777356000,1103.0,1103.0,1099.5,1100.3,208062
1777356300,1100.6,1100.9,1098.5,1100.5,118727
1777356600,1100.5,1101.7,1100.0,1101.2,69157
1777356900,1101.65,1101.8,1100.0,1101.25,108516
1777357200,1101.3,1101.3,1098.75,1099.3,91237
1777357500,1099.0,1099.8,1096.7,1096.7,216246
1777357800,1097.15,1097.5,1095.5,1096.0,89525
1777358100,1095.8,1095.95,1095.15,1095.7,67726
1777358400,1095.7,1095.95,1095.0,1095.6,82318
1777358700,1095.6,1097.25,1095.3,1095.65,107170
1777359000,1095.85,1096.1,1093.1,1094.55,113264
1777359300,1094.55,1095.7,1094.3,1094.75,46895
1777359600,1094.8,1095.0,1093.65,1094.8,74334
1777359900,1094.9,1095.7,1093.3,1093.3,166675
1777360200,1093.35,1094.5,1093.2,1094.1,67850
1777360500,1094.15,1095.65,1093.9,1095.5,92781
1777360800,1095.5,1095.65,1094.1,1094.45,83813
1777361100,1094.65,1095.15,1091.8,1092.25,184542
1777361400,1092.25,1093.35,1091.0,1092.1,117266
1777361700,1092.15,1092.9,1092.0,1092.35,80824
1777362000,1092.35,1092.9,1092.0,1092.0,81073
1777362300,1092.1,1094.65,1091.8,1094.25,80187
1777362600,1094.3,1095.0,1093.25,1094.4,110301
1777362900,1094.5,1094.9,1093.3,1093.7,50693
1777363200,1093.5,1093.75,1092.0,1092.7,72397
1777363500,1092.7,1093.0,1090.7,1092.55,174740
1777363800,1092.55,1093.0,1092.0,1092.25,77254
1777364100,1092.25,1093.3,1091.5,1093.3,57522
1777364400,1093.3,1095.0,1092.9,1094.45,83907
1777364700,1094.65,1095.45,1093.0,1093.8,95069
1777365000,1094.3,1095.0,1093.0,1094.25,63920
1777365300,1094.55,1094.75,1093.0,1094.0,102999
1777365600,1093.95,1094.0,1092.05,1092.55,109995
1777365900,1092.65,1093.25,1091.7,1092.5,82649
1777366200,1092.55,1093.05,1092.0,1092.6,77256
1777366500,1092.5,1092.8,1090.0,1090.35,172460
1777366800,1090.4,1093.6,1089.4,1092.25,235964
1777367100,1092.25,1092.75,1091.65,1092.0,98246
1777367400,1091.85,1093.3,1091.6,1093.3,127880
1777367700,1093.2,1094.0,1092.7,1093.1,134615
1777368000,1093.1,1093.5,1092.1,1093.5,101421
1777368300,1093.1,1093.7,1091.7,1092.8,162762
1777368600,1092.8,1093.1,1091.3,1092.5,240676
1777368900,1092.5,1092.9,1089.65,1091.3,414889
1777369200,1091.3,1092.8,1090.7,1092.2,153661
1777369500,1092.15,1092.2,1089.15,1090.9,360237
1777369800,1090.95,1091.5,1089.5,1091.4,314199
1777370100,1091.4,1093.8,1090.0,1093.4,483279
1777434300,1094.0,1098.9,1091.5,1093.6,394661
1777434600,1093.6,1094.95,1091.55,1092.5,157878
1777434900,1092.0,1093.0,1091.2,1092.25,109905
1777435200,1092.55,1094.8,1092.35,1092.65,121280
1777435500,1092.6,1093.1,1088.45,1089.6,203047
1777435800,1089.9,1092.85,1089.0,1092.85,111450
1777436100,1092.9,1094.95,1092.9,1093.65,135951
1777436400,1093.65,1094.15,1092.5,1093.8,74038
1777436700,1094.2,1094.9,1093.25,1094.45,120789
1777437000,1094.5,1096.75,1094.5,1095.6,271884
1777437300,1095.8,1097.35,1095.5,1096.1,106760
1777437600,1096.3,1098.5,1096.2,1098.15,184934
1777437900,1098.35,1101.0,1098.1,1099.5,320885
1777438200,1099.75,1105.0,1099.3,1100.25,306085
1777438500,1100.3,1101.7,1099.45,1099.95,303276
1777438800,1099.95,1099.95,1098.0,1098.35,158684
1777439100,1098.35,1099.3,1097.6,1098.4,147353
1777439400,1098.4,1098.85,1097.4,1097.8,68297
1777439700,1097.85,1098.2,1097.05,1098.15,148262
1777440000,1098.2,1099.6,1097.65,1099.6,109807
1777440300,1099.6,1100.15,1098.65,1099.3,101655
1777440600,1099.0,1099.5,1097.5,1097.5,114240
1777440900,1097.4,1098.0,1097.4,1097.9,90591
1777441200,1097.9,1097.95,1096.05,1096.9,107105
1777441500,1096.9,1097.2,1096.8,1097.0,112280
1777441800,1096.95,1097.65,1096.1,1097.0,319769
1777442100,1096.9,1098.85,1096.45,1097.0,287928
1777442400,1097.1,1098.7,1096.1,1096.2,67515
1777442700,1096.25,1097.0,1095.6,1096.5,64732
1777443000,1096.7,1097.0,1095.35,1095.35,98684
1777443300,1095.55,1096.0,1095.05,1095.25,43309
1777443600,1095.4,1097.0,1095.1,1096.05,190690
1777443900,1096.0,1097.0,1095.05,1097.0,219504
1777444200,1097.0,1097.2,1096.3,1097.0,299423
1777444500,1097.0,1097.2,1096.35,1097.0,79783
1777444800,1097.0,1101.1,1097.0,1100.55,233633
1777445100,1100.75,1102.5,1100.3,1102.05,117386
1777445400,1102.15,1102.15,1100.75,1101.85,54854
1777445700,1101.95,1102.4,1100.55,1100.55,48955
1777446000,1100.6,1102.5,1100.2,1102.5,80972
1777446300,1102.5,1103.0,1101.75,1102.95,105368
1777446600,1102.95,1103.4,1101.8,1102.55,70753
1777446900,1102.35,1103.0,1101.45,1101.6,65780
1777447200,1101.8,1102.45,1101.25,1101.6,55685
1777447500,1101.6,1101.95,1099.8,1100.05,181605
1777447800,1100.15,1100.95,1099.6,1100.1,116127
1777448100,1099.9,1101.0,1099.8,1100.6,59276
1777448400,1100.6,1102.4,1100.0,1101.0,115720
1777448700,1101.05,1101.65,1100.25,1101.0,85324
1777449000,1101.0,1101.55,1100.2,1100.9,96974
1777449300,1100.95,1101.1,1099.8,1100.1,97561
1777449600,1100.15,1101.3,1100.1,1100.6,56790
1777449900,1100.7,1101.0,1098.1,1098.55,76326
1777450200,1098.6,1099.5,1097.7,1098.85,54957
1777450500,1098.85,1099.3,1097.6,1098.3,48257
1777450800,1098.35,1098.75,1097.1,1097.65,121666
1777451100,1097.65,1098.35,1096.3,1096.65,163975
1777451400,1096.75,1096.85,1092.1,1092.5,190242
1777451700,1092.5,1094.55,1091.5,1091.75,129396
1777452000,1091.75,1092.0,1089.75,1091.3,205163
1777452300,1091.35,1091.45,1088.6,1088.75,122483
1777452600,1088.8,1091.7,1087.3,1091.45,216355
1777452900,1091.45,1091.45,1088.0,1088.3,154696
1777453200,1088.3,1090.55,1087.75,1088.9,169208
1777453500,1088.8,1089.9,1087.6,1089.75,61240
1777453800,1089.9,1090.0,1089.1,1090.0,49024
1777454100,1090.0,1090.65,1088.45,1089.45,95822
1777454400,1089.3,1090.7,1089.0,1089.6,68608
1777454700,1089.75,1090.2,1088.45,1088.65,112392
1777455000,1088.5,1089.2,1087.5,1087.7,249599
1777455300,1087.7,1088.9,1087.65,1088.55,162564
1777455600,1088.6,1088.6,1085.6,1085.9,182014
1777455900,1085.95,1085.95,1084.25,1085.5,201968
1777456200,1085.25,1087.15,1085.0,1086.45,173781
1777456500,1086.55,1088.4,1085.1,1088.4,167230
1777520700,1075.0,1076.9,1070.0,1076.05,436728
1777521000,1076.05,1076.55,1072.65,1072.8,146338
1777521300,1072.65,1073.65,1072.1,1073.2,151640
1777521600,1073.35,1075.85,1072.7,1075.5,101281
1777521900,1076.0,1076.1,1073.8,1074.95,73802
1777522200,1074.75,1075.55,1072.8,1075.0,100331
1777522500,1074.9,1077.7,1074.1,1076.55,127592
1777522800,1076.45,1076.45,1074.3,1075.0,102017
1777523100,1074.75,1075.7,1074.5,1075.6,64925
1777523400,1075.55,1075.85,1074.0,1074.95,81199
1777523700,1074.6,1075.9,1074.3,1075.0,57894
1777524000,1075.25,1075.9,1074.75,1075.5,75087
1777524300,1075.25,1075.5,1071.75,1074.8,162545
1777524600,1074.45,1075.1,1071.6,1072.1,276333
1777524900,1072.05,1072.3,1070.5,1071.4,146932
1777525200,1071.1,1071.75,1070.6,1071.15,105468
1777525500,1071.25,1071.5,1069.3,1071.3,171169
1777525800,1071.3,1072.4,1070.1,1070.5,67247
1777526100,1070.5,1070.5,1068.2,1068.5,86148
1777526400,1068.4,1069.4,1068.0,1068.5,91476
1777526700,1068.35,1069.2,1067.0,1069.2,100373
1777527000,1069.1,1069.6,1068.1,1068.8,80778
1777527300,1068.8,1071.0,1068.5,1070.85,248193
1777527600,1070.9,1071.0,1068.45,1068.55,93010
1777527900,1068.6,1070.85,1068.35,1070.1,173632
1777528200,1070.0,1070.5,1069.15,1069.95,82246
1777528500,1069.95,1070.9,1069.5,1070.9,48973
1777528800,1070.65,1071.85,1069.55,1070.95,79471
1777529100,1071.1,1072.3,1070.25,1071.5,170340
1777529400,1071.5,1071.6,1064.25,1064.75,399812
1777529700,1064.55,1065.0,1064.5,1064.8,437661
1777530000,1064.85,1065.0,1063.35,1064.05,225433
1777530300,1064.1,1065.1,1063.5,1064.65,377496
1777530600,1064.6,1067.35,1063.0,1066.6,437847
1777530900,1066.35,1067.75,1066.2,1067.25,112948
1777531200,1067.4,1068.75,1067.0,1068.55,124245
1777531500,1068.6,1070.65,1068.05,1068.05,167226
1777531800,1068.05,1070.1,1067.3,1070.0,136177
1777532100,1070.0,1071.2,1069.7,1070.8,174151
1777532400,1071.0,1073.0,1070.55,1072.4,223237
1777532700,1072.3,1072.5,1070.05,1070.7,237290
1777533000,1070.5,1071.05,1068.7,1069.35,121232
1777533300,1069.5,1070.3,1068.25,1068.6,136592
1777533600,1068.85,1069.45,1068.5,1069.3,97684
1777533900,1069.3,1070.95,1068.8,1070.2,127451
1777534200,1070.25,1070.95,1068.25,1068.65,105104
1777534500,1068.7,1068.8,1067.0,1068.05,158601
1777534800,1068.3,1069.0,1067.3,1068.4,133947
1777535100,1068.5,1068.9,1067.1,1067.15,133249
1777535400,1067.1,1070.45,1067.05,1069.15,198550
1777535700,1069.2,1069.7,1068.1,1068.25,264468
1777536000,1068.15,1068.9,1067.2,1068.25,85226
1777536300,1068.25,1069.6,1067.7,1068.25,102009
1777536600,1068.25,1072.5,1068.2,1072.15,235687
1777536900,1072.5,1073.0,1070.8,1071.95,206383
1777537200,1071.85,1072.0,1069.7,1070.25,96881
1777537500,1070.0,1071.3,1069.9,1070.65,120189
1777537800,1070.6,1071.0,1069.3,1069.85,115569
1777538100,1069.85,1070.3,1068.5,1070.3,145814
1777538400,1070.3,1070.75,1069.0,1069.65,199763
1777538700,1069.4,1070.5,1068.2,1068.75,127945
1777539000,1068.3,1070.0,1067.55,1069.3,322972
1777539300,1069.3,1070.25,1069.0,1070.1,173878
1777539600,1069.95,1070.55,1069.2,1070.4,133426
1777539900,1070.4,1071.0,1069.15,1071.0,187989
1777540200,1070.9,1072.45,1070.4,1072.35,244276
1777540500,1072.05,1072.4,1070.3,1070.5,211912
1777540800,1070.8,1071.15,1069.0,1070.3,302181
1777541100,1070.3,1072.45,1070.05,1072.1,142219
1777541400,1072.0,1072.0,1067.2,1068.45,690001
1777541700,1068.4,1069.0,1067.0,1067.15,406611
1777542000,1067.6,1068.0,1065.5,1067.65,469567
1777542300,1067.7,1069.8,1067.5,1068.85,415340
1777542600,1068.9,1070.2,1068.0,1069.75,524839
1777542900,1069.7,1072.0,1068.9,1071.8,336786
1777866300,1063.6,1083.9,1063.6,1079.0,885023
1777866600,1079.0,1080.0,1074.3,1075.9,377191
1777866900,1075.9,1079.5,1075.9,1079.0,172606
1777867200,1079.0,1081.1,1078.8,1080.9,251052
1777867500,1081.0,1087.6,1079.6,1087.2,332835
1777867800,1087.2,1089.1,1084.9,1085.9,379716
1777868100,1085.9,1086.2,1084.1,1085.5,174122
1777868400,1085.5,1085.5,1082.2,1082.9,106330
1777868700,1083.0,1084.5,1082.8,1083.5,109666
1777869000,1083.4,1083.8,1081.3,1082.6,117859
1777869300,1082.6,1083.2,1080.5,1080.5,74633
1777869600,1080.4,1081.2,1079.4,1079.8,60092
1777869900,1079.2,1079.8,1077.6,1078.7,122215
1777870200,1078.7,1079.4,1077.2,1077.2,109859
1777870500,1077.1,1079.5,1077.1,1079.5,120845
1777870800,1079.5,1081.0,1078.6,1079.3,120351
1777871100,1079.5,1080.3,1079.1,1080.3,103015
1777871400,1080.3,1081.0,1079.0,1080.2,83375
1777871700,1080.2,1081.5,1079.8,1081.0,96805
1777872000,1080.9,1082.0,1080.4,1081.5,52760
1777872300,1081.6,1081.8,1079.2,1079.6,33129
1777872600,1079.6,1080.6,1078.6,1080.3,44616
1777872900,1080.4,1081.6,1080.3,1081.1,43789
1777873200,1081.1,1082.2,1080.7,1082.2,50072
1777873500,1081.9,1082.9,1081.7,1081.8,57444
1777873800,1081.9,1085.3,1081.7,1084.5,264774
1777874100,1084.5,1086.2,1083.4,1086.1,101462
1777874400,1086.2,1087.7,1084.1,1084.7,231038
1777874700,1084.7,1085.6,1082.9,1085.0,460923
1777875000,1085.1,1086.2,1083.5,1084.7,758345
1777875300,1084.6,1086.5,1082.7,1082.9,166795
1777875600,1082.5,1083.8,1081.3,1082.2,70045
1777875900,1082.5,1083.0,1081.0,1081.3,77702
1777876200,1081.4,1081.4,1078.0,1078.9,121366
1777876500,1078.9,1079.1,1077.0,1077.9,102996
1777876800,1077.7,1078.0,1073.1,1073.9,132234
1777877100,1073.8,1076.0,1073.1,1076.0,83185
1777877400,1076.0,1076.8,1074.5,1075.9,73431
1777877700,1075.9,1076.6,1075.1,1075.6,91542
1777878000,1075.3,1075.7,1074.4,1075.0,89985
1777878300,1074.9,1075.7,1073.4,1074.9,70504
1777878600,1074.9,1075.5,1073.2,1073.4,68373
1777878900,1073.7,1074.7,1072.0,1072.6,76046
1777879200,1072.7,1074.1,1072.2,1073.8,46678
1777879500,1073.9,1074.4,1072.4,1073.1,117835
1777879800,1073.1,1073.6,1072.0,1073.2,28740
1777880100,1073.2,1073.8,1072.6,1073.8,43337
1777880400,1073.7,1074.6,1073.2,1074.0,37300
1777880700,1074.0,1074.0,1072.0,1073.5,36868
1777881000,1073.5,1073.5,1071.4,1071.5,47566
1777881300,1072.0,1072.7,1068.2,1068.9,95929
1777881600,1068.7,1069.6,1067.2,1069.1,116815
1777881900,1068.7,1069.2,1067.2,1069.2,42787
1777882200,1068.9,1071.4,1068.5,1070.7,140602
1777882500,1071.1,1071.4,1070.0,1070.8,82457
1777882800,1071.0,1071.9,1068.5,1069.0,120644
1777883100,1069.0,1069.8,1067.1,1068.1,78801
1777883400,1068.2,1069.6,1068.0,1069.6,50389
1777883700,1069.6,1070.5,1068.9,1070.3,38882
1777884000,1070.3,1072.5,1070.2,1071.0,81409
1777884300,1071.4,1073.8,1070.6,1073.7,96377
1777884600,1073.7,1074.1,1072.4,1073.1,54452
1777884900,1073.0,1073.4,1071.8,1072.4,34335
1777885200,1072.2,1073.1,1070.9,1071.7,396334
1777885500,1071.2,1071.7,1068.7,1070.2,223418
1777885800,1070.2,1070.6,1068.1,1069.7,153565
1777886100,1069.6,1070.3,1069.0,1069.5,77663
1777886400,1069.5,1070.6,1069.0,1069.9,109173
1777886700,1070.1,1071.1,1068.4,1069.0,79479
1777887000,1069.2,1069.5,1067.6,1068.6,246202
1777887300,1069.1,1070.1,1068.5,1069.0,258546
1777887600,1069.1,1069.8,1068.3,1068.7,237987
1777887900,1068.8,1069.2,1067.1,1068.5,345905
1777888200,1068.6,1068.9,1067.0,1067.0,513009
1777888500,1067.3,1069.0,1066.5,1067.5,477334
1777952700,1060.6,1066.9,1060.0,1066.6,254097
1777953000,1066.6,1068.0,1063.6,1065.8,150230
1777953300,1065.8,1066.0,1063.1,1065.4,136371
1777953600,1065.1,1068.5,1065.1,1067.1,104318
1777953900,1067.3,1068.1,1066.2,1066.2,66599
1777954200,1066.4,1066.8,1064.8,1066.7,104311
1777954500,1066.7,1066.9,1064.4,1066.5,57251
1777954800,1066.2,1067.1,1065.0,1066.7,46277
1777955100,1066.9,1067.7,1066.4,1067.1,45019
1777955400,1067.0,1067.5,1064.8,1065.7,93062
1777955700,1065.5,1065.6,1062.3,1063.3,99404
1777956000,1063.2,1064.0,1062.6,1063.1,73104
1777956300,1063.4,1064.8,1061.8,1064.3,67885
1777956600,1064.3,1064.4,1061.7,1062.8,88701
1777956900,1062.5,1062.8,1060.5,1061.0,86217
1777957200,1060.8,1061.6,1060.0,1060.3,101074
1777957500,1060.3,1060.7,1058.7,1059.2,120261
1777957800,1059.2,1059.2,1057.0,1057.6,101881
1777958100,1057.8,1058.5,1057.2,1058.2,40131
1777958400,1058.2,1058.2,1054.6,1056.3,116023
1777958700,1056.2,1057.4,1055.0,1057.0,78529
1777959000,1057.3,1057.3,1055.0,1056.0,175041
1777959300,1055.9,1056.5,1054.2,1054.7,221143
1777959600,1054.5,1056.2,1054.5,1056.0,118852
1777959900,1056.0,1059.0,1055.9,1056.5,198858
1777960200,1056.3,1056.6,1053.4,1054.8,224983
1777960500,1054.8,1055.7,1053.5,1053.7,330526
1777960800,1053.7,1053.9,1051.5,1052.6,290311
1777961100,1052.6,1054.1,1052.6,1053.8,68750
1777961400,1053.9,1053.9,1051.1,1052.3,158139
1777961700,1052.4,1052.8,1050.0,1050.4,190682
1777962000,1050.4,1051.5,1049.4,1049.9,147249
1777962300,1050.1,1052.8,1050.0,1051.0,86108
1777962600,1051.3,1052.9,1051.0,1052.0,80465
1777962900,1052.0,1052.5,1051.2,1052.0,77128
1777963200,1052.0,1053.7,1052.0,1053.4,137544
1777963500,1053.4,1055.2,1053.4,1054.5,93819
1777963800,1054.8,1057.4,1054.3,1057.2,137585
1777964100,1057.5,1057.9,1055.6,1056.2,141625
1777964400,1056.3,1057.5,1055.9,1056.6,160351
1777964700,1056.9,1058.0,1056.4,1057.4,151670
1777965000,1057.4,1058.0,1055.1,1055.5,113728
1777965300,1055.3,1057.0,1055.1,1056.8,94801
1777965600,1056.8,1060.4,1056.5,1059.4,154630
1777965900,1059.5,1061.7,1059.1,1061.1,207568
1777966200,1061.1,1062.7,1060.2,1061.4,198868
1777966500,1061.2,1064.0,1060.8,1063.7,223481
1777966800,1063.7,1065.6,1063.4,1065.2,235140
1777967100,1064.9,1066.7,1064.0,1064.8,195739
1777967400,1064.5,1066.0,1063.4,1064.9,99638
1777967700,1064.5,1066.3,1064.2,1066.0,175106
1777968000,1066.0,1066.1,1062.5,1063.2,187513
1777968300,1063.6,1064.6,1062.8,1062.9,92225
1777968600,1063.0,1065.1,1062.1,1064.7,179725
1777968900,1064.6,1065.3,1063.5,1064.9,131692
1777969200,1064.9,1066.2,1063.6,1064.2,193456
1777969500,1064.6,1067.0,1063.6,1066.0,275212
1777969800,1066.0,1066.8,1064.7,1065.4,57281
1777970100,1065.5,1065.6,1063.5,1064.7,68805
1777970400,1064.7,1065.0,1063.1,1063.6,68041
1777970700,1063.6,1065.1,1063.5,1064.7,152106
1777971000,1064.7,1067.6,1064.4,1066.2,172923
1777971300,1066.2,1067.7,1065.3,1067.1,119499
1777971600,1067.3,1067.5,1064.0,1064.5,151765
1777971900,1064.1,1065.2,1063.2,1064.2,311003
1777972200,1064.7,1065.0,1063.6,1064.3,94838
1777972500,1064.3,1064.3,1062.1,1062.2,199496
1777972800,1062.2,1062.8,1061.3,1062.5,193386
1777973100,1062.6,1063.4,1060.3,1060.9,195898
1777973400,1060.7,1061.1,1059.0,1060.4,463447
1777973700,1060.3,1062.0,1058.4,1061.7,529181
1777974000,1061.7,1061.7,1058.6,1059.9,497121
1777974300,1059.9,1061.0,1059.3,1060.3,281803
1777974600,1060.1,1060.7,1058.7,1059.3,357907
1777974900,1059.1,1060.5,1059.0,1060.0,250229
1778039100,1072.0,1079.2,1072.0,1076.6,595260
1778039400,1076.6,1079.5,1074.6,1077.2,327654
1778039700,1077.2,1077.5,1075.1,1075.5,122853
1778040000,1076.5,1076.5,1070.3,1070.9,214306
1778040300,1070.9,1071.0,1068.7,1070.3,159637
1778040600,1070.3,1071.0,1068.0,1068.8,132573
1778040900,1068.8,1071.0,1068.5,1070.4,116753
1778041200,1070.4,1071.8,1069.3,1071.6,206507
1778041500,1071.6,1071.7,1067.1,1067.4,193925
1778041800,1067.4,1067.9,1066.5,1067.7,114998
1778042100,1067.7,1068.0,1066.3,1066.9,63307
1778042400,1066.9,1068.6,1066.3,1068.4,79411
1778042700,1068.1,1068.4,1066.0,1068.1,95068
1778043000,1068.3,1069.5,1067.7,1068.0,121925
1778043300,1067.5,1068.8,1067.3,1068.7,68881
1778043600,1068.5,1069.0,1067.0,1068.4,79542
1778043900,1067.9,1068.9,1067.3,1068.6,56789
1778044200,1068.3,1070.9,1068.3,1070.4,84942
1778044500,1070.0,1070.4,1069.0,1069.9,66019
1778044800,1069.6,1070.0,1068.2,1068.2,37079
1778045100,1068.5,1069.5,1068.1,1069.0,62531
1778045400,1069.0,1069.0,1065.4,1065.9,118759
1778045700,1065.2,1067.7,1065.2,1066.9,80200
1778046000,1066.9,1067.0,1065.2,1065.7,94443
1778046300,1065.7,1067.3,1065.1,1065.7,151964
1778046600,1065.4,1066.4,1064.5,1064.8,109321
1778046900,1064.8,1066.2,1064.3,1066.2,86474
1778047200,1066.0,1067.4,1065.5,1067.1,87128
1778047500,1067.0,1067.1,1064.6,1065.5,99506
1778047800,1065.1,1067.7,1065.0,1067.7,170584
1778048100,1067.5,1068.4,1066.3,1068.3,142655
1778048400,1068.2,1070.0,1067.4,1069.2,187244
1778048700,1069.0,1070.2,1067.8,1069.0,202652
1778049000,1069.0,1069.0,1067.3,1068.2,58846
1778049300,1068.0,1068.7,1066.4,1068.5,184588
1778049600,1068.4,1068.5,1067.2,1067.5,43804
1778049900,1067.5,1067.6,1066.1,1067.6,141761
1778050200,1067.5,1067.6,1066.0,1066.5,46191
1778050500,1066.5,1067.8,1066.1,1067.7,82556
1778050800,1067.7,1067.7,1066.1,1066.7,46000
1778051100,1066.5,1067.0,1065.0,1065.2,69098
1778051400,1065.1,1065.5,1063.7,1064.3,91173
1778051700,1064.3,1064.4,1063.2,1063.9,58294
1778052000,1064.2,1065.2,1063.0,1063.8,133416
1778052300,1063.5,1064.0,1063.0,1063.5,68319
1778052600,1063.5,1063.5,1061.5,1061.8,124222
1778052900,1061.6,1063.6,1061.2,1063.5,106635
1778053200,1063.5,1065.0,1063.1,1064.5,101253
1778053500,1064.5,1066.3,1064.2,1065.6,102666
1778053800,1065.6,1068.0,1065.1,1068.0,111175
1778054100,1067.8,1068.4,1067.5,1067.9,100985
1778054400,1067.8,1071.4,1067.8,1071.0,222776
1778054700,1071.0,1072.5,1070.2,1071.2,222023
1778055000,1070.8,1071.7,1069.1,1069.9,108466
1778055300,1069.5,1071.5,1069.5,1071.0,111760
1778055600,1070.6,1071.0,1067.6,1069.0,215984
1778055900,1068.9,1069.7,1067.5,1068.0,77193
1778056200,1067.8,1069.3,1066.9,1067.8,233698
1778056500,1067.8,1068.8,1067.2,1067.7,92538
1778056800,1067.5,1071.5,1067.2,1071.5,156042
1778057100,1071.8,1075.7,1071.6,1075.3,487294
1778057400,1075.3,1085.5,1075.2,1084.8,742831
1778057700,1084.5,1087.1,1084.2,1085.9,607551
1778058000,1085.7,1090.5,1085.7,1088.8,598736
1778058300,1089.1,1090.1,1086.0,1088.2,368931
1778058600,1088.1,1092.0,1088.1,1091.9,338973
1778058900,1092.0,1093.0,1089.4,1091.7,229884
1778059200,1091.7,1092.5,1090.0,1090.9,234578
1778059500,1091.0,1092.8,1089.4,1092.6,294310
1778059800,1092.4,1098.8,1092.0,1097.4,716273
1778060100,1097.5,1097.6,1092.9,1093.0,496147
1778060400,1093.3,1096.3,1093.2,1093.2,347672
1778060700,1093.3,1096.3,1092.3,1095.9,467166
1778061000,1096.0,1100.0,1095.0,1099.3,425617
1778061300,1099.5,1101.1,1098.0,1099.0,342473
1778125500,1106.0,1108.0,1096.1,1097.5,685092
1778125800,1097.3,1098.1,1095.0,1095.4,285706
1778126100,1095.5,1097.0,1092.5,1096.3,273576
1778126400,1096.0,1096.3,1093.5,1095.9,217051
1778126700,1096.3,1098.9,1096.1,1098.7,233388
1778127000,1098.9,1100.8,1098.5,1099.1,266214
1778127300,1099.3,1099.4,1096.3,1096.4,168563
1778127600,1096.7,1097.0,1095.0,1096.0,159205
1778127900,1096.3,1096.6,1094.6,1095.4,200548
1778128200,1095.5,1097.9,1095.3,1097.4,120065
1778128500,1097.4,1097.6,1093.1,1094.8,190983
1778128800,1094.8,1095.6,1092.2,1093.3,134848
1778129100,1093.4,1095.0,1092.5,1094.7,124490
1778129400,1094.8,1095.1,1093.3,1093.6,115159
1778129700,1093.9,1096.0,1093.0,1095.0,92209
1778130000,1094.9,1095.6,1094.1,1094.4,100163
1778130300,1094.3,1095.2,1093.3,1095.2,74821
1778130600,1095.2,1097.8,1095.0,1097.3,129531
1778130900,1097.3,1097.9,1094.7,1095.2,140596
1778131200,1095.4,1096.0,1094.0,1095.3,94858
1778131500,1095.4,1096.0,1094.5,1095.1,45309
1778131800,1095.4,1095.4,1094.2,1094.5,54440
1778132100,1094.7,1094.8,1092.0,1093.0,128104
1778132400,1092.7,1093.0,1091.0,1092.0,229918
1778132700,1091.9,1092.8,1089.8,1091.0,366941
1778133000,1090.8,1091.3,1089.6,1089.8,269844
1778133300,1089.8,1090.0,1087.6,1089.0,464404
1778133600,1089.0,1090.0,1087.5,1087.7,428642
1778133900,1087.8,1088.1,1086.7,1087.7,124113
1778134200,1087.7,1087.7,1086.1,1087.0,140196
1778134500,1087.0,1088.0,1086.5,1087.7,127830
1778134800,1087.6,1088.7,1087.3,1087.5,234608
1778135100,1087.7,1091.0,1087.4,1090.5,351852
1778135400,1090.5,1091.5,1089.4,1089.7,146735
1778135700,1089.8,1091.5,1089.7,1090.4,228239
1778136000,1090.4,1091.6,1090.0,1091.0,154985
1778136300,1090.9,1092.0,1090.4,1090.6,211168
1778136600,1090.5,1091.5,1090.0,1091.3,134839
1778136900,1091.4,1092.0,1090.5,1090.5,116361
1778137200,1090.7,1090.9,1088.8,1089.4,148272
1778137500,1089.6,1095.5,1088.0,1095.2,333011
1778137800,1095.4,1101.4,1095.2,1101.4,610157
1778138100,1101.4,1103.5,1099.1,1099.9,458261
1778138400,1100.0,1100.3,1096.4,1098.5,215472
1778138700,1098.7,1098.7,1095.5,1097.0,141570
1778139000,1097.3,1098.5,1097.1,1097.1,105527
1778139300,1097.0,1098.0,1096.1,1096.5,73698
1778139600,1096.5,1097.4,1096.0,1096.8,82214
1778139900,1096.5,1097.7,1092.0,1094.5,186372
1778140200,1094.4,1095.8,1093.8,1094.2,177972
1778140500,1094.7,1095.8,1094.2,1095.5,60202
1778140800,1095.4,1098.7,1094.9,1098.0,102190
1778141100,1098.0,1098.6,1095.4,1095.8,101240
1778141400,1095.7,1096.9,1095.0,1095.1,148475
1778141700,1095.1,1097.2,1093.9,1097.2,124063
1778142000,1097.2,1097.6,1096.0,1097.4,64786
1778142300,1097.4,1098.0,1096.0,1098.0,69176
1778142600,1098.0,1099.5,1096.2,1097.1,125238
1778142900,1097.1,1097.7,1095.3,1095.9,140145
1778143200,1095.9,1096.2,1094.0,1094.1,115981
1778143500,1094.3,1094.7,1093.4,1093.7,103808
1778143800,1093.6,1094.9,1092.8,1094.5,143379
1778144100,1094.5,1096.3,1094.0,1094.2,164993
1778144400,1094.3,1096.7,1094.1,1095.6,221147
1778144700,1095.7,1096.0,1094.6,1094.6,191422
1778145000,1094.7,1095.2,1093.1,1093.5,119174
1778145300,1093.5,1094.5,1092.5,1092.9,174108
1778145600,1092.9,1094.9,1092.9,1094.4,128728
1778145900,1094.1,1096.6,1094.1,1095.5,137291
1778146200,1095.4,1096.0,1090.4,1092.7,1144382
1778146500,1092.8,1093.0,1089.6,1091.4,519506
1778146800,1091.3,1092.1,1090.2,1091.6,377994
1778147100,1091.3,1093.3,1090.8,1093.1,467181
1778147400,1093.0,1093.1,1090.2,1091.7,474939
1778147700,1091.7,1093.0,1091.6,1092.9,281239
1778211900,1090.0,1093.4,1082.9,1086.3,557468
1778212200,1086.6,1088.4,1085.7,1087.0,196365
1778212500,1087.0,1089.2,1086.0,1089.0,74466
1778212800,1088.9,1090.9,1087.7,1089.6,138249
1778213100,1089.5,1091.0,1088.4,1089.8,94832
1778213400,1089.4,1089.5,1087.0,1087.4,82700
1778213700,1087.0,1087.6,1084.0,1087.0,169657
1778214000,1087.3,1089.0,1085.5,1088.6,78110
1778214300,1088.7,1089.5,1088.1,1089.5,60455
1778214600,1089.5,1089.5,1088.0,1089.0,45159
1778214900,1089.2,1090.0,1088.5,1089.7,63954
1778215200,1089.8,1091.9,1088.1,1091.7,67931
1778215500,1091.4,1092.4,1089.6,1091.5,112150
1778215800,1091.5,1093.0,1091.0,1092.9,107883
1778216100,1093.0,1093.9,1091.2,1091.5,110341
1778216400,1091.5,1091.7,1089.5,1089.7,138300
1778216700,1089.7,1090.7,1089.2,1089.6,93514
1778217000,1089.7,1090.9,1089.2,1089.7,71399
1778217300,1089.7,1090.4,1088.3,1088.8,57412
1778217600,1089.0,1089.1,1088.0,1088.6,66248
1778217900,1088.7,1088.7,1087.2,1087.2,54784
1778218200,1087.0,1090.4,1086.0,1090.4,166216
1778218500,1090.4,1091.9,1089.8,1091.6,149200
1778218800,1091.8,1093.9,1091.5,1093.9,128949
1778219100,1093.9,1095.0,1091.9,1092.2,211682
1778219400,1092.4,1093.5,1090.0,1091.0,71876
1778219700,1091.0,1091.0,1089.1,1090.0,65755
1778220000,1089.9,1090.1,1088.6,1089.7,85325
1778220300,1090.0,1091.0,1089.1,1091.0,53274
1778220600,1090.6,1091.4,1090.0,1090.3,89507
1778220900,1089.6,1090.4,1089.0,1089.3,47795
1778221200,1089.3,1090.1,1088.7,1089.3,74192
1778221500,1089.1,1090.1,1088.1,1090.0,69775
1778221800,1090.1,1090.8,1088.6,1089.6,84543
1778222100,1089.9,1089.9,1080.1,1082.1,404626
1778222400,1082.0,1082.8,1077.9,1081.2,366419
1778222700,1081.0,1081.8,1078.0,1081.5,251196
1778223000,1081.8,1084.8,1081.0,1084.0,197821
1778223300,1084.4,1084.9,1083.5,1084.8,76019
1778223600,1084.8,1085.0,1082.7,1083.8,66699
1778223900,1083.6,1084.8,1083.0,1084.4,76747
1778224200,1084.4,1086.9,1083.6,1083.6,137161
1778224500,1083.6,1084.0,1082.0,1084.0,89479
1778224800,1084.0,1084.5,1079.2,1082.1,238938
1778225100,1082.5,1084.3,1080.9,1083.2,85850
1778225400,1083.3,1083.7,1080.0,1080.1,75518
1778225700,1080.0,1082.9,1079.0,1081.7,177610
1778226000,1081.7,1081.9,1076.0,1078.3,296997
1778226300,1078.3,1079.5,1076.5,1078.4,109191
1778226600,1078.4,1078.9,1074.5,1077.0,294921
1778226900,1077.0,1079.3,1076.2,1078.9,92686
1778227200,1078.9,1079.9,1076.2,1079.1,163036
1778227500,1079.1,1079.3,1076.0,1076.5,118973
1778227800,1077.0,1078.1,1074.1,1077.4,177627
1778228100,1077.6,1079.1,1077.3,1078.5,65790
1778228400,1078.6,1078.8,1077.1,1078.5,76565
1778228700,1078.4,1078.8,1045.8,1052.1,3077135
1778229000,1053.3,1054.3,1032.6,1033.5,3154743
1778229300,1034.0,1039.9,1027.0,1038.0,3049604
1778229600,1038.0,1040.0,1020.1,1020.9,3887597
1778229900,1020.9,1029.3,1017.5,1018.0,2667013
1778230200,1017.9,1022.5,1010.9,1014.5,3797044
1778230500,1014.3,1023.9,1013.2,1021.4,2226004
1778230800,1021.4,1033.3,1020.9,1026.4,2635893
1778231100,1026.4,1031.5,1022.0,1028.5,1851783
1778231400,1028.6,1033.6,1027.4,1029.2,2101842
1778231700,1029.3,1033.3,1028.0,1029.5,1177051
1778232000,1029.6,1031.5,1028.3,1029.1,725170
1778232300,1029.3,1029.7,1024.5,1025.6,1327182
1778232600,1025.5,1025.5,1021.3,1021.7,1371276
1778232900,1021.7,1024.0,1020.5,1022.3,1140820
1778233200,1022.3,1022.8,1020.1,1020.3,1046866
1778233500,1020.5,1022.2,1015.6,1015.8,1770265
1778233800,1015.9,1016.3,1012.4,1013.1,1665440
1778234100,1013.3,1020.0,1013.2,1018.5,1862341
1778471100,1007.0,1007.0,984.3,984.8,3739238
1778471400,984.7,990.5,984.2,989.8,1425424
1778471700,990.0,992.7,989.8,992.1,944560
1778472000,992.1,993.7,985.1,987.7,1452090
1778472300,987.7,988.8,984.0,984.9,865513
1778472600,984.8,985.0,983.2,983.2,667534
1778472900,983.2,983.7,981.0,982.0,1170332
1778473200,982.0,982.5,980.2,981.9,470890
1778473500,981.6,982.3,977.3,978.8,932233
1778473800,978.6,980.5,978.2,980.1,438191
1778474100,980.3,980.4,979.0,979.5,332202
1778474400,979.5,981.7,979.0,979.8,686469
1778474700,979.9,981.2,976.1,977.0,769436
1778475000,976.8,978.5,975.8,978.3,697019
1778475300,978.4,978.6,976.5,977.9,342551
1778475600,977.9,978.9,977.0,978.6,281737
1778475900,978.7,980.2,977.1,977.5,585815
1778476200,977.5,979.3,977.2,979.1,270862
1778476500,979.0,979.5,978.4,979.3,213577
1778476800,979.2,983.1,978.3,980.7,2286368
1778477100,980.8,981.0,978.0,978.4,358707
1778477400,978.3,978.4,976.2,977.2,428043
1778477700,977.1,978.0,977.0,977.6,279838
1778478000,977.7,978.5,976.0,976.3,1008839
1778478300,976.2,977.4,976.0,976.5,245228
1778478600,976.4,978.0,976.2,976.4,283225
1778478900,976.5,976.6,975.0,976.3,462570
1778479200,976.2,976.6,975.5,976.3,213409
1778479500,976.3,978.0,976.1,977.9,239105
1778479800,977.9,980.2,977.4,979.9,1102882
1778480100,979.8,981.0,979.6,980.6,488742
1778480400,980.6,981.5,980.2,980.4,783462
1778480700,980.3,980.4,978.5,979.1,280814
1778481000,979.4,979.7,978.6,979.0,288118
1778481300,979.1,981.0,978.9,980.7,341872
1778481600,980.7,980.7,980.0,980.3,257875
1778481900,980.3,980.4,978.3,978.7,284611
1778482200,978.6,978.9,977.3,978.2,461211
1778482500,978.1,978.5,977.7,977.9,253259
1778482800,977.9,978.2,976.4,978.1,837694
1778483100,978.1,978.2,976.0,976.1,386242
1778483400,976.1,977.9,976.0,977.5,260850
1778483700,977.6,979.0,977.5,978.1,292972
1778484000,978.1,979.8,978.0,979.2,321058
1778484300,979.3,980.1,979.1,980.0,495387
1778484600,980.0,980.0,977.1,977.2,449986
1778484900,977.2,980.6,977.0,980.5,691784
1778485200,980.5,981.8,979.2,981.5,464248
1778485500,981.5,982.0,979.2,979.9,545360
1778485800,979.9,980.7,979.0,980.3,267835
1778486100,980.3,980.9,979.1,979.4,216664
1778486400,979.5,982.2,979.3,982.2,486705
1778486700,982.0,985.0,981.4,981.6,851225
1778487000,981.7,982.1,980.1,980.2,401739
1778487300,980.1,981.9,980.1,981.7,310569
1778487600,981.7,982.0,981.1,982.0,447628
1778487900,982.0,982.0,980.5,980.9,492433
1778488200,980.7,981.8,980.3,980.9,432065
1778488500,981.0,982.0,980.7,980.8,388162
1778488800,980.8,980.8,979.0,979.1,486317
1778489100,979.1,979.8,979.0,979.3,378785
1778489400,979.3,980.2,979.2,980.0,309080
1778489700,980.0,980.0,978.2,979.2,400802
1778490000,979.2,980.1,978.7,980.1,353793
1778490300,980.1,980.4,977.7,978.8,581823
1778490600,978.6,979.4,978.3,979.3,345846
1778490900,979.3,979.3,976.0,976.4,529848
1778491200,976.3,977.9,976.0,976.3,390316
1778491500,976.1,976.3,974.2,974.6,1297142
1778491800,975.0,975.1,971.9,972.8,1021442
1778492100,972.8,972.8,971.3,971.6,602256
1778492400,971.9,972.8,971.1,971.3,670337
1778492700,971.2,975.4,971.1,974.6,1503662
1778493000,974.6,975.5,973.5,974.9,1136945
1778493300,974.8,975.9,973.2,974.9,913734
1778557500,976.9,980.9,972.9,979.9,1172799
1778557800,979.9,980.2,976.0,976.2,598967
1778558100,976.2,976.5,973.3,975.9,468473
1778558400,975.9,975.9,972.4,973.7,443655
1778558700,973.6,976.5,973.2,975.3,288131
1778559000,975.0,977.7,974.7,977.1,291572
1778559300,977.0,978.9,976.1,977.7,421739
1778559600,977.7,981.4,976.0,980.9,376698
1778559900,980.8,981.1,977.2,978.4,377420
1778560200,978.4,979.0,977.6,978.3,125552
1778560500,978.6,979.8,977.8,978.8,281104
1778560800,978.8,979.5,978.3,979.0,145111
1778561100,979.4,980.4,978.8,979.5,174427
1778561400,979.9,980.0,977.0,977.7,189584
1778561700,977.6,977.9,976.0,976.4,209616
1778562000,976.1,976.8,975.2,975.5,171897
1778562300,975.5,976.2,974.6,975.8,227858
1778562600,975.9,977.4,974.5,974.8,194880
1778562900,974.7,975.0,970.0,970.3,548914
1778563200,970.2,970.7,968.1,969.0,304752
1778563500,969.0,970.2,968.4,969.8,543999
1778563800,970.1,970.2,965.3,966.2,489267
1778564100,966.2,967.0,964.1,965.9,685093
1778564400,965.9,966.0,964.5,964.8,271458
1778564700,964.9,967.2,964.5,966.8,502489
1778565000,966.8,967.7,965.1,965.6,405900
1778565300,965.6,966.9,964.5,964.7,407447
1778565600,964.7,966.8,964.4,966.3,378894
1778565900,966.2,966.4,964.8,966.3,174776
1778566200,966.1,967.0,965.7,966.8,133242
1778566500,966.8,967.5,965.9,967.5,183547
1778566800,967.5,969.7,967.2,969.4,267944
1778567100,969.1,969.6,968.2,968.9,221932
1778567400,968.7,969.6,967.3,968.5,221306
1778567700,968.5,968.5,967.5,967.6,159074
1778568000,967.6,968.8,967.1,968.2,217143
1778568300,968.5,968.7,967.0,967.9,217098
1778568600,967.7,968.7,967.0,967.7,218824
1778568900,967.7,967.7,965.4,966.5,332682
1778569200,966.2,966.5,963.1,963.6,261695
1778569500,963.6,965.3,963.0,964.7,147399
1778569800,964.9,966.0,964.6,965.7,127504
1778570100,965.7,965.8,963.2,963.4,176423
1778570400,963.4,964.4,962.4,963.5,207449
1778570700,963.5,964.1,963.3,963.9,120886
1778571000,963.6,965.7,963.3,965.5,110021
1778571300,965.5,967.0,965.4,966.0,193338
1778571600,966.1,967.5,965.9,967.2,254963
1778571900,967.2,968.9,966.6,968.2,306717
1778572200,968.6,969.3,968.0,969.0,376419
1778572500,968.9,972.4,968.6,972.0,537645
1778572800,972.4,973.4,971.6,972.0,418141
1778573100,972.3,973.3,971.0,971.9,250897
1778573400,972.0,972.0,969.5,970.7,567617
1778573700,970.8,973.7,970.7,973.3,257935
1778574000,973.4,974.8,972.8,972.8,267667
1778574300,973.2,973.6,972.2,972.6,306768
1778574600,972.6,974.6,971.4,974.0,467377
1778574900,974.0,974.4,973.0,973.5,338050
1778575200,973.4,973.5,972.0,972.5,191128
1778575500,972.5,973.7,972.0,973.1,216967
1778575800,973.0,974.8,972.9,974.7,190916
1778576100,974.4,975.0,973.4,974.5,245004
1778576400,974.5,975.5,973.1,973.5,350780
1778576700,973.3,975.5,973.0,975.2,311297
1778577000,975.1,976.9,974.5,976.5,456748
1778577300,976.5,978.3,975.5,977.5,603041
1778577600,977.3,978.5,973.6,973.7,620258
1778577900,973.7,975.6,973.4,975.2,267630
1778578200,975.2,975.4,973.6,974.9,548165
1778578500,974.6,975.0,972.4,972.7,699485
1778578800,972.7,974.0,972.0,973.5,613267
1778579100,973.5,976.4,973.2,975.9,580066
1778579400,976.0,977.3,974.8,976.1,725562
1778579700,976.1,976.6,974.0,976.1,323708
1778643900,978.0,981.2,971.6,973.4,768917
1778644200,973.1,974.7,972.1,974.1,229562
1778644500,974.2,974.2,969.0,969.3,317558
1778644800,969.2,970.4,965.5,965.9,366325
1778645100,965.9,966.5,963.2,963.6,416967
1778645400,963.8,965.4,963.0,964.0,233462
1778645700,964.0,964.9,961.2,961.7,309504
1778646000,961.9,965.7,961.9,965.4,175175
1778646300,965.4,966.7,964.2,966.3,224402
1778646600,966.3,968.3,965.7,968.2,235654
1778646900,968.3,969.4,967.0,967.6,255066
1778647200,967.9,968.3,966.5,967.6,164271
1778647500,967.6,970.8,967.4,970.0,197104
1778647800,970.0,971.8,969.9,971.2,188389
1778648100,971.2,973.5,970.8,971.6,374741
1778648400,971.2,974.5,970.4,974.5,320548
1778648700,974.6,974.8,971.4,972.3,170260
1778649000,972.0,974.9,972.0,973.6,158252
1778649300,973.2,973.9,972.5,972.5,109278
1778649600,972.7,972.8,971.2,972.1,184002
1778649900,972.4,972.5,967.0,967.0,212175
1778650200,967.0,970.7,967.0,969.6,249324
1778650500,969.6,970.5,967.5,970.2,318342
1778650800,970.0,970.4,968.1,969.7,139713
1778651100,969.3,973.0,969.3,971.3,197900
1778651400,971.2,971.7,969.1,970.5,81704
1778651700,970.2,971.7,970.0,971.0,196528
1778652000,971.0,972.7,970.4,972.5,161270
1778652300,972.5,977.0,972.3,977.0,364901
1778652600,977.0,979.5,976.0,978.4,378104
1778652900,978.6,979.9,975.5,976.0,290119
1778653200,976.0,978.4,976.0,976.5,213771
1778653500,976.2,977.0,974.8,975.3,186552
1778653800,975.0,976.3,974.1,974.7,186203
1778654100,974.8,976.1,974.4,975.5,91944
1778654400,975.4,976.8,974.8,976.7,93891
1778654700,976.7,977.6,976.0,976.8,160678
1778655000,976.5,977.0,975.2,976.3,81365
1778655300,976.4,978.1,975.2,977.6,348865
1778655600,978.0,978.0,973.5,974.1,318632
1778655900,974.3,974.7,972.6,974.5,274404
1778656200,974.5,974.6,970.7,971.0,320382
1778656500,971.0,973.6,970.9,973.6,208189
1778656800,973.5,976.4,973.5,976.2,333536
1778657100,976.2,980.6,976.1,979.4,750436
1778657400,979.6,980.0,976.8,978.3,416400
1778657700,978.1,978.8,976.6,977.0,230864
1778658000,977.0,977.5,975.7,976.5,115056
1778658300,976.6,977.0,973.1,974.0,246337
1778658600,973.6,974.5,973.5,973.7,140229
1778658900,973.6,974.0,971.7,972.0,181259
1778659200,972.3,976.1,972.0,975.9,207716
1778659500,975.7,976.0,974.1,976.0,89855
1778659800,976.0,976.3,975.1,975.7,66549
1778660100,975.5,976.0,974.0,974.8,92482
1778660400,974.7,975.2,973.5,973.9,85253
1778660700,973.9,974.0,972.3,973.8,104951
1778661000,973.9,974.7,972.1,972.9,129522
1778661300,973.0,974.5,973.0,974.5,82672
1778661600,974.4,975.2,974.0,974.4,89354
1778661900,974.4,975.3,972.1,972.2,150691
1778662200,972.1,973.6,971.1,973.3,184703
1778662500,973.3,973.6,972.3,972.9,106745
1778662800,973.2,973.8,972.5,973.7,109692
1778663100,973.8,973.8,972.5,973.0,107636
1778663400,972.8,973.2,971.5,971.7,176068
1778663700,971.7,974.0,971.0,973.2,410059
1778664000,973.4,974.0,973.0,973.7,123892
1778664300,973.4,973.7,973.0,973.3,100083
1778664600,973.3,973.3,971.0,971.3,303341
1778664900,971.6,971.6,970.0,970.1,476474
1778665200,970.2,971.4,970.0,971.4,344454
1778665500,971.2,971.5,970.0,970.3,223192
1778665800,970.3,970.7,968.1,968.7,463767
1778666100,968.6,971.0,968.0,970.0,422211
1778730300,973.5,979.0,972.6,976.0,606505
1778730600,976.0,977.2,975.4,977.2,221765
1778730900,977.2,978.0,976.5,977.1,142728
1778731200,977.1,977.1,976.0,976.1,350060
1778731500,976.1,976.1,975.0,975.1,253889
1778731800,975.0,975.4,973.0,973.5,317553
1778732100,973.6,974.9,973.1,973.5,126005
1778732400,973.5,973.8,972.1,972.5,151695
1778732700,972.5,972.6,971.1,972.2,253902
1778733000,972.0,973.6,970.7,972.8,363935
1778733300,972.8,973.5,971.0,972.6,163647
1778733600,972.6,973.5,971.8,973.3,153942
1778733900,973.3,973.8,972.0,973.8,116521
1778734200,973.9,974.0,971.3,971.9,141494
1778734500,971.9,973.0,971.6,972.1,83542
1778734800,972.3,972.9,972.0,972.9,83802
1778735100,972.9,973.3,971.6,971.7,114091
1778735400,972.0,972.9,970.1,970.1,204489
1778735700,970.3,970.4,966.1,966.3,505631
1778736000,966.3,968.6,965.4,967.2,264578
1778736300,967.2,967.3,963.6,963.8,326313
1778736600,963.8,965.0,963.7,964.8,124267
1778736900,964.7,965.6,964.6,965.4,94138
1778737200,965.4,967.8,965.0,967.5,151307
1778737500,967.5,971.2,967.2,971.0,215213
1778737800,971.2,972.1,970.2,971.7,261035
1778738100,971.5,973.0,970.1,972.2,263469
1778738400,972.2,975.9,972.0,975.2,392796
1778738700,975.3,976.5,974.8,976.5,341417
1778739000,976.5,978.9,975.4,977.0,440848
1778739300,977.4,979.3,976.1,978.4,310461
1778739600,978.6,979.3,977.5,977.7,224275
1778739900,977.7,979.0,976.6,978.6,166896
1778740200,978.6,979.0,976.2,976.8,224281
1778740500,976.8,977.6,976.2,976.7,134269
1778740800,976.8,978.6,976.3,978.3,164490
1778741100,978.4,986.5,977.9,982.1,759389
1778741400,982.0,982.9,980.3,982.6,180218
1778741700,982.6,983.0,981.1,981.6,149286
1778742000,981.6,982.9,981.1,981.9,129348
1778742300,982.0,983.7,981.6,983.4,195466
1778742600,983.5,985.3,983.0,985.0,267311
1778742900,985.0,986.0,984.0,984.9,291844
1778743200,984.8,984.8,981.8,982.6,186703
1778743500,982.7,985.0,982.4,983.5,157033
1778743800,983.5,986.4,983.5,986.0,272367
1778744100,986.0,987.0,985.1,985.2,178766
1778744400,985.4,985.9,984.0,985.2,142667
1778744700,985.6,986.0,984.5,985.0,106807
1778745000,985.2,985.6,983.6,983.6,127924
1778745300,983.7,984.2,983.0,983.0,140117
1778745600,983.0,983.9,982.3,983.5,141553
1778745900,983.2,985.0,982.6,983.1,145233
1778746200,982.9,983.9,982.7,983.4,77720
1778746500,983.8,984.0,982.4,982.8,112764
1778746800,982.9,983.1,980.7,982.2,143879
1778747100,982.2,982.8,981.0,982.8,85703
1778747400,982.8,984.1,982.5,983.8,101581
1778747700,983.8,985.2,983.6,984.6,129329
1778748000,984.6,986.0,984.0,984.0,158147
1778748300,984.1,985.0,982.0,982.0,154768
1778748600,982.0,983.9,982.0,982.8,113847
1778748900,983.0,983.4,982.7,982.9,115559
1778749200,982.9,983.9,981.7,983.0,253839
1778749500,983.2,983.4,981.3,981.7,203446
1778749800,981.8,981.9,980.5,981.1,171705
1778750100,981.3,981.8,979.0,979.1,211456
1778750400,979.0,980.5,978.8,980.0,320617
1778750700,980.1,982.0,979.7,981.5,156341
1778751000,981.5,981.6,978.5,980.5,349413
1778751300,980.9,981.0,978.4,978.4,359594
1778751600,979.0,980.1,978.4,979.4,374806
1778751900,979.3,980.1,978.6,979.7,220095
1778752200,979.7,980.0,979.5,980.0,256283
1778752500,980.0,982.4,979.5,982.3,323985
1778816700,971.2,972.4,957.0,965.8,2350988
1778817000,965.6,966.3,963.3,965.4,699007
1778817300,965.1,970.9,964.3,970.6,737531
1778817600,970.5,971.8,966.6,969.5,1213587
1778817900,969.5,970.0,966.9,969.4,540184
1778818200,969.7,970.2,968.4,969.6,385102
1778818500,969.5,970.5,967.5,968.2,263623
1778818800,968.3,970.8,967.8,969.1,273005
1778819100,969.2,970.5,969.0,969.3,182717
1778819400,969.0,969.1,966.1,968.5,401150
1778819700,968.5,968.7,966.5,966.7,166919
1778820000,966.6,967.6,966.5,966.9,118156
1778820300,966.9,968.6,966.7,968.1,267095
1778820600,968.0,969.1,967.1,968.9,332947
1778820900,968.7,969.4,966.0,967.3,266029
1778821200,967.1,969.5,967.0,969.0,288111
1778821500,968.9,969.3,967.3,967.9,476388
1778821800,967.8,968.7,967.5,968.6,251179
1778822100,968.6,968.7,968.0,968.1,73838
1778822400,968.1,968.8,967.0,968.7,93033
1778822700,968.6,968.7,967.5,967.8,44359
1778823000,967.8,969.2,966.5,967.5,1029523
1778823300,967.2,967.4,965.0,966.1,654358
1778823600,966.0,968.0,965.8,966.4,377705
1778823900,966.2,968.0,965.4,967.7,311081
1778824200,967.3,967.7,966.5,967.0,96295
1778824500,967.1,967.9,966.5,967.1,188259
1778824800,966.9,968.5,966.1,968.1,208793
1778825100,968.1,969.8,967.0,969.8,242890
1778825400,969.7,970.0,967.0,968.8,338752
1778825700,969.1,969.7,968.3,969.4,908897
1778826000,969.2,969.6,968.1,969.4,116726
1778826300,969.4,970.5,968.4,970.2,188831
1778826600,970.1,971.0,969.6,970.1,149953
1778826900,970.2,970.5,968.8,969.9,418320
1778827200,969.7,970.2,969.4,969.9,119986
1778827500,969.8,970.0,968.0,968.5,125819
1778827800,968.2,968.8,967.7,968.7,84930
1778828100,968.4,969.2,967.5,967.7,86556
1778828400,967.6,968.5,967.2,968.4,74250
1778828700,968.4,968.9,967.8,968.5,85463
1778829000,968.5,969.7,968.1,969.2,85852
1778829300,969.2,970.7,969.2,970.6,187053
1778829600,970.3,972.0,970.3,971.8,221066
1778829900,971.7,972.5,971.5,972.0,144961
1778830200,972.0,972.4,971.6,971.8,95027
1778830500,971.9,971.9,969.0,969.7,194460
1778830800,969.7,970.5,969.3,970.0,82842
1778831100,970.4,970.8,970.0,970.7,84009
1778831400,970.8,971.5,970.4,971.0,102014
1778831700,971.0,971.4,970.5,970.7,104758
1778832000,970.8,971.0,969.7,970.0,183031
1778832300,970.4,970.4,965.2,966.4,1313892
1778832600,966.4,967.5,964.2,967.4,329683
1778832900,967.5,967.8,965.5,965.7,181870
1778833200,965.7,967.5,965.1,967.1,283948
1778833500,966.8,967.5,965.1,965.9,208239
1778833800,965.7,966.4,965.0,965.8,282790
1778834100,966.0,966.8,965.1,966.8,314514
1778834400,966.8,967.0,966.0,966.9,136343
1778834700,966.7,967.2,966.0,966.8,253958
1778835000,966.5,967.1,965.9,967.0,296601
1778835300,967.0,967.0,966.0,966.4,303902
1778835600,966.5,967.2,965.0,965.7,473673
1778835900,965.7,966.7,962.3,964.6,572279
1778836200,964.5,966.1,963.8,965.1,389031
1778836500,965.1,965.1,963.0,963.0,333562
1778836800,963.0,965.0,962.0,963.9,1283803
1778837100,963.7,965.0,962.4,964.7,446474
1778837400,964.5,965.6,963.7,965.6,368443
1778837700,965.5,965.6,963.0,963.2,349048
1778838000,963.2,963.6,962.9,963.0,375532
1778838300,963.0,963.6,962.0,963.5,532064
1778838600,963.6,964.1,962.0,962.4,497342
1778838900,962.1,963.0,960.2,961.6,501126
1779075900,952.0,954.9,944.4,949.0,710371
1779076200,948.5,949.0,946.5,948.0,219089
1779076500,947.9,948.0,943.8,944.4,354097
1779076800,944.4,945.8,942.6,943.6,285617
1779077100,943.6,944.4,941.5,942.0,236243
1779077400,942.1,942.5,941.0,941.9,226210
1779077700,941.7,942.2,938.5,939.5,436235
1779078000,939.5,939.7,935.4,935.9,420422
1779078300,935.9,936.1,933.9,935.9,395787
1779078600,935.8,936.8,935.0,935.1,263516
1779078900,935.4,937.7,934.5,937.5,259704
1779079200,937.2,939.2,937.0,938.5,288935
1779079500,938.5,939.5,937.9,939.4,128887
1779079800,939.4,940.2,938.0,939.0,278780
1779080100,939.1,939.9,938.0,939.1,179151
1779080400,939.2,939.7,936.0,939.5,191319
1779080700,939.6,940.1,937.9,938.0,183365
1779081000,938.0,938.0,936.4,937.0,102207
1779081300,937.1,937.8,936.5,936.6,95655
1779081600,936.6,938.4,936.5,938.2,68322
1779081900,938.2,938.9,937.9,938.5,112743
1779082200,938.5,938.9,937.5,937.8,77969
1779082500,937.9,940.0,937.5,938.9,106604
1779082800,938.8,939.0,938.0,938.0,67597
1779083100,938.1,939.3,937.6,938.7,91824
1779083400,938.7,939.2,937.5,939.1,109223
1779083700,939.0,939.5,936.0,936.7,295371
1779084000,936.8,938.1,936.4,936.8,191256
1779084300,937.0,938.5,936.4,938.3,170026
1779084600,938.3,938.3,936.1,936.5,152022
1779084900,936.5,936.7,935.2,936.2,180583
1779085200,936.3,936.7,936.0,936.4,105654
1779085500,936.3,936.9,935.1,935.1,122822
1779085800,935.2,936.4,935.0,936.2,230955
1779086100,936.2,936.6,935.8,936.2,78530
1779086400,936.2,937.9,936.1,937.7,153364
1779086700,937.7,938.0,937.0,937.0,67435
1779087000,937.1,937.7,936.4,937.2,78733
1779087300,937.3,938.6,937.1,938.3,158647
1779087600,938.3,939.7,938.3,939.2,204530
1779087900,939.4,940.0,939.1,939.1,162895
1779088200,939.3,939.5,937.0,937.8,160970
1779088500,937.9,938.5,937.2,938.1,90385
1779088800,938.2,939.2,938.0,939.1,142758
1779089100,939.1,941.9,939.0,941.9,302922
1779089400,942.0,943.6,941.9,942.3,285630
1779089700,942.3,942.4,940.6,941.1,249534
1779090000,941.0,941.4,939.4,940.7,212584
1779090300,940.6,941.8,940.6,941.5,116466
1779090600,941.6,941.7,939.6,940.9,128511
1779090900,941.0,941.5,940.4,941.1,135574
1779091200,941.0,941.9,940.9,941.6,108123
1779091500,941.7,941.9,940.0,940.5,123440
1779091800,940.5,941.3,940.2,940.9,94810
1779092100,941.0,941.1,940.0,941.0,105457
1779092400,941.0,941.8,940.8,941.6,102867
1779092700,941.7,942.0,940.4,941.2,127606
1779093000,941.2,943.1,940.7,942.0,268398
1779093300,942.1,942.3,940.4,941.4,169979
1779093600,941.5,942.1,940.9,941.9,173271
1779093900,941.9,941.9,940.7,941.1,132962
1779094200,941.0,941.7,940.3,940.9,227586
1779094500,940.9,941.2,940.0,941.0,232428
1779094800,941.0,941.1,940.0,940.3,158681
1779095100,940.5,940.7,939.2,939.4,178000
1779095400,939.3,940.8,939.0,940.7,226182
1779095700,940.8,940.8,938.0,938.0,234331
1779096000,938.1,938.6,937.3,938.3,378517
1779096300,938.3,939.0,937.5,938.5,330328
1779096600,938.5,943.6,938.5,942.2,812894
1779096900,941.9,942.5,939.0,939.5,415414
1779097200,939.5,939.6,937.9,938.5,434593
1779097500,938.4,938.5,937.1,937.7,463648
1779097800,937.6,938.6,937.4,938.0,483990
1779098100,938.0,938.8,937.0,938.8,391117
1779162300,942.0,945.4,941.5,944.9,552864
1779162600,945.0,945.0,940.6,943.9,376756
1779162900,943.8,944.3,941.7,944.3,413615
1779163200,944.0,944.5,941.5,941.6,304626
1779163500,941.5,944.8,939.5,944.4,579944
1779163800,944.4,947.3,944.3,946.0,364855
1779164100,946.2,946.7,944.7,945.5,185736
1779164400,945.2,946.3,945.0,945.9,211871
1779164700,945.9,946.4,943.7,944.5,232011
1779165000,944.6,946.5,944.5,946.3,173905
1779165300,946.3,947.6,945.9,947.0,243427
1779165600,946.5,948.4,946.5,947.9,179779
1779165900,948.1,949.0,946.7,946.7,220744
1779166200,946.7,947.3,946.4,947.0,149100
1779166500,947.1,948.0,947.0,947.0,93657
1779166800,947.4,947.7,946.2,946.9,164287
1779167100,947.1,948.1,946.5,948.0,130296
1779167400,948.1,950.0,947.7,949.9,351972
1779167700,949.9,950.5,948.0,949.6,250046
1779168000,949.2,950.0,947.0,948.3,209525
1779168300,948.2,949.7,948.0,949.6,214027
1779168600,949.2,949.7,947.2,948.0,88188
1779168900,948.1,948.1,947.0,947.5,100358
1779169200,947.5,948.5,947.2,947.5,238950
1779169500,947.6,948.0,946.4,947.3,135640
1779169800,947.3,947.8,946.8,947.4,65263
1779170100,947.3,947.8,946.5,947.8,92003
1779170400,947.8,948.0,946.5,946.6,148786
1779170700,946.5,946.9,945.6,946.7,175931
1779171000,946.8,947.5,946.4,946.8,128973
1779171300,947.1,947.1,945.1,946.4,273693
1779171600,946.5,946.5,945.7,946.5,85913
1779171900,946.4,947.2,945.6,946.3,112450
1779172200,946.3,946.4,945.1,945.7,158628
1779172500,945.7,946.1,944.8,945.0,306857
1779172800,945.1,946.9,945.0,946.5,108694
1779173100,946.8,946.8,945.3,946.5,109498
1779173400,946.4,947.1,946.0,946.6,109073
1779173700,946.5,947.4,946.0,947.1,182241
1779174000,947.2,947.4,946.8,947.1,67960
1779174300,947.0,948.3,946.5,948.3,114445
1779174600,948.3,948.4,947.3,948.2,130142
1779174900,948.3,948.8,947.7,948.0,130288
1779175200,948.2,948.2,947.0,947.8,163382
1779175500,948.1,948.6,947.3,948.0,104947
1779175800,948.0,948.3,947.0,947.3,110409
1779176100,947.3,948.7,947.0,948.2,141464
1779176400,948.3,948.8,948.0,948.4,72580
1779176700,948.5,949.0,947.6,948.9,126761
1779177000,948.9,949.0,948.1,948.7,90447
1779177300,948.6,948.9,948.1,948.2,126080
1779177600,948.3,949.5,948.2,949.3,160524
1779177900,949.4,949.5,946.1,947.5,312881
1779178200,947.4,947.8,946.7,947.1,118284
1779178500,947.1,947.9,946.9,946.9,176395
1779178800,946.6,947.2,946.4,946.9,203733
1779179100,946.7,947.3,945.9,947.0,271437
1779179400,947.1,947.9,946.5,947.7,177417
1779179700,947.7,948.4,947.2,947.2,178491
1779180000,947.2,952.4,947.0,952.2,454309
1779180300,952.3,956.6,952.2,954.2,765216
1779180600,954.4,955.1,952.8,953.4,344285
1779180900,953.4,954.5,952.5,953.1,362359
1779181200,953.1,954.3,953.0,954.0,183395
1779181500,954.4,954.5,952.3,952.5,187522
1779181800,952.3,952.7,949.0,949.7,296832
1779182100,949.7,949.8,948.1,949.6,223533
1779182400,949.4,950.6,948.7,949.0,240839
1779182700,949.0,950.5,948.9,950.1,124147
1779183000,949.9,950.8,948.9,949.4,637445
1779183300,949.2,950.6,948.4,948.7,714297
1779183600,948.6,948.7,947.9,948.5,326545
1779183900,948.5,948.7,947.4,947.9,346040
1779184200,947.9,948.6,947.2,948.5,515969
1779184500,948.5,948.5,947.0,947.1,315122
1779248700,941.1,941.4,935.0,938.9,555866
1779249000,938.9,938.9,935.6,937.9,373866
1779249300,937.5,938.7,937.4,938.1,143522
1779249600,938.3,938.4,937.1,938.2,171071
1779249900,938.2,938.4,936.1,937.3,147645
1779250200,937.3,937.5,935.4,937.1,179631
1779250500,937.1,937.9,936.4,937.2,163277
1779250800,937.0,938.1,937.0,937.9,105012
1779251100,937.9,938.8,936.9,938.8,140542
1779251400,938.7,939.0,937.1,938.1,136855
1779251700,937.7,938.1,936.8,937.4,64807
1779252000,937.3,938.9,936.8,938.5,97900
1779252300,938.5,939.4,938.0,939.1,139653
1779252600,938.9,939.3,938.0,938.2,94069
1779252900,938.0,939.8,937.7,939.6,128171
1779253200,939.6,943.2,939.3,942.5,380950
1779253500,942.5,943.7,941.5,941.5,134478
1779253800,941.9,942.0,941.0,941.2,128137
1779254100,941.5,941.5,940.2,940.7,207716
1779254400,940.6,942.9,940.4,942.6,84574
1779254700,942.6,945.8,942.0,945.6,324771
1779255000,945.6,949.4,945.6,948.2,376051
1779255300,948.5,950.2,947.2,949.1,423236
1779255600,949.0,950.0,948.1,948.5,152790
1779255900,948.2,949.7,948.0,948.8,145333
1779256200,948.5,950.4,948.3,949.0,156489
1779256500,949.2,950.1,948.9,949.7,119599
1779256800,949.8,950.7,948.0,948.9,147526
1779257100,948.9,949.5,947.5,948.4,294675
1779257400,948.4,948.4,946.2,946.5,264446
1779257700,946.6,947.7,946.3,947.0,96264
1779258000,947.0,947.8,946.3,947.5,85028
1779258300,947.5,948.0,946.6,946.9,56432
1779258600,946.9,947.5,945.9,946.0,102027
1779258900,946.2,946.4,945.2,946.1,83205
1779259200,946.1,946.4,945.1,945.6,60532
1779259500,945.4,946.5,945.3,945.7,40244
1779259800,945.7,947.8,945.5,947.7,71562
1779260100,947.7,947.7,946.0,946.1,78119
1779260400,946.5,947.2,946.1,946.6,50981
1779260700,946.4,947.5,946.3,946.8,56312
1779261000,947.1,947.4,946.3,946.9,92018
1779261300,946.9,947.0,945.3,946.5,75389
1779261600,946.6,947.9,946.3,947.8,81377
1779261900,947.8,949.5,947.6,948.7,116213
1779262200,948.7,949.5,947.9,948.3,112698
1779262500,948.4,948.6,946.1,947.1,52383
1779262800,947.0,947.8,946.5,947.0,44583
1779263100,946.7,947.4,946.0,946.1,69215
1779263400,946.0,946.9,946.0,946.2,48099
1779263700,946.4,947.3,945.2,945.4,54951
1779264000,945.4,947.0,945.2,946.9,55764
1779264300,946.8,948.3,946.2,947.3,77577
1779264600,947.3,947.6,946.4,947.0,36234
1779264900,947.3,947.5,946.9,947.5,53511
1779265200,947.5,948.0,946.8,947.9,46152
1779265500,948.0,949.2,947.5,949.2,60037
1779265800,949.3,950.7,949.0,949.4,160748
1779266100,949.5,952.3,949.0,952.1,238035
1779266400,952.0,952.7,951.1,951.2,234238
1779266700,951.1,951.9,951.0,951.3,87992
1779267000,951.3,954.4,951.1,954.0,256630
1779267300,954.2,954.2,952.5,953.4,93326
1779267600,953.7,955.0,952.6,953.1,151298
1779267900,953.1,953.5,952.2,953.0,77242
1779268200,953.0,953.5,952.4,953.3,72268
1779268500,953.3,953.4,952.3,952.8,114898
1779268800,952.8,953.0,952.1,952.4,144371
1779269100,952.4,952.6,951.6,952.2,206114
1779269400,952.2,952.3,950.1,950.7,253975
1779269700,950.7,952.0,950.3,952.0,326650
1779270000,952.0,952.3,950.7,951.2,297842
1779270300,951.2,951.9,950.0,950.8,449313
1779270600,950.8,951.5,949.7,951.0,420203
1779270900,950.8,951.2,949.6,950.0,448450
1779335100,957.0,960.9,955.5,956.0,403690
1779335400,956.3,956.8,954.3,954.7,239938
1779335700,955.4,957.4,954.5,954.8,122960
1779336000,954.8,955.4,953.0,953.5,176045
1779336300,953.6,955.7,953.3,954.8,135421
1779336600,955.0,955.5,953.8,954.8,93580
1779336900,954.7,955.4,954.1,954.4,95929
1779337200,954.1,955.7,954.1,955.7,79077
1779337500,955.5,955.7,953.2,953.7,100851
1779337800,953.7,954.7,953.5,954.3,58064
1779338100,954.3,954.3,952.2,953.1,103952
1779338400,953.1,954.0,952.5,953.4,76695
1779338700,953.1,954.0,953.0,953.5,54958
1779339000,953.4,954.5,953.2,954.5,108071
1779339300,954.4,956.9,954.4,956.4,156942
1779339600,956.4,957.0,955.5,956.1,133487
1779339900,956.0,956.4,955.0,955.7,148421
1779340200,955.8,957.6,955.5,957.3,150267
1779340500,957.2,958.0,956.5,957.1,190645
1779340800,957.1,957.7,956.5,957.4,82910
1779341100,957.5,957.9,955.6,955.7,125424
1779341400,955.8,956.0,954.6,954.6,114023
1779341700,954.9,955.0,953.8,954.5,108028
1779342000,954.7,954.9,953.3,953.5,97783
1779342300,953.3,953.5,951.2,952.7,199999
1779342600,952.4,954.3,952.2,954.2,70123
1779342900,954.3,955.5,953.9,955.0,76307
1779343200,955.3,955.4,953.3,953.5,85427
1779343500,953.5,953.7,951.5,951.8,130739
1779343800,951.8,952.3,951.6,952.0,74278
1779344100,951.9,952.3,951.1,951.4,73246
1779344400,951.4,952.4,951.2,951.5,68015
1779344700,951.4,952.5,951.2,952.1,68884
1779345000,952.4,953.2,952.0,952.4,53243
1779345300,952.4,952.7,951.5,952.3,63622
1779345600,952.1,952.9,951.3,951.7,71080
1779345900,951.5,951.6,949.4,950.4,219783
1779346200,950.4,951.7,950.3,950.3,115517
1779346500,950.2,950.6,948.0,949.4,174107
1779346800,949.2,950.3,948.3,949.9,71840
1779347100,949.8,950.0,948.2,948.7,131036
1779347400,949.1,950.0,948.1,949.7,132999
1779347700,949.5,950.0,948.5,949.6,76862
1779348000,949.7,950.8,949.7,950.4,50168
1779348300,950.5,950.6,948.5,949.1,60105
1779348600,949.3,949.3,946.5,948.7,160663
1779348900,948.5,949.3,947.7,948.7,63363
1779349200,949.0,949.7,948.5,949.1,58218
1779349500,948.9,949.7,948.1,948.9,121738
1779349800,948.7,949.3,948.0,948.2,67143
1779350100,948.5,948.5,947.1,947.8,89851
1779350400,948.1,949.2,947.1,949.2,75183
1779350700,949.3,950.6,949.0,950.5,87082
1779351000,950.4,952.0,950.2,951.2,94285
1779351300,951.5,952.5,951.2,951.7,68272
1779351600,951.2,951.7,950.3,951.0,59895
1779351900,951.4,952.0,950.7,951.8,40388
1779352200,951.6,951.7,950.0,950.4,57434
1779352500,950.3,951.4,950.1,950.6,56243
1779352800,950.5,951.8,950.2,951.2,169634
1779353100,951.2,951.2,950.1,950.7,87682
1779353400,950.6,952.9,950.6,952.8,377800
1779353700,952.8,953.3,952.4,952.4,235248
1779354000,952.4,952.9,952.0,952.4,319539
1779354300,952.4,952.9,952.3,952.3,168974
1779354600,952.5,953.3,951.1,951.7,159499
1779354900,951.8,952.7,951.3,951.8,113910
1779355200,951.8,953.5,951.6,952.7,292731
1779355500,952.6,953.2,951.5,952.5,356891
1779355800,952.4,953.4,949.7,953.4,622586
1779356100,953.3,953.8,950.5,951.1,853543
1779356400,951.1,952.6,949.5,949.6,536018
1779356700,949.9,950.3,949.1,949.9,390943
1779357000,949.7,950.9,949.7,950.0,366122
1779357300,950.0,950.2,949.6,949.9,320054
1779421500,950.9,955.7,950.9,955.0,198835
1779421800,955.6,957.0,955.0,956.4,137481
1779422100,956.2,957.0,955.7,955.7,112632
1779422400,955.7,958.2,955.7,957.9,138102
1779422700,958.0,958.0,956.6,956.9,82096
1779423000,956.5,957.5,956.0,957.0,103901
1779423300,956.9,957.7,956.4,957.0,65087
1779423600,956.9,958.1,956.4,957.0,94604
1779423900,957.0,957.1,955.5,956.7,78257
1779424200,956.5,956.9,955.8,956.8,79070
1779424500,956.7,958.0,956.2,957.7,76206
1779424800,957.7,958.6,957.5,957.9,105577
1779425100,958.0,958.1,956.3,956.7,64456
1779425400,956.3,956.7,953.8,953.8,312344
1779425700,953.9,954.5,953.5,953.7,138309
1779426000,953.8,954.9,953.7,954.5,78134
1779426300,954.5,954.7,953.5,953.8,103123
1779426600,954.2,955.3,953.6,954.9,127261
1779426900,954.9,955.5,954.3,954.9,53723
1779427200,954.8,955.0,954.1,955.0,52670
1779427500,955.0,955.0,954.0,954.1,40106
1779427800,954.2,954.3,953.6,954.3,43807
1779428100,954.1,954.3,952.6,953.0,55890
1779428400,953.0,953.7,952.6,953.7,87184
1779428700,953.7,953.7,952.1,952.4,55154
1779429000,952.6,954.0,952.2,953.9,100837
1779429300,953.9,954.1,952.1,952.2,78578
1779429600,951.9,952.6,951.5,952.6,121471
1779429900,952.5,952.6,952.1,952.5,24637
1779430200,952.5,953.7,952.2,953.7,61670
1779430500,953.6,954.7,953.2,954.4,79150
1779430800,954.5,954.6,953.6,953.6,36273
1779431100,953.7,953.8,953.2,953.8,21081
1779431400,953.8,953.8,953.2,953.3,17919
1779431700,953.6,953.9,953.2,953.4,22136
1779432000,953.4,954.2,953.2,953.5,65478
1779432300,953.5,954.1,953.3,953.3,34044
1779432600,953.6,953.6,952.0,952.0,66672
1779432900,951.9,952.5,951.2,952.2,97916
1779433200,952.1,952.5,951.6,952.3,43192
1779433500,952.3,952.7,952.0,952.6,33272
1779433800,952.5,953.2,952.0,952.6,69213
1779434100,952.6,953.0,952.1,953.0,33248
1779434400,953.0,954.2,952.8,953.8,101135
1779434700,953.8,953.8,952.3,952.7,51669
1779435000,952.5,953.3,952.2,952.4,65547
1779435300,952.3,952.9,952.1,952.2,39492
1779435600,952.3,954.0,952.1,953.5,162741
1779435900,953.6,953.8,953.2,953.5,49659
1779436200,953.6,953.6,951.3,952.6,313007
1779436500,952.1,953.1,952.0,953.0,74730
1779436800,952.9,953.3,952.6,953.3,55231
1779437100,953.3,953.4,952.6,952.8,54304
1779437400,952.9,953.3,952.5,953.1,113699
1779437700,953.0,954.0,952.7,953.1,91032
1779438000,953.2,953.8,952.7,952.8,42100
1779438300,953.0,953.7,952.2,953.2,93884
1779438600,953.5,953.5,952.0,952.1,47001
1779438900,951.8,952.3,950.2,952.0,118033
1779439200,952.0,952.0,951.3,951.7,49077
1779439500,951.8,952.0,950.6,950.6,47855
1779439800,950.8,951.2,950.1,951.0,79971
1779440100,950.6,951.0,950.1,950.2,85889
1779440400,950.2,950.2,948.7,949.9,210420
1779440700,950.0,950.0,949.1,949.9,102003
1779441000,949.9,950.0,948.1,948.6,95650
1779441300,948.7,949.3,948.2,949.0,82588
1779441600,949.2,950.0,948.8,949.7,97996
1779441900,949.8,950.0,949.0,949.6,99816
1779442200,949.5,949.6,947.7,948.7,286465
1779442500,948.7,949.5,948.1,948.3,223890
1779442800,948.2,949.5,947.7,949.1,366932
1779443100,948.6,949.8,948.6,949.5,338813
1779443400,949.1,950.0,949.0,949.9,338018
1779443700,949.7,950.6,949.4,949.6,317119
1779680700,959.9,963.3,958.0,960.6,579839
1779681000,960.5,962.5,959.4,961.7,390424
1779681300,961.9,962.0,960.7,961.4,332080
1779681600,961.4,962.3,960.0,960.5,423972
1779681900,960.5,962.3,959.9,960.6,561711
1779682200,960.9,960.9,959.4,960.0,150945
1779682500,960.0,960.4,958.5,959.0,146796
1779682800,959.0,959.3,957.5,959.1,157827
1779683100,959.2,959.3,958.4,958.9,68487
1779683400,958.9,961.6,958.8,961.2,147896
1779683700,961.5,963.8,961.2,962.5,285596
1779684000,962.5,962.5,961.5,961.7,163786
1779684300,961.9,962.0,960.7,961.2,110656
1779684600,961.4,961.5,960.4,960.8,81801
1779684900,960.8,961.1,960.1,960.7,66412
1779685200,960.8,962.5,960.3,962.2,156837
1779685500,962.2,962.5,961.2,961.4,145931
1779685800,961.4,962.0,961.2,961.2,120690
1779686100,961.4,963.0,961.2,962.1,162456
1779686400,962.4,962.5,961.5,962.2,73199
1779686700,962.4,962.4,961.5,961.7,44696
1779687000,961.6,963.1,961.5,962.8,192708
1779687300,962.9,963.0,961.7,962.2,63473
1779687600,962.2,962.6,961.9,962.5,77265
1779687900,962.6,964.6,962.2,964.2,202287
1779688200,964.4,964.5,963.3,963.9,100060
1779688500,963.9,964.5,963.1,964.1,105059
1779688800,964.4,964.4,962.7,962.8,85865
1779689100,963.0,964.5,962.7,964.3,106815
1779689400,964.3,964.6,963.0,963.6,131096
1779689700,963.8,964.6,963.4,964.5,242855
1779690000,964.5,964.5,963.4,963.9,79512
1779690300,963.9,963.9,963.3,963.6,54849
1779690600,963.7,963.7,963.1,963.2,54893
1779690900,963.2,963.3,961.7,961.7,115567
1779691200,961.9,962.3,961.7,961.8,42693
1779691500,961.8,962.0,961.7,961.9,50945
1779691800,962.0,962.4,961.8,962.3,55409
1779692100,962.4,962.4,961.8,962.0,40902
1779692400,961.9,962.2,961.8,962.0,36438
1779692700,962.0,962.6,960.2,960.3,127294
1779693000,960.3,961.3,960.1,961.0,65106
1779693300,961.1,961.2,960.0,960.3,80760
1779693600,960.2,960.9,959.6,960.6,133511
1779693900,960.6,960.9,959.9,960.8,73316
1779694200,960.8,962.0,960.5,961.2,73006
1779694500,961.5,961.5,960.7,960.7,30096
1779694800,960.9,961.1,960.3,960.5,59518
1779695100,960.5,961.2,960.2,961.2,53389
1779695400,961.2,961.3,961.0,961.3,49012
1779695700,961.3,961.9,961.1,961.7,70744
1779696000,961.8,962.1,961.4,961.6,71241
1779696300,961.8,961.8,961.0,961.1,51249
1779696600,961.3,961.3,960.0,960.2,53854
1779696900,960.4,961.1,960.1,960.6,44260
1779697200,960.7,961.6,960.5,960.8,80877
1779697500,960.8,960.8,960.1,960.3,40077
1779697800,960.4,961.5,960.2,961.3,64192
1779698100,961.4,961.4,960.7,961.0,38902
1779698400,961.0,961.1,960.2,960.6,56856
1779698700,960.6,961.0,960.3,960.7,53002
1779699000,960.7,960.7,960.1,960.3,52786
1779699300,960.3,961.0,960.1,960.7,82547
1779699600,960.7,960.7,960.1,960.5,62112
1779699900,960.5,961.2,960.4,960.9,102511
1779700200,961.0,962.7,960.8,962.4,140558
1779700500,962.5,966.4,962.4,965.3,414845
1779700800,965.4,965.9,965.1,965.5,130904
1779701100,965.4,967.6,965.3,967.4,255055
1779701400,967.4,968.6,967.0,968.4,290141
1779701700,968.6,968.6,967.6,968.2,255258
1779702000,968.2,969.8,967.9,969.6,480867
1779702300,969.7,971.0,969.4,970.5,420977
1779702600,970.8,971.3,970.2,970.6,300950
1779702900,971.1,972.5,970.4,972.3,296512
1779767100,969.9,976.8,968.0,975.7,1780507
1779767400,975.2,976.0,974.0,974.6,256306
1779767700,974.7,975.5,973.0,975.3,239150
1779768000,975.7,975.8,974.9,975.0,231642
1779768300,975.2,978.4,975.0,977.7,430150
1779768600,977.7,978.0,975.1,976.5,253452
1779768900,976.3,976.8,975.6,975.9,127813
1779769200,975.9,976.0,975.0,975.0,138283
1779769500,975.0,975.6,974.8,975.4,687012
1779769800,975.6,977.3,975.3,976.9,291039
1779770100,977.0,977.1,975.0,976.1,120727
1779770400,976.1,977.0,975.1,975.7,154058
1779770700,976.0,976.0,974.3,975.0,342487
1779771000,975.1,975.1,974.0,974.3,188926
1779771300,974.2,975.2,973.8,974.4,122065
1779771600,974.4,975.1,974.0,975.0,100291
1779771900,975.0,977.0,974.6,976.1,135867
1779772200,976.5,976.5,975.7,976.1,73978
1779772500,976.2,978.2,976.0,977.6,158388
1779772800,977.6,978.1,976.5,977.4,128025
1779773100,977.1,978.8,976.6,977.0,198881
1779773400,977.3,977.3,976.0,976.2,128774
1779773700,976.2,976.6,975.0,975.7,110485
1779774000,975.9,976.2,972.1,972.1,235741
1779774300,972.4,972.4,970.5,970.6,203085
1779774600,970.6,970.9,970.0,970.2,188040
1779774900,970.2,971.5,970.1,971.2,119083
1779775200,971.4,971.8,970.4,971.8,90173
1779775500,971.9,973.1,971.7,972.3,112559
1779775800,972.4,972.8,972.0,972.1,82068
1779776100,972.0,972.3,970.5,970.9,94038
1779776400,971.2,972.4,970.8,971.9,107326
1779776700,971.9,972.0,970.5,970.7,102575
1779777000,970.7,970.7,969.4,970.7,173894
1779777300,970.7,971.0,969.8,970.8,84676
1779777600,970.7,970.8,970.0,970.2,63962
1779777900,970.1,971.0,969.5,970.4,75529
1779778200,970.3,971.0,969.6,969.6,71997
1779778500,969.6,970.1,969.0,969.2,78667
1779778800,969.3,969.5,968.6,969.0,79550
1779779100,968.8,969.7,968.6,968.9,67749
1779779400,969.0,969.4,968.0,968.2,125762
1779779700,968.3,968.4,967.0,967.4,172306
1779780000,967.4,968.2,966.2,968.2,129038
1779780300,968.0,968.2,966.6,967.0,170690
1779780600,967.1,967.2,965.4,966.3,155165
1779780900,966.0,967.3,965.7,966.4,97786
1779781200,966.4,967.5,966.0,966.6,72414
1779781500,966.6,967.0,966.0,966.9,107998
1779781800,966.9,967.0,966.1,966.7,79038
1779782100,966.4,967.5,966.2,966.6,157466
1779782400,966.7,967.2,966.0,966.2,138334
1779782700,966.2,966.4,965.3,965.4,77534
1779783000,965.4,966.2,964.2,965.3,237283
1779783300,965.3,966.0,965.0,965.2,155211
1779783600,965.6,965.6,963.7,964.4,168436
1779783900,964.3,964.8,963.5,964.0,130112
1779784200,964.2,964.2,962.3,962.3,164553
1779784500,962.7,964.0,962.3,963.7,170170
1779784800,963.7,963.7,962.1,963.5,297119
1779785100,963.6,964.9,962.5,964.6,249325
1779785400,964.5,965.3,963.2,964.8,225079
1779785700,964.5,965.4,963.8,965.4,177904
1779786000,965.3,966.9,964.9,966.8,232916
1779786300,966.8,966.8,965.5,966.0,204072
1779786600,966.0,966.5,965.6,966.2,162508
1779786900,966.1,966.4,965.6,966.0,127950
1779787200,966.1,966.4,965.1,965.9,221888
1779787500,965.9,967.2,965.5,967.1,131887
1779787800,967.2,968.9,967.0,967.6,1034376
1779788100,967.6,968.8,967.4,968.2,624267
1779788400,968.2,969.1,967.9,969.1,498412
1779788700,969.1,969.2,968.4,969.0,492363
1779789000,969.0,969.4,968.6,969.1,431007
1779789300,969.2,969.8,969.1,969.8,179748
1779853500,969.8,973.0,968.6,972.0,367290
1779853800,972.1,974.5,971.2,972.0,180436
1779854100,972.0,972.5,970.2,970.8,96726
1779854400,970.3,971.2,969.6,971.2,134939
1779854700,971.0,971.5,969.1,970.7,165159
1779855000,970.3,970.8,969.3,970.7,70136
1779855300,970.7,970.7,967.7,969.7,162209
1779855600,969.6,969.6,968.1,969.1,60003
1779855900,969.2,969.9,968.8,969.9,42156
1779856200,969.0,970.9,968.0,970.9,85038
1779856500,971.0,973.8,970.6,972.9,183722
1779856800,973.0,974.5,972.3,974.2,152409
1779857100,973.8,975.9,973.5,975.3,210648
1779857400,975.2,975.3,971.4,972.1,243689
1779857700,972.0,972.9,971.5,971.7,84709
1779858000,971.9,972.4,970.6,971.8,99321
1779858300,971.9,973.2,971.6,972.0,95752
1779858600,971.8,972.0,970.5,971.0,52984
1779858900,970.6,971.0,969.6,970.9,186716
1779859200,970.9,972.4,970.8,972.0,49087
1779859500,972.2,972.7,970.7,971.6,142936
1779859800,971.6,971.9,969.7,970.2,79537
1779860100,970.1,971.3,970.0,971.2,53318
1779860400,971.1,971.3,970.3,970.9,25108
1779860700,970.8,971.9,970.6,971.7,42573
1779861000,971.8,972.0,971.0,971.5,35708
1779861300,971.6,971.8,970.8,971.0,45548
1779861600,971.1,971.5,970.3,971.4,121092
1779861900,971.4,971.5,970.0,970.1,80813
1779862200,970.2,971.0,970.1,970.2,42332
1779862500,970.2,970.9,969.2,969.6,95178
1779862800,969.6,969.8,969.0,969.1,56679
1779863100,969.0,969.7,968.5,969.0,73316
1779863400,969.1,969.7,968.6,969.7,39481
1779863700,969.7,970.8,969.0,970.8,53833
1779864000,970.6,970.8,969.7,970.0,61017
1779864300,969.9,971.5,969.9,971.5,85495
1779864600,971.4,971.6,970.3,971.2,97257
1779864900,971.2,971.6,970.0,970.2,57488
1779865200,970.4,971.5,970.3,971.3,69071
1779865500,971.3,972.0,971.0,971.6,58853
1779865800,971.4,971.9,970.5,970.8,62545
1779866100,971.0,971.0,970.2,970.9,32636
1779866400,970.7,970.9,969.1,969.7,59229
1779866700,969.7,970.3,969.2,969.6,40154
1779867000,969.6,969.6,968.2,969.1,75190
1779867300,969.1,970.1,968.8,969.6,57436
1779867600,969.5,970.3,969.3,969.9,59888
1779867900,970.0,970.0,969.0,969.1,59920
1779868200,969.0,969.8,968.6,969.4,57343
1779868500,969.2,969.8,968.7,969.3,79775
1779868800,969.3,969.9,969.2,969.7,32052
1779869100,969.8,970.0,969.0,969.3,45251
1779869400,969.4,969.7,968.5,968.9,43385
1779869700,969.0,969.6,968.0,968.8,88394
1779870000,968.6,969.6,968.3,969.3,48437
1779870300,969.5,970.0,969.2,969.8,49306
1779870600,969.8,970.6,969.6,970.2,92739
1779870900,970.3,970.5,969.2,969.7,105541
1779871200,969.7,969.8,968.4,968.4,146448
1779871500,968.4,969.4,968.2,968.9,84015
1779871800,968.9,969.8,968.6,969.6,102390
1779872100,969.6,969.7,968.5,969.4,92371
1779872400,969.3,969.3,968.7,968.7,61764
1779872700,968.7,969.5,968.5,969.2,120426
1779873000,969.2,969.5,968.5,968.9,98255
1779873300,969.0,969.4,968.5,969.0,69704
1779873600,968.9,969.3,967.3,967.8,257069
1779873900,967.9,969.0,967.6,968.7,125037
1779874200,968.9,968.9,966.6,967.9,228591
1779874500,968.0,968.4,967.2,968.2,356664
1779874800,968.3,968.5,967.4,968.0,374229
1779875100,968.0,968.4,966.9,967.9,389314
1779875400,967.9,968.0,967.4,967.5,151771
1779875700,967.6,967.9,966.8,967.3,172580
1780026300,967.8,972.7,967.8,972.1,503460
1780026600,972.0,973.7,970.7,972.6,516549
1780026900,972.4,972.4,968.0,968.8,315926
1780027200,968.8,971.0,968.5,969.2,157369
1780027500,969.3,970.6,967.8,968.6,188481
1780027800,969.1,969.5,966.5,967.0,197695
1780028100,966.9,968.2,966.6,967.5,103153
1780028400,967.6,967.7,966.6,966.7,102533
1780028700,966.6,966.6,965.6,966.2,121968
1780029000,966.3,967.7,966.0,967.5,103478
1780029300,967.3,969.5,967.3,968.3,204748
1780029600,968.3,969.7,968.0,969.7,168700
1780029900,969.4,969.8,969.1,969.2,70957
1780030200,969.2,970.8,969.1,970.4,226642
1780030500,970.4,970.8,969.2,969.5,100870
1780030800,969.5,969.5,968.0,968.5,80084
1780031100,968.4,969.7,967.8,967.8,151475
1780031400,967.9,967.9,966.3,966.4,139379
1780031700,966.3,966.3,965.0,966.1,201930
1780032000,965.9,966.7,965.6,966.1,72387
1780032300,966.2,967.2,966.0,967.1,62250
1780032600,967.2,967.4,967.0,967.1,57468
1780032900,967.2,967.3,966.4,966.6,55119
1780033200,966.6,966.6,965.0,965.8,120627
1780033500,965.8,966.9,965.6,966.4,112725
1780033800,966.4,967.2,966.2,966.8,57847
1780034100,966.8,966.8,966.1,966.1,40408
1780034400,966.1,966.4,965.6,966.2,683565
1780034700,966.2,967.5,966.1,967.1,145854
1780035000,967.1,969.0,966.7,968.6,93382
1780035300,968.7,969.9,968.4,969.9,137501
1780035600,969.9,970.0,969.3,969.4,174950
1780035900,969.3,969.4,968.5,968.7,90026
1780036200,968.7,969.0,968.0,968.5,63311
1780036500,968.5,968.6,967.5,967.8,67610
1780036800,967.8,967.8,965.9,967.0,147799
1780037100,966.8,967.4,965.7,966.6,98861
1780037400,966.6,967.1,966.2,967.0,57960
1780037700,967.0,968.1,966.9,968.1,56856
1780038000,968.1,968.4,968.0,968.1,68368
1780038300,968.0,968.5,967.5,967.8,113842
1780038600,967.8,968.0,967.6,967.8,49863
1780038900,967.8,967.9,967.2,967.5,81973
1780039200,967.4,967.6,965.8,966.0,101085
1780039500,966.0,967.3,965.8,967.0,251233
1780039800,966.7,967.0,966.1,966.3,65442
1780040100,966.3,966.4,965.5,965.9,117042
1780040400,965.9,966.0,964.8,965.0,291192
1780040700,965.0,965.1,962.4,964.6,422537
1780041000,964.6,965.5,964.3,964.7,108885
1780041300,965.0,965.6,964.1,964.2,103187
1780041600,964.2,964.8,963.7,963.9,82312
1780041900,963.7,963.9,962.7,963.2,104005
1780042200,963.1,963.5,962.8,963.5,163386
1780042500,963.4,963.9,962.8,963.0,104965
1780042800,963.1,963.1,961.1,961.1,171251
1780043100,961.3,962.9,961.1,962.4,111260
1780043400,962.4,962.4,961.2,961.2,81931
1780043700,961.2,962.5,960.3,962.0,140881
1780044000,962.0,962.1,961.2,961.6,77834
1780044300,961.6,962.3,960.8,961.3,123690
1780044600,961.5,962.4,961.3,962.1,117184
1780044900,962.0,963.6,961.7,963.3,209267
1780045200,963.5,965.0,963.4,964.2,181788
1780045500,964.2,964.6,963.7,964.2,100974
1780045800,964.1,965.5,963.8,965.0,175482
1780046100,964.9,967.0,964.4,967.0,238239
1780046400,967.0,967.0,965.2,965.6,151238
1780046700,965.6,965.7,963.8,964.8,181240
1780047000,965.0,968.5,964.4,964.7,2688021
1780047300,964.6,965.7,961.7,962.6,2247788
1780047600,962.8,964.0,962.0,962.5,1654800
1780047900,962.5,965.2,962.2,964.2,2131921
1780048200,964.4,965.9,963.5,963.5,1782915
1780048500,963.6,966.5,963.1,965.0,1372147
1780285500,966.25,970.25,962.35,968.7,496831
1780285800,969.0,969.5,966.4,967.3,465675
1780286100,967.3,967.4,965.0,965.15,156271
1780286400,965.15,967.0,965.05,965.6,164657
1780286700,965.55,966.55,963.15,965.95,192469
1780287000,966.4,967.5,963.6,963.65,132525
1780287300,964.2,965.0,964.0,965.0,162487
1780287600,964.85,966.9,964.85,966.0,173491
1780287900,965.8,966.3,963.2,963.55,106774
1780288200,963.55,964.05,962.1,963.55,172371
1780288500,963.5,964.9,963.4,964.45,97000
1780288800,964.6,964.8,963.2,964.0,118281
1780289100,964.0,966.25,964.0,965.55,353643
1780289400,965.55,965.55,962.2,962.3,122326
1780289700,962.35,963.0,961.05,961.4,163551
1780290000,961.45,961.8,960.0,960.5,152301
1780290300,960.5,961.0,959.7,961.0,78462
1780290600,961.0,961.9,960.1,960.1,80969
1780290900,960.3,963.0,959.9,962.95,156461
1780291200,962.9,963.8,961.8,963.8,81021
1780291500,963.5,963.8,962.3,962.45,76577
1780291800,962.35,963.75,962.35,963.45,63613
1780292100,963.45,964.9,963.2,964.9,55813
1780292400,964.9,965.4,964.1,965.4,80885
1780292700,965.25,967.8,964.85,966.9,257648
1780293000,966.85,966.9,965.1,965.45,109284
1780293300,965.35,965.65,962.55,962.8,156071
1780293600,962.8,963.0,960.0,961.15,169790
1780293900,961.15,963.9,960.65,963.9,172099
1780294200,963.75,964.2,961.5,962.05,99644
1780294500,962.05,962.55,961.2,962.25,74335
1780294800,962.25,963.0,962.0,962.8,59624
1780295100,962.85,963.5,960.0,960.4,143703
1780295400,960.5,960.65,958.5,960.15,191770
1780295700,960.0,961.8,959.5,959.8,144301
1780296000,959.8,960.55,959.15,960.5,80007
1780296300,960.4,960.4,959.25,959.5,50767
1780296600,959.3,959.55,958.2,958.95,114218
1780296900,958.8,959.5,958.4,958.85,59014
1780297200,958.6,958.9,958.0,958.1,74225
1780297500,958.0,958.45,957.05,957.5,73250
1780297800,957.3,957.6,956.05,957.4,138863
1780298100,957.2,958.55,956.6,958.45,69165
1780298400,958.45,958.45,957.0,957.4,44066
1780298700,957.15,957.65,955.8,956.55,75453
1780299000,956.55,956.7,954.1,954.85,219036
1780299300,954.85,956.65,954.8,955.8,166543
1780299600,955.75,955.95,954.65,955.5,67784
1780299900,955.25,956.0,954.7,955.9,77041
1780300200,955.95,956.75,955.65,956.0,125753
1780300500,955.95,956.75,955.45,956.75,46951
1780300800,956.5,956.9,955.4,956.2,67098
1780301100,956.0,956.55,955.8,956.05,65233
1780301400,956.05,957.0,955.85,956.35,86481
1780301700,956.3,956.35,954.45,954.9,108000
1780302000,954.9,955.0,954.0,954.2,62216
1780302300,954.25,955.5,954.05,954.8,80687
1780302600,954.6,954.8,952.6,953.3,96834
1780302900,953.2,953.5,951.65,951.8,114591
1780303200,952.15,952.5,951.1,952.0,87338
1780303500,952.0,952.75,951.1,952.55,135625
1780303800,952.25,952.25,950.4,950.7,107036
1780304100,950.8,952.0,950.3,950.65,116042
1780304400,950.55,951.7,950.1,950.7,140166
1780304700,950.85,953.2,950.7,952.65,121417
1780305000,952.55,953.45,952.0,952.8,114744
1780305300,952.5,953.75,951.6,952.2,100525
1780305600,952.05,952.2,950.5,951.1,109325
1780305900,951.1,951.6,950.1,951.3,101047
1780306200,951.3,954.9,951.0,954.9,502894
1780306500,954.9,954.9,953.3,954.6,450586
1780306800,954.6,955.45,954.5,954.55,456199
1780307100,954.8,954.85,954.15,954.55,264711
1780307400,954.55,954.55,954.4,954.55,356182
1780307700,954.55,954.55,953.05,954.5,286624
1780371900,950.95,950.95,942.85,946.85,569673
1780372200,946.9,948.4,946.15,947.25,206097
1780372500,947.25,949.65,946.3,949.15,216143
1780372800,949.25,949.25,946.5,948.15,133055
1780373100,948.25,950.45,948.0,949.7,158905
1780373400,949.45,949.7,947.2,948.05,99851
1780373700,948.2,948.6,947.1,948.4,76178
1780374000,948.3,950.5,947.5,950.2,148876
1780374300,950.4,951.5,949.25,951.2,126535
1780374600,951.45,951.85,950.05,951.2,88656
1780374900,951.25,951.85,948.45,948.45,254420
1780375200,948.5,948.5,946.5,946.5,151409
1780375500,946.5,947.95,945.85,946.8,233947
1780375800,946.8,948.6,946.65,948.05,265460
1780376100,948.05,949.8,947.4,949.3,249400
1780376400,949.3,949.4,945.35,945.7,220556
1780376700,945.85,947.2,945.0,946.35,285470
1780377000,946.45,946.9,944.7,944.7,224409
1780377300,945.0,945.85,944.5,944.6,324230
1780377600,944.7,944.95,943.25,943.85,115738
1780377900,943.85,945.15,943.15,944.65,209647
1780378200,944.65,945.6,944.35,944.4,82729
1780378500,944.4,945.05,944.15,944.4,58543
1780378800,944.4,946.0,944.2,945.85,123554
1780379100,945.9,946.15,944.95,945.3,81372
1780379400,945.3,947.55,945.25,947.45,151678
1780379700,947.5,947.5,945.55,946.0,84138
1780380000,946.1,947.0,945.7,945.75,70283
1780380300,945.75,945.9,943.8,943.85,77939
1780380600,943.85,945.05,943.85,944.5,109223
1780380900,944.55,945.1,944.25,945.0,76444
1780381200,944.9,945.2,944.35,945.05,70097
1780381500,945.0,945.25,943.5,943.75,101412
1780381800,943.7,944.7,943.3,944.35,150278
1780382100,944.1,944.5,943.7,944.0,95489
1780382400,944.0,944.55,943.3,943.55,115139
1780382700,943.55,944.6,943.25,944.1,114745
1780383000,944.1,944.8,942.5,942.75,258940
1780383300,942.7,943.1,940.55,940.75,229019
1780383600,940.7,943.75,939.9,943.1,637679
1780383900,943.45,944.0,942.1,943.65,338504
1780384200,943.75,946.0,943.45,945.85,255023
1780384500,945.85,949.7,945.85,949.65,609333
1780384800,949.85,953.9,949.25,952.25,618969
1780385100,952.05,954.9,951.8,953.8,183861
1780385400,954.15,954.8,952.4,954.7,132556
1780385700,954.65,955.6,954.0,954.15,155231
1780386000,954.45,957.5,954.0,956.05,163860
1780386300,956.05,956.95,955.25,955.7,157774
1780386600,955.6,955.8,954.35,955.5,113945
1780386900,955.8,956.9,955.0,956.7,135365
1780387200,956.8,959.45,956.75,959.15,221398
1780387500,959.15,959.35,958.2,958.75,240975
1780387800,958.75,959.1,957.0,957.95,175613
1780388100,958.0,959.95,957.85,959.95,165000
1780388400,960.0,961.3,959.6,960.1,244908
1780388700,960.2,960.5,958.35,959.55,151393
1780389000,959.45,960.0,959.1,960.0,79798
1780389300,960.0,961.0,959.6,961.0,113832
1780389600,960.95,961.0,959.0,959.55,139314
1780389900,959.55,960.15,957.7,958.35,172388
1780390200,958.4,961.25,958.35,960.4,265063
1780390500,960.35,961.0,958.85,959.8,496638
1780390800,959.8,960.45,958.85,959.85,336546
1780391100,959.7,960.25,957.6,957.9,136588
1780391400,957.7,957.95,956.2,957.2,311956
1780391700,957.3,957.55,954.9,956.35,222653
1780392000,956.4,957.25,956.1,956.8,162406
1780392300,956.95,956.95,955.5,955.5,122407
1780392600,955.5,955.5,953.2,954.8,623019
1780392900,954.8,956.45,954.7,955.95,445636
1780393200,956.0,957.9,955.75,957.85,256898
1780393500,957.8,960.35,957.75,958.1,316659
1780393800,958.05,959.4,958.05,959.15,281149
1780394100,959.1,960.0,957.5,960.0,260854
1780458300,953.75,956.5,944.15,945.0,568479
1780458600,944.9,946.65,943.2,944.05,375669
1780458900,944.5,944.8,943.35,944.25,126009
1780459200,944.2,944.45,942.55,943.4,139503
1780459500,943.4,944.4,943.05,944.2,135448
1780459800,944.2,944.35,943.7,944.3,114608
1780460100,944.35,944.45,942.3,944.05,490124
1780460400,944.1,944.7,943.3,943.45,398396
1780460700,943.1,946.75,943.1,946.35,181642
1780461000,946.15,946.5,945.1,945.4,151746
1780461300,945.65,945.65,944.1,944.15,70072
1780461600,944.1,944.25,943.2,943.6,153992
1780461900,943.65,944.45,943.6,943.8,126250
1780462200,943.85,944.6,943.45,943.5,64220
1780462500,943.5,945.2,938.95,939.85,3023120
1780462800,940.0,940.0,937.2,937.8,374183
1780463100,937.5,939.5,937.4,939.5,178192
1780463400,939.45,940.45,939.1,939.9,133538
1780463700,939.9,940.8,939.2,940.7,146681
1780464000,940.7,940.9,939.25,940.85,123839
1780464300,940.9,941.6,939.95,941.1,96975
1780464600,941.1,941.5,939.95,940.0,128575
1780464900,940.0,940.0,938.05,938.4,102426
1780465200,938.55,939.85,938.45,939.1,156194
1780465500,939.4,941.45,939.0,940.75,100713
1780465800,940.75,941.1,940.05,940.35,90876
1780466100,940.3,940.8,939.6,940.0,57309
1780466400,940.0,940.15,939.6,940.0,95158
1780466700,940.0,940.0,939.4,939.6,53813
1780467000,939.8,940.0,939.0,939.5,54909
1780467300,939.5,940.0,938.25,938.5,387056
1780467600,938.5,939.95,938.35,939.75,309248
1780467900,939.75,940.0,938.55,938.55,108044
1780468200,938.8,938.95,937.65,938.15,125386
1780468500,938.45,939.5,938.15,939.45,81607
1780468800,939.3,939.75,938.25,939.25,59565
1780469100,939.0,939.3,938.9,939.05,37083
1780469400,939.0,940.8,938.9,940.45,87953
1780469700,940.4,943.75,940.15,943.15,517774
1780470000,943.25,946.7,942.3,943.3,1165618
1780470300,943.3,950.6,942.55,945.0,7349783
1780470600,944.85,950.7,944.85,949.9,541438
1780470900,949.7,952.3,948.5,948.7,398031
1780471200,948.75,950.5,947.45,948.2,130362
1780471500,948.35,949.35,948.0,948.65,141975
1780471800,948.8,950.7,948.4,949.75,85558
1780472100,949.8,949.9,948.35,949.45,96337
1780472400,949.45,950.0,948.35,950.0,134112
1780472700,950.7,953.35,950.6,951.7,258488
1780473000,952.5,957.5,952.45,956.35,349986
1780473300,956.35,957.85,954.95,955.45,153354
1780473600,956.0,956.5,954.0,955.2,134688
1780473900,955.25,957.5,954.5,956.1,151619
1780474200,955.55,957.0,955.55,955.9,80035
1780474500,956.0,959.1,955.6,957.85,768175
1780474800,957.9,957.95,956.0,956.9,105753
1780475100,957.0,958.4,954.9,958.15,362109
1780475400,958.4,960.6,958.1,960.6,148764
1780475700,960.6,963.0,960.25,961.95,232790
1780476000,962.0,962.55,960.0,961.75,167197
1780476300,961.8,963.55,961.75,963.0,205420
1780476600,962.95,963.75,961.5,962.5,154393
1780476900,962.75,963.0,959.8,960.65,173947
1780477200,960.75,964.8,960.6,964.55,188525
1780477500,964.5,965.7,962.95,964.25,270324
1780477800,964.2,968.8,964.0,967.15,364538
1780478100,967.25,968.0,966.0,967.7,139638
1780478400,967.9,968.7,967.5,967.6,138550
1780478700,967.55,968.5,966.5,968.45,221392
1780479000,968.5,971.0,966.0,970.7,656463
1780479300,970.65,972.2,966.5,967.2,766661
1780479600,967.45,971.5,967.05,971.05,632471
1780479900,971.2,974.0,970.25,971.6,616358
1780480200,971.8,972.7,971.0,971.9,372065
1780480500,971.9,973.0,970.5,972.2,331259
1780544700,969.9,973.4,961.1,971.1,795764
1780545000,971.1,971.6,967.0,968.5,340144
1780545300,968.4,971.2,968.0,970.3,190745
1780545600,970.25,971.45,968.1,971.2,222273
1780545900,971.15,975.0,970.5,971.05,373625
1780546200,971.05,974.8,970.0,974.3,313528
1780546500,974.0,977.7,971.85,977.6,430187
1780546800,977.5,977.7,974.75,977.25,353628
1780547100,977.2,979.0,976.15,976.6,276621
1780547400,976.6,982.9,975.8,982.2,584260
1780547700,982.1,982.85,980.3,980.85,320659
1780548000,980.55,981.9,980.0,980.65,252456
1780548300,980.35,981.0,979.5,981.0,201445
1780548600,980.95,983.4,980.95,982.55,598987
1780548900,982.35,983.85,982.35,982.6,259023
1780549200,982.6,983.0,980.3,980.5,343126
1780549500,980.55,981.45,980.0,980.4,188364
1780549800,980.7,982.9,980.3,982.9,150275
1780550100,982.9,985.8,982.6,985.0,478054
1780550400,985.0,985.75,983.05,983.05,111786
1780550700,983.05,985.35,983.05,984.8,332506
1780551000,984.8,985.8,983.4,983.95,235734
1780551300,983.95,984.2,981.8,982.4,206548
1780551600,982.4,983.6,982.3,983.15,114135
1780551900,983.15,983.3,981.6,981.65,103866
1780552200,981.45,982.4,981.15,981.7,148497
1780552500,981.7,981.9,980.6,980.85,128940
1780552800,980.8,982.35,980.0,982.35,245409
1780553100,982.35,984.7,982.2,984.25,193971
1780553400,984.25,985.35,983.65,983.9,147995
1780553700,983.7,984.0,982.9,982.9,101977
1780554000,982.9,983.0,980.0,980.2,187339
1780554300,980.2,980.85,979.6,980.55,189942
1780554600,980.45,981.15,980.0,980.55,103891
1780554900,980.4,980.55,978.05,979.15,295934
1780555200,978.85,979.45,977.85,978.2,159216
1780555500,978.05,978.65,977.25,977.9,113886
1780555800,977.65,978.95,977.4,978.7,127599
1780556100,978.7,979.35,978.6,978.6,116508
1780556400,978.6,979.55,977.55,977.75,140952
1780556700,977.6,979.0,977.2,978.95,130097
1780557000,979.0,979.0,978.0,978.05,89884
1780557300,978.0,979.65,978.0,979.0,117446
1780557600,979.2,979.3,978.0,978.6,75120
1780557900,978.65,978.9,978.1,978.9,77437
1780558200,978.85,978.9,977.5,977.6,93891
1780558500,977.55,977.6,975.55,976.3,360797
1780558800,976.2,976.4,973.2,974.65,576116
1780559100,974.5,975.9,974.1,975.25,609579
1780559400,975.15,975.8,974.1,975.0,136473
1780559700,975.0,975.1,973.2,974.5,144476
1780560000,974.45,975.25,974.05,975.1,170644
1780560300,975.1,975.7,974.65,975.0,146355
1780560600,974.95,975.1,974.1,974.85,73724
1780560900,974.75,975.35,974.2,975.1,62839
1780561200,975.0,976.15,974.5,975.6,137404
1780561500,975.65,975.75,974.4,975.25,81332
1780561800,975.3,979.1,975.25,977.25,333306
1780562100,977.3,977.8,976.7,977.6,124846
1780562400,977.55,977.75,976.1,976.1,84051
1780562700,976.1,977.5,976.1,976.75,220631
1780563000,976.95,977.65,976.4,976.95,110221
1780563300,977.35,977.45,976.35,976.4,50991
1780563600,976.35,976.6,975.15,975.55,138932
1780563900,975.5,977.0,975.5,976.45,225062
1780564200,976.4,976.8,975.8,975.9,176051
1780564500,976.2,978.9,975.75,976.7,319494
1780564800,976.4,976.7,975.3,975.75,111678
1780565100,975.75,977.0,975.5,976.2,127418
1780565400,976.2,979.3,975.15,979.1,1048668
1780565700,979.2,981.05,979.0,980.5,682239
1780566000,980.5,981.5,980.0,980.45,414784
1780566300,980.4,981.7,980.0,980.75,503421
1780566600,980.85,981.05,978.15,980.3,452555
1780566900,980.25,980.95,979.0,979.25,326751
1780631100,980.0,983.0,977.45,978.5,1039386
1780631400,978.45,982.5,978.0,982.35,344640
1780631700,982.4,986.7,981.9,986.45,685895
1780632000,986.45,987.7,983.2,985.3,553378
1780632300,985.45,987.0,984.5,986.75,788589
1780632600,986.7,988.0,985.4,987.5,442181
1780632900,987.55,988.7,985.4,988.5,756139
1780633200,988.55,989.95,987.6,989.95,366184
1780633500,989.9,991.8,989.9,991.3,444768
1780633800,991.25,991.5,987.0,990.45,380893
1780634100,990.75,992.6,987.1,990.5,437712
1780634400,990.55,990.9,984.1,985.45,409947
1780634700,985.25,988.8,983.6,987.1,282977
1780635000,987.1,988.75,986.0,988.5,292365
1780635300,988.75,989.1,984.0,984.5,316554
1780635600,984.7,986.85,984.0,985.4,161891
1780635900,985.35,985.55,980.3,980.5,400067
1780636200,980.5,980.75,974.7,976.75,465725
1780636500,976.4,978.1,972.15,978.05,417620
1780636800,978.15,981.3,977.8,980.85,295245
1780637100,980.5,983.3,980.35,982.45,199030
1780637400,982.6,986.0,981.35,985.85,246295
1780637700,985.8,991.6,985.5,988.1,557572
1780638000,988.0,989.9,985.85,986.7,237940
1780638300,986.7,989.4,986.7,987.4,199812
1780638600,987.4,987.6,984.0,984.9,224029
1780638900,984.55,985.45,984.0,984.55,234047
1780639200,984.7,986.5,984.55,985.3,154226
1780639500,985.3,985.55,983.7,985.15,162856
1780639800,985.3,986.0,984.0,985.2,191849
1780640100,985.2,987.8,984.85,987.05,196571
1780640400,987.0,987.7,985.4,985.4,156047
1780640700,985.75,985.75,983.65,984.0,120644
1780641000,984.0,986.55,983.8,986.55,73336
1780641300,986.6,987.35,986.05,986.05,105513
1780641600,986.05,986.7,984.7,986.25,94144
1780641900,986.25,986.8,985.2,986.2,68596
1780642200,986.2,986.4,984.65,984.85,226394
1780642500,984.85,985.85,984.0,984.0,327210
1780642800,984.05,984.9,982.5,983.55,158346
1780643100,983.55,984.1,981.0,982.2,223462
1780643400,982.2,982.8,980.8,981.4,107665
1780643700,981.8,982.6,981.0,981.5,101173
1780644000,981.5,982.0,980.3,981.1,136762
1780644300,981.1,981.45,980.0,980.05,103344
1780644600,980.05,980.6,979.2,980.6,173700
1780644900,980.2,980.65,978.5,979.25,205801
1780645200,979.3,980.0,978.55,979.0,73959
1780645500,979.25,980.0,978.4,978.45,217095
1780645800,978.45,978.85,974.6,975.45,393437
1780646100,975.2,975.7,973.45,973.45,504614
1780646400,973.65,973.65,971.05,972.3,503662
1780646700,972.5,974.7,972.1,973.5,273613
1780647000,973.75,974.1,970.6,972.5,214945
1780647300,972.45,973.85,972.0,973.3,130702
1780647600,973.3,973.65,972.0,973.45,144809
1780647900,973.05,974.95,972.75,974.8,108005
1780648200,974.8,975.6,972.5,973.7,214092
1780648500,973.7,974.4,973.1,973.85,242088
1780648800,973.85,974.25,971.65,971.85,293026
1780649100,971.85,972.25,971.5,971.75,148585
1780649400,971.75,974.0,971.5,973.95,224559
1780649700,973.95,977.8,973.95,977.5,266728
1780650000,977.25,978.0,976.65,977.3,107573
1780650300,977.3,977.5,975.4,976.5,138162
1780650600,976.5,979.8,976.35,979.65,157061
1780650900,979.7,980.4,977.85,978.85,220073
1780651200,978.65,979.85,978.4,978.9,230500
1780651500,978.9,979.4,977.3,978.75,226501
1780651800,978.9,979.0,976.4,978.7,332816
1780652100,978.7,978.95,977.5,978.5,213811
1780652400,978.5,978.6,977.2,977.7,210698
1780652700,978.15,978.5,977.2,977.65,272099
1780653000,977.65,977.8,976.55,977.25,299131
1780653300,977.25,977.8,976.5,977.0,284312
1780890300,966.0,973.95,965.15,973.85,444642
1780890600,973.9,977.35,971.15,975.45,318641
1780890900,975.25,982.7,974.7,981.7,342721
1780891200,981.7,986.85,981.45,986.8,446688
1780891500,986.75,986.8,983.2,985.5,238412
1780891800,985.45,986.35,983.4,984.0,210144
1780892100,984.3,985.9,982.9,985.1,281897
1780892400,985.15,985.6,984.05,984.85,212035
1780892700,984.9,988.65,984.65,986.6,483614
1780893000,986.6,986.8,983.15,983.45,160320
1780893300,983.3,983.35,980.25,981.65,268063
1780893600,981.65,982.7,980.85,980.9,97832
1780893900,980.8,982.35,980.35,981.7,241804
1780894200,981.7,982.2,980.6,981.0,89509
1780894500,981.05,981.1,979.0,979.6,180336
1780894800,979.6,981.75,979.55,981.2,193782
1780895100,981.2,981.75,980.9,981.45,91707
1780895400,981.5,983.0,978.35,978.7,120708
1780895700,978.7,980.0,977.9,979.75,216395
1780896000,979.75,980.0,978.6,978.9,136045
1780896300,978.85,980.7,978.7,980.5,108040
1780896600,980.5,980.95,979.35,980.5,72900
1780896900,980.5,980.55,979.45,980.05,64607
1780897200,980.05,980.7,979.5,980.05,61711
1780897500,980.0,980.25,977.8,978.0,125277
1780897800,978.0,979.5,977.2,978.4,137137
1780898100,978.45,978.75,976.5,977.05,242881
1780898400,977.1,978.5,976.7,977.2,126085
1780898700,977.2,978.85,977.15,978.3,66486
1780899000,978.05,979.8,978.05,979.15,51032
1780899300,979.15,980.3,978.7,979.95,100450
1780899600,980.0,980.3,979.3,979.8,62241
1780899900,979.8,980.6,979.45,980.1,71638
1780900200,980.0,980.5,978.7,980.05,77230
1780900500,980.05,980.7,979.6,980.1,114731
1780900800,980.1,981.95,980.05,981.7,124380
1780901100,981.7,982.55,981.4,982.5,130626
1780901400,982.5,985.0,982.3,984.5,212545
1780901700,984.5,984.5,982.25,982.4,89719
1780902000,982.4,983.95,982.15,983.55,112778
1780902300,983.55,984.4,982.65,982.8,85155
1780902600,982.85,984.0,982.45,983.6,72654
1780902900,983.55,983.6,982.35,982.65,75088
1780903200,982.55,984.0,982.2,982.85,100898
1780903500,982.85,983.15,981.6,982.0,121588
1780903800,982.0,982.85,980.95,981.55,137394
1780904100,981.55,981.9,980.6,981.6,82893
1780904400,981.6,983.1,981.3,982.35,155092
1780904700,982.35,982.35,981.15,981.15,56700
1780905000,981.2,983.35,981.0,983.1,85054
1780905300,983.1,983.7,982.0,983.7,124354
1780905600,983.55,984.15,982.35,982.8,140733
1780905900,982.8,982.95,981.65,982.95,108799
1780906200,982.55,982.95,980.15,980.7,152606
1780906500,980.65,981.0,978.65,979.95,319092
1780906800,979.9,980.8,979.65,980.3,92046
1780907100,980.1,981.5,979.7,981.45,128077
1780907400,981.5,983.25,980.05,983.25,260578
1780907700,983.25,983.55,981.2,981.55,125085
1780908000,981.45,982.1,980.5,980.7,158447
1780908300,980.7,982.25,979.6,981.9,228870
1780908600,981.9,981.9,980.3,980.5,72095
1780908900,980.5,981.0,980.0,980.4,90843
1780909200,980.4,981.75,980.2,980.95,82040
1780909500,980.95,981.9,980.5,981.25,85530
1780909800,981.25,983.5,980.9,983.5,158398
1780910100,983.45,985.35,982.15,985.35,630344
1780910400,985.35,985.45,983.65,984.45,247560
1780910700,984.45,984.5,982.1,983.45,163404
1780911000,983.55,983.8,980.8,981.25,206357
1780911300,981.25,983.25,980.65,982.75,212642
1780911600,982.75,983.7,982.35,983.2,174247
1780911900,983.4,983.5,982.5,983.3,277074
1780912200,983.2,983.5,980.25,980.4,342573
1780912500,980.8,980.8,979.0,980.0,301876
1780976700,985.0,987.9,983.0,987.5,621770
1780977000,987.5,990.0,987.4,989.5,392900
1780977300,989.1,989.6,987.1,987.25,206924
1780977600,987.45,988.3,986.3,986.8,217693
1780977900,986.8,988.65,986.55,987.2,147020
1780978200,987.1,988.3,986.5,987.65,102791
1780978500,987.65,987.8,985.5,986.0,148902
1780978800,986.1,989.0,985.95,988.2,329993
1780979100,988.3,988.45,986.0,986.55,162483
1780979400,986.6,986.7,985.3,985.6,74638
1780979700,985.6,986.4,985.1,986.15,105287
1780980000,986.2,986.9,985.05,986.5,110660
1780980300,986.5,988.75,986.3,988.1,291855
1780980600,988.25,990.5,987.2,987.6,464038
1780980900,987.65,988.7,987.2,987.4,237789
1780981200,987.4,988.8,987.3,988.1,129269
1780981500,988.2,988.3,987.8,987.95,342573
1780981800,988.0,989.9,987.8,989.3,134214
1780982100,989.5,989.75,987.7,987.7,199589
1780982400,987.7,989.35,987.6,989.1,217716
1780982700,989.1,990.5,988.5,989.9,188916
1780983000,990.0,990.4,989.55,989.95,101229
1780983300,989.95,991.95,989.55,991.4,211484
1780983600,991.55,991.8,989.5,989.9,137506
1780983900,989.9,991.0,988.7,991.0,118786
1780984200,991.0,991.35,988.5,989.25,169106
1780984500,989.25,989.9,988.7,989.55,144930
1780984800,989.65,990.0,988.95,990.0,102438
1780985100,990.05,991.7,990.0,991.45,211150
1780985400,991.45,992.0,990.25,992.0,439061
1780985700,991.95,994.5,991.35,993.5,559702
1780986000,993.5,997.8,993.3,997.65,609879
1780986300,997.65,998.0,994.65,997.45,330971
1780986600,997.2,997.4,995.8,996.0,243494
1780986900,996.1,997.0,995.7,996.25,129741
1780987200,996.25,1000.5,996.0,999.5,679213
1780987500,999.75,1001.0,999.1,1000.2,357163
1780987800,1000.0,1001.0,999.15,999.75,342454
1780988100,999.75,999.9,999.1,999.55,203980
1780988400,999.3,999.9,999.1,999.45,202317
1780988700,999.5,1000.5,999.4,1000.4,257881
1780989000,1000.45,1001.75,999.75,1000.85,356690
1780989300,1000.85,1002.7,1000.85,1001.9,650878
1780989600,1001.9,1002.7,1001.25,1002.0,347081
1780989900,1001.75,1001.9,999.55,1000.9,324421
1780990200,1000.9,1001.9,1000.3,1001.0,215934
1780990500,1001.1,1001.9,1000.65,1001.25,189044
1780990800,1001.25,1001.95,1000.95,1001.45,259614
1780991100,1001.4,1002.0,1000.75,1001.8,215082
1780991400,1001.8,1002.0,1000.9,1001.1,274881
1780991700,1001.1,1001.65,1000.65,1001.25,171420
1780992000,1001.1,1002.3,1000.35,1002.0,347945
1780992300,1002.0,1003.4,1001.5,1003.2,317417
1780992600,1003.15,1004.0,1002.4,1003.95,256126
1780992900,1003.95,1004.6,1003.2,1004.4,372422
1780993200,1004.3,1004.4,1002.5,1003.35,288351
1780993500,1003.35,1004.0,1002.6,1004.0,252924
1780993800,1003.85,1005.45,1003.85,1004.7,567293
1780994100,1004.7,1005.6,1004.4,1005.5,241609
1780994400,1005.5,1005.55,1004.2,1004.65,245544
1780994700,1004.5,1004.8,1003.6,1003.75,318945
1780995000,1003.8,1004.5,1003.0,1003.5,256785
1780995300,1003.55,1005.2,1003.5,1004.95,386679
1780995600,1005.0,1005.5,1004.0,1005.5,197845
1780995900,1006.0,1007.6,1005.2,1007.0,501059
1780996200,1007.0,1008.8,1006.5,1008.65,324463
1780996500,1008.5,1009.0,1007.45,1007.95,298748
1780996800,1007.9,1008.6,1006.1,1007.4,483976
1780997100,1007.5,1008.0,1005.75,1006.0,381259
1780997400,1005.85,1006.05,1001.85,1002.3,556442
1780997700,1002.35,1002.9,1001.05,1001.65,532610
1780998000,1001.6,1002.4,1001.1,1001.85,403010
1780998300,1002.2,1004.25,1001.5,1003.2,495341
1780998600,1003.3,1005.0,1003.0,1004.4,384615
1780998900,1004.55,1005.0,1003.6,1004.1,287637
1781063100,1002.7,1009.75,1000.85,1007.95,853224
1781063400,1008.25,1009.5,1007.0,1008.65,418306
1781063700,1008.7,1010.65,1007.75,1009.15,500342
1781064000,1009.1,1009.6,1008.05,1009.0,234717
1781064300,1009.1,1011.75,1008.85,1011.35,318138
1781064600,1011.7,1011.8,1009.35,1010.3,240840
1781064900,1010.3,1011.0,1008.5,1009.0,250257
1781065200,1009.3,1009.55,1006.25,1006.5,323155
1781065500,1006.65,1007.9,1005.9,1006.05,275512
1781065800,1006.15,1006.35,1004.6,1004.9,233259
1781066100,1004.85,1006.55,1004.65,1005.8,182649
1781066400,1005.85,1006.95,1005.0,1005.0,189615
1781066700,1005.15,1006.65,1004.4,1006.2,164045
1781067000,1006.2,1006.9,1005.2,1006.7,198024
1781067300,1006.7,1007.8,1006.6,1007.75,188156
1781067600,1007.8,1009.85,1007.65,1009.6,234186
1781067900,1009.85,1010.5,1008.85,1009.1,197762
1781068200,1009.1,1009.65,1008.0,1008.05,140832
1781068500,1008.05,1008.8,1007.5,1008.45,155971
1781068800,1008.15,1009.7,1007.5,1009.55,196133
1781069100,1009.65,1010.7,1008.5,1010.25,351965
1781069400,1010.2,1010.65,1009.1,1009.15,126354
1781069700,1009.3,1009.55,1008.0,1008.45,111063
1781070000,1008.45,1009.0,1007.75,1008.05,138632
1781070300,1007.9,1009.2,1007.8,1008.8,320729
1781070600,1008.8,1008.9,1008.0,1008.45,115547
1781070900,1008.45,1009.65,1008.0,1009.05,129602
1781071200,1009.0,1009.2,1008.3,1009.2,88647
1781071500,1009.2,1009.2,1007.7,1008.55,148867
1781071800,1008.45,1008.7,1007.5,1008.5,171729
1781072100,1008.5,1009.0,1007.75,1008.8,219198
1781072400,1008.55,1009.1,1008.3,1008.75,86726
1781072700,1008.8,1010.0,1008.65,1009.9,118908
1781073000,1009.95,1009.95,1008.8,1009.2,65213
1781073300,1009.1,1010.0,1008.9,1009.85,76269
1781073600,1009.75,1010.0,1009.0,1010.0,69441
1781073900,1009.9,1011.0,1008.8,1010.7,215003
1781074200,1010.7,1012.4,1010.65,1011.4,316919
1781074500,1011.4,1012.1,1010.1,1011.25,213561
1781074800,1011.0,1011.65,1010.35,1010.7,129437
1781075100,1010.9,1011.0,1009.6,1010.2,164004
1781075400,1010.45,1010.65,1008.5,1008.5,196057
1781075700,1008.5,1009.6,1008.0,1009.05,227455
1781076000,1009.4,1009.75,1008.8,1009.55,125547
1781076300,1009.45,1009.65,1008.6,1009.3,160729
1781076600,1009.35,1009.9,1008.9,1009.9,103211
1781076900,1009.9,1010.0,1007.95,1008.35,161300
1781077200,1007.75,1008.0,1006.0,1006.95,303601
1781077500,1006.95,1007.6,1006.3,1007.3,143801
1781077800,1007.3,1007.3,1006.0,1006.65,204480
1781078100,1006.5,1007.7,1006.0,1007.5,133192
1781078400,1007.5,1008.25,1006.3,1007.35,160767
1781078700,1007.15,1007.55,1006.45,1007.25,107275
1781079000,1007.05,1007.85,1006.5,1007.0,121538
1781079300,1006.85,1007.6,1006.6,1007.35,124165
1781079600,1007.15,1008.0,1006.1,1007.55,157317
1781079900,1007.55,1007.7,1006.85,1007.45,96857
1781080200,1007.25,1007.9,1006.5,1007.85,132831
1781080500,1007.7,1008.05,1005.25,1005.55,162883
1781080800,1005.45,1005.7,1003.0,1004.05,214869
1781081100,1003.7,1007.3,1003.65,1007.1,245173
1781081400,1007.3,1008.25,1006.75,1007.05,285800
1781081700,1007.05,1007.75,1006.2,1006.5,220861
1781082000,1006.5,1006.7,1004.55,1005.35,322913
1781082300,1005.3,1005.65,1001.55,1002.05,332780
1781082600,1002.05,1002.6,1000.55,1000.8,383497
1781082900,1000.65,1002.75,999.75,1001.95,352495
1781083200,1001.85,1004.65,1001.7,1004.4,540659
1781083500,1004.5,1005.75,1004.0,1004.85,429177
1781083800,1004.85,1005.95,1003.6,1004.05,717102
1781084100,1004.25,1004.8,1003.4,1004.4,759984
1781084400,1004.3,1004.45,1003.25,1003.9,787365
1781084700,1003.8,1004.0,1002.65,1003.75,793814
1781085000,1003.45,1003.9,999.5,1000.5,598562
1781085300,1000.5,1001.55,999.8,1000.85,368329
1781149500,998.1,1001.6,993.0,1000.25,550500
1781149800,1000.5,1004.55,999.6,1003.3,256683
1781150100,1003.25,1003.45,1000.5,1002.85,145858
1781150400,1002.9,1003.25,1000.0,1000.35,147093
1781150700,1000.6,1002.25,999.0,1001.55,147287
1781151000,1001.55,1004.6,1000.05,1004.3,141738
1781151300,1004.2,1005.6,1003.8,1004.2,260379
1781151600,1004.05,1005.4,1003.2,1004.3,272727
1781151900,1004.2,1004.2,1000.15,1000.85,198960
1781152200,1001.0,1003.2,1001.0,1001.5,270355
1781152500,1001.45,1004.3,1001.0,1003.6,134352
1781152800,1003.5,1004.2,1003.2,1003.5,98921
1781153100,1003.6,1005.3,1003.1,1005.3,139233
1781153400,1005.4,1005.9,1003.0,1003.3,253417
1781153700,1003.3,1005.65,1003.25,1005.4,109098
1781154000,1005.5,1005.5,1004.3,1004.75,116583
1781154300,1004.8,1005.2,1003.4,1003.75,141660
1781154600,1004.05,1004.1,1002.3,1002.8,119126
1781154900,1002.7,1002.85,1002.1,1002.5,102413
1781155200,1002.45,1002.45,1000.3,1001.0,158590
1781155500,1000.95,1001.7,1000.1,1001.45,106834
1781155800,1001.0,1001.35,1000.25,1001.15,89290
1781156100,1001.2,1002.8,1001.05,1001.4,163108
1781156400,1001.4,1001.95,1001.0,1001.15,52546
1781156700,1001.15,1002.95,1001.0,1002.45,52281
1781157000,1002.35,1003.75,1001.6,1002.4,98975
1781157300,1002.4,1003.5,1002.3,1003.2,54438
1781157600,1003.1,1003.5,1001.8,1001.9,135643
1781157900,1002.0,1002.3,1000.05,1000.9,168066
1781158200,1000.95,1001.5,1000.25,1001.1,57576
1781158500,1001.35,1001.85,1000.9,1001.6,75111
1781158800,1001.7,1002.65,1001.6,1002.5,52726
1781159100,1002.5,1004.35,1002.35,1003.3,109947
1781159400,1003.3,1003.8,1002.85,1003.3,68587
1781159700,1003.4,1003.5,1002.55,1003.1,87588
1781160000,1003.05,1003.6,1002.8,1003.25,96507
1781160300,1003.2,1004.9,1003.0,1003.5,131121
1781160600,1003.55,1003.85,1002.15,1003.65,197194
1781160900,1003.9,1006.6,1003.1,1006.45,195998
1781161200,1006.45,1008.75,1006.4,1008.2,259662
1781161500,1008.2,1009.4,1007.0,1009.1,372378
1781161800,1009.2,1009.25,1007.75,1008.45,149029
1781162100,1008.5,1009.15,1006.85,1007.05,162503
1781162400,1007.0,1007.95,1006.5,1006.85,104513
1781162700,1006.95,1008.75,1006.7,1008.5,89116
1781163000,1008.55,1009.1,1008.1,1008.95,142370
1781163300,1008.85,1009.35,1007.45,1007.55,160487
1781163600,1007.55,1007.6,1005.85,1006.3,152338
1781163900,1006.35,1006.85,1005.65,1006.0,132936
1781164200,1006.0,1006.25,1004.25,1004.9,193343
1781164500,1004.85,1005.9,1004.35,1005.55,99943
1781164800,1005.55,1006.85,1005.25,1005.4,90640
1781165100,1005.4,1006.1,1004.5,1004.6,113482
1781165400,1004.55,1006.1,1004.1,1005.8,258992
1781165700,1006.05,1006.25,1005.0,1005.45,210262
1781166000,1005.5,1006.0,1005.0,1005.6,172530
1781166300,1005.65,1006.9,1005.3,1005.4,107908
1781166600,1005.6,1006.6,1005.0,1006.35,156171
1781166900,1006.35,1006.4,1005.15,1005.4,156829
1781167200,1005.4,1005.45,1003.0,1004.3,265052
1781167500,1004.3,1005.15,1003.45,1005.15,122701
1781167800,1005.15,1006.0,1004.35,1004.6,134901
1781168100,1004.55,1008.6,1004.55,1008.05,238159
1781168400,1008.05,1008.05,1006.0,1006.3,110892
1781168700,1006.3,1007.25,1004.8,1005.8,294287
1781169000,1005.65,1005.7,1003.95,1003.95,179429
1781169300,1004.05,1004.05,1000.15,1002.65,514379
1781169600,1002.7,1003.0,1001.5,1001.6,119099
1781169900,1001.6,1001.85,1001.2,1001.85,97438
1781170200,1002.5,1002.65,1000.65,1001.2,579044
1781170500,1001.2,1001.3,1000.0,1000.25,458919
1781170800,1000.3,1001.0,999.5,1000.45,407830
1781171100,1000.45,1001.9,999.7,1000.65,375376
1781171400,1000.5,1001.05,999.8,1000.7,410034
1781171700,1000.6,1001.1,999.75,1001.1,339847
1781235900,1018.0,1018.0,1010.0,1013.0,677624
1781236200,1013.4,1013.4,1012.05,1012.6,169858
1781236500,1012.6,1013.0,1011.2,1011.65,195692
1781236800,1011.8,1012.4,1010.0,1010.1,175013
1781237100,1010.2,1011.5,1009.45,1010.1,156102
1781237400,1010.3,1010.3,1008.45,1009.5,112654
1781237700,1009.5,1011.0,1009.25,1010.85,112742
1781238000,1010.85,1011.0,1010.0,1010.55,91662
1781238300,1010.55,1010.75,1008.0,1008.55,136733
1781238600,1008.15,1009.2,1008.0,1009.2,93958
1781238900,1009.0,1010.0,1008.1,1008.5,148710
1781239200,1008.65,1008.9,1007.15,1007.75,84379
1781239500,1008.0,1008.2,1006.2,1006.8,234253
1781239800,1006.8,1011.5,1006.0,1011.5,591736
1781240100,1011.5,1012.0,1010.5,1010.95,624010
1781240400,1010.75,1012.5,1010.75,1011.75,113475
1781240700,1012.0,1012.3,1011.55,1012.25,93394
1781241000,1012.25,1013.5,1011.95,1013.0,195081
1781241300,1013.05,1013.5,1011.3,1013.0,262041
1781241600,1013.15,1016.65,1012.9,1016.15,554206
1781241900,1016.35,1016.7,1012.7,1012.7,219437
1781242200,1012.75,1012.95,1010.4,1011.25,129282
1781242500,1011.25,1011.3,1010.0,1010.45,95485
1781242800,1010.35,1012.2,1010.05,1011.75,91723
1781243100,1011.75,1012.45,1010.5,1010.6,98793
1781243400,1010.55,1011.0,1010.05,1010.8,53531
1781243700,1010.75,1010.75,1009.3,1009.7,53120
1781244000,1009.7,1010.3,1009.45,1009.7,61330
1781244300,1009.8,1010.0,1009.0,1010.0,55735
1781244600,1009.95,1010.5,1009.6,1010.1,47357
1781244900,1010.1,1011.8,1009.5,1011.65,126623
1781245200,1011.7,1011.7,1010.05,1010.5,72397
1781245500,1010.4,1010.8,1010.0,1010.3,41793
1781245800,1009.95,1010.3,1009.6,1010.1,46174
1781246100,1010.1,1011.0,1010.0,1010.35,48144
1781246400,1010.25,1010.35,1006.55,1007.0,294203
1781246700,1007.35,1007.95,1007.0,1007.3,123756
1781247000,1007.3,1007.95,1007.15,1007.75,46218
1781247300,1007.75,1008.9,1007.65,1008.45,55943
1781247600,1008.35,1008.65,1007.7,1008.35,39883
1781247900,1008.35,1008.45,1007.05,1007.45,55962
1781248200,1007.45,1007.65,1005.2,1005.55,137766
1781248500,1005.6,1006.4,1005.0,1005.1,91388
1781248800,1005.4,1006.0,1004.35,1005.6,137908
1781249100,1005.65,1006.5,1005.5,1005.7,40347
1781249400,1005.7,1006.55,1005.5,1006.4,31084
1781249700,1006.4,1006.95,1005.5,1006.2,40982
1781250000,1006.3,1006.9,1005.8,1006.3,43503
1781250300,1006.25,1006.95,1006.1,1006.65,39324
1781250600,1006.6,1007.25,1006.05,1006.15,37896
1781250900,1006.1,1008.65,1005.15,1008.5,101404
1781251200,1008.35,1010.1,1007.8,1010.1,148846
1781251500,1009.7,1011.1,1009.55,1010.4,150818
1781251800,1010.75,1011.5,1010.15,1011.2,139373
1781252100,1011.05,1011.6,1010.2,1011.35,104191
1781252400,1011.35,1011.55,1010.0,1011.15,99387
1781252700,1011.15,1011.9,1010.5,1011.75,109244
1781253000,1011.85,1012.55,1011.5,1012.25,114028
1781253300,1012.4,1012.4,1011.4,1012.0,58845
1781253600,1011.85,1013.8,1011.15,1013.6,131473
1781253900,1013.4,1015.7,1013.35,1015.0,205605
1781254200,1014.95,1015.0,1013.65,1014.5,88184
1781254500,1014.35,1014.9,1014.0,1014.25,65959
1781254800,1014.25,1015.5,1013.65,1014.0,135563
1781255100,1014.0,1015.5,1013.05,1015.4,165395
1781255400,1015.45,1016.95,1015.05,1016.95,214878
1781255700,1016.95,1017.8,1016.45,1017.65,179544
1781256000,1017.5,1018.0,1015.65,1017.15,171206
1781256300,1017.15,1017.5,1016.3,1016.65,134424
1781256600,1016.3,1018.5,1015.8,1018.35,326951
1781256900,1018.15,1018.7,1017.0,1017.35,243141
1781257200,1017.35,1018.0,1016.5,1017.5,154888
1781257500,1017.5,1017.85,1016.85,1017.35,153913
1781257800,1017.3,1017.35,1015.7,1016.3,168015
1781258100,1016.5,1017.0,1016.0,1016.4,153479
1781495100,1034.0,1034.0,1026.4,1027.7,1043285
1781495400,1027.8,1029.2,1026.5,1027.15,428448
1781495700,1027.15,1029.6,1026.1,1028.9,378593
1781496000,1028.7,1029.0,1024.35,1024.55,427942
1781496300,1024.85,1026.2,1024.2,1025.15,240543
1781496600,1025.15,1026.25,1024.5,1025.05,226526
1781496900,1025.2,1026.35,1024.7,1025.45,184425
1781497200,1025.45,1026.7,1025.0,1026.3,170686
1781497500,1026.15,1027.5,1025.6,1027.25,179392
1781497800,1027.35,1028.0,1026.5,1027.15,164762
1781498100,1027.15,1027.5,1025.5,1026.05,171114
1781498400,1026.0,1027.0,1025.4,1027.0,152883
1781498700,1027.0,1028.0,1026.25,1026.4,141381
1781499000,1026.6,1028.0,1026.15,1026.3,145274
1781499300,1026.6,1026.6,1025.4,1026.2,136282
1781499600,1026.2,1026.85,1025.95,1026.45,92167
1781499900,1026.45,1026.5,1024.25,1024.25,284363
1781500200,1024.55,1025.45,1024.0,1024.75,166839
1781500500,1024.75,1027.85,1024.05,1027.85,222450
1781500800,1027.75,1028.65,1027.4,1027.75,158835
1781501100,1027.75,1027.75,1026.5,1027.0,162625
1781501400,1027.2,1027.5,1025.8,1026.25,134462
1781501700,1026.25,1026.55,1025.0,1025.65,79243
1781502000,1025.65,1026.25,1024.5,1024.95,72077
1781502300,1024.95,1026.25,1024.7,1025.95,65202
1781502600,1025.95,1026.3,1024.5,1024.75,73724
1781502900,1024.55,1026.0,1024.55,1025.75,44086
1781503200,1025.5,1025.95,1025.0,1025.9,46818
1781503500,1025.5,1027.25,1025.5,1026.85,76396
1781503800,1026.85,1029.45,1026.85,1028.5,185292
1781504100,1028.05,1028.5,1027.5,1028.0,57607
1781504400,1028.05,1029.3,1027.85,1029.25,61303
1781504700,1029.3,1031.5,1029.15,1031.05,236249
1781505000,1031.45,1031.55,1030.2,1030.9,89872
1781505300,1030.75,1030.9,1029.45,1029.5,84001
1781505600,1029.5,1030.45,1029.1,1029.45,134040
1781505900,1029.5,1029.5,1027.1,1027.95,133979
1781506200,1027.55,1028.2,1026.4,1027.15,91169
1781506500,1027.15,1027.15,1025.5,1025.6,101908
1781506800,1025.55,1027.05,1025.55,1025.9,60172
1781507100,1025.8,1026.45,1024.35,1025.15,117818
1781507400,1025.1,1025.85,1024.85,1025.4,64366
1781507700,1025.4,1025.4,1024.3,1024.3,91075
1781508000,1024.3,1024.9,1023.15,1023.85,155618
1781508300,1023.9,1026.0,1023.8,1025.55,75264
1781508600,1025.75,1026.0,1025.0,1025.55,107306
1781508900,1025.5,1026.9,1025.5,1026.65,84357
1781509200,1026.95,1027.75,1026.35,1026.5,223117
1781509500,1026.75,1026.75,1024.8,1024.95,127292
1781509800,1025.0,1025.75,1024.8,1025.55,54599
1781510100,1025.7,1025.75,1025.0,1025.05,61077
1781510400,1025.05,1025.05,1023.65,1024.45,88567
1781510700,1024.75,1025.0,1023.8,1023.85,59836
1781511000,1023.9,1024.5,1023.45,1023.85,55075
1781511300,1023.8,1024.9,1023.35,1024.55,155788
1781511600,1024.45,1024.7,1023.0,1024.25,117317
1781511900,1024.25,1025.45,1023.05,1024.5,109526
1781512200,1024.8,1025.3,1024.05,1024.05,131567
1781512500,1024.5,1025.4,1023.3,1024.1,297004
1781512800,1024.1,1024.9,1022.0,1022.85,184305
1781513100,1023.0,1024.4,1022.1,1023.95,111298
1781513400,1023.95,1024.5,1023.0,1024.1,96680
1781513700,1024.1,1024.8,1023.5,1024.2,118800
1781514000,1024.2,1025.0,1023.6,1024.25,81067
1781514300,1024.35,1025.75,1024.25,1025.05,183095
1781514600,1025.1,1025.35,1023.55,1023.75,64592
1781514900,1023.8,1024.7,1022.9,1024.0,91506
1781515200,1023.9,1024.1,1022.1,1022.6,119949
1781515500,1022.45,1023.5,1022.15,1023.0,106112
1781515800,1023.2,1024.25,1021.05,1021.5,322655
1781516100,1021.75,1022.4,1020.2,1020.4,360376
1781516400,1020.35,1020.9,1018.5,1020.0,326903
1781516700,1020.0,1021.95,1019.6,1021.0,371184
1781517000,1020.85,1021.5,1020.05,1020.55,305176
1781517300,1020.55,1021.45,1020.0,1021.0,211610
1781581500,1023.8,1026.55,1020.05,1021.0,310170
1781581800,1020.8,1021.0,1018.3,1019.2,139928
1781582100,1019.3,1021.6,1019.3,1021.25,129977
1781582400,1021.15,1021.4,1019.4,1020.05,119089
1781582700,1020.2,1020.45,1018.5,1018.75,71714
1781583000,1018.95,1019.4,1017.1,1017.65,115520
1781583300,1017.7,1018.9,1017.3,1017.65,98605
1781583600,1017.8,1018.65,1017.1,1017.85,67462
1781583900,1017.85,1018.4,1017.55,1018.4,43864
1781584200,1018.4,1019.0,1016.3,1016.5,104891
1781584500,1016.5,1017.55,1016.05,1016.85,63309
1781584800,1016.85,1017.45,1015.8,1017.0,79977
1781585100,1017.0,1017.7,1016.6,1017.3,50181
1781585400,1017.45,1018.1,1016.95,1017.15,50455
1781585700,1017.1,1018.45,1016.65,1018.15,63398
1781586000,1018.15,1020.1,1018.0,1020.1,81061
1781586300,1020.1,1021.0,1019.95,1020.15,93541
1781586600,1020.25,1020.95,1018.9,1019.25,121178
1781586900,1019.5,1019.65,1018.85,1019.15,86179
1781587200,1019.15,1019.15,1017.25,1017.6,71533
1781587500,1017.45,1018.0,1014.7,1015.1,217108
1781587800,1015.25,1015.5,1014.2,1014.8,125446
1781588100,1014.85,1015.5,1014.1,1014.3,127874
1781588400,1014.2,1014.35,1012.5,1013.75,140763
1781588700,1013.55,1014.9,1013.5,1013.7,113544
1781589000,1013.7,1013.95,1012.1,1013.5,102412
1781589300,1013.7,1013.85,1011.2,1011.6,111196
1781589600,1011.75,1012.35,1011.2,1012.35,83377
1781589900,1012.35,1012.35,1010.1,1010.3,197720
1781590200,1010.5,1010.95,1010.0,1010.45,85824
1781590500,1010.3,1011.3,1009.0,1010.25,244485
1781590800,1010.45,1011.85,1010.2,1011.8,136873
1781591100,1011.6,1011.85,1009.9,1011.5,116393
1781591400,1011.7,1012.15,1009.65,1010.15,126297
1781591700,1010.5,1011.1,1010.0,1011.0,38089
1781592000,1010.8,1011.25,1010.3,1010.3,45360
1781592300,1010.55,1011.15,1010.0,1010.7,64255
1781592600,1010.55,1011.0,1009.75,1010.3,146527
1781592900,1010.25,1012.2,1010.0,1012.0,138395
1781593200,1011.95,1012.75,1010.8,1010.8,112564
1781593500,1010.9,1012.5,1010.75,1011.6,158509
1781593800,1011.65,1011.7,1007.4,1008.55,274040
1781594100,1008.1,1009.4,1007.55,1008.9,215777
1781594400,1009.3,1009.4,1008.0,1008.1,158895
1781594700,1008.1,1009.6,1008.0,1009.3,94538
1781595000,1009.3,1009.95,1007.85,1008.0,64951
1781595300,1008.15,1009.0,1008.0,1008.9,57031
1781595600,1008.9,1009.4,1008.25,1008.4,59785
1781595900,1008.4,1009.35,1008.4,1008.7,49936
1781596200,1008.7,1009.8,1008.1,1009.65,72015
1781596500,1009.75,1010.75,1009.7,1010.5,60032
1781596800,1010.7,1010.7,1009.45,1010.2,51967
1781597100,1010.05,1010.8,1009.8,1010.2,63164
1781597400,1010.0,1011.2,1009.75,1010.5,103159
1781597700,1010.5,1012.5,1010.4,1012.2,75281
1781598000,1012.6,1012.75,1010.8,1011.9,106925
1781598300,1011.85,1013.4,1011.1,1011.15,140775
1781598600,1011.35,1012.1,1010.7,1011.3,100694
1781598900,1011.45,1011.9,1010.9,1011.55,75449
1781599200,1011.55,1013.9,1011.55,1013.7,112717
1781599500,1013.8,1014.0,1013.25,1013.5,141828
1781599800,1013.45,1013.7,1012.5,1013.7,117193
1781600100,1013.7,1013.85,1012.0,1012.75,125479
1781600400,1012.75,1013.95,1012.45,1013.95,73137
1781600700,1013.9,1014.3,1013.4,1014.15,135795
1781601000,1014.1,1014.35,1011.1,1011.1,247241
1781601300,1011.4,1013.25,1011.15,1013.0,141031
1781601600,1013.1,1014.5,1012.55,1014.3,166757
1781601900,1014.2,1015.1,1014.15,1014.4,183508
1781602200,1014.4,1015.25,1014.05,1014.8,210714
1781602500,1014.85,1015.25,1014.55,1014.85,434268
1781602800,1015.0,1016.4,1014.9,1016.25,414813
1781603100,1016.25,1016.4,1015.05,1015.45,296409
1781603400,1015.45,1015.7,1015.35,1015.45,203116
1781603700,1015.55,1016.55,1015.0,1016.0,234788
1781667900,1017.0,1019.5,1014.55,1015.85,208058
1781668200,1016.0,1017.5,1015.4,1015.6,99049
1781668500,1015.45,1015.9,1014.75,1015.3,98390
1781668800,1015.6,1016.45,1015.2,1016.2,63946
1781669100,1016.15,1016.5,1015.15,1015.55,45885
1781669400,1015.7,1016.1,1015.05,1015.95,55436
1781669700,1016.05,1016.35,1014.65,1015.5,127014
1781670000,1015.5,1016.6,1014.65,1016.35,122006
1781670300,1016.45,1016.45,1015.05,1015.85,123520
1781670600,1015.75,1016.2,1014.0,1014.05,164067
1781670900,1014.35,1015.9,1013.45,1015.8,142644
1781671200,1015.55,1016.2,1015.0,1015.0,56163
1781671500,1015.15,1017.15,1014.6,1016.9,129731
1781671800,1016.85,1019.0,1016.85,1018.8,120776
1781672100,1018.7,1018.8,1016.65,1016.65,84452
1781672400,1016.7,1017.2,1015.65,1015.85,102126
1781672700,1016.0,1017.85,1015.85,1017.55,160293
1781673000,1017.55,1018.15,1017.0,1017.8,44855
1781673300,1017.9,1018.4,1016.8,1017.1,76322
1781673600,1017.0,1018.0,1016.75,1018.0,61818
1781673900,1017.9,1018.7,1016.85,1017.2,119383
1781674200,1017.5,1018.25,1017.05,1017.85,60156
1781674500,1017.75,1018.65,1017.3,1018.45,56726
1781674800,1018.45,1021.0,1018.35,1020.1,185431
1781675100,1020.05,1020.65,1018.65,1019.55,98654
1781675400,1019.95,1019.95,1018.3,1018.9,76798
1781675700,1018.9,1019.2,1018.0,1019.05,97590
1781676000,1019.05,1020.05,1018.7,1019.25,61187
1781676300,1019.25,1019.25,1017.4,1017.4,111756
1781676600,1017.6,1018.9,1017.0,1018.45,100446
1781676900,1018.65,1019.65,1018.35,1019.55,98539
1781677200,1019.55,1019.55,1018.4,1019.1,66316
1781677500,1018.7,1019.15,1018.25,1018.3,81714
1781677800,1018.45,1020.8,1018.1,1020.55,101817
1781678100,1020.55,1022.0,1019.9,1021.1,147258
1781678400,1021.1,1021.55,1019.5,1019.85,117684
1781678700,1019.9,1021.0,1019.6,1021.0,65543
1781679000,1020.7,1021.25,1020.2,1020.5,99616
1781679300,1020.55,1021.1,1019.5,1021.0,147270
1781679600,1021.0,1021.15,1020.1,1021.1,59838
1781679900,1021.15,1021.75,1020.8,1021.55,73427
1781680200,1021.3,1022.5,1021.05,1021.65,81708
1781680500,1021.75,1023.0,1021.75,1022.05,87968
1781680800,1022.0,1022.3,1020.8,1020.95,63985
1781681100,1020.95,1021.55,1020.35,1020.5,63973
1781681400,1020.5,1021.95,1020.35,1021.9,69864
1781681700,1021.9,1022.9,1021.3,1022.5,70130
1781682000,1022.5,1022.9,1021.0,1021.0,78752
1781682300,1021.0,1022.1,1020.7,1020.9,85587
1781682600,1020.9,1022.0,1020.9,1021.25,48453
1781682900,1021.5,1022.1,1021.2,1021.25,45591
1781683200,1021.35,1022.2,1021.05,1022.2,48866
1781683500,1022.2,1023.0,1021.6,1022.4,84535
1781683800,1022.45,1023.0,1021.65,1022.9,112868
1781684100,1022.65,1024.0,1022.3,1024.0,115482
1781684400,1023.8,1024.0,1022.25,1023.85,168406
1781684700,1023.85,1024.0,1023.25,1024.0,75910
1781685000,1024.0,1025.0,1023.65,1024.15,161660
1781685300,1024.45,1024.45,1023.0,1023.3,129379
1781685600,1023.35,1024.55,1023.0,1024.2,82855
1781685900,1024.2,1024.75,1023.35,1024.45,109732
1781686200,1024.6,1025.0,1023.4,1023.9,130982
1781686500,1023.95,1024.05,1022.1,1022.55,102012
1781686800,1022.55,1023.8,1021.8,1023.5,105459
1781687100,1023.25,1024.0,1023.05,1024.0,86886
1781687400,1023.8,1024.5,1023.8,1024.25,67622
1781687700,1024.25,1024.4,1023.2,1023.45,58137
1781688000,1023.5,1023.95,1022.8,1023.55,82110
1781688300,1023.8,1025.2,1023.55,1025.2,131553
1781688600,1025.2,1025.75,1024.6,1024.85,256854
1781688900,1024.7,1026.75,1024.7,1026.65,240775
1781689200,1026.7,1026.7,1025.9,1026.0,113498
1781689500,1026.0,1027.5,1025.3,1027.35,346432
1781689800,1027.4,1028.1,1026.65,1027.3,424769
1781690100,1027.3,1027.45,1026.0,1026.5,128545
1781754300,1027.9,1031.7,1025.05,1030.7,394161
1781754600,1030.6,1031.45,1028.65,1029.5,173356
1781754900,1029.6,1029.8,1028.65,1028.9,56922
1781755200,1028.9,1029.5,1028.1,1029.0,85752
1781755500,1028.8,1029.0,1027.1,1028.45,61808
1781755800,1028.8,1029.5,1028.35,1028.4,108892
1781756100,1028.65,1029.5,1027.2,1028.25,114796
1781756400,1028.3,1028.9,1027.7,1028.6,71698
1781756700,1028.6,1029.8,1027.55,1028.55,93421
1781757000,1028.9,1029.35,1028.0,1028.25,54190
1781757300,1028.65,1030.5,1028.5,1029.65,117590
1781757600,1030.0,1030.35,1029.0,1029.2,63901
1781757900,1029.5,1029.65,1028.1,1028.7,50428
1781758200,1028.5,1028.95,1027.65,1028.0,76866
1781758500,1027.95,1028.15,1027.2,1027.2,51259
1781758800,1027.45,1027.95,1026.75,1027.8,91155
1781759100,1027.7,1028.35,1025.6,1025.75,104762
1781759400,1025.75,1026.45,1024.45,1025.95,103218
1781759700,1025.55,1026.9,1025.3,1025.9,53231
1781760000,1025.9,1029.45,1025.5,1029.3,125156
1781760300,1029.3,1030.5,1028.6,1030.4,131563
1781760600,1030.5,1030.75,1029.25,1029.7,47381
1781760900,1029.7,1030.0,1028.25,1028.85,66923
1781761200,1029.0,1030.35,1028.6,1030.0,76091
1781761500,1030.0,1030.35,1029.2,1029.8,49498
1781761800,1029.85,1030.5,1029.1,1029.95,77944
1781762100,1030.0,1030.9,1029.9,1030.75,60900
1781762400,1030.9,1034.9,1030.6,1034.35,321710
1781762700,1034.2,1037.0,1033.75,1036.8,259754
1781763000,1036.9,1041.0,1036.15,1040.4,502258
1781763300,1040.4,1044.85,1040.4,1044.45,672404
1781763600,1044.3,1045.7,1042.75,1043.0,633530
1781763900,1042.75,1044.0,1042.1,1042.5,184316
1781764200,1042.6,1043.5,1041.5,1043.1,157598
1781764500,1043.2,1043.35,1042.05,1042.65,111479
1781764800,1042.45,1042.6,1039.35,1039.5,169522
1781765100,1039.8,1040.0,1038.8,1039.2,106310
1781765400,1039.15,1039.4,1037.9,1039.1,109026
1781765700,1039.1,1040.0,1038.5,1039.0,80807
1781766000,1038.75,1039.6,1038.3,1039.5,56081
1781766300,1039.5,1039.95,1038.55,1039.9,51893
1781766600,1039.95,1040.9,1039.75,1040.4,62904
1781766900,1040.45,1041.0,1039.55,1040.05,64133
1781767200,1040.25,1040.55,1039.65,1040.25,46640
1781767500,1040.25,1041.35,1039.9,1040.5,47230
1781767800,1040.5,1040.9,1039.85,1040.5,48350
1781768100,1040.55,1040.75,1038.45,1038.7,75040
1781768400,1038.5,1038.7,1037.9,1038.6,50524
1781768700,1038.65,1039.1,1037.5,1038.05,116247
1781769000,1038.2,1038.4,1037.5,1038.05,66652
1781769300,1038.2,1040.0,1037.55,1039.6,106102
1781769600,1039.6,1041.8,1038.95,1041.5,144256
1781769900,1041.5,1042.0,1040.95,1041.1,107445
1781770200,1041.2,1041.2,1040.05,1040.3,60458
1781770500,1040.55,1040.75,1039.3,1040.4,105401
1781770800,1040.4,1040.7,1040.0,1040.25,50313
1781771100,1040.25,1041.3,1040.1,1040.45,99923
1781771400,1040.55,1042.4,1040.45,1042.1,101078
1781771700,1042.0,1043.4,1042.0,1043.0,255218
1781772000,1043.05,1043.2,1042.65,1043.0,207964
1781772300,1043.05,1043.15,1042.45,1043.0,185368
1781772600,1043.1,1044.4,1042.9,1044.0,234896
1781772900,1044.05,1045.4,1043.15,1043.35,307765
1781773200,1043.3,1043.45,1041.65,1042.5,106692
1781773500,1042.55,1042.85,1041.0,1041.65,164813
1781773800,1041.8,1042.6,1041.6,1042.35,94748
1781774100,1042.55,1043.3,1041.5,1041.8,157950
1781774400,1041.85,1042.8,1041.45,1042.6,125917
1781774700,1042.65,1042.75,1041.8,1042.2,56507
1781775000,1042.35,1042.8,1040.6,1040.85,304080
1781775300,1040.85,1043.9,1040.5,1043.7,279827
1781775600,1043.9,1044.5,1042.2,1043.75,285053
1781775900,1043.75,1044.95,1042.0,1043.0,366620
1781776200,1043.05,1043.9,1042.55,1042.85,253178
1781776500,1042.8,1043.0,1040.65,1042.5,286145
1781840700,1042.0,1042.0,1038.8,1040.0,237831
1781841000,1039.7,1040.0,1036.65,1038.25,161585
1781841300,1038.25,1038.25,1037.0,1037.45,65001
1781841600,1037.45,1037.5,1035.5,1036.9,68089
1781841900,1037.0,1037.85,1036.25,1037.3,85403
1781842200,1037.35,1037.6,1035.8,1035.8,81274
1781842500,1036.15,1036.15,1034.55,1034.95,139889
1781842800,1035.2,1035.2,1034.0,1034.9,87842
1781843100,1034.95,1035.2,1034.65,1035.15,55632
1781843400,1035.15,1035.3,1034.05,1035.0,59552
1781843700,1035.15,1035.7,1034.5,1035.35,82960
1781844000,1035.5,1036.6,1034.85,1035.7,207466
1781844300,1035.15,1036.35,1034.85,1035.15,105478
1781844600,1035.65,1035.9,1034.8,1035.3,109613
1781844900,1035.4,1035.85,1034.5,1034.75,49594
1781845200,1034.75,1034.8,1032.6,1033.5,270709
1781845500,1033.7,1033.85,1032.8,1033.0,70195
1781845800,1033.3,1033.85,1032.5,1033.6,52182
1781846100,1033.6,1033.8,1032.1,1032.5,77083
1781846400,1032.55,1032.65,1030.8,1031.1,117454
1781846700,1031.0,1031.1,1030.05,1030.55,109116
1781847000,1030.6,1032.75,1030.2,1031.9,89757
1781847300,1031.9,1033.45,1031.65,1033.15,58678
1781847600,1033.35,1034.35,1033.15,1034.05,105136
1781847900,1034.1,1034.35,1033.0,1033.4,70279
1781848200,1033.45,1033.6,1032.25,1032.6,48873
1781848500,1032.6,1033.15,1032.4,1033.15,35848
1781848800,1033.15,1034.4,1032.5,1034.0,69311
1781849100,1034.0,1035.0,1033.85,1033.85,66444
1781849400,1033.85,1034.2,1032.8,1033.1,66344
1781849700,1033.35,1033.6,1032.3,1032.6,99457
1781850000,1032.6,1033.95,1032.5,1033.1,48882
1781850300,1033.25,1034.0,1032.5,1033.75,41833
1781850600,1033.9,1034.0,1033.3,1033.6,54484
1781850900,1033.8,1033.85,1032.95,1033.1,39092
1781851200,1033.4,1033.65,1032.4,1032.9,42678
1781851500,1032.9,1033.05,1032.05,1032.7,66400
1781851800,1032.9,1034.0,1032.7,1033.85,39517
1781852100,1033.85,1035.1,1033.8,1034.5,59036
1781852400,1034.55,1035.15,1034.35,1034.9,61951
1781852700,1034.9,1035.0,1034.15,1034.6,50145
1781853000,1034.6,1034.6,1032.4,1032.8,91926
1781853300,1032.7,1033.4,1032.4,1032.6,46018
1781853600,1032.6,1033.15,1032.5,1032.85,37748
1781853900,1032.85,1032.85,1030.9,1031.55,123305
1781854200,1031.55,1031.9,1030.6,1030.6,56684
1781854500,1030.9,1032.55,1029.3,1032.05,305770
1781854800,1032.1,1032.35,1031.2,1032.35,76851
1781855100,1032.15,1033.4,1032.0,1032.65,112327
1781855400,1032.65,1033.5,1032.15,1032.7,60876
1781855700,1032.7,1033.5,1032.7,1033.45,40385
1781856000,1033.4,1034.35,1032.75,1034.35,49731
1781856300,1034.35,1034.6,1033.5,1034.25,46386
1781856600,1034.35,1034.8,1034.05,1034.65,51505
1781856900,1034.65,1034.95,1034.0,1034.85,58248
1781857200,1034.85,1034.85,1034.0,1034.4,91986
1781857500,1034.3,1035.0,1033.35,1034.75,83988
1781857800,1035.0,1036.0,1034.75,1036.0,86193
1781858100,1036.0,1037.05,1035.55,1035.9,93534
1781858400,1035.8,1036.55,1035.35,1036.4,69709
1781858700,1036.45,1036.9,1035.6,1035.7,62564
1781859000,1035.7,1036.0,1034.45,1034.8,62702
1781859300,1034.8,1036.3,1034.6,1035.7,63157
1781859600,1035.7,1036.45,1035.65,1035.95,62676
1781859900,1036.0,1036.7,1035.6,1036.1,63066
1781860200,1036.2,1036.25,1035.25,1035.5,54071
1781860500,1035.7,1035.7,1035.0,1035.35,52215
1781860800,1035.4,1035.4,1033.5,1034.3,129429
1781861100,1034.35,1034.35,1032.15,1033.1,143108
1781861400,1033.15,1036.05,1032.5,1034.9,696259
1781861700,1035.0,1036.0,1034.6,1034.8,504856
1781862000,1034.8,1035.65,1033.6,1035.0,689310
1781862300,1035.0,1036.0,1034.6,1035.3,496533
1781862600,1035.25,1036.1,1035.2,1036.0,502608
1781862900,1036.0,1036.6,1035.0,1036.0,393059
1782099900,1038.0,1041.6,1037.5,1038.0,230593
1782100200,1038.0,1039.75,1036.65,1037.5,122313
1782100500,1037.55,1037.75,1036.05,1036.5,79514
1782100800,1036.8,1036.8,1034.0,1034.4,177748
1782101100,1034.45,1034.9,1033.8,1034.3,84285
1782101400,1034.4,1034.45,1033.6,1034.4,60841
1782101700,1034.35,1036.6,1034.05,1036.1,86784
1782102000,1036.1,1037.0,1036.05,1036.65,63813
1782102300,1036.95,1037.05,1035.15,1036.85,160045
1782102600,1036.85,1037.95,1035.8,1035.9,129771
1782102900,1035.8,1037.9,1035.6,1037.9,77915
1782103200,1037.9,1038.5,1037.05,1037.45,122756
1782103500,1037.4,1037.7,1035.7,1035.8,71627
1782103800,1036.05,1036.3,1035.55,1035.85,41093
1782104100,1035.85,1036.5,1035.25,1036.5,66349
1782104400,1036.5,1036.5,1035.75,1036.0,35207
1782104700,1036.0,1036.5,1035.25,1035.8,105918
1782105000,1035.55,1037.0,1035.55,1036.65,41957
1782105300,1036.65,1036.65,1035.0,1035.9,118775
1782105600,1035.9,1036.0,1035.55,1035.6,30657
1782105900,1035.7,1036.95,1035.55,1036.85,68777
1782106200,1036.9,1036.9,1036.25,1036.25,64198
1782106500,1036.5,1036.8,1036.25,1036.6,36527
1782106800,1036.65,1036.8,1035.4,1036.0,99463
1782107100,1036.0,1036.35,1035.6,1035.8,25495
1782107400,1035.8,1036.0,1035.3,1035.85,32761
1782107700,1035.85,1036.4,1035.5,1035.75,25808
1782108000,1035.75,1036.35,1035.7,1036.35,25281
1782108300,1036.15,1036.8,1036.15,1036.55,40504
1782108600,1036.55,1036.7,1035.95,1036.25,32553
1782108900,1036.2,1036.2,1035.6,1036.2,60506
1782109200,1036.0,1036.2,1035.8,1036.0,30099
1782109500,1036.0,1036.0,1035.65,1036.0,39862
1782109800,1036.0,1036.0,1035.25,1035.55,32139
1782110100,1035.55,1036.0,1035.5,1035.85,27094
1782110400,1035.85,1035.95,1035.15,1035.6,32237
1782110700,1035.3,1036.65,1035.3,1036.65,45948
1782111000,1036.5,1037.8,1036.5,1037.8,61073
1782111300,1037.8,1037.8,1036.9,1037.35,39848
1782111600,1037.35,1038.0,1036.85,1037.3,60538
1782111900,1037.05,1037.3,1036.6,1037.1,46400
1782112200,1037.1,1037.35,1036.7,1037.25,40594
1782112500,1037.25,1037.35,1036.5,1037.0,35339
1782112800,1037.2,1037.9,1036.75,1036.8,48997
1782113100,1037.0,1038.9,1037.0,1038.9,70705
1782113400,1038.85,1041.65,1038.25,1040.0,433513
1782113700,1039.75,1040.0,1039.05,1039.1,58937
1782114000,1039.3,1039.45,1037.2,1037.6,97345
1782114300,1037.75,1038.45,1037.1,1037.55,89173
1782114600,1037.55,1037.6,1036.65,1037.25,55756
1782114900,1037.5,1037.5,1037.0,1037.1,34769
1782115200,1037.1,1037.7,1037.0,1037.0,33443
1782115500,1037.25,1038.0,1037.0,1037.1,58187
1782115800,1037.05,1037.95,1036.1,1037.35,112055
1782116100,1037.35,1037.95,1037.2,1037.35,27050
1782116400,1037.4,1038.2,1037.25,1037.85,29883
1782116700,1038.2,1038.45,1037.1,1037.65,53376
1782117000,1037.65,1038.15,1037.3,1037.35,46679
1782117300,1037.45,1037.5,1037.0,1037.0,28848
1782117600,1037.05,1038.0,1035.9,1035.9,56817
1782117900,1035.75,1037.35,1035.1,1037.0,191019
1782118200,1037.25,1037.8,1036.85,1037.3,46234
1782118500,1037.75,1038.85,1037.25,1038.2,70493
1782118800,1038.2,1038.9,1037.7,1038.9,63552
1782119100,1038.85,1040.5,1038.85,1040.2,127380
1782119400,1040.05,1040.2,1039.75,1040.05,67200
1782119700,1040.2,1040.85,1039.85,1040.15,70161
1782120000,1040.1,1040.85,1040.0,1040.25,48557
1782120300,1040.3,1041.2,1039.95,1041.0,97340
1782120600,1041.05,1041.2,1039.8,1040.3,166802
1782120900,1040.3,1043.0,1040.3,1041.35,315582
1782121200,1041.3,1041.4,1040.8,1041.25,114101
1782121500,1041.2,1041.4,1040.0,1040.25,150478
1782121800,1040.2,1040.4,1039.85,1040.05,169121
1782122100,1040.05,1042.0,1039.4,1041.0,241058
1782186300,1041.0,1043.4,1037.8,1041.95,225246
1782186600,1042.3,1044.6,1042.1,1043.1,137222
1782186900,1043.1,1045.3,1043.1,1045.3,96361
1782187200,1045.35,1045.5,1043.6,1043.95,161726
1782187500,1044.15,1045.5,1043.55,1043.75,129290
1782187800,1044.2,1044.7,1040.7,1041.5,392491
1782188100,1041.45,1042.8,1040.0,1042.4,124928
1782188400,1042.4,1042.75,1041.4,1042.05,72898
1782188700,1042.3,1042.6,1041.15,1041.6,83208
1782189000,1041.6,1041.75,1040.5,1041.0,50884
1782189300,1040.9,1041.35,1038.55,1039.45,113580
1782189600,1039.5,1040.0,1038.2,1038.4,64311
1782189900,1038.35,1039.2,1038.1,1039.2,72154
1782190200,1039.4,1039.4,1037.6,1038.85,117154
1782190500,1038.7,1038.9,1038.0,1038.7,70952
1782190800,1038.8,1038.95,1038.0,1038.7,54265
1782191100,1038.45,1038.95,1038.0,1038.0,38837
1782191400,1038.3,1038.45,1036.05,1036.05,87108
1782191700,1036.2,1036.4,1035.3,1035.5,174168
1782192000,1035.85,1036.7,1035.6,1036.5,36817
1782192300,1036.3,1036.45,1036.0,1036.15,39666
1782192600,1036.15,1036.85,1035.4,1036.4,140381
1782192900,1036.45,1037.4,1036.0,1036.6,75532
1782193200,1036.8,1037.6,1036.3,1037.55,52253
1782193500,1036.95,1038.45,1036.95,1037.9,79811
1782193800,1037.85,1038.0,1036.4,1037.0,60306
1782194100,1037.35,1038.75,1036.65,1037.5,116459
1782194400,1037.75,1038.05,1036.8,1037.4,83232
1782194700,1037.4,1037.4,1036.0,1036.35,59722
1782195000,1036.0,1036.35,1035.1,1035.55,121788
1782195300,1035.8,1035.85,1033.5,1033.6,139421
1782195600,1033.55,1034.9,1033.35,1034.2,100263
1782195900,1034.35,1034.35,1032.6,1033.0,65475
1782196200,1033.05,1034.15,1032.2,1033.8,177227
1782196500,1033.8,1034.0,1032.4,1032.85,38557
1782196800,1032.85,1033.4,1031.75,1033.0,153290
1782197100,1033.0,1033.5,1032.1,1032.25,87786
1782197400,1032.35,1032.35,1029.15,1030.0,144869
1782197700,1029.95,1031.8,1029.65,1030.95,141292
1782198000,1030.75,1031.0,1030.1,1030.35,79575
1782198300,1030.5,1031.6,1030.25,1031.3,101685
1782198600,1031.3,1031.35,1030.25,1030.8,111532
1782198900,1030.8,1030.85,1029.55,1030.5,103325
1782199200,1030.55,1030.6,1030.0,1030.25,36693
1782199500,1030.25,1030.8,1030.0,1030.35,63316
1782199800,1030.35,1030.7,1029.35,1030.0,107609
1782200100,1030.25,1031.6,1029.65,1031.05,147256
1782200400,1031.05,1031.4,1030.05,1030.1,56834
1782200700,1030.2,1030.4,1029.0,1029.7,107187
1782201000,1029.6,1030.95,1029.55,1030.5,88913
1782201300,1030.5,1030.5,1028.75,1029.45,158751
1782201600,1029.65,1029.65,1027.6,1028.0,117150
1782201900,1028.0,1029.0,1027.1,1027.45,201155
1782202200,1027.55,1028.0,1026.9,1027.65,204644
1782202500,1027.9,1027.9,1024.8,1025.1,275348
1782202800,1025.1,1025.45,1023.0,1025.0,224503
1782203100,1024.9,1025.0,1023.5,1024.05,137056
1782203400,1024.3,1025.5,1023.5,1025.45,81848
1782203700,1025.4,1025.7,1024.2,1024.8,121203
1782204000,1025.0,1026.95,1024.75,1026.0,93962
1782204300,1026.2,1026.2,1024.65,1025.0,101643
1782204600,1024.65,1025.9,1024.5,1025.9,87062
1782204900,1025.9,1027.55,1025.8,1026.9,137121
1782205200,1027.0,1027.0,1025.4,1025.85,50458
1782205500,1026.0,1026.45,1025.4,1025.9,43438
1782205800,1025.9,1028.7,1025.25,1027.8,136245
1782206100,1028.05,1029.25,1026.2,1027.0,258804
1782206400,1027.25,1027.8,1026.0,1027.25,162604
1782206700,1027.35,1027.95,1026.5,1026.65,176444
1782207000,1026.8,1027.5,1023.9,1025.05,430609
1782207300,1025.3,1025.8,1024.4,1024.7,412982
1782207600,1024.7,1026.15,1023.8,1024.65,481718
1782207900,1024.6,1024.7,1022.4,1023.2,343805
1782208200,1023.2,1024.3,1022.4,1023.15,410136
1782208500,1022.95,1025.0,1022.35,1024.0,358673
1782272700,1024.0,1029.3,1023.65,1026.8,257829
1782273000,1026.8,1028.5,1026.2,1026.8,124469
1782273300,1026.75,1027.6,1025.2,1025.95,104410
1782273600,1025.75,1026.9,1022.1,1023.15,196660
1782273900,1023.1,1023.65,1021.0,1021.55,178083
1782274200,1021.55,1024.8,1021.45,1023.15,105015
1782274500,1023.35,1024.2,1021.7,1021.7,57875
1782274800,1021.85,1022.3,1020.5,1021.45,84469
1782275100,1021.7,1022.85,1021.55,1022.35,91693
1782275400,1022.35,1026.4,1022.3,1025.65,127483
1782275700,1025.5,1026.2,1025.05,1025.25,71130
1782276000,1025.3,1027.2,1025.2,1025.75,90453
1782276300,1025.6,1026.4,1025.15,1025.5,59693
1782276600,1025.55,1026.9,1025.2,1026.8,44934
1782276900,1026.8,1026.9,1025.0,1025.0,49184
1782277200,1025.3,1025.6,1023.95,1025.25,75359
1782277500,1025.25,1025.25,1024.3,1024.5,40127
1782277800,1024.5,1025.25,1024.15,1024.45,36531
1782278100,1024.3,1026.25,1024.3,1025.5,44138
1782278400,1025.5,1026.7,1024.6,1026.3,57444
1782278700,1026.3,1026.8,1025.85,1025.9,51937
1782279000,1025.9,1026.7,1025.85,1026.05,42142
1782279300,1026.25,1027.95,1026.1,1027.85,65757
1782279600,1027.7,1029.9,1027.3,1029.5,187713
1782279900,1029.7,1030.5,1029.0,1029.7,196154
1782280200,1029.95,1031.65,1029.65,1030.55,132709
1782280500,1030.65,1031.95,1029.45,1031.95,240962
1782280800,1031.95,1033.0,1031.1,1032.3,122221
1782281100,1032.2,1033.4,1032.0,1033.0,165935
1782281400,1033.0,1036.5,1032.85,1036.5,208577
1782281700,1036.5,1039.3,1036.2,1038.85,241987
1782282000,1039.0,1039.7,1037.55,1039.35,185851
1782282300,1039.3,1040.65,1038.9,1040.0,494198
1782282600,1040.0,1040.2,1039.0,1039.4,85325
1782282900,1039.4,1040.8,1039.35,1040.25,316641
1782283200,1040.25,1040.25,1038.5,1039.0,187136
1782283500,1039.0,1042.8,1038.9,1041.6,282393
1782283800,1041.6,1044.5,1041.2,1044.4,199443
1782284100,1044.45,1044.5,1042.65,1042.85,120954
1782284400,1042.85,1043.2,1040.0,1041.7,132678
1782284700,1041.7,1041.7,1039.55,1040.6,147954
1782285000,1040.6,1041.0,1040.0,1040.05,91756
1782285300,1040.15,1040.45,1038.5,1038.8,247419
1782285600,1038.7,1039.95,1038.6,1039.45,59128
1782285900,1039.5,1040.0,1039.0,1039.7,41570
1782286200,1039.8,1040.5,1039.1,1039.45,75917
1782286500,1039.4,1039.85,1038.3,1039.45,89255
1782286800,1039.6,1041.9,1039.5,1041.7,84610
1782287100,1041.7,1042.85,1041.35,1042.8,118141
1782287400,1042.8,1043.75,1042.1,1042.4,103170
1782287700,1042.4,1042.85,1041.95,1042.65,56575
1782288000,1042.75,1042.8,1041.45,1042.0,56069
1782288300,1041.95,1042.95,1041.75,1042.55,68739
1782288600,1042.4,1043.0,1042.1,1042.4,85487
1782288900,1042.5,1043.0,1041.75,1042.05,84362
1782289200,1042.05,1042.4,1040.7,1041.85,69302
1782289500,1041.8,1041.85,1040.2,1041.2,64372
1782289800,1041.2,1041.45,1040.0,1040.5,83206
1782290100,1040.3,1042.0,1040.0,1040.55,409134
1782290400,1040.5,1042.0,1040.0,1040.15,171685
1782290700,1040.1,1040.8,1039.2,1039.35,226030
1782291000,1039.3,1039.8,1037.2,1038.45,123218
1782291300,1038.1,1039.0,1037.55,1038.5,98391
1782291600,1038.55,1040.85,1038.0,1040.65,164930
1782291900,1040.65,1041.0,1039.5,1040.05,268873
1782292200,1040.4,1041.0,1040.0,1040.05,129589
1782292500,1040.0,1040.5,1038.2,1038.2,159262
1782292800,1038.1,1039.5,1038.0,1039.05,124141
1782293100,1039.25,1040.25,1037.85,1037.95,580682
1782293400,1038.15,1038.15,1034.65,1034.95,375861
1782293700,1034.9,1035.7,1034.5,1035.05,673038
1782294000,1035.0,1035.05,1033.2,1033.5,264428
1782294300,1033.45,1034.4,1033.25,1034.25,280878
1782294600,1034.15,1034.65,1033.55,1034.35,275939
1782294900,1034.5,1035.5,1034.0,1034.5,194920
1782359100,1040.0,1046.65,1038.55,1042.9,744230
1782359400,1042.9,1046.8,1042.7,1046.0,482477
1782359700,1046.4,1049.5,1045.5,1049.1,524484
1782360000,1049.1,1050.75,1046.85,1050.75,593996
1782360300,1050.3,1051.9,1050.3,1051.65,354418
1782360600,1051.6,1052.1,1050.5,1051.55,316992
1782360900,1051.55,1053.5,1051.4,1051.75,328289
1782361200,1051.7,1051.8,1050.65,1051.6,304919
1782361500,1051.45,1051.7,1049.8,1050.25,283758
1782361800,1050.4,1051.0,1049.7,1050.0,237887
1782362100,1050.05,1050.3,1047.5,1048.0,305854
1782362400,1047.9,1049.7,1047.7,1049.15,178683
1782362700,1049.4,1049.5,1047.6,1048.0,128071
1782363000,1048.2,1048.6,1046.5,1048.3,215366
1782363300,1048.3,1049.85,1048.0,1049.6,186805
1782363600,1049.8,1051.45,1049.5,1050.3,205625
1782363900,1050.4,1050.45,1048.85,1049.3,90578
1782364200,1049.25,1050.1,1049.0,1049.75,140493
1782364500,1049.5,1050.85,1049.4,1050.5,62791
1782364800,1050.8,1050.8,1049.1,1049.55,64049
1782365100,1049.55,1050.8,1049.25,1050.3,169658
1782365400,1050.3,1050.6,1049.15,1049.9,82318
1782365700,1049.9,1050.35,1049.55,1049.8,128566
1782366000,1049.65,1050.9,1049.35,1050.45,168503
1782366300,1050.45,1050.95,1049.8,1050.6,117266
1782366600,1050.6,1051.5,1050.3,1050.95,119169
1782366900,1050.95,1051.2,1050.3,1050.75,55595
1782367200,1050.75,1050.9,1050.1,1050.55,43332
1782367500,1050.55,1050.95,1050.15,1050.8,55792
1782367800,1050.85,1050.95,1050.05,1050.85,108644
1782368100,1050.85,1051.0,1050.25,1050.4,93059
1782368400,1050.55,1052.65,1050.25,1052.5,268052
1782368700,1052.35,1054.0,1052.25,1053.55,235434
1782369000,1053.55,1055.4,1053.4,1055.0,369750
1782369300,1055.25,1055.4,1054.45,1054.8,184235
1782369600,1054.8,1055.25,1053.1,1053.4,164629
1782369900,1053.2,1054.9,1052.75,1054.75,192113
1782370200,1054.8,1054.8,1052.5,1052.7,156813
1782370500,1052.75,1053.0,1051.0,1051.1,180271
1782370800,1051.15,1051.75,1050.05,1050.95,329357
1782371100,1050.95,1052.45,1050.45,1051.85,246879
1782371400,1051.9,1051.9,1050.1,1050.3,135923
1782371700,1050.55,1050.7,1049.15,1049.75,150908
1782372000,1050.0,1050.15,1049.35,1049.85,128753
1782372300,1049.65,1051.45,1049.6,1051.2,142004
1782372600,1051.0,1052.45,1050.55,1051.75,129060
1782372900,1051.5,1052.25,1050.75,1051.4,94563
1782373200,1051.15,1051.3,1049.6,1049.8,150616
1782373500,1049.85,1050.75,1049.7,1050.7,129239
1782373800,1050.5,1051.7,1050.2,1051.7,153974
1782374100,1051.65,1051.7,1050.3,1050.7,171341
1782374400,1051.1,1051.1,1049.7,1050.35,161470
1782374700,1050.35,1052.0,1050.15,1051.95,73396
1782375000,1052.0,1053.0,1052.0,1052.2,107773
1782375300,1052.2,1052.5,1051.0,1051.5,117332
1782375600,1051.5,1051.85,1050.5,1050.55,105331
1782375900,1050.7,1050.8,1049.8,1049.8,172890
1782376200,1049.8,1050.4,1049.25,1049.75,243760
1782376500,1049.7,1050.0,1048.2,1048.45,215250
1782376800,1048.3,1048.6,1046.0,1046.1,274948
1782377100,1046.1,1047.3,1045.55,1046.45,237283
1782377400,1046.8,1048.1,1046.5,1047.75,276210
1782377700,1047.7,1048.0,1046.5,1047.4,162127
1782378000,1047.65,1048.4,1046.8,1046.9,96253
1782378300,1047.0,1048.45,1046.9,1047.75,229717
1782378600,1047.75,1048.4,1045.15,1045.3,192907
1782378900,1045.3,1046.8,1044.8,1045.7,220554
1782379200,1045.7,1048.35,1045.6,1047.55,163484
1782379500,1047.4,1048.4,1046.15,1047.0,140574
1782379800,1046.65,1046.75,1043.7,1044.85,482390
1782380100,1044.85,1046.3,1043.75,1045.65,403375
1782380400,1045.6,1046.7,1045.1,1045.9,415263
1782380700,1045.9,1046.9,1045.0,1045.4,345671
1782381000,1045.35,1046.4,1044.6,1045.1,281767
1782381300,1045.25,1046.0,1044.85,1046.0,204354
1782704700,1044.45,1046.0,1040.1,1042.5,459402
1782705000,1042.5,1044.45,1041.55,1041.8,167614
1782705300,1041.9,1042.6,1040.35,1042.5,115616
1782705600,1042.5,1042.95,1040.7,1040.7,144376
1782705900,1040.6,1042.45,1040.6,1042.05,137093
1782706200,1042.05,1044.9,1040.65,1043.95,195932
1782706500,1043.75,1043.95,1041.8,1042.1,130438
1782706800,1042.25,1043.5,1041.4,1043.5,122751
1782707100,1043.5,1043.5,1042.0,1042.2,93773
1782707400,1042.25,1042.5,1040.0,1040.25,176025
1782707700,1040.0,1043.9,1039.6,1042.75,140242
1782708000,1042.75,1043.0,1041.05,1041.05,112820
1782708300,1040.9,1041.55,1040.2,1041.25,112162
1782708600,1041.4,1043.5,1041.15,1043.35,150748
1782708900,1043.25,1046.4,1042.9,1044.7,216581
1782709200,1044.7,1045.35,1043.3,1043.4,104435
1782709500,1043.35,1043.9,1041.95,1042.9,97970
1782709800,1042.9,1044.8,1042.4,1044.8,87820
1782710100,1044.55,1045.0,1042.8,1043.95,143017
1782710400,1043.95,1043.95,1041.5,1042.35,87469
1782710700,1042.0,1043.25,1041.6,1042.75,57486
1782711000,1042.75,1043.85,1042.0,1043.4,61325
1782711300,1043.5,1044.35,1042.0,1042.8,105401
1782711600,1042.5,1043.35,1041.9,1042.45,88004
1782711900,1042.35,1043.25,1041.9,1042.6,53429
1782712200,1042.35,1042.8,1041.95,1042.8,57132
1782712500,1042.9,1043.0,1042.15,1042.55,58695
1782712800,1042.5,1043.0,1037.15,1037.9,190410
1782713100,1037.9,1038.25,1036.55,1037.3,129825
1782713400,1037.35,1038.0,1036.9,1037.55,78165
1782713700,1037.25,1038.0,1036.8,1037.45,65157
1782714000,1037.5,1037.5,1035.45,1035.55,79798
1782714300,1035.5,1036.7,1034.45,1036.4,148457
1782714600,1036.35,1037.1,1036.0,1036.15,51047
1782714900,1036.0,1036.45,1035.55,1036.2,51593
1782715200,1036.2,1036.3,1034.5,1035.05,62181
1782715500,1035.0,1035.35,1032.35,1033.0,117557
1782715800,1032.85,1034.2,1032.75,1033.65,81859
1782716100,1033.65,1034.15,1033.0,1033.2,51175
1782716400,1033.2,1034.15,1032.15,1032.55,84773
1782716700,1032.4,1033.0,1031.05,1031.25,134817
1782717000,1031.25,1033.85,1031.0,1033.55,85093
1782717300,1033.5,1033.85,1032.1,1032.25,68570
1782717600,1032.25,1033.1,1031.75,1032.05,137620
1782717900,1032.05,1032.8,1032.0,1032.2,47428
1782718200,1032.1,1033.15,1031.55,1032.95,73919
1782718500,1032.8,1033.55,1032.0,1033.15,45957
1782718800,1032.9,1033.4,1032.2,1032.6,75804
1782719100,1032.6,1032.85,1031.65,1031.95,58974
1782719400,1031.95,1033.05,1031.8,1033.0,61563
1782719700,1033.2,1033.8,1032.5,1032.5,49623
1782720000,1032.55,1033.2,1030.85,1031.55,178270
1782720300,1031.5,1034.55,1031.5,1034.0,111095
1782720600,1033.65,1035.5,1033.4,1033.95,66893
1782720900,1034.1,1035.5,1033.95,1034.75,91516
1782721200,1034.75,1036.0,1034.0,1035.35,98855
1782721500,1035.6,1036.4,1035.0,1035.85,87327
1782721800,1035.65,1037.85,1035.55,1036.5,126119
1782722100,1036.6,1037.65,1036.5,1037.0,67477
1782722400,1036.95,1037.85,1036.9,1037.75,80947
1782722700,1037.75,1037.85,1037.0,1037.45,72226
1782723000,1037.45,1037.8,1036.25,1036.25,60371
1782723300,1036.15,1037.7,1036.0,1037.4,70293
1782723600,1037.35,1037.85,1037.2,1037.8,73209
1782723900,1037.75,1037.8,1037.0,1037.4,72663
1782724200,1037.4,1037.85,1037.4,1037.8,136684
1782724500,1037.75,1037.85,1037.35,1037.7,99340
1782724800,1037.7,1037.8,1036.3,1037.6,118372
1782725100,1037.35,1037.7,1036.55,1036.9,139573
1782725400,1036.95,1039.35,1035.1,1036.5,1698553
1782725700,1036.55,1038.4,1035.95,1037.05,1678856
1782726000,1037.1,1037.1,1034.5,1035.8,1720573
1782726300,1035.65,1036.55,1034.5,1035.0,1675700
1782726600,1035.25,1037.3,1034.0,1036.95,1771465
1782726900,1036.95,1040.0,1035.65,1038.95,934394
1782791100,1040.0,1041.75,1036.1,1037.2,301253
1782791400,1037.25,1037.85,1033.75,1034.1,202776
1782791700,1033.85,1035.95,1033.3,1034.2,118710
1782792000,1034.2,1036.0,1033.5,1035.1,135258
1782792300,1035.1,1037.7,1034.95,1036.85,133092
1782792600,1036.55,1037.5,1035.4,1036.5,82231
1782792900,1036.7,1037.85,1035.9,1037.55,116991
1782793200,1037.55,1039.2,1037.5,1038.65,87209
1782793500,1038.95,1041.95,1038.7,1041.0,99569
1782793800,1040.65,1041.6,1040.5,1041.25,39381
1782794100,1041.3,1041.3,1038.0,1038.2,56319
1782794400,1038.15,1040.45,1037.5,1039.65,185837
1782794700,1039.65,1040.0,1038.8,1039.3,27250
1782795000,1039.3,1039.3,1037.9,1038.5,57315
1782795300,1038.5,1039.85,1037.05,1037.4,159432
1782795600,1037.65,1037.7,1036.45,1037.7,61511
1782795900,1037.7,1038.5,1036.95,1037.7,146384
1782796200,1037.45,1038.0,1036.4,1036.8,45404
1782796500,1036.5,1037.75,1036.2,1037.75,67140
1782796800,1037.7,1038.0,1035.55,1036.0,64289
1782797100,1036.0,1036.9,1035.0,1035.55,81720
1782797400,1035.55,1037.3,1035.55,1037.25,49857
1782797700,1037.1,1038.0,1036.55,1037.15,51279
1782798000,1037.45,1041.4,1036.8,1040.5,112341
1782798300,1040.55,1041.0,1038.1,1038.8,68343
1782798600,1038.8,1043.85,1038.8,1043.85,251773
1782798900,1043.9,1044.0,1041.45,1042.6,194610
1782799200,1042.5,1043.3,1039.65,1040.9,197886
1782799500,1040.85,1040.95,1039.0,1039.95,86246
1782799800,1039.95,1040.85,1038.2,1038.55,51678
1782800100,1038.55,1038.8,1036.65,1037.6,67531
1782800400,1037.6,1040.3,1037.0,1040.2,138316
1782800700,1040.2,1040.85,1039.25,1040.25,172018
1782801000,1040.5,1041.0,1037.6,1038.05,167374
1782801300,1038.05,1038.3,1037.15,1037.5,39221
1782801600,1037.5,1038.5,1036.6,1038.1,102434
1782801900,1038.1,1038.7,1036.5,1037.1,50525
1782802200,1037.0,1038.0,1036.5,1037.85,76401
1782802500,1037.85,1037.95,1037.05,1037.45,20711
1782802800,1037.45,1037.7,1035.45,1035.95,108363
1782803100,1035.7,1037.5,1035.55,1037.0,64760
1782803400,1036.85,1037.85,1036.65,1037.05,38634
1782803700,1037.05,1040.65,1036.6,1040.5,130776
1782804000,1040.5,1040.5,1038.4,1039.5,74174
1782804300,1039.25,1040.7,1038.25,1039.5,291022
1782804600,1039.5,1039.75,1037.25,1039.15,114709
1782804900,1039.15,1039.5,1037.55,1038.25,53102
1782805200,1037.95,1038.95,1037.2,1037.85,71342
1782805500,1037.9,1039.05,1036.7,1037.1,107318
1782805800,1037.25,1037.65,1036.05,1036.35,77555
1782806100,1036.35,1037.95,1036.1,1037.0,70791
1782806400,1036.85,1037.7,1036.05,1036.6,134713
1782806700,1036.65,1037.1,1035.9,1036.1,120566
1782807000,1036.1,1037.5,1035.85,1036.55,117873
1782807300,1036.55,1037.1,1035.8,1035.95,77098
1782807600,1035.9,1036.55,1034.0,1034.1,182594
1782807900,1034.0,1034.15,1032.05,1033.6,245052
1782808200,1033.7,1034.0,1029.65,1029.7,323708
1782808500,1029.85,1029.85,1028.05,1029.6,149723
1782808800,1029.6,1031.45,1029.35,1030.5,137991
1782809100,1030.7,1031.05,1028.65,1030.0,175583
1782809400,1030.05,1034.25,1029.7,1034.15,270617
1782809700,1034.2,1036.1,1032.5,1033.5,302622
1782810000,1033.45,1034.5,1031.8,1032.4,125446
1782810300,1032.6,1033.15,1031.0,1031.55,121504
1782810600,1031.75,1032.1,1030.95,1031.1,164533
1782810900,1031.55,1031.75,1030.55,1031.1,105209
1782811200,1031.1,1031.75,1030.3,1031.1,87714
1782811500,1030.95,1032.5,1030.0,1030.45,155662
1782811800,1030.65,1030.65,1025.15,1025.75,612305
1782812100,1025.7,1028.1,1025.05,1026.55,651042
1782812400,1026.3,1028.45,1026.1,1027.4,510238
1782812700,1027.4,1027.4,1026.2,1026.85,404270
1782813000,1026.75,1026.9,1026.5,1026.55,287602
1782813300,1026.5,1029.9,1026.45,1029.9,310577
1782877500,1031.0,1031.9,1025.8,1027.3,254008
1782877800,1027.2,1028.2,1025.5,1026.6,103849
1782878100,1026.6,1027.5,1025.9,1026.5,67353
1782878400,1026.4,1027.5,1025.7,1026.3,76190
1782878700,1026.7,1029.4,1026.7,1029.1,49596
1782879000,1029.1,1030.0,1028.5,1029.0,81617
1782879300,1029.0,1029.9,1028.6,1029.1,51661
1782879600,1028.8,1029.5,1028.1,1029.3,28786
1782879900,1029.3,1031.0,1029.1,1030.7,74751
1782880200,1030.6,1031.0,1028.5,1028.8,70245
1782880500,1028.2,1030.0,1028.1,1029.6,51884
1782880800,1029.5,1031.5,1029.0,1030.9,83879
1782881100,1031.0,1034.0,1030.4,1033.8,108903
1782881400,1034.0,1035.9,1033.2,1035.2,142529
1782881700,1035.7,1036.1,1034.2,1035.8,120518
1782882000,1035.4,1036.0,1035.0,1035.4,112595
1782882300,1035.5,1037.8,1035.0,1035.7,89531
1782882600,1035.8,1036.6,1034.7,1035.5,101782
1782882900,1035.5,1036.5,1035.0,1036.0,37919
1782883200,1035.4,1036.1,1034.5,1035.7,39280
1782883500,1035.7,1036.5,1035.2,1035.5,26882
1782883800,1035.5,1035.9,1035.0,1035.3,18194
1782884100,1035.3,1036.0,1035.0,1035.9,19233
1782884400,1035.8,1036.1,1035.0,1036.1,47883
1782884700,1036.5,1036.8,1035.9,1035.9,35117
1782885000,1036.2,1036.6,1034.9,1035.3,29240
1782885300,1035.2,1035.8,1035.1,1035.8,16688
1782885600,1035.8,1036.0,1035.3,1035.7,18231
1782885900,1035.6,1037.0,1035.0,1036.7,72637
1782886200,1036.4,1037.0,1036.2,1037.0,23558
1782886500,1037.0,1038.3,1036.0,1036.7,164129
1782886800,1036.5,1036.9,1035.6,1036.2,18819
1782887100,1036.1,1037.3,1035.4,1037.3,26528
1782887400,1037.1,1037.2,1035.7,1036.7,22582
1782887700,1036.6,1038.5,1036.3,1038.0,71547
1782888000,1038.2,1038.7,1037.7,1038.0,47091
1782888300,1038.2,1039.5,1038.0,1038.5,69439
1782888600,1038.3,1039.8,1037.9,1039.7,85466
1782888900,1039.6,1040.9,1037.3,1037.7,113523
1782889200,1037.5,1039.6,1037.5,1039.1,26957
1782889500,1039.2,1040.9,1038.8,1040.8,55756
1782889800,1040.8,1040.8,1039.1,1039.5,27388
1782890100,1039.2,1041.3,1039.1,1041.0,79385
1782890400,1041.0,1041.5,1040.6,1041.2,77510
1782890700,1041.2,1041.5,1040.6,1041.0,58368
1782891000,1041.0,1042.0,1040.3,1041.7,162708
1782891300,1041.7,1042.5,1041.0,1041.0,81683
1782891600,1041.0,1042.3,1041.0,1041.7,30634
1782891900,1041.6,1042.5,1041.4,1041.6,67990
1782892200,1041.6,1042.0,1041.0,1041.5,25421
1782892500,1041.3,1042.3,1041.3,1041.7,33013
1782892800,1041.5,1042.2,1041.1,1041.7,52415
1782893100,1041.8,1043.0,1041.8,1042.8,65797
1782893400,1042.8,1042.9,1041.6,1042.5,79397
1782893700,1042.0,1042.5,1041.0,1041.4,55279
1782894000,1041.3,1041.7,1041.0,1041.0,33024
1782894300,1041.2,1041.8,1041.0,1041.2,60517
1782894600,1041.0,1042.6,1041.0,1042.6,93843
1782894900,1042.4,1044.8,1042.0,1044.6,124813
1782895200,1044.7,1046.0,1044.5,1045.4,84708
1782895500,1045.2,1045.5,1043.8,1044.1,55320
1782895800,1044.1,1045.7,1044.1,1045.4,43531
1782896100,1045.3,1045.4,1044.2,1044.3,26685
1782896400,1044.6,1044.8,1043.9,1044.5,41539
1782896700,1044.4,1045.0,1043.8,1044.0,48306
1782897000,1043.8,1044.5,1043.4,1044.0,72530
1782897300,1044.0,1045.0,1043.9,1044.5,53660
1782897600,1044.6,1047.5,1044.6,1047.5,173190
1782897900,1047.5,1049.5,1047.3,1049.0,199305
1782898200,1049.0,1049.9,1048.0,1049.8,216674
1782898500,1049.8,1049.8,1047.7,1048.2,233707
1782898800,1048.0,1049.8,1048.0,1048.7,352709
1782899100,1048.3,1048.7,1046.0,1046.0,219950
1782899400,1046.1,1046.3,1044.6,1044.8,238169
1782899700,1044.6,1045.9,1043.2,1044.0,248213
1782963900,1050.9,1053.3,1047.4,1049.7,619494
1782964200,1049.9,1051.3,1046.0,1050.9,364424
1782964500,1051.0,1052.8,1050.7,1051.0,253061
1782964800,1051.0,1053.0,1050.8,1051.2,195296
1782965100,1052.9,1056.9,1052.5,1056.8,386046
1782965400,1056.8,1059.4,1055.7,1056.3,331507
1782965700,1056.4,1058.4,1056.2,1058.3,132830
1782966000,1058.1,1059.8,1056.1,1057.0,224058
1782966300,1056.8,1057.0,1055.0,1056.2,191373
1782966600,1055.9,1057.8,1055.5,1056.0,129360
1782966900,1056.1,1056.8,1055.1,1056.3,168594
1782967200,1055.9,1057.3,1055.1,1055.1,184013
1782967500,1055.4,1055.8,1054.0,1054.3,86727
1782967800,1054.2,1056.2,1054.0,1054.3,114884
1782968100,1054.2,1056.6,1054.0,1055.2,105422
1782968400,1055.1,1055.2,1053.6,1054.8,115369
1782968700,1054.6,1056.0,1054.2,1055.9,54533
1782969000,1056.0,1056.5,1055.1,1056.5,50210
1782969300,1056.5,1056.5,1053.9,1054.0,85995
1782969600,1054.2,1054.3,1052.3,1052.7,110808
1782969900,1053.1,1054.2,1051.7,1054.2,168391
1782970200,1054.2,1054.5,1053.0,1054.0,144990
1782970500,1054.0,1054.2,1052.5,1052.9,92173
1782970800,1053.0,1053.5,1052.0,1053.5,80501
1782971100,1053.4,1053.4,1051.5,1051.9,68977
1782971400,1052.0,1052.5,1051.4,1052.0,91077
1782971700,1052.0,1052.2,1051.0,1051.4,120359
1782972000,1051.5,1052.9,1051.1,1052.0,161498
1782972300,1052.0,1052.1,1049.9,1050.3,245113
1782972600,1050.5,1051.1,1050.2,1050.6,66196
1782972900,1050.8,1051.3,1050.4,1050.6,80834
1782973200,1050.7,1052.0,1050.5,1051.3,110617
1782973500,1051.5,1052.0,1048.9,1049.3,266954
1782973800,1049.5,1050.0,1047.4,1048.6,319009
1782974100,1048.6,1048.9,1045.5,1046.3,235733
1782974400,1046.4,1047.0,1045.0,1046.7,203555
1782974700,1046.8,1049.4,1045.7,1048.1,328673
1782975000,1048.2,1051.2,1048.1,1050.0,384003
1782975300,1050.0,1051.0,1049.4,1050.0,225723
1782975600,1050.0,1050.9,1049.0,1049.8,152721
1782975900,1049.9,1050.0,1048.6,1049.7,82785
1782976200,1049.7,1049.9,1048.3,1049.0,117480
1782976500,1049.0,1050.8,1048.4,1050.2,227883
1782976800,1049.8,1050.4,1048.6,1049.1,79683
1782977100,1048.9,1049.1,1048.1,1048.9,72388
1782977400,1048.9,1051.0,1048.4,1049.9,311977
1782977700,1049.9,1051.0,1049.1,1050.7,111966
1782978000,1050.8,1051.0,1048.4,1049.2,135658
1782978300,1049.0,1050.0,1048.8,1049.9,85976
1782978600,1049.8,1049.9,1048.5,1049.3,98811
1782978900,1049.4,1049.5,1048.3,1048.4,75441
1782979200,1048.8,1050.9,1048.3,1050.0,425944
1782979500,1049.7,1050.0,1048.8,1049.4,152682
1782979800,1049.2,1049.8,1048.7,1049.7,109347
1782980100,1049.8,1050.5,1048.9,1049.8,158404
1782980400,1049.8,1050.7,1049.5,1049.8,79422
1782980700,1049.8,1050.0,1049.2,1049.8,99757
1782981000,1049.9,1050.6,1049.4,1050.2,81844
1782981300,1050.2,1050.5,1049.0,1049.5,118475
1782981600,1049.5,1050.2,1048.1,1048.1,206841
1782981900,1048.3,1049.9,1046.4,1049.0,623999
1782982200,1049.0,1049.8,1048.4,1049.2,144508
1782982500,1049.2,1049.7,1048.1,1049.6,157321
1782982800,1049.7,1050.6,1048.5,1049.0,183065
1782983100,1049.1,1052.6,1048.6,1051.9,144081
1782983400,1051.9,1051.9,1050.4,1050.8,70451
1782983700,1050.8,1053.8,1050.6,1053.5,493775
1782984000,1053.3,1054.5,1053.0,1053.0,194208
1782984300,1053.0,1053.3,1050.6,1051.5,197261
1782984600,1051.6,1052.8,1051.1,1051.4,260307
1782984900,1051.5,1053.6,1051.2,1052.6,507711
1782985200,1052.6,1052.8,1051.1,1051.5,326807
1782985500,1051.6,1052.6,1050.2,1050.6,334878
1782985800,1050.7,1051.6,1050.1,1050.6,330776
1782986100,1050.6,1051.9,1048.1,1049.0,388287
1783050300,1055.0,1057.0,1049.0,1049.2,435147
1783050600,1049.2,1050.9,1048.0,1048.0,95861
1783050900,1048.4,1049.8,1048.1,1048.9,74608
1783051200,1048.8,1049.5,1048.2,1049.2,76509
1783051500,1049.1,1049.1,1045.5,1046.6,145074
1783051800,1046.6,1046.6,1042.5,1042.6,252867
1783052100,1042.6,1043.5,1041.1,1042.6,262685
1783052400,1042.6,1044.1,1040.0,1040.8,236051
1783052700,1040.8,1043.7,1038.6,1043.3,131507
1783053000,1043.3,1044.5,1043.2,1043.9,93645
1783053300,1043.8,1045.0,1042.7,1044.9,145348
1783053600,1045.0,1047.7,1044.8,1046.8,146636
1783053900,1046.7,1050.0,1046.3,1048.6,171183
1783054200,1048.6,1051.7,1048.0,1050.4,202969
1783054500,1050.4,1050.8,1050.0,1050.5,81326
1783054800,1050.3,1050.9,1049.6,1050.1,68184
1783055100,1050.1,1051.4,1049.6,1051.2,134539
1783055400,1051.1,1051.3,1048.5,1049.0,87677
1783055700,1049.0,1050.3,1048.9,1050.3,50306
1783056000,1050.3,1050.3,1049.1,1049.1,35984
1783056300,1049.2,1049.2,1047.0,1047.3,243348
1783056600,1047.3,1048.0,1046.6,1047.5,213520
1783056900,1047.5,1047.5,1045.4,1045.8,144795
1783057200,1045.8,1046.6,1044.7,1045.2,279554
1783057500,1045.2,1046.5,1044.2,1044.7,150263
1783057800,1044.7,1046.0,1044.3,1045.6,62822
1783058100,1045.6,1046.6,1045.2,1046.4,48193
1783058400,1046.4,1047.0,1044.5,1045.6,104755
1783058700,1045.6,1045.8,1044.4,1045.5,68509
1783059000,1045.5,1045.8,1044.9,1045.0,28014
1783059300,1045.1,1046.0,1044.9,1045.0,108907
1783059600,1045.0,1045.7,1044.6,1045.3,109518
1783059900,1045.4,1045.8,1044.8,1045.7,280824
1783060200,1045.8,1046.0,1045.0,1045.4,91539
1783060500,1045.3,1046.9,1045.1,1045.1,65761
1783060800,1045.1,1045.1,1042.4,1043.8,115653
1783061100,1043.6,1044.4,1043.2,1044.1,70289
1783061400,1044.0,1044.1,1042.8,1042.9,69695
1783061700,1043.0,1044.3,1042.9,1043.6,76593
1783062000,1043.5,1044.0,1042.8,1043.1,67083
1783062300,1043.2,1043.4,1042.8,1043.3,41937
1783062600,1043.3,1043.3,1042.4,1042.6,250680
1783062900,1042.9,1043.6,1040.4,1041.0,364206
1783063200,1041.2,1041.8,1040.6,1040.9,86086
1783063500,1040.9,1041.1,1040.1,1040.1,65083
1783063800,1040.2,1040.6,1037.0,1037.4,265209
1783064100,1037.4,1038.8,1036.1,1037.5,214380
1783064400,1037.6,1038.9,1037.3,1038.5,81113
1783064700,1038.3,1038.3,1036.5,1037.5,118604
1783065000,1037.5,1038.4,1037.0,1038.1,76586
1783065300,1038.0,1038.5,1037.0,1037.2,73160
1783065600,1037.2,1037.6,1035.5,1035.7,168324
1783065900,1035.9,1036.0,1034.5,1034.7,217564
1783066200,1034.7,1036.1,1034.5,1035.0,75978
1783066500,1035.1,1035.7,1034.5,1035.7,95008
1783066800,1035.7,1036.8,1035.3,1036.0,93467
1783067100,1035.8,1036.0,1034.8,1034.9,120668
1783067400,1034.9,1035.8,1034.5,1034.8,55786
1783067700,1034.9,1036.7,1034.8,1036.0,61645
1783068000,1035.9,1038.1,1035.6,1037.5,109361
1783068300,1037.5,1037.8,1036.6,1037.1,88637
1783068600,1037.2,1037.3,1036.0,1037.3,81253
1783068900,1037.3,1037.5,1036.2,1037.5,69124
1783069200,1037.5,1038.7,1037.2,1038.4,78076
1783069500,1038.1,1038.9,1037.5,1037.9,91155
1783069800,1037.9,1038.2,1037.5,1037.9,60049
1783070100,1038.0,1039.8,1037.5,1039.5,149408
1783070400,1039.7,1039.9,1037.5,1039.0,163293
1783070700,1038.9,1039.3,1038.4,1038.5,95067
1783071000,1038.8,1039.9,1038.7,1039.6,252801
1783071300,1039.7,1040.3,1039.5,1039.8,359020
1783071600,1039.8,1040.0,1039.5,1040.0,160024
1783071900,1040.0,1040.0,1038.5,1038.7,208192
1783072200,1038.7,1041.1,1038.6,1040.8,347221
1783072500,1040.9,1041.4,1040.4,1040.9,235070
1783309500,1041.9,1045.0,1037.8,1044.2,213228
1783309800,1044.2,1044.5,1042.6,1043.9,82047
1783310100,1043.9,1043.9,1042.5,1043.6,59427
1783310400,1043.6,1044.8,1043.3,1043.6,64167
1783310700,1043.5,1044.4,1043.2,1044.3,45743
1783311000,1044.3,1044.4,1044.0,1044.1,25216
1783311300,1044.1,1048.0,1044.0,1047.4,153884
1783311600,1047.2,1048.0,1044.0,1044.3,126688
1783311900,1044.3,1045.2,1043.2,1045.1,61285
1783312200,1045.2,1045.3,1044.4,1044.9,61788
1783312500,1044.8,1044.9,1043.6,1043.9,98109
1783312800,1044.0,1044.1,1042.1,1042.1,77412
1783313100,1042.3,1042.7,1041.1,1041.2,102571
1783313400,1041.5,1042.0,1041.0,1041.7,81698
1783313700,1041.8,1043.9,1041.6,1042.9,128065
1783314000,1042.9,1043.7,1041.5,1041.5,89884
1783314300,1041.5,1041.6,1040.5,1041.1,64562
1783314600,1041.1,1041.7,1041.0,1041.3,42313
1783314900,1041.4,1041.7,1041.1,1041.6,45604
1783315200,1041.6,1042.2,1041.0,1041.7,68455
1783315500,1041.5,1041.7,1040.6,1040.6,50553
1783315800,1040.7,1041.5,1040.6,1041.0,54411
1783316100,1041.0,1041.5,1040.7,1041.4,55301
1783316400,1041.1,1041.4,1040.9,1041.2,48962
1783316700,1041.1,1041.2,1040.1,1041.1,62107
1783317000,1041.0,1043.2,1041.0,1042.7,134933
1783317300,1042.8,1042.8,1040.4,1040.8,125495
1783317600,1040.8,1040.8,1040.0,1040.5,106821
1783317900,1040.4,1040.6,1039.6,1040.5,60179
1783318200,1040.6,1040.6,1039.5,1039.7,55306
1783318500,1039.7,1040.0,1039.6,1040.0,43421
1783318800,1039.8,1039.9,1039.0,1039.3,69522
1783319100,1039.4,1040.5,1039.4,1040.4,146275
1783319400,1040.5,1040.6,1039.7,1040.1,64002
1783319700,1040.0,1042.6,1039.9,1042.6,118069
1783320000,1042.7,1047.1,1041.6,1047.0,339199
1783320300,1046.9,1047.4,1044.9,1046.0,215915
1783320600,1046.0,1046.3,1044.5,1044.5,229173
1783320900,1044.7,1045.8,1044.2,1044.9,114513
1783321200,1045.0,1046.8,1044.8,1045.5,274620
1783321500,1045.5,1046.8,1044.7,1045.8,370846
1783321800,1045.8,1046.1,1045.2,1045.9,140217
1783322100,1045.9,1045.9,1044.8,1044.8,54766
1783322400,1044.9,1045.7,1044.4,1045.1,88959
1783322700,1045.1,1048.4,1044.8,1047.0,386335
1783323000,1047.1,1047.4,1044.1,1045.2,146060
1783323300,1045.3,1045.5,1044.2,1045.0,122442
1783323600,1044.9,1045.7,1044.5,1045.5,54908
1783323900,1045.5,1046.0,1045.1,1045.4,58128
1783324200,1045.4,1045.4,1044.6,1044.9,41027
1783324500,1044.9,1045.0,1043.9,1044.3,78312
1783324800,1044.4,1044.8,1043.4,1043.6,187639
1783325100,1043.6,1045.3,1043.4,1044.2,64475
1783325400,1044.5,1044.6,1042.9,1043.2,65137
1783325700,1043.2,1043.7,1042.5,1043.3,75158
1783326000,1043.5,1044.2,1042.6,1042.7,118001
1783326300,1042.6,1043.0,1042.1,1042.3,61465
1783326600,1042.2,1043.1,1042.0,1043.0,61161
1783326900,1043.2,1043.5,1040.2,1040.5,387499
1783327200,1040.2,1041.2,1040.2,1040.8,75705
1783327500,1040.7,1041.2,1040.2,1040.5,70448
1783327800,1040.5,1040.8,1040.0,1040.2,86857
1783328100,1040.2,1041.2,1039.6,1039.9,121101
1783328400,1039.9,1040.0,1039.0,1039.3,68799
1783328700,1039.1,1039.9,1038.6,1039.0,117312
1783329000,1038.8,1038.9,1036.6,1037.6,231309
1783329300,1037.5,1038.1,1036.7,1036.9,77830
1783329600,1037.0,1038.3,1036.5,1038.1,142048
1783329900,1038.0,1038.1,1037.2,1037.5,82303
1783330200,1037.5,1038.4,1037.1,1037.7,160270
1783330500,1037.7,1038.3,1037.3,1038.2,202401
1783330800,1038.2,1038.3,1037.4,1037.6,130535
1783331100,1037.9,1037.9,1037.2,1037.3,133123
1783331400,1037.4,1037.9,1037.1,1037.9,171337
1783331700,1037.8,1038.9,1037.7,1038.5,236744
1783395900,1039.3,1049.6,1037.0,1046.6,503641
1783396200,1046.6,1048.3,1045.8,1047.2,200419
1783396500,1047.2,1048.1,1045.5,1046.3,114596
1783396800,1046.6,1047.1,1044.3,1044.7,98672
1783397100,1044.7,1046.2,1044.2,1044.7,73349
1783397400,1044.7,1045.2,1044.2,1045.0,76619
1783397700,1044.8,1046.8,1044.8,1046.1,127386
1783398000,1046.2,1048.0,1045.1,1045.2,152812
1783398300,1045.3,1045.4,1044.3,1044.8,94852
1783398600,1044.9,1045.2,1043.6,1044.3,111929
1783398900,1044.3,1044.5,1043.3,1043.7,94812
1783399200,1043.6,1043.6,1042.5,1042.9,77248
1783399500,1042.9,1043.8,1042.5,1043.7,61608
1783399800,1043.6,1043.7,1042.3,1042.5,78068
1783400100,1042.7,1042.8,1041.6,1042.3,106465
1783400400,1042.2,1042.7,1041.6,1042.2,56505
1783400700,1042.4,1042.8,1042.0,1042.0,40038
1783401000,1042.2,1043.8,1041.7,1042.7,123944
1783401300,1042.7,1043.5,1042.3,1043.3,76772
1783401600,1043.2,1043.2,1042.0,1042.2,70420
1783401900,1042.2,1042.4,1040.6,1041.4,80023
1783402200,1041.3,1041.9,1040.6,1041.1,65593
1783402500,1041.1,1041.5,1040.8,1041.0,48632
1783402800,1040.9,1041.9,1040.2,1041.2,281878
1783403100,1041.2,1041.5,1040.4,1041.2,85252
1783403400,1041.1,1043.0,1041.1,1042.5,72768
1783403700,1042.8,1046.5,1042.8,1045.0,166892
1783404000,1045.1,1045.4,1044.0,1044.3,145644
1783404300,1044.2,1044.3,1042.4,1043.9,202570
1783404600,1044.0,1044.3,1042.7,1042.7,192767
1783404900,1043.0,1043.9,1042.1,1042.6,209771
1783405200,1042.6,1043.4,1042.0,1042.9,394984
1783405500,1042.8,1043.1,1042.1,1042.7,135107
1783405800,1042.6,1043.2,1042.1,1042.6,100834
1783406100,1042.6,1043.2,1042.5,1042.8,78954
1783406400,1042.9,1043.2,1040.4,1041.0,197581
1783406700,1041.0,1041.5,1039.2,1039.7,158463
1783407000,1039.9,1041.7,1039.9,1041.6,121902
1783407300,1041.6,1042.7,1041.3,1042.4,53049
1783407600,1042.5,1042.5,1041.1,1041.7,124455
1783407900,1041.7,1042.2,1040.7,1041.7,202080
1783408200,1041.8,1042.1,1040.7,1041.1,110551
1783408500,1041.3,1041.8,1040.5,1041.6,101640
1783408800,1041.4,1043.2,1041.3,1043.1,239628
1783409100,1042.9,1043.8,1042.1,1042.9,198312
1783409400,1043.0,1043.2,1041.6,1042.4,154562
1783409700,1042.4,1042.5,1040.7,1041.8,61134
1783410000,1041.8,1042.4,1040.5,1041.4,123240
1783410300,1041.4,1041.7,1040.5,1041.6,76989
1783410600,1041.5,1042.0,1041.5,1041.6,69097
1783410900,1041.7,1042.3,1041.2,1041.5,98264
1783411200,1041.4,1042.2,1041.3,1041.9,73739
1783411500,1041.9,1042.0,1040.6,1041.7,165536
1783411800,1041.7,1042.8,1040.8,1042.4,181199
1783412100,1042.4,1043.0,1041.1,1041.1,193087
1783412400,1041.4,1042.0,1040.6,1040.6,102490
1783412700,1040.6,1042.0,1040.6,1041.4,129838
1783413000,1041.5,1041.6,1040.7,1041.5,92897
1783413300,1041.6,1042.5,1041.2,1042.0,137812
1783413600,1042.3,1042.3,1041.5,1042.0,65665
1783413900,1042.0,1042.2,1041.4,1042.0,100457
1783414200,1042.0,1042.4,1041.3,1041.8,102194
1783414500,1041.9,1042.5,1041.4,1042.3,73757
1783414800,1042.3,1042.8,1041.7,1042.7,91963
1783415100,1042.7,1043.6,1042.6,1043.5,119861
1783415400,1043.4,1043.5,1042.3,1043.2,140812
1783415700,1043.3,1043.5,1041.3,1042.6,146378
1783416000,1042.6,1043.0,1041.8,1042.9,100703
1783416300,1042.9,1043.5,1041.7,1042.0,131824
1783416600,1041.9,1042.0,1038.2,1039.3,363888
1783416900,1039.2,1040.0,1038.3,1038.4,522875
1783417200,1038.5,1038.5,1037.5,1038.0,343709
1783417500,1037.9,1038.1,1037.0,1037.5,343842
1783417800,1037.5,1037.7,1036.5,1036.9,326542
1783418100,1037.0,1037.7,1035.5,1036.2,286156
1783482300,1029.6,1031.6,1025.7,1028.5,475347
1783482600,1028.5,1028.5,1026.5,1027.6,231033
1783482900,1027.5,1027.9,1025.5,1025.8,206522
1783483200,1025.7,1025.7,1021.1,1023.8,360355
1783483500,1023.8,1024.7,1022.0,1022.6,226697
1783483800,1022.5,1024.7,1021.9,1024.7,196413
1783484100,1024.8,1026.0,1024.0,1025.8,163900
1783484400,1025.7,1028.0,1025.6,1026.8,175771
1783484700,1026.8,1028.4,1025.4,1025.9,152152
1783485000,1025.9,1027.5,1025.7,1026.4,120687
1783485300,1026.4,1030.5,1026.2,1030.2,179363
1783485600,1030.0,1032.0,1029.6,1029.9,178132
1783485900,1029.9,1032.8,1029.6,1032.2,226720
1783486200,1032.0,1032.2,1030.6,1030.7,143436
1783486500,1030.6,1030.9,1029.6,1030.6,128683
1783486800,1030.6,1032.0,1030.6,1031.1,98862
1783487100,1031.4,1033.4,1031.1,1032.6,172275
1783487400,1032.8,1033.6,1031.7,1032.0,193230
1783487700,1032.3,1032.9,1031.7,1032.4,116418
1783488000,1032.3,1033.7,1032.1,1033.3,106488
1783488300,1033.2,1034.7,1032.8,1034.7,137487
1783488600,1034.8,1035.3,1034.1,1034.6,181252
1783488900,1034.8,1036.0,1034.5,1035.8,145516
1783489200,1036.0,1037.0,1035.6,1036.5,173292
1783489500,1036.5,1036.8,1035.8,1036.0,97755
1783489800,1036.2,1037.2,1036.0,1037.0,90924
1783490100,1037.2,1037.9,1035.2,1035.9,121697
1783490400,1036.0,1036.5,1035.4,1035.9,94832
1783490700,1035.9,1036.6,1035.4,1036.3,73574
1783491000,1036.4,1036.5,1035.4,1035.7,92753
1783491300,1035.8,1036.9,1035.7,1036.0,87901
1783491600,1036.3,1038.3,1036.0,1037.4,160656
1783491900,1037.4,1037.6,1035.3,1036.0,171830
1783492200,1036.1,1036.4,1035.5,1036.0,86159
1783492500,1036.0,1036.5,1035.5,1035.7,99837
1783492800,1035.7,1036.0,1034.4,1034.9,179372
1783493100,1035.0,1036.3,1034.3,1035.6,124138
1783493400,1035.5,1036.2,1034.3,1034.7,84586
1783493700,1034.5,1035.0,1034.1,1034.9,124222
1783494000,1034.8,1035.6,1033.8,1035.0,195400
1783494300,1035.0,1036.5,1034.8,1035.5,111475
1783494600,1035.5,1037.4,1035.4,1037.3,69793
1783494900,1037.4,1037.6,1036.2,1036.8,77481
1783495200,1036.7,1037.9,1036.6,1037.5,76988
1783495500,1037.6,1038.2,1036.7,1036.8,128684
1783495800,1036.8,1037.2,1034.9,1035.0,220965
1783496100,1034.9,1035.9,1034.4,1035.1,85716
1783496400,1035.0,1035.6,1034.5,1035.0,104966
1783496700,1034.9,1035.5,1034.4,1035.0,79642
1783497000,1035.4,1035.4,1033.0,1033.1,157375
1783497300,1033.6,1033.6,1031.6,1032.3,220917
1783497600,1032.3,1033.4,1031.9,1033.1,81619
1783497900,1032.8,1034.8,1032.7,1034.2,183705
1783498200,1034.2,1035.1,1033.1,1034.5,84644
1783498500,1034.4,1035.6,1029.3,1029.9,286363
1783498800,1029.9,1030.5,1024.6,1025.1,279843
1783499100,1024.9,1026.8,1023.1,1023.2,267065
1783499400,1023.2,1024.5,1020.1,1021.2,425589
1783499700,1021.4,1021.9,1017.1,1017.2,502427
1783500000,1017.5,1018.6,1015.3,1016.2,280052
1783500300,1016.2,1018.5,1014.2,1016.0,441101
1783500600,1016.0,1017.3,1014.7,1014.8,323719
1783500900,1015.0,1016.0,1013.0,1014.0,434894
1783501200,1014.0,1018.7,1013.2,1016.6,220970
1783501500,1016.9,1018.5,1016.1,1017.2,233632
1783501800,1017.5,1017.9,1016.0,1016.4,142931
1783502100,1016.7,1016.7,1014.0,1014.3,178138
1783502400,1014.3,1015.4,1011.7,1013.0,311955
1783502700,1012.8,1014.5,1012.1,1013.5,163306
1783503000,1013.4,1016.4,1013.4,1015.3,330324
1783503300,1015.3,1016.5,1014.0,1016.1,279448
1783503600,1016.2,1017.5,1014.7,1017.4,270632
1783503900,1017.3,1019.6,1017.3,1019.5,210395
1783504200,1019.3,1021.0,1018.9,1019.0,202082
1783504500,1018.9,1020.0,1017.4,1019.8,180246
1783568700,1019.8,1025.0,1019.3,1022.6,269690
1783569000,1022.6,1023.0,1020.5,1022.3,106467
1783569300,1023.0,1023.6,1022.0,1022.3,90714
1783569600,1022.0,1022.8,1021.2,1022.6,106835
1783569900,1022.6,1022.6,1020.8,1022.5,85352
1783570200,1022.6,1023.2,1021.5,1022.6,58787
1783570500,1022.6,1025.7,1022.0,1024.6,106277
1783570800,1024.6,1026.5,1024.3,1025.5,93975
1783571100,1025.5,1026.5,1025.3,1026.2,72339
1783571400,1026.3,1029.5,1026.0,1027.8,235464
1783571700,1027.3,1027.8,1026.1,1026.6,73258
1783572000,1026.9,1028.9,1026.4,1028.4,61207
1783572300,1028.5,1028.6,1026.3,1026.4,55856
1783572600,1026.4,1028.0,1026.1,1027.4,100266
1783572900,1027.5,1027.9,1026.7,1027.4,40541
1783573200,1027.4,1027.6,1025.9,1026.8,95128
1783573500,1026.6,1026.9,1023.1,1024.7,144471
1783573800,1025.5,1031.7,1024.7,1029.0,250214
1783574100,1029.0,1029.0,1024.8,1025.1,92194
1783574400,1025.0,1026.7,1024.1,1026.5,84284
1783574700,1026.5,1026.6,1024.5,1024.5,50916
1783575000,1024.7,1024.7,1022.4,1024.4,108533
1783575300,1024.8,1025.0,1023.4,1023.9,38747
1783575600,1023.8,1024.7,1023.2,1024.7,39300
1783575900,1024.6,1024.9,1023.4,1024.5,37206
1783576200,1024.7,1026.5,1024.0,1026.2,60862
1783576500,1026.3,1029.9,1025.7,1029.6,109516
1783576800,1029.5,1029.5,1026.7,1028.1,47381
1783577100,1028.3,1028.3,1026.7,1027.9,68819
1783577400,1028.0,1028.1,1026.2,1026.9,105493
1783577700,1027.1,1027.5,1025.9,1027.2,35738
1783578000,1027.2,1027.4,1025.7,1025.8,46796
1783578300,1025.8,1026.7,1025.7,1026.1,47047
1783578600,1026.1,1027.4,1025.4,1026.9,71134
1783578900,1027.0,1027.4,1025.8,1026.1,40191
1783579200,1026.0,1026.1,1024.5,1025.5,82180
1783579500,1025.6,1026.4,1025.2,1025.3,69569
1783579800,1025.3,1026.2,1024.6,1025.6,56937
1783580100,1025.6,1026.4,1024.9,1026.0,53044
1783580400,1026.0,1026.7,1025.5,1025.5,45561
1783580700,1025.7,1026.0,1025.1,1025.4,26476
1783581000,1025.6,1025.6,1023.4,1024.4,133754
1783581300,1024.4,1025.9,1024.4,1024.9,57532
1783581600,1025.0,1026.7,1024.1,1026.6,54912
1783581900,1026.6,1027.3,1025.5,1025.6,78496
1783582200,1025.7,1027.3,1024.6,1026.6,89448
1783582500,1026.7,1027.0,1025.5,1026.6,58351
1783582800,1026.6,1027.0,1025.8,1026.8,112797
1783583100,1027.0,1027.1,1025.2,1025.5,98162
1783583400,1025.6,1025.9,1024.3,1024.6,113715
1783583700,1024.1,1025.2,1023.6,1024.2,107684
1783584000,1024.2,1026.7,1024.2,1025.7,83786
1783584300,1026.1,1029.2,1025.7,1028.7,207697
1783584600,1028.4,1028.9,1026.6,1027.2,87114
1783584900,1027.2,1027.7,1025.9,1026.6,74022
1783585200,1026.4,1027.4,1025.5,1025.8,85963
1783585500,1025.6,1026.1,1025.0,1025.3,62215
1783585800,1025.3,1026.0,1024.8,1025.0,64589
1783586100,1025.3,1026.0,1024.8,1025.0,57177
1783586400,1025.2,1026.1,1024.2,1025.8,142269
1783586700,1025.7,1026.6,1024.8,1025.6,109063
1783587000,1025.6,1026.1,1024.3,1025.9,41642
1783587300,1026.0,1026.9,1025.4,1026.5,96269
1783587600,1026.3,1027.9,1026.0,1026.7,132991
1783587900,1026.7,1027.3,1025.2,1025.8,157627
1783588200,1025.5,1026.6,1022.6,1025.5,337620
1783588500,1025.6,1026.6,1025.0,1025.8,109296
1783588800,1025.7,1027.5,1025.5,1026.9,104443
1783589100,1027.0,1027.2,1025.6,1026.4,65144
1783589400,1026.6,1026.6,1021.9,1022.0,239151
1783589700,1022.0,1023.5,1019.6,1021.4,344193
1783590000,1021.6,1022.2,1020.5,1021.4,220637
1783590300,1021.3,1022.7,1021.1,1022.6,159091
1783590600,1022.6,1023.8,1022.1,1022.3,125763
1783590900,1022.3,1023.4,1022.1,1022.5,148135
1783655100,1029.5,1032.0,1027.5,1029.6,284613
1783655400,1029.6,1030.4,1028.6,1029.2,76068
1783655700,1029.3,1029.6,1028.0,1029.4,61502
1783656000,1029.6,1030.0,1028.5,1029.8,47825
1783656300,1029.8,1029.8,1027.6,1027.6,57662
1783656600,1027.9,1028.2,1027.5,1027.5,43235
1783656900,1027.6,1029.0,1027.6,1028.5,41505
1783657200,1028.8,1028.8,1027.5,1028.1,39977
1783657500,1028.1,1028.4,1027.7,1028.3,25850
1783657800,1028.3,1028.7,1026.5,1026.8,69817
1783658100,1027.2,1027.7,1026.5,1027.7,57683
1783658400,1027.7,1028.5,1027.5,1027.8,45129
1783658700,1027.8,1028.5,1027.5,1028.3,26549
1783659000,1028.0,1030.7,1028.0,1029.3,102088
1783659300,1029.7,1030.9,1028.9,1028.9,78916
1783659600,1028.7,1029.2,1026.5,1027.4,55782
1783659900,1027.4,1027.8,1025.5,1025.9,50970
1783660200,1026.2,1026.9,1025.9,1026.6,29251
1783660500,1026.7,1027.0,1025.8,1026.2,63529
1783660800,1026.4,1026.8,1025.5,1025.5,39334
1783661100,1025.5,1026.2,1025.0,1025.2,46942
1783661400,1025.2,1027.3,1025.0,1026.5,61406
1783661700,1026.8,1027.0,1026.1,1026.6,27729
1783662000,1026.6,1028.4,1026.2,1027.6,123755
1783662300,1028.0,1028.1,1024.9,1025.7,113607
1783662600,1025.9,1026.8,1025.5,1026.0,64440
1783662900,1025.7,1026.0,1024.5,1025.0,95318
1783663200,1025.0,1026.6,1025.0,1025.6,70077
1783663500,1025.6,1026.2,1024.5,1025.7,70298
1783663800,1025.3,1025.7,1024.8,1025.3,30741
1783664100,1025.0,1026.5,1024.8,1026.0,36772
1783664400,1026.0,1026.3,1025.0,1025.5,88667
1783664700,1025.5,1026.2,1024.5,1025.2,122113
1783665000,1025.2,1026.1,1025.0,1025.2,53842
1783665300,1025.6,1026.3,1025.1,1025.1,138484
1783665600,1025.4,1025.4,1024.3,1024.9,69782
1783665900,1024.7,1025.3,1024.3,1024.4,88448
1783666200,1024.6,1024.9,1023.9,1024.3,61571
1783666500,1024.5,1025.9,1024.3,1025.5,69127
1783666800,1025.5,1025.8,1024.6,1025.3,53042
1783667100,1025.3,1026.0,1023.5,1025.7,100283
1783667400,1025.8,1037.0,1025.8,1034.4,482562
1783667700,1034.4,1039.1,1034.1,1037.5,351592
1783668000,1037.1,1039.8,1036.5,1037.0,170744
1783668300,1037.0,1040.4,1036.7,1038.1,245272
1783668600,1038.5,1044.1,1037.9,1043.5,281860
1783668900,1043.3,1047.8,1042.9,1044.1,389658
1783669200,1044.0,1044.7,1040.5,1040.9,212012
1783669500,1040.8,1041.1,1038.2,1038.6,132331
1783669800,1038.8,1038.9,1035.0,1035.7,193963
1783670100,1036.0,1036.0,1034.1,1035.6,117125
1783670400,1035.6,1036.5,1034.2,1036.1,84012
1783670700,1036.2,1038.8,1036.0,1037.7,269244
1783671000,1037.8,1037.8,1036.3,1036.8,96276
1783671300,1036.9,1038.5,1036.5,1036.8,93058
1783671600,1036.8,1038.0,1036.0,1037.5,70722
1783671900,1037.8,1039.1,1036.6,1036.8,93022
1783672200,1037.0,1037.8,1035.6,1037.1,140835
1783672500,1037.1,1037.1,1034.7,1034.7,95745
1783672800,1035.0,1036.5,1034.1,1035.9,75966
1783673100,1035.7,1036.1,1033.6,1034.0,133273
1783673400,1034.0,1036.7,1033.7,1036.3,134235
1783673700,1036.3,1037.4,1036.0,1036.9,124054
1783674000,1036.9,1037.3,1035.1,1035.8,117140
1783674300,1035.7,1036.3,1034.3,1035.0,117700
1783674600,1035.0,1035.0,1034.0,1034.2,76293
1783674900,1034.4,1037.2,1033.8,1036.5,157806
1783675200,1036.7,1036.9,1035.6,1036.0,85809
1783675500,1036.0,1036.9,1035.2,1036.0,83678
1783675800,1036.2,1037.2,1035.4,1035.9,173842
1783676100,1036.0,1037.0,1035.8,1036.9,178304
1783676400,1037.0,1037.1,1035.1,1035.5,241992
1783676700,1035.6,1036.0,1034.9,1035.3,217139
1783677000,1035.3,1037.4,1034.8,1036.4,205357
1783677300,1036.3,1037.4,1035.2,1036.4,242429
1783914300,1023.5,1030.0,1022.1,1027.8,368666
1783914600,1027.5,1028.0,1026.7,1027.6,85323
1783914900,1027.9,1029.2,1027.4,1028.6,51813
1783915200,1028.3,1029.2,1027.2,1028.0,91146
1783915500,1028.5,1032.0,1027.8,1031.4,123251
1783915800,1031.4,1036.8,1030.2,1036.5,209335
1783916100,1036.8,1042.9,1036.8,1042.1,313770
1783916400,1042.2,1042.2,1038.0,1039.2,113732
1783916700,1039.2,1039.5,1036.5,1037.3,206532
1783917000,1037.3,1038.1,1035.4,1035.5,132955
1783917300,1035.9,1036.8,1034.7,1035.6,121345
1783917600,1035.6,1036.5,1034.5,1034.9,50588
1783917900,1034.9,1035.0,1033.5,1034.2,59550
1783918200,1034.3,1036.4,1034.3,1035.7,113907
1783918500,1035.7,1039.5,1035.4,1039.1,82885
1783918800,1039.0,1041.0,1038.0,1040.3,115617
1783919100,1040.3,1040.5,1038.7,1039.1,56462
1783919400,1039.0,1041.2,1039.0,1041.2,145718
1783919700,1041.2,1042.4,1039.9,1040.1,144581
1783920000,1040.1,1042.4,1040.0,1040.8,128790
1783920300,1040.8,1042.2,1040.5,1041.4,131192
1783920600,1041.5,1041.5,1040.0,1041.1,50092
1783920900,1040.6,1041.0,1039.9,1040.0,70117
1783921200,1040.1,1040.8,1038.4,1038.5,80038
1783921500,1038.6,1038.7,1035.4,1035.5,86988
1783921800,1035.5,1037.9,1035.3,1037.7,110904
1783922100,1037.7,1038.7,1036.5,1037.0,245832
1783922400,1037.0,1037.9,1036.4,1037.8,73509
1783922700,1037.8,1038.0,1035.6,1036.0,357264
1783923000,1036.0,1036.6,1034.9,1035.0,130422
1783923300,1035.0,1036.5,1034.9,1035.8,86913
1783923600,1035.8,1035.8,1034.2,1034.6,62364
1783923900,1034.4,1035.0,1034.0,1034.6,63006
1783924200,1034.6,1034.8,1034.1,1034.4,47383
1783924500,1034.4,1034.8,1034.1,1034.7,23339
1783924800,1034.7,1037.4,1034.1,1036.3,137025
1783925100,1036.5,1037.7,1035.0,1037.3,72658
1783925400,1037.4,1037.6,1035.9,1036.2,79011
1783925700,1036.2,1038.9,1035.7,1038.8,55252
1783926000,1038.9,1039.2,1037.2,1038.0,45751
1783926300,1038.1,1038.3,1036.1,1036.8,235897
1783926600,1036.8,1038.1,1036.5,1037.9,259094
1783926900,1037.9,1038.4,1037.5,1038.2,50920
1783927200,1038.2,1040.8,1037.8,1039.7,129515
1783927500,1039.7,1039.7,1037.1,1038.2,65162
1783927800,1038.2,1038.5,1037.0,1037.9,90275
1783928100,1037.9,1038.9,1037.5,1038.4,35736
1783928400,1038.6,1039.8,1038.2,1039.7,49807
1783928700,1039.6,1039.6,1038.4,1039.4,61584
1783929000,1039.2,1039.6,1037.2,1037.7,110078
1783929300,1037.4,1038.0,1035.7,1036.7,102599
1783929600,1036.5,1038.0,1036.5,1037.0,36564
1783929900,1037.1,1038.0,1036.5,1037.8,69247
1783930200,1037.8,1037.9,1036.8,1037.5,13726
1783930500,1037.3,1038.4,1037.3,1037.7,59647
1783930800,1038.0,1038.1,1037.0,1037.1,46377
1783931100,1037.2,1038.1,1037.1,1038.0,36348
1783931400,1037.9,1038.9,1037.2,1038.0,56170
1783931700,1038.0,1038.0,1037.0,1037.6,57002
1783932000,1037.5,1039.0,1037.1,1038.6,52659
1783932300,1038.6,1039.0,1037.3,1038.9,93753
1783932600,1038.9,1040.0,1038.3,1039.2,121591
1783932900,1039.0,1039.3,1038.0,1038.9,84116
1783933200,1038.9,1039.0,1037.8,1038.6,90556
1783933500,1038.6,1038.6,1037.1,1037.9,63655
1783933800,1037.8,1039.0,1037.5,1039.0,38115
1783934100,1039.0,1039.6,1038.7,1039.0,49508
1783934400,1038.8,1039.8,1038.7,1039.2,66848
1783934700,1039.3,1039.5,1037.7,1037.9,67872
1783935000,1037.8,1039.2,1037.2,1038.2,294900
1783935300,1038.2,1038.5,1037.5,1037.9,121919
1783935600,1037.8,1037.9,1035.7,1036.0,192540
1783935900,1036.2,1036.6,1035.6,1036.0,229287
1783936200,1036.2,1037.0,1035.7,1036.8,204428
1783936500,1036.8,1038.0,1036.1,1036.7,268546
1784000700,1033.3,1033.7,1027.3,1027.3,276286
1784001000,1027.3,1029.2,1026.7,1028.9,184898
1784001300,1028.2,1029.2,1027.9,1028.1,101332
1784001600,1028.1,1029.0,1027.5,1028.2,97240
1784001900,1028.4,1028.4,1025.5,1026.4,186285
1784002200,1026.4,1026.4,1024.0,1025.2,151493
1784002500,1025.0,1025.3,1023.4,1023.7,119340
1784002800,1023.7,1023.8,1020.5,1021.0,217304
1784003100,1021.0,1021.5,1020.1,1021.2,124985
1784003400,1021.2,1021.2,1019.2,1020.6,160039
1784003700,1020.6,1022.3,1020.2,1021.6,129235
1784004000,1021.7,1022.4,1020.1,1020.5,106285
1784004300,1020.5,1022.3,1020.0,1020.6,117062
1784004600,1020.6,1021.0,1020.0,1020.3,97584
1784004900,1020.4,1020.9,1019.6,1020.1,71500
1784005200,1020.2,1022.0,1019.9,1021.2,71456
1784005500,1021.3,1021.8,1020.5,1021.4,45695
1784005800,1021.4,1021.8,1020.5,1021.8,37313
1784006100,1021.8,1022.2,1020.7,1021.5,73772
1784006400,1021.6,1022.3,1020.9,1022.0,87373
1784006700,1021.9,1023.3,1021.8,1022.3,69344
1784007000,1022.5,1024.0,1022.4,1023.2,110923
1784007300,1023.1,1023.3,1022.0,1022.9,56797
1784007600,1022.9,1023.9,1022.3,1023.6,42688
1784007900,1023.6,1023.9,1022.4,1023.1,134542
1784008200,1023.4,1023.7,1022.4,1023.4,66531
1784008500,1023.3,1024.0,1022.2,1023.6,94546
1784008800,1023.7,1026.1,1023.2,1024.3,149970
1784009100,1024.4,1024.5,1021.7,1022.0,83742
1784009400,1022.0,1022.0,1020.5,1021.5,108807
1784009700,1021.5,1023.7,1021.4,1023.1,97674
1784010000,1023.1,1024.1,1021.7,1022.1,51010
1784010300,1022.3,1022.3,1021.0,1022.0,120536
1784010600,1021.9,1022.7,1021.6,1021.9,44054
1784010900,1021.9,1022.3,1021.0,1022.0,82541
1784011200,1022.0,1022.3,1021.1,1021.3,53993
1784011500,1021.4,1021.4,1020.1,1020.8,102383
1784011800,1020.9,1021.2,1020.1,1020.9,71788
1784012100,1020.9,1020.9,1020.1,1020.7,64359
1784012400,1020.8,1021.5,1020.2,1020.3,89145
1784012700,1020.7,1021.8,1020.4,1021.4,105290
1784013000,1021.4,1022.7,1020.8,1021.9,105458
1784013300,1021.6,1021.8,1020.5,1021.5,125509
1784013600,1021.6,1021.8,1020.9,1021.4,53710
1784013900,1021.3,1021.4,1020.4,1021.0,104330
1784014200,1021.1,1021.5,1019.7,1021.4,135258
1784014500,1021.5,1021.7,1020.0,1020.5,52210
1784014800,1020.5,1020.9,1020.0,1020.2,46982
1784015100,1020.0,1020.2,1018.4,1019.4,292229
1784015400,1019.4,1020.0,1018.9,1019.2,159422
1784015700,1019.2,1020.4,1018.6,1020.1,146398
1784016000,1020.2,1020.2,1019.0,1019.5,93359
1784016300,1019.4,1019.5,1017.3,1018.2,124152
1784016600,1018.2,1018.6,1017.3,1018.1,179004
1784016900,1018.1,1019.9,1018.1,1019.7,172483
1784017200,1019.8,1019.9,1017.9,1018.3,136090
1784017500,1018.2,1019.3,1018.2,1018.5,76723
1784017800,1018.5,1018.8,1017.9,1018.1,62649
1784018100,1018.2,1018.3,1017.5,1017.6,100913
1784018400,1017.6,1018.4,1017.5,1018.0,108864
1784018700,1018.0,1018.6,1017.5,1017.6,202915
1784019000,1017.7,1017.8,1016.1,1016.8,329537
1784019300,1016.9,1018.0,1016.7,1016.8,201584
1784019600,1017.1,1017.3,1016.2,1017.1,99032
1784019900,1017.2,1018.1,1016.6,1016.7,188208
1784020200,1017.0,1018.1,1016.7,1017.0,135546
1784020500,1017.3,1017.3,1012.2,1013.2,470552
1784020800,1013.2,1013.8,1011.4,1012.8,306492
1784021100,1012.8,1014.3,1012.1,1013.9,197124
1784021400,1013.8,1016.9,1013.8,1016.4,452278
1784021700,1016.4,1018.5,1015.5,1017.8,696605
1784022000,1018.2,1018.4,1015.6,1016.0,419092
1784022300,1016.0,1016.7,1014.1,1014.9,474894
1784022600,1014.7,1014.9,1012.5,1013.5,311456
1784022900,1013.4,1014.0,1012.1,1013.4,484835
1784087100,1015.5,1020.9,1013.7,1018.2,458730
1784087400,1018.5,1022.8,1018.2,1021.7,492722
1784087700,1022.0,1027.3,1021.5,1026.1,514393
1784088000,1025.4,1032.0,1025.3,1029.4,716495
1784088300,1029.1,1035.0,1028.6,1030.6,450086
1784088600,1030.8,1032.3,1029.5,1030.2,211088
1784088900,1030.2,1034.0,1030.2,1033.4,217060
1784089200,1033.2,1034.8,1033.0,1034.3,189060
1784089500,1034.3,1035.7,1033.4,1033.8,292706
1784089800,1033.8,1033.8,1031.3,1032.0,212497
1784090100,1032.0,1034.1,1031.5,1033.0,168670
1784090400,1033.2,1033.2,1032.0,1032.7,65353
1784090700,1032.8,1033.0,1031.3,1032.1,107704
1784091000,1032.0,1032.2,1031.3,1031.3,79870
1784091300,1031.6,1032.3,1031.2,1031.7,79863
1784091600,1031.7,1032.9,1031.5,1031.7,59754
1784091900,1031.7,1031.7,1030.5,1031.2,96163
1784092200,1031.2,1033.7,1031.1,1033.3,138528
1784092500,1033.3,1034.0,1031.4,1031.5,191299
1784092800,1031.6,1032.3,1031.0,1031.6,94100
1784093100,1031.6,1031.8,1029.2,1029.7,126085
1784093400,1029.6,1030.6,1028.3,1029.3,118255
1784093700,1029.6,1029.9,1028.3,1029.1,85124
1784094000,1029.2,1030.0,1027.3,1028.0,150292
1784094300,1027.9,1029.3,1027.5,1027.6,328591
1784094600,1027.7,1027.9,1026.7,1027.6,85408
1784094900,1027.6,1027.9,1027.2,1027.6,50557
1784095200,1027.7,1027.9,1026.5,1027.4,112037
1784095500,1027.3,1028.0,1025.6,1025.8,127416
1784095800,1025.9,1029.0,1025.5,1026.4,220711
1784096100,1026.5,1027.2,1026.4,1027.1,58724
1784096400,1027.1,1027.4,1026.0,1026.0,74278
1784096700,1026.4,1027.0,1026.0,1027.0,43165
1784097000,1026.8,1026.9,1024.5,1024.8,123481
1784097300,1024.9,1025.5,1024.5,1025.0,138713
1784097600,1025.3,1029.6,1024.5,1029.5,245700
1784097900,1029.5,1032.7,1029.2,1031.9,468817
1784098200,1031.9,1032.9,1029.2,1030.7,332024
1784098500,1030.7,1036.0,1030.4,1032.5,458144
1784098800,1032.8,1035.8,1030.7,1035.0,304272
1784099100,1034.8,1035.2,1031.9,1031.9,355805
1784099400,1031.9,1032.9,1031.4,1031.8,115955
1784099700,1031.8,1031.9,1029.6,1030.2,87355
1784100000,1030.3,1031.0,1028.8,1029.1,69339
1784100300,1029.0,1029.5,1025.3,1027.1,418148
1784100600,1026.8,1028.7,1025.7,1028.4,215932
1784100900,1028.4,1028.6,1024.8,1024.8,243416
1784101200,1024.8,1025.9,1024.1,1024.8,219970
1784101500,1025.0,1027.1,1024.6,1026.5,201745
1784101800,1026.2,1026.9,1024.3,1024.6,148750
1784102100,1024.6,1025.0,1023.0,1023.9,136374
1784102400,1023.9,1024.1,1022.0,1022.9,123203
1784102700,1022.5,1023.9,1022.2,1023.1,86475
1784103000,1023.1,1023.4,1022.0,1023.3,59873
1784103300,1023.3,1023.9,1022.5,1023.1,80043
1784103600,1023.2,1023.4,1021.0,1021.8,113932
1784103900,1021.8,1024.0,1021.3,1024.0,115681
1784104200,1023.9,1024.1,1022.6,1023.4,101658
1784104500,1023.3,1024.9,1022.8,1023.8,124878
1784104800,1023.8,1024.0,1022.2,1023.3,103869
1784105100,1023.3,1024.1,1021.4,1022.1,191836
1784105400,1022.1,1022.6,1021.4,1021.7,177111
1784105700,1021.6,1023.5,1021.4,1022.8,85571
1784106000,1023.0,1023.7,1022.6,1022.7,58834
1784106300,1022.7,1024.7,1022.3,1024.5,70486
1784106600,1024.4,1024.7,1023.2,1023.9,43997
1784106900,1023.8,1029.0,1023.6,1027.5,639510
1784107200,1027.5,1029.6,1026.9,1029.4,179848
1784107500,1029.5,1030.0,1028.7,1028.7,144606
1784107800,1028.7,1029.9,1028.1,1029.4,218039
1784108100,1029.5,1030.3,1029.0,1030.0,217584
1784108400,1030.1,1030.6,1030.0,1030.5,134515
1784108700,1030.7,1030.7,1030.0,1030.4,138581
1784109000,1030.3,1032.5,1030.0,1030.5,192785
1784109300,1030.5,1031.5,1030.1,1030.8,119707
1784173500,1030.1,1031.4,1028.1,1029.4,268782
1784173800,1029.4,1030.1,1027.7,1028.0,118711
1784174100,1028.3,1028.9,1027.3,1028.2,94851
1784174400,1028.3,1029.7,1028.2,1028.5,101401
1784174700,1028.5,1030.0,1028.0,1028.5,74602
1784175000,1028.5,1030.0,1028.0,1030.0,74461
1784175300,1030.0,1030.1,1028.2,1028.4,107934
1784175600,1028.5,1028.9,1028.0,1028.6,93990
1784175900,1028.6,1029.7,1028.5,1029.2,55640
1784176200,1029.0,1029.7,1028.3,1028.9,72967
1784176500,1028.9,1030.0,1028.6,1029.5,107534
1784176800,1029.9,1029.9,1028.9,1029.3,47956
1784177100,1029.3,1029.8,1028.6,1029.0,71512
1784177400,1029.1,1029.6,1028.5,1029.1,38465
1784177700,1029.1,1029.1,1027.6,1028.7,50617
1784178000,1028.7,1028.7,1027.7,1028.1,50181
1784178300,1028.0,1028.8,1027.7,1028.4,51271
1784178600,1028.4,1029.9,1028.1,1029.2,58824
1784178900,1029.3,1032.4,1029.2,1032.0,239792
1784179200,1032.0,1035.0,1031.6,1033.1,221519
1784179500,1033.1,1035.8,1033.1,1034.7,121561
1784179800,1035.0,1036.0,1033.5,1033.6,149069
1784180100,1033.6,1033.8,1031.5,1032.3,88196
1784180400,1032.3,1032.7,1030.6,1031.0,66274
1784180700,1031.0,1032.5,1030.0,1031.5,92380
1784181000,1031.5,1032.3,1030.6,1032.3,185836
1784181300,1032.3,1034.5,1031.3,1032.2,214368
1784181600,1032.2,1033.8,1031.6,1032.0,85064
1784181900,1032.2,1032.6,1030.8,1031.9,121389
1784182200,1032.0,1032.0,1030.7,1031.2,96630
1784182500,1031.4,1031.9,1029.5,1030.0,253568
1784182800,1029.9,1030.0,1029.0,1029.9,102501
1784183100,1030.0,1030.0,1029.5,1029.7,53994
1784183400,1029.9,1030.1,1029.3,1029.9,58806
1784183700,1030.0,1030.6,1029.5,1030.5,92877
1784184000,1030.5,1031.0,1029.5,1029.7,52218
1784184300,1030.0,1030.0,1029.0,1029.8,46456
1784184600,1029.8,1030.0,1029.0,1029.8,33168
1784184900,1029.9,1031.6,1029.7,1031.4,135107
1784185200,1031.5,1031.5,1029.7,1031.2,134965
1784185500,1031.1,1031.5,1029.4,1029.5,65555
1784185800,1029.8,1030.0,1028.7,1028.7,61752
1784186100,1028.7,1029.7,1028.5,1029.0,71919
1784186400,1029.0,1030.0,1028.4,1028.5,150469
1784186700,1028.5,1029.0,1028.4,1028.9,34823
1784187000,1028.6,1030.0,1028.5,1030.0,107148
1784187300,1030.0,1030.0,1029.4,1029.9,39248
1784187600,1029.9,1030.0,1029.6,1029.7,63721
1784187900,1029.9,1030.0,1029.0,1029.7,31805
1784188200,1029.7,1030.0,1029.3,1029.7,43686
1784188500,1029.6,1030.5,1029.1,1030.4,144905
1784188800,1030.4,1030.8,1029.2,1029.8,83721
1784189100,1029.6,1029.8,1028.2,1029.0,48624
1784189400,1028.9,1029.5,1028.0,1028.5,208650
1784189700,1028.5,1029.7,1028.4,1029.3,84768
1784190000,1029.6,1031.0,1029.3,1030.8,147821
1784190300,1030.9,1033.4,1030.8,1033.3,129704
1784190600,1033.4,1034.9,1032.9,1034.0,143068
1784190900,1034.0,1035.0,1032.0,1032.1,114349
1784191200,1032.4,1033.6,1032.0,1032.9,80541
1784191500,1032.9,1033.9,1032.6,1032.7,48863
1784191800,1033.0,1033.2,1030.9,1031.0,125697
1784192100,1031.1,1032.1,1031.0,1031.1,92211
1784192400,1031.5,1032.4,1031.0,1031.5,54236
1784192700,1032.0,1032.5,1031.1,1032.5,78115
1784193000,1032.5,1032.5,1031.3,1031.4,92775
1784193300,1031.5,1031.9,1031.1,1031.1,56841
1784193600,1031.2,1031.9,1031.0,1031.8,33845
1784193900,1031.8,1032.7,1031.8,1032.1,67184
1784194200,1032.0,1033.0,1030.2,1030.3,210458
1784194500,1030.6,1032.2,1030.6,1031.2,145489
1784194800,1031.4,1031.8,1030.7,1031.0,112001
1784195100,1031.0,1031.9,1029.7,1030.9,250505
1784195400,1030.6,1031.5,1030.1,1030.8,125992
1784195700,1030.8,1031.6,1030.3,1030.8,119908
1784259900,1030.6,1035.7,1028.3,1034.9,290461
1784260200,1034.3,1038.0,1033.4,1035.6,186009
1784260500,1035.1,1039.5,1035.0,1039.5,197646
1784260800,1039.5,1045.0,1039.5,1043.6,427141
1784261100,1043.9,1044.4,1041.0,1041.7,154780
1784261400,1041.9,1043.7,1040.9,1041.2,338072
1784261700,1041.2,1042.9,1040.0,1040.5,109805
1784262000,1040.5,1041.5,1039.3,1040.6,58708
1784262300,1040.6,1040.7,1038.3,1040.1,74877
1784262600,1040.1,1041.2,1039.2,1040.3,214881
1784262900,1040.2,1042.1,1038.3,1041.5,162064
1784263200,1041.0,1042.6,1040.2,1040.5,66450
1784263500,1039.9,1042.7,1039.9,1041.8,116085
1784263800,1042.0,1042.1,1039.3,1040.0,62965
1784264100,1040.0,1041.7,1040.0,1041.7,32190
1784264400,1041.6,1044.5,1040.7,1044.0,161456
1784264700,1044.3,1044.5,1041.1,1041.8,62678
1784265000,1042.0,1042.0,1040.8,1042.0,54215
1784265300,1041.9,1042.2,1040.8,1040.8,39839
1784265600,1041.1,1043.5,1040.5,1043.4,101467
1784265900,1043.5,1043.9,1041.7,1042.4,64182
1784266200,1042.4,1042.7,1041.5,1042.0,34015
1784266500,1042.0,1042.8,1041.2,1041.3,25074
1784266800,1041.3,1044.4,1041.2,1044.0,135705
1784267100,1044.4,1044.5,1043.1,1044.3,97235
1784267400,1044.2,1044.3,1042.7,1043.4,82905
1784267700,1043.4,1043.7,1042.6,1042.8,55077
1784268000,1042.7,1043.5,1042.4,1042.7,84313
1784268300,1042.9,1043.6,1041.6,1043.1,78417
1784268600,1043.2,1043.4,1040.7,1040.9,173086
1784268900,1041.0,1041.1,1039.7,1040.0,107375
1784269200,1040.0,1040.8,1039.6,1040.6,98772
1784269500,1040.6,1040.9,1039.6,1039.9,67024
1784269800,1040.0,1040.2,1039.3,1039.8,87816
1784270100,1039.5,1040.0,1038.7,1039.9,53480
1784270400,1039.8,1040.0,1039.1,1040.0,52258
1784270700,1039.7,1040.5,1039.0,1040.5,97366
1784271000,1040.0,1041.1,1039.6,1040.4,93456
1784271300,1040.3,1041.5,1040.3,1041.4,52309
1784271600,1041.5,1041.5,1039.8,1040.6,53840
1784271900,1040.7,1041.4,1039.9,1039.9,39011
1784272200,1039.9,1041.5,1039.8,1041.3,43113
1784272500,1041.4,1042.1,1041.3,1042.1,54261
1784272800,1042.1,1042.2,1040.2,1040.4,37723
1784273100,1040.4,1040.9,1039.6,1040.6,66293
1784273400,1040.6,1041.5,1040.2,1040.5,59383
1784273700,1040.5,1041.3,1040.5,1040.6,37337
1784274000,1040.5,1041.4,1040.5,1041.3,20320
1784274300,1041.2,1041.5,1040.5,1040.8,52929
1784274600,1041.2,1042.3,1040.0,1040.7,230498
1784274900,1040.6,1041.0,1039.2,1039.7,161445
1784275200,1039.7,1040.4,1039.3,1040.3,188633
1784275500,1040.3,1040.3,1039.1,1040.0,48791
1784275800,1039.8,1040.2,1039.2,1039.7,144309
1784276100,1039.7,1039.7,1038.3,1038.9,55774
1784276400,1038.7,1039.0,1038.0,1038.9,48470
1784276700,1038.9,1040.2,1038.5,1040.0,92084
1784277000,1039.9,1040.1,1039.0,1039.4,47477
1784277300,1039.3,1039.4,1038.4,1038.8,83592
1784277600,1038.7,1039.8,1038.6,1039.5,169861
1784277900,1039.7,1048.0,1039.6,1044.5,689228
1784278200,1044.4,1045.9,1044.2,1044.9,147976
1784278500,1045.0,1046.5,1043.4,1044.1,122520
1784278800,1044.1,1045.5,1044.1,1044.5,72646
1784279100,1044.5,1044.6,1043.3,1044.3,124801
1784279400,1044.4,1044.6,1043.5,1044.5,39731
1784279700,1044.4,1045.0,1043.9,1044.9,61515
1784280000,1045.0,1045.0,1044.2,1044.6,58088
1784280300,1044.7,1045.3,1044.5,1044.6,77387
1784280600,1044.7,1046.0,1044.1,1044.2,130284
1784280900,1044.1,1045.1,1044.1,1044.9,101348
1784281200,1044.9,1045.0,1044.0,1044.3,154576
1784281500,1044.0,1044.6,1043.1,1044.3,179875
1784281800,1044.7,1044.7,1043.6,1044.0,146024
1784282100,1044.0,1044.6,1043.0,1043.2,139949
1784519100,1041.6,1053.2,1038.3,1051.9,924643
1784519400,1051.9,1054.3,1049.1,1053.3,422912
1784519700,1053.4,1057.3,1053.0,1056.2,602134
1784520000,1056.6,1057.4,1046.3,1046.5,469581
1784520300,1046.5,1048.0,1041.5,1042.2,388071
1784520600,1042.0,1044.0,1039.6,1040.5,190299
1784520900,1040.7,1042.6,1040.0,1041.8,186753
1784521200,1041.8,1043.8,1041.6,1042.6,105059
1784521500,1042.5,1044.7,1042.5,1044.2,81579
1784521800,1044.0,1045.0,1043.4,1044.3,68053
1784522100,1044.3,1046.4,1043.1,1045.6,128661
1784522400,1045.6,1045.9,1044.3,1045.1,55924
1784522700,1045.3,1047.3,1045.0,1046.6,75385
1784523000,1046.7,1047.4,1042.5,1043.5,145281
1784523300,1043.7,1045.3,1042.5,1043.7,89729
1784523600,1043.7,1044.2,1042.0,1042.1,81285
1784523900,1042.2,1042.7,1041.1,1042.7,89662
1784524200,1042.6,1043.2,1042.1,1042.5,54050
1784524500,1042.6,1043.4,1042.2,1042.7,63240
1784524800,1042.6,1044.4,1041.3,1041.5,142499
1784525100,1041.6,1044.8,1041.5,1044.5,154253
1784525400,1044.4,1045.2,1044.2,1044.3,107215
1784525700,1044.4,1045.9,1044.1,1044.1,136192
1784526000,1044.1,1044.2,1040.7,1040.9,284699
1784526300,1040.9,1041.0,1040.1,1040.7,262889
1784526600,1040.7,1043.8,1040.7,1042.0,401210
1784526900,1041.9,1043.5,1041.8,1042.5,114168
1784527200,1042.3,1042.7,1041.0,1041.6,204607
1784527500,1041.6,1043.5,1041.1,1043.2,105305
1784527800,1043.1,1044.1,1043.1,1043.1,81295
1784528100,1043.2,1043.2,1042.0,1042.3,136797
1784528400,1042.4,1043.5,1042.3,1042.5,218314
1784528700,1042.5,1043.6,1042.5,1042.5,202299
1784529000,1042.6,1042.7,1042.0,1042.3,229004
1784529300,1042.5,1043.3,1042.2,1043.3,127527
1784529600,1043.1,1046.1,1043.1,1046.0,372714
1784529900,1046.1,1046.8,1046.0,1046.3,157793
1784530200,1046.4,1046.4,1044.6,1045.0,277737
1784530500,1045.0,1046.3,1045.0,1045.7,194543
1784530800,1045.8,1046.2,1045.6,1045.7,49028
1784531100,1045.8,1045.9,1043.6,1044.3,238814
1784531400,1044.3,1044.7,1044.1,1044.7,49180
1784531700,1044.7,1044.9,1043.3,1044.4,61204
1784532000,1044.4,1046.0,1043.9,1045.8,260127
1784532300,1045.5,1045.9,1044.6,1045.3,293385
1784532600,1045.2,1045.9,1044.9,1045.6,91523
1784532900,1045.6,1046.3,1045.3,1046.0,87900
1784533200,1046.0,1047.9,1045.7,1047.8,213754
1784533500,1047.8,1049.9,1047.0,1049.9,225138
1784533800,1049.7,1050.7,1049.0,1050.3,160251
1784534100,1050.3,1050.4,1048.9,1049.6,55714
1784534400,1049.5,1049.9,1048.4,1048.6,87134
1784534700,1048.4,1049.5,1048.4,1049.5,83101
1784535000,1049.6,1050.8,1049.3,1050.0,188894
1784535300,1050.2,1053.0,1049.7,1051.8,270514
1784535600,1051.9,1052.0,1050.5,1051.0,102215
1784535900,1051.2,1054.6,1051.0,1054.5,275587
1784536200,1054.2,1054.6,1053.0,1054.0,179071
1784536500,1053.7,1058.7,1053.2,1058.2,697123
1784536800,1058.2,1065.0,1058.0,1061.5,998770
1784537100,1061.5,1062.0,1058.1,1060.0,272977
1784537400,1060.0,1060.1,1058.3,1058.9,153060
1784537700,1059.0,1062.4,1058.5,1060.6,211223
1784538000,1060.7,1062.9,1060.0,1061.1,219158
1784538300,1061.1,1061.5,1060.0,1060.0,113250
1784538600,1060.0,1061.9,1060.0,1061.8,254206
1784538900,1061.6,1061.9,1060.6,1060.7,166544
1784539200,1060.7,1061.1,1060.0,1060.6,151486
1784539500,1060.6,1061.0,1059.9,1060.5,242175
1784539800,1060.7,1061.5,1058.4,1059.1,326930
1784540100,1059.2,1059.8,1058.4,1058.8,239042
1784540400,1058.8,1059.6,1058.4,1058.6,246812
1784540700,1058.7,1060.9,1057.5,1060.8,393667
1784541000,1060.7,1061.7,1060.0,1060.6,444122
1784541300,1061.0,1061.4,1060.2,1061.0,252629
1784605500,1057.0,1065.2,1055.4,1064.3,570552
1784605800,1064.3,1067.0,1063.2,1063.3,376092
1784606100,1063.2,1063.6,1060.2,1060.9,251318
1784606400,1061.0,1062.3,1060.0,1061.5,175956
1784606700,1061.1,1062.6,1060.3,1061.2,122345
1784607000,1061.3,1063.2,1061.0,1061.6,107028
1784607300,1061.5,1061.6,1057.3,1057.3,257409
1784607600,1057.5,1057.8,1055.3,1056.3,192942
1784607900,1056.7,1056.7,1054.5,1056.5,148426
1784608200,1056.6,1056.6,1055.0,1055.0,85655
1784608500,1055.0,1057.6,1055.0,1056.7,132631
1784608800,1056.5,1056.8,1054.6,1056.5,109725
1784609100,1056.5,1057.0,1055.8,1056.4,55042
1784609400,1056.1,1057.0,1055.7,1056.3,81211
1784609700,1056.3,1056.6,1055.7,1056.2,55003
1784610000,1056.2,1056.2,1055.0,1055.0,40797
1784610300,1055.1,1055.6,1052.7,1053.2,119770
1784610600,1053.3,1054.7,1053.0,1054.3,66414
1784610900,1054.3,1054.5,1053.5,1053.8,58182
1784611200,1053.5,1053.9,1052.0,1052.5,116889
1784611500,1052.7,1053.7,1052.3,1052.9,66304
1784611800,1052.9,1053.8,1052.1,1053.8,72971
1784612100,1053.8,1053.8,1052.3,1052.3,56045
1784612400,1052.5,1053.2,1051.5,1052.2,70828
1784612700,1051.8,1052.6,1051.7,1052.0,53893
1784613000,1051.9,1053.0,1051.4,1053.0,100974
1784613300,1053.0,1053.5,1051.0,1051.4,173180
1784613600,1051.4,1052.7,1051.1,1052.0,55365
1784613900,1052.1,1052.1,1048.7,1049.6,165508
1784614200,1049.3,1051.1,1048.8,1050.4,87007
1784614500,1050.4,1050.4,1049.4,1049.6,98955
1784614800,1049.8,1049.9,1049.2,1049.7,44995
1784615100,1049.8,1049.9,1049.0,1049.1,54386
1784615400,1049.0,1049.9,1048.8,1049.9,81553
1784615700,1049.9,1050.3,1049.0,1049.2,56549
1784616000,1049.2,1049.5,1048.7,1048.9,40245
1784616300,1048.9,1051.7,1048.2,1051.3,219806
1784616600,1051.6,1053.9,1051.3,1052.1,140611
1784616900,1052.4,1052.9,1051.5,1052.7,65601
1784617200,1052.9,1054.5,1052.7,1053.7,128637
1784617500,1053.7,1056.5,1053.3,1053.5,311470
1784617800,1053.7,1053.7,1051.5,1052.6,291010
1784618100,1052.6,1053.1,1050.0,1050.6,189844
1784618400,1050.6,1050.9,1049.6,1049.8,103474
1784618700,1049.9,1051.0,1049.8,1049.9,183513
1784619000,1050.0,1051.8,1049.9,1051.5,231569
1784619300,1051.8,1052.4,1049.9,1051.4,224169
1784619600,1051.2,1051.6,1050.2,1050.6,85037
1784619900,1050.6,1050.7,1049.5,1050.0,59885
1784620200,1049.7,1051.1,1049.7,1049.8,133227
1784620500,1050.0,1050.0,1048.4,1049.5,73068
1784620800,1049.8,1050.0,1049.3,1049.7,87287
1784621100,1049.9,1050.0,1049.2,1049.7,65427
1784621400,1049.9,1050.4,1049.7,1050.1,67058
1784621700,1050.1,1050.5,1049.6,1050.5,95918
1784622000,1050.5,1050.8,1049.7,1050.4,110379
1784622300,1050.4,1050.4,1048.6,1049.5,121444
1784622600,1049.6,1050.2,1049.1,1049.3,56766
1784622900,1049.4,1050.3,1047.5,1048.1,125640
1784623200,1048.1,1049.3,1048.0,1049.1,74629
1784623500,1049.0,1050.9,1048.3,1050.6,304114
1784623800,1051.0,1051.0,1049.0,1049.4,98044
1784624100,1049.4,1050.0,1048.7,1048.7,152112
1784624400,1048.8,1049.3,1047.9,1048.2,234897
1784624700,1048.2,1048.6,1047.0,1047.2,151617
1784625000,1047.3,1047.6,1046.1,1046.7,78520
1784625300,1047.0,1047.8,1045.7,1047.1,136715
1784625600,1047.2,1047.3,1045.9,1046.2,133539
1784625900,1046.1,1047.3,1045.5,1045.7,258108
1784626200,1045.8,1046.0,1045.0,1045.0,171506
1784626500,1045.0,1046.2,1045.0,1045.3,276829
1784626800,1045.3,1045.9,1043.3,1043.5,202824
1784627100,1043.6,1044.0,1043.0,1043.0,209232
1784627400,1043.2,1043.6,1043.0,1043.0,196401
1784627700,1043.3,1044.6,1042.8,1044.3,213930
1784691900,1044.4,1044.4,1033.2,1034.9,392640
1784692200,1034.9,1034.9,1033.0,1034.4,223214
1784692500,1034.0,1034.5,1030.0,1030.4,236685
1784692800,1030.0,1030.3,1028.2,1028.7,239908
1784693100,1029.1,1030.6,1028.1,1030.6,187201
1784693400,1030.5,1031.3,1029.6,1030.2,127235
1784693700,1030.2,1030.4,1027.1,1028.1,197262
1784694000,1028.1,1028.9,1027.8,1028.3,91161
1784694300,1028.5,1028.5,1027.3,1027.8,79631
1784694600,1027.9,1028.9,1027.4,1028.7,70079
1784694900,1028.5,1030.4,1027.9,1029.7,104904
1784695200,1029.9,1029.9,1028.4,1028.4,65018
1784695500,1028.7,1028.7,1027.2,1027.5,103518
1784695800,1027.8,1027.9,1025.5,1025.8,227535
1784696100,1025.8,1026.6,1024.6,1026.4,241753
1784696400,1026.4,1026.6,1024.7,1025.0,213048
1784696700,1025.1,1026.9,1024.9,1026.4,67730
1784697000,1026.1,1026.7,1025.4,1025.4,57086
1784697300,1025.5,1027.4,1025.3,1027.2,118641
1784697600,1027.2,1028.5,1026.8,1027.3,430628
1784697900,1027.3,1027.9,1026.6,1027.6,83812
1784698200,1027.6,1028.0,1025.7,1026.5,111562
1784698500,1026.5,1026.6,1025.8,1026.1,45326
1784698800,1026.1,1026.3,1023.2,1023.5,448633
1784699100,1023.5,1025.1,1022.8,1024.9,316062
1784699400,1024.9,1026.3,1024.7,1026.0,79485
1784699700,1026.1,1026.5,1025.1,1025.6,83074
1784700000,1025.4,1026.1,1024.9,1025.9,99339
1784700300,1025.5,1025.8,1024.6,1024.7,92875
1784700600,1024.7,1025.0,1024.3,1024.6,54764
1784700900,1024.5,1025.9,1024.3,1024.7,147192
1784701200,1024.7,1025.7,1024.2,1024.4,108210
1784701500,1024.3,1024.9,1024.2,1024.3,57322
1784701800,1024.3,1024.5,1023.5,1023.9,99715
1784702100,1023.9,1024.1,1023.1,1023.2,67621
1784702400,1023.1,1023.6,1020.8,1021.1,340865
1784702700,1021.0,1021.4,1020.2,1020.8,87002
1784703000,1020.8,1022.2,1020.3,1021.2,256683
1784703300,1021.1,1022.1,1020.3,1021.6,192034
1784703600,1021.6,1021.6,1020.5,1020.8,72677
1784703900,1020.9,1020.9,1019.2,1019.8,173420
1784704200,1019.6,1021.0,1019.6,1021.0,99277
1784704500,1020.8,1022.9,1020.7,1022.8,81602
1784704800,1022.9,1023.5,1022.2,1022.6,65038
1784705100,1022.6,1023.6,1022.5,1023.3,40343
1784705400,1023.3,1023.6,1022.5,1023.0,132670
1784705700,1023.1,1023.7,1022.8,1023.6,44491
1784706000,1023.5,1024.3,1022.4,1022.8,82311
1784706300,1022.6,1023.2,1022.6,1022.8,50552
1784706600,1022.8,1023.1,1022.1,1022.8,60724
1784706900,1022.8,1022.8,1021.5,1021.9,66785
1784707200,1021.8,1023.1,1021.4,1023.0,71804
1784707500,1023.1,1024.5,1022.8,1023.8,65062
1784707800,1024.0,1024.9,1023.4,1024.8,229816
1784708100,1024.7,1024.7,1021.7,1022.0,114443
1784708400,1022.0,1022.6,1020.8,1021.4,138301
1784708700,1021.6,1022.3,1021.1,1021.7,45106
1784709000,1021.6,1022.0,1019.8,1020.3,494972
1784709300,1020.0,1020.6,1019.8,1020.4,73661
1784709600,1020.3,1020.6,1019.4,1020.0,91521
1784709900,1020.1,1021.0,1019.9,1021.0,156855
1784710200,1021.2,1021.5,1020.0,1020.6,208687
1784710500,1020.7,1021.3,1020.6,1021.0,47880
1784710800,1021.0,1022.1,1020.5,1022.0,60688
1784711100,1022.1,1023.5,1022.0,1023.5,136322
1784711400,1023.5,1024.7,1023.2,1024.4,128204
1784711700,1024.4,1024.8,1023.8,1024.2,71812
1784712000,1024.4,1024.6,1023.8,1024.0,65445
1784712300,1024.0,1024.1,1022.7,1023.8,83119
1784712600,1023.8,1024.4,1022.7,1023.5,119757
1784712900,1023.7,1025.4,1023.4,1025.0,181135
1784713200,1025.0,1026.7,1024.4,1026.2,493136
1784713500,1026.4,1026.6,1024.0,1025.0,364914
1784713800,1025.0,1025.0,1024.2,1024.8,166642
1784714100,1024.9,1025.3,1024.0,1025.0,372660
1784778300,1022.0,1022.0,1015.0,1017.9,227282
1784778600,1017.7,1021.0,1017.7,1020.7,127069
1784778900,1020.7,1020.7,1018.5,1018.5,76161
1784779200,1018.8,1018.9,1017.0,1017.2,78796
1784779500,1017.3,1019.9,1016.0,1019.9,93992
1784779800,1019.7,1021.9,1018.8,1020.6,108020
1784780100,1020.7,1021.0,1018.3,1019.4,102890
1784780400,1019.7,1020.6,1019.3,1019.4,137459
1784780700,1019.6,1020.8,1018.9,1020.0,274655
1784781000,1019.7,1022.9,1019.1,1021.6,94838
1784781300,1021.6,1022.5,1020.7,1022.0,96156
1784781600,1022.5,1022.9,1021.5,1021.7,96386
1784781900,1021.7,1022.5,1021.0,1021.5,50314
1784782200,1021.6,1022.2,1020.9,1021.4,33495
1784782500,1021.1,1022.4,1020.6,1022.0,33175
1784782800,1022.2,1022.3,1020.0,1020.4,45927
1784783100,1020.4,1022.0,1020.2,1022.0,38736
1784783400,1022.0,1022.6,1021.6,1021.8,39510
1784783700,1021.9,1021.9,1020.1,1021.0,82720
1784784000,1021.0,1021.1,1019.0,1019.2,86263
1784784300,1019.2,1020.9,1019.0,1020.0,39796
1784784600,1020.2,1020.8,1020.0,1020.0,27123
1784784900,1020.0,1020.1,1018.9,1019.0,39547
1784785200,1019.1,1019.4,1017.5,1017.6,77347
1784785500,1017.5,1018.0,1017.0,1017.3,58677
1784785800,1017.3,1017.8,1016.6,1017.0,70943
1784786100,1017.0,1017.3,1015.2,1015.9,152367
1784786400,1016.0,1017.3,1015.9,1016.1,131887
1784786700,1016.2,1016.6,1015.1,1015.2,51314
1784787000,1015.4,1015.7,1014.3,1014.7,118962
1784787300,1014.7,1014.7,1013.9,1014.3,134374
1784787600,1014.3,1014.6,1013.8,1014.4,103034
1784787900,1014.5,1016.0,1014.4,1015.7,71713
1784788200,1015.5,1016.4,1014.9,1015.2,106292
1784788500,1015.3,1016.0,1015.0,1015.9,64068
1784788800,1015.9,1015.9,1015.0,1015.0,116089
1784789100,1015.2,1016.2,1014.8,1015.0,186627
1784789400,1015.0,1015.2,1014.1,1014.3,43845
1784789700,1014.3,1014.7,1014.1,1014.1,45872
1784790000,1014.2,1014.3,1011.2,1011.8,249479
1784790300,1011.8,1012.0,1010.5,1010.6,129735
1784790600,1010.6,1010.6,1007.5,1007.8,348936
1784790900,1007.7,1009.3,1006.5,1007.1,250336
1784791200,1007.2,1009.1,1006.7,1008.9,89851
1784791500,1008.9,1009.5,1008.1,1008.8,70332
1784791800,1009.0,1010.8,1008.0,1009.9,120820
1784792100,1009.9,1010.6,1009.1,1010.4,62062
1784792400,1010.4,1010.9,1010.0,1010.5,69894
1784792700,1010.7,1011.4,1009.7,1010.8,62961
1784793000,1011.1,1012.5,1010.7,1012.5,90295
1784793300,1012.6,1014.1,1012.1,1013.7,186006
1784793600,1013.9,1014.1,1011.9,1013.8,107098
1784793900,1013.6,1015.0,1012.7,1014.7,135517
1784794200,1014.5,1015.1,1013.6,1014.0,167658
1784794500,1014.4,1015.7,1014.0,1015.0,161018
1784794800,1015.1,1015.1,1013.8,1014.0,47068
1784795100,1014.0,1014.6,1013.6,1014.4,48530
1784795400,1014.3,1014.9,1013.9,1014.7,66455
1784795700,1014.6,1014.8,1013.0,1013.0,63276
1784796000,1013.1,1013.6,1012.0,1013.1,76524
1784796300,1013.1,1013.6,1012.4,1013.3,98719
1784796600,1013.7,1014.2,1013.3,1014.0,81214
1784796900,1014.1,1014.1,1013.0,1013.2,35695
1784797200,1013.1,1015.3,1012.8,1015.3,101201
1784797500,1015.2,1015.3,1013.4,1013.8,70033
1784797800,1013.8,1013.9,1010.6,1011.5,103928
1784798100,1011.6,1011.9,1010.4,1010.4,146254
1784798400,1010.5,1012.0,1010.0,1011.0,154981
1784798700,1010.9,1012.5,1010.6,1012.3,70644
1784799000,1012.5,1012.5,1011.0,1011.9,151936
1784799300,1012.0,1014.2,1011.7,1012.4,395258
1784799600,1012.6,1013.0,1011.4,1011.6,242829
1784799900,1011.6,1012.7,1011.5,1012.2,256937
1784800200,1012.1,1014.9,1012.0,1014.4,503095
1784800500,1014.5,1014.9,1012.5,1012.9,296167
1784864700,1006.0,1009.7,1002.0,1009.4,243358
1784865000,1009.4,1010.5,1007.0,1008.9,289602
1784865300,1008.9,1009.9,1007.7,1008.0,97194
1784865600,1007.7,1008.4,1005.4,1006.0,787091
1784865900,1006.2,1007.4,1005.7,1006.4,58416
1784866200,1006.9,1007.0,1005.7,1006.0,120748
1784866500,1006.0,1006.3,1005.3,1005.7,222137
1784866800,1005.7,1006.0,1005.3,1005.5,233946
1784867100,1005.5,1006.8,1004.6,1005.2,452276
1784867400,1005.4,1005.4,1003.6,1004.4,105639
1784867700,1004.5,1005.1,1004.2,1004.6,78922
1784868000,1004.6,1005.0,1003.4,1004.1,148149
1784868300,1004.1,1006.8,1003.8,1003.9,389985
1784868600,1004.0,1006.0,1003.8,1005.9,759383
1784868900,1005.7,1006.1,1004.5,1005.0,165534
1784869200,1005.1,1005.2,1002.5,1002.8,132407
1784869500,1002.7,1004.2,1002.3,1003.9,66903
1784869800,1004.0,1004.8,1003.6,1004.4,40383
1784870100,1004.3,1004.6,1003.9,1004.3,68261
1784870400,1004.3,1004.4,1002.3,1003.3,76601
1784870700,1003.4,1004.0,1002.6,1003.0,155066
1784871000,1003.0,1003.9,1002.9,1003.0,182669
1784871300,1003.1,1003.6,1001.8,1002.6,293233
1784871600,1002.6,1003.1,1001.3,1001.4,225800
1784871900,1001.6,1003.0,1000.8,1002.6,219496
1784872200,1002.7,1004.7,1001.9,1004.1,114325
1784872500,1004.2,1004.6,1003.2,1003.3,65624
1784872800,1003.3,1004.6,1003.1,1004.3,47787
1784873100,1004.2,1004.5,1002.7,1002.9,183655
1784873400,1002.9,1004.0,1002.0,1003.3,121180
1784873700,1003.2,1005.5,1002.7,1005.3,205130
1784874000,1005.2,1006.2,1005.0,1006.0,185754
1784874300,1006.1,1006.4,1004.5,1004.9,228540
1784874600,1005.0,1007.4,1004.6,1007.4,149753
1784874900,1007.4,1009.0,1007.0,1007.1,267089
1784875200,1007.1,1007.9,1006.9,1007.6,85997
1784875500,1007.7,1009.0,1007.2,1007.4,344758
1784875800,1007.2,1011.0,1007.2,1010.0,191044
1784876100,1009.8,1017.3,1009.8,1016.1,303405
1784876400,1015.9,1016.4,1012.1,1012.7,190683
1784876700,1012.7,1014.8,1012.5,1014.4,118528
1784877000,1014.4,1015.9,1014.2,1015.4,172531
1784877300,1015.3,1015.9,1014.0,1014.3,69397
1784877600,1014.3,1016.4,1014.3,1015.2,323668
1784877900,1015.1,1016.7,1015.1,1015.4,65316
1784878200,1015.6,1015.9,1013.5,1014.1,141308
1784878500,1014.0,1014.4,1013.0,1013.8,46213
1784878800,1014.0,1015.2,1013.8,1015.1,43955
1784879100,1015.2,1016.0,1014.6,1015.9,53355
1784879400,1016.1,1016.2,1015.4,1015.9,53717
1784879700,1016.0,1016.6,1015.4,1015.6,55208
1784880000,1015.6,1015.6,1013.5,1014.0,98376
1784880300,1013.9,1014.0,1012.7,1013.3,69761
1784880600,1013.3,1013.4,1011.0,1012.2,106054
1784880900,1012.2,1013.2,1011.5,1012.9,71880
1784881200,1012.8,1014.1,1012.5,1013.7,77045
1784881500,1014.0,1014.9,1013.4,1014.7,57383
1784881800,1014.6,1015.6,1013.0,1015.2,101000
1784882100,1015.1,1015.4,1013.6,1014.3,131520
1784882400,1014.2,1014.5,1013.1,1013.5,96251
1784882700,1013.5,1013.8,1013.0,1013.0,118290
1784883000,1013.2,1013.5,1012.2,1013.1,123927
1784883300,1013.1,1013.6,1012.2,1012.7,136554
1784883600,1012.7,1013.4,1012.1,1012.1,73688
1784883900,1012.3,1012.6,1011.4,1011.9,103900
1784884200,1012.1,1012.9,1011.1,1012.3,281304
1784884500,1012.3,1013.0,1011.5,1012.6,116175
1784884800,1012.6,1015.7,1012.3,1015.4,284956
1784885100,1015.6,1016.0,1015.0,1015.4,131106
1784885400,1015.5,1015.7,1014.1,1014.5,162929
1784885700,1014.4,1016.0,1014.0,1014.7,168726
1784886000,1014.8,1014.9,1014.1,1014.6,119307
1784886300,1014.6,1015.3,1013.6,1014.2,278857
1784886600,1014.2,1016.2,1013.8,1015.0,567133
1784886900,1015.0,1017.8,1011.0,1012.0,852868
1785123900,1020.3,1023.7,1019.1,1021.2,354985
1785124200,1022.0,1022.5,1020.0,1020.2,255658
1785124500,1020.0,1021.9,1018.5,1021.8,87946
1785124800,1021.5,1022.1,1019.0,1019.3,108216
1785125100,1019.4,1020.0,1018.6,1018.8,77601
1785125400,1018.8,1019.8,1018.5,1019.2,57942
1785125700,1019.5,1020.4,1019.5,1019.5,50117
1785126000,1019.6,1019.7,1017.2,1017.9,126734
1785126300,1017.5,1019.0,1015.9,1018.2,85217
1785126600,1018.5,1018.8,1017.1,1017.3,67881
1785126900,1017.3,1018.0,1016.3,1016.7,55982
1785127200,1016.7,1020.2,1016.5,1019.8,241565
1785127500,1019.8,1019.8,1018.2,1018.5,132560
1785127800,1018.8,1018.8,1017.4,1017.6,38899
1785128100,1017.7,1019.2,1017.0,1019.2,36727
1785128400,1019.3,1019.3,1017.7,1018.0,29346
1785128700,1018.0,1018.0,1016.0,1016.2,48719
1785129000,1016.2,1018.8,1016.2,1018.8,83857
1785129300,1018.9,1019.2,1018.0,1018.0,43084
1785129600,1018.1,1020.3,1017.9,1019.3,136575
1785129900,1019.8,1021.0,1019.1,1020.2,59529
1785130200,1020.2,1021.3,1019.4,1020.1,147957
1785130500,1020.2,1020.9,1020.0,1020.6,28056
1785130800,1020.6,1020.7,1019.9,1020.0,26377
1785131100,1019.9,1020.4,1019.1,1020.3,26468
1785131400,1020.4,1020.6,1020.0,1020.4,20547
1785131700,1020.5,1020.5,1020.0,1020.1,41292
1785132000,1020.2,1021.3,1019.8,1020.5,104998
1785132300,1020.7,1020.7,1020.0,1020.1,21971
1785132600,1020.2,1020.6,1020.0,1020.2,20836
1785132900,1020.2,1020.2,1019.1,1019.5,28790
1785133200,1019.3,1019.5,1018.3,1018.7,30397
1785133500,1018.9,1018.9,1018.3,1018.6,20444
1785133800,1018.6,1018.7,1017.6,1018.0,39177
1785134100,1018.3,1019.7,1018.0,1018.4,34541
1785134400,1018.8,1022.7,1018.5,1020.6,75473
1785134700,1020.7,1021.2,1020.1,1020.7,47221
1785135000,1020.7,1020.7,1019.5,1019.8,38076
1785135300,1020.0,1020.7,1019.6,1020.1,27453
1785135600,1020.2,1020.9,1019.6,1020.5,38414
1785135900,1020.5,1020.6,1019.7,1020.1,22720
1785136200,1020.0,1020.5,1019.6,1020.5,35115
1785136500,1020.5,1020.6,1019.9,1020.1,28673
1785136800,1020.3,1020.5,1019.7,1019.9,37209
1785137100,1020.3,1020.5,1019.6,1020.3,31596
1785137400,1020.3,1020.5,1019.9,1020.1,27365
1785137700,1020.3,1020.7,1020.0,1020.4,30768
1785138000,1020.6,1020.6,1020.0,1020.3,23303
1785138300,1020.5,1021.1,1020.0,1020.0,76790
1785138600,1020.1,1020.5,1019.5,1020.4,30103
1785138900,1020.2,1020.4,1019.6,1019.6,34675
1785139200,1019.8,1020.0,1018.1,1018.3,49955
1785139500,1018.4,1019.8,1018.0,1019.8,65344
1785139800,1019.7,1019.8,1018.3,1018.8,107376
1785140100,1018.8,1020.0,1018.4,1019.1,79094
1785140400,1019.4,1020.5,1019.1,1020.5,68376
1785140700,1020.4,1021.3,1020.4,1020.8,66566
1785141000,1020.8,1021.0,1020.4,1020.6,28646
1785141300,1020.6,1021.0,1020.1,1020.9,43801
1785141600,1020.9,1022.1,1020.5,1021.2,82012
1785141900,1021.1,1021.6,1019.9,1020.5,101467
1785142200,1020.8,1021.5,1020.1,1021.2,48810
1785142500,1021.4,1022.8,1020.8,1021.5,100875
1785142800,1021.6,1021.8,1020.2,1020.3,72154
1785143100,1020.5,1021.2,1020.3,1020.5,69734
1785143400,1020.8,1021.5,1020.6,1021.2,50740
1785143700,1021.2,1021.3,1020.4,1020.5,78267
1785144000,1020.5,1021.3,1020.3,1020.5,75208
1785144300,1020.6,1021.3,1020.4,1020.9,68033
1785144600,1020.6,1021.0,1020.4,1020.7,110779
1785144900,1020.8,1021.3,1020.1,1020.1,179245
1785145200,1020.4,1020.8,1019.8,1020.7,162834
1785145500,1020.5,1021.2,1020.5,1021.0,516609
1785145800,1020.8,1020.9,1019.9,1020.8,192375
1785146100,1020.1,1021.5,1019.2,1019.8,267663
1785210300,1018.0,1020.0,1016.2,1017.3,182802
1785210600,1017.9,1018.8,1015.6,1015.9,129916
1785210900,1016.0,1016.1,1014.5,1015.0,84460
1785211200,1014.8,1014.9,1012.5,1013.3,136787
1785211500,1013.5,1014.7,1013.3,1014.5,82371
1785211800,1014.5,1014.5,1012.5,1012.7,66755
1785212100,1012.6,1013.4,1011.6,1013.0,107387
1785212400,1013.0,1013.0,1009.9,1010.1,289282
1785212700,1010.2,1010.9,1009.7,1010.7,329093
1785213000,1010.4,1011.5,1010.3,1011.2,63493
1785213300,1011.1,1013.7,1010.9,1013.2,114829
1785213600,1013.4,1014.4,1012.9,1013.2,74425
1785213900,1013.3,1014.4,1013.0,1013.7,49980
1785214200,1013.6,1014.1,1013.4,1013.8,40027
1785214500,1013.8,1014.9,1013.1,1014.6,75204
1785214800,1014.6,1015.7,1014.0,1015.0,54541
1785215100,1015.1,1017.0,1014.7,1016.6,64614
1785215400,1016.8,1020.0,1016.2,1019.4,239612
1785215700,1019.5,1020.3,1019.0,1019.3,146703
1785216000,1019.7,1020.0,1019.0,1019.1,115710
1785216300,1019.0,1019.4,1018.1,1018.2,226221
1785216600,1018.3,1018.6,1016.6,1018.0,99455
1785216900,1017.9,1017.9,1015.9,1017.1,50064
1785217200,1017.3,1017.3,1016.0,1016.9,69023
1785217500,1016.9,1017.3,1015.9,1016.5,127557
1785217800,1016.5,1016.7,1015.6,1016.7,75892
1785218100,1016.5,1017.7,1016.0,1016.6,155057
1785218400,1016.7,1017.0,1015.5,1016.3,41605
1785218700,1016.3,1016.8,1015.7,1016.6,48058
1785219000,1016.5,1017.7,1016.1,1017.2,54173
1785219300,1017.2,1017.5,1016.8,1017.3,39750
1785219600,1017.2,1017.3,1016.0,1016.4,51817
1785219900,1016.4,1016.8,1015.7,1016.5,69100
1785220200,1016.5,1016.6,1015.6,1016.4,43097
1785220500,1016.3,1016.7,1015.5,1016.7,53342
1785220800,1016.6,1016.6,1016.0,1016.5,36352
1785221100,1016.6,1017.5,1016.3,1016.4,59819
1785221400,1016.3,1017.3,1015.9,1017.0,61538
1785221700,1017.0,1017.3,1016.1,1017.2,43934
1785222000,1017.2,1017.9,1016.7,1017.0,48072
1785222300,1016.9,1017.3,1016.5,1017.0,87185
1785222600,1017.1,1017.1,1015.7,1016.1,100111
1785222900,1016.1,1016.1,1015.3,1015.5,47227
1785223200,1015.6,1015.9,1015.2,1015.5,53304
1785223500,1015.4,1016.1,1015.0,1015.1,83252
1785223800,1015.2,1015.4,1015.0,1015.1,48883
1785224100,1015.1,1015.9,1015.0,1015.9,58791
1785224400,1015.9,1015.9,1014.1,1014.4,131006
1785224700,1014.4,1014.6,1013.5,1014.3,62143
1785225000,1014.1,1015.0,1014.0,1014.7,25609
1785225300,1014.8,1014.8,1013.8,1014.0,52396
1785225600,1014.1,1014.2,1013.5,1013.9,43416
1785225900,1013.9,1013.9,1012.7,1012.9,44080
1785226200,1013.0,1013.0,1012.0,1012.1,55562
1785226500,1012.1,1012.8,1012.0,1012.6,62011
1785226800,1012.6,1013.8,1012.4,1013.6,140967
1785227100,1013.6,1013.6,1012.5,1013.0,59374
1785227400,1013.0,1013.2,1012.5,1012.9,75351
1785227700,1013.0,1013.2,1012.2,1012.5,64464
1785228000,1012.5,1012.8,1011.8,1012.4,83269
1785228300,1012.4,1013.1,1011.7,1012.7,106887
1785228600,1012.5,1013.2,1011.5,1012.0,63474
1785228900,1012.0,1013.7,1011.8,1012.6,115733
1785229200,1012.4,1012.7,1011.8,1012.0,53313
1785229500,1012.0,1012.8,1012.0,1012.1,61498
1785229800,1012.1,1013.3,1011.8,1012.6,122101
1785230100,1012.6,1012.6,1011.1,1011.3,98743
1785230400,1011.3,1012.0,1011.0,1011.5,124255
1785230700,1011.6,1012.0,1011.1,1011.2,35587
1785231000,1011.3,1011.3,1009.5,1009.9,316965
1785231300,1010.0,1010.6,1009.7,1010.3,187271
1785231600,1010.1,1010.3,1010.0,1010.0,178254
1785231900,1010.0,1017.0,1008.3,1016.5,1148072
1785232200,1016.5,1022.0,1011.2,1011.7,1416070
1785232500,1012.0,1014.9,1011.9,1014.4,545717
1785296700,1020.0,1020.2,1016.0,1019.3,228354
1785297000,1019.3,1020.0,1017.5,1017.8,100962
1785297300,1017.9,1018.0,1016.3,1016.7,85478
1785297600,1016.4,1017.9,1016.1,1017.9,46625
1785297900,1017.7,1017.9,1016.5,1017.5,37749
1785298200,1017.5,1019.2,1017.4,1019.1,56864
1785298500,1019.1,1019.1,1017.6,1017.9,45192
1785298800,1017.9,1018.3,1017.1,1018.2,24562
1785299100,1018.2,1018.5,1018.1,1018.3,15621
1785299400,1018.2,1019.9,1018.2,1019.4,55058
1785299700,1019.8,1019.8,1019.3,1019.6,41709
1785300000,1019.6,1019.7,1019.0,1019.5,27330
1785300300,1019.4,1020.1,1018.5,1018.5,76615
1785300600,1018.5,1019.0,1018.4,1018.9,30878
1785300900,1019.0,1019.0,1017.7,1017.9,30335
1785301200,1017.9,1018.0,1016.9,1017.7,31760
1785301500,1017.7,1018.0,1016.1,1016.1,44079
1785301800,1016.1,1017.1,1016.1,1016.6,46215
1785302100,1016.9,1017.2,1014.2,1015.0,106951
1785302400,1014.6,1015.1,1014.5,1014.5,26961
1785302700,1015.0,1015.2,1014.5,1015.0,30859
1785303000,1015.0,1015.8,1014.6,1015.6,25025
1785303300,1015.7,1016.7,1015.3,1016.6,51306
1785303600,1016.6,1016.8,1015.6,1016.0,34936
1785303900,1016.4,1016.5,1014.7,1015.4,31140
1785304200,1015.3,1015.8,1014.6,1015.8,35820
1785304500,1015.7,1015.8,1012.8,1013.8,178687
1785304800,1013.8,1014.8,1013.1,1014.0,182910
1785305100,1014.0,1014.6,1013.8,1014.1,35531
1785305400,1014.1,1015.1,1014.0,1014.7,34491
1785305700,1014.8,1015.2,1014.2,1014.4,44974
1785306000,1014.3,1014.5,1013.5,1014.2,45277
1785306300,1014.0,1014.9,1013.7,1014.8,43527
1785306600,1014.6,1015.2,1014.1,1014.3,48687
1785306900,1014.2,1015.9,1014.1,1015.5,37130
1785307200,1015.7,1015.8,1014.6,1014.9,45629
1785307500,1015.1,1015.1,1013.7,1014.4,44715
1785307800,1014.2,1014.8,1013.7,1013.8,41788
1785308100,1014.2,1014.2,1012.5,1013.5,126993
1785308400,1013.7,1013.8,1012.4,1012.9,46514
1785308700,1013.0,1013.9,1012.6,1013.8,38988
1785309000,1013.9,1014.0,1013.4,1013.9,52976
1785309300,1013.7,1014.4,1013.1,1013.3,50672
1785309600,1013.3,1013.5,1012.6,1013.2,32280
1785309900,1013.0,1013.5,1012.7,1013.2,36165
1785310200,1013.3,1014.0,1013.2,1013.6,51405
1785310500,1013.9,1014.4,1013.5,1013.9,53011
1785310800,1013.9,1015.0,1013.6,1014.3,47870
1785311100,1014.6,1014.8,1013.4,1013.8,53158
1785311400,1013.8,1014.5,1013.8,1014.0,44331
1785311700,1014.1,1014.4,1013.9,1014.3,29535
1785312000,1014.3,1014.8,1013.6,1013.7,48134
1785312300,1013.6,1014.3,1012.7,1013.0,44688
1785312600,1013.3,1014.2,1012.0,1012.2,111798
1785312900,1012.2,1013.9,1012.1,1013.0,63684
1785313200,1013.0,1013.9,1012.8,1013.1,74312
1785313500,1013.5,1014.0,1012.2,1012.4,56220
1785313800,1012.7,1013.5,1012.4,1012.9,31012
1785314100,1012.9,1013.8,1012.7,1013.6,35393
1785314400,1013.4,1014.5,1013.3,1013.8,53486
1785314700,1013.6,1014.8,1013.6,1014.7,51898
1785315000,1014.3,1015.5,1014.3,1014.6,99433
1785315300,1014.8,1015.0,1014.4,1014.9,50339
1785315600,1014.9,1015.2,1013.9,1014.5,130958
1785315900,1014.2,1014.9,1013.7,1014.0,33949
1785316200,1014.5,1014.5,1013.5,1014.5,78704
1785316500,1014.3,1015.7,1014.2,1014.9,104806
1785316800,1014.9,1015.0,1014.1,1014.3,46497
1785317100,1014.7,1015.6,1014.3,1014.9,98696
1785317400,1014.9,1015.4,1013.7,1014.2,119636
1785317700,1014.3,1014.3,1013.3,1014.2,93555
1785318000,1013.8,1014.4,1013.5,1013.8,72085
1785318300,1013.8,1014.1,1012.1,1013.4,141753
1785318600,1013.4,1014.3,1013.0,1013.8,150603
1785318900,1013.7,1014.1,1012.6,1014.0,155418
1785383100,1013.5,1014.9,1007.6,1011.0,216916
1785383400,1010.5,1013.0,1010.5,1012.1,102158
1785383700,1012.1,1012.5,1011.4,1012.3,35045
1785384000,1012.2,1013.3,1011.7,1012.6,59142
1785384300,1012.6,1012.8,1010.7,1011.1,45060
1785384600,1011.0,1012.8,1010.7,1011.5,90281
1785384900,1011.5,1012.9,1011.0,1012.2,54814
1785385200,1012.3,1016.0,1012.2,1016.0,140835
1785385500,1015.9,1016.9,1015.1,1016.7,49505
1785385800,1016.7,1016.7,1015.1,1015.5,36369
1785386100,1015.1,1015.1,1013.3,1013.3,44911
1785386400,1013.4,1013.7,1012.8,1013.0,56821
1785386700,1012.9,1013.6,1012.0,1012.6,117530
1785387000,1012.5,1014.6,1012.3,1014.3,47860
1785387300,1014.8,1014.8,1013.4,1013.7,29083
1785387600,1013.6,1013.6,1012.0,1012.6,36346
1785387900,1012.6,1013.4,1012.2,1012.7,28628
1785388200,1012.8,1013.8,1011.7,1013.3,76940
1785388500,1013.3,1015.5,1013.3,1014.7,46116
1785388800,1014.9,1015.8,1014.6,1014.9,47661
1785389100,1014.8,1015.9,1014.3,1014.6,86958
1785389400,1014.6,1015.0,1014.2,1014.9,60813
1785389700,1014.7,1015.3,1014.1,1015.2,185057
1785390000,1015.3,1015.7,1014.1,1014.4,102797
1785390300,1014.4,1015.1,1013.8,1013.9,73689
1785390600,1014.0,1014.5,1013.6,1013.8,29585
1785390900,1014.0,1014.9,1013.6,1014.9,29845
1785391200,1014.9,1016.5,1014.7,1016.3,66020
1785391500,1016.4,1016.5,1015.5,1016.3,60303
1785391800,1016.1,1016.8,1016.0,1016.1,30525
1785392100,1016.2,1016.3,1015.4,1015.9,40765
1785392400,1016.0,1016.2,1015.9,1016.0,38490
1785392700,1015.9,1016.3,1015.5,1016.0,43840
1785393000,1016.0,1016.6,1015.6,1016.4,47557
1785393300,1016.3,1017.8,1016.3,1016.3,59972
1785393600,1016.4,1017.5,1016.0,1017.1,29429
1785393900,1017.1,1017.2,1016.0,1016.9,36755
1785394200,1016.9,1018.7,1016.9,1017.8,65825
1785394500,1017.7,1018.6,1017.4,1018.0,96163
1785394800,1018.1,1024.0,1017.7,1022.0,237040
1785395100,1022.1,1023.7,1020.8,1022.4,134884
1785395400,1022.5,1024.0,1022.1,1022.5,186151
1785395700,1022.7,1027.4,1022.5,1026.3,256798
1785396000,1026.3,1028.3,1024.0,1025.2,240576
1785396300,1025.2,1025.4,1024.1,1024.2,70360
1785396600,1024.3,1024.3,1023.0,1023.3,119009
1785396900,1023.1,1024.8,1023.0,1024.4,95019
1785397200,1024.5,1024.5,1022.7,1023.7,52770
1785397500,1023.8,1023.9,1022.9,1023.5,37483
1785397800,1023.5,1025.8,1023.3,1025.2,52965
1785398100,1025.4,1025.4,1024.0,1024.1,25040
1785398400,1024.3,1024.8,1024.0,1024.7,27868
1785398700,1024.7,1026.6,1024.6,1026.2,74452
1785399000,1026.1,1026.5,1026.0,1026.1,37238
1785399300,1026.0,1026.1,1024.0,1024.1,82784
1785399600,1024.3,1025.2,1023.8,1025.0,56763
1785399900,1025.0,1025.0,1023.5,1023.6,58971
1785400200,1023.5,1023.9,1022.9,1023.0,39534
1785400500,1023.0,1023.4,1020.7,1022.3,273475
1785400800,1022.2,1022.7,1021.4,1021.8,84209
1785401100,1021.8,1022.6,1021.5,1022.0,64592
1785401400,1021.9,1021.9,1020.2,1021.0,44649
1785401700,1021.1,1021.9,1020.6,1021.8,44928
1785402000,1021.7,1023.1,1021.3,1022.0,48230
1785402300,1021.8,1022.9,1021.5,1022.7,36016
1785402600,1022.9,1024.0,1022.3,1023.7,112272
1785402900,1023.9,1024.8,1023.3,1023.5,113357
1785403200,1023.5,1023.9,1023.0,1023.1,56872
1785403500,1023.1,1023.8,1022.7,1023.2,50729
1785403800,1023.9,1025.0,1022.8,1024.9,142218
1785404100,1024.9,1026.2,1024.7,1025.8,198163
1785404400,1025.8,1026.4,1025.6,1026.1,132826
1785404700,1026.1,1026.2,1025.1,1025.5,188404
1785405000,1025.5,1026.6,1023.5,1025.3,396805
1785405300,1025.3,1026.7,1023.1,1024.0,410250
1785469500,1028.1,1034.3,1027.8,1032.0,532389
1785469800,1032.0,1033.0,1032.0,1032.3,122589
1785470100,1032.6,1032.8,1030.0,1030.2,124052
1785470400,1030.4,1030.4,1028.0,1029.2,129998
1785470700,1029.5,1030.0,1026.4,1027.0,128199
1785471000,1027.5,1028.1,1026.6,1026.9,67509
1785471300,1027.2,1027.8,1025.1,1026.0,115683
1785471600,1026.2,1026.9,1024.3,1026.5,103477
1785471900,1026.9,1027.2,1026.5,1027.0,46384
1785472200,1026.7,1027.8,1026.7,1027.3,47210
1785472500,1026.8,1027.3,1025.7,1027.1,54940
1785472800,1027.1,1027.8,1026.6,1027.7,47959
1785473100,1027.6,1027.6,1026.5,1027.5,48907
1785473400,1027.4,1028.1,1026.9,1027.7,56334
1785473700,1027.8,1028.5,1027.3,1028.2,39787
1785474000,1028.0,1028.5,1026.5,1026.9,48057
1785474300,1026.8,1029.1,1026.3,1028.8,74653
1785474600,1028.9,1029.0,1027.2,1027.5,33931
1785474900,1027.5,1028.1,1027.3,1027.9,34815
1785475200,1027.9,1027.9,1026.5,1027.5,44673
1785475500,1027.2,1028.0,1027.1,1027.3,20555
1785475800,1027.1,1027.4,1026.3,1026.8,34135
1785476100,1026.5,1026.8,1023.5,1024.2,153460
1785476400,1024.2,1024.9,1023.6,1024.8,57830
1785476700,1024.9,1025.2,1024.0,1024.8,97172
1785477000,1024.7,1025.1,1024.1,1024.5,64088
1785477300,1024.6,1024.7,1023.6,1023.6,52426
1785477600,1024.1,1024.9,1023.6,1024.8,58843
1785477900,1024.9,1025.2,1024.6,1025.1,45946
1785478200,1025.1,1025.2,1023.9,1024.7,54745
1785478500,1024.8,1025.2,1024.6,1024.9,36431
1785478800,1024.9,1025.1,1024.4,1024.4,39300
1785479100,1024.8,1024.9,1024.2,1024.5,36895
1785479400,1024.4,1024.9,1024.2,1024.3,27563
1785479700,1024.3,1025.1,1024.1,1024.5,45300
1785480000,1024.9,1025.7,1024.3,1025.4,82502
1785480300,1025.5,1026.1,1024.7,1024.9,168784
1785480600,1025.0,1025.7,1024.8,1025.0,90795
1785480900,1025.0,1027.0,1025.0,1026.1,132106
1785481200,1026.3,1026.5,1025.3,1025.9,384908
1785481500,1026.0,1027.5,1025.5,1025.6,507649
1785481800,1025.6,1026.5,1025.1,1025.9,262632
1785482100,1026.0,1026.5,1024.5,1024.6,225722
1785482400,1025.0,1025.7,1024.4,1025.2,98515
1785482700,1025.5,1026.0,1024.4,1025.8,209882
1785483000,1025.7,1028.9,1025.3,1028.7,213153
1785483300,1028.6,1032.8,1028.6,1030.8,408602
1785483600,1030.5,1030.9,1028.4,1029.0,208058
1785483900,1028.6,1029.5,1028.3,1029.1,92517
1785484200,1029.4,1030.0,1028.8,1029.8,140966
1785484500,1029.8,1031.9,1029.6,1031.0,201446
1785484800,1031.0,1031.7,1029.0,1029.3,172239
1785485100,1029.6,1030.0,1029.0,1029.3,88891
1785485400,1029.3,1029.6,1028.3,1028.8,55154
1785485700,1028.9,1029.9,1027.9,1029.5,178219
1785486000,1029.5,1029.8,1028.8,1029.4,58475
1785486300,1029.0,1030.0,1029.0,1029.7,101621
1785486600,1029.7,1029.8,1027.3,1027.9,195141
1785486900,1027.8,1029.1,1027.4,1028.2,416840
1785487200,1028.1,1029.5,1027.6,1028.8,173320
1785487500,1028.8,1029.0,1027.6,1028.0,105593
1785487800,1027.9,1028.9,1027.8,1028.4,57162
1785488100,1028.4,1029.2,1028.0,1028.3,73820
1785488400,1028.3,1028.7,1027.5,1027.8,74050
1785488700,1027.8,1029.3,1027.6,1028.5,117292
1785489000,1028.6,1028.7,1027.0,1027.3,167974
1785489300,1027.3,1027.9,1026.8,1027.0,104057
1785489600,1027.0,1027.5,1026.6,1027.4,126086
1785489900,1027.5,1027.7,1026.2,1026.9,136329
1785490200,1027.0,1028.6,1026.3,1028.1,559174
1785490500,1028.1,1028.7,1027.5,1028.3,317145
1785490800,1028.3,1028.8,1028.0,1028.1,387627
1785491100,1028.1,1028.1,1025.5,1026.8,410144
1785491400,1026.9,1027.7,1026.4,1027.3,348494
1785491700,1027.3,1027.9,1026.5,1027.6,321843
1785728700,1035.0,1036.8,1033.2,1033.5,297271
1785729000,1033.9,1034.0,1031.6,1033.2,119945
1785729300,1032.9,1034.5,1032.2,1034.0,129237
1785729600,1034.3,1034.8,1033.5,1034.8,98905
1785729900,1035.3,1041.0,1034.8,1040.2,445813
1785730200,1040.2,1044.8,1039.5,1044.3,468676
1785730500,1044.3,1046.7,1042.8,1044.0,293487
1785730800,1044.3,1045.8,1043.6,1045.0,127796
1785731100,1044.9,1045.9,1044.8,1045.0,80104
1785731400,1045.2,1047.8,1044.2,1047.5,184359
1785731700,1047.7,1049.0,1043.8,1044.8,309850
1785732000,1045.3,1045.4,1043.7,1044.1,58551
1785732300,1044.2,1044.2,1042.7,1043.9,82545
1785732600,1043.8,1043.8,1043.0,1043.5,49427
1785732900,1043.6,1043.8,1043.0,1043.8,30506
1785733200,1043.8,1045.0,1041.5,1041.9,189644
1785733500,1041.9,1042.5,1041.2,1041.8,105116
1785733800,1041.7,1043.6,1041.4,1043.0,46399
1785734100,1043.0,1043.4,1042.0,1042.1,41816
1785734400,1042.2,1044.0,1042.1,1043.3,53987
1785734700,1043.7,1044.3,1042.4,1042.9,94750
1785735000,1042.8,1043.6,1042.5,1043.6,37759
1785735300,1043.5,1047.7,1043.5,1047.0,190285
1785735600,1047.1,1048.3,1046.4,1048.0,143092
1785735900,1047.9,1048.5,1047.8,1048.0,141017
1785736200,1047.9,1048.4,1047.9,1047.9,124603
1785736500,1047.9,1049.9,1046.7,1049.5,151930
1785736800,1049.6,1050.5,1048.3,1049.2,195324
1785737100,1049.0,1050.2,1048.2,1049.8,155091
1785737400,1049.6,1051.5,1048.7,1048.8,203661
1785737700,1048.8,1049.2,1047.8,1049.0,74877
1785738000,1049.0,1049.4,1048.6,1049.0,69308
1785738300,1049.4,1049.5,1047.6,1047.8,105473
1785738600,1048.0,1048.0,1046.8,1047.0,115648
1785738900,1047.2,1047.5,1046.4,1046.8,91257
1785739200,1046.7,1048.3,1045.8,1047.9,115052
1785739500,1047.9,1047.9,1046.2,1046.5,206222
1785739800,1046.6,1046.8,1043.6,1044.2,181119
1785740100,1044.1,1044.3,1043.4,1043.6,71787
1785740400,1043.7,1044.2,1042.2,1042.3,130405
1785740700,1042.3,1043.0,1042.0,1042.0,172526
1785741000,1042.1,1043.0,1042.0,1042.5,104298
1785741300,1042.6,1043.0,1041.0,1041.5,136698
1785741600,1041.5,1042.0,1041.2,1041.7,52509
1785741900,1041.8,1042.0,1040.3,1041.3,292574
1785742200,1041.4,1041.7,1039.9,1040.5,104808
1785742500,1040.8,1041.0,1040.2,1041.0,69814
1785742800,1041.0,1041.2,1040.5,1040.9,57419
1785743100,1041.0,1042.0,1040.7,1040.9,100662
1785743400,1040.9,1041.0,1040.0,1040.7,133242
1785743700,1040.9,1041.5,1040.1,1040.6,170334
1785744000,1040.8,1042.7,1040.6,1041.7,141893
1785744300,1041.8,1042.8,1041.3,1042.4,146445
1785744600,1042.4,1043.0,1041.0,1042.7,140631
1785744900,1043.0,1043.1,1041.9,1042.0,43878
1785745200,1042.0,1042.4,1041.6,1042.1,39437
1785745500,1042.0,1042.8,1041.7,1041.9,129328
1785745800,1041.8,1042.0,1041.2,1041.5,49256
1785746100,1041.5,1041.9,1040.5,1040.7,57962
1785746400,1040.9,1041.4,1040.5,1040.9,63771
1785746700,1041.0,1041.2,1039.1,1039.9,100095
1785747000,1039.8,1040.1,1038.2,1038.6,175495
1785747300,1038.8,1039.5,1038.5,1038.6,67175
1785747600,1038.7,1039.4,1038.5,1038.9,85125
1785747900,1038.9,1040.7,1038.5,1039.9,171624
1785748200,1039.9,1040.6,1038.1,1038.9,140044
1785748500,1039.0,1039.1,1038.6,1038.7,57498
1785748800,1038.8,1038.8,1037.6,1037.8,144588
1785749100,1037.8,1038.0,1037.2,1037.2,188412
1785749400,1037.3,1037.4,1035.9,1036.3,250858
1785749700,1036.1,1036.1,1034.8,1035.1,445822
1785750000,1035.1,1037.0,1034.5,1034.7,461237
1785750300,1034.7,1034.7,1034.7,1034.7,0
1785750600,1034.7,1034.7,1034.7,1034.7,0
1785750900,1034.7,1045.0,1034.7,1045.0,145028
1785815100,1047.6,1047.6,1034.4,1035.7,472628
1785815400,1035.3,1036.7,1035.0,1035.3,216714
1785815700,1035.4,1035.9,1034.0,1035.1,129585
1785816000,1035.1,1035.6,1034.2,1034.3,96342
1785816300,1034.5,1035.1,1034.1,1034.3,41676
1785816600,1034.4,1036.5,1034.4,1036.0,92809
1785816900,1036.2,1037.8,1036.2,1037.6,93378
1785817200,1037.5,1039.0,1037.5,1037.9,115532
1785817500,1038.1,1039.2,1038.0,1038.5,47912
1785817800,1038.4,1039.8,1038.3,1039.7,77409
1785818100,1039.8,1043.7,1039.8,1040.7,250883
1785818400,1041.1,1041.8,1040.6,1041.3,92199
1785818700,1041.1,1042.9,1040.9,1042.2,59508
1785819000,1042.2,1042.5,1041.3,1041.3,85926
1785819300,1041.5,1041.5,1038.9,1038.9,180943
1785819600,1038.9,1039.1,1037.0,1037.1,76436
1785819900,1037.2,1039.2,1037.2,1039.0,50201
1785820200,1039.2,1039.8,1038.6,1038.9,31441
1785820500,1039.2,1039.9,1038.8,1038.9,69439
1785820800,1038.9,1040.6,1038.9,1039.3,36863
1785821100,1039.0,1041.2,1038.9,1039.7,63031
1785821400,1039.9,1040.9,1039.5,1040.1,136723
1785821700,1040.1,1040.6,1038.6,1038.8,195023
1785822000,1039.1,1039.2,1037.7,1038.6,140066
1785822300,1038.6,1038.8,1037.4,1037.7,56142
1785822600,1037.6,1038.0,1037.3,1037.4,32162
1785822900,1037.4,1038.0,1037.3,1037.5,23780
1785823200,1037.6,1037.8,1037.0,1037.1,30986
1785823500,1037.4,1037.5,1035.6,1036.0,148125
1785823800,1036.0,1036.5,1035.5,1036.4,74344
1785824100,1036.5,1036.6,1035.1,1035.4,75402
1785824400,1035.5,1036.0,1035.2,1035.9,49657
1785824700,1035.9,1036.1,1035.7,1035.7,33612
1785825000,1035.8,1037.0,1035.2,1036.7,92525
1785825300,1036.8,1037.0,1035.4,1035.8,57820
1785825600,1035.8,1037.1,1035.2,1036.7,81650
1785825900,1037.0,1037.7,1036.3,1036.5,106750
1785826200,1036.5,1036.9,1035.5,1036.7,73727
1785826500,1036.6,1036.8,1035.8,1036.7,112164
1785826800,1036.8,1036.9,1036.2,1036.6,111963
1785827100,1036.5,1036.6,1034.3,1035.5,161647
1785827400,1035.6,1036.1,1034.2,1034.7,142190
1785827700,1034.8,1035.0,1034.0,1034.2,102244
1785828000,1034.5,1035.0,1034.3,1034.9,36070
1785828300,1035.0,1035.0,1033.0,1033.5,102824
1785828600,1033.5,1034.7,1033.3,1034.5,115804
1785828900,1034.6,1035.4,1034.0,1034.2,53893
1785829200,1034.4,1035.1,1033.8,1034.3,113410
1785829500,1034.7,1034.7,1033.4,1034.0,70566
1785829800,1034.0,1034.0,1032.4,1034.0,114335
1785830100,1033.9,1034.0,1033.0,1033.2,113274
1785830400,1033.7,1034.7,1033.2,1034.1,100814
1785830700,1034.1,1034.6,1033.6,1033.7,97336
1785831000,1033.8,1034.0,1033.1,1033.2,72258
1785831300,1033.1,1034.0,1032.8,1033.8,70153
1785831600,1033.8,1034.4,1032.4,1032.7,113504
1785831900,1032.7,1033.1,1030.9,1031.9,376009
1785832200,1032.0,1032.0,1031.1,1031.9,79117
1785832500,1032.0,1034.7,1031.6,1034.2,316229
1785832800,1034.5,1037.0,1034.2,1036.9,87663
1785833100,1037.0,1038.8,1036.8,1038.6,176457
1785833400,1038.6,1038.9,1036.3,1036.9,111206
1785833700,1037.0,1037.2,1035.7,1036.1,88343
1785834000,1036.4,1037.3,1035.1,1035.6,385413
1785834300,1035.6,1036.7,1035.2,1036.0,87034
1785834600,1035.9,1036.0,1033.8,1033.8,85032
1785834900,1034.2,1035.0,1033.8,1034.8,124654
1785835200,1034.8,1035.0,1034.2,1034.7,59765
1785835500,1034.6,1035.3,1034.4,1034.6,103135
1785835800,1034.9,1035.0,1033.5,1033.7,109378
1785836100,1033.7,1034.0,1032.9,1033.4,198279
1785836400,1033.8,1034.0,1032.8,1033.5,194258
1785836700,1034.0,1034.0,1034.0,1034.0,23
1785837000,1034.0,1034.0,1034.0,1034.0,0
1785837300,1034.0,1042.7,1034.0,1042.7,279830
1785901500,1043.0,1045.5,1040.3,1043.1,315030
1785901800,1043.1,1044.0,1042.0,1043.6,119123
1785902100,1043.8,1043.9,1042.6,1043.2,72616
1785902400,1043.4,1049.5,1043.2,1047.7,354549
1785902700,1047.2,1048.0,1045.1,1046.3,215579
1785903000,1046.3,1047.5,1045.5,1047.3,83792
1785903300,1047.3,1049.0,1046.7,1048.4,176515
1785903600,1048.2,1048.8,1045.2,1045.4,179415
1785903900,1045.1,1048.5,1045.1,1048.2,134189
1785904200,1048.2,1049.7,1048.0,1049.4,170356
1785904500,1049.3,1049.5,1046.0,1046.4,135388
1785904800,1046.5,1049.3,1046.0,1049.1,104669
1785905100,1049.2,1050.0,1047.8,1050.0,141542
1785905400,1049.9,1053.2,1049.9,1050.7,331411
1785905700,1050.5,1050.7,1045.8,1046.5,110928
1785906000,1046.5,1046.6,1044.3,1046.6,155017
1785906300,1046.4,1048.0,1046.4,1047.6,71962
1785906600,1047.8,1048.8,1047.6,1048.1,69740
1785906900,1048.1,1050.0,1047.8,1050.0,73511
1785907200,1049.9,1051.0,1049.6,1050.5,113390
1785907500,1050.5,1051.0,1049.6,1050.8,120038
1785907800,1050.9,1052.0,1050.7,1051.3,101076
1785908100,1051.3,1052.6,1051.2,1052.0,239158
1785908400,1052.1,1053.0,1050.8,1052.1,162023
1785908700,1052.0,1052.3,1052.0,1052.1,42228
1785909000,1052.0,1052.8,1051.0,1052.3,73764
1785909300,1052.3,1052.4,1051.0,1052.2,74921
1785909600,1052.1,1052.2,1050.7,1050.8,92381
1785909900,1050.7,1052.0,1049.6,1051.9,212661
1785910200,1051.9,1052.3,1050.7,1050.9,109268
1785910500,1051.1,1051.3,1050.0,1050.4,143836
1785910800,1050.4,1050.4,1049.1,1050.1,197358
1785911100,1050.1,1051.5,1049.3,1051.4,89532
1785911400,1051.4,1052.4,1051.1,1052.4,58036
1785911700,1052.3,1053.0,1051.8,1052.4,105264
1785912000,1052.6,1052.6,1051.5,1052.0,64776
1785912300,1052.0,1052.2,1050.8,1051.0,102191
1785912600,1051.1,1053.9,1051.0,1053.5,203874
1785912900,1053.5,1053.5,1052.0,1052.3,47062
1785913200,1052.1,1052.6,1051.7,1052.0,89490
1785913500,1051.9,1053.3,1051.5,1053.2,119480
1785913800,1053.0,1053.5,1052.2,1053.1,224847
1785914100,1053.2,1053.2,1052.0,1052.0,76557
1785914400,1052.1,1052.1,1051.7,1051.9,99102
1785914700,1051.9,1052.0,1051.5,1051.8,72798
1785915000,1051.8,1052.5,1051.4,1052.5,72726
1785915300,1052.4,1052.9,1051.2,1052.8,139225
1785915600,1052.8,1052.8,1051.8,1051.9,39844
1785915900,1051.8,1053.0,1051.8,1052.7,91197
1785916200,1052.8,1052.8,1051.7,1051.8,75821
1785916500,1051.7,1052.4,1051.2,1052.0,110279
1785916800,1051.9,1052.8,1051.5,1051.8,127272
1785917100,1052.1,1052.1,1049.6,1050.0,55982
1785917400,1049.9,1050.1,1048.0,1048.5,87703
1785917700,1048.5,1050.5,1048.0,1050.3,74616
1785918000,1050.5,1051.0,1049.6,1050.2,69805
1785918300,1050.1,1051.0,1049.2,1050.9,68739
1785918600,1051.0,1051.9,1050.9,1051.7,39541
1785918900,1051.6,1052.9,1051.5,1052.9,78827
1785919200,1052.9,1053.9,1052.3,1052.6,100266
1785919500,1052.5,1053.0,1050.7,1052.8,79775
1785919800,1052.7,1052.8,1051.5,1052.1,103271
1785920100,1052.1,1052.1,1050.1,1050.7,91769
1785920400,1050.7,1051.7,1050.7,1051.4,47208
1785920700,1051.3,1052.8,1050.5,1051.8,77336
1785921000,1051.8,1052.0,1051.0,1051.4,64052
1785921300,1051.7,1052.5,1051.2,1052.3,58747
1785921600,1052.4,1052.5,1051.2,1051.4,92090
1785921900,1051.4,1052.7,1051.3,1052.3,89518
1785922200,1052.4,1053.0,1052.1,1052.7,102588
1785922500,1052.7,1054.0,1052.2,1053.7,208608
1785922800,1053.8,1054.9,1053.1,1054.5,230311
1785923100,1054.5,1054.5,1054.5,1054.5,0
1785923400,1054.5,1054.5,1054.5,1054.5,0
1785923700,1054.5,1055.0,1054.5,1055.0,156057
1785987900,1052.5,1058.3,1052.5,1057.4,271005
1785988200,1057.2,1059.0,1056.6,1058.9,193486
1785988500,1059.4,1062.6,1058.2,1062.0,293529
1785988800,1062.1,1062.3,1060.3,1061.5,116532
1785989100,1061.3,1064.4,1061.0,1063.4,179430
1785989400,1063.6,1064.0,1062.0,1063.2,107179
1785989700,1063.7,1064.0,1062.9,1063.9,74448
1785990000,1063.9,1063.9,1062.3,1062.9,69084
1785990300,1063.2,1063.2,1060.4,1060.9,108663
1785990600,1060.9,1062.4,1060.0,1062.0,157836
1785990900,1062.0,1062.1,1060.6,1061.9,62149
1785991200,1061.6,1062.0,1060.8,1061.6,61819
1785991500,1062.0,1062.1,1061.0,1061.3,33931
1785991800,1061.2,1062.0,1060.7,1061.9,36205
1785992100,1062.0,1062.0,1060.7,1061.0,35569
1785992400,1061.3,1062.3,1060.7,1060.9,92846
1785992700,1060.8,1061.5,1059.2,1061.3,118468
1785993000,1061.0,1061.4,1059.5,1060.0,59015
1785993300,1060.2,1060.2,1059.0,1059.9,123854
1785993600,1059.7,1060.0,1058.2,1059.1,73307
1785993900,1058.8,1060.0,1058.8,1059.8,74467
1785994200,1059.5,1060.2,1059.3,1060.1,57500
1785994500,1059.8,1060.5,1058.5,1059.0,86346
1785994800,1059.0,1059.0,1058.4,1059.0,43696
1785995100,1058.6,1059.0,1056.8,1057.7,111017
1785995400,1057.9,1058.7,1057.7,1058.2,45931
1785995700,1058.2,1058.8,1056.7,1057.3,116458
1785996000,1057.3,1057.7,1056.8,1057.3,75264
1785996300,1057.3,1057.8,1056.7,1056.8,45328
1785996600,1057.0,1057.5,1055.0,1055.5,105633
1785996900,1055.5,1055.9,1055.2,1055.8,69352
1785997200,1055.8,1058.0,1055.5,1057.6,63095
1785997500,1057.7,1058.3,1057.4,1057.4,58905
1785997800,1057.2,1057.9,1057.0,1057.6,41611
1785998100,1057.3,1058.4,1057.0,1058.0,77418
1785998400,1058.1,1059.0,1057.8,1058.2,112716
1785998700,1058.4,1059.0,1057.7,1058.1,67160
1785999000,1058.1,1058.6,1057.8,1058.1,66480
1785999300,1058.2,1059.3,1057.8,1059.3,147026
1785999600,1059.0,1060.0,1058.3,1058.9,160986
1785999900,1058.9,1059.0,1058.0,1058.8,42861
1786000200,1058.6,1059.0,1057.6,1058.4,63407
1786000500,1058.5,1058.8,1057.0,1057.1,65145
1786000800,1057.1,1058.0,1056.4,1057.7,94701
1786001100,1057.6,1059.0,1057.0,1058.1,126890
1786001400,1058.1,1059.8,1058.0,1059.5,50697
1786001700,1059.8,1062.6,1059.2,1062.5,241074
1786002000,1062.7,1071.0,1062.7,1070.0,876434
1786002300,1070.2,1072.1,1068.6,1071.7,546203
1786002600,1071.6,1074.9,1071.6,1073.1,340363
1786002900,1073.1,1078.9,1072.4,1078.3,549578
1786003200,1078.2,1081.0,1077.6,1078.5,611064
1786003500,1078.8,1082.1,1077.4,1079.6,452466
1786003800,1079.9,1080.6,1077.6,1080.0,295717
1786004100,1080.2,1080.8,1078.0,1079.9,320351
1786004400,1079.7,1084.0,1079.2,1083.0,395967
1786004700,1082.9,1085.0,1082.0,1085.0,335373
1786005000,1084.7,1085.5,1081.0,1081.7,300117
1786005300,1081.7,1083.0,1081.1,1081.7,148488
1786005600,1081.7,1084.5,1081.4,1082.8,302153
1786005900,1082.8,1083.5,1082.1,1083.4,113458
1786006200,1083.2,1085.2,1082.1,1082.4,214590
1786006500,1082.4,1084.7,1081.5,1083.0,199286
1786006800,1082.5,1084.3,1082.2,1082.7,181581
1786007100,1082.3,1085.3,1082.3,1084.9,192178
1786007400,1085.0,1086.1,1084.3,1085.1,325776
1786007700,1085.5,1086.5,1084.6,1084.9,136277
1786008000,1085.3,1087.0,1084.9,1085.4,259387
1786008300,1085.4,1086.0,1083.7,1085.9,373124
1786008600,1086.0,1086.9,1085.1,1085.7,395907
1786008900,1086.2,1087.9,1085.4,1086.0,593849
1786009200,1085.6,1088.1,1085.0,1085.6,523734
1786009500,1085.6,1085.6,1085.6,1085.6,0
1786009800,1085.6,1085.6,1085.6,1085.6,0
1786010100,1085.6,1085.6,1085.0,1085.0,236096
1786074300,1080.1,1086.0,1075.7,1080.0,655378
1786074600,1080.0,1083.6,1077.4,1080.9,349261
1786074900,1081.3,1085.0,1080.6,1085.0,308976
1786075200,1084.7,1087.8,1084.3,1086.9,381215
1786075500,1086.6,1088.0,1084.6,1084.7,244385
1786075800,1084.8,1085.3,1081.2,1083.5,176232
1786076100,1083.6,1085.5,1083.1,1084.9,85750
1786076400,1084.9,1087.8,1084.5,1087.4,128434
1786076700,1087.4,1087.9,1086.5,1087.0,106611
1786077000,1087.0,1089.2,1086.0,1089.2,156243
1786077300,1089.3,1090.6,1087.8,1089.5,597033
1786077600,1089.5,1090.2,1086.9,1088.5,343346
1786077900,1088.7,1090.1,1086.7,1087.6,382406
1786078200,1087.7,1088.6,1086.6,1086.7,73314
1786078500,1086.7,1087.9,1085.3,1087.0,85384
1786078800,1087.1,1087.9,1085.6,1087.5,100277
1786079100,1087.7,1089.2,1087.0,1088.1,86822
1786079400,1088.1,1088.1,1083.2,1084.6,177328
1786079700,1084.7,1087.1,1083.8,1086.3,84330
1786080000,1086.3,1087.7,1085.2,1086.7,50863
1786080300,1086.9,1087.9,1085.4,1085.4,74771
1786080600,1085.9,1088.0,1085.2,1086.3,74346
1786080900,1086.3,1089.7,1086.2,1089.2,135326
1786081200,1089.1,1091.9,1088.3,1090.5,259944
1786081500,1090.5,1091.6,1088.3,1091.3,280005
1786081800,1091.6,1093.5,1091.4,1093.5,168561
1786082100,1093.7,1094.3,1092.5,1092.9,161306
1786082400,1093.0,1093.0,1089.1,1089.2,277075
1786082700,1089.2,1089.8,1087.5,1089.6,111233
1786083000,1089.8,1089.8,1087.0,1087.0,129866
1786083300,1087.2,1087.9,1086.5,1087.2,111623
1786083600,1087.3,1087.3,1085.5,1086.7,110367
1786083900,1086.8,1087.2,1086.0,1087.2,37606
1786084200,1087.3,1087.7,1085.0,1085.6,132557
1786084500,1085.6,1086.0,1084.8,1085.6,80537
1786084800,1085.6,1086.0,1085.0,1085.3,44019
1786085100,1085.3,1085.5,1082.0,1082.9,222936
1786085400,1083.0,1084.4,1082.5,1083.9,98554
1786085700,1083.9,1087.9,1083.8,1086.8,248524
1786086000,1086.8,1087.6,1086.0,1087.5,90222
1786086300,1087.6,1088.0,1085.7,1087.2,58814
1786086600,1087.3,1087.3,1085.9,1086.3,56409
1786086900,1086.3,1088.5,1086.2,1087.3,65425
1786087200,1087.3,1087.5,1085.4,1086.0,39662
1786087500,1086.0,1086.9,1085.4,1085.9,56494
1786087800,1085.9,1086.7,1084.0,1086.5,126238
1786088100,1086.6,1088.0,1086.5,1086.5,51367
1786088400,1086.6,1087.4,1085.0,1085.4,49193
1786088700,1085.0,1086.4,1085.0,1085.9,47095
1786089000,1086.0,1087.0,1085.4,1086.6,46505
1786089300,1086.6,1087.4,1086.1,1086.1,63393
1786089600,1086.6,1086.7,1085.0,1086.3,47262
1786089900,1086.3,1086.7,1085.1,1085.7,41762
1786090200,1085.8,1087.0,1085.0,1086.9,74082
1786090500,1086.8,1113.8,1085.9,1112.4,3215970
1786090800,1112.6,1123.0,1109.5,1111.2,3149486
1786091100,1111.4,1114.3,1098.7,1112.8,2652501
1786091400,1113.1,1124.5,1113.1,1115.6,2604741
1786091700,1115.8,1117.9,1108.6,1109.4,1007573
1786092000,1109.0,1112.7,1108.5,1111.3,525725
1786092300,1111.3,1118.8,1110.0,1115.5,848515
1786092600,1115.7,1121.1,1115.1,1120.5,835367
1786092900,1120.9,1121.8,1118.2,1119.6,683373
1786093200,1119.5,1120.1,1116.1,1117.1,453908
1786093500,1117.5,1118.0,1113.5,1113.8,313352
1786093800,1113.7,1117.5,1113.1,1115.2,296230
1786094100,1115.6,1115.6,1105.1,1108.8,948347
1786094400,1108.6,1108.8,1092.2,1094.1,923893
1786094700,1094.2,1099.0,1093.6,1098.1,744643
1786095000,1098.3,1100.6,1097.1,1098.6,647827
1786095300,1098.9,1101.3,1098.0,1098.2,612069
1786095600,1098.3,1098.9,1096.3,1097.0,428018
1786095900,1097.0,1097.0,1097.0,1097.0,0
1786096200,1097.0,1097.0,1097.0,1097.0,0
1786096500,1097.0,1097.2,1097.0,1097.2,211180
1786333500,1108.0,1113.3,1097.8,1098.0,2004853
1786333800,1098.2,1100.3,1092.4,1093.1,760119
1786334100,1093.1,1094.5,1084.2,1086.0,715535
1786334400,1085.8,1086.0,1080.1,1080.5,440010
1786334700,1080.7,1083.1,1078.5,1083.0,420266
1786335000,1082.6,1083.5,1080.3,1082.2,187631
1786335300,1082.2,1082.7,1080.5,1081.5,192588
1786335600,1081.5,1083.4,1081.1,1082.4,174647
1786335900,1082.7,1082.7,1080.0,1081.7,181500
1786336200,1082.0,1083.9,1081.2,1083.2,117993
1786336500,1083.5,1085.4,1083.0,1085.2,156029
1786336800,1085.1,1088.5,1084.7,1088.4,333637
1786337100,1088.3,1091.4,1088.3,1089.3,625425
1786337400,1089.4,1089.5,1087.2,1087.9,134354
1786337700,1087.8,1088.8,1086.0,1088.2,212463
1786338000,1088.8,1089.4,1087.4,1088.3,133548
1786338300,1088.3,1089.6,1088.0,1088.7,105117
1786338600,1088.5,1090.0,1088.3,1088.6,111966
1786338900,1089.1,1090.0,1088.5,1090.0,109241
1786339200,1090.0,1090.0,1089.2,1089.4,59015
1786339500,1089.5,1089.5,1088.3,1089.0,105098
1786339800,1089.0,1089.0,1087.2,1087.9,163954
1786340100,1087.6,1089.4,1087.5,1088.6,136660
1786340400,1088.6,1089.5,1088.5,1089.1,57355
1786340700,1089.1,1089.6,1085.6,1086.6,140491
1786341000,1086.8,1087.9,1084.5,1085.5,221173
1786341300,1085.6,1086.2,1084.3,1084.6,132142
1786341600,1084.7,1085.2,1082.5,1082.8,126397
1786341900,1082.9,1085.0,1082.6,1084.8,92292
1786342200,1084.7,1085.0,1083.6,1084.0,75134
1786342500,1084.0,1084.0,1082.8,1083.5,67390
1786342800,1083.6,1083.7,1080.0,1080.1,209243
1786343100,1080.1,1081.5,1077.5,1077.8,337774
1786343400,1077.9,1078.0,1077.0,1077.9,127771
1786343700,1078.0,1078.8,1077.6,1078.2,139861
1786344000,1078.4,1080.9,1078.0,1080.0,184745
1786344300,1080.0,1080.0,1078.3,1078.8,91626
1786344600,1079.0,1079.1,1076.2,1077.3,181002
1786344900,1077.4,1079.5,1077.3,1079.1,93749
1786345200,1079.2,1081.2,1079.1,1080.0,199613
1786345500,1080.0,1080.0,1078.6,1079.0,83677
1786345800,1079.0,1080.3,1077.9,1078.8,241589
1786346100,1078.8,1079.4,1078.1,1078.3,121296
1786346400,1078.3,1079.0,1078.3,1078.7,98952
1786346700,1078.8,1078.8,1077.1,1078.0,96489
1786347000,1078.0,1078.6,1077.0,1077.9,143290
1786347300,1077.8,1079.1,1077.0,1077.9,301219
1786347600,1077.9,1078.0,1075.0,1075.7,230672
1786347900,1075.7,1077.0,1075.3,1077.0,91007
1786348200,1076.9,1077.5,1076.8,1076.9,68370
1786348500,1076.8,1077.6,1076.8,1077.0,109818
1786348800,1077.0,1077.0,1075.6,1076.8,72471
1786349100,1077.0,1077.0,1076.6,1076.8,122778
1786349400,1077.0,1078.1,1076.8,1077.8,189896
1786349700,1077.8,1078.1,1077.0,1077.2,74898
1786350000,1077.1,1077.6,1076.0,1076.1,100644
1786350300,1076.1,1076.7,1075.5,1076.3,125826
1786350600,1076.6,1077.0,1076.0,1077.0,62682
1786350900,1076.8,1077.0,1076.3,1076.7,104103
1786351200,1076.7,1077.0,1075.4,1076.8,128146
1786351500,1076.8,1077.0,1076.0,1076.1,68731
1786351800,1076.1,1077.0,1076.1,1077.0,68616
1786352100,1077.0,1077.0,1076.1,1077.0,120006
1786352400,1077.0,1077.2,1075.2,1076.5,345341
1786352700,1076.4,1076.5,1075.2,1075.3,168749
1786353000,1075.3,1075.9,1074.0,1074.7,242069
1786353300,1074.4,1075.6,1072.2,1073.0,299578
1786353600,1072.6,1073.9,1071.8,1073.2,324629
1786353900,1073.2,1073.9,1073.0,1073.8,223945
1786354200,1073.8,1074.0,1071.8,1073.9,395498
1786354500,1074.0,1074.0,1068.6,1069.7,998606
1786354800,1069.5,1072.3,1069.0,1071.0,537637
1786355100,1071.0,1071.0,1071.0,1071.0,4
1786355400,1071.0,1071.0,1071.0,1071.0,0
1786355700,1071.0,1071.0,1071.0,1071.0,93668
1786419900,1071.0,1071.0,1060.4,1064.3,562103
1786420200,1064.0,1065.6,1063.3,1065.6,160517
1786420500,1065.4,1067.6,1065.3,1066.8,171471
1786420800,1066.3,1066.6,1062.1,1062.7,158414
1786421100,1062.7,1064.1,1062.3,1063.5,64896
1786421400,1063.7,1064.2,1062.3,1063.9,73274
1786421700,1063.9,1065.0,1063.1,1064.8,82517
1786422000,1064.9,1066.0,1062.3,1062.3,139291
1786422300,1062.3,1064.5,1062.1,1064.2,69556
1786422600,1064.3,1066.0,1063.7,1065.3,123366
1786422900,1065.3,1066.7,1064.1,1065.0,124652
1786423200,1065.2,1065.9,1064.0,1064.7,129941
1786423500,1064.4,1064.8,1063.5,1063.5,79344
1786423800,1063.5,1065.2,1062.6,1064.3,140904
1786424100,1064.4,1066.5,1063.4,1066.0,130388
1786424400,1065.8,1066.3,1064.1,1064.4,124365
1786424700,1064.4,1065.9,1064.0,1065.3,56162
1786425000,1065.3,1065.8,1064.3,1064.9,79834
1786425300,1064.8,1065.5,1064.0,1064.2,43240
1786425600,1064.3,1068.4,1064.3,1067.6,138629
1786425900,1067.6,1069.4,1066.7,1067.0,261450
1786426200,1067.1,1068.3,1066.2,1067.5,81089
1786426500,1067.5,1068.5,1067.2,1067.5,79927
1786426800,1067.4,1069.8,1067.0,1069.3,127255
1786427100,1069.2,1070.7,1069.0,1069.5,206315
1786427400,1069.5,1069.5,1067.6,1067.8,70515
1786427700,1068.0,1068.7,1066.8,1068.0,88278
1786428000,1068.1,1068.3,1066.7,1066.8,47969
1786428300,1066.8,1067.4,1066.5,1067.2,31099
1786428600,1067.2,1068.4,1066.5,1066.6,83098
1786428900,1066.6,1066.8,1065.5,1066.5,67397
1786429200,1066.2,1066.7,1065.0,1065.2,64457
1786429500,1065.2,1065.7,1064.5,1065.1,80774
1786429800,1065.1,1065.4,1063.5,1064.5,86757
1786430100,1064.7,1065.0,1063.8,1064.8,58303
1786430400,1065.0,1065.0,1064.0,1064.5,75652
1786430700,1064.6,1065.0,1064.2,1064.7,59029
1786431000,1064.7,1065.9,1063.7,1063.9,120269
1786431300,1063.9,1066.9,1063.7,1066.2,72405
1786431600,1066.2,1067.0,1065.9,1066.9,46737
1786431900,1066.9,1067.3,1066.4,1067.2,36299
1786432200,1067.1,1068.0,1066.9,1067.7,67451
1786432500,1067.5,1068.7,1067.0,1067.8,51732
1786432800,1067.9,1068.1,1067.4,1067.8,52843
1786433100,1067.9,1068.0,1066.4,1066.6,52657
1786433400,1066.7,1067.1,1065.3,1066.0,126159
1786433700,1065.7,1068.1,1065.2,1067.7,189753
1786434000,1067.8,1068.0,1065.7,1066.5,94034
1786434300,1066.5,1066.9,1065.3,1065.6,104911
1786434600,1065.7,1066.7,1065.4,1066.2,101851
1786434900,1066.4,1067.0,1066.1,1066.7,109498
1786435200,1066.7,1069.7,1066.6,1069.4,205186
1786435500,1069.2,1069.6,1066.3,1066.5,114164
1786435800,1066.5,1068.2,1066.2,1067.1,135445
1786436100,1067.1,1068.4,1066.8,1068.0,99396
1786436400,1067.8,1068.1,1066.8,1066.9,80475
1786436700,1066.9,1068.7,1066.8,1068.3,144786
1786437000,1068.6,1069.5,1068.1,1068.8,87101
1786437300,1069.2,1070.6,1068.4,1068.8,214236
1786437600,1069.0,1069.9,1068.2,1068.8,205272
1786437900,1069.0,1069.7,1067.5,1067.7,159566
1786438200,1067.8,1068.1,1066.1,1066.5,326152
1786438500,1066.4,1067.7,1066.0,1066.6,291276
1786438800,1066.9,1067.5,1065.7,1066.5,153343
1786439100,1066.9,1067.0,1064.8,1065.0,151195
1786439400,1065.4,1066.4,1064.9,1065.8,75560
1786439700,1066.3,1066.3,1065.1,1065.7,94630
1786440000,1066.3,1066.4,1065.7,1066.3,89336
1786440300,1066.3,1067.2,1066.3,1066.5,110609
1786440600,1066.5,1068.1,1066.3,1066.8,195800
1786440900,1066.8,1067.1,1065.5,1066.0,453993
1786441200,1065.8,1067.0,1065.0,1066.0,369734
1786441500,1066.3,1066.3,1066.3,1066.3,1
1786441800,1066.3,1066.3,1066.3,1066.3,0
1786442100,1066.3,1066.3,1066.0,1066.0,197909
1786506300,1066.0,1069.6,1066.0,1068.6,440989
1786506600,1069.0,1076.6,1068.7,1074.9,538230
1786506900,1074.9,1081.8,1074.9,1080.9,510983
1786507200,1080.9,1082.5,1079.7,1082.0,260317
1786507500,1082.1,1083.0,1080.5,1081.0,161977
1786507800,1081.3,1084.0,1080.1,1080.6,763167
1786508100,1080.8,1081.8,1079.6,1080.5,453965
1786508400,1081.0,1081.9,1080.2,1081.5,243501
1786508700,1081.5,1081.8,1078.1,1078.8,247652
1786509000,1078.7,1078.8,1077.0,1078.0,171140
1786509300,1078.5,1079.9,1077.8,1078.5,101688
1786509600,1078.5,1079.7,1078.4,1079.4,63200
1786509900,1079.4,1080.0,1078.5,1079.5,98171
1786510200,1080.0,1081.6,1079.5,1080.9,454046
1786510500,1080.9,1081.0,1079.6,1079.6,90117
1786510800,1079.6,1082.0,1079.4,1080.4,125941
1786511100,1080.5,1080.5,1078.5,1079.6,80659
1786511400,1079.7,1079.7,1075.7,1078.0,488878
1786511700,1078.0,1078.6,1077.5,1078.3,96129
1786512000,1078.3,1080.0,1078.2,1079.7,102053
1786512300,1079.7,1080.0,1077.9,1079.5,523879
1786512600,1080.0,1080.8,1078.4,1079.1,298702
1786512900,1079.0,1081.6,1078.7,1080.6,337479
1786513200,1080.3,1081.1,1078.1,1078.7,128096
1786513500,1078.8,1079.0,1078.0,1078.9,69710
1786513800,1079.0,1079.7,1078.3,1078.5,151479
1786514100,1079.0,1079.5,1078.3,1078.6,90602
1786514400,1078.7,1079.2,1077.8,1078.5,204389
1786514700,1078.6,1078.7,1077.0,1077.4,121050
1786515000,1077.0,1077.3,1075.3,1077.0,159974
1786515300,1077.0,1077.1,1073.2,1075.0,146062
1786515600,1075.3,1076.6,1074.5,1075.3,177021
1786515900,1075.6,1076.7,1074.8,1076.1,244019
1786516200,1076.5,1077.7,1075.6,1077.4,206020
1786516500,1077.6,1078.2,1077.0,1077.2,69984
1786516800,1077.6,1077.7,1075.2,1075.8,77014
1786517100,1076.1,1076.9,1075.6,1076.0,67660
1786517400,1076.0,1076.7,1075.1,1075.5,85971
1786517700,1075.9,1076.3,1074.6,1075.0,83054
1786518000,1075.2,1076.4,1074.9,1076.3,55225
1786518300,1076.3,1078.2,1076.0,1078.0,187860
1786518600,1078.2,1085.5,1078.0,1083.0,561550
1786518900,1083.0,1085.1,1081.9,1082.1,723590
1786519200,1082.3,1082.8,1081.0,1081.5,100330
1786519500,1081.5,1082.5,1081.0,1082.2,330603
1786519800,1082.4,1082.5,1081.7,1082.4,75346
1786520100,1082.5,1082.5,1080.6,1080.7,373659
1786520400,1080.9,1081.0,1079.1,1079.8,109564
1786520700,1079.9,1080.9,1079.3,1080.4,109391
1786521000,1080.4,1080.5,1078.6,1078.8,94455
1786521300,1078.8,1078.9,1076.7,1078.0,131861
1786521600,1078.0,1078.9,1077.6,1078.5,64787
1786521900,1078.5,1079.0,1077.6,1078.2,95094
1786522200,1078.4,1078.5,1076.2,1076.7,73840
1786522500,1076.7,1077.0,1076.2,1077.0,60713
1786522800,1077.0,1078.0,1076.9,1078.0,163859
1786523100,1077.9,1078.0,1077.5,1077.9,61252
1786523400,1077.9,1078.1,1077.2,1077.6,62994
1786523700,1077.5,1078.0,1077.4,1078.0,53174
1786524000,1077.9,1078.0,1076.5,1077.0,98578
1786524300,1077.0,1078.9,1076.5,1078.9,495567
1786524600,1078.9,1079.9,1078.4,1078.6,216029
1786524900,1078.8,1079.3,1078.5,1079.3,143269
1786525200,1079.0,1080.0,1078.8,1079.9,357987
1786525500,1080.0,1080.2,1078.8,1079.9,188344
1786525800,1080.0,1080.0,1079.5,1079.8,181763
1786526100,1079.7,1083.0,1079.4,1081.0,348788
1786526400,1081.2,1081.2,1078.6,1081.0,534835
1786526700,1081.0,1082.6,1080.4,1081.0,682200
1786527000,1081.0,1082.3,1080.4,1081.9,632363
1786527300,1081.9,1083.5,1080.1,1083.5,517853
1786527600,1083.5,1084.7,1079.6,1080.5,888919
1786527900,1080.5,1080.5,1080.5,1080.5,0
1786528200,1080.5,1080.5,1080.5,1080.5,0
1786528500,1080.5,1082.0,1080.5,1082.0,136759
1786592700,1083.0,1083.0,1073.0,1080.0,379661
1786593000,1079.3,1079.5,1076.5,1077.3,139743
1786593300,1077.5,1080.8,1077.3,1080.5,130346
1786593600,1080.5,1080.7,1078.2,1079.5,78631
1786593900,1079.5,1080.4,1079.1,1080.4,68770
1786594200,1080.4,1082.4,1080.4,1081.7,127803
1786594500,1081.7,1086.8,1081.4,1083.5,295194
1786594800,1083.5,1085.4,1083.4,1085.0,124404
1786595100,1085.0,1085.4,1083.9,1084.3,70747
1786595400,1084.4,1084.4,1083.6,1084.1,72762
1786595700,1084.1,1085.0,1083.7,1084.7,111054
1786596000,1084.9,1084.9,1082.3,1082.8,80602
1786596300,1082.9,1083.3,1079.4,1080.9,175646
1786596600,1080.4,1080.9,1079.1,1079.5,69862
1786596900,1079.3,1080.9,1079.3,1080.5,272106
1786597200,1080.5,1081.6,1079.0,1081.2,108401
1786597500,1081.2,1081.3,1080.5,1080.7,33479
1786597800,1080.7,1083.0,1080.6,1083.0,394749
1786598100,1082.8,1083.3,1082.1,1083.1,283452
1786598400,1083.1,1084.1,1082.7,1083.6,177834
1786598700,1083.9,1085.0,1083.2,1084.1,181580
1786599000,1084.2,1084.4,1083.3,1083.7,151474
1786599300,1083.9,1084.0,1082.0,1083.0,79198
1786599600,1083.0,1083.0,1082.3,1082.4,27206
1786599900,1082.3,1082.5,1081.6,1082.3,43332
1786600200,1082.5,1082.6,1081.2,1082.4,51012
1786600500,1082.4,1082.7,1081.6,1082.5,56664
1786600800,1082.9,1083.1,1082.1,1082.6,71443
1786601100,1082.6,1082.9,1082.0,1082.4,42221
1786601400,1082.7,1082.9,1082.0,1082.0,43874
1786601700,1082.3,1082.7,1079.8,1079.9,102240
1786602000,1080.0,1082.5,1079.8,1081.7,77099
1786602300,1082.0,1083.0,1080.7,1082.6,95107
1786602600,1083.0,1084.1,1082.0,1083.1,118144
1786602900,1083.2,1084.0,1082.4,1082.8,89664
1786603200,1083.0,1083.4,1081.9,1083.3,73136
1786603500,1083.4,1083.9,1082.3,1083.0,82153
1786603800,1083.2,1083.9,1083.0,1083.4,91171
1786604100,1083.8,1083.9,1082.0,1082.1,126456
1786604400,1082.5,1083.6,1082.4,1082.5,88976
1786604700,1082.6,1082.8,1081.8,1082.1,106619
1786605000,1082.3,1082.9,1082.1,1082.5,55407
1786605300,1082.6,1082.8,1081.8,1082.4,150897
1786605600,1082.5,1083.3,1081.5,1082.9,126261
1786605900,1082.9,1083.0,1081.7,1082.4,48570
1786606200,1082.5,1082.6,1081.2,1081.8,95875
1786606500,1082.0,1082.8,1081.5,1082.5,92165
1786606800,1082.5,1082.8,1080.0,1080.9,134634
1786607100,1081.0,1081.0,1078.7,1079.0,336969
1786607400,1079.0,1080.0,1078.7,1079.3,110820
1786607700,1079.4,1080.6,1079.3,1080.5,38743
1786608000,1080.5,1080.6,1079.0,1079.2,83721
1786608300,1079.5,1079.8,1078.6,1079.4,133520
1786608600,1079.5,1080.9,1079.0,1080.3,62117
1786608900,1080.4,1081.7,1079.5,1080.2,265808
1786609200,1080.4,1080.6,1079.4,1079.4,89100
1786609500,1079.5,1081.2,1079.5,1081.0,126982
1786609800,1081.0,1081.4,1079.8,1081.2,101489
1786610100,1081.2,1081.5,1079.9,1080.4,119876
1786610400,1080.4,1080.6,1078.8,1079.3,151226
1786610700,1079.3,1079.9,1078.8,1079.8,85939
1786611000,1079.9,1080.7,1078.9,1080.2,109813
1786611300,1080.3,1080.5,1078.9,1079.6,125307
1786611600,1079.6,1080.5,1079.2,1079.3,79390
1786611900,1079.5,1079.5,1078.6,1079.4,82664
1786612200,1079.1,1079.3,1077.5,1077.7,84488
1786612500,1078.0,1078.3,1077.4,1077.6,99650
1786612800,1077.7,1078.4,1076.8,1077.0,145031
1786613100,1077.0,1077.0,1076.5,1076.8,150991
1786613400,1076.8,1078.1,1076.0,1076.5,280172
1786613700,1076.3,1076.7,1075.5,1076.7,285325
1786614000,1076.6,1077.0,1075.2,1076.9,230558
1786614300,1077.0,1077.0,1077.0,1077.0,127
1786614600,1077.0,1077.0,1077.0,1077.0,0
1786614900,1077.0,1083.0,1077.0,1083.0,390306
1786679100,1082.0,1082.0,1075.8,1076.8,176968
1786679400,1076.6,1077.1,1071.0,1071.2,256298
1786679700,1071.1,1073.2,1070.6,1070.9,170555
1786680000,1071.0,1073.5,1070.2,1071.7,107186
1786680300,1072.0,1073.4,1071.5,1072.1,74035
1786680600,1072.4,1073.0,1071.5,1072.0,65643
1786680900,1071.9,1073.3,1071.7,1072.9,78892
1786681200,1072.7,1073.0,1071.0,1071.0,74491
1786681500,1071.0,1072.5,1070.8,1072.2,36019
1786681800,1072.4,1072.9,1071.8,1072.0,38802
1786682100,1072.2,1074.4,1072.0,1074.0,50706
1786682400,1074.1,1075.4,1073.0,1074.0,70230
1786682700,1073.8,1074.0,1072.6,1072.6,35926
1786683000,1072.6,1073.0,1071.7,1072.3,37302
1786683300,1072.3,1072.8,1071.8,1072.3,17562
1786683600,1072.3,1072.8,1070.1,1071.8,70061
1786683900,1071.9,1072.9,1071.8,1072.0,25547
1786684200,1072.2,1072.2,1071.0,1071.2,54884
1786684500,1071.4,1071.9,1070.0,1070.7,51562
1786684800,1070.6,1071.7,1070.0,1071.0,31056
1786685100,1070.8,1071.0,1069.0,1069.5,98268
1786685400,1069.2,1069.3,1067.5,1068.5,128011
1786685700,1068.6,1070.0,1068.3,1069.5,27791
1786686000,1069.6,1070.0,1068.2,1068.4,30619
1786686300,1068.5,1069.3,1068.3,1068.9,39365
1786686600,1069.2,1069.5,1068.1,1068.4,40844
1786686900,1068.8,1070.1,1068.0,1068.5,63563
1786687200,1068.5,1069.0,1067.1,1067.5,191076
1786687500,1067.5,1068.6,1066.2,1067.7,320882
1786687800,1068.2,1070.0,1067.4,1069.7,169932
1786688100,1069.7,1069.7,1068.0,1068.3,137194
1786688400,1068.2,1070.4,1067.5,1070.0,241987
1786688700,1070.0,1070.4,1068.8,1070.0,53692
1786689000,1070.0,1070.0,1069.2,1069.5,37760
1786689300,1069.7,1071.3,1069.3,1069.3,289426
1786689600,1069.7,1071.4,1069.3,1070.1,212698
1786689900,1070.3,1071.0,1070.2,1070.8,31389
1786690200,1070.6,1071.2,1069.9,1070.8,127696
1786690500,1070.8,1071.2,1069.9,1070.5,122271
1786690800,1070.1,1070.6,1069.2,1069.7,27132
1786691100,1070.0,1070.0,1069.0,1069.6,85492
1786691400,1069.6,1069.7,1068.6,1069.0,42356
1786691700,1068.7,1069.0,1067.3,1067.7,66167
1786692000,1067.5,1069.0,1067.5,1068.9,39124
1786692300,1068.9,1069.0,1068.5,1068.9,20627
1786692600,1068.8,1069.0,1068.5,1068.7,23076
1786692900,1068.8,1069.0,1068.5,1068.7,22062
1786693200,1068.9,1069.0,1068.5,1068.9,19889
1786693500,1069.0,1069.0,1067.5,1068.0,64409
1786693800,1067.7,1068.0,1067.6,1067.9,22793
1786694100,1067.7,1067.9,1066.5,1067.1,95682
1786694400,1067.2,1067.2,1065.5,1066.0,142317
1786694700,1066.0,1068.5,1065.5,1068.3,151881
1786695000,1068.4,1068.6,1067.5,1068.0,50773
1786695300,1068.0,1070.0,1067.7,1068.8,173731
1786695600,1068.9,1069.9,1068.8,1069.8,101211
1786695900,1069.8,1070.7,1069.3,1070.1,54570
1786696200,1070.3,1071.0,1069.6,1070.5,137682
1786696500,1070.6,1070.9,1070.1,1070.5,30522
1786696800,1070.4,1070.5,1069.9,1070.1,26962
1786697100,1070.1,1070.4,1069.3,1069.3,23200
1786697400,1069.4,1069.8,1068.6,1069.0,46244
1786697700,1069.0,1069.0,1068.1,1068.5,27342
1786698000,1068.4,1068.6,1068.0,1068.1,23248
1786698300,1068.2,1068.2,1067.5,1068.0,37339
1786698600,1068.0,1068.1,1067.5,1067.6,31202
1786698900,1067.8,1067.9,1066.1,1066.8,67111
1786699200,1066.6,1068.1,1066.3,1067.9,73268
1786699500,1067.5,1067.9,1067.0,1067.0,52899
1786699800,1067.0,1067.0,1066.1,1066.4,92906
1786700100,1066.5,1066.5,1065.3,1066.1,170178
1786700400,1065.8,1066.6,1065.1,1066.4,181099
1786700700,1065.5,1065.5,1065.5,1065.5,432
1786701000,1065.5,1065.5,1065.5,1065.5,0
1786701300,1065.5,1067.7,1065.5,1067.7,137392
1786938300,1064.2,1064.2,1055.0,1057.8,209327
1786938600,1057.8,1057.8,1055.5,1056.9,91572
1786938900,1056.9,1057.7,1056.4,1057.1,64485
1786939200,1057.1,1057.5,1055.6,1056.5,63293
1786939500,1056.5,1059.0,1056.3,1057.8,102768
1786939800,1057.8,1059.9,1057.8,1058.6,50828
1786940100,1058.7,1059.3,1058.1,1059.3,32433
1786940400,1058.9,1059.9,1055.4,1056.5,160464
1786940700,1056.4,1057.1,1056.0,1056.5,29925
1786941000,1056.4,1057.0,1055.4,1055.4,63536
1786941300,1055.4,1056.0,1054.8,1055.6,84809
1786941600,1055.5,1056.2,1055.5,1055.8,54998
1786941900,1055.8,1056.0,1053.8,1054.8,98155
1786942200,1054.8,1055.2,1052.5,1053.0,62227
1786942500,1052.9,1054.6,1052.4,1054.1,28568
1786942800,1054.1,1054.3,1053.5,1054.0,33964
1786943100,1053.9,1054.5,1053.5,1054.5,25672
1786943400,1054.5,1055.0,1054.2,1055.0,30305
1786943700,1055.0,1055.1,1054.5,1055.0,21754
1786944000,1055.0,1055.1,1054.4,1054.7,48537
1786944300,1054.6,1054.7,1054.2,1054.4,43444
1786944600,1054.4,1054.4,1053.2,1053.5,43782
1786944900,1053.4,1053.9,1053.0,1053.4,30642
1786945200,1053.6,1053.7,1053.0,1053.3,40648
1786945500,1053.1,1054.0,1053.0,1053.5,17361
1786945800,1053.9,1053.9,1053.0,1053.1,19344
1786946100,1053.2,1054.0,1053.0,1053.9,23321
1786946400,1053.7,1054.0,1053.2,1053.8,16355
1786946700,1053.9,1054.4,1053.0,1053.0,42797
1786947000,1053.0,1054.0,1053.0,1053.9,26281
1786947300,1054.0,1054.8,1053.8,1054.2,40999
1786947600,1054.2,1054.9,1054.2,1054.5,21271
1786947900,1054.6,1056.0,1054.5,1055.6,63758
1786948200,1055.7,1056.0,1055.1,1055.4,144952
1786948500,1055.4,1055.6,1055.0,1055.0,30753
1786948800,1055.0,1055.8,1054.6,1055.2,48124
1786949100,1055.2,1056.5,1054.6,1056.1,88972
1786949400,1056.1,1056.5,1055.9,1056.3,36984
1786949700,1056.4,1057.0,1055.9,1056.6,51936
1786950000,1056.7,1061.7,1056.6,1060.2,357337
1786950300,1060.2,1060.2,1058.7,1058.9,79707
1786950600,1058.9,1060.0,1058.9,1059.8,45540
1786950900,1059.9,1062.0,1059.6,1061.4,120573
1786951200,1061.5,1062.9,1061.3,1062.2,89250
1786951500,1062.2,1065.5,1061.0,1064.9,220919
1786951800,1065.0,1068.8,1064.8,1065.8,277493
1786952100,1065.3,1066.9,1065.3,1066.0,60490
1786952400,1066.0,1067.9,1065.0,1065.8,152511
1786952700,1066.0,1067.1,1065.9,1067.0,57808
1786953000,1067.0,1067.6,1065.1,1065.1,101248
1786953300,1065.4,1065.9,1064.8,1065.3,69333
1786953600,1065.3,1065.9,1063.7,1064.2,109440
1786953900,1064.2,1064.5,1063.2,1063.9,105612
1786954200,1063.9,1065.4,1063.1,1065.1,163995
1786954500,1065.2,1065.9,1064.2,1064.7,49900
1786954800,1064.9,1065.2,1063.1,1063.6,71024
1786955100,1063.3,1063.9,1062.3,1063.2,111287
1786955400,1062.8,1063.8,1062.5,1063.3,51797
1786955700,1063.5,1064.0,1063.3,1063.6,64323
1786956000,1064.0,1064.0,1063.1,1063.7,48240
1786956300,1063.7,1064.7,1063.3,1064.1,117666
1786956600,1064.5,1064.6,1062.8,1063.1,86874
1786956900,1063.1,1063.7,1062.4,1063.4,75013
1786957200,1063.4,1063.9,1063.0,1063.4,52318
1786957500,1063.6,1063.9,1061.7,1062.1,269212
1786957800,1062.4,1063.8,1061.8,1063.4,134799
1786958100,1063.5,1064.0,1062.3,1063.6,201569
1786958400,1063.1,1065.0,1062.9,1065.0,213498
1786958700,1065.0,1065.0,1063.2,1063.4,213505
1786959000,1063.3,1064.8,1062.4,1064.3,249245
1786959300,1064.2,1064.4,1063.3,1063.8,332690
1786959600,1063.9,1065.8,1063.3,1064.6,333969
1786959900,1065.0,1065.0,1065.0,1065.0,908
1786960200,1065.0,1065.0,1065.0,1065.0,0
1786960500,1065.0,1065.0,1061.2,1061.2,134143
1787024700,1059.6,1067.7,1057.7,1064.4,218160
1787025000,1064.3,1064.3,1062.0,1062.0,89741
1787025300,1062.0,1063.2,1061.5,1062.1,58176
1787025600,1062.3,1062.3,1059.5,1060.9,76780
1787025900,1060.8,1062.3,1060.6,1062.0,44505
1787026200,1061.9,1062.0,1059.2,1059.5,59928
1787026500,1059.2,1061.2,1058.0,1061.1,75231
1787026800,1061.1,1061.8,1060.0,1060.8,80719
1787027100,1060.7,1060.7,1059.0,1059.8,56804
1787027400,1059.9,1060.0,1058.7,1059.9,55773
1787027700,1059.7,1061.3,1059.2,1060.4,68310
1787028000,1060.4,1061.0,1059.6,1060.0,62483
1787028300,1059.8,1060.0,1058.7,1059.6,39214
1787028600,1059.6,1060.0,1059.0,1059.4,53762
1787028900,1059.2,1061.6,1058.8,1059.9,74285
1787029200,1059.9,1060.1,1059.0,1059.9,29274
1787029500,1059.8,1060.6,1059.8,1060.3,25762
1787029800,1060.1,1060.2,1058.8,1059.2,64465
1787030100,1059.2,1059.2,1057.4,1057.9,92541
1787030400,1057.9,1058.2,1056.5,1056.9,78832
1787030700,1057.0,1057.3,1056.0,1056.5,118767
1787031000,1056.5,1057.0,1056.0,1056.8,37784
1787031300,1057.0,1058.5,1056.7,1058.0,49816
1787031600,1058.1,1058.2,1056.5,1056.8,60012
1787031900,1056.7,1057.0,1056.3,1056.3,39277
1787032200,1056.4,1057.0,1056.2,1056.9,34244
1787032500,1057.0,1057.0,1056.0,1056.1,39188
1787032800,1056.3,1056.5,1055.2,1056.5,88083
1787033100,1056.5,1057.0,1055.4,1056.1,33604
1787033400,1056.4,1056.9,1056.1,1056.7,19784
1787033700,1056.8,1057.0,1055.5,1056.0,31813
1787034000,1055.7,1057.0,1055.7,1056.9,36914
1787034300,1056.5,1057.2,1056.2,1057.2,69480
1787034600,1057.2,1057.2,1056.4,1057.0,57896
1787034900,1057.2,1057.2,1056.3,1056.9,42185
1787035200,1056.8,1057.6,1056.1,1056.7,45671
1787035500,1056.7,1057.0,1056.0,1056.6,26771
1787035800,1056.7,1057.3,1056.3,1057.0,28671
1787036100,1057.0,1057.5,1056.1,1057.2,46709
1787036400,1057.2,1057.8,1057.1,1057.6,21104
1787036700,1057.7,1057.9,1057.0,1057.0,15337
1787037000,1056.6,1057.2,1056.1,1056.2,25708
1787037300,1056.4,1056.7,1056.1,1056.6,34462
1787037600,1056.5,1057.1,1056.4,1057.0,21645
1787037900,1056.7,1057.4,1056.7,1057.0,12607
1787038200,1057.2,1057.2,1056.0,1056.5,52797
1787038500,1056.5,1057.2,1056.0,1056.9,40916
1787038800,1056.7,1057.4,1056.6,1057.0,32003
1787039100,1057.2,1057.2,1056.4,1056.8,23616
1787039400,1056.7,1057.0,1056.2,1056.7,52168
1787039700,1056.8,1056.9,1056.0,1056.2,67916
1787040000,1056.2,1056.6,1056.0,1056.4,20255
1787040300,1056.2,1056.7,1055.0,1055.3,120430
1787040600,1055.2,1056.3,1055.2,1056.0,17977
1787040900,1056.1,1056.3,1055.7,1056.1,28997
1787041200,1056.2,1056.2,1055.2,1055.5,82652
1787041500,1055.6,1055.7,1053.0,1053.9,223777
1787041800,1054.6,1055.6,1054.2,1055.5,110959
1787042100,1055.4,1055.5,1053.7,1054.2,79866
1787042400,1054.0,1055.0,1053.8,1054.9,35013
1787042700,1054.9,1055.5,1054.0,1054.3,91599
1787043000,1054.3,1056.7,1054.1,1056.2,225663
1787043300,1056.2,1056.9,1053.7,1055.3,286204
1787043600,1055.3,1056.4,1055.0,1056.0,74063
1787043900,1056.0,1056.3,1055.3,1056.3,40716
1787044200,1056.3,1056.3,1055.5,1055.8,51701
1787044500,1055.9,1056.0,1054.1,1055.5,84715
1787044800,1055.5,1056.3,1055.0,1055.4,112653
1787045100,1055.7,1056.3,1055.0,1055.8,134189
1787045400,1055.9,1056.5,1055.3,1056.0,170560
1787045700,1056.0,1056.0,1054.9,1055.2,141450
1787046000,1055.4,1056.2,1054.1,1055.0,204834
1787046300,1055.0,1055.0,1055.0,1055.0,247
1787046600,1055.0,1055.0,1055.0,1055.0,0
1787046900,1055.0,1055.0,1053.0,1053.0,432069
