timestamp,open,high,low,close,volume
1767239100,1573.7,1579.0,1572.3,1575.3,271367
1767239400,1575.3,1579.9,1575.2,1579.5,88599
1767239700,1579.8,1589.6,1579.5,1588.7,289362
1767240000,1588.5,1592.5,1586.7,1588.3,318241
1767240300,1588.3,1589.8,1586.6,1587.5,60449
1767240600,1587.5,1588.0,1585.2,1586.0,54881
1767240900,1585.6,1586.3,1584.2,1585.0,55964
1767241200,1584.8,1585.0,1583.2,1584.3,66828
1767241500,1584.3,1586.9,1582.9,1583.1,81367
1767241800,1583.5,1586.2,1582.6,1585.5,47464
1767242100,1585.7,1587.5,1585.1,1585.5,123675
1767242400,1585.6,1585.9,1582.2,1582.2,38074
1767242700,1582.4,1582.9,1580.0,1580.6,53719
1767243000,1580.6,1581.0,1579.4,1580.4,50194
1767243300,1580.4,1582.9,1580.4,1582.9,30373
1767243600,1582.9,1583.4,1580.4,1581.2,33657
1767243900,1581.5,1581.6,1578.9,1579.7,76402
1767244200,1579.9,1580.0,1578.5,1579.0,24493
1767244500,1578.7,1583.3,1578.5,1582.8,83405
1767244800,1582.8,1582.8,1580.8,1581.6,18382
1767245100,1581.6,1582.0,1580.1,1581.0,26254
1767245400,1580.9,1581.6,1579.8,1580.6,24214
1767245700,1580.7,1581.9,1580.5,1581.0,21179
1767246000,1581.0,1582.0,1580.4,1580.4,48886
1767246300,1580.4,1581.3,1579.9,1580.0,57038
1767246600,1580.0,1580.8,1579.7,1580.2,16171
1767246900,1580.0,1580.6,1578.6,1578.8,35266
1767247200,1578.8,1579.5,1577.2,1577.7,30749
1767247500,1577.5,1578.5,1576.3,1577.8,34789
1767247800,1577.8,1578.2,1576.9,1577.5,12375
1767248100,1577.1,1577.9,1577.1,1577.5,17155
1767248400,1577.7,1577.8,1576.1,1576.6,24645
1767248700,1576.6,1577.9,1576.6,1577.5,24479
1767249000,1577.2,1577.9,1577.0,1577.0,17053
1767249300,1577.0,1577.4,1575.5,1576.0,25095
1767249600,1576.0,1578.5,1575.7,1578.1,79984
1767249900,1577.7,1578.3,1574.2,1575.7,142498
1767250200,1575.8,1577.5,1575.5,1577.3,36939
1767250500,1577.3,1578.5,1577.0,1577.5,27595
1767250800,1577.9,1579.0,1577.3,1579.0,15675
1767251100,1578.8,1579.0,1575.3,1575.8,136839
1767251400,1575.5,1578.3,1575.3,1577.9,166715
1767251700,1578.0,1580.8,1577.3,1580.0,169167
1767252000,1580.0,1580.0,1577.0,1577.4,87884
1767252300,1577.3,1577.6,1575.8,1575.8,32856
1767252600,1576.0,1576.8,1575.0,1576.0,60750
1767252900,1576.0,1576.8,1574.7,1575.8,45977
1767253200,1575.5,1575.9,1574.4,1574.8,14883
1767253500,1575.0,1576.5,1574.8,1575.9,26318
1767253800,1576.4,1576.4,1573.1,1573.7,177215
1767254100,1573.7,1576.2,1573.0,1575.7,220131
1767254400,1575.7,1577.5,1575.3,1576.2,141133
1767254700,1576.5,1577.5,1576.0,1576.5,86295
1767255000,1576.5,1577.2,1576.0,1577.2,34468
1767255300,1577.2,1578.4,1577.0,1578.2,26543
1767255600,1578.4,1581.4,1578.1,1580.0,189532
1767255900,1580.5,1580.9,1578.3,1578.6,51905
1767256200,1578.6,1579.3,1578.0,1578.8,20954
1767256500,1578.2,1579.4,1577.9,1578.8,16446
1767256800,1579.0,1580.0,1578.2,1579.2,41279
1767257100,1579.1,1579.5,1578.5,1579.5,8443
1767257400,1579.6,1580.1,1578.2,1579.0,97435
1767257700,1579.0,1579.4,1578.0,1578.3,17907
1767258000,1578.0,1579.0,1577.3,1579.0,12128
1767258300,1579.0,1579.0,1577.9,1578.9,15367
1767258600,1578.3,1579.8,1577.6,1578.4,67127
1767258900,1578.0,1578.5,1577.1,1577.9,23302
1767259200,1577.9,1578.0,1577.0,1577.3,33359
1767259500,1577.5,1578.4,1577.3,1578.3,28094
1767259800,1578.4,1578.9,1575.6,1578.8,281026
1767260100,1578.9,1579.6,1576.7,1576.8,510500
1767260400,1576.8,1577.7,1574.2,1575.0,310259
1767260700,1574.4,1574.4,1571.3,1573.9,317292
1767261000,1573.8,1573.8,1572.0,1572.1,181789
1767261300,1572.6,1573.0,1571.1,1572.9,153633
1767325500,1580.0,1586.0,1578.2,1584.0,145853
1767325800,1583.8,1587.5,1582.8,1586.0,87912
1767326100,1586.4,1586.4,1583.8,1585.0,51587
1767326400,1584.6,1586.9,1584.6,1584.9,54555
1767326700,1584.9,1585.9,1583.3,1585.5,87825
1767327000,1585.6,1588.5,1585.3,1588.2,93210
1767327300,1588.4,1588.6,1587.1,1588.0,66481
1767327600,1588.1,1589.0,1587.7,1589.0,60818
1767327900,1588.9,1589.9,1588.4,1589.0,70730
1767328200,1588.9,1589.9,1588.4,1589.2,45251
1767328500,1589.2,1589.7,1586.6,1587.0,46826
1767328800,1587.0,1588.9,1586.8,1588.9,28190
1767329100,1588.8,1589.4,1586.6,1587.3,31533
1767329400,1587.4,1588.7,1587.2,1588.3,36031
1767329700,1588.3,1588.9,1588.1,1588.8,32687
1767330000,1588.7,1588.9,1587.4,1588.9,46818
1767330300,1588.7,1589.9,1588.3,1588.7,83634
1767330600,1588.8,1589.3,1587.3,1588.4,135070
1767330900,1588.4,1588.9,1585.5,1585.7,199026
1767331200,1586.0,1586.3,1585.2,1585.8,41348
1767331500,1585.9,1586.2,1584.4,1584.9,81268
1767331800,1584.9,1585.0,1584.0,1584.3,54870
1767332100,1584.6,1585.1,1584.3,1584.7,54478
1767332400,1585.0,1585.0,1583.7,1584.0,55054
1767332700,1584.0,1584.3,1582.6,1582.6,113719
1767333000,1583.0,1585.0,1582.7,1585.0,46181
1767333300,1585.0,1587.0,1584.9,1586.5,60586
1767333600,1586.9,1587.1,1585.4,1585.7,55508
1767333900,1585.7,1587.4,1584.6,1586.8,41035
1767334200,1586.8,1587.3,1585.7,1586.4,69486
1767334500,1586.4,1587.9,1586.0,1587.5,69172
1767334800,1587.5,1588.4,1587.2,1588.2,85411
1767335100,1588.1,1588.5,1586.1,1587.6,82162
1767335400,1587.6,1588.0,1586.8,1587.6,39536
1767335700,1587.5,1588.5,1586.3,1586.5,63282
1767336000,1586.4,1587.0,1586.4,1586.9,44037
1767336300,1587.0,1587.4,1586.7,1587.0,41229
1767336600,1587.4,1589.2,1587.0,1589.2,85824
1767336900,1589.2,1590.0,1588.3,1588.7,103907
1767337200,1588.7,1589.0,1588.3,1589.0,38032
1767337500,1589.0,1589.5,1588.1,1588.4,58217
1767337800,1588.7,1589.5,1588.3,1588.5,59427
1767338100,1588.1,1589.2,1587.8,1588.3,138106
1767338400,1588.3,1589.0,1587.7,1588.2,95927
1767338700,1588.2,1589.2,1587.8,1588.8,35078
1767339000,1589.1,1589.2,1588.3,1589.2,30313
1767339300,1589.1,1589.8,1588.2,1588.4,57738
1767339600,1588.6,1589.7,1588.3,1589.4,34614
1767339900,1589.5,1589.8,1589.2,1589.5,36064
1767340200,1589.5,1591.8,1589.2,1591.3,159252
1767340500,1591.5,1591.6,1590.6,1590.6,57883
1767340800,1590.5,1591.0,1590.3,1591.0,43679
1767341100,1591.0,1591.9,1590.9,1591.3,86197
1767341400,1591.4,1591.8,1591.0,1591.8,82588
1767341700,1591.8,1592.9,1590.5,1591.3,163469
1767342000,1591.3,1591.5,1590.3,1591.0,84315
1767342300,1591.0,1591.1,1589.4,1590.3,122761
1767342600,1590.3,1591.0,1590.2,1590.6,48112
1767342900,1590.6,1591.4,1590.6,1591.4,66793
1767343200,1591.4,1591.6,1590.8,1591.2,64028
1767343500,1591.2,1592.4,1590.5,1591.0,135163
1767343800,1591.0,1591.4,1590.2,1591.3,80979
1767344100,1591.2,1591.9,1590.8,1591.0,126457
1767344400,1590.9,1591.5,1588.4,1589.4,130235
1767344700,1589.9,1590.4,1589.3,1589.7,82151
1767345000,1589.6,1589.8,1588.9,1589.2,85544
1767345300,1589.2,1589.5,1588.9,1588.9,78771
1767345600,1589.1,1590.3,1588.9,1589.6,90422
1767345900,1589.8,1590.9,1589.4,1590.0,81556
1767346200,1589.7,1592.0,1589.7,1592.0,174185
1767346500,1591.9,1593.0,1591.6,1593.0,222946
1767346800,1593.0,1594.6,1592.4,1592.9,299584
1767347100,1592.5,1592.8,1591.2,1592.0,274160
1767347400,1592.0,1592.9,1592.0,1592.8,184305
1767347700,1592.8,1593.0,1591.7,1593.0,225850
1767584700,1593.0,1603.3,1592.3,1603.3,582969
1767585000,1603.3,1611.8,1601.5,1607.5,406425
1767585300,1607.9,1609.9,1605.5,1605.9,207383
1767585600,1605.8,1606.0,1597.6,1597.6,217076
1767585900,1597.6,1600.6,1596.5,1599.3,112927
1767586200,1599.7,1600.0,1597.0,1597.8,68143
1767586500,1598.0,1598.0,1595.7,1595.9,217226
1767586800,1596.0,1598.0,1595.9,1597.2,137341
1767587100,1597.2,1597.9,1596.3,1596.9,67915
1767587400,1596.9,1597.7,1595.0,1595.1,85571
1767587700,1595.3,1598.7,1594.2,1597.8,110395
1767588000,1597.8,1599.0,1597.8,1598.9,42877
1767588300,1598.8,1599.1,1598.0,1598.8,59495
1767588600,1598.8,1599.7,1598.5,1599.3,54253
1767588900,1599.3,1599.7,1598.8,1598.8,45810
1767589200,1598.8,1598.9,1597.2,1598.5,43638
1767589500,1598.5,1599.1,1597.8,1599.1,40523
1767589800,1599.0,1599.1,1594.7,1596.7,88287
1767590100,1596.7,1597.9,1596.0,1597.3,55227
1767590400,1597.3,1597.9,1596.6,1597.3,58948
1767590700,1597.3,1598.0,1596.6,1597.5,57726
1767591000,1597.1,1599.2,1597.0,1599.2,42973
1767591300,1599.1,1599.1,1595.4,1596.4,77106
1767591600,1596.2,1597.9,1596.2,1597.0,110920
1767591900,1597.0,1597.0,1595.4,1595.7,78819
1767592200,1595.7,1595.8,1593.6,1594.1,88383
1767592500,1593.8,1595.0,1593.3,1594.9,68895
1767592800,1594.8,1596.2,1594.2,1596.0,86343
1767593100,1596.0,1596.5,1595.0,1596.1,66602
1767593400,1595.9,1596.2,1594.8,1595.0,71915
1767593700,1595.0,1595.9,1594.3,1595.7,48681
1767594000,1595.7,1595.7,1592.7,1593.1,66958
1767594300,1593.1,1594.3,1592.7,1594.0,42960
1767594600,1594.0,1594.3,1590.0,1591.9,85557
1767594900,1592.0,1592.5,1590.0,1592.0,50991
1767595200,1591.8,1592.2,1590.8,1591.6,42584
1767595500,1592.1,1592.2,1590.7,1590.7,63214
1767595800,1590.7,1591.9,1590.6,1591.9,52058
1767596100,1591.7,1592.0,1590.5,1591.0,61794
1767596400,1591.0,1591.3,1589.8,1591.0,90695
1767596700,1591.0,1592.3,1590.6,1592.1,49525
1767597000,1592.2,1592.4,1591.2,1592.3,44516
1767597300,1592.0,1592.5,1590.7,1591.1,77720
1767597600,1591.0,1591.9,1590.4,1590.4,45144
1767597900,1590.6,1591.1,1589.0,1589.3,88464
1767598200,1589.3,1590.3,1589.1,1590.1,46533
1767598500,1590.1,1590.5,1588.3,1589.3,56071
1767598800,1589.3,1589.9,1587.7,1589.3,84801
1767599100,1589.2,1589.7,1587.9,1589.4,61239
1767599400,1589.3,1589.5,1587.4,1588.2,69336
1767599700,1588.2,1588.3,1586.2,1586.6,60787
1767600000,1586.7,1586.7,1584.0,1584.8,91213
1767600300,1584.8,1585.9,1583.5,1585.4,68654
1767600600,1585.3,1585.6,1583.7,1584.4,69053
1767600900,1584.4,1584.4,1583.1,1583.4,60805
1767601200,1583.4,1583.9,1582.1,1583.7,78587
1767601500,1583.6,1584.8,1582.1,1582.3,73482
1767601800,1582.3,1583.3,1580.1,1580.6,247778
1767602100,1580.7,1580.9,1579.1,1580.2,122781
1767602400,1580.1,1580.9,1579.5,1579.7,81632
1767602700,1579.7,1580.8,1579.3,1580.0,64931
1767603000,1580.0,1581.0,1577.0,1580.8,149577
1767603300,1580.9,1581.1,1579.4,1579.6,85997
1767603600,1579.7,1580.0,1579.0,1579.9,76265
1767603900,1580.0,1580.9,1579.9,1580.4,112491
1767604200,1580.4,1581.7,1580.0,1581.2,133208
1767604500,1581.1,1581.9,1580.7,1581.9,60582
1767604800,1581.9,1582.5,1580.5,1581.7,184715
1767605100,1581.9,1582.3,1581.1,1581.4,79767
1767605400,1581.3,1581.4,1580.0,1580.6,318347
1767605700,1580.6,1580.6,1579.0,1579.2,317168
1767606000,1579.1,1579.2,1576.4,1577.5,362154
1767606300,1577.5,1577.9,1575.7,1577.4,451393
1767606600,1577.5,1577.5,1575.3,1577.3,297848
1767606900,1577.4,1578.4,1575.9,1577.0,291197
1767671100,1569.0,1569.0,1524.8,1529.1,2678177
1767671400,1529.0,1530.0,1517.8,1526.2,2069863
1767671700,1526.1,1526.2,1518.5,1523.4,1100310
1767672000,1523.4,1533.0,1522.5,1531.4,836672
1767672300,1531.5,1535.3,1526.2,1530.1,552794
1767672600,1530.0,1530.6,1525.0,1525.7,452393
1767672900,1525.7,1528.5,1525.2,1528.2,217725
1767673200,1528.5,1534.0,1528.5,1531.8,314316
1767673500,1531.8,1535.9,1531.1,1535.4,390469
1767673800,1535.6,1535.8,1530.6,1530.9,304830
1767674100,1530.5,1530.9,1526.0,1526.5,337005
1767674400,1526.5,1527.7,1525.6,1526.2,176959
1767674700,1526.2,1528.2,1525.0,1527.1,355451
1767675000,1527.1,1527.3,1524.6,1525.8,314294
1767675300,1525.3,1526.1,1524.0,1524.4,158293
1767675600,1524.8,1525.6,1522.1,1523.2,207822
1767675900,1523.2,1523.8,1521.2,1522.6,215270
1767676200,1522.7,1524.1,1522.0,1523.6,161336
1767676500,1523.6,1523.8,1522.1,1522.1,99097
1767676800,1522.0,1522.1,1520.0,1521.6,253983
1767677100,1521.5,1523.7,1521.5,1521.9,149034
1767677400,1521.5,1523.2,1520.8,1520.8,118323
1767677700,1520.9,1521.3,1519.0,1519.2,203962
1767678000,1519.3,1519.9,1510.3,1510.5,504176
1767678300,1511.2,1511.2,1496.3,1502.0,1610113
1767678600,1502.5,1505.9,1498.9,1505.5,1207517
1767678900,1505.5,1508.5,1500.4,1508.4,470355
1767679200,1508.5,1508.5,1504.7,1505.1,329495
1767679500,1505.1,1509.7,1504.0,1509.3,324618
1767679800,1509.5,1512.8,1507.8,1512.5,441244
1767680100,1512.4,1513.2,1510.5,1513.0,246629
1767680400,1512.7,1514.3,1511.1,1513.8,370096
1767680700,1513.9,1514.0,1509.1,1509.1,289704
1767681000,1509.0,1511.8,1508.2,1510.1,165870
1767681300,1510.7,1511.0,1508.1,1508.3,124813
1767681600,1508.3,1509.5,1507.5,1509.3,156050
1767681900,1509.3,1509.3,1505.0,1506.1,164020
1767682200,1506.0,1507.0,1503.7,1504.5,203839
1767682500,1504.5,1505.4,1502.2,1504.0,200278
1767682800,1504.1,1504.1,1502.6,1504.0,112694
1767683100,1504.0,1506.9,1503.6,1504.9,246880
1767683400,1504.9,1506.8,1504.4,1505.4,89908
1767683700,1505.4,1506.7,1504.1,1505.9,105519
1767684000,1505.9,1507.7,1504.1,1507.4,160818
1767684300,1507.6,1509.4,1507.0,1507.7,195876
1767684600,1507.7,1509.0,1507.1,1507.7,136211
1767684900,1507.8,1510.0,1506.2,1507.7,258860
1767685200,1507.8,1507.8,1505.9,1506.0,160425
1767685500,1506.1,1506.7,1504.0,1506.4,186433
1767685800,1506.7,1507.9,1506.2,1506.8,122184
1767686100,1506.8,1507.1,1504.7,1505.7,155930
1767686400,1505.7,1505.8,1503.5,1503.8,190508
1767686700,1503.8,1505.0,1503.0,1503.7,197029
1767687000,1503.8,1505.5,1502.0,1505.4,224452
1767687300,1505.4,1505.8,1503.0,1505.7,113100
1767687600,1505.7,1507.9,1505.7,1506.4,124019
1767687900,1506.2,1506.7,1505.2,1505.8,96083
1767688200,1506.0,1506.5,1504.3,1506.2,193530
1767688500,1506.2,1506.5,1500.0,1501.2,932993
1767688800,1501.0,1501.8,1499.2,1501.3,309165
1767689100,1501.4,1503.6,1501.2,1503.3,140298
1767689400,1503.3,1504.2,1503.0,1504.2,114572
1767689700,1504.2,1506.2,1503.4,1505.8,179401
1767690000,1505.8,1506.9,1505.3,1506.4,213560
1767690300,1506.4,1507.8,1504.1,1505.5,345577
1767690600,1505.4,1507.4,1505.4,1506.8,153755
1767690900,1506.8,1511.2,1506.4,1508.2,333038
1767691200,1508.2,1509.1,1506.9,1507.6,176728
1767691500,1507.4,1508.0,1505.2,1505.9,176975
1767691800,1506.3,1508.3,1506.0,1507.4,361982
1767692100,1507.3,1507.7,1506.2,1507.1,458723
1767692400,1507.0,1508.0,1505.5,1506.6,376684
1767692700,1506.6,1506.8,1505.5,1506.3,441362
1767693000,1506.5,1509.9,1506.4,1509.7,557043
1767693300,1509.8,1510.1,1508.0,1508.9,409707
1767757500,1510.0,1516.9,1504.4,1516.3,796451
1767757800,1516.9,1519.5,1515.4,1518.0,375676
1767758100,1518.0,1518.5,1510.0,1511.7,320289
1767758400,1511.5,1517.0,1511.5,1515.5,193392
1767758700,1515.3,1519.0,1515.1,1517.7,160149
1767759000,1517.8,1520.0,1515.1,1515.9,184940
1767759300,1516.4,1517.6,1514.4,1515.3,105754
1767759600,1515.5,1516.0,1512.2,1513.5,96740
1767759900,1513.5,1514.8,1513.2,1514.4,46429
1767760200,1514.5,1515.6,1513.0,1515.4,110971
1767760500,1514.9,1516.8,1513.5,1516.4,95793
1767760800,1516.4,1516.5,1512.0,1512.4,89590
1767761100,1512.1,1513.6,1508.3,1510.0,176305
1767761400,1510.0,1512.9,1508.0,1508.2,170085
1767761700,1508.4,1509.3,1506.3,1506.7,146553
1767762000,1506.5,1507.4,1504.2,1505.4,169469
1767762300,1505.4,1507.0,1502.2,1505.8,167481
1767762600,1505.8,1508.2,1505.8,1507.0,98753
1767762900,1507.1,1507.8,1505.0,1505.5,86463
1767763200,1505.3,1508.6,1505.3,1507.9,79848
1767763500,1507.8,1508.6,1507.0,1507.1,80567
1767763800,1507.1,1508.5,1506.5,1508.1,76664
1767764100,1508.1,1508.6,1507.1,1508.0,64591
1767764400,1508.0,1508.2,1506.0,1506.2,87257
1767764700,1506.1,1506.4,1505.3,1505.6,63628
1767765000,1505.8,1507.0,1505.1,1505.4,66199
1767765300,1505.3,1508.3,1505.2,1507.6,73264
1767765600,1507.2,1509.6,1507.2,1509.4,62550
1767765900,1509.4,1511.3,1508.8,1509.8,134311
1767766200,1509.8,1511.0,1509.5,1510.5,56519
1767766500,1510.5,1510.5,1508.1,1508.5,75269
1767766800,1508.9,1508.9,1507.6,1507.7,48109
1767767100,1507.7,1509.5,1507.6,1508.8,102304
1767767400,1509.1,1509.8,1507.9,1509.0,73714
1767767700,1509.1,1509.1,1506.9,1507.6,150790
1767768000,1507.6,1507.7,1505.2,1505.5,67097
1767768300,1505.5,1505.7,1504.2,1504.3,97617
1767768600,1504.4,1505.0,1503.4,1504.1,90083
1767768900,1504.1,1504.9,1504.0,1504.1,58014
1767769200,1504.0,1504.6,1502.8,1503.5,98726
1767769500,1503.5,1506.0,1502.8,1505.8,92773
1767769800,1505.7,1505.7,1503.0,1504.0,65969
1767770100,1503.6,1504.8,1503.3,1503.5,100089
1767770400,1503.5,1503.5,1502.3,1502.6,73639
1767770700,1502.7,1503.8,1502.6,1503.8,133510
1767771000,1503.7,1504.6,1503.3,1504.0,117180
1767771300,1504.0,1505.4,1503.6,1504.2,78846
1767771600,1504.1,1505.6,1503.9,1504.6,136045
1767771900,1504.7,1506.0,1504.0,1504.1,70381
1767772200,1504.0,1504.2,1503.2,1503.2,93264
1767772500,1503.1,1503.4,1500.8,1501.3,188769
1767772800,1501.5,1502.6,1501.3,1502.4,93219
1767773100,1502.5,1504.0,1502.3,1503.7,103461
1767773400,1503.7,1503.7,1501.9,1502.7,90524
1767773700,1502.6,1504.0,1502.4,1503.8,62830
1767774000,1503.8,1503.9,1502.5,1503.0,89559
1767774300,1503.0,1503.9,1502.5,1503.8,131762
1767774600,1503.8,1503.8,1502.7,1503.4,77617
1767774900,1503.4,1503.9,1503.0,1503.4,71814
1767775200,1503.2,1503.4,1502.5,1502.8,90966
1767775500,1502.7,1502.7,1500.1,1500.4,260678
1767775800,1500.6,1501.3,1500.4,1500.5,111234
1767776100,1500.9,1501.3,1498.0,1501.3,302353
1767776400,1501.3,1502.3,1500.7,1501.3,153502
1767776700,1501.8,1502.5,1500.6,1502.0,121999
1767777000,1502.0,1502.1,1501.0,1501.4,135191
1767777300,1501.4,1501.5,1500.3,1500.9,149469
1767777600,1501.0,1502.6,1500.7,1502.6,146464
1767777900,1502.6,1502.9,1501.6,1502.5,151299
1767778200,1502.8,1504.4,1502.5,1503.3,335502
1767778500,1503.3,1506.4,1503.2,1505.5,429265
1767778800,1505.5,1505.5,1504.1,1504.6,397002
1767779100,1504.7,1505.5,1503.0,1504.2,405173
1767779400,1504.2,1504.3,1503.3,1504.1,362740
1767779700,1504.0,1505.2,1502.7,1504.0,388073
1767843900,1500.0,1503.9,1491.2,1495.3,680641
1767844200,1495.3,1496.6,1491.1,1493.8,295934
1767844500,1494.0,1496.7,1494.0,1495.7,185143
1767844800,1495.7,1497.6,1494.0,1494.9,121553
1767845100,1496.0,1497.2,1493.8,1495.8,142745
1767845400,1495.8,1495.8,1494.0,1494.2,71485
1767845700,1494.3,1494.3,1492.5,1492.5,96417
1767846000,1492.6,1493.0,1490.0,1492.8,156638
1767846300,1493.0,1495.0,1492.5,1493.5,92844
1767846600,1493.3,1494.0,1488.6,1489.6,171008
1767846900,1489.8,1493.0,1489.5,1492.3,159243
1767847200,1492.1,1493.5,1491.1,1493.2,82669
1767847500,1493.2,1493.3,1489.9,1490.0,92819
1767847800,1490.0,1490.8,1487.0,1487.9,309818
1767848100,1487.8,1488.3,1486.2,1487.0,161869
1767848400,1486.9,1487.0,1485.2,1485.2,154989
1767848700,1485.3,1485.8,1482.2,1482.4,257723
1767849000,1482.3,1484.8,1482.0,1484.4,106145
1767849300,1484.4,1485.6,1484.0,1485.4,150957
1767849600,1485.5,1486.8,1484.5,1486.1,117050
1767849900,1486.4,1486.9,1484.2,1484.8,351366
1767850200,1485.1,1486.8,1484.4,1485.7,184735
1767850500,1485.7,1486.1,1484.5,1485.8,87685
1767850800,1485.7,1486.9,1485.0,1485.5,207629
1767851100,1485.3,1485.5,1484.0,1484.5,113750
1767851400,1484.5,1485.0,1480.5,1481.6,317956
1767851700,1481.3,1482.5,1481.0,1482.5,98407
1767852000,1482.2,1482.5,1481.0,1482.1,80039
1767852300,1482.1,1482.9,1482.0,1482.8,69540
1767852600,1482.9,1484.2,1481.8,1483.0,143612
1767852900,1482.9,1483.5,1480.5,1480.8,105712
1767853200,1480.9,1481.3,1479.4,1480.2,205518
1767853500,1480.2,1480.8,1478.6,1479.1,128741
1767853800,1479.1,1479.6,1478.0,1478.2,104534
1767854100,1478.4,1479.2,1476.1,1478.8,173657
1767854400,1478.8,1479.8,1477.5,1479.7,188775
1767854700,1479.8,1480.0,1478.1,1478.6,146104
1767855000,1478.3,1478.6,1477.0,1477.8,119261
1767855300,1477.9,1478.5,1477.2,1477.2,75626
1767855600,1477.3,1478.4,1474.3,1475.0,209471
1767855900,1475.0,1475.0,1472.5,1473.3,185046
1767856200,1473.5,1474.3,1472.4,1473.6,299985
1767856500,1473.3,1474.0,1472.1,1472.3,487069
1767856800,1472.4,1473.9,1471.6,1472.8,349532
1767857100,1472.8,1473.0,1470.8,1472.2,360967
1767857400,1472.2,1473.1,1470.4,1472.8,296335
1767857700,1472.8,1473.9,1471.9,1473.1,162331
1767858000,1473.0,1474.3,1472.3,1474.0,226000
1767858300,1473.3,1474.0,1470.2,1471.8,502522
1767858600,1471.8,1471.9,1470.0,1470.8,173687
1767858900,1470.8,1471.6,1469.5,1469.5,247836
1767859200,1469.9,1470.9,1468.8,1469.9,180068
1767859500,1469.9,1472.0,1469.6,1471.2,222810
1767859800,1471.1,1472.0,1470.0,1471.0,133187
1767860100,1471.2,1472.8,1470.2,1471.6,423106
1767860400,1471.7,1471.8,1470.6,1471.3,116341
1767860700,1471.3,1472.3,1471.0,1471.4,129446
1767861000,1471.4,1472.4,1471.0,1471.9,143785
1767861300,1471.9,1472.6,1470.6,1470.7,267975
1767861600,1470.6,1471.0,1470.2,1470.6,173635
1767861900,1470.6,1471.1,1470.4,1470.6,191520
1767862200,1470.7,1472.0,1470.4,1471.1,174514
1767862500,1471.1,1471.6,1470.2,1470.4,194774
1767862800,1470.4,1472.8,1470.2,1471.5,310216
1767863100,1471.6,1472.0,1470.9,1471.0,151595
1767863400,1471.0,1471.5,1470.6,1471.2,122615
1767863700,1471.3,1471.9,1470.6,1470.6,124719
1767864000,1470.8,1471.6,1470.6,1471.2,176821
1767864300,1471.1,1471.8,1470.8,1471.4,138208
1767864600,1471.5,1472.2,1470.5,1470.7,358547
1767864900,1470.7,1471.0,1469.0,1469.0,505650
1767865200,1469.0,1471.1,1468.9,1469.9,623013
1767865500,1470.1,1470.2,1469.1,1469.8,495164
1767865800,1469.7,1472.0,1469.6,1472.0,565168
1767866100,1471.5,1472.0,1470.1,1470.9,528257
1767930300,1465.0,1479.2,1465.0,1478.7,779456
1767930600,1478.3,1479.9,1472.4,1472.7,247348
1767930900,1472.5,1474.9,1472.3,1474.8,208188
1767931200,1474.8,1475.7,1470.0,1473.1,211144
1767931500,1472.7,1473.5,1469.5,1471.3,118413
1767931800,1471.3,1475.6,1468.7,1475.6,110528
1767932100,1475.6,1478.0,1472.7,1476.7,157893
1767932400,1476.7,1476.7,1472.0,1473.2,130213
1767932700,1473.2,1474.6,1472.9,1474.0,58584
1767933000,1474.0,1474.8,1471.6,1472.6,92413
1767933300,1472.7,1475.7,1471.8,1474.5,90985
1767933600,1474.5,1475.0,1471.3,1472.0,105495
1767933900,1472.1,1472.4,1471.0,1471.4,73246
1767934200,1471.4,1473.0,1471.1,1472.3,53216
1767934500,1472.4,1477.7,1471.5,1476.1,140065
1767934800,1476.1,1477.4,1474.5,1474.8,72709
1767935100,1474.9,1475.0,1473.2,1473.6,102015
1767935400,1473.7,1473.9,1470.9,1472.4,119695
1767935700,1472.5,1472.5,1470.6,1471.0,113315
1767936000,1471.0,1471.8,1470.5,1471.0,64778
1767936300,1470.9,1472.8,1469.3,1471.5,119043
1767936600,1471.5,1471.5,1470.5,1471.2,46023
1767936900,1471.2,1472.2,1471.1,1471.6,53597
1767937200,1472.0,1472.0,1469.5,1469.8,134621
1767937500,1470.1,1471.6,1469.3,1470.5,62366
1767937800,1470.8,1471.8,1470.2,1471.2,48609
1767938100,1471.2,1473.0,1471.1,1472.9,69661
1767938400,1472.9,1475.0,1471.0,1471.5,86851
1767938700,1471.5,1471.6,1467.0,1467.0,167133
1767939000,1467.3,1468.2,1466.5,1467.0,105023
1767939300,1467.0,1468.9,1467.0,1468.6,69241
1767939600,1468.6,1469.1,1467.5,1469.1,37737
1767939900,1469.1,1469.2,1467.6,1468.4,74024
1767940200,1468.7,1469.1,1467.6,1469.0,50397
1767940500,1469.0,1471.8,1468.9,1470.7,146144
1767940800,1471.0,1471.4,1470.0,1470.7,66603
1767941100,1470.7,1472.5,1470.2,1471.2,74082
1767941400,1471.2,1471.4,1469.5,1469.5,55314
1767941700,1469.6,1470.2,1468.5,1469.3,40180
1767942000,1469.3,1471.3,1469.0,1470.8,77071
1767942300,1470.5,1471.0,1467.1,1467.7,64646
1767942600,1467.9,1468.5,1466.0,1468.0,72553
1767942900,1468.0,1468.0,1465.0,1465.6,198567
1767943200,1465.8,1468.9,1465.6,1467.9,58383
1767943500,1467.9,1469.7,1467.2,1469.6,52840
1767943800,1469.5,1470.6,1469.1,1470.6,42928
1767944100,1470.2,1471.9,1470.1,1471.7,89022
1767944400,1471.8,1472.0,1470.5,1471.1,73283
1767944700,1471.1,1471.7,1470.1,1471.5,37425
1767945000,1471.5,1473.4,1471.1,1473.1,133589
1767945300,1473.1,1473.6,1472.7,1473.4,156706
1767945600,1473.4,1473.6,1470.3,1472.7,48722
1767945900,1472.7,1478.9,1472.5,1476.4,170968
1767946200,1476.0,1476.6,1473.0,1473.3,91113
1767946500,1473.6,1475.0,1472.0,1472.9,42952
1767946800,1473.2,1473.6,1471.0,1472.0,41971
1767947100,1472.1,1474.7,1472.0,1474.6,45579
1767947400,1474.6,1475.0,1473.2,1474.2,53571
1767947700,1474.1,1474.2,1472.8,1473.0,53397
1767948000,1473.0,1473.6,1470.2,1470.3,59254
1767948300,1470.7,1472.0,1470.0,1470.6,111389
1767948600,1470.6,1471.8,1470.0,1471.3,45723
1767948900,1471.8,1473.1,1471.5,1471.9,56251
1767949200,1471.9,1473.9,1471.8,1473.1,73132
1767949500,1473.1,1473.6,1470.9,1471.3,95591
1767949800,1471.3,1471.9,1469.6,1471.2,108923
1767950100,1471.1,1472.3,1471.0,1471.5,46685
1767950400,1471.7,1473.1,1470.8,1473.0,94779
1767950700,1473.1,1473.6,1472.0,1472.4,60900
1767951000,1472.5,1475.7,1472.3,1475.4,245842
1767951300,1475.3,1476.5,1475.0,1475.9,185897
1767951600,1475.8,1476.5,1475.5,1476.0,214279
1767951900,1476.1,1476.2,1473.9,1474.6,210826
1767952200,1474.6,1476.0,1474.3,1475.3,200763
1767952500,1475.3,1476.0,1474.1,1476.0,187767
1768189500,1475.3,1477.9,1463.5,1464.3,298614
1768189800,1464.6,1464.7,1457.9,1459.0,252424
1768190100,1458.7,1459.5,1456.3,1458.5,150985
1768190400,1458.5,1462.0,1457.6,1461.9,118318
1768190700,1461.7,1463.9,1460.6,1462.3,107632
1768191000,1462.4,1462.4,1459.5,1461.7,94175
1768191300,1461.7,1465.9,1460.9,1465.9,81544
1768191600,1465.9,1467.6,1461.3,1462.8,140777
1768191900,1462.7,1464.2,1461.0,1461.3,57364
1768192200,1461.0,1463.4,1461.0,1463.0,40582
1768192500,1463.0,1463.4,1462.0,1462.8,49124
1768192800,1462.8,1462.9,1461.6,1461.8,52365
1768193100,1461.6,1464.0,1461.2,1463.8,77816
1768193400,1463.7,1465.0,1463.0,1464.5,120289
1768193700,1464.5,1464.5,1463.6,1463.8,54557
1768194000,1464.0,1464.7,1463.2,1463.8,47980
1768194300,1463.8,1464.1,1462.5,1462.8,47940
1768194600,1462.8,1463.7,1462.5,1463.0,38822
1768194900,1463.0,1463.0,1460.3,1461.9,73168
1768195200,1461.9,1463.5,1460.9,1461.3,81818
1768195500,1461.4,1461.5,1459.2,1460.0,107973
1768195800,1459.9,1459.9,1453.2,1457.6,310448
1768196100,1457.6,1458.0,1456.2,1456.7,134780
1768196400,1456.5,1456.9,1455.0,1455.9,63432
1768196700,1455.9,1456.6,1455.0,1455.7,56803
1768197000,1455.9,1456.5,1454.4,1455.1,140753
1768197300,1455.1,1457.6,1454.5,1456.8,92150
1768197600,1456.9,1457.0,1454.2,1454.4,70270
1768197900,1454.4,1456.3,1454.4,1455.5,84404
1768198200,1455.5,1456.3,1453.5,1454.8,83081
1768198500,1454.8,1455.5,1452.5,1453.8,121895
1768198800,1453.9,1454.6,1452.0,1453.6,124022
1768199100,1453.5,1454.6,1451.0,1451.3,116339
1768199400,1451.4,1453.8,1451.3,1453.1,82467
1768199700,1453.1,1456.6,1453.1,1456.2,81202
1768200000,1456.1,1461.6,1455.1,1461.6,133847
1768200300,1461.6,1463.7,1460.1,1463.0,106294
1768200600,1463.3,1466.8,1462.7,1465.1,191572
1768200900,1465.4,1468.6,1464.4,1466.4,97856
1768201200,1466.4,1467.8,1465.6,1466.8,158598
1768201500,1466.8,1467.9,1465.0,1465.5,97888
1768201800,1466.0,1470.6,1465.5,1468.8,133098
1768202100,1468.8,1470.0,1468.1,1468.4,90670
1768202400,1468.5,1471.3,1468.5,1470.5,99923
1768202700,1470.5,1472.6,1469.3,1471.6,94972
1768203000,1471.6,1471.8,1467.6,1471.8,66589
1768203300,1471.8,1473.7,1470.5,1473.0,106255
1768203600,1473.3,1473.8,1471.2,1472.3,57922
1768203900,1472.3,1473.0,1471.7,1472.1,44642
1768204200,1472.0,1472.8,1470.7,1471.3,44964
1768204500,1471.3,1472.5,1469.6,1470.0,78542
1768204800,1470.1,1475.3,1470.0,1474.4,99516
1768205100,1474.4,1475.7,1473.0,1474.0,71127
1768205400,1474.0,1477.8,1473.8,1475.3,152025
1768205700,1475.3,1476.8,1475.2,1476.2,52133
1768206000,1476.0,1479.5,1475.1,1479.5,80073
1768206300,1479.5,1479.7,1477.2,1477.8,116433
1768206600,1477.7,1478.0,1475.6,1477.9,82234
1768206900,1478.2,1479.8,1477.7,1479.8,75959
1768207200,1479.2,1480.7,1478.5,1478.7,117492
1768207500,1478.8,1481.4,1478.3,1480.1,96517
1768207800,1480.1,1484.1,1479.8,1482.8,149858
1768208100,1483.2,1484.8,1482.8,1483.7,129497
1768208400,1483.8,1483.9,1480.5,1481.0,102419
1768208700,1481.3,1482.0,1477.5,1481.9,310656
1768209000,1482.0,1483.0,1481.1,1482.5,113734
1768209300,1482.5,1482.9,1481.1,1481.8,92271
1768209600,1482.0,1484.0,1482.0,1483.8,106415
1768209900,1483.8,1484.0,1481.2,1481.9,114353
1768210200,1481.8,1482.2,1480.5,1482.2,159452
1768210500,1482.1,1483.5,1481.5,1483.0,216856
1768210800,1483.0,1483.4,1482.1,1483.4,246919
1768211100,1483.4,1483.9,1483.2,1483.9,268287
1768211400,1483.9,1484.1,1483.0,1483.6,240804
1768211700,1483.5,1485.3,1483.0,1484.0,376922
1768275900,1485.0,1485.8,1473.6,1474.5,443365
1768276200,1474.4,1476.1,1472.4,1474.1,202744
1768276500,1473.9,1474.0,1468.0,1468.6,250369
1768276800,1468.4,1469.9,1466.2,1467.0,157042
1768277100,1466.8,1466.8,1463.2,1465.0,369681
1768277400,1464.8,1466.3,1463.7,1464.9,153491
1768277700,1465.0,1468.6,1464.8,1465.3,476216
1768278000,1465.2,1467.9,1464.9,1466.7,69937
1768278300,1466.6,1466.6,1461.0,1461.0,336432
1768278600,1461.4,1467.5,1460.2,1467.3,179660
1768278900,1467.0,1469.4,1466.3,1468.9,83355
1768279200,1469.0,1469.3,1466.5,1467.1,72755
1768279500,1467.0,1468.8,1465.1,1466.6,105215
1768279800,1466.4,1469.8,1466.4,1467.5,69641
1768280100,1467.5,1468.6,1466.5,1468.2,77450
1768280400,1468.1,1469.2,1467.2,1467.7,91035
1768280700,1467.4,1467.7,1464.6,1465.5,90791
1768281000,1465.2,1466.4,1464.0,1465.3,63695
1768281300,1465.3,1466.4,1464.8,1465.8,44944
1768281600,1465.7,1468.4,1465.4,1466.3,66857
1768281900,1466.3,1467.5,1465.7,1466.4,38754
1768282200,1466.4,1467.5,1465.4,1467.4,40784
1768282500,1467.4,1467.5,1465.5,1466.8,43281
1768282800,1465.7,1467.2,1465.5,1467.1,55832
1768283100,1467.0,1468.9,1466.3,1468.5,52979
1768283400,1468.4,1468.5,1467.0,1467.2,49016
1768283700,1467.1,1468.1,1467.0,1467.3,43874
1768284000,1467.3,1468.6,1466.9,1468.0,57537
1768284300,1467.9,1468.9,1467.4,1468.6,65355
1768284600,1468.4,1468.7,1463.0,1464.2,91469
1768284900,1464.1,1465.5,1463.0,1463.6,70703
1768285200,1463.7,1465.0,1463.0,1463.9,40232
1768285500,1463.8,1463.9,1461.0,1461.2,101023
1768285800,1461.1,1461.2,1458.1,1460.0,234342
1768286100,1460.2,1460.2,1456.0,1457.8,126884
1768286400,1457.6,1458.0,1455.0,1456.0,110864
1768286700,1456.0,1459.8,1455.0,1459.5,76863
1768287000,1459.4,1459.8,1458.0,1458.5,49466
1768287300,1458.4,1462.3,1458.4,1461.5,95314
1768287600,1461.5,1462.0,1460.7,1461.7,47038
1768287900,1461.7,1463.0,1459.2,1459.4,57940
1768288200,1459.4,1460.0,1458.1,1459.5,57161
1768288500,1459.5,1460.5,1458.4,1459.0,85452
1768288800,1459.0,1459.0,1455.8,1457.8,59586
1768289100,1457.7,1458.4,1456.4,1456.8,78395
1768289400,1456.6,1456.9,1453.4,1455.2,118304
1768289700,1455.2,1455.7,1453.3,1455.0,155070
1768290000,1455.1,1456.4,1454.2,1454.5,101430
1768290300,1454.6,1455.6,1453.0,1454.6,63763
1768290600,1454.6,1455.6,1454.1,1455.3,140577
1768290900,1455.4,1456.4,1453.6,1454.7,237739
1768291200,1454.7,1455.9,1454.3,1455.7,75504
1768291500,1455.6,1456.4,1454.6,1455.5,120772
1768291800,1455.8,1455.8,1454.4,1455.8,113792
1768292100,1455.8,1455.9,1454.4,1455.1,84581
1768292400,1455.1,1455.9,1454.5,1455.4,69173
1768292700,1455.4,1455.6,1453.7,1455.1,69757
1768293000,1455.1,1455.1,1453.2,1454.1,85612
1768293300,1454.2,1454.4,1453.2,1453.9,88237
1768293600,1453.9,1454.0,1451.6,1453.9,141591
1768293900,1453.8,1453.9,1449.4,1451.3,479144
1768294200,1451.2,1452.4,1447.0,1449.0,320647
1768294500,1448.9,1449.9,1448.0,1448.3,206657
1768294800,1448.3,1451.0,1448.0,1449.5,211468
1768295100,1449.4,1452.8,1448.3,1449.0,285107
1768295400,1449.1,1450.5,1448.1,1449.5,294072
1768295700,1449.4,1450.2,1448.0,1449.0,337735
1768296000,1449.3,1449.9,1448.4,1449.2,125028
1768296300,1449.4,1450.3,1448.0,1448.6,289436
1768296600,1449.5,1456.8,1446.1,1446.3,1214823
1768296900,1446.3,1452.6,1444.7,1452.5,809587
1768297200,1452.0,1456.0,1452.0,1454.9,556258
1768297500,1454.9,1456.8,1454.6,1455.4,324915
1768297800,1455.5,1456.7,1453.4,1454.3,367750
1768298100,1454.3,1460.0,1452.3,1456.9,724285
1768362300,1444.0,1451.0,1440.2,1447.5,473709
1768362600,1447.9,1453.8,1447.7,1450.8,189903
1768362900,1450.6,1453.0,1450.2,1452.4,101088
1768363200,1452.4,1455.5,1452.1,1455.0,110240
1768363500,1455.0,1456.6,1453.1,1454.0,120698
1768363800,1453.9,1454.0,1451.1,1451.6,90461
1768364100,1451.5,1452.0,1449.6,1451.4,81646
1768364400,1451.5,1456.2,1451.2,1456.2,70646
1768364700,1456.2,1456.7,1454.7,1456.0,68519
1768365000,1455.9,1457.2,1455.6,1456.6,57317
1768365300,1456.6,1458.8,1455.5,1457.2,74209
1768365600,1457.2,1457.9,1455.2,1455.4,57499
1768365900,1455.4,1456.5,1454.1,1456.3,59997
1768366200,1456.0,1457.2,1454.7,1455.3,45400
1768366500,1455.3,1456.5,1454.4,1456.2,38920
1768366800,1456.3,1458.0,1455.0,1457.8,43622
1768367100,1458.0,1459.7,1457.6,1459.4,71848
1768367400,1459.4,1463.0,1459.1,1459.8,137948
1768367700,1459.2,1460.7,1458.0,1460.4,78518
1768368000,1460.4,1462.0,1459.7,1461.8,52083
1768368300,1461.8,1464.0,1460.9,1464.0,90474
1768368600,1464.0,1465.0,1462.7,1464.3,113895
1768368900,1464.3,1465.8,1463.0,1465.2,93984
1768369200,1464.7,1465.2,1462.8,1463.2,116087
1768369500,1463.1,1464.4,1462.9,1463.3,86095
1768369800,1463.5,1464.9,1463.0,1463.3,44555
1768370100,1463.7,1465.8,1463.1,1465.6,51424
1768370400,1465.6,1466.0,1463.1,1464.8,53756
1768370700,1464.7,1465.2,1463.1,1464.6,42098
1768371000,1464.7,1465.3,1464.0,1464.1,42220
1768371300,1464.2,1464.7,1463.0,1464.5,58442
1768371600,1464.5,1464.5,1463.0,1463.9,39536
1768371900,1463.5,1464.0,1463.0,1463.2,33831
1768372200,1463.1,1464.4,1463.0,1463.3,53508
1768372500,1463.3,1463.5,1460.3,1460.6,72107
1768372800,1460.6,1461.7,1460.0,1461.0,49632
1768373100,1461.0,1463.4,1460.6,1463.1,56855
1768373400,1463.1,1463.9,1462.5,1462.8,37096
1768373700,1463.1,1463.8,1461.9,1462.6,76621
1768374000,1462.6,1463.8,1462.5,1463.4,32378
1768374300,1463.4,1465.5,1463.3,1464.9,83952
1768374600,1464.8,1467.0,1464.2,1464.5,50631
1768374900,1464.2,1465.1,1464.0,1465.0,56731
1768375200,1464.4,1465.4,1464.0,1465.0,52048
1768375500,1465.1,1465.2,1463.1,1464.0,71775
1768375800,1464.0,1464.3,1461.0,1462.0,87886
1768376100,1462.1,1464.8,1462.0,1464.0,84926
1768376400,1464.0,1464.9,1463.2,1463.5,39200
1768376700,1463.3,1464.2,1463.1,1463.6,33677
1768377000,1463.6,1463.6,1460.6,1461.5,69600
1768377300,1461.5,1463.5,1460.4,1463.0,55912
1768377600,1462.9,1463.2,1460.8,1460.8,46660
1768377900,1460.8,1461.7,1457.3,1457.3,121551
1768378200,1457.3,1458.4,1455.0,1455.0,113596
1768378500,1455.1,1455.8,1453.5,1455.0,98098
1768378800,1455.1,1455.8,1453.0,1454.3,68006
1768379100,1454.6,1455.0,1453.5,1454.4,50174
1768379400,1454.4,1458.2,1454.0,1455.6,68766
1768379700,1456.0,1458.3,1455.3,1457.2,60724
1768380000,1457.2,1458.6,1456.7,1458.5,57361
1768380300,1458.6,1458.6,1456.6,1456.6,64426
1768380600,1456.7,1457.6,1455.8,1455.8,157058
1768380900,1455.8,1458.4,1455.5,1457.6,109421
1768381200,1457.8,1459.8,1457.4,1459.5,82384
1768381500,1459.6,1461.5,1459.0,1460.6,67503
1768381800,1460.6,1461.3,1459.8,1460.5,138847
1768382100,1460.5,1462.8,1460.5,1461.2,172478
1768382400,1461.3,1462.8,1460.7,1462.8,69270
1768382700,1462.8,1462.8,1460.3,1460.9,71390
1768383000,1461.1,1461.2,1458.7,1460.8,583645
1768383300,1460.9,1462.2,1456.9,1459.5,615109
1768383600,1459.7,1460.0,1456.4,1457.1,616796
1768383900,1457.1,1459.0,1455.0,1458.3,382868
1768384200,1458.3,1459.0,1457.7,1459.0,204465
1768384500,1459.1,1459.3,1457.0,1458.8,183001
1768535100,1458.8,1472.5,1458.8,1465.6,1099116
1768535400,1465.3,1468.1,1461.3,1462.5,774026
1768535700,1462.8,1464.2,1461.4,1463.1,258516
1768536000,1463.1,1464.5,1462.5,1463.6,164531
1768536300,1463.3,1464.0,1462.3,1462.5,149493
1768536600,1462.5,1467.7,1462.5,1466.9,200195
1768536900,1466.8,1467.5,1464.5,1466.8,163963
1768537200,1466.8,1466.8,1464.0,1464.4,106277
1768537500,1464.4,1464.7,1463.2,1463.8,143797
1768537800,1463.8,1467.6,1463.4,1466.8,119662
1768538100,1467.0,1467.4,1465.7,1467.0,133755
1768538400,1467.0,1468.0,1466.0,1466.8,105757
1768538700,1466.7,1471.0,1466.7,1469.5,232957
1768539000,1469.5,1473.4,1469.0,1470.8,261166
1768539300,1470.8,1472.2,1470.1,1470.3,235103
1768539600,1470.1,1472.3,1468.9,1472.0,167508
1768539900,1472.1,1475.6,1471.9,1474.8,214150
1768540200,1474.8,1478.1,1473.0,1474.1,173101
1768540500,1474.7,1480.0,1474.2,1479.0,186819
1768540800,1478.6,1479.0,1476.8,1476.8,159507
1768541100,1476.8,1478.7,1475.1,1476.0,127703
1768541400,1475.9,1479.0,1475.6,1477.2,166683
1768541700,1477.1,1478.1,1474.8,1476.6,85893
1768542000,1476.5,1476.5,1471.7,1473.1,139983
1768542300,1473.1,1474.9,1469.0,1469.9,287097
1768542600,1469.8,1472.9,1469.3,1470.4,346325
1768542900,1470.0,1472.9,1469.1,1472.7,298500
1768543200,1472.7,1474.5,1469.8,1473.8,290023
1768543500,1473.8,1474.5,1472.5,1474.5,559577
1768543800,1474.3,1474.9,1472.8,1473.2,76698
1768544100,1473.2,1473.2,1469.1,1470.1,110158
1768544400,1470.1,1470.4,1468.6,1470.1,101981
1768544700,1469.9,1471.0,1464.3,1465.5,196418
1768545000,1465.5,1468.0,1465.1,1467.6,460869
1768545300,1467.4,1469.9,1467.4,1469.5,75918
1768545600,1469.5,1470.9,1469.1,1470.7,66110
1768545900,1470.5,1471.1,1469.4,1469.7,73818
1768546200,1469.8,1470.3,1468.0,1469.1,71296
1768546500,1469.1,1469.3,1464.6,1464.9,73458
1768546800,1464.9,1466.4,1463.8,1465.9,607758
1768547100,1465.9,1466.4,1463.7,1464.6,89168
1768547400,1464.6,1465.3,1464.1,1464.4,61243
1768547700,1464.3,1464.3,1462.1,1462.8,121334
1768548000,1462.5,1463.8,1460.8,1463.2,145741
1768548300,1463.2,1463.7,1458.1,1458.9,173077
1768548600,1458.8,1459.2,1457.6,1458.4,101324
1768548900,1458.1,1458.8,1456.7,1457.9,99090
1768549200,1457.8,1458.7,1455.1,1458.7,238950
1768549500,1458.7,1459.8,1458.0,1459.0,156067
1768549800,1458.8,1459.6,1457.5,1457.9,60791
1768550100,1457.9,1460.9,1456.1,1460.7,556615
1768550400,1460.7,1464.8,1460.7,1462.2,112091
1768550700,1462.0,1462.9,1460.2,1462.1,145593
1768551000,1462.0,1462.3,1459.3,1460.8,281137
1768551300,1460.8,1462.2,1459.9,1460.0,337412
1768551600,1459.9,1460.7,1457.5,1458.6,108114
1768551900,1458.4,1459.3,1457.3,1458.0,111854
1768552200,1458.2,1458.6,1456.6,1457.7,82598
1768552500,1457.5,1457.9,1456.2,1457.0,87317
1768552800,1457.0,1458.5,1456.7,1457.9,83635
1768553100,1457.8,1458.4,1457.1,1458.2,71692
1768553400,1458.0,1460.9,1457.8,1460.3,144805
1768553700,1460.1,1462.4,1460.1,1461.4,96938
1768554000,1461.2,1463.0,1461.0,1462.4,55733
1768554300,1462.2,1462.6,1458.8,1460.5,109134
1768554600,1460.5,1462.2,1459.1,1461.5,123452
1768554900,1461.4,1462.3,1459.1,1459.7,125625
1768555200,1459.6,1460.9,1458.8,1459.9,91113
1768555500,1459.9,1460.7,1458.8,1460.0,108239
1768555800,1459.8,1460.7,1457.8,1458.0,385760
1768556100,1458.2,1458.9,1455.9,1456.9,624918
1768556400,1457.0,1458.0,1456.6,1456.7,546031
1768556700,1456.7,1458.0,1455.8,1458.0,681639
1768557000,1458.1,1459.8,1457.8,1459.5,324325
1768557300,1459.5,1461.5,1457.1,1461.2,432766
1768794300,1450.6,1450.6,1418.6,1439.8,1248317
1768794600,1439.1,1439.1,1430.9,1431.5,524332
1768794900,1431.7,1431.8,1421.2,1421.6,531864
1768795200,1421.1,1428.7,1420.6,1428.0,613155
1768795500,1428.6,1430.5,1424.5,1426.0,272112
1768795800,1425.8,1429.9,1424.0,1429.8,274472
1768796100,1429.8,1429.8,1424.0,1424.2,315462
1768796400,1424.5,1427.4,1424.0,1425.4,158907
1768796700,1425.0,1426.0,1421.0,1421.2,250772
1768797000,1421.0,1421.5,1419.6,1421.2,527973
1768797300,1421.1,1423.8,1421.0,1422.0,117965
1768797600,1422.2,1424.5,1421.5,1424.4,130397
1768797900,1424.4,1424.4,1422.3,1424.1,93550
1768798200,1424.1,1424.8,1418.3,1420.0,660483
1768798500,1420.0,1420.0,1412.5,1413.0,784250
1768798800,1413.0,1414.4,1406.3,1408.1,943005
1768799100,1407.8,1410.0,1407.1,1408.5,508288
1768799400,1408.6,1411.8,1407.6,1410.3,208422
1768799700,1410.2,1411.2,1408.1,1409.2,165519
1768800000,1409.0,1410.1,1407.9,1408.9,127949
1768800300,1409.0,1409.8,1408.1,1409.6,140719
1768800600,1409.3,1411.2,1408.5,1409.8,211912
1768800900,1409.5,1410.9,1408.8,1409.0,213608
1768801200,1409.0,1409.8,1408.0,1409.0,107441
1768801500,1409.0,1409.1,1408.0,1408.8,108282
1768801800,1408.6,1409.9,1408.0,1409.1,97112
1768802100,1409.3,1410.2,1408.0,1409.9,84462
1768802400,1409.9,1409.9,1408.0,1408.8,83173
1768802700,1408.8,1410.1,1408.6,1409.0,223585
1768803000,1409.1,1410.0,1408.7,1409.9,64987
1768803300,1409.8,1410.2,1408.5,1408.9,95927
1768803600,1408.9,1412.9,1408.9,1411.9,151507
1768803900,1411.9,1413.9,1411.5,1413.5,133533
1768804200,1413.5,1413.5,1409.1,1409.3,207291
1768804500,1409.3,1409.4,1408.2,1408.3,118684
1768804800,1408.2,1408.6,1408.0,1408.4,180140
1768805100,1408.4,1410.0,1408.0,1408.2,174540
1768805400,1408.2,1408.6,1406.0,1406.5,268460
1768805700,1406.4,1406.9,1404.0,1404.7,346133
1768806000,1404.9,1406.9,1404.5,1405.5,231467
1768806300,1405.5,1405.5,1403.6,1404.0,132219
1768806600,1403.6,1405.6,1403.3,1405.6,147988
1768806900,1405.6,1406.4,1405.0,1405.7,140579
1768807200,1405.7,1405.7,1404.5,1405.0,121634
1768807500,1405.0,1406.8,1404.6,1406.0,278119
1768807800,1406.0,1407.6,1405.4,1407.3,133529
1768808100,1407.5,1409.0,1406.9,1407.8,359336
1768808400,1407.7,1407.8,1404.5,1404.6,343383
1768808700,1404.7,1405.0,1404.0,1404.7,120451
1768809000,1404.4,1405.4,1404.3,1405.1,149240
1768809300,1405.1,1405.1,1403.7,1404.9,145053
1768809600,1404.9,1408.3,1404.8,1408.1,131975
1768809900,1408.1,1410.9,1407.7,1410.7,308452
1768810200,1410.8,1412.0,1408.0,1408.9,456770
1768810500,1408.4,1409.2,1406.2,1408.9,635674
1768810800,1408.9,1412.2,1408.8,1410.9,262901
1768811100,1410.9,1412.1,1410.6,1411.3,138735
1768811400,1411.1,1413.5,1411.0,1413.4,157520
1768811700,1413.4,1414.5,1413.0,1413.5,128260
1768812000,1413.5,1414.0,1411.5,1412.2,163497
1768812300,1412.2,1413.6,1411.3,1413.5,152211
1768812600,1413.5,1414.0,1412.9,1413.7,98245
1768812900,1413.2,1413.8,1411.7,1411.9,118394
1768813200,1411.9,1413.2,1411.4,1413.2,99542
1768813500,1413.2,1414.9,1412.2,1414.9,148646
1768813800,1414.9,1414.9,1413.6,1414.4,125922
1768814100,1414.4,1415.7,1414.1,1415.7,131611
1768814400,1415.6,1416.1,1415.0,1415.5,144884
1768814700,1415.5,1415.6,1414.3,1415.3,243604
1768815000,1415.2,1415.5,1413.0,1415.5,436285
1768815300,1415.5,1415.5,1413.3,1414.6,302558
1768815600,1414.6,1414.9,1413.3,1414.2,504765
1768815900,1414.2,1414.3,1413.0,1413.4,549703
1768816200,1413.4,1413.8,1411.9,1412.1,529542
1768816500,1412.2,1413.2,1412.0,1413.2,399078
1768880700,1410.7,1416.0,1405.6,1414.7,528436
1768881000,1414.5,1414.7,1410.6,1410.9,188749
1768881300,1410.7,1411.9,1408.3,1410.1,153581
1768881600,1410.1,1413.0,1410.0,1410.9,128647
1768881900,1410.9,1411.0,1408.0,1408.2,88008
1768882200,1408.2,1410.8,1408.0,1410.2,93998
1768882500,1410.3,1410.3,1408.5,1409.2,87474
1768882800,1409.2,1409.3,1403.2,1403.4,391310
1768883100,1403.2,1406.0,1403.0,1403.8,289252
1768883400,1403.9,1404.7,1402.2,1404.0,155663
1768883700,1404.2,1407.5,1403.6,1406.8,183431
1768884000,1406.6,1408.0,1405.8,1406.6,96005
1768884300,1406.7,1408.9,1405.7,1407.8,110613
1768884600,1407.8,1408.3,1405.8,1405.8,77964
1768884900,1405.8,1407.7,1405.1,1407.2,61826
1768885200,1407.2,1408.8,1406.4,1408.7,77755
1768885500,1408.7,1409.9,1407.4,1409.4,196109
1768885800,1409.3,1409.9,1409.0,1409.0,96368
1768886100,1409.1,1409.4,1407.0,1407.7,70187
1768886400,1407.9,1407.9,1405.2,1405.7,147723
1768886700,1405.8,1406.0,1404.4,1405.1,78972
1768887000,1405.1,1405.2,1403.3,1403.4,90542
1768887300,1403.5,1403.5,1401.2,1401.6,135661
1768887600,1401.5,1401.8,1399.5,1399.9,224134
1768887900,1399.9,1401.9,1399.3,1400.5,96764
1768888200,1400.5,1400.9,1399.2,1400.1,93066
1768888500,1400.0,1401.7,1399.3,1401.2,101887
1768888800,1401.5,1401.7,1400.0,1400.6,79724
1768889100,1400.6,1402.1,1400.3,1401.1,55878
1768889400,1401.4,1401.4,1400.3,1400.8,63077
1768889700,1400.7,1402.8,1400.0,1402.4,96286
1768890000,1402.5,1404.5,1402.2,1404.3,127736
1768890300,1404.2,1406.0,1403.7,1405.4,111880
1768890600,1405.4,1405.5,1403.5,1403.5,135792
1768890900,1403.7,1404.5,1402.5,1402.6,94910
1768891200,1403.0,1403.0,1401.1,1402.2,74042
1768891500,1402.2,1402.9,1402.0,1402.5,51390
1768891800,1402.6,1402.9,1402.0,1402.4,55210
1768892100,1402.5,1405.1,1402.3,1404.4,92791
1768892400,1404.6,1404.8,1403.9,1404.2,49426
1768892700,1404.2,1404.6,1403.5,1403.6,53695
1768893000,1403.6,1404.7,1403.5,1404.3,58218
1768893300,1404.3,1405.7,1403.8,1405.2,106088
1768893600,1405.7,1406.8,1404.9,1405.5,144313
1768893900,1405.5,1406.2,1405.2,1406.0,65631
1768894200,1406.1,1406.4,1405.5,1405.6,82903
1768894500,1405.6,1406.0,1404.4,1404.5,65856
1768894800,1404.5,1405.1,1404.1,1404.2,44158
1768895100,1404.1,1404.9,1403.9,1404.3,53188
1768895400,1404.5,1406.4,1404.3,1405.2,87140
1768895700,1405.5,1405.8,1404.2,1404.2,53857
1768896000,1404.3,1404.5,1402.2,1402.2,114505
1768896300,1402.4,1402.4,1400.0,1400.5,177921
1768896600,1400.5,1401.1,1399.4,1399.6,159114
1768896900,1399.6,1400.6,1399.1,1399.4,74071
1768897200,1399.1,1400.8,1399.1,1400.0,79412
1768897500,1400.1,1401.9,1399.6,1401.3,193135
1768897800,1401.9,1404.0,1401.0,1403.3,179139
1768898100,1403.6,1403.6,1401.6,1402.1,116841
1768898400,1402.5,1404.6,1402.0,1404.4,194656
1768898700,1404.5,1406.0,1404.2,1404.2,181697
1768899000,1404.4,1405.0,1404.0,1404.9,94683
1768899300,1404.9,1405.7,1404.2,1405.7,128013
1768899600,1405.5,1407.9,1404.5,1404.7,131792
1768899900,1404.5,1404.9,1403.4,1404.1,116415
1768900200,1404.1,1404.1,1400.6,1401.5,259476
1768900500,1401.6,1402.0,1400.4,1400.8,111976
1768900800,1400.9,1401.4,1399.2,1400.2,178504
1768901100,1400.0,1400.4,1397.6,1397.7,130841
1768901400,1397.7,1397.9,1392.0,1395.7,1047028
1768901700,1395.8,1398.5,1395.4,1397.1,860238
1768902000,1396.6,1396.9,1393.1,1393.6,668057
1768902300,1393.7,1395.0,1391.8,1392.5,568461
1768902600,1392.3,1392.8,1390.0,1391.1,829103
1768902900,1391.0,1394.7,1390.0,1392.4,571708
1768967100,1389.5,1397.1,1384.2,1394.7,551258
1768967400,1394.7,1395.0,1390.7,1392.8,316981
1768967700,1392.7,1395.9,1391.8,1392.6,196995
1768968000,1393.0,1398.0,1392.4,1397.9,214860
1768968300,1397.9,1398.2,1395.0,1395.4,188810
1768968600,1395.3,1397.7,1395.1,1397.2,265022
1768968900,1397.2,1397.5,1393.4,1395.6,197262
1768969200,1395.6,1395.6,1392.1,1393.2,98280
1768969500,1393.3,1394.2,1392.2,1392.5,100634
1768969800,1392.5,1393.5,1390.9,1392.1,117662
1768970100,1392.2,1394.0,1390.4,1391.5,89169
1768970400,1391.4,1391.8,1390.1,1390.6,121221
1768970700,1390.6,1391.1,1387.0,1387.6,209699
1768971000,1387.6,1388.3,1381.4,1381.5,181784
1768971300,1382.1,1384.6,1381.7,1382.8,159074
1768971600,1382.9,1382.9,1380.6,1382.2,254520
1768971900,1382.2,1382.4,1380.9,1381.1,138469
1768972200,1381.1,1381.3,1378.2,1378.8,209587
1768972500,1378.8,1378.8,1376.5,1377.5,218168
1768972800,1377.5,1379.3,1375.0,1375.0,208132
1768973100,1375.4,1378.6,1373.0,1378.3,251453
1768973400,1378.3,1381.1,1378.0,1380.4,241790
1768973700,1380.6,1382.1,1379.3,1381.9,99460
1768974000,1382.0,1386.0,1381.6,1384.0,153716
1768974300,1384.0,1386.4,1383.0,1386.0,100533
1768974600,1386.1,1386.9,1385.1,1386.0,98789
1768974900,1386.0,1386.2,1383.3,1383.8,77721
1768975200,1383.8,1386.0,1383.4,1384.8,66068
1768975500,1384.8,1385.0,1382.3,1382.7,74581
1768975800,1382.4,1384.0,1382.0,1383.4,82595
1768976100,1383.4,1384.4,1383.0,1384.3,61448
1768976400,1384.4,1386.4,1383.7,1385.2,78552
1768976700,1385.1,1386.2,1384.3,1386.1,54066
1768977000,1386.2,1388.4,1385.1,1388.0,133136
1768977300,1388.2,1391.0,1387.5,1391.0,169927
1768977600,1391.0,1392.7,1389.7,1392.5,97369
1768977900,1392.4,1394.7,1391.2,1394.3,100786
1768978200,1394.3,1398.8,1393.7,1398.1,163157
1768978500,1398.2,1399.8,1395.4,1396.9,169726
1768978800,1396.9,1403.9,1396.7,1403.0,179017
1768979100,1403.2,1407.0,1403.2,1405.9,215718
1768979400,1405.8,1407.6,1404.4,1404.6,464749
1768979700,1404.8,1407.9,1404.8,1407.7,184858
1768980000,1407.7,1409.4,1407.4,1408.4,182780
1768980300,1408.5,1408.6,1405.7,1407.6,131227
1768980600,1407.6,1410.2,1407.4,1409.3,243915
1768980900,1409.3,1412.0,1408.5,1408.7,314999
1768981200,1408.5,1409.2,1406.0,1407.8,161478
1768981500,1407.8,1408.5,1404.9,1405.5,403453
1768981800,1405.5,1407.6,1404.9,1407.0,116773
1768982100,1406.3,1407.5,1406.2,1407.4,95451
1768982400,1407.4,1407.5,1404.9,1405.3,259654
1768982700,1405.5,1408.8,1402.7,1406.6,328263
1768983000,1406.5,1408.8,1403.3,1407.8,789200
1768983300,1407.8,1411.4,1407.2,1409.9,471982
1768983600,1409.9,1410.9,1408.2,1408.5,132978
1768983900,1408.4,1409.5,1406.5,1407.9,401510
1768984200,1407.9,1409.5,1406.1,1409.5,216902
1768984500,1409.5,1410.9,1408.8,1408.8,174819
1768984800,1409.1,1409.7,1407.0,1407.5,109713
1768985100,1407.5,1412.9,1407.1,1410.1,217468
1768985400,1409.9,1411.2,1405.0,1405.7,291670
1768985700,1405.6,1405.6,1401.5,1401.5,204289
1768986000,1401.5,1404.9,1401.2,1404.7,206650
1768986300,1404.7,1404.8,1401.5,1402.4,319915
1768986600,1402.2,1402.5,1399.6,1400.1,175456
1768986900,1399.9,1401.0,1399.7,1400.6,133137
1768987200,1400.3,1400.6,1398.4,1398.8,159216
1768987500,1398.9,1400.5,1398.0,1399.9,171235
1768987800,1399.9,1404.0,1399.5,1403.7,685570
1768988100,1403.8,1405.1,1401.0,1404.7,881814
1768988400,1404.7,1405.5,1403.6,1405.3,544106
1768988700,1405.4,1408.0,1405.3,1407.7,505401
1768989000,1407.7,1407.7,1406.0,1406.1,448205
1768989300,1406.4,1408.4,1405.5,1407.5,377582
1769053500,1410.1,1416.3,1406.8,1409.2,475774
1769053800,1408.9,1414.4,1408.1,1413.1,241088
1769054100,1413.0,1416.7,1411.7,1416.2,218697
1769054400,1416.1,1419.4,1415.7,1418.8,294217
1769054700,1419.0,1419.5,1415.0,1416.0,182312
1769055000,1415.7,1416.7,1414.0,1414.7,132778
1769055300,1414.7,1416.2,1414.4,1415.4,98908
1769055600,1415.0,1415.8,1411.3,1413.6,150769
1769055900,1413.6,1414.8,1411.9,1414.5,118156
1769056200,1414.0,1415.8,1413.4,1414.1,110981
1769056500,1414.4,1415.2,1413.9,1414.4,64271
1769056800,1414.4,1417.0,1413.2,1416.2,88224
1769057100,1416.2,1416.8,1412.7,1412.7,60897
1769057400,1413.0,1413.2,1411.0,1412.2,77605
1769057700,1412.5,1412.5,1406.1,1406.5,124537
1769058000,1406.7,1407.5,1401.3,1406.3,257083
1769058300,1406.6,1407.5,1402.4,1402.7,113122
1769058600,1402.7,1405.5,1402.4,1403.6,139983
1769058900,1403.6,1404.0,1401.5,1401.6,81763
1769059200,1401.5,1403.4,1400.3,1403.1,157093
1769059500,1403.0,1403.0,1399.5,1400.0,108952
1769059800,1400.0,1401.7,1399.5,1400.6,82835
1769060100,1400.3,1400.6,1398.7,1400.2,90609
1769060400,1400.2,1401.6,1399.5,1400.1,114341
1769060700,1400.2,1401.1,1399.7,1399.9,60312
1769061000,1400.2,1403.5,1399.8,1403.1,206131
1769061300,1403.3,1405.5,1401.7,1402.6,178591
1769061600,1401.9,1403.2,1401.4,1402.4,107078
1769061900,1402.2,1403.9,1401.1,1402.1,254546
1769062200,1401.5,1402.5,1399.0,1399.6,94919
1769062500,1400.0,1400.2,1395.0,1398.4,169217
1769062800,1398.4,1401.0,1397.9,1399.4,177439
1769063100,1399.0,1400.5,1398.4,1398.6,108049
1769063400,1398.8,1399.5,1397.2,1399.5,58869
1769063700,1399.6,1402.6,1399.1,1402.0,102071
1769064000,1402.0,1403.2,1400.7,1402.8,155937
1769064300,1403.0,1403.0,1400.0,1402.6,158435
1769064600,1402.3,1405.0,1401.8,1402.5,140137
1769064900,1402.5,1404.0,1401.8,1403.5,90514
1769065200,1403.5,1403.8,1402.2,1403.4,256020
1769065500,1403.4,1406.2,1401.9,1405.6,339946
1769065800,1405.5,1405.8,1402.0,1404.8,514232
1769066100,1404.8,1404.9,1401.9,1403.9,280267
1769066400,1404.1,1405.2,1402.0,1402.5,320624
1769066700,1402.5,1402.5,1399.5,1400.6,120159
1769067000,1400.5,1401.2,1398.7,1401.1,92964
1769067300,1401.1,1401.8,1398.8,1399.4,230119
1769067600,1399.4,1400.4,1398.1,1398.5,104452
1769067900,1398.5,1399.6,1398.0,1399.5,65293
1769068200,1399.5,1399.5,1398.0,1398.5,58692
1769068500,1398.4,1398.9,1396.9,1397.2,122118
1769068800,1397.0,1399.8,1396.1,1399.7,150888
1769069100,1399.5,1401.0,1398.1,1398.3,243244
1769069400,1398.8,1400.8,1397.8,1400.6,386431
1769069700,1400.1,1400.5,1398.2,1399.6,70527
1769070000,1399.7,1402.3,1399.6,1401.7,154386
1769070300,1402.2,1402.8,1401.1,1402.5,115525
1769070600,1402.5,1402.5,1400.7,1401.3,169240
1769070900,1401.6,1402.0,1399.3,1399.9,82676
1769071200,1399.9,1400.3,1398.0,1398.0,113720
1769071500,1398.1,1399.8,1397.6,1398.3,248511
1769071800,1397.9,1400.6,1397.9,1399.2,182105
1769072100,1399.0,1401.7,1398.5,1400.9,171838
1769072400,1400.6,1403.7,1400.6,1403.7,165656
1769072700,1403.4,1404.4,1402.1,1402.8,307707
1769073000,1402.8,1403.8,1401.7,1403.0,121868
1769073300,1403.1,1404.7,1402.8,1402.9,181940
1769073600,1402.9,1403.9,1402.1,1402.5,211261
1769073900,1402.5,1404.0,1402.2,1402.7,166355
1769074200,1402.8,1405.0,1399.1,1404.5,1133439
1769074500,1404.6,1404.6,1400.9,1402.0,803871
1769074800,1402.0,1402.7,1401.0,1401.6,469936
1769075100,1401.5,1403.7,1401.4,1401.7,647008
1769075400,1401.7,1405.2,1401.6,1403.5,546347
1769075700,1403.6,1405.4,1403.2,1404.3,594564
1769139900,1401.8,1404.0,1399.4,1402.9,391203
1769140200,1402.9,1405.9,1401.7,1405.5,295832
1769140500,1405.5,1407.0,1404.4,1406.5,131292
1769140800,1406.7,1406.7,1401.9,1402.2,166827
1769141100,1402.5,1402.9,1400.3,1401.3,114509
1769141400,1401.1,1402.5,1399.4,1400.0,80815
1769141700,1399.8,1402.6,1399.6,1400.8,63085
1769142000,1400.6,1401.0,1399.6,1399.6,59150
1769142300,1400.0,1401.2,1399.6,1400.7,38751
1769142600,1400.9,1401.6,1399.1,1400.4,55176
1769142900,1400.2,1403.0,1399.7,1402.0,73893
1769143200,1402.2,1402.8,1401.8,1402.2,33481
1769143500,1402.4,1402.5,1399.4,1400.1,60665
1769143800,1400.2,1400.6,1399.7,1400.5,42634
1769144100,1400.0,1402.5,1399.9,1401.5,50654
1769144400,1401.4,1403.5,1401.0,1402.8,75965
1769144700,1402.8,1403.4,1402.6,1402.8,108872
1769145000,1402.7,1403.0,1400.8,1401.2,42526
1769145300,1401.1,1402.0,1400.0,1400.3,46853
1769145600,1400.3,1401.1,1400.0,1400.6,49938
1769145900,1400.6,1401.1,1400.0,1400.1,48604
1769146200,1400.2,1401.0,1400.0,1400.3,28543
1769146500,1400.2,1400.3,1398.6,1399.9,71065
1769146800,1399.9,1400.6,1399.5,1399.7,28088
1769147100,1399.5,1400.3,1398.5,1398.6,37524
1769147400,1398.6,1398.8,1396.1,1398.4,73018
1769147700,1398.4,1398.8,1398.0,1398.4,40046
1769148000,1398.4,1399.2,1398.0,1398.5,35526
1769148300,1398.4,1398.5,1393.3,1393.3,127017
1769148600,1393.3,1393.8,1388.1,1388.1,192092
1769148900,1388.5,1391.0,1387.1,1388.6,149011
1769149200,1388.6,1391.9,1388.4,1390.5,90040
1769149500,1390.5,1392.2,1390.0,1391.9,49610
1769149800,1391.8,1392.0,1389.2,1390.7,54757
1769150100,1390.6,1390.7,1388.6,1388.8,47952
1769150400,1388.8,1389.8,1388.2,1388.4,38600
1769150700,1388.5,1391.6,1388.0,1390.5,54556
1769151000,1390.7,1391.6,1390.0,1390.3,60646
1769151300,1390.6,1391.5,1389.3,1390.9,51548
1769151600,1390.9,1391.2,1390.2,1390.5,56648
1769151900,1390.2,1391.5,1389.2,1391.4,59986
1769152200,1391.4,1393.4,1391.2,1391.6,66660
1769152500,1391.6,1393.9,1391.3,1391.9,109530
1769152800,1391.9,1392.3,1390.1,1391.6,152224
1769153100,1391.6,1392.6,1390.4,1390.5,42087
1769153400,1390.4,1390.9,1389.3,1390.1,56814
1769153700,1390.3,1390.3,1387.7,1388.5,298746
1769154000,1388.5,1391.0,1388.1,1390.5,459185
1769154300,1390.4,1390.9,1386.6,1387.2,211988
1769154600,1387.2,1387.2,1385.2,1385.3,108223
1769154900,1385.5,1386.5,1385.0,1385.0,86609
1769155200,1385.2,1385.3,1382.0,1382.9,127280
1769155500,1382.9,1383.9,1381.6,1382.3,102578
1769155800,1382.2,1383.6,1381.1,1381.2,99681
1769156100,1381.2,1385.3,1381.0,1384.8,100866
1769156400,1384.7,1386.2,1383.2,1385.9,173418
1769156700,1385.9,1386.6,1385.5,1385.9,72693
1769157000,1385.9,1386.7,1385.6,1386.7,62195
1769157300,1386.6,1387.4,1386.0,1387.1,65273
1769157600,1387.1,1388.8,1386.7,1387.0,139863
1769157900,1387.1,1389.1,1386.7,1388.5,119833
1769158200,1388.6,1388.9,1385.7,1385.8,83028
1769158500,1385.8,1390.5,1385.7,1388.4,143619
1769158800,1388.4,1390.4,1387.8,1389.2,309163
1769159100,1389.2,1389.6,1386.8,1388.3,414255
1769159400,1388.3,1390.4,1388.3,1389.1,269903
1769159700,1389.5,1390.2,1386.2,1386.4,124756
1769160000,1386.3,1388.7,1386.2,1386.7,194721
1769160300,1386.7,1388.7,1386.7,1388.0,112546
1769160600,1388.1,1388.4,1384.4,1386.9,406040
1769160900,1386.9,1386.9,1384.6,1384.6,416456
1769161200,1384.9,1385.7,1384.2,1384.9,404040
1769161500,1385.0,1387.0,1384.9,1386.9,325717
1769161800,1386.8,1387.3,1386.7,1387.0,260039
1769162100,1387.0,1387.8,1386.3,1387.0,243587
1769485500,1380.0,1388.6,1374.0,1375.3,1945251
1769485800,1375.2,1376.8,1368.9,1369.8,556070
1769486100,1369.7,1375.5,1368.0,1375.3,300258
1769486400,1374.7,1380.6,1373.8,1380.4,243845
1769486700,1379.8,1385.4,1379.2,1385.1,209194
1769487000,1385.1,1387.1,1381.9,1386.3,396370
1769487300,1386.0,1388.5,1384.3,1388.5,225665
1769487600,1388.4,1389.2,1386.2,1387.4,270056
1769487900,1387.4,1387.7,1383.1,1383.7,327962
1769488200,1383.3,1385.5,1383.3,1384.4,156800
1769488500,1384.5,1384.6,1381.0,1382.3,174375
1769488800,1382.6,1383.9,1381.4,1383.4,137673
1769489100,1383.6,1388.4,1383.2,1387.4,171509
1769489400,1387.4,1389.7,1387.4,1388.5,164936
1769489700,1388.7,1389.9,1387.9,1387.9,121016
1769490000,1388.4,1391.6,1387.8,1390.1,114406
1769490300,1390.4,1391.3,1386.3,1387.0,90172
1769490600,1387.0,1387.3,1380.0,1380.8,114524
1769490900,1380.5,1381.4,1378.6,1381.0,106558
1769491200,1380.8,1380.8,1377.4,1378.2,104692
1769491500,1378.2,1378.9,1375.3,1375.6,170213
1769491800,1375.5,1378.3,1375.5,1378.0,195908
1769492100,1377.5,1378.6,1376.0,1377.6,180262
1769492400,1377.4,1380.6,1377.4,1380.2,70109
1769492700,1380.5,1382.3,1379.4,1381.4,108808
1769493000,1381.8,1382.9,1380.3,1381.1,72222
1769493300,1381.1,1383.7,1380.8,1383.5,80780
1769493600,1383.5,1385.4,1383.3,1384.8,81905
1769493900,1384.8,1386.0,1384.8,1386.0,83284
1769494200,1385.9,1390.9,1384.7,1390.3,188985
1769494500,1390.1,1391.1,1385.0,1386.9,1297018
1769494800,1386.9,1388.5,1385.2,1388.4,75013
1769495100,1388.4,1390.5,1388.1,1390.1,93193
1769495400,1390.1,1390.6,1388.4,1389.8,78936
1769495700,1389.9,1390.8,1389.9,1390.2,60499
1769496000,1390.3,1391.6,1389.5,1389.6,124484
1769496300,1389.6,1389.9,1386.4,1386.4,76640
1769496600,1386.5,1389.9,1386.5,1389.3,102013
1769496900,1389.4,1390.5,1387.1,1387.4,115501
1769497200,1387.2,1387.5,1385.6,1386.9,137251
1769497500,1386.9,1387.1,1383.7,1386.6,142176
1769497800,1386.6,1387.0,1385.4,1385.9,91808
1769498100,1385.9,1386.4,1383.7,1384.0,142180
1769498400,1383.9,1385.9,1383.2,1384.8,123285
1769498700,1384.7,1386.0,1382.6,1384.1,973055
1769499000,1384.2,1385.1,1383.2,1385.1,394498
1769499300,1385.1,1386.5,1384.7,1386.2,120195
1769499600,1386.1,1386.3,1384.1,1385.0,222319
1769499900,1385.1,1385.6,1384.6,1385.1,220263
1769500200,1385.2,1387.7,1384.9,1386.8,383938
1769500500,1386.4,1388.5,1385.0,1387.4,476871
1769500800,1387.7,1387.8,1384.6,1385.0,392912
1769501100,1384.9,1385.1,1380.3,1381.2,299592
1769501400,1381.3,1383.6,1380.2,1381.9,283295
1769501700,1382.0,1384.6,1381.8,1384.1,108469
1769502000,1384.1,1385.0,1382.6,1384.0,247325
1769502300,1384.0,1384.4,1382.8,1383.9,314727
1769502600,1384.0,1384.2,1380.6,1381.6,290610
1769502900,1381.7,1383.6,1380.2,1382.6,263892
1769503200,1382.6,1383.7,1381.2,1381.2,294933
1769503500,1381.3,1381.5,1379.6,1379.9,711904
1769503800,1379.9,1379.9,1378.1,1378.8,225209
1769504100,1379.0,1379.0,1377.5,1378.1,161014
1769504400,1378.0,1379.0,1377.1,1378.5,148904
1769504700,1378.6,1379.9,1376.4,1379.9,1309397
1769505000,1379.9,1382.9,1379.1,1381.2,462370
1769505300,1381.2,1382.6,1379.7,1380.1,231437
1769505600,1380.0,1380.7,1378.8,1379.7,1066408
1769505900,1379.8,1382.0,1379.3,1381.8,267042
1769506200,1381.8,1382.0,1378.7,1380.0,1159554
1769506500,1380.0,1380.5,1379.3,1379.5,997169
1769506800,1379.0,1381.6,1378.5,1380.7,872298
1769507100,1380.7,1381.0,1379.7,1380.9,1221587
1769507400,1380.9,1381.3,1379.9,1381.3,1229711
1769507700,1381.3,1385.0,1381.0,1384.0,604703
1769571900,1385.0,1400.3,1384.9,1399.7,772944
1769572200,1399.7,1409.9,1398.8,1402.5,443569
1769572500,1402.8,1403.7,1398.6,1402.2,204121
1769572800,1401.8,1404.0,1400.5,1400.5,163042
1769573100,1400.6,1402.4,1399.5,1400.1,129764
1769573400,1400.2,1401.3,1397.1,1397.8,151688
1769573700,1397.5,1399.0,1397.5,1398.3,83458
1769574000,1398.6,1400.5,1397.5,1399.1,108451
1769574300,1399.0,1399.3,1396.6,1398.1,72058
1769574600,1398.2,1399.0,1397.0,1397.7,85491
1769574900,1397.7,1397.7,1393.3,1394.4,148430
1769575200,1394.1,1395.9,1393.1,1395.6,105891
1769575500,1395.6,1395.9,1393.8,1395.1,77478
1769575800,1395.1,1397.5,1395.1,1397.5,75684
1769576100,1397.4,1398.3,1395.3,1395.7,88399
1769576400,1395.7,1396.7,1394.5,1396.7,78561
1769576700,1396.7,1399.7,1396.5,1399.4,108731
1769577000,1399.3,1399.3,1397.7,1398.1,79676
1769577300,1398.1,1398.1,1396.3,1397.4,69186
1769577600,1397.4,1400.4,1397.2,1400.2,68458
1769577900,1399.9,1401.6,1399.5,1400.4,123845
1769578200,1400.5,1401.9,1399.5,1401.9,80809
1769578500,1402.0,1402.6,1400.0,1400.9,123199
1769578800,1401.0,1401.9,1400.6,1401.9,109712
1769579100,1401.8,1402.0,1400.1,1401.4,130948
1769579400,1401.4,1401.7,1400.1,1400.5,78943
1769579700,1400.4,1401.8,1400.0,1401.3,189814
1769580000,1401.4,1402.2,1401.3,1401.5,107895
1769580300,1401.5,1401.6,1399.4,1400.2,144446
1769580600,1400.1,1400.2,1398.1,1398.9,68560
1769580900,1398.8,1400.8,1398.7,1400.6,103488
1769581200,1400.7,1402.5,1400.0,1400.5,81548
1769581500,1400.9,1402.0,1399.4,1399.4,101750
1769581800,1399.6,1400.4,1398.2,1399.8,99967
1769582100,1399.9,1400.1,1399.2,1399.3,60040
1769582400,1399.3,1400.2,1398.0,1400.0,151554
1769582700,1399.9,1400.7,1399.3,1399.6,176229
1769583000,1399.6,1400.6,1399.3,1399.6,92731
1769583300,1399.5,1399.7,1397.5,1398.0,122434
1769583600,1398.2,1398.7,1397.0,1397.4,134291
1769583900,1397.4,1397.4,1395.6,1396.0,97769
1769584200,1396.0,1397.0,1395.0,1396.4,186203
1769584500,1396.4,1397.7,1396.0,1396.5,64700
1769584800,1396.8,1398.9,1396.5,1397.8,125552
1769585100,1397.7,1398.3,1396.2,1396.3,52278
1769585400,1396.3,1397.0,1396.2,1396.3,70651
1769585700,1396.3,1396.4,1393.7,1393.7,109347
1769586000,1393.9,1395.4,1393.9,1395.0,125566
1769586300,1395.4,1397.0,1394.7,1395.1,134749
1769586600,1395.4,1395.4,1389.1,1391.6,222524
1769586900,1391.6,1393.2,1390.4,1391.8,104281
1769587200,1391.8,1393.3,1391.5,1391.9,61367
1769587500,1392.0,1392.0,1390.7,1391.3,81164
1769587800,1391.4,1392.0,1390.3,1390.3,72206
1769588100,1390.2,1391.0,1390.0,1390.8,70861
1769588400,1390.7,1393.0,1390.1,1392.6,82602
1769588700,1392.7,1395.3,1392.6,1394.5,77854
1769589000,1394.5,1395.0,1393.1,1394.5,90830
1769589300,1394.3,1394.6,1392.1,1392.7,187127
1769589600,1392.7,1393.5,1391.3,1392.0,153456
1769589900,1391.8,1393.6,1391.2,1392.4,120652
1769590200,1392.4,1392.4,1390.1,1391.2,81121
1769590500,1391.4,1392.0,1390.8,1391.6,101830
1769590800,1391.2,1392.4,1391.1,1391.3,86427
1769591100,1391.3,1392.0,1390.6,1391.7,87202
1769591400,1391.8,1392.1,1391.1,1391.8,91855
1769591700,1391.9,1393.6,1391.5,1393.3,148867
1769592000,1393.3,1393.5,1392.1,1393.0,152519
1769592300,1393.0,1394.7,1393.0,1394.7,197892
1769592600,1394.8,1396.2,1394.6,1395.4,475145
1769592900,1395.3,1396.3,1395.0,1395.8,393732
1769593200,1395.9,1396.3,1395.7,1396.1,369256
1769593500,1396.3,1398.1,1396.1,1397.8,396663
1769593800,1397.8,1398.8,1397.0,1398.6,378176
1769594100,1398.5,1398.9,1397.4,1398.5,373395
1769658300,1402.9,1402.9,1393.7,1399.9,801324
1769658600,1399.9,1400.5,1396.5,1397.9,163719
1769658900,1397.8,1398.7,1396.7,1397.8,100470
1769659200,1397.6,1398.5,1396.8,1398.5,88128
1769659500,1397.9,1398.0,1392.0,1392.8,208896
1769659800,1392.3,1393.7,1390.6,1391.1,149440
1769660100,1390.9,1392.4,1389.5,1390.9,611038
1769660400,1390.8,1392.7,1387.6,1390.0,478722
1769660700,1389.5,1391.2,1387.0,1390.0,274614
1769661000,1390.0,1390.6,1388.7,1389.7,152127
1769661300,1389.7,1391.6,1389.0,1391.1,144235
1769661600,1391.2,1392.5,1390.4,1391.3,85243
1769661900,1391.4,1391.6,1390.0,1390.2,91655
1769662200,1390.1,1392.4,1387.5,1392.0,180538
1769662500,1391.8,1391.9,1389.5,1391.0,99017
1769662800,1391.2,1392.4,1389.6,1392.4,143627
1769663100,1392.4,1392.4,1390.5,1391.0,188290
1769663400,1390.9,1392.0,1389.1,1390.5,133022
1769663700,1390.7,1391.3,1388.1,1388.2,141707
1769664000,1388.3,1392.4,1388.2,1392.3,99630
1769664300,1392.3,1394.9,1391.1,1394.6,125137
1769664600,1394.9,1395.7,1393.4,1394.0,110987
1769664900,1393.9,1394.9,1393.3,1394.4,156569
1769665200,1394.6,1395.6,1393.7,1395.6,277282
1769665500,1395.5,1395.9,1394.4,1394.7,366703
1769665800,1394.4,1395.5,1394.1,1394.4,102081
1769666100,1394.5,1394.5,1392.4,1393.1,94268
1769666400,1393.2,1394.5,1391.9,1392.1,109545
1769666700,1392.1,1393.0,1391.4,1392.1,59519
1769667000,1392.0,1393.7,1392.0,1393.1,47229
1769667300,1393.2,1394.0,1391.4,1393.4,116657
1769667600,1393.3,1394.5,1391.7,1392.1,184056
1769667900,1392.2,1393.9,1392.0,1393.7,127193
1769668200,1393.6,1393.9,1391.5,1391.7,524998
1769668500,1391.7,1392.6,1391.6,1392.6,103669
1769668800,1392.5,1392.6,1391.8,1392.4,161792
1769669100,1392.4,1392.6,1392.0,1392.6,66390
1769669400,1392.5,1392.6,1392.1,1392.6,90700
1769669700,1392.0,1392.5,1390.6,1392.3,182153
1769670000,1392.4,1394.6,1392.3,1393.7,182537
1769670300,1393.6,1396.0,1393.5,1395.6,270496
1769670600,1395.5,1396.9,1394.3,1394.3,90061
1769670900,1394.3,1396.0,1394.2,1395.5,119575
1769671200,1395.6,1397.9,1395.5,1397.2,102142
1769671500,1397.1,1397.8,1395.5,1396.8,136016
1769671800,1396.8,1397.8,1396.5,1397.7,363495
1769672100,1397.6,1398.0,1396.4,1396.6,178227
1769672400,1396.6,1397.0,1394.4,1394.8,125816
1769672700,1394.6,1395.0,1393.7,1393.8,105332
1769673000,1393.8,1394.5,1392.6,1393.4,79821
1769673300,1393.5,1393.7,1391.8,1392.6,104873
1769673600,1392.8,1394.8,1392.6,1394.7,92054
1769673900,1394.7,1395.6,1394.5,1395.6,147141
1769674200,1395.5,1397.2,1395.3,1396.7,277927
1769674500,1396.7,1397.9,1396.2,1397.7,409856
1769674800,1397.5,1397.7,1396.3,1397.4,108262
1769675100,1397.4,1399.7,1396.8,1399.7,296865
1769675400,1399.7,1399.9,1397.6,1397.9,140503
1769675700,1397.9,1398.7,1397.4,1397.7,206245
1769676000,1397.6,1399.5,1397.1,1398.6,183251
1769676300,1398.8,1399.0,1397.6,1397.6,120432
1769676600,1397.5,1398.4,1397.2,1398.3,151674
1769676900,1398.1,1398.3,1397.9,1398.3,161075
1769677200,1398.2,1399.7,1398.2,1399.7,462729
1769677500,1399.7,1401.9,1399.2,1400.5,226024
1769677800,1400.5,1401.0,1399.6,1400.0,122837
1769678100,1400.0,1400.7,1399.4,1400.3,155554
1769678400,1399.8,1400.4,1397.9,1398.3,217816
1769678700,1398.6,1398.9,1397.3,1398.0,278874
1769679000,1398.2,1398.3,1393.7,1394.7,1213083
1769679300,1394.5,1396.9,1391.4,1393.4,1067341
1769679600,1392.8,1393.5,1390.9,1391.1,575045
1769679900,1391.4,1394.5,1390.0,1391.1,1417064
1769680200,1390.5,1391.0,1386.7,1387.8,1309671
1769680500,1388.3,1389.6,1384.0,1388.8,2044635
1769744700,1382.6,1386.3,1378.5,1384.5,372727
1769745000,1384.4,1384.7,1382.1,1383.3,171108
1769745300,1382.9,1386.9,1382.5,1384.6,110145
1769745600,1384.5,1385.3,1382.4,1385.3,84351
1769745900,1386.0,1388.3,1385.8,1387.9,106902
1769746200,1387.8,1389.0,1386.4,1387.5,58962
1769746500,1387.3,1389.2,1386.7,1389.2,55435
1769746800,1389.2,1389.5,1388.2,1388.6,48029
1769747100,1388.7,1388.7,1386.2,1387.4,81239
1769747400,1387.4,1388.5,1387.0,1387.6,27097
1769747700,1387.6,1388.2,1386.6,1387.4,47069
1769748000,1387.4,1388.3,1386.7,1388.2,59589
1769748300,1388.3,1390.0,1388.0,1388.0,70963
1769748600,1388.4,1388.4,1386.9,1387.4,57901
1769748900,1387.3,1388.7,1386.8,1388.5,52412
1769749200,1388.4,1390.4,1387.8,1389.9,44676
1769749500,1389.7,1390.2,1387.6,1388.2,39009
1769749800,1388.2,1388.5,1387.5,1388.2,28731
1769750100,1387.9,1388.5,1386.9,1387.2,38592
1769750400,1387.2,1388.0,1386.4,1387.5,51281
1769750700,1387.4,1388.9,1387.4,1388.3,34832
1769751000,1388.1,1388.6,1387.5,1387.9,31652
1769751300,1388.0,1388.0,1385.4,1385.7,48761
1769751600,1386.2,1387.8,1385.5,1387.0,50730
1769751900,1386.9,1389.4,1386.9,1389.2,878686
1769752200,1389.0,1390.2,1386.0,1388.8,125817
1769752500,1388.8,1389.9,1386.7,1387.0,48009
1769752800,1386.7,1387.7,1386.2,1387.0,61368
1769753100,1387.0,1388.0,1386.6,1387.9,43319
1769753400,1387.9,1388.9,1387.6,1387.8,391538
1769753700,1387.6,1387.9,1386.2,1386.8,44043
1769754000,1386.6,1390.0,1386.6,1389.4,96643
1769754300,1389.0,1389.6,1387.5,1387.6,35929
1769754600,1387.8,1388.0,1387.0,1387.9,52252
1769754900,1387.7,1388.4,1387.0,1387.9,52048
1769755200,1388.0,1389.4,1387.4,1388.5,115550
1769755500,1388.5,1389.3,1387.1,1387.1,36221
1769755800,1387.4,1390.0,1387.3,1389.8,35919
1769756100,1389.4,1391.0,1389.2,1389.6,45985
1769756400,1389.7,1390.0,1389.6,1389.7,40596
1769756700,1389.9,1390.0,1388.8,1389.5,35344
1769757000,1389.7,1390.0,1389.0,1389.5,38126
1769757300,1389.5,1390.0,1389.0,1389.8,29402
1769757600,1389.9,1389.9,1388.5,1389.3,29796
1769757900,1389.1,1389.8,1388.3,1389.6,617438
1769758200,1389.3,1389.8,1387.3,1388.0,80174
1769758500,1388.0,1388.1,1385.4,1385.6,125520
1769758800,1385.7,1387.4,1385.1,1387.0,79533
1769759100,1386.7,1387.3,1385.3,1386.5,161143
1769759400,1386.6,1386.9,1386.0,1386.6,76432
1769759700,1386.6,1387.8,1386.1,1387.0,47775
1769760000,1386.8,1388.4,1386.8,1388.0,34553
1769760300,1388.3,1388.7,1387.0,1388.1,59837
1769760600,1388.3,1389.9,1388.0,1389.8,45155
1769760900,1389.9,1391.9,1389.3,1390.4,106053
1769761200,1390.3,1394.6,1390.3,1393.7,81971
1769761500,1394.0,1396.6,1393.8,1396.3,107409
1769761800,1396.0,1396.9,1394.8,1396.0,83507
1769762100,1396.0,1397.0,1395.5,1396.9,81455
1769762400,1396.8,1397.7,1395.0,1396.0,143269
1769762700,1396.0,1396.7,1395.5,1396.6,67011
1769763000,1396.1,1396.7,1394.1,1394.7,121611
1769763300,1394.5,1394.7,1393.1,1394.3,49406
1769763600,1393.8,1395.2,1393.3,1393.8,130606
1769763900,1393.9,1394.2,1393.5,1393.9,44924
1769764200,1393.8,1394.1,1389.3,1390.3,85125
1769764500,1390.0,1391.9,1389.0,1391.4,135597
1769764800,1391.3,1391.9,1391.0,1391.1,77669
1769765100,1391.0,1392.7,1390.3,1392.2,86532
1769765400,1392.2,1392.8,1390.6,1392.7,772805
1769765700,1392.5,1395.2,1392.5,1395.0,692414
1769766000,1395.0,1396.6,1394.9,1396.0,676303
1769766300,1396.0,1397.8,1395.5,1396.9,689406
1769766600,1396.8,1397.5,1395.6,1397.3,921391
1769766900,1397.1,1398.0,1395.5,1397.0,611209
1769917500,1396.0,1399.0,1388.0,1395.0,122854
1769917800,1396.0,1399.9,1395.3,1399.9,91302
1769918100,1399.9,1401.9,1398.8,1401.5,104316
1769918400,1401.2,1402.7,1399.0,1400.0,46625
1769918700,1400.4,1401.2,1400.0,1400.3,29369
1769919000,1400.7,1403.0,1400.1,1403.0,29351
1769919300,1403.0,1405.0,1400.6,1401.5,50031
1769919600,1401.6,1402.3,1396.0,1401.6,123199
1769919900,1401.6,1402.7,1401.3,1401.9,28205
1769920200,1401.5,1402.6,1400.6,1400.7,37607
1769920500,1401.3,1403.8,1400.0,1403.8,46131
1769920800,1403.7,1406.0,1403.2,1404.8,85442
1769921100,1404.8,1405.6,1402.0,1403.4,35770
1769921400,1403.3,1405.5,1403.3,1405.2,32187
1769921700,1405.2,1405.2,1403.5,1404.0,25476
1769922000,1404.4,1406.0,1403.3,1405.9,64618
1769922300,1405.9,1407.2,1404.1,1404.7,70655
1769922600,1404.7,1404.9,1402.0,1403.1,23288
1769922900,1403.2,1403.4,1402.0,1403.3,33604
1769923200,1403.3,1405.2,1403.1,1405.0,35427
1769923500,1405.0,1407.0,1404.5,1407.0,58786
1769923800,1407.0,1408.0,1403.5,1404.8,199330
1769924100,1404.8,1410.4,1404.4,1408.4,139016
1769924400,1408.5,1410.0,1404.5,1408.1,421478
1769924700,1408.1,1408.9,1405.5,1405.9,38660
1769925000,1406.2,1407.0,1405.3,1405.9,45237
1769925300,1406.7,1409.5,1406.1,1409.5,38081
1769925600,1409.1,1410.3,1407.0,1408.3,58404
1769925900,1408.3,1410.5,1408.2,1409.0,134988
1769926200,1409.0,1409.3,1400.1,1403.7,251525
1769926500,1403.7,1405.3,1400.3,1404.3,41495
1769926800,1404.3,1409.4,1403.6,1405.4,78544
1769927100,1405.2,1407.6,1403.2,1405.5,34826
1769927400,1405.2,1405.2,1401.7,1404.5,33702
1769927700,1404.5,1409.7,1404.0,1409.7,112924
1769928000,1409.7,1411.0,1397.0,1401.1,289330
1769928300,1401.1,1403.6,1379.5,1381.3,322336
1769928600,1381.5,1387.6,1363.5,1382.3,659928
1769928900,1382.1,1383.6,1366.9,1370.0,224469
1769929200,1369.7,1370.0,1343.0,1365.7,658788
1769929500,1366.0,1381.3,1361.5,1378.7,407010
1769929800,1379.1,1383.8,1372.3,1378.4,218475
1769930100,1377.2,1386.6,1370.3,1373.4,164492
1769930400,1373.8,1380.8,1372.5,1379.1,74322
1769930700,1379.1,1383.0,1375.5,1377.6,103235
1769931000,1377.6,1381.6,1377.5,1378.0,68126
1769931300,1377.8,1379.0,1375.1,1376.5,74033
1769931600,1376.3,1381.5,1374.3,1380.0,89365
1769931900,1380.5,1382.7,1377.3,1379.7,84630
1769932200,1379.7,1381.2,1378.1,1380.0,52989
1769932500,1380.0,1380.3,1375.9,1375.9,43501
1769932800,1375.5,1378.0,1371.8,1377.6,77911
1769933100,1377.6,1377.9,1375.3,1377.0,32407
1769933400,1377.0,1377.6,1374.3,1375.5,48747
1769933700,1375.1,1376.0,1372.2,1372.6,56764
1769934000,1372.8,1373.0,1365.5,1366.8,122691
1769934300,1366.8,1373.2,1366.8,1372.5,62273
1769934600,1372.5,1373.0,1369.6,1370.0,63812
1769934900,1369.5,1371.0,1367.1,1369.2,60415
1769935200,1369.6,1372.0,1368.0,1370.7,40040
1769935500,1370.8,1371.0,1368.6,1369.4,49231
1769935800,1369.6,1371.3,1363.0,1365.1,148547
1769936100,1365.1,1367.7,1365.1,1365.5,69812
1769936400,1365.7,1370.2,1365.1,1369.8,79682
1769936700,1369.9,1372.0,1366.1,1369.3,52393
1769937000,1369.3,1370.0,1366.1,1366.1,26783
1769937300,1366.0,1368.6,1361.0,1361.3,101143
1769937600,1361.2,1363.4,1355.8,1357.9,199162
1769937900,1357.9,1359.7,1353.1,1356.5,177145
1769938200,1356.9,1358.9,1353.1,1357.5,183488
1769938500,1357.5,1358.6,1352.2,1352.8,178730
1769938800,1352.8,1353.7,1349.4,1349.8,314438
1769939100,1349.8,1350.2,1344.6,1344.6,521689
1769939400,1344.4,1345.3,1339.0,1339.7,373062
1769939700,1339.9,1343.0,1335.0,1343.0,320759
1770003900,1340.0,1349.7,1335.5,1349.4,649626
1770004200,1349.3,1363.0,1348.4,1362.1,457965
1770004500,1362.0,1362.9,1355.7,1359.5,398107
1770004800,1359.1,1363.2,1358.4,1360.7,272633
1770005100,1360.7,1362.8,1356.6,1360.7,287737
1770005400,1360.7,1363.8,1359.1,1360.0,198274
1770005700,1360.0,1364.8,1359.4,1364.0,166103
1770006000,1363.8,1368.4,1362.2,1367.8,250342
1770006300,1367.6,1368.7,1364.0,1364.4,241149
1770006600,1364.3,1366.4,1361.6,1363.0,397085
1770006900,1363.2,1363.7,1360.7,1361.5,208612
1770007200,1361.5,1364.6,1360.4,1363.3,145594
1770007500,1363.2,1363.6,1360.6,1362.4,138990
1770007800,1362.1,1363.2,1360.5,1362.0,156509
1770008100,1361.9,1365.0,1361.0,1362.3,164590
1770008400,1362.3,1365.2,1362.0,1364.5,166240
1770008700,1364.2,1366.0,1364.0,1365.3,151850
1770009000,1365.3,1368.5,1365.0,1365.6,113844
1770009300,1365.6,1368.0,1364.2,1366.3,104891
1770009600,1366.4,1367.2,1364.2,1364.8,97652
1770009900,1364.8,1364.9,1360.7,1361.6,258032
1770010200,1361.4,1362.0,1358.8,1361.3,326263
1770010500,1361.1,1362.1,1359.2,1361.5,372547
1770010800,1361.8,1362.7,1361.0,1361.6,175747
1770011100,1361.6,1362.4,1361.2,1362.2,163488
1770011400,1362.0,1362.7,1360.8,1361.4,200126
1770011700,1361.5,1365.5,1361.0,1364.8,208253
1770012000,1364.6,1371.0,1364.4,1370.7,192006
1770012300,1370.7,1374.7,1367.7,1374.3,255275
1770012600,1374.3,1376.4,1371.6,1375.6,160487
1770012900,1375.6,1377.4,1374.1,1375.0,113416
1770013200,1375.2,1375.8,1371.0,1372.8,128472
1770013500,1372.8,1374.9,1371.3,1374.3,86018
1770013800,1374.3,1375.4,1373.1,1375.3,81453
1770014100,1375.3,1376.4,1374.6,1376.2,99875
1770014400,1376.3,1378.6,1374.7,1378.3,111728
1770014700,1378.3,1379.5,1375.4,1375.5,101710
1770015000,1375.4,1376.0,1374.2,1375.8,64761
1770015300,1375.9,1378.0,1375.0,1375.8,87500
1770015600,1376.0,1376.7,1374.5,1375.1,87796
1770015900,1374.8,1375.0,1372.7,1373.7,82666
1770016200,1373.7,1375.1,1373.0,1373.0,64630
1770016500,1373.2,1377.5,1373.0,1377.0,120513
1770016800,1377.4,1377.4,1374.8,1376.6,104712
1770017100,1376.6,1379.8,1375.6,1379.2,237687
1770017400,1379.4,1383.1,1379.0,1383.0,286056
1770017700,1382.8,1384.0,1381.5,1383.4,273038
1770018000,1383.2,1383.4,1380.0,1380.2,171832
1770018300,1380.8,1381.4,1377.3,1378.1,244896
1770018600,1378.8,1379.1,1375.3,1377.5,201043
1770018900,1377.8,1380.0,1377.2,1378.4,102628
1770019200,1378.6,1378.8,1374.7,1376.7,94939
1770019500,1376.9,1378.7,1376.3,1378.0,52973
1770019800,1378.0,1382.0,1378.0,1381.2,90173
1770020100,1381.2,1381.5,1378.3,1379.2,79824
1770020400,1379.2,1382.7,1378.1,1381.0,131274
1770020700,1381.3,1382.0,1379.6,1379.8,92732
1770021000,1379.8,1380.9,1378.1,1380.0,89752
1770021300,1379.9,1380.5,1378.9,1379.6,50543
1770021600,1379.5,1379.9,1378.1,1379.2,62232
1770021900,1379.4,1380.4,1376.8,1377.4,75516
1770022200,1377.4,1380.4,1377.0,1379.6,80696
1770022500,1379.5,1382.3,1379.0,1381.0,70203
1770022800,1381.0,1383.7,1380.8,1381.8,149858
1770023100,1381.9,1383.5,1381.1,1383.0,265336
1770023400,1383.0,1384.7,1382.4,1384.2,175654
1770023700,1384.1,1387.6,1383.7,1387.2,195205
1770024000,1387.0,1389.3,1386.1,1387.4,323573
1770024300,1387.4,1387.9,1383.6,1387.4,244696
1770024600,1387.5,1392.4,1387.4,1391.1,681487
1770024900,1391.4,1392.9,1389.6,1390.4,635244
1770025200,1390.1,1392.0,1389.8,1391.0,495594
1770025500,1391.1,1391.9,1389.9,1390.4,537069
1770025800,1390.3,1390.4,1388.2,1388.5,547094
1770026100,1388.6,1390.0,1386.9,1388.0,417413
1770090300,1473.9,1489.5,1436.9,1447.1,5206907
1770090600,1447.0,1447.8,1440.2,1444.2,1797207
1770090900,1444.3,1445.9,1441.5,1445.2,1025663
1770091200,1445.2,1446.0,1442.0,1442.6,471880
1770091500,1442.5,1443.5,1440.0,1441.1,523599
1770091800,1440.8,1442.0,1435.0,1436.0,360065
1770092100,1436.2,1445.7,1435.6,1445.7,621582
1770092400,1445.3,1447.6,1444.5,1445.0,251621
1770092700,1445.0,1446.2,1441.6,1442.8,468142
1770093000,1443.0,1445.5,1442.8,1443.9,197378
1770093300,1443.6,1443.9,1440.0,1443.3,327057
1770093600,1442.7,1443.9,1441.0,1443.9,176383
1770093900,1443.9,1447.8,1443.7,1446.5,201292
1770094200,1446.9,1451.5,1445.7,1450.6,275195
1770094500,1450.8,1455.9,1450.5,1451.0,367623
1770094800,1451.3,1452.6,1450.4,1451.0,150482
1770095100,1451.0,1451.8,1450.0,1450.8,106466
1770095400,1450.7,1452.9,1450.3,1452.9,123548
1770095700,1452.5,1453.8,1445.9,1447.4,126325
1770096000,1447.4,1448.3,1445.2,1446.4,87529
1770096300,1446.1,1449.2,1445.2,1447.0,117416
1770096600,1447.3,1451.0,1447.0,1450.5,125193
1770096900,1450.5,1451.0,1446.9,1447.6,307074
1770097200,1447.5,1447.8,1444.7,1447.2,220190
1770097500,1447.2,1449.9,1445.6,1447.6,150319
1770097800,1447.8,1449.2,1447.2,1448.0,78335
1770098100,1448.2,1449.9,1447.3,1449.5,75478
1770098400,1449.5,1454.0,1448.5,1453.7,165813
1770098700,1453.6,1454.5,1450.6,1452.6,211482
1770099000,1452.4,1454.0,1450.1,1450.5,147989
1770099300,1450.5,1451.0,1448.3,1448.7,69515
1770099600,1448.7,1448.8,1446.9,1448.2,56628
1770099900,1448.2,1448.9,1447.6,1448.0,47906
1770100200,1448.3,1448.4,1444.2,1444.9,90770
1770100500,1444.9,1446.0,1443.2,1445.4,124147
1770100800,1445.7,1447.3,1445.0,1446.4,60172
1770101100,1446.1,1446.5,1444.2,1445.3,146577
1770101400,1445.5,1446.0,1444.8,1445.3,58783
1770101700,1445.0,1445.1,1442.0,1442.8,94958
1770102000,1442.7,1444.9,1442.2,1442.8,81908
1770102300,1442.8,1443.6,1441.0,1442.0,444290
1770102600,1442.0,1443.9,1441.8,1443.2,253335
1770102900,1443.1,1444.8,1442.7,1444.1,73015
1770103200,1444.1,1445.7,1443.0,1444.7,181637
1770103500,1444.3,1445.7,1444.0,1445.7,303608
1770103800,1445.6,1446.3,1444.3,1444.7,137195
1770104100,1444.3,1445.7,1443.6,1444.1,179199
1770104400,1444.0,1444.8,1442.4,1442.8,63950
1770104700,1442.8,1445.0,1442.6,1444.0,70888
1770105000,1444.0,1444.7,1442.9,1444.1,124019
1770105300,1443.7,1444.1,1440.4,1440.8,113654
1770105600,1440.8,1441.9,1440.2,1440.3,134915
1770105900,1440.2,1442.2,1438.4,1441.9,230070
1770106200,1441.9,1445.3,1441.2,1445.0,221261
1770106500,1445.1,1445.8,1444.9,1445.4,86864
1770106800,1445.3,1445.6,1444.2,1445.6,124963
1770107100,1445.5,1445.8,1443.6,1444.0,71537
1770107400,1443.9,1444.4,1442.7,1443.5,101400
1770107700,1443.5,1444.5,1442.6,1443.2,253971
1770108000,1443.3,1443.9,1441.8,1442.6,68415
1770108300,1442.0,1443.4,1441.2,1443.3,62314
1770108600,1443.0,1444.7,1443.0,1443.4,109184
1770108900,1443.4,1443.9,1443.0,1443.7,192973
1770109200,1443.7,1445.0,1441.5,1443.0,110760
1770109500,1443.0,1443.7,1442.5,1443.5,69061
1770109800,1443.3,1443.6,1441.7,1442.1,187725
1770110100,1442.2,1442.5,1441.2,1441.9,64628
1770110400,1441.9,1442.0,1441.5,1442.0,56698
1770110700,1442.0,1443.8,1441.3,1443.1,115118
1770111000,1443.1,1443.1,1435.7,1436.4,483070
1770111300,1436.4,1436.6,1430.2,1434.6,983727
1770111600,1434.5,1439.5,1432.2,1434.5,1198118
1770111900,1434.9,1441.5,1433.6,1440.0,1502906
1770112200,1440.0,1440.3,1435.8,1436.5,466713
1770112500,1436.6,1440.0,1435.4,1438.0,329306
1770176700,1444.0,1454.0,1440.3,1450.7,485037
1770177000,1450.7,1457.4,1450.7,1455.9,293985
1770177300,1456.5,1459.0,1455.3,1458.5,215947
1770177600,1458.4,1461.7,1457.5,1460.0,277163
1770177900,1459.7,1460.0,1456.2,1456.2,107834
1770178200,1456.2,1459.1,1456.0,1458.4,93918
1770178500,1458.3,1458.7,1456.6,1457.3,66347
1770178800,1457.3,1458.4,1453.1,1454.5,92296
1770179100,1454.7,1459.0,1454.4,1458.5,64701
1770179400,1458.5,1462.0,1458.5,1462.0,180874
1770179700,1462.0,1464.0,1460.1,1463.0,200464
1770180000,1462.7,1463.5,1457.9,1459.1,108040
1770180300,1459.1,1460.0,1458.0,1458.0,79154
1770180600,1458.1,1458.9,1455.7,1457.2,80192
1770180900,1457.2,1459.0,1456.1,1456.6,106090
1770181200,1457.1,1459.4,1454.7,1456.0,131103
1770181500,1455.9,1457.0,1454.0,1456.0,57583
1770181800,1455.8,1456.7,1455.0,1455.9,41016
1770182100,1455.7,1458.0,1455.7,1456.8,105791
1770182400,1456.6,1457.1,1454.8,1454.9,109448
1770182700,1454.9,1455.2,1454.3,1455.0,60012
1770183000,1455.0,1456.3,1453.3,1454.7,83187
1770183300,1454.6,1455.2,1453.4,1454.2,34307
1770183600,1454.3,1454.4,1451.5,1452.6,77516
1770183900,1452.6,1452.7,1451.4,1451.5,44081
1770184200,1451.6,1452.1,1450.1,1450.6,59171
1770184500,1450.6,1450.9,1448.7,1450.3,94424
1770184800,1450.3,1452.0,1449.1,1451.3,93808
1770185100,1451.8,1451.8,1450.1,1450.1,34295
1770185400,1450.1,1453.2,1450.0,1453.0,67910
1770185700,1453.1,1454.8,1451.7,1452.2,60635
1770186000,1452.1,1453.1,1451.2,1453.0,85942
1770186300,1453.0,1454.9,1452.3,1454.4,41704
1770186600,1454.7,1455.0,1452.4,1453.2,46018
1770186900,1453.2,1454.0,1452.7,1453.6,64323
1770187200,1453.6,1453.8,1452.2,1452.6,85535
1770187500,1452.5,1453.3,1451.3,1451.7,33381
1770187800,1451.9,1452.6,1451.1,1451.3,47292
1770188100,1451.5,1453.7,1451.2,1453.0,56488
1770188400,1452.5,1453.3,1451.3,1452.0,82229
1770188700,1451.9,1454.4,1451.6,1454.2,67999
1770189000,1454.2,1461.5,1453.9,1456.2,337766
1770189300,1456.2,1456.8,1454.3,1455.6,63239
1770189600,1455.5,1455.7,1453.3,1453.8,73796
1770189900,1453.8,1454.5,1453.1,1453.6,55691
1770190200,1453.6,1454.0,1452.5,1453.3,78745
1770190500,1453.4,1455.5,1453.1,1454.6,73925
1770190800,1454.6,1455.3,1453.6,1454.9,96238
1770191100,1454.5,1455.9,1454.1,1454.7,54305
1770191400,1454.5,1455.9,1453.8,1455.6,93735
1770191700,1456.0,1457.0,1455.6,1456.8,45184
1770192000,1456.5,1457.0,1454.5,1455.3,53267
1770192300,1455.3,1456.0,1454.4,1456.0,41276
1770192600,1455.9,1456.0,1454.9,1455.3,64310
1770192900,1455.3,1455.6,1454.7,1455.0,49115
1770193200,1454.9,1457.8,1454.7,1457.7,84240
1770193500,1457.6,1458.8,1455.5,1455.6,53307
1770193800,1455.7,1455.9,1454.3,1455.2,36456
1770194100,1455.2,1455.8,1455.1,1455.7,31710
1770194400,1455.7,1457.0,1455.5,1456.2,45959
1770194700,1456.1,1456.7,1455.9,1456.7,37800
1770195000,1456.7,1456.8,1454.5,1455.0,49164
1770195300,1454.8,1455.4,1453.2,1454.5,89513
1770195600,1454.5,1454.7,1453.0,1453.4,43250
1770195900,1453.2,1454.5,1453.1,1454.1,42870
1770196200,1454.1,1454.1,1452.3,1453.0,57217
1770196500,1452.9,1453.0,1450.1,1451.0,104113
1770196800,1451.0,1452.4,1450.9,1451.5,51682
1770197100,1451.6,1452.0,1450.6,1450.9,57522
1770197400,1450.8,1461.2,1450.8,1456.4,767518
1770197700,1456.4,1457.5,1455.7,1456.2,265773
1770198000,1456.4,1457.2,1456.0,1456.7,246701
1770198300,1456.6,1457.2,1456.2,1456.4,248923
1770198600,1456.6,1457.0,1455.5,1456.0,313762
1770198900,1456.0,1456.8,1454.1,1455.4,209981
1770263100,1457.0,1461.5,1451.7,1453.3,446104
1770263400,1453.3,1455.1,1450.0,1450.2,220712
1770263700,1450.2,1450.2,1445.5,1447.1,228568
1770264000,1447.4,1451.6,1447.4,1448.1,133516
1770264300,1448.1,1449.5,1447.0,1449.0,139955
1770264600,1449.0,1449.4,1446.4,1446.6,129434
1770264900,1446.8,1447.1,1445.5,1446.7,130088
1770265200,1447.4,1447.5,1442.3,1443.3,155033
1770265500,1443.3,1444.4,1442.0,1443.2,119118
1770265800,1443.2,1445.5,1443.0,1444.7,87916
1770266100,1444.8,1446.2,1444.1,1445.2,94449
1770266400,1445.2,1448.5,1445.1,1447.5,65546
1770266700,1447.6,1448.9,1447.0,1448.8,61364
1770267000,1449.0,1450.9,1447.6,1450.1,135046
1770267300,1450.0,1450.2,1448.5,1448.7,69526
1770267600,1448.3,1448.9,1445.6,1445.7,182297
1770267900,1445.9,1446.5,1443.6,1443.6,111005
1770268200,1444.0,1449.5,1443.5,1448.0,150518
1770268500,1448.0,1449.6,1447.5,1448.5,98233
1770268800,1448.5,1451.8,1447.5,1447.5,134514
1770269100,1447.7,1447.7,1445.6,1445.7,88747
1770269400,1445.7,1448.8,1445.0,1447.6,99526
1770269700,1447.5,1450.0,1447.4,1448.6,107044
1770270000,1448.9,1449.4,1447.7,1448.9,61282
1770270300,1448.9,1449.5,1445.7,1445.7,137888
1770270600,1445.8,1446.5,1445.0,1445.0,55873
1770270900,1445.1,1446.0,1444.7,1445.7,117059
1770271200,1445.7,1447.3,1445.0,1445.3,49520
1770271500,1445.3,1446.9,1444.6,1446.8,90170
1770271800,1446.9,1448.8,1446.1,1447.6,45834
1770272100,1447.9,1447.9,1445.0,1445.1,48563
1770272400,1445.1,1445.2,1444.5,1444.8,79054
1770272700,1445.0,1446.5,1444.8,1445.9,47336
1770273000,1446.0,1446.8,1445.0,1446.0,84502
1770273300,1446.0,1446.3,1444.5,1445.5,55676
1770273600,1445.6,1445.7,1444.1,1444.3,50233
1770273900,1444.5,1444.6,1443.5,1443.6,71043
1770274200,1443.9,1444.0,1443.0,1443.9,105636
1770274500,1443.8,1445.3,1443.8,1444.9,164212
1770274800,1444.6,1446.0,1443.0,1443.9,146884
1770275100,1443.7,1444.4,1443.0,1443.2,40170
1770275400,1443.0,1443.2,1442.3,1442.3,43797
1770275700,1442.4,1443.2,1442.3,1443.0,50612
1770276000,1443.0,1444.4,1442.5,1442.9,154827
1770276300,1443.1,1445.5,1441.6,1444.9,191411
1770276600,1444.9,1444.9,1443.5,1443.8,93763
1770276900,1443.9,1444.0,1442.6,1443.3,54868
1770277200,1443.5,1444.0,1443.0,1443.9,32794
1770277500,1443.5,1444.0,1443.0,1443.7,26668
1770277800,1443.6,1444.4,1442.9,1443.0,69209
1770278100,1443.0,1443.0,1440.5,1440.9,97573
1770278400,1441.1,1442.7,1440.6,1442.2,232202
1770278700,1442.3,1443.8,1441.3,1442.8,307156
1770279000,1442.9,1443.0,1441.5,1441.6,45618
1770279300,1441.6,1442.6,1441.3,1442.0,51594
1770279600,1442.0,1443.4,1441.3,1441.8,152482
1770279900,1441.9,1443.6,1441.1,1443.4,223501
1770280200,1443.6,1444.8,1441.7,1442.7,293810
1770280500,1442.7,1442.7,1440.5,1440.8,149075
1770280800,1440.7,1441.5,1439.5,1441.0,211577
1770281100,1440.9,1441.5,1440.6,1441.4,86700
1770281400,1441.4,1442.2,1441.1,1441.3,98283
1770281700,1441.3,1442.4,1441.0,1442.0,88703
1770282000,1442.0,1443.4,1441.9,1443.2,68579
1770282300,1443.2,1444.1,1442.7,1442.9,270065
1770282600,1442.9,1444.0,1442.6,1443.5,93570
1770282900,1443.6,1443.9,1442.5,1442.7,105000
1770283200,1442.6,1443.0,1442.3,1442.6,93362
1770283500,1442.7,1443.7,1442.6,1443.6,125947
1770283800,1443.7,1447.6,1442.6,1446.9,637893
1770284100,1446.7,1447.4,1440.8,1443.6,865659
1770284400,1443.6,1444.6,1440.9,1444.5,743372
1770284700,1444.5,1444.9,1441.3,1442.6,538630
1770285000,1442.3,1443.6,1440.2,1443.3,527913
1770285300,1443.1,1443.6,1440.2,1441.9,248426
1770349500,1441.5,1445.0,1433.5,1442.8,229499
1770349800,1443.2,1444.8,1442.4,1443.1,78627
1770350100,1443.2,1443.9,1441.4,1443.0,40892
1770350400,1443.2,1443.2,1438.0,1438.0,92085
1770350700,1438.2,1439.1,1437.1,1438.8,64566
1770351000,1438.4,1440.2,1437.0,1437.1,66603
1770351300,1437.5,1440.4,1437.3,1440.4,102973
1770351600,1440.0,1441.4,1439.5,1441.1,56881
1770351900,1441.3,1442.0,1439.9,1441.7,32845
1770352200,1442.0,1442.8,1439.9,1441.0,71237
1770352500,1441.0,1441.0,1439.5,1439.6,36664
1770352800,1439.8,1439.9,1437.4,1437.5,37684
1770353100,1437.9,1440.4,1437.5,1439.5,122502
1770353400,1439.4,1440.4,1439.3,1439.7,30198
1770353700,1439.7,1440.8,1438.4,1440.0,57009
1770354000,1440.3,1444.4,1439.8,1443.5,121192
1770354300,1443.4,1448.1,1443.2,1447.7,99700
1770354600,1447.7,1448.1,1446.0,1446.3,59628
1770354900,1446.5,1448.5,1446.0,1448.1,69269
1770355200,1447.9,1448.1,1446.0,1446.3,55383
1770355500,1446.4,1446.9,1445.4,1446.7,38936
1770355800,1446.6,1448.4,1446.0,1448.4,55464
1770356100,1448.0,1449.0,1446.2,1446.8,55049
1770356400,1446.8,1448.0,1446.3,1448.0,39115
1770356700,1448.0,1448.0,1445.4,1446.9,69236
1770357000,1446.9,1448.5,1446.6,1448.3,44584
1770357300,1448.1,1448.4,1446.5,1447.2,39087
1770357600,1447.4,1447.4,1445.5,1446.6,25887
1770357900,1446.4,1447.1,1444.3,1444.8,61343
1770358200,1444.6,1445.1,1443.6,1445.0,48443
1770358500,1445.0,1445.1,1444.4,1444.6,26540
1770358800,1444.5,1444.6,1443.0,1443.7,24624
1770359100,1443.6,1443.7,1442.3,1442.9,27398
1770359400,1443.0,1444.2,1442.3,1442.6,40557
1770359700,1442.9,1443.2,1441.7,1442.7,50367
1770360000,1442.4,1443.3,1442.0,1443.1,26356
1770360300,1443.3,1443.4,1442.1,1443.1,26753
1770360600,1443.0,1443.2,1441.3,1441.4,25520
1770360900,1441.4,1442.2,1440.6,1441.5,38043
1770361200,1441.4,1442.0,1439.2,1439.5,130246
1770361500,1439.5,1439.8,1437.6,1437.8,63863
1770361800,1437.8,1439.0,1436.4,1436.7,279782
1770362100,1436.4,1437.9,1435.0,1435.8,269054
1770362400,1435.8,1436.9,1434.7,1435.0,295788
1770362700,1435.0,1438.9,1434.9,1438.5,318581
1770363000,1438.3,1441.0,1436.8,1441.0,407565
1770363300,1440.6,1443.0,1439.3,1440.5,406983
1770363600,1440.3,1441.2,1439.0,1440.5,135077
1770363900,1440.7,1441.5,1440.4,1441.0,28442
1770364200,1441.3,1441.3,1440.1,1440.6,22773
1770364500,1440.6,1441.0,1439.5,1440.7,34630
1770364800,1440.5,1441.1,1438.9,1439.7,100882
1770365100,1439.7,1442.7,1439.7,1442.1,118183
1770365400,1441.8,1443.3,1440.1,1440.7,345318
1770365700,1440.3,1440.7,1438.4,1440.4,291301
1770366000,1440.3,1443.0,1440.1,1442.7,191990
1770366300,1442.7,1443.7,1441.4,1443.5,84033
1770366600,1443.3,1444.5,1443.1,1443.3,34108
1770366900,1443.2,1443.9,1443.1,1443.2,25496
1770367200,1443.1,1443.2,1442.0,1442.0,25236
1770367500,1442.0,1442.7,1440.4,1442.1,308603
1770367800,1442.1,1443.0,1440.2,1440.5,33112
1770368100,1440.2,1442.8,1440.0,1442.2,49746
1770368400,1442.3,1443.9,1441.8,1443.7,48264
1770368700,1443.7,1444.8,1443.1,1443.7,65420
1770369000,1443.8,1446.7,1443.8,1446.5,86899
1770369300,1446.4,1447.6,1445.0,1445.0,62891
1770369600,1445.3,1446.6,1445.0,1446.3,57281
1770369900,1446.3,1451.3,1446.2,1450.1,290085
1770370200,1450.3,1451.6,1448.8,1449.8,285284
1770370500,1449.6,1450.8,1448.6,1449.1,225271
1770370800,1449.0,1450.7,1449.0,1450.4,172962
1770371100,1450.2,1452.6,1450.1,1452.0,224672
1770371400,1452.0,1452.0,1451.2,1451.9,227073
1770371700,1452.1,1452.8,1447.7,1450.0,200465
1770608700,1458.0,1464.9,1453.0,1461.6,379975
1770609000,1461.8,1463.8,1460.0,1462.0,144057
1770609300,1461.9,1463.3,1461.0,1461.9,121958
1770609600,1461.8,1462.8,1459.5,1461.0,67895
1770609900,1460.6,1461.2,1459.5,1459.5,71989
1770610200,1459.7,1463.3,1458.7,1459.0,205575
1770610500,1458.4,1460.0,1458.4,1459.8,58190
1770610800,1459.8,1460.4,1458.1,1458.6,51035
1770611100,1458.5,1460.0,1458.4,1459.4,31271
1770611400,1459.3,1460.0,1459.2,1459.7,21289
1770611700,1459.7,1459.8,1457.5,1458.0,47736
1770612000,1458.3,1458.7,1457.7,1458.7,40749
1770612300,1458.7,1460.0,1458.5,1459.8,31995
1770612600,1460.0,1462.0,1459.8,1461.8,184757
1770612900,1461.9,1462.7,1461.4,1462.5,82016
1770613200,1462.7,1464.0,1461.7,1463.8,69703
1770613500,1463.5,1464.8,1462.7,1463.9,116113
1770613800,1464.0,1464.5,1463.0,1464.1,58274
1770614100,1464.0,1465.9,1463.3,1463.9,149093
1770614400,1464.0,1464.5,1463.3,1464.5,40623
1770614700,1464.5,1464.9,1464.0,1464.4,32874
1770615000,1464.4,1464.5,1463.2,1463.3,45103
1770615300,1463.6,1464.5,1463.1,1463.7,49799
1770615600,1463.7,1464.6,1463.6,1464.0,37744
1770615900,1464.0,1464.2,1463.9,1464.2,23375
1770616200,1464.2,1465.0,1464.1,1465.0,47108
1770616500,1465.0,1465.0,1463.0,1463.3,60954
1770616800,1463.3,1463.3,1460.8,1461.5,60296
1770617100,1461.1,1461.9,1460.9,1461.6,59034
1770617400,1461.6,1463.8,1461.5,1462.5,68836
1770617700,1462.6,1462.8,1461.2,1462.7,37754
1770618000,1462.7,1462.7,1461.3,1461.5,42740
1770618300,1461.5,1462.5,1461.4,1462.5,29992
1770618600,1462.5,1463.0,1462.3,1462.4,30461
1770618900,1462.4,1462.6,1462.0,1462.6,25054
1770619200,1462.5,1463.0,1461.7,1462.5,25350
1770619500,1462.3,1463.5,1462.1,1463.4,42290
1770619800,1463.4,1464.2,1463.1,1464.0,25957
1770620100,1464.0,1464.3,1463.9,1463.9,22860
1770620400,1464.0,1464.0,1462.7,1463.2,31575
1770620700,1463.2,1464.0,1462.7,1462.9,58500
1770621000,1463.1,1463.5,1462.8,1463.4,25702
1770621300,1463.4,1464.0,1463.2,1463.8,32686
1770621600,1463.8,1463.9,1462.0,1462.4,83491
1770621900,1462.6,1464.0,1462.4,1464.0,47005
1770622200,1464.0,1464.8,1463.9,1464.7,35927
1770622500,1464.8,1465.5,1464.4,1465.1,89006
1770622800,1465.1,1465.9,1463.4,1463.6,54194
1770623100,1463.7,1464.6,1463.6,1464.3,27651
1770623400,1464.4,1464.4,1463.1,1463.4,49781
1770623700,1463.3,1464.3,1463.0,1463.2,71343
1770624000,1463.2,1463.6,1462.5,1463.6,38256
1770624300,1463.6,1464.0,1463.5,1463.9,27629
1770624600,1464.0,1464.4,1463.2,1464.4,49839
1770624900,1464.5,1465.0,1464.0,1464.5,54878
1770625200,1464.4,1464.5,1462.1,1462.1,136691
1770625500,1462.1,1465.4,1462.1,1463.0,125370
1770625800,1463.0,1463.9,1462.3,1462.7,102450
1770626100,1462.4,1462.9,1462.1,1462.7,52683
1770626400,1462.8,1464.4,1462.6,1464.2,71044
1770626700,1464.2,1465.1,1463.9,1464.9,84773
1770627000,1465.0,1465.4,1464.7,1465.1,54580
1770627300,1465.1,1465.6,1462.8,1463.2,67202
1770627600,1463.3,1463.3,1461.5,1461.6,73498
1770627900,1461.5,1462.5,1461.5,1461.7,62385
1770628200,1461.7,1461.7,1461.3,1461.6,43356
1770628500,1461.6,1461.7,1460.4,1461.2,66967
1770628800,1461.2,1461.7,1460.3,1460.8,70634
1770629100,1460.9,1461.9,1460.8,1461.3,54872
1770629400,1461.4,1461.6,1461.3,1461.3,142130
1770629700,1461.4,1461.7,1461.3,1461.6,190518
1770630000,1461.7,1461.9,1461.3,1461.7,233954
1770630300,1461.7,1462.5,1461.5,1462.5,189429
1770630600,1462.5,1462.5,1461.2,1461.3,207940
1770630900,1461.3,1462.0,1460.9,1461.2,182638
1770695100,1471.0,1471.0,1463.6,1465.8,260319
1770695400,1465.8,1466.4,1464.5,1464.8,84006
1770695700,1465.1,1467.6,1464.5,1467.4,64065
1770696000,1467.4,1468.5,1466.4,1468.5,62372
1770696300,1468.8,1469.0,1467.4,1467.7,82874
1770696600,1467.7,1468.5,1465.8,1466.2,38499
1770696900,1466.2,1466.5,1464.2,1464.2,53026
1770697200,1464.5,1465.0,1464.0,1464.9,36310
1770697500,1464.9,1467.0,1464.1,1466.6,51815
1770697800,1467.0,1467.2,1465.2,1465.2,32412
1770698100,1465.6,1465.6,1464.0,1464.3,36392
1770698400,1464.3,1464.4,1462.7,1463.4,32415
1770698700,1463.4,1464.4,1463.1,1464.0,33235
1770699000,1463.9,1463.9,1463.1,1463.1,21932
1770699300,1463.4,1463.9,1462.6,1463.5,30254
1770699600,1463.5,1465.0,1463.3,1464.6,29049
1770699900,1464.6,1464.8,1463.9,1464.1,26356
1770700200,1464.1,1464.9,1463.9,1464.5,51487
1770700500,1464.0,1465.8,1463.5,1465.4,48291
1770700800,1465.4,1466.0,1464.5,1465.2,36142
1770701100,1465.3,1465.8,1464.2,1465.3,56676
1770701400,1465.3,1465.7,1464.4,1465.1,48352
1770701700,1465.1,1465.1,1463.8,1464.6,26713
1770702000,1464.4,1466.1,1464.3,1465.6,36463
1770702300,1465.6,1466.4,1465.3,1465.3,33426
1770702600,1465.8,1465.8,1463.1,1463.6,85667
1770702900,1463.2,1464.0,1461.6,1462.7,87106
1770703200,1462.9,1463.7,1462.1,1462.6,23849
1770703500,1462.6,1464.8,1461.7,1463.4,214419
1770703800,1463.4,1463.6,1462.0,1462.0,17058
1770704100,1462.3,1462.3,1460.4,1461.2,41108
1770704400,1461.1,1461.8,1460.1,1461.8,44576
1770704700,1461.7,1461.7,1460.2,1461.0,24154
1770705000,1461.0,1461.1,1460.2,1460.8,16101
1770705300,1460.5,1460.8,1458.8,1458.9,53217
1770705600,1459.2,1459.8,1458.2,1459.8,51637
1770705900,1459.9,1459.9,1458.1,1458.2,31658
1770706200,1458.2,1459.2,1457.1,1458.0,121788
1770706500,1458.0,1458.0,1456.0,1456.5,49103
1770706800,1456.8,1457.0,1456.0,1456.5,55987
1770707100,1456.2,1456.5,1455.5,1456.5,77622
1770707400,1456.3,1457.5,1455.9,1457.5,29458
1770707700,1457.5,1460.9,1457.5,1460.3,95311
1770708000,1460.3,1460.3,1458.5,1458.6,42770
1770708300,1458.5,1459.8,1457.5,1457.5,301384
1770708600,1457.7,1457.8,1455.7,1457.2,304807
1770708900,1457.2,1459.5,1456.7,1459.0,304272
1770709200,1459.0,1460.4,1457.6,1460.2,227874
1770709500,1460.2,1461.3,1456.6,1456.7,189495
1770709800,1456.7,1457.2,1455.1,1455.3,61877
1770710100,1455.4,1457.2,1455.3,1455.7,70337
1770710400,1455.1,1455.7,1453.7,1454.9,87691
1770710700,1454.8,1455.1,1454.0,1454.8,35512
1770711000,1454.8,1454.8,1453.1,1454.0,50939
1770711300,1454.2,1454.5,1453.5,1454.5,29981
1770711600,1454.4,1456.0,1454.2,1455.8,33342
1770711900,1456.0,1456.0,1454.0,1454.2,135112
1770712200,1454.2,1454.2,1452.2,1453.4,164486
1770712500,1453.2,1454.9,1452.6,1454.5,183048
1770712800,1454.5,1454.9,1453.0,1454.9,37604
1770713100,1454.8,1456.0,1454.1,1455.9,166378
1770713400,1455.8,1456.3,1455.1,1455.6,47048
1770713700,1455.6,1455.8,1454.6,1454.8,51742
1770714000,1454.9,1456.0,1454.7,1456.0,47290
1770714300,1455.9,1456.5,1455.0,1456.1,55975
1770714600,1456.2,1456.9,1455.6,1455.8,157785
1770714900,1455.8,1458.0,1455.8,1457.3,71020
1770715200,1457.4,1457.9,1457.3,1457.9,51658
1770715500,1457.8,1458.0,1457.5,1457.8,43633
1770715800,1457.8,1463.3,1457.8,1461.2,1118016
1770716100,1461.0,1462.6,1455.7,1461.0,1512286
1770716400,1461.5,1462.4,1456.5,1456.7,726185
1770716700,1456.7,1457.9,1454.2,1455.7,476550
1770717000,1455.6,1456.5,1455.0,1455.3,538752
1770717300,1455.3,1459.1,1455.1,1456.2,414767
1770781500,1459.6,1464.7,1453.6,1462.8,280371
1770781800,1462.8,1463.5,1461.0,1461.4,89002
1770782100,1461.4,1462.9,1461.3,1462.0,82211
1770782400,1462.0,1462.4,1460.0,1460.6,78384
1770782700,1460.5,1461.7,1459.2,1459.5,91143
1770783000,1459.5,1460.2,1458.8,1460.1,56718
1770783300,1460.1,1460.1,1455.5,1455.5,82124
1770783600,1455.5,1457.6,1455.0,1457.5,58485
1770783900,1457.5,1458.2,1457.2,1457.9,25466
1770784200,1457.8,1457.9,1455.7,1456.9,61183
1770784500,1457.0,1459.7,1456.8,1459.4,24204
1770784800,1459.3,1459.7,1457.9,1458.2,37572
1770785100,1458.2,1461.8,1458.0,1461.5,45763
1770785400,1461.6,1462.8,1461.5,1462.7,45604
1770785700,1462.5,1463.3,1462.1,1463.2,67928
1770786000,1463.1,1465.5,1462.5,1463.5,141986
1770786300,1463.5,1464.9,1463.3,1464.8,70259
1770786600,1464.9,1464.9,1463.7,1463.9,50191
1770786900,1463.7,1464.9,1463.5,1463.8,50342
1770787200,1463.9,1464.5,1463.5,1463.6,42788
1770787500,1463.6,1463.6,1462.7,1463.1,39445
1770787800,1463.3,1463.3,1461.7,1462.8,53717
1770788100,1462.8,1463.0,1461.3,1461.4,47793
1770788400,1461.4,1462.6,1461.3,1462.6,28838
1770788700,1462.6,1463.2,1461.8,1462.0,62009
1770789000,1462.0,1462.0,1459.9,1461.2,59869
1770789300,1461.2,1461.5,1460.9,1461.3,32022
1770789600,1461.4,1462.9,1461.1,1462.8,30870
1770789900,1462.8,1463.3,1461.5,1461.6,46671
1770790200,1461.6,1461.6,1460.9,1461.0,37904
1770790500,1461.0,1461.6,1460.5,1461.0,35968
1770790800,1460.9,1461.9,1460.7,1461.7,31788
1770791100,1461.5,1463.0,1461.5,1461.9,59417
1770791400,1461.6,1464.8,1461.6,1464.7,75235
1770791700,1464.7,1465.4,1464.3,1464.7,89580
1770792000,1464.7,1466.6,1464.5,1466.4,106531
1770792300,1466.5,1466.9,1464.6,1465.7,176384
1770792600,1465.4,1466.0,1465.3,1465.7,43990
1770792900,1465.6,1465.8,1465.0,1465.3,50674
1770793200,1465.2,1465.6,1463.6,1464.1,77111
1770793500,1464.1,1465.2,1464.0,1464.6,65665
1770793800,1464.6,1466.0,1464.1,1464.8,148105
1770794100,1464.8,1465.5,1463.5,1465.5,147007
1770794400,1465.5,1466.1,1463.7,1465.4,145810
1770794700,1465.0,1466.6,1464.0,1464.5,168208
1770795000,1464.6,1464.6,1461.1,1462.8,187535
1770795300,1462.5,1464.6,1462.5,1464.2,53768
1770795600,1464.3,1464.9,1464.1,1464.3,31582
1770795900,1464.2,1465.2,1463.3,1463.5,54206
1770796200,1463.5,1464.7,1463.4,1463.7,33943
1770796500,1463.7,1464.9,1463.7,1464.6,33948
1770796800,1464.8,1466.0,1464.5,1465.8,37157
1770797100,1466.0,1467.2,1465.8,1466.5,121355
1770797400,1466.5,1466.7,1465.7,1465.7,71169
1770797700,1465.7,1465.9,1464.2,1464.3,187408
1770798000,1464.3,1465.2,1464.2,1464.7,41789
1770798300,1464.7,1465.0,1464.0,1464.0,45405
1770798600,1464.1,1465.0,1463.4,1464.5,62842
1770798900,1464.6,1465.9,1464.3,1465.8,27502
1770799200,1465.6,1466.9,1465.6,1466.9,45445
1770799500,1466.8,1468.8,1466.8,1467.6,91796
1770799800,1467.5,1467.7,1466.8,1467.2,49658
1770800100,1467.2,1467.8,1466.8,1466.8,53878
1770800400,1466.8,1468.5,1466.5,1468.4,85988
1770800700,1468.3,1468.6,1467.7,1467.9,67546
1770801000,1467.9,1468.6,1466.8,1467.8,115509
1770801300,1467.8,1469.2,1467.0,1467.2,324753
1770801600,1467.1,1467.4,1466.7,1466.9,75926
1770801900,1467.0,1468.0,1466.5,1466.6,54581
1770802200,1466.8,1468.9,1466.7,1468.4,344781
1770802500,1468.4,1469.5,1468.1,1469.0,294183
1770802800,1469.0,1469.1,1468.6,1468.9,228565
1770803100,1468.8,1470.0,1468.5,1469.0,404515
1770803400,1469.0,1469.2,1468.8,1469.1,267484
1770803700,1469.0,1469.9,1468.0,1469.0,219546
1770867900,1470.0,1473.0,1464.5,1465.3,208772
1770868200,1465.3,1467.5,1464.6,1465.2,104034
1770868500,1465.6,1466.9,1465.2,1466.8,69852
1770868800,1466.8,1466.8,1464.6,1465.9,71876
1770869100,1465.8,1465.9,1463.4,1464.4,55475
1770869400,1464.4,1464.8,1463.5,1464.5,30123
1770869700,1464.5,1464.9,1463.1,1464.0,45408
1770870000,1464.4,1465.0,1463.8,1465.0,40740
1770870300,1464.9,1465.4,1464.0,1464.1,31017
1770870600,1464.1,1464.4,1462.7,1463.4,64132
1770870900,1463.1,1463.9,1461.0,1463.6,90563
1770871200,1463.6,1465.0,1463.3,1464.4,44822
1770871500,1464.3,1464.4,1462.6,1464.0,40428
1770871800,1463.9,1465.7,1463.9,1465.5,50046
1770872100,1465.5,1465.5,1464.6,1465.3,45828
1770872400,1465.6,1466.8,1465.5,1466.5,47587
1770872700,1466.3,1466.5,1463.0,1463.6,54723
1770873000,1463.5,1463.8,1463.0,1463.4,35406
1770873300,1463.1,1463.5,1460.6,1461.4,54024
1770873600,1461.5,1462.6,1460.4,1462.1,46390
1770873900,1462.5,1463.2,1462.1,1462.2,38715
1770874200,1462.2,1463.0,1462.1,1462.8,18997
1770874500,1462.9,1463.0,1461.3,1462.4,45823
1770874800,1462.4,1462.4,1461.4,1461.6,25824
1770875100,1461.6,1461.6,1459.2,1459.7,88272
1770875400,1459.6,1459.7,1456.0,1457.5,99857
1770875700,1457.5,1457.8,1456.1,1457.5,51054
1770876000,1457.5,1457.5,1456.4,1456.6,61660
1770876300,1456.6,1457.4,1456.3,1457.1,59531
1770876600,1457.4,1458.7,1456.8,1458.2,87321
1770876900,1458.2,1459.6,1457.7,1458.3,142328
1770877200,1457.8,1458.6,1457.1,1458.3,161289
1770877500,1457.9,1459.9,1457.8,1459.5,165816
1770877800,1459.4,1459.7,1456.6,1457.2,216379
1770878100,1457.3,1457.8,1457.0,1457.0,41694
1770878400,1457.0,1457.7,1456.8,1457.1,36822
1770878700,1457.2,1457.4,1456.4,1457.2,45218
1770879000,1457.1,1457.5,1456.4,1456.7,47494
1770879300,1456.7,1456.8,1456.1,1456.1,29677
1770879600,1456.2,1456.7,1456.0,1456.6,47776
1770879900,1454.9,1455.6,1454.1,1455.0,90915
1770880200,1454.9,1456.0,1453.2,1456.0,113192
1770880500,1456.0,1456.7,1454.4,1455.0,60478
1770880800,1455.0,1455.2,1454.7,1454.9,37593
1770881100,1454.8,1455.4,1454.8,1454.9,38698
1770881400,1455.0,1455.4,1454.7,1455.1,122686
1770881700,1455.1,1455.1,1453.0,1454.4,166892
1770882000,1454.0,1455.4,1453.9,1454.9,230592
1770882300,1455.0,1458.1,1454.7,1455.7,400077
1770882600,1455.7,1457.6,1455.0,1457.0,114856
1770882900,1457.0,1458.8,1455.7,1456.9,196006
1770883200,1456.2,1457.0,1454.4,1456.0,296082
1770883500,1456.0,1457.6,1455.4,1457.5,56753
1770883800,1457.6,1457.7,1454.2,1455.3,173934
1770884100,1455.0,1456.5,1453.6,1453.6,152810
1770884400,1453.5,1455.0,1452.7,1454.1,222092
1770884700,1454.1,1454.4,1452.6,1452.8,91750
1770885000,1452.8,1452.8,1450.2,1451.0,135256
1770885300,1451.1,1451.3,1449.1,1449.9,133941
1770885600,1449.7,1450.6,1449.6,1450.0,64904
1770885900,1449.9,1451.1,1449.7,1450.3,70196
1770886200,1450.2,1452.2,1450.0,1451.2,182062
1770886500,1451.2,1451.8,1450.0,1450.7,115534
1770886800,1450.7,1452.4,1449.9,1451.6,227787
1770887100,1452.0,1452.5,1448.4,1449.3,299262
1770887400,1449.5,1450.9,1449.1,1449.4,82318
1770887700,1449.3,1449.8,1446.1,1446.9,226503
1770888000,1446.9,1448.2,1445.5,1445.7,113622
1770888300,1446.2,1447.7,1445.9,1447.3,91765
1770888600,1447.8,1453.9,1446.1,1450.9,1046788
1770888900,1450.8,1451.7,1445.6,1449.9,1185101
1770889200,1449.9,1450.7,1447.0,1447.7,666819
1770889500,1447.3,1450.2,1445.6,1449.1,620930
1770889800,1449.0,1449.9,1447.2,1447.5,298826
1770890100,1447.2,1449.9,1447.0,1448.7,238852
1770954300,1445.5,1450.7,1438.5,1443.5,330173
1770954600,1443.7,1447.0,1442.7,1446.2,86498
1770954900,1446.2,1447.5,1443.0,1443.0,49426
1770955200,1443.0,1443.5,1440.0,1440.8,70691
1770955500,1441.5,1441.6,1437.6,1438.3,129230
1770955800,1437.9,1440.2,1437.1,1439.8,85469
1770956100,1439.7,1439.8,1435.7,1436.9,75192
1770956400,1437.0,1437.9,1435.0,1436.2,82593
1770956700,1436.2,1436.2,1433.0,1434.0,82171
1770957000,1434.4,1436.5,1434.3,1435.9,50209
1770957300,1436.2,1436.2,1433.0,1433.3,54536
1770957600,1433.4,1433.5,1432.0,1432.3,116280
1770957900,1432.3,1432.3,1430.0,1431.4,88329
1770958200,1431.5,1431.5,1427.5,1427.5,119839
1770958500,1427.8,1430.2,1427.5,1429.9,269556
1770958800,1429.9,1432.9,1429.5,1431.8,82663
1770959100,1431.9,1432.3,1430.9,1431.8,65696
1770959400,1431.8,1431.8,1430.0,1430.2,52715
1770959700,1430.3,1430.6,1428.9,1429.0,29331
1770960000,1429.0,1429.5,1428.0,1428.7,39617
1770960300,1428.7,1430.4,1428.6,1428.7,51474
1770960600,1429.3,1429.3,1426.7,1427.4,86294
1770960900,1427.4,1427.5,1425.2,1425.8,60263
1770961200,1425.8,1427.1,1425.6,1426.9,56558
1770961500,1426.9,1427.0,1424.2,1425.1,71774
1770961800,1425.3,1425.5,1423.5,1423.9,52106
1770962100,1423.8,1424.1,1423.1,1423.5,50916
1770962400,1423.6,1423.6,1420.5,1420.9,66319
1770962700,1420.9,1422.3,1418.6,1419.5,123843
1770963000,1419.5,1420.5,1418.0,1420.1,113206
1770963300,1420.5,1420.6,1419.0,1419.9,65494
1770963600,1420.0,1420.9,1419.9,1420.2,50481
1770963900,1420.2,1423.2,1419.5,1422.9,102403
1770964200,1422.9,1423.9,1422.1,1422.3,49745
1770964500,1422.3,1423.4,1422.0,1422.4,93637
1770964800,1422.4,1422.4,1420.3,1421.6,66523
1770965100,1421.5,1424.0,1420.0,1423.7,193272
1770965400,1423.7,1424.9,1423.0,1424.3,55524
1770965700,1424.0,1425.8,1423.6,1424.6,79369
1770966000,1424.8,1426.4,1422.7,1426.0,102772
1770966300,1425.9,1426.2,1424.9,1426.0,38350
1770966600,1426.1,1426.5,1425.0,1425.9,45370
1770966900,1425.9,1426.8,1423.9,1424.6,67811
1770967200,1424.6,1425.0,1422.3,1423.4,75817
1770967500,1423.3,1423.9,1422.4,1423.4,88482
1770967800,1423.4,1424.4,1422.5,1423.1,44193
1770968100,1423.1,1424.4,1422.5,1424.4,43986
1770968400,1424.4,1425.7,1423.2,1424.8,90617
1770968700,1425.1,1425.3,1424.0,1425.0,28438
1770969000,1424.6,1424.7,1421.5,1421.8,98530
1770969300,1421.7,1421.7,1419.6,1420.2,99660
1770969600,1420.3,1421.5,1419.2,1419.7,175449
1770969900,1419.9,1420.5,1419.2,1419.3,64970
1770970200,1419.3,1420.9,1419.2,1420.0,50052
1770970500,1420.1,1420.1,1418.0,1418.4,128423
1770970800,1418.7,1420.8,1417.5,1420.5,125934
1770971100,1420.7,1421.4,1417.8,1418.0,1313873
1770971400,1418.0,1419.4,1416.3,1417.1,516170
1770971700,1417.1,1421.0,1416.7,1418.0,274997
1770972000,1418.0,1421.7,1417.5,1421.5,72227
1770972300,1421.6,1423.5,1421.5,1422.9,281835
1770972600,1423.0,1426.8,1422.0,1422.9,225462
1770972900,1422.9,1424.0,1422.0,1422.9,116922
1770973200,1423.0,1423.9,1422.0,1422.8,93488
1770973500,1422.8,1423.0,1419.7,1421.3,109457
1770973800,1421.3,1421.3,1419.0,1419.5,118600
1770974100,1419.5,1420.0,1419.0,1419.6,73061
1770974400,1419.6,1420.6,1418.4,1419.9,157697
1770974700,1419.8,1424.9,1419.3,1422.5,887717
1770975000,1422.6,1423.0,1419.6,1420.6,310730
1770975300,1420.7,1421.8,1418.1,1419.4,232370
1770975600,1419.0,1419.8,1418.5,1419.0,241765
1770975900,1419.0,1420.8,1418.7,1420.0,242055
1770976200,1420.0,1420.4,1418.5,1419.3,310531
1770976500,1418.9,1419.7,1417.5,1418.8,323534
1771213500,1420.1,1423.2,1416.3,1421.2,338943
1771213800,1421.2,1423.5,1420.0,1421.0,120356
1771214100,1421.0,1421.0,1417.3,1417.3,80218
1771214400,1417.6,1419.5,1417.2,1419.3,82746
1771214700,1419.0,1419.3,1413.2,1413.7,93064
1771215000,1414.0,1414.0,1410.1,1410.5,117958
1771215300,1410.0,1412.7,1409.3,1412.5,61292
1771215600,1412.0,1412.6,1411.0,1412.1,33134
1771215900,1411.9,1415.0,1411.9,1414.8,57519
1771216200,1414.8,1417.0,1414.2,1416.6,53079
1771216500,1416.4,1416.9,1414.9,1415.5,34883
1771216800,1415.5,1418.0,1415.4,1417.9,52152
1771217100,1418.0,1420.5,1417.6,1418.5,132905
1771217400,1418.1,1419.0,1416.9,1416.9,43401
1771217700,1416.8,1418.0,1416.5,1416.8,19534
1771218000,1416.8,1419.2,1415.6,1418.4,38553
1771218300,1418.7,1418.9,1417.9,1418.0,15183
1771218600,1418.1,1421.5,1417.8,1421.2,41951
1771218900,1421.2,1422.8,1420.3,1421.5,65082
1771219200,1421.5,1422.4,1420.7,1421.0,17370
1771219500,1421.3,1421.3,1419.9,1421.0,26165
1771219800,1420.9,1422.0,1419.9,1421.9,23936
1771220100,1421.9,1422.0,1421.0,1421.2,20383
1771220400,1421.9,1422.8,1421.4,1422.5,21818
1771220700,1422.4,1423.4,1421.3,1422.5,52347
1771221000,1422.3,1422.6,1421.8,1422.5,16335
1771221300,1422.1,1423.0,1420.1,1420.8,52497
1771221600,1421.0,1421.5,1420.1,1420.7,17886
1771221900,1420.6,1421.0,1420.1,1420.3,20053
1771222200,1420.1,1422.0,1419.7,1420.0,45457
1771222500,1420.0,1420.0,1417.8,1419.2,33246
1771222800,1419.0,1419.4,1418.7,1419.2,13837
1771223100,1419.0,1420.9,1419.0,1420.5,20793
1771223400,1420.5,1421.7,1420.4,1420.8,23741
1771223700,1420.7,1422.3,1420.7,1422.3,22256
1771224000,1422.3,1423.6,1421.9,1422.6,42354
1771224300,1422.1,1423.0,1421.0,1422.4,27575
1771224600,1422.9,1423.4,1422.1,1422.7,22330
1771224900,1422.2,1423.3,1422.0,1422.9,30215
1771225200,1423.4,1423.4,1421.9,1421.9,33476
1771225500,1422.2,1422.3,1420.2,1420.4,36397
1771225800,1420.2,1421.6,1419.8,1420.9,70597
1771226100,1420.9,1421.5,1419.1,1419.2,75723
1771226400,1419.2,1421.7,1419.1,1420.9,22956
1771226700,1420.9,1422.0,1420.7,1421.5,25236
1771227000,1421.8,1424.0,1421.5,1423.6,48618
1771227300,1423.0,1423.8,1422.7,1423.8,30895
1771227600,1423.6,1424.5,1423.2,1423.5,33212
1771227900,1423.5,1424.1,1423.1,1423.6,26537
1771228200,1423.1,1424.0,1421.4,1422.0,66853
1771228500,1422.0,1422.1,1421.1,1421.5,46525
1771228800,1421.9,1422.0,1421.1,1421.7,136177
1771229100,1421.9,1425.0,1421.7,1425.0,54661
1771229400,1424.5,1425.4,1424.3,1425.1,54714
1771229700,1425.0,1426.1,1425.0,1425.9,64078
1771230000,1425.5,1426.4,1423.2,1424.3,183564
1771230300,1423.7,1424.5,1420.8,1424.1,192750
1771230600,1423.8,1425.9,1423.7,1424.8,287888
1771230900,1425.0,1425.5,1423.3,1425.0,89930
1771231200,1425.0,1426.0,1424.2,1426.0,73130
1771231500,1425.5,1426.0,1424.6,1425.0,64783
1771231800,1425.0,1426.0,1424.4,1426.0,42450
1771232100,1425.5,1433.5,1425.5,1432.0,216336
1771232400,1431.8,1437.1,1431.8,1437.0,242769
1771232700,1437.1,1439.6,1434.6,1435.2,281400
1771233000,1435.3,1438.2,1434.6,1436.0,99806
1771233300,1436.0,1438.7,1435.5,1438.0,71873
1771233600,1438.3,1438.4,1435.4,1436.1,56847
1771233900,1436.5,1436.9,1434.6,1435.7,89148
1771234200,1436.0,1439.0,1435.6,1438.5,135961
1771234500,1437.7,1438.9,1436.9,1438.7,107549
1771234800,1438.5,1439.3,1437.1,1438.2,160919
1771235100,1438.2,1438.8,1436.0,1436.2,203735
1771235400,1436.0,1436.9,1435.2,1436.5,159169
1771235700,1436.5,1436.8,1434.1,1435.8,174293
1771299900,1431.1,1431.8,1423.4,1426.8,151626
1771300200,1426.5,1427.3,1423.6,1424.1,84750
1771300500,1424.4,1425.8,1423.1,1424.1,59280
1771300800,1424.0,1424.1,1422.0,1423.2,90820
1771301100,1423.3,1424.8,1422.1,1423.5,48834
1771301400,1423.3,1424.7,1421.2,1424.5,71911
1771301700,1424.5,1426.8,1424.3,1425.7,71211
1771302000,1425.7,1427.5,1425.3,1425.8,51739
1771302300,1425.9,1426.7,1423.6,1424.5,98666
1771302600,1424.5,1424.7,1423.2,1423.3,33825
1771302900,1423.6,1424.5,1423.4,1424.4,28172
1771303200,1424.2,1424.3,1423.4,1424.0,29155
1771303500,1424.0,1424.1,1421.5,1423.4,58405
1771303800,1423.4,1424.0,1423.0,1423.3,30257
1771304100,1423.4,1425.5,1423.1,1425.2,51839
1771304400,1425.2,1425.4,1423.2,1423.9,42287
1771304700,1423.9,1424.0,1422.1,1422.3,43941
1771305000,1422.3,1422.5,1419.5,1420.0,97237
1771305300,1420.2,1420.6,1418.6,1420.5,49488
1771305600,1420.2,1420.9,1420.0,1420.7,24320
1771305900,1420.7,1421.4,1420.5,1421.3,24998
1771306200,1421.1,1421.5,1420.3,1420.3,20415
1771306500,1420.3,1420.3,1419.3,1420.2,38319
1771306800,1420.2,1420.9,1419.8,1420.5,32203
1771307100,1420.5,1421.7,1420.0,1421.6,38004
1771307400,1421.5,1422.4,1421.0,1421.5,67240
1771307700,1421.5,1421.5,1420.4,1420.7,49106
1771308000,1420.7,1422.3,1419.8,1422.3,114787
1771308300,1422.3,1423.5,1421.6,1422.1,208463
1771308600,1422.1,1422.1,1420.9,1421.8,160077
1771308900,1421.9,1423.5,1421.6,1421.8,142106
1771309200,1422.3,1423.5,1421.7,1423.0,44449
1771309500,1423.0,1424.0,1422.7,1423.3,86657
1771309800,1423.3,1425.6,1423.3,1423.9,114915
1771310100,1423.9,1424.6,1423.2,1424.1,73045
1771310400,1424.1,1424.4,1423.2,1423.4,61772
1771310700,1423.4,1424.4,1423.3,1424.4,71796
1771311000,1424.4,1425.3,1423.8,1425.1,92553
1771311300,1425.1,1425.2,1424.4,1424.6,79607
1771311600,1424.4,1425.2,1423.7,1424.5,79854
1771311900,1424.5,1424.6,1424.0,1424.5,27037
1771312200,1424.4,1424.6,1424.0,1424.3,31900
1771312500,1424.0,1424.5,1424.0,1424.2,34646
1771312800,1424.2,1426.0,1424.0,1425.5,57692
1771313100,1425.5,1426.2,1424.2,1424.2,32863
1771313400,1424.2,1424.5,1421.6,1421.7,304757
1771313700,1421.7,1424.9,1421.6,1424.2,423006
1771314000,1424.2,1424.2,1422.0,1422.2,311592
1771314300,1422.6,1423.7,1421.2,1423.1,297968
1771314600,1423.0,1424.9,1423.0,1423.8,401071
1771314900,1423.8,1424.2,1423.5,1423.8,35259
1771315200,1423.8,1425.0,1423.7,1424.6,59258
1771315500,1424.8,1426.5,1422.6,1423.6,289272
1771315800,1423.6,1424.4,1423.1,1423.4,189115
1771316100,1423.4,1424.3,1423.0,1423.5,75032
1771316400,1423.5,1423.9,1422.6,1423.2,25098
1771316700,1423.2,1423.2,1421.8,1422.3,137766
1771317000,1422.0,1424.6,1421.5,1423.7,306481
1771317300,1423.7,1424.3,1423.3,1423.5,59225
1771317600,1423.6,1423.6,1420.1,1421.0,99435
1771317900,1420.9,1424.7,1419.8,1422.4,546398
1771318200,1422.4,1423.0,1422.0,1422.4,26994
1771318500,1422.2,1422.7,1422.0,1422.0,49547
1771318800,1422.1,1422.1,1420.7,1421.9,38601
1771319100,1421.9,1423.1,1421.2,1423.0,113456
1771319400,1423.0,1424.4,1421.4,1421.9,457856
1771319700,1421.6,1422.7,1421.6,1422.6,26479
1771320000,1422.6,1422.6,1421.6,1422.0,44127
1771320300,1422.3,1422.7,1420.5,1421.9,360443
1771320600,1422.0,1425.4,1420.8,1421.3,1072399
1771320900,1421.7,1425.8,1420.4,1425.3,968421
1771321200,1425.8,1425.8,1422.2,1423.0,400047
1771321500,1422.9,1423.0,1421.1,1422.5,287164
1771321800,1422.6,1424.3,1422.5,1423.3,199805
1771322100,1423.3,1424.2,1422.4,1424.2,105036
1771386300,1427.0,1429.1,1423.4,1427.3,144326
1771386600,1427.3,1427.3,1425.2,1425.9,71187
1771386900,1426.2,1429.1,1425.7,1429.1,66706
1771387200,1429.0,1429.3,1426.5,1427.5,158935
1771387500,1427.5,1427.5,1422.7,1425.4,175207
1771387800,1425.1,1426.1,1424.6,1425.9,37153
1771388100,1426.1,1426.1,1421.3,1422.6,55556
1771388400,1422.8,1423.1,1422.1,1422.5,36989
1771388700,1422.4,1422.7,1420.3,1421.1,42375
1771389000,1421.0,1421.6,1419.5,1421.5,47557
1771389300,1421.4,1421.8,1420.2,1420.8,31775
1771389600,1421.0,1421.7,1419.8,1420.0,33929
1771389900,1419.9,1420.9,1419.2,1420.1,39545
1771390200,1420.6,1421.9,1420.2,1421.1,26839
1771390500,1421.1,1421.4,1419.2,1421.3,29711
1771390800,1421.3,1421.8,1419.7,1421.5,31649
1771391100,1421.2,1422.1,1421.0,1421.1,21462
1771391400,1421.1,1421.3,1420.8,1421.2,13136
1771391700,1421.2,1422.5,1420.7,1422.0,14961
1771392000,1422.1,1423.6,1421.5,1423.0,37400
1771392300,1422.8,1423.9,1422.3,1423.8,27411
1771392600,1423.9,1424.4,1423.3,1424.0,28828
1771392900,1423.7,1424.9,1423.2,1424.0,172364
1771393200,1424.2,1425.4,1423.7,1425.2,54078
1771393500,1425.0,1425.1,1423.1,1423.8,56034
1771393800,1424.0,1425.5,1423.8,1425.1,66809
1771394100,1425.4,1425.9,1424.3,1425.6,47792
1771394400,1425.5,1427.2,1425.5,1427.0,39546
1771394700,1427.1,1427.5,1426.4,1426.8,36687
1771395000,1426.8,1427.0,1425.1,1426.3,33745
1771395300,1426.5,1426.8,1425.7,1426.3,15171
1771395600,1426.5,1426.9,1426.0,1426.4,17769
1771395900,1426.2,1426.8,1426.0,1426.8,19283
1771396200,1426.9,1428.7,1426.4,1428.1,44285
1771396500,1428.2,1428.8,1427.8,1428.1,21349
1771396800,1427.8,1428.6,1427.2,1427.8,15053
1771397100,1427.9,1429.6,1427.5,1428.6,43493
1771397400,1428.8,1429.9,1428.4,1429.0,38505
1771397700,1429.4,1429.8,1427.1,1427.9,26706
1771398000,1428.6,1429.9,1427.5,1429.6,36293
1771398300,1429.6,1431.0,1429.2,1430.9,62939
1771398600,1430.6,1431.2,1430.0,1430.9,44741
1771398900,1431.4,1431.5,1429.1,1429.4,60559
1771399200,1429.7,1431.0,1429.3,1431.0,40921
1771399500,1430.9,1431.7,1430.5,1431.7,26513
1771399800,1431.7,1435.0,1431.3,1434.7,138010
1771400100,1434.7,1435.0,1433.4,1433.6,85623
1771400400,1434.0,1434.6,1432.7,1434.4,76117
1771400700,1434.3,1436.8,1434.3,1435.5,154181
1771401000,1435.6,1437.0,1434.4,1434.4,265956
1771401300,1434.6,1434.6,1431.5,1433.0,315132
1771401600,1432.8,1433.6,1432.5,1433.1,34589
1771401900,1433.2,1433.3,1432.1,1432.7,31873
1771402200,1432.9,1432.9,1431.5,1432.3,40372
1771402500,1432.2,1433.9,1431.9,1433.5,163382
1771402800,1433.5,1434.4,1431.2,1431.3,134926
1771403100,1431.2,1432.8,1430.5,1432.6,72270
1771403400,1432.7,1433.9,1431.8,1432.7,152473
1771403700,1432.7,1433.0,1432.4,1433.0,28163
1771404000,1433.0,1434.9,1432.6,1434.6,70927
1771404300,1434.7,1436.5,1433.6,1436.2,79819
1771404600,1436.2,1437.5,1435.7,1437.0,80036
1771404900,1437.0,1437.0,1435.8,1436.6,54711
1771405200,1436.6,1437.0,1436.3,1436.5,48558
1771405500,1436.0,1437.2,1436.0,1436.5,43609
1771405800,1436.5,1437.8,1436.1,1437.2,51245
1771406100,1437.3,1439.4,1437.0,1439.4,79628
1771406400,1439.4,1439.9,1438.4,1439.0,80376
1771406700,1439.0,1440.7,1439.0,1439.7,86301
1771407000,1439.6,1441.7,1439.3,1440.6,193547
1771407300,1440.7,1442.0,1440.5,1441.9,135859
1771407600,1442.0,1442.1,1441.0,1441.9,134197
1771407900,1441.6,1442.0,1441.2,1441.3,166342
1771408200,1441.4,1441.9,1440.7,1441.2,165148
1771408500,1441.1,1442.0,1440.3,1441.0,153159
1771472700,1443.0,1443.0,1435.2,1437.4,259582
1771473000,1436.1,1442.0,1436.1,1440.1,141644
1771473300,1440.1,1440.1,1436.1,1436.1,47081
1771473600,1436.2,1437.2,1435.5,1435.6,127365
1771473900,1435.7,1436.9,1434.2,1435.5,94124
1771474200,1435.5,1436.5,1435.0,1435.7,46685
1771474500,1435.7,1435.7,1434.6,1435.0,46290
1771474800,1435.0,1435.0,1433.4,1433.5,77017
1771475100,1433.9,1434.7,1432.3,1433.1,43904
1771475400,1432.9,1433.4,1431.5,1432.5,41342
1771475700,1432.2,1432.9,1430.5,1430.9,62639
1771476000,1431.0,1431.5,1429.1,1429.6,83470
1771476300,1429.6,1432.0,1429.4,1431.1,48530
1771476600,1431.0,1431.4,1429.6,1430.6,27055
1771476900,1430.6,1431.0,1429.7,1431.0,28158
1771477200,1430.5,1432.0,1430.3,1430.6,29040
1771477500,1430.6,1431.0,1427.0,1427.1,50610
1771477800,1427.2,1428.8,1427.0,1428.6,29883
1771478100,1428.3,1428.8,1427.5,1428.5,23628
1771478400,1428.5,1429.3,1428.2,1428.3,18060
1771478700,1428.2,1428.3,1427.3,1428.3,30199
1771479000,1428.3,1428.9,1427.6,1427.8,23972
1771479300,1428.1,1429.5,1427.5,1428.2,21987
1771479600,1428.2,1429.5,1427.5,1427.5,20609
1771479900,1427.5,1428.2,1427.0,1427.1,25074
1771480200,1427.0,1427.9,1425.2,1425.7,33454
1771480500,1425.4,1426.5,1425.3,1426.0,16955
1771480800,1425.8,1426.2,1425.5,1426.0,20667
1771481100,1425.6,1426.0,1424.0,1425.2,46941
1771481400,1425.0,1425.8,1424.0,1425.8,35584
1771481700,1425.7,1426.2,1424.6,1425.4,25536
1771482000,1425.4,1425.6,1424.5,1425.4,27139
1771482300,1425.3,1425.8,1424.1,1424.8,32457
1771482600,1424.8,1425.0,1423.2,1424.3,25248
1771482900,1424.4,1424.4,1422.3,1422.3,23704
1771483200,1422.3,1422.3,1420.6,1421.1,59684
1771483500,1420.8,1421.9,1419.1,1421.4,111626
1771483800,1421.8,1424.0,1420.3,1422.6,117249
1771484100,1422.9,1422.9,1420.2,1421.4,105530
1771484400,1421.6,1421.7,1420.2,1420.5,32681
1771484700,1420.7,1421.0,1419.2,1419.4,44236
1771485000,1419.9,1420.5,1416.7,1418.3,73749
1771485300,1418.1,1418.2,1417.2,1417.9,34945
1771485600,1418.4,1420.6,1417.5,1418.7,122709
1771485900,1418.7,1419.8,1418.2,1419.0,24323
1771486200,1418.6,1419.0,1417.5,1418.5,38661
1771486500,1418.5,1421.7,1418.1,1420.0,233654
1771486800,1419.9,1420.7,1417.7,1418.3,351895
1771487100,1418.3,1418.5,1417.6,1418.5,45559
1771487400,1418.3,1422.5,1418.2,1421.6,266986
1771487700,1421.6,1422.4,1419.2,1420.5,140942
1771488000,1420.6,1420.6,1416.9,1418.6,226592
1771488300,1418.8,1419.0,1417.4,1418.2,103416
1771488600,1418.2,1418.5,1417.1,1417.6,38076
1771488900,1417.7,1417.9,1416.2,1416.4,52254
1771489200,1416.4,1417.6,1413.8,1416.0,372415
1771489500,1416.8,1417.3,1415.5,1415.7,59467
1771489800,1415.5,1416.2,1413.8,1414.4,396375
1771490100,1414.4,1415.3,1413.6,1415.3,30595
1771490400,1415.1,1415.5,1414.0,1414.2,50545
1771490700,1414.1,1416.5,1414.0,1415.5,286680
1771491000,1416.0,1416.8,1413.2,1414.6,573576
1771491300,1414.7,1414.7,1412.3,1412.9,57505
1771491600,1412.5,1414.1,1412.5,1413.8,43661
1771491900,1413.8,1415.3,1413.6,1414.7,123671
1771492200,1414.3,1414.7,1411.8,1411.8,100676
1771492500,1411.7,1412.8,1410.6,1412.4,208976
1771492800,1412.2,1412.8,1411.5,1412.3,56546
1771493100,1412.2,1413.4,1411.1,1412.5,64647
1771493400,1412.5,1414.0,1407.2,1413.9,1633726
1771493700,1413.6,1414.5,1408.0,1413.2,1297202
1771494000,1413.1,1414.5,1407.0,1409.0,1247834
1771494300,1409.1,1409.4,1403.0,1404.2,375482
1771494600,1403.6,1406.4,1400.0,1405.6,708294
1771494900,1405.7,1407.5,1405.0,1407.2,195806
1771559100,1409.5,1412.8,1406.1,1410.4,236229
1771559400,1410.2,1413.9,1409.8,1411.4,94198
1771559700,1411.0,1411.5,1408.1,1408.2,69338
1771560000,1408.5,1415.0,1408.2,1414.5,90239
1771560300,1414.6,1416.8,1413.5,1415.1,413051
1771560600,1415.3,1417.5,1413.9,1417.3,178230
1771560900,1417.1,1417.5,1416.0,1416.0,47455
1771561200,1416.2,1417.0,1414.5,1415.5,43755
1771561500,1415.5,1416.4,1414.3,1415.5,43788
1771561800,1415.5,1415.5,1412.7,1414.2,44714
1771562100,1414.1,1414.9,1410.5,1410.8,37087
1771562400,1410.8,1413.4,1410.6,1410.8,62830
1771562700,1410.7,1414.8,1410.7,1414.1,41808
1771563000,1414.1,1415.2,1413.0,1414.2,66440
1771563300,1414.1,1416.0,1414.0,1414.8,47179
1771563600,1415.1,1416.1,1413.5,1414.8,176978
1771563900,1414.8,1417.9,1414.4,1417.2,60907
1771564200,1417.2,1420.0,1417.0,1420.0,111402
1771564500,1419.8,1420.9,1418.9,1420.3,94775
1771564800,1420.3,1421.6,1419.0,1421.6,48988
1771565100,1421.5,1421.8,1419.7,1420.6,63404
1771565400,1420.7,1421.8,1419.5,1421.5,45462
1771565700,1421.0,1422.0,1420.0,1420.1,36445
1771566000,1420.1,1421.3,1419.0,1420.3,56478
1771566300,1420.1,1421.9,1420.1,1420.9,26500
1771566600,1420.7,1421.2,1419.5,1420.2,39662
1771566900,1420.9,1421.7,1420.1,1421.0,45035
1771567200,1421.1,1421.9,1420.3,1421.4,27355
1771567500,1421.9,1422.4,1421.3,1422.0,24920
1771567800,1421.9,1423.0,1421.8,1422.6,30516
1771568100,1422.8,1423.8,1420.8,1421.1,53833
1771568400,1421.2,1422.5,1420.9,1421.2,36629
1771568700,1421.7,1422.9,1420.8,1422.2,19722
1771569000,1422.1,1422.2,1420.3,1421.4,18949
1771569300,1421.5,1422.0,1420.6,1421.4,17788
1771569600,1421.8,1422.8,1420.8,1422.4,23369
1771569900,1422.3,1424.5,1422.2,1424.0,45001
1771570200,1424.0,1425.6,1423.6,1425.2,65716
1771570500,1425.0,1426.5,1424.6,1426.2,121840
1771570800,1426.1,1426.2,1424.4,1424.6,116101
1771571100,1424.6,1425.9,1424.2,1424.5,177546
1771571400,1425.0,1425.5,1423.3,1424.7,198093
1771571700,1424.8,1426.4,1423.1,1425.7,135273
1771572000,1425.7,1427.0,1425.6,1426.8,53497
1771572300,1426.9,1427.4,1423.3,1425.2,110660
1771572600,1425.2,1426.8,1424.6,1425.0,167825
1771572900,1424.7,1425.0,1422.3,1423.0,52128
1771573200,1423.1,1423.9,1420.4,1421.9,73691
1771573500,1421.8,1421.8,1419.3,1420.0,46027
1771573800,1420.2,1421.0,1419.0,1420.9,165413
1771574100,1420.9,1421.9,1419.3,1421.3,185366
1771574400,1420.7,1424.5,1420.7,1424.5,347082
1771574700,1424.4,1425.0,1420.7,1421.4,190050
1771575000,1421.4,1422.0,1419.5,1420.0,121513
1771575300,1420.1,1421.5,1419.6,1420.5,131285
1771575600,1420.5,1420.9,1418.9,1418.9,52679
1771575900,1419.1,1422.1,1418.5,1421.9,67586
1771576200,1421.7,1423.7,1421.0,1421.4,49717
1771576500,1421.4,1421.8,1420.2,1420.9,36091
1771576800,1421.1,1422.7,1420.4,1422.4,76088
1771577100,1422.4,1425.9,1422.4,1425.9,278109
1771577400,1425.8,1426.0,1422.8,1423.0,155708
1771577700,1423.0,1423.5,1420.5,1421.3,264170
1771578000,1421.3,1423.0,1420.7,1422.5,42191
1771578300,1422.5,1423.0,1421.0,1422.3,41491
1771578600,1422.3,1424.2,1421.8,1423.7,63291
1771578900,1423.7,1424.5,1423.0,1424.0,47034
1771579200,1424.3,1424.9,1422.0,1423.7,86577
1771579500,1424.0,1425.6,1422.6,1425.6,58116
1771579800,1425.8,1426.0,1421.5,1422.0,213015
1771580100,1421.7,1422.0,1418.3,1418.8,411427
1771580400,1418.2,1419.2,1417.7,1418.7,282239
1771580700,1418.5,1419.3,1418.4,1419.0,219117
1771581000,1419.0,1420.0,1418.0,1420.0,338869
1771581300,1419.9,1420.8,1418.2,1419.1,236272
1771818300,1425.0,1433.1,1423.0,1432.8,274169
1771818600,1432.5,1434.9,1432.1,1433.6,142630
1771818900,1432.8,1434.8,1431.4,1433.6,91280
1771819200,1433.6,1434.5,1430.1,1433.2,87994
1771819500,1433.3,1434.0,1430.6,1431.0,66120
1771819800,1431.0,1432.5,1430.7,1432.0,58600
1771820100,1432.0,1432.4,1429.4,1429.4,85002
1771820400,1429.5,1431.0,1428.4,1428.7,59677
1771820700,1428.7,1431.2,1427.7,1428.1,66828
1771821000,1428.0,1428.5,1427.5,1428.5,40015
1771821300,1428.5,1429.9,1428.0,1428.0,74809
1771821600,1428.0,1428.2,1425.1,1426.0,70141
1771821900,1426.0,1427.9,1425.6,1427.8,46978
1771822200,1427.8,1428.0,1426.5,1427.0,38664
1771822500,1427.0,1427.0,1424.6,1425.4,70314
1771822800,1425.6,1426.5,1425.1,1425.9,50733
1771823100,1425.9,1426.7,1425.1,1425.3,46097
1771823400,1425.3,1425.5,1423.0,1423.2,107924
1771823700,1423.2,1425.0,1422.1,1424.9,113085
1771824000,1424.9,1427.5,1424.3,1426.7,81723
1771824300,1426.6,1426.8,1424.5,1424.8,81503
1771824600,1424.8,1426.9,1424.5,1426.0,42687
1771824900,1426.0,1427.4,1424.6,1427.0,140263
1771825200,1427.0,1427.9,1426.1,1427.8,36191
1771825500,1427.6,1427.9,1426.0,1426.0,44964
1771825800,1426.0,1426.5,1425.2,1425.7,31343
1771826100,1425.7,1425.8,1424.1,1424.8,42037
1771826400,1424.9,1424.9,1423.1,1423.2,24410
1771826700,1423.4,1423.5,1422.3,1423.4,39320
1771827000,1423.4,1423.5,1422.5,1422.7,34273
1771827300,1422.9,1422.9,1419.6,1420.4,76296
1771827600,1420.4,1421.9,1419.2,1421.5,38913
1771827900,1421.4,1421.9,1420.5,1420.6,28861
1771828200,1420.6,1421.9,1420.1,1421.7,44976
1771828500,1421.8,1423.5,1421.3,1422.2,51944
1771828800,1422.1,1423.3,1421.3,1422.8,63089
1771829100,1423.0,1424.0,1422.5,1422.6,36410
1771829400,1422.6,1422.9,1421.1,1421.1,43264
1771829700,1421.5,1421.5,1420.3,1420.8,28894
1771830000,1420.9,1421.5,1420.0,1421.2,50346
1771830300,1421.2,1423.8,1421.2,1423.7,68118
1771830600,1423.8,1425.8,1423.7,1425.8,278054
1771830900,1425.5,1426.2,1423.3,1423.8,91106
1771831200,1423.9,1424.5,1422.1,1423.7,254898
1771831500,1423.5,1424.6,1422.5,1423.1,150208
1771831800,1423.0,1423.5,1422.1,1423.2,121433
1771832100,1423.2,1424.4,1423.0,1423.9,174423
1771832400,1423.8,1425.2,1423.6,1424.5,153676
1771832700,1424.7,1424.9,1423.7,1424.3,53379
1771833000,1424.3,1424.7,1422.9,1423.8,60752
1771833300,1423.8,1425.3,1423.5,1424.7,100210
1771833600,1424.7,1425.8,1423.1,1423.2,218094
1771833900,1423.2,1423.5,1421.1,1421.7,350293
1771834200,1421.2,1423.9,1420.3,1423.5,234580
1771834500,1423.6,1423.8,1421.0,1421.0,59646
1771834800,1421.0,1421.6,1420.7,1420.8,34756
1771835100,1420.8,1421.2,1419.6,1419.8,56941
1771835400,1419.8,1420.2,1418.3,1419.9,103929
1771835700,1419.6,1420.7,1419.5,1419.8,95236
1771836000,1419.7,1420.0,1418.5,1419.0,42283
1771836300,1418.9,1421.6,1418.5,1421.6,54020
1771836600,1421.5,1421.9,1421.2,1421.3,54016
1771836900,1421.5,1425.5,1421.0,1425.3,89596
1771837200,1425.5,1427.6,1423.2,1425.8,375260
1771837500,1425.8,1426.7,1425.2,1425.9,53765
1771837800,1425.9,1427.0,1425.5,1426.2,82445
1771838100,1426.5,1428.2,1426.0,1427.7,138170
1771838400,1428.0,1428.2,1424.0,1424.7,103687
1771838700,1425.0,1425.0,1422.7,1423.0,48409
1771839000,1424.0,1428.0,1423.5,1427.2,298393
1771839300,1427.3,1428.5,1427.3,1428.2,227384
1771839600,1428.3,1429.0,1427.9,1428.8,211687
1771839900,1428.7,1429.5,1428.3,1429.4,192638
1771840200,1429.4,1429.9,1428.2,1429.8,204337
1771840500,1429.6,1430.0,1424.5,1425.0,227817
1771904700,1425.3,1427.3,1420.3,1423.4,357790
1771905000,1423.4,1427.3,1422.7,1426.7,118848
1771905300,1426.7,1427.0,1423.6,1424.4,58237
1771905600,1424.3,1424.3,1421.0,1421.7,67321
1771905900,1421.7,1421.8,1419.1,1419.7,75474
1771906200,1419.6,1420.2,1417.5,1419.1,86875
1771906500,1418.9,1423.9,1418.7,1422.1,68451
1771906800,1422.2,1422.3,1420.1,1420.7,36450
1771907100,1420.5,1421.0,1420.1,1420.1,23027
1771907400,1420.3,1420.9,1419.0,1420.0,40183
1771907700,1420.4,1420.8,1419.1,1419.1,39118
1771908000,1419.1,1419.4,1416.4,1416.7,74909
1771908300,1417.2,1417.5,1415.7,1417.0,74954
1771908600,1417.0,1417.8,1415.2,1415.5,62455
1771908900,1415.7,1416.2,1415.0,1415.2,62675
1771909200,1415.2,1417.4,1415.0,1416.7,75818
1771909500,1416.8,1417.3,1416.4,1416.7,29213
1771909800,1416.8,1417.0,1416.1,1416.6,39534
1771910100,1416.9,1417.7,1416.1,1416.7,62458
1771910400,1416.6,1416.9,1415.5,1416.0,50702
1771910700,1416.0,1416.1,1415.1,1415.6,43846
1771911000,1415.6,1418.9,1415.3,1418.8,65346
1771911300,1418.5,1420.9,1418.2,1420.1,80576
1771911600,1420.5,1421.7,1420.1,1420.5,40137
1771911900,1420.5,1420.7,1420.1,1420.6,26308
1771912200,1420.5,1421.0,1419.2,1419.4,127440
1771912500,1419.4,1421.5,1419.4,1421.4,78542
1771912800,1421.4,1422.4,1419.3,1419.8,66371
1771913100,1420.0,1420.5,1419.2,1419.8,35756
1771913400,1419.8,1421.4,1419.7,1420.8,107896
1771913700,1420.8,1421.3,1420.3,1421.0,19083
1771914000,1420.9,1421.8,1420.6,1421.0,100862
1771914300,1421.2,1422.3,1420.7,1421.0,111297
1771914600,1421.3,1421.5,1419.8,1420.4,64573
1771914900,1421.0,1421.6,1420.3,1421.0,40344
1771915200,1421.2,1422.8,1420.6,1422.0,99491
1771915500,1422.5,1423.0,1421.2,1421.8,243103
1771915800,1421.9,1423.4,1421.6,1423.2,244069
1771916100,1423.2,1423.9,1422.7,1423.6,52975
1771916400,1423.8,1424.9,1423.5,1424.8,68546
1771916700,1424.8,1425.8,1422.9,1423.0,140055
1771917000,1422.8,1423.3,1422.1,1422.8,71035
1771917300,1423.0,1423.8,1420.6,1421.5,107400
1771917600,1421.6,1423.5,1421.1,1422.5,106908
1771917900,1422.5,1423.0,1422.1,1422.6,31720
1771918200,1422.7,1423.5,1421.8,1423.1,55350
1771918500,1423.2,1423.8,1422.9,1423.7,52736
1771918800,1423.6,1425.0,1423.6,1424.2,218074
1771919100,1424.5,1424.5,1423.0,1424.0,196337
1771919400,1424.0,1424.0,1422.2,1422.3,42659
1771919700,1422.3,1423.5,1422.1,1422.4,47138
1771920000,1422.4,1422.7,1420.4,1420.8,145685
1771920300,1420.9,1422.4,1420.0,1422.0,142852
1771920600,1422.1,1422.1,1419.1,1420.6,48363
1771920900,1420.7,1420.9,1420.0,1420.1,29939
1771921200,1420.1,1421.4,1420.0,1421.3,27958
1771921500,1421.1,1424.0,1421.1,1422.3,431521
1771921800,1422.3,1423.2,1421.5,1422.4,151250
1771922100,1422.8,1424.5,1422.4,1423.9,237923
1771922400,1424.3,1427.2,1423.9,1426.7,271495
1771922700,1427.0,1429.0,1426.2,1427.6,441388
1771923000,1427.7,1427.7,1423.3,1425.5,916553
1771923300,1425.4,1426.9,1424.8,1425.8,87464
1771923600,1425.7,1427.3,1425.3,1426.9,81014
1771923900,1426.9,1428.4,1426.8,1427.3,100108
1771924200,1427.3,1428.7,1424.2,1424.2,522622
1771924500,1424.3,1425.9,1422.7,1425.6,375862
1771924800,1425.5,1425.8,1424.3,1425.4,89362
1771925100,1425.5,1427.2,1424.0,1426.2,300850
1771925400,1426.2,1427.1,1424.5,1424.6,603694
1771925700,1424.7,1429.7,1424.1,1429.5,1038198
1771926000,1429.3,1430.8,1428.3,1429.3,734511
1771926300,1429.1,1432.0,1428.8,1430.1,483358
1771926600,1430.1,1431.8,1429.1,1431.8,521112
1771926900,1431.6,1433.3,1430.2,1432.0,413910
1771991100,1435.0,1440.5,1432.0,1433.1,496184
1771991400,1433.6,1435.6,1433.3,1434.4,87421
1771991700,1434.7,1435.6,1433.5,1433.7,66621
1771992000,1433.9,1434.8,1431.6,1432.7,72200
1771992300,1432.7,1432.9,1431.2,1432.2,58684
1771992600,1432.9,1433.4,1430.3,1430.6,47427
1771992900,1430.4,1433.1,1430.0,1432.5,43106
1771993200,1432.6,1433.1,1431.8,1432.1,30225
1771993500,1432.3,1433.0,1431.6,1432.9,21649
1771993800,1432.9,1435.0,1432.6,1433.9,77796
1771994100,1433.6,1434.4,1433.2,1433.6,40428
1771994400,1433.1,1433.6,1432.4,1433.0,25212
1771994700,1433.0,1434.7,1432.4,1433.0,51449
1771995000,1433.0,1433.5,1432.6,1432.8,26795
1771995300,1433.0,1433.3,1432.5,1433.3,27465
1771995600,1433.2,1435.8,1433.0,1435.0,202981
1771995900,1435.0,1435.0,1433.8,1434.0,27488
1771996200,1433.7,1434.4,1431.2,1431.2,116238
1771996500,1431.2,1431.8,1430.7,1431.0,76303
1771996800,1431.0,1431.1,1429.3,1429.8,79635
1771997100,1429.8,1430.5,1429.1,1430.2,40616
1771997400,1430.2,1431.4,1430.0,1430.3,57419
1771997700,1430.1,1431.5,1430.1,1430.1,65410
1771998000,1430.4,1431.7,1430.1,1430.9,58562
1771998300,1430.7,1431.4,1428.8,1431.0,139997
1771998600,1431.4,1431.6,1430.0,1430.7,30860
1771998900,1430.6,1431.9,1430.6,1431.0,53095
1771999200,1431.1,1431.1,1428.2,1428.6,93758
1771999500,1428.9,1431.0,1428.6,1430.6,49917
1771999800,1430.8,1430.8,1429.0,1429.4,80171
1772000100,1430.3,1430.8,1430.0,1430.0,24860
1772000400,1430.2,1430.2,1428.6,1428.6,20217
1772000700,1429.2,1429.9,1428.6,1429.5,21357
1772001000,1429.8,1430.2,1429.5,1430.0,47249
1772001300,1430.0,1430.2,1429.0,1430.1,81514
1772001600,1430.2,1430.2,1427.3,1429.0,99500
1772001900,1429.3,1429.9,1428.0,1428.4,101494
1772002200,1428.5,1429.2,1428.1,1428.6,43091
1772002500,1428.6,1428.6,1427.0,1428.0,50814
1772002800,1427.9,1428.0,1424.3,1424.8,73950
1772003100,1424.8,1424.9,1420.6,1422.2,307017
1772003400,1422.2,1422.2,1419.3,1419.9,85893
1772003700,1419.9,1419.9,1416.1,1416.6,91737
1772004000,1416.5,1418.1,1414.3,1417.0,335446
1772004300,1417.0,1417.0,1413.2,1413.9,128258
1772004600,1414.0,1414.0,1410.0,1412.4,122418
1772004900,1412.7,1413.6,1411.0,1412.5,211942
1772005200,1412.3,1413.5,1412.0,1412.4,39923
1772005500,1412.1,1414.7,1412.0,1414.0,80635
1772005800,1414.0,1414.5,1410.6,1411.0,187350
1772006100,1410.6,1411.3,1407.2,1410.0,343525
1772006400,1410.0,1411.5,1408.1,1409.1,188299
1772006700,1409.2,1410.6,1409.0,1409.8,44731
1772007000,1409.7,1410.2,1409.3,1409.3,45391
1772007300,1409.3,1410.6,1407.3,1410.3,82825
1772007600,1410.6,1410.9,1410.0,1410.8,39311
1772007900,1410.8,1411.5,1410.2,1411.4,51901
1772008200,1411.5,1411.5,1408.4,1409.2,93921
1772008500,1409.3,1410.7,1407.8,1409.5,244350
1772008800,1409.1,1411.3,1408.8,1410.9,75201
1772009100,1410.9,1414.8,1409.3,1414.7,383446
1772009400,1414.6,1414.7,1410.8,1410.9,353516
1772009700,1411.2,1411.3,1407.5,1407.5,516996
1772010000,1407.7,1411.2,1407.4,1409.8,373053
1772010300,1409.7,1410.1,1409.0,1409.9,94045
1772010600,1409.7,1409.9,1405.3,1408.2,226572
1772010900,1408.2,1408.9,1402.5,1403.5,149412
1772011200,1403.7,1404.5,1399.0,1400.1,264291
1772011500,1400.5,1404.2,1398.0,1400.6,251476
1772011800,1400.3,1402.9,1399.2,1400.7,438018
1772012100,1400.7,1401.7,1396.6,1397.1,409852
1772012400,1397.1,1398.0,1393.5,1395.4,439937
1772012700,1395.4,1399.9,1395.4,1399.8,380864
1772013000,1399.8,1400.0,1397.6,1398.4,364987
1772013300,1398.5,1400.9,1398.2,1400.8,323579
1772077500,1398.5,1406.1,1396.9,1403.6,539447
1772077800,1403.8,1404.2,1398.6,1399.3,141864
1772078100,1399.3,1401.9,1397.0,1401.6,134450
1772078400,1401.8,1402.2,1400.3,1402.2,96439
1772078700,1402.3,1403.0,1401.0,1402.7,61747
1772079000,1402.7,1402.9,1400.4,1401.3,59204
1772079300,1401.3,1402.8,1401.1,1401.8,51887
1772079600,1402.1,1402.1,1397.2,1397.2,84914
1772079900,1397.8,1399.1,1397.0,1399.1,63967
1772080200,1399.2,1400.1,1398.7,1399.5,53906
1772080500,1399.8,1402.0,1399.7,1401.4,61508
1772080800,1401.7,1402.0,1401.1,1401.4,34006
1772081100,1401.4,1404.0,1401.1,1403.1,61452
1772081400,1403.1,1403.4,1401.3,1401.8,38827
1772081700,1401.8,1402.3,1400.3,1400.5,39393
1772082000,1400.8,1403.0,1400.6,1402.0,47815
1772082300,1402.0,1402.3,1400.3,1400.5,72654
1772082600,1400.4,1401.8,1400.3,1401.4,28395
1772082900,1401.4,1403.9,1401.3,1403.4,35976
1772083200,1403.0,1403.4,1401.9,1402.0,24515
1772083500,1402.0,1403.9,1401.0,1403.4,69857
1772083800,1403.1,1405.0,1402.1,1404.5,82741
1772084100,1404.7,1405.7,1404.5,1405.0,58353
1772084400,1405.4,1406.8,1404.9,1406.0,60370
1772084700,1405.9,1406.8,1405.5,1406.8,32062
1772085000,1406.8,1406.8,1405.2,1405.5,62503
1772085300,1405.5,1409.1,1405.5,1405.6,397206
1772085600,1405.5,1407.0,1404.7,1405.0,89181
1772085900,1405.0,1405.8,1401.2,1402.9,194268
1772086200,1402.9,1403.5,1391.9,1393.5,628289
1772086500,1393.3,1399.4,1392.0,1398.9,381724
1772086800,1399.1,1401.7,1398.2,1398.4,427426
1772087100,1398.4,1399.0,1395.8,1396.9,87240
1772087400,1396.9,1400.8,1396.5,1398.7,192260
1772087700,1398.7,1403.3,1398.7,1403.0,208452
1772088000,1402.8,1404.2,1400.8,1401.5,228728
1772088300,1401.5,1402.9,1399.7,1400.0,263031
1772088600,1400.7,1401.9,1395.4,1400.3,485096
1772088900,1400.3,1402.5,1400.0,1401.0,48966
1772089200,1401.0,1405.8,1400.9,1403.9,152020
1772089500,1403.9,1406.8,1403.0,1405.8,431098
1772089800,1405.8,1408.4,1405.2,1408.1,266993
1772090100,1408.0,1408.6,1406.0,1406.1,98925
1772090400,1406.2,1406.3,1403.3,1404.0,389584
1772090700,1403.9,1404.6,1398.6,1399.3,549909
1772091000,1399.2,1406.0,1398.9,1406.0,181062
1772091300,1406.0,1406.2,1401.1,1402.8,116575
1772091600,1402.8,1402.9,1400.8,1401.8,123620
1772091900,1401.6,1403.0,1400.0,1402.5,52536
1772092200,1402.6,1403.9,1401.5,1403.8,61938
1772092500,1403.7,1404.7,1401.7,1402.6,155393
1772092800,1402.5,1404.0,1401.4,1402.4,54942
1772093100,1402.3,1403.6,1402.0,1402.8,27770
1772093400,1402.9,1403.5,1400.6,1400.6,133921
1772093700,1401.1,1402.7,1400.6,1402.0,164761
1772094000,1402.2,1405.7,1401.8,1405.0,339787
1772094300,1405.1,1406.9,1404.6,1406.8,449754
1772094600,1406.8,1406.9,1402.6,1404.1,200728
1772094900,1404.1,1404.6,1401.3,1404.4,172599
1772095200,1404.4,1406.6,1404.2,1406.0,39546
1772095500,1406.2,1406.5,1405.2,1405.8,49623
1772095800,1405.8,1406.7,1404.0,1404.5,88437
1772096100,1404.7,1407.0,1403.8,1404.5,242385
1772096400,1404.5,1405.0,1402.3,1404.8,462481
1772096700,1405.0,1408.7,1405.0,1405.6,306917
1772097000,1405.5,1409.5,1405.3,1409.5,225373
1772097300,1409.8,1410.7,1407.8,1407.9,383874
1772097600,1408.0,1409.5,1405.0,1406.9,374523
1772097900,1407.0,1407.7,1405.3,1406.4,138719
1772098200,1406.5,1412.9,1404.5,1405.5,1939156
1772098500,1405.5,1408.8,1404.2,1406.7,1006881
1772098800,1406.4,1407.3,1401.7,1403.9,719019
1772099100,1404.2,1407.1,1403.5,1406.5,337706
1772099400,1406.6,1408.0,1406.4,1407.4,201068
1772099700,1407.5,1409.6,1406.1,1409.0,200620
1772163900,1398.0,1403.2,1388.1,1390.8,496009
1772164200,1390.9,1394.9,1389.1,1391.8,186260
1772164500,1391.7,1393.9,1391.7,1392.4,112635
1772164800,1392.4,1394.5,1392.0,1393.2,91090
1772165100,1393.2,1393.9,1392.2,1393.7,65896
1772165400,1393.7,1393.7,1392.5,1392.9,44127
1772165700,1392.8,1392.9,1391.2,1391.7,51443
1772166000,1390.9,1393.0,1390.5,1393.0,59095
1772166300,1393.0,1393.5,1392.4,1392.7,49953
1772166600,1392.7,1393.8,1392.1,1393.8,85598
1772166900,1393.8,1395.9,1393.0,1395.7,114389
1772167200,1395.8,1397.4,1395.7,1397.3,110870
1772167500,1396.9,1397.5,1395.2,1396.8,86979
1772167800,1396.7,1397.7,1396.1,1397.7,35713
1772168100,1397.8,1399.0,1397.6,1398.3,80761
1772168400,1398.3,1401.9,1398.2,1399.6,192546
1772168700,1399.6,1400.6,1398.7,1399.0,66911
1772169000,1399.3,1400.6,1397.9,1400.6,86936
1772169300,1400.6,1401.0,1399.8,1401.0,85349
1772169600,1401.0,1401.9,1400.5,1401.3,56425
1772169900,1401.3,1402.6,1401.0,1401.3,74856
1772170200,1401.4,1402.4,1401.3,1402.4,35815
1772170500,1402.8,1403.6,1402.4,1402.8,72562
1772170800,1402.8,1403.0,1401.7,1402.9,28299
1772171100,1402.8,1404.0,1401.2,1402.1,148840
1772171400,1402.1,1402.1,1401.0,1401.9,61171
1772171700,1402.0,1402.5,1401.1,1401.8,45076
1772172000,1401.9,1402.0,1401.0,1401.4,42625
1772172300,1401.4,1401.5,1398.5,1400.0,274490
1772172600,1400.0,1402.1,1399.0,1402.1,120460
1772172900,1402.1,1404.7,1402.0,1404.6,95844
1772173200,1404.7,1407.2,1404.1,1407.2,150294
1772173500,1407.0,1407.6,1403.7,1405.9,270811
1772173800,1405.9,1406.9,1405.4,1406.6,59272
1772174100,1406.9,1407.2,1404.3,1404.5,78707
1772174400,1404.4,1406.3,1404.2,1405.7,43579
1772174700,1406.0,1406.1,1405.1,1405.7,25548
1772175000,1405.7,1406.8,1405.1,1405.6,40670
1772175300,1405.6,1408.7,1405.4,1408.0,88173
1772175600,1407.9,1410.4,1407.1,1408.8,391374
1772175900,1408.8,1408.8,1406.3,1406.5,59876
1772176200,1406.6,1407.0,1405.0,1405.2,62260
1772176500,1405.3,1407.0,1405.0,1406.1,38784
1772176800,1406.2,1407.7,1406.0,1406.3,46701
1772177100,1406.4,1406.8,1404.3,1405.0,41467
1772177400,1405.0,1405.7,1404.8,1405.7,22437
1772177700,1405.6,1406.5,1405.4,1406.2,18166
1772178000,1406.2,1406.3,1405.1,1405.5,29606
1772178300,1405.5,1406.2,1405.1,1406.0,37131
1772178600,1405.9,1406.2,1405.6,1406.0,20533
1772178900,1406.0,1407.3,1405.3,1406.8,49956
1772179200,1406.7,1406.9,1405.6,1405.6,28848
1772179500,1405.7,1406.9,1404.1,1405.5,152034
1772179800,1405.4,1406.7,1405.1,1405.6,36431
1772180100,1405.7,1406.7,1405.5,1406.7,33432
1772180400,1406.7,1406.8,1406.0,1406.7,30757
1772180700,1406.6,1408.5,1406.6,1408.4,47235
1772181000,1408.3,1409.4,1406.6,1406.8,56021
1772181300,1406.8,1407.8,1406.1,1407.6,50615
1772181600,1407.6,1408.7,1407.3,1407.8,53943
1772181900,1407.8,1408.0,1407.0,1407.8,33852
1772182200,1407.7,1408.0,1406.8,1406.9,37820
1772182500,1406.9,1407.0,1404.5,1405.0,56790
1772182800,1405.0,1405.5,1403.3,1404.2,86160
1772183100,1403.9,1406.5,1403.9,1404.3,79779
1772183400,1404.4,1404.9,1403.0,1403.6,70230
1772183700,1403.6,1404.3,1403.0,1403.4,44735
1772184000,1403.3,1404.7,1403.2,1404.5,44865
1772184300,1404.4,1405.5,1403.6,1405.2,68821
1772184600,1405.2,1405.3,1394.1,1394.4,1273169
1772184900,1394.1,1395.6,1390.5,1391.7,1129666
1772185200,1391.7,1393.6,1391.0,1391.2,897758
1772185500,1391.1,1394.8,1391.0,1392.5,1084761
1772185800,1392.4,1394.9,1392.1,1394.1,1066805
1772186100,1394.0,1394.9,1392.5,1394.8,761703
1772423100,1375.5,1377.9,1362.3,1369.5,856024
1772423400,1369.0,1374.5,1366.9,1369.2,333036
1772423700,1369.4,1370.7,1366.0,1367.5,273010
1772424000,1367.4,1376.9,1367.2,1376.2,273671
1772424300,1376.4,1378.6,1372.9,1374.0,220199
1772424600,1374.0,1376.2,1372.0,1374.7,118230
1772424900,1374.7,1377.5,1374.1,1374.7,80124
1772425200,1374.5,1375.0,1371.5,1371.6,169243
1772425500,1371.8,1375.6,1371.2,1375.6,94795
1772425800,1375.6,1376.3,1369.5,1370.9,130146
1772426100,1370.4,1370.8,1365.2,1365.6,525223
1772426400,1365.6,1366.6,1364.1,1366.6,216901
1772426700,1366.5,1367.3,1365.0,1366.0,140885
1772427000,1366.1,1366.2,1364.5,1365.6,117164
1772427300,1365.6,1365.6,1363.4,1364.4,125731
1772427600,1364.4,1366.1,1363.6,1365.5,150182
1772427900,1365.4,1365.6,1363.5,1365.4,82703
1772428200,1365.4,1365.6,1363.6,1363.8,110535
1772428500,1363.8,1366.3,1363.6,1364.6,90511
1772428800,1364.5,1365.7,1364.4,1365.3,59311
1772429100,1365.2,1367.2,1365.2,1366.1,179401
1772429400,1366.1,1366.5,1364.5,1365.0,127131
1772429700,1364.9,1365.8,1364.1,1365.3,82971
1772430000,1365.6,1365.6,1364.0,1364.1,59564
1772430300,1364.1,1364.3,1361.8,1363.3,310207
1772430600,1363.2,1363.3,1361.4,1362.8,132764
1772430900,1362.3,1363.0,1358.6,1359.8,173278
1772431200,1359.7,1365.4,1359.0,1362.9,591772
1772431500,1362.9,1364.7,1362.7,1363.6,60424
1772431800,1363.7,1364.0,1362.4,1363.0,66790
1772432100,1362.8,1364.0,1362.6,1362.6,87224
1772432400,1362.8,1363.3,1361.1,1362.2,99099
1772432700,1361.8,1363.1,1361.3,1361.4,68333
1772433000,1361.4,1361.5,1360.0,1360.1,84342
1772433300,1360.5,1361.0,1360.0,1360.5,61552
1772433600,1360.5,1361.4,1358.9,1358.9,108242
1772433900,1358.9,1360.1,1357.5,1359.2,175920
1772434200,1359.1,1360.0,1356.4,1357.7,360679
1772434500,1357.5,1357.9,1355.0,1357.0,119239
1772434800,1356.8,1358.4,1355.9,1357.6,166804
1772435100,1357.6,1358.0,1353.1,1354.0,566338
1772435400,1353.6,1355.8,1353.3,1353.9,170063
1772435700,1353.6,1356.1,1353.3,1354.8,184089
1772436000,1354.3,1355.1,1351.9,1352.1,375029
1772436300,1352.0,1353.9,1351.3,1353.8,195312
1772436600,1353.9,1354.3,1352.2,1353.0,139425
1772436900,1352.5,1353.8,1352.3,1353.0,115430
1772437200,1352.8,1353.5,1351.0,1351.9,162499
1772437500,1351.7,1352.5,1350.1,1351.2,252446
1772437800,1351.0,1352.4,1350.2,1350.6,128782
1772438100,1350.6,1352.1,1347.8,1348.5,319513
1772438400,1349.0,1351.5,1348.0,1350.1,177215
1772438700,1350.0,1350.5,1348.3,1348.9,152254
1772439000,1348.7,1350.1,1346.7,1349.2,532031
1772439300,1349.2,1349.5,1346.5,1347.1,149441
1772439600,1347.0,1347.6,1346.1,1346.8,106466
1772439900,1346.8,1346.8,1342.4,1342.7,321833
1772440200,1343.0,1351.0,1341.5,1346.3,534521
1772440500,1346.3,1353.4,1346.3,1351.2,483168
1772440800,1351.3,1354.9,1351.2,1353.9,208516
1772441100,1353.8,1354.2,1350.5,1352.8,360757
1772441400,1352.8,1353.6,1349.0,1349.2,321835
1772441700,1349.3,1349.9,1345.5,1346.0,358412
1772442000,1346.0,1350.7,1346.0,1350.7,336816
1772442300,1350.9,1355.4,1350.7,1353.5,751876
1772442600,1353.2,1357.4,1352.5,1356.5,651041
1772442900,1356.3,1359.7,1353.5,1358.2,456407
1772443200,1358.2,1358.5,1356.0,1358.0,195334
1772443500,1358.2,1358.7,1355.0,1355.7,251042
1772443800,1355.8,1360.7,1354.0,1358.4,1334975
1772444100,1358.5,1360.1,1355.0,1356.5,2216512
1772444400,1357.1,1361.6,1354.0,1360.6,1425280
1772444700,1360.7,1361.7,1356.6,1361.2,1233233
1772445000,1361.3,1362.0,1357.3,1358.0,542846
1772445300,1358.0,1361.2,1357.7,1360.0,530053
1772595900,1330.0,1338.2,1316.0,1317.8,2702354
1772596200,1318.3,1320.6,1315.0,1316.0,1058940
1772596500,1315.9,1318.0,1308.6,1311.3,1797658
1772596800,1311.3,1315.0,1311.0,1313.0,1111009
1772597100,1313.0,1313.1,1307.1,1309.2,811336
1772597400,1309.6,1316.1,1307.0,1315.4,443532
1772597700,1315.4,1317.9,1315.0,1317.0,277772
1772598000,1316.8,1319.9,1314.7,1319.6,328481
1772598300,1319.6,1321.1,1318.4,1320.4,318826
1772598600,1320.3,1322.0,1318.2,1320.3,359506
1772598900,1320.0,1326.5,1320.0,1325.1,604479
1772599200,1325.0,1332.0,1322.6,1331.7,376975
1772599500,1331.7,1334.9,1329.6,1330.7,806215
1772599800,1330.8,1336.3,1330.5,1333.5,294072
1772600100,1333.3,1338.8,1332.5,1338.2,232926
1772600400,1338.2,1340.6,1337.1,1338.8,293491
1772600700,1339.0,1341.5,1335.6,1338.1,255629
1772601000,1338.0,1339.3,1336.2,1336.6,257836
1772601300,1336.7,1340.0,1336.6,1337.7,220582
1772601600,1337.5,1337.7,1335.0,1337.1,215427
1772601900,1337.1,1340.5,1336.3,1340.0,250884
1772602200,1340.0,1345.6,1339.1,1344.8,315516
1772602500,1344.8,1347.0,1340.7,1347.0,488592
1772602800,1347.0,1348.0,1343.2,1343.8,274619
1772603100,1343.8,1345.6,1343.5,1344.8,226989
1772603400,1344.9,1347.4,1344.0,1345.0,364987
1772603700,1344.9,1347.2,1341.4,1341.6,276603
1772604000,1341.9,1344.4,1341.2,1343.3,412040
1772604300,1343.3,1345.0,1341.1,1341.4,159929
1772604600,1341.3,1342.5,1340.1,1340.4,215290
1772604900,1340.5,1344.0,1338.2,1343.8,295417
1772605200,1343.7,1345.5,1343.7,1344.1,138919
1772605500,1344.1,1345.7,1344.0,1345.2,101652
1772605800,1345.5,1346.6,1344.2,1344.3,100472
1772606100,1344.3,1346.8,1344.0,1346.4,111947
1772606400,1346.0,1346.6,1344.0,1344.3,112221
1772606700,1344.5,1344.7,1342.9,1343.7,171093
1772607000,1344.1,1345.5,1343.6,1345.0,260194
1772607300,1344.9,1345.0,1343.5,1344.8,133549
1772607600,1345.0,1345.4,1344.3,1345.1,118498
1772607900,1345.1,1345.2,1344.3,1345.0,120109
1772608200,1344.9,1345.0,1341.6,1344.4,169452
1772608500,1344.4,1345.7,1343.5,1344.2,140464
1772608800,1344.2,1344.2,1342.3,1343.5,191773
1772609100,1343.6,1347.0,1343.3,1345.3,168306
1772609400,1345.5,1346.0,1341.1,1341.2,114864
1772609700,1341.2,1342.5,1340.2,1341.9,174323
1772610000,1341.9,1342.7,1341.0,1341.5,99408
1772610300,1341.5,1342.6,1339.7,1340.0,301559
1772610600,1340.1,1341.0,1337.5,1340.9,197685
1772610900,1340.9,1342.6,1338.5,1338.6,166987
1772611200,1338.7,1339.6,1335.5,1336.5,426291
1772611500,1336.5,1336.5,1334.2,1336.1,561397
1772611800,1336.1,1340.5,1336.1,1339.6,346106
1772612100,1339.6,1340.4,1336.2,1337.2,248912
1772612400,1337.1,1338.2,1336.2,1336.9,200097
1772612700,1337.2,1339.7,1336.2,1339.2,343679
1772613000,1339.2,1341.7,1338.9,1341.3,220980
1772613300,1341.3,1342.9,1339.6,1342.7,213499
1772613600,1342.2,1347.5,1340.7,1345.5,420970
1772613900,1345.6,1345.8,1343.1,1345.1,366163
1772614200,1345.1,1345.5,1343.7,1344.7,766473
1772614500,1345.1,1347.7,1343.1,1346.5,406801
1772614800,1346.5,1347.8,1345.1,1346.2,472117
1772615100,1345.8,1347.0,1344.6,1345.6,320672
1772615400,1345.6,1351.5,1345.5,1349.4,633697
1772615700,1349.4,1350.9,1347.5,1348.3,379001
1772616000,1348.4,1350.0,1347.4,1349.3,729085
1772616300,1349.3,1352.8,1349.1,1351.5,206136
1772616600,1351.7,1351.7,1345.3,1346.1,954507
1772616900,1346.0,1347.0,1342.1,1342.3,992022
1772617200,1342.3,1344.0,1340.0,1343.8,817312
1772617500,1343.7,1345.7,1343.0,1343.9,745709
1772617800,1344.0,1347.2,1343.8,1344.2,730063
1772618100,1344.0,1349.4,1343.9,1345.3,767604
1772682300,1353.1,1374.5,1353.1,1369.0,1188425
1772682600,1369.6,1378.9,1367.3,1377.9,512506
1772682900,1377.7,1378.0,1368.6,1373.3,460098
1772683200,1373.7,1376.1,1373.0,1373.7,238445
1772683500,1373.4,1373.8,1370.7,1372.6,965297
1772683800,1372.7,1380.8,1372.4,1376.4,543610
1772684100,1376.3,1382.7,1375.1,1380.1,478494
1772684400,1380.5,1385.9,1380.1,1383.5,343764
1772684700,1383.1,1385.9,1381.6,1384.8,313757
1772685000,1384.6,1387.3,1384.5,1384.7,214165
1772685300,1384.7,1386.6,1383.3,1384.5,197066
1772685600,1384.6,1386.0,1383.5,1384.0,431933
1772685900,1384.5,1385.5,1381.2,1381.6,131057
1772686200,1381.6,1381.9,1379.0,1379.5,620750
1772686500,1379.6,1379.8,1374.3,1377.5,396122
1772686800,1377.2,1378.0,1375.1,1375.7,136897
1772687100,1375.9,1380.9,1375.7,1379.7,170480
1772687400,1379.6,1384.5,1379.4,1384.1,127583
1772687700,1383.7,1385.5,1382.4,1382.5,222653
1772688000,1382.5,1383.7,1381.7,1383.7,60550
1772688300,1383.5,1385.0,1383.0,1384.0,61267
1772688600,1383.9,1385.5,1381.4,1383.0,147921
1772688900,1383.0,1384.7,1382.7,1383.4,202964
1772689200,1383.4,1383.9,1382.5,1382.6,79298
1772689500,1382.5,1385.0,1382.0,1384.1,108598
1772689800,1383.8,1384.4,1381.2,1382.1,119487
1772690100,1382.1,1383.0,1380.2,1380.9,104556
1772690400,1380.9,1385.9,1380.8,1383.4,78825
1772690700,1383.9,1383.9,1381.6,1382.9,187888
1772691000,1382.8,1383.2,1381.3,1382.2,315218
1772691300,1382.7,1383.2,1381.4,1381.6,170492
1772691600,1381.4,1382.3,1379.4,1382.1,601018
1772691900,1382.1,1382.8,1380.6,1382.5,144047
1772692200,1382.7,1385.8,1382.4,1385.5,349183
1772692500,1385.6,1388.5,1383.6,1384.7,704076
1772692800,1384.5,1386.4,1383.7,1385.6,106201
1772693100,1385.7,1386.0,1384.1,1385.0,262438
1772693400,1385.2,1386.5,1384.1,1384.1,103538
1772693700,1384.0,1385.4,1383.2,1384.8,160649
1772694000,1384.8,1385.0,1383.2,1383.4,49984
1772694300,1383.5,1384.4,1383.0,1384.2,63643
1772694600,1384.2,1385.9,1384.0,1384.7,69506
1772694900,1384.7,1385.1,1383.2,1383.4,76606
1772695200,1383.3,1384.7,1383.3,1384.2,69221
1772695500,1384.5,1385.0,1383.5,1383.6,99285
1772695800,1383.6,1383.7,1381.7,1382.3,117796
1772696100,1382.4,1382.8,1382.0,1382.3,91577
1772696400,1382.2,1382.5,1381.1,1381.6,85459
1772696700,1381.7,1382.2,1381.5,1381.7,296898
1772697000,1381.7,1382.7,1380.8,1382.5,125542
1772697300,1382.4,1384.5,1382.4,1384.3,129471
1772697600,1384.4,1386.2,1381.8,1383.2,599615
1772697900,1383.1,1383.5,1381.4,1382.7,257680
1772698200,1382.7,1383.4,1381.5,1382.7,292485
1772698500,1382.8,1383.6,1382.0,1382.5,93816
1772698800,1382.6,1382.6,1381.7,1381.7,84748
1772699100,1381.8,1381.8,1379.4,1380.6,542597
1772699400,1380.6,1381.8,1378.8,1379.0,220349
1772699700,1379.2,1379.8,1377.0,1377.3,160562
1772700000,1377.4,1378.5,1376.7,1377.9,135955
1772700300,1377.9,1379.0,1376.0,1376.9,410167
1772700600,1377.1,1380.8,1377.0,1379.6,307275
1772700900,1379.7,1381.9,1379.1,1381.9,195945
1772701200,1381.9,1381.9,1378.3,1378.7,276702
1772701500,1378.6,1387.1,1378.1,1386.2,474973
1772701800,1386.2,1392.8,1385.5,1389.7,549866
1772702100,1389.5,1391.5,1387.5,1390.2,615153
1772702400,1390.2,1398.0,1389.3,1397.8,495416
1772702700,1397.8,1399.0,1394.3,1398.8,483631
1772703000,1398.6,1398.8,1384.3,1390.7,1943763
1772703300,1390.5,1392.0,1387.9,1389.8,1229823
1772703600,1389.9,1392.5,1387.3,1387.8,1261482
1772703900,1387.5,1390.8,1384.3,1385.2,755602
1772704200,1385.2,1387.8,1383.5,1385.3,970310
1772704500,1385.2,1389.9,1385.2,1386.4,489426
1772768700,1396.5,1402.0,1390.3,1400.9,759730
1772769000,1400.9,1408.3,1400.5,1407.2,773233
1772769300,1407.2,1415.7,1406.7,1414.6,911264
1772769600,1414.7,1417.5,1412.8,1416.6,464912
1772769900,1416.5,1419.5,1413.8,1414.2,691915
1772770200,1414.2,1415.9,1412.2,1415.2,377065
1772770500,1415.0,1417.0,1412.2,1413.0,223529
1772770800,1413.0,1414.4,1412.7,1414.0,108365
1772771100,1414.0,1414.9,1410.2,1411.9,194677
1772771400,1411.9,1415.0,1409.8,1413.9,212769
1772771700,1414.3,1417.8,1413.1,1417.7,165063
1772772000,1417.8,1418.5,1417.0,1417.5,136777
1772772300,1417.2,1423.9,1417.2,1423.8,364174
1772772600,1423.9,1424.3,1421.3,1423.6,214140
1772772900,1423.5,1424.0,1421.3,1422.5,190651
1772773200,1422.5,1422.7,1420.0,1420.4,191662
1772773500,1420.8,1421.8,1418.6,1419.7,195930
1772773800,1419.2,1420.2,1418.1,1420.2,129300
1772774100,1420.1,1420.2,1415.9,1416.3,290223
1772774400,1416.7,1419.0,1415.7,1416.1,190315
1772774700,1416.0,1417.7,1415.5,1417.5,144767
1772775000,1417.6,1420.3,1417.5,1420.2,172736
1772775300,1420.1,1422.7,1417.3,1418.8,210018
1772775600,1418.8,1419.3,1415.8,1416.1,88273
1772775900,1416.4,1417.3,1415.1,1416.9,130894
1772776200,1416.6,1418.4,1413.0,1413.1,308745
1772776500,1413.2,1415.8,1412.0,1415.5,252518
1772776800,1415.1,1418.0,1415.1,1417.7,126170
1772777100,1417.8,1422.0,1417.7,1422.0,227722
1772777400,1422.0,1422.0,1418.3,1418.4,263827
1772777700,1418.4,1420.9,1417.8,1420.7,106820
1772778000,1420.7,1421.9,1420.0,1420.8,205761
1772778300,1420.8,1421.1,1417.2,1417.6,338257
1772778600,1418.2,1418.2,1416.0,1416.3,120912
1772778900,1416.2,1418.0,1415.6,1417.8,137550
1772779200,1417.8,1418.5,1414.2,1416.0,139696
1772779500,1416.2,1416.2,1412.8,1413.5,198426
1772779800,1413.5,1416.2,1413.0,1415.5,147820
1772780100,1415.5,1416.3,1412.1,1413.9,616510
1772780400,1413.7,1416.8,1413.7,1415.6,137578
1772780700,1415.5,1416.5,1415.0,1415.4,76424
1772781000,1415.3,1417.6,1415.3,1417.4,105867
1772781300,1417.4,1417.7,1415.6,1417.5,95588
1772781600,1417.5,1420.1,1417.3,1418.2,241690
1772781900,1418.2,1419.7,1417.2,1419.6,192423
1772782200,1419.6,1420.5,1417.6,1418.3,190403
1772782500,1418.3,1419.0,1416.0,1417.3,111824
1772782800,1417.4,1418.9,1417.0,1418.1,95058
1772783100,1417.9,1418.2,1415.8,1417.3,157449
1772783400,1417.4,1418.8,1416.4,1418.3,121621
1772783700,1418.3,1419.0,1416.9,1417.8,178554
1772784000,1417.8,1417.9,1413.4,1414.9,180625
1772784300,1415.1,1418.7,1413.1,1417.4,262565
1772784600,1417.3,1417.5,1415.5,1415.5,113786
1772784900,1415.4,1415.7,1411.1,1412.2,409520
1772785200,1412.4,1413.7,1410.6,1411.2,290421
1772785500,1411.4,1411.4,1408.5,1408.6,349897
1772785800,1409.3,1412.7,1408.0,1411.5,336595
1772786100,1411.5,1413.3,1411.3,1413.3,227178
1772786400,1413.0,1414.9,1411.1,1411.6,421591
1772786700,1411.6,1414.7,1411.4,1413.9,119970
1772787000,1413.9,1414.5,1412.0,1414.0,112814
1772787300,1414.1,1414.5,1412.4,1413.9,282517
1772787600,1413.9,1417.2,1413.8,1416.0,217264
1772787900,1415.8,1417.0,1413.9,1414.1,151181
1772788200,1414.1,1414.3,1410.2,1410.8,166289
1772788500,1410.8,1412.2,1402.2,1405.1,505367
1772788800,1405.1,1409.7,1404.7,1407.2,176268
1772789100,1407.2,1408.1,1405.6,1406.4,108679
1772789400,1406.6,1407.8,1404.5,1404.9,432241
1772789700,1405.0,1405.6,1403.1,1405.6,455990
1772790000,1405.5,1406.4,1403.9,1404.7,427513
1772790300,1404.8,1404.8,1401.0,1403.0,374760
1772790600,1403.0,1404.9,1402.7,1404.8,335124
1772790900,1404.8,1409.7,1404.4,1407.0,258525
1773027900,1375.0,1401.7,1370.0,1392.6,2194533
1773028200,1392.2,1407.0,1390.8,1397.0,1843903
1773028500,1396.9,1404.9,1394.3,1401.9,597290
1773028800,1401.8,1405.0,1400.0,1400.7,366030
1773029100,1400.7,1409.0,1396.2,1403.6,530438
1773029400,1403.5,1405.6,1395.4,1400.7,895825
1773029700,1400.4,1404.0,1398.2,1403.3,312407
1773030000,1403.7,1405.5,1402.2,1405.0,235103
1773030300,1405.3,1413.3,1404.8,1411.6,677197
1773030600,1411.6,1412.0,1407.4,1408.3,321291
1773030900,1408.1,1409.7,1404.7,1407.5,342031
1773031200,1407.6,1408.1,1401.2,1402.0,221706
1773031500,1402.0,1403.2,1399.1,1401.0,268571
1773031800,1400.5,1402.4,1397.0,1397.9,198460
1773032100,1397.9,1399.8,1396.2,1398.6,354021
1773032400,1398.6,1401.7,1397.3,1401.0,245599
1773032700,1400.9,1403.6,1399.8,1402.7,221253
1773033000,1402.7,1403.3,1400.2,1402.1,80050
1773033300,1401.8,1402.3,1398.9,1399.4,125878
1773033600,1399.4,1402.5,1397.1,1400.8,341456
1773033900,1400.7,1402.5,1399.1,1399.9,118902
1773034200,1400.0,1400.0,1397.5,1398.5,109478
1773034500,1398.8,1402.5,1398.5,1399.9,307511
1773034800,1399.9,1400.7,1393.4,1396.0,263776
1773035100,1396.0,1396.0,1391.0,1393.8,249332
1773035400,1393.9,1396.0,1393.1,1393.5,130175
1773035700,1393.6,1398.0,1393.0,1397.1,277349
1773036000,1396.9,1400.4,1395.7,1399.1,386838
1773036300,1399.3,1403.0,1399.3,1402.0,287065
1773036600,1401.9,1406.0,1401.2,1402.6,605684
1773036900,1402.7,1404.6,1400.8,1402.7,142977
1773037200,1402.8,1402.9,1401.0,1401.6,121504
1773037500,1401.7,1405.3,1401.2,1404.0,104611
1773037800,1404.1,1404.1,1400.0,1401.0,148039
1773038100,1400.9,1401.0,1396.8,1397.1,192154
1773038400,1397.0,1399.6,1395.5,1398.9,127823
1773038700,1398.9,1400.1,1398.4,1399.6,179255
1773039000,1399.6,1401.5,1399.0,1401.3,196680
1773039300,1401.3,1401.5,1398.9,1399.6,229376
1773039600,1399.6,1399.9,1397.1,1397.9,187474
1773039900,1397.9,1399.0,1397.0,1398.9,76793
1773040200,1398.9,1399.9,1397.5,1399.8,95644
1773040500,1399.7,1401.1,1399.2,1400.6,182728
1773040800,1400.7,1404.4,1400.1,1403.8,187896
1773041100,1403.8,1407.0,1402.5,1407.0,412453
1773041400,1407.0,1407.7,1404.2,1406.7,564258
1773041700,1406.6,1407.9,1405.5,1405.7,297833
1773042000,1405.7,1406.4,1403.4,1403.7,127985
1773042300,1403.7,1404.8,1402.3,1402.8,606703
1773042600,1402.8,1406.9,1402.5,1404.9,220587
1773042900,1404.9,1407.8,1404.2,1405.8,292963
1773043200,1405.8,1409.5,1405.3,1407.6,353505
1773043500,1407.5,1408.4,1406.3,1407.0,160416
1773043800,1407.0,1408.0,1405.4,1405.8,266688
1773044100,1405.8,1407.0,1403.3,1405.6,218346
1773044400,1405.6,1407.9,1404.5,1407.0,155046
1773044700,1407.0,1408.8,1406.5,1407.7,118973
1773045000,1407.8,1408.4,1405.8,1408.3,125656
1773045300,1408.2,1409.1,1407.3,1408.4,110173
1773045600,1408.3,1410.3,1407.2,1408.7,147388
1773045900,1408.7,1409.5,1407.3,1409.0,146447
1773046200,1409.0,1411.0,1408.1,1409.9,186775
1773046500,1409.8,1412.4,1409.8,1411.4,165143
1773046800,1411.3,1413.9,1410.0,1412.0,296299
1773047100,1412.1,1413.4,1411.1,1412.8,187653
1773047400,1412.7,1415.0,1411.5,1414.5,139143
1773047700,1414.7,1420.0,1413.4,1418.1,455670
1773048000,1418.2,1420.7,1416.7,1420.6,274662
1773048300,1420.2,1421.9,1419.9,1420.9,192086
1773048600,1420.9,1428.6,1419.0,1427.1,717488
1773048900,1427.5,1429.4,1425.1,1425.8,548956
1773049200,1425.8,1426.9,1424.1,1425.0,475320
1773049500,1425.0,1425.0,1421.4,1422.3,420506
1773049800,1422.3,1422.7,1420.0,1420.3,312207
1773050100,1420.3,1421.5,1418.6,1418.6,331573
1773114300,1430.6,1431.5,1400.6,1401.7,688400
1773114600,1402.3,1409.8,1401.9,1409.2,361485
1773114900,1409.7,1410.8,1404.1,1408.7,376572
1773115200,1408.9,1409.9,1403.6,1404.9,311572
1773115500,1405.0,1408.8,1402.6,1406.5,276828
1773115800,1406.4,1410.9,1403.9,1410.6,323566
1773116100,1410.5,1410.7,1407.2,1410.6,152343
1773116400,1410.5,1412.0,1410.1,1411.3,172696
1773116700,1411.2,1411.6,1409.7,1411.5,157235
1773117000,1411.5,1415.0,1411.2,1414.1,170431
1773117300,1414.3,1414.9,1412.6,1413.2,84942
1773117600,1413.3,1414.7,1412.3,1413.3,104409
1773117900,1413.2,1417.7,1412.7,1416.5,173481
1773118200,1416.7,1416.9,1414.3,1415.4,113409
1773118500,1415.3,1415.8,1413.2,1414.3,85921
1773118800,1414.0,1416.8,1414.0,1416.6,87153
1773119100,1416.6,1418.0,1415.1,1416.5,112023
1773119400,1416.5,1421.0,1416.2,1420.0,141145
1773119700,1420.1,1420.8,1418.1,1418.3,102051
1773120000,1418.2,1418.3,1415.0,1415.1,91728
1773120300,1415.1,1416.8,1412.3,1416.4,105820
1773120600,1416.0,1417.0,1414.3,1416.4,65163
1773120900,1416.4,1418.6,1415.0,1418.4,105084
1773121200,1418.5,1418.6,1414.7,1415.0,154497
1773121500,1415.2,1418.5,1414.7,1415.0,161888
1773121800,1415.0,1417.5,1415.0,1417.2,241539
1773122100,1417.2,1417.4,1415.1,1416.2,165664
1773122400,1416.6,1418.7,1416.6,1416.8,124423
1773122700,1416.8,1417.8,1416.6,1417.5,67217
1773123000,1417.5,1418.5,1416.5,1416.6,81818
1773123300,1416.8,1416.9,1411.6,1411.9,121246
1773123600,1411.8,1412.7,1410.0,1412.6,108565
1773123900,1412.7,1413.9,1411.1,1412.4,87719
1773124200,1412.3,1413.3,1411.4,1411.9,55151
1773124500,1411.9,1414.6,1411.2,1411.4,127993
1773124800,1411.4,1412.9,1410.0,1410.0,67076
1773125100,1410.1,1411.5,1408.2,1409.5,188137
1773125400,1409.5,1410.0,1406.7,1408.0,128532
1773125700,1408.0,1410.0,1407.8,1410.0,167184
1773126000,1410.0,1412.6,1409.1,1412.5,346849
1773126300,1412.5,1414.7,1409.6,1409.6,569799
1773126600,1410.0,1410.2,1407.2,1407.2,293710
1773126900,1407.3,1410.5,1405.7,1410.4,216472
1773127200,1410.3,1412.4,1409.8,1411.9,143700
1773127500,1411.9,1413.8,1411.0,1411.2,100589
1773127800,1411.4,1412.5,1409.3,1410.2,218615
1773128100,1410.2,1410.8,1408.2,1408.5,318855
1773128400,1408.6,1409.7,1407.2,1407.9,273796
1773128700,1408.3,1409.3,1407.3,1408.1,225386
1773129000,1408.1,1409.9,1407.6,1409.3,147566
1773129300,1409.3,1411.3,1408.8,1411.0,119557
1773129600,1411.0,1413.6,1410.9,1413.3,425028
1773129900,1413.3,1415.8,1412.2,1414.5,410376
1773130200,1414.5,1415.3,1412.9,1413.4,78995
1773130500,1413.4,1413.5,1412.6,1412.9,82224
1773130800,1412.9,1414.0,1412.7,1413.5,71178
1773131100,1413.5,1413.8,1412.3,1412.4,99017
1773131400,1412.3,1412.5,1410.6,1411.1,120461
1773131700,1411.2,1415.6,1411.0,1413.9,182069
1773132000,1413.9,1414.3,1413.1,1414.0,265133
1773132300,1414.0,1414.8,1411.8,1412.1,152288
1773132600,1412.1,1412.2,1410.5,1410.8,114828
1773132900,1410.8,1411.6,1408.6,1409.8,198984
1773133200,1410.0,1411.4,1408.8,1409.2,279977
1773133500,1409.2,1412.8,1409.1,1411.7,129023
1773133800,1411.7,1412.8,1410.0,1411.7,321180
1773134100,1411.7,1414.0,1411.1,1413.7,268946
1773134400,1413.8,1415.3,1411.4,1414.0,350675
1773134700,1413.6,1414.1,1411.3,1412.6,311028
1773135000,1412.7,1412.7,1406.6,1409.5,1132970
1773135300,1409.5,1411.5,1406.2,1407.4,967207
1773135600,1407.4,1410.4,1405.9,1408.5,994222
1773135900,1408.5,1410.0,1408.5,1409.5,511230
1773136200,1409.5,1411.0,1405.7,1410.8,689766
1773136500,1410.7,1412.2,1409.6,1410.9,424493
1773200700,1424.9,1432.5,1416.0,1431.1,2238998
1773201000,1431.5,1434.0,1424.0,1424.0,919712
1773201300,1425.0,1425.0,1419.0,1419.8,517626
1773201600,1420.0,1420.9,1412.1,1412.8,548103
1773201900,1412.8,1413.3,1404.0,1406.7,702701
1773202200,1406.6,1407.1,1401.8,1401.8,436441
1773202500,1402.0,1407.0,1401.1,1406.1,323124
1773202800,1405.8,1407.0,1396.7,1397.7,469255
1773203100,1397.8,1400.4,1395.1,1399.1,261674
1773203400,1399.2,1405.0,1396.4,1404.5,338304
1773203700,1404.6,1405.0,1401.8,1402.6,123150
1773204000,1402.6,1404.3,1401.7,1403.7,108482
1773204300,1403.7,1404.9,1403.1,1403.5,103314
1773204600,1403.5,1403.6,1401.0,1401.5,95661
1773204900,1401.5,1402.9,1400.4,1402.7,100577
1773205200,1402.7,1404.7,1402.0,1403.3,78643
1773205500,1403.0,1403.3,1401.0,1401.5,162328
1773205800,1401.6,1403.4,1401.1,1401.8,93027
1773206100,1401.9,1404.3,1399.5,1404.0,236655
1773206400,1403.7,1404.9,1399.2,1400.3,328857
1773206700,1400.3,1401.6,1399.8,1401.0,97831
1773207000,1401.2,1401.5,1399.7,1400.6,379386
1773207300,1400.8,1401.0,1399.4,1399.8,120515
1773207600,1399.6,1399.9,1398.0,1399.3,95431
1773207900,1399.5,1399.5,1397.0,1399.4,124670
1773208200,1399.3,1399.3,1396.9,1396.9,93532
1773208500,1397.6,1400.2,1397.2,1400.2,136565
1773208800,1400.1,1400.4,1397.1,1397.7,96222
1773209100,1397.7,1398.6,1395.5,1397.2,138534
1773209400,1397.3,1397.9,1396.6,1397.2,103002
1773209700,1397.3,1398.4,1396.4,1397.1,88844
1773210000,1397.1,1397.2,1392.1,1395.1,303046
1773210300,1395.0,1395.5,1393.9,1394.9,90647
1773210600,1395.0,1397.6,1394.6,1397.6,73209
1773210900,1397.2,1397.9,1396.1,1397.0,131168
1773211200,1397.0,1398.7,1396.6,1397.8,102147
1773211500,1397.9,1400.0,1397.7,1399.2,159372
1773211800,1399.2,1401.0,1399.0,1400.6,130174
1773212100,1400.9,1402.2,1400.0,1401.9,141541
1773212400,1401.7,1402.2,1400.0,1400.8,233414
1773212700,1400.9,1401.4,1397.7,1398.5,173734
1773213000,1398.5,1401.5,1398.0,1401.5,121616
1773213300,1401.4,1401.8,1399.5,1400.7,185375
1773213600,1400.9,1401.5,1399.1,1400.0,125068
1773213900,1400.0,1400.2,1398.0,1398.8,145225
1773214200,1398.8,1400.8,1398.4,1400.8,252856
1773214500,1400.8,1402.9,1400.5,1402.6,429862
1773214800,1402.6,1402.7,1400.2,1401.0,454939
1773215100,1400.8,1402.4,1399.5,1402.1,183686
1773215400,1402.1,1403.9,1401.5,1403.8,120159
1773215700,1403.8,1404.6,1401.9,1404.0,155657
1773216000,1403.9,1405.9,1402.6,1403.2,203622
1773216300,1402.8,1404.0,1402.1,1402.3,116375
1773216600,1402.4,1404.3,1402.0,1402.1,153288
1773216900,1402.0,1402.2,1399.3,1399.8,223615
1773217200,1399.8,1401.1,1398.8,1400.4,140944
1773217500,1400.4,1400.5,1399.0,1400.4,115410
1773217800,1400.4,1400.6,1398.6,1399.9,108434
1773218100,1399.9,1400.0,1397.6,1398.3,140586
1773218400,1398.3,1398.8,1397.4,1398.3,151950
1773218700,1398.2,1398.9,1392.1,1392.9,497899
1773219000,1392.8,1393.8,1391.0,1392.3,462057
1773219300,1392.2,1395.9,1391.8,1395.4,270753
1773219600,1395.5,1395.8,1391.2,1391.6,559707
1773219900,1391.7,1394.2,1391.2,1393.9,266891
1773220200,1393.9,1393.9,1390.6,1391.8,220705
1773220500,1391.7,1393.3,1391.0,1392.3,102584
1773220800,1392.3,1394.1,1391.0,1393.2,412336
1773221100,1393.1,1393.4,1390.0,1390.1,357119
1773221400,1390.0,1393.8,1390.0,1392.1,484601
1773221700,1392.2,1394.1,1391.0,1392.9,557071
1773222000,1393.0,1393.5,1389.0,1389.6,742107
1773222300,1389.7,1390.6,1389.1,1389.9,584385
1773222600,1389.9,1390.4,1386.2,1387.0,644112
1773222900,1387.0,1387.5,1383.6,1387.0,661096
1773287100,1390.0,1393.3,1381.1,1392.8,749619
1773287400,1393.0,1397.0,1391.2,1396.5,623691
1773287700,1396.5,1397.0,1390.1,1390.3,474093
1773288000,1390.1,1394.0,1387.7,1387.7,357417
1773288300,1387.4,1391.5,1387.4,1390.3,302677
1773288600,1390.4,1392.8,1390.2,1392.7,276451
1773288900,1392.8,1394.0,1392.0,1392.5,221398
1773289200,1392.5,1395.0,1391.3,1395.0,237858
1773289500,1395.0,1398.7,1394.1,1397.9,423395
1773289800,1397.9,1398.9,1394.5,1395.2,232901
1773290100,1395.4,1395.9,1393.0,1393.8,147615
1773290400,1394.0,1396.0,1393.1,1393.6,121191
1773290700,1393.8,1395.5,1393.5,1395.2,96551
1773291000,1395.2,1395.9,1394.0,1394.6,84861
1773291300,1394.3,1402.5,1394.2,1400.0,282630
1773291600,1399.8,1403.4,1398.2,1402.5,199625
1773291900,1402.8,1404.0,1401.0,1401.8,232181
1773292200,1401.9,1402.9,1400.4,1402.5,143829
1773292500,1402.6,1405.4,1402.6,1404.2,170490
1773292800,1404.4,1404.8,1401.6,1404.0,104112
1773293100,1403.6,1406.9,1402.3,1406.8,160482
1773293400,1406.9,1409.9,1406.9,1409.8,168549
1773293700,1409.9,1410.0,1407.6,1408.6,177469
1773294000,1408.8,1410.9,1406.1,1406.9,162693
1773294300,1406.8,1408.8,1402.3,1404.2,295931
1773294600,1404.8,1405.7,1402.1,1405.6,132852
1773294900,1405.4,1406.3,1403.8,1405.3,123365
1773295200,1405.3,1406.1,1403.0,1405.8,80887
1773295500,1406.1,1407.6,1405.5,1406.9,88671
1773295800,1406.7,1407.5,1404.2,1404.5,58814
1773296100,1404.6,1406.9,1404.3,1405.5,77769
1773296400,1405.8,1407.3,1405.3,1406.8,57112
1773296700,1407.0,1409.1,1406.7,1408.5,95307
1773297000,1408.5,1409.8,1408.2,1409.7,88530
1773297300,1409.8,1409.9,1407.0,1409.0,126994
1773297600,1408.9,1409.9,1407.6,1409.7,117149
1773297900,1409.9,1409.9,1407.2,1407.7,105555
1773298200,1407.8,1409.9,1406.1,1407.8,113363
1773298500,1407.8,1408.1,1406.1,1406.2,67575
1773298800,1405.9,1406.2,1403.1,1405.0,290272
1773299100,1404.7,1407.0,1404.3,1405.8,80157
1773299400,1405.7,1406.9,1405.3,1406.0,49626
1773299700,1406.0,1407.7,1405.6,1407.0,49809
1773300000,1407.0,1407.2,1404.0,1405.1,108729
1773300300,1405.1,1405.4,1403.3,1404.1,135248
1773300600,1404.1,1404.6,1401.5,1403.3,195242
1773300900,1403.1,1405.2,1400.0,1405.1,239979
1773301200,1404.9,1408.5,1404.7,1407.5,116731
1773301500,1407.2,1407.6,1405.1,1405.5,161945
1773301800,1405.5,1407.8,1404.6,1407.5,96827
1773302100,1407.6,1409.7,1406.4,1409.0,120649
1773302400,1409.0,1409.8,1406.4,1409.0,216443
1773302700,1409.0,1410.5,1408.6,1410.1,196614
1773303000,1410.2,1410.2,1407.5,1408.4,114141
1773303300,1408.4,1409.2,1405.4,1405.6,172354
1773303600,1405.8,1406.7,1404.3,1405.4,153103
1773303900,1405.7,1405.7,1404.0,1404.8,268694
1773304200,1404.8,1406.9,1403.9,1406.9,116688
1773304500,1406.9,1408.7,1403.4,1404.2,129501
1773304800,1404.3,1405.2,1402.7,1404.2,332121
1773305100,1404.3,1405.9,1403.3,1405.5,137551
1773305400,1405.5,1405.6,1403.0,1404.4,229160
1773305700,1404.0,1404.6,1401.3,1401.7,163689
1773306000,1401.5,1403.2,1400.9,1402.5,262352
1773306300,1402.6,1402.8,1400.5,1401.1,346235
1773306600,1401.2,1401.5,1398.1,1399.4,410422
1773306900,1399.1,1400.0,1398.2,1398.8,466282
1773307200,1399.0,1399.0,1393.1,1395.5,816308
1773307500,1395.9,1397.5,1394.5,1395.1,338169
1773307800,1395.2,1396.7,1392.0,1396.6,1327108
1773308100,1396.6,1396.7,1393.5,1395.4,1054782
1773308400,1395.5,1396.5,1388.7,1390.6,1652651
1773308700,1390.7,1395.0,1388.9,1393.2,1085694
1773309000,1393.2,1393.2,1388.6,1390.0,1000300
1773309300,1390.1,1391.0,1388.1,1391.0,421139
1773373500,1385.2,1397.8,1383.7,1394.3,615243
1773373800,1393.8,1396.7,1390.6,1392.6,201146
1773374100,1392.6,1396.0,1391.5,1395.6,153435
1773374400,1395.6,1397.1,1394.0,1395.9,172158
1773374700,1396.0,1396.8,1393.3,1396.0,159082
1773375000,1396.2,1397.4,1391.3,1391.3,307362
1773375300,1391.8,1398.0,1390.1,1397.5,560622
1773375600,1398.2,1399.5,1392.5,1393.6,367255
1773375900,1393.7,1394.5,1393.0,1393.8,119595
1773376200,1393.8,1397.8,1392.0,1397.6,844863
1773376500,1397.5,1397.8,1395.7,1396.5,113126
1773376800,1396.9,1397.5,1393.8,1396.5,138591
1773377100,1396.2,1396.7,1395.0,1396.0,86964
1773377400,1396.0,1398.0,1395.1,1395.4,97265
1773377700,1395.9,1399.2,1395.0,1399.2,350060
1773378000,1399.4,1400.8,1394.0,1394.4,227421
1773378300,1394.0,1397.0,1393.4,1397.0,202654
1773378600,1397.0,1397.8,1394.0,1395.3,182573
1773378900,1395.4,1395.8,1393.6,1394.9,389142
1773379200,1394.9,1395.3,1394.0,1394.4,214793
1773379500,1394.3,1395.1,1392.5,1395.1,99485
1773379800,1395.0,1395.1,1393.0,1393.2,89692
1773380100,1393.0,1395.0,1392.1,1392.9,251119
1773380400,1392.9,1393.5,1391.0,1392.1,121517
1773380700,1391.5,1392.1,1389.6,1391.0,112742
1773381000,1390.8,1390.8,1387.1,1389.9,175889
1773381300,1390.0,1392.5,1389.6,1392.0,79935
1773381600,1392.5,1394.7,1389.6,1393.9,226930
1773381900,1394.3,1395.4,1392.0,1395.0,115102
1773382200,1394.6,1397.6,1394.1,1397.3,252689
1773382500,1397.6,1398.0,1395.0,1398.0,153961
1773382800,1398.4,1400.0,1397.0,1397.5,120261
1773383100,1397.5,1397.5,1395.6,1395.8,48514
1773383400,1396.3,1396.9,1395.5,1396.6,32854
1773383700,1396.6,1396.6,1390.4,1391.0,86014
1773384000,1391.0,1391.9,1389.4,1391.4,88821
1773384300,1391.6,1392.0,1390.1,1390.5,123176
1773384600,1390.5,1390.9,1387.3,1388.4,154293
1773384900,1388.6,1391.1,1387.0,1387.4,360204
1773385200,1387.4,1387.9,1384.5,1385.6,209777
1773385500,1385.5,1385.6,1382.0,1382.6,117936
1773385800,1383.3,1384.1,1380.1,1383.6,167562
1773386100,1383.6,1385.6,1383.5,1385.2,229648
1773386400,1385.2,1385.5,1381.5,1383.1,118062
1773386700,1383.1,1384.1,1381.2,1382.2,142768
1773387000,1382.2,1385.0,1382.0,1384.4,84279
1773387300,1384.9,1385.1,1381.6,1382.3,154899
1773387600,1382.4,1383.0,1380.1,1380.2,95015
1773387900,1380.5,1382.4,1380.2,1380.5,125341
1773388200,1380.5,1382.4,1378.5,1379.3,212542
1773388500,1379.3,1384.0,1378.8,1383.9,115560
1773388800,1383.9,1384.2,1381.0,1381.1,232003
1773389100,1381.2,1381.5,1380.0,1381.0,119550
1773389400,1381.1,1383.4,1380.5,1382.5,272127
1773389700,1382.6,1384.8,1381.8,1383.6,454433
1773390000,1383.7,1384.5,1380.2,1382.7,228407
1773390300,1382.7,1384.4,1381.3,1382.4,156532
1773390600,1382.5,1385.5,1382.2,1382.8,314647
1773390900,1382.8,1385.9,1382.3,1385.2,427295
1773391200,1385.2,1388.2,1384.2,1387.7,336145
1773391500,1387.7,1387.8,1384.5,1387.8,178673
1773391800,1387.9,1388.2,1385.4,1386.0,181168
1773392100,1386.0,1387.5,1385.4,1385.6,237150
1773392400,1385.7,1389.0,1385.7,1386.3,290363
1773392700,1386.5,1388.2,1384.7,1384.7,366814
1773393000,1384.9,1385.1,1383.3,1384.3,367055
1773393300,1384.2,1385.6,1379.8,1381.7,434285
1773393600,1381.9,1382.8,1379.5,1380.0,236138
1773393900,1380.8,1382.2,1379.5,1381.6,208093
1773394200,1381.7,1382.3,1378.4,1378.8,335049
1773394500,1378.8,1381.0,1378.6,1380.0,372571
1773394800,1380.3,1383.5,1379.7,1382.4,463698
1773395100,1382.6,1382.9,1379.6,1379.9,451622
1773395400,1380.0,1380.5,1379.0,1380.0,334836
1773395700,1380.0,1382.3,1379.6,1382.1,237303
1773632700,1380.0,1383.0,1373.5,1379.4,663803
1773633000,1379.4,1382.9,1377.0,1380.5,237990
1773633300,1380.9,1384.6,1379.1,1382.0,179961
1773633600,1382.0,1387.0,1381.9,1386.5,147855
1773633900,1386.6,1389.3,1385.1,1385.8,309836
1773634200,1384.8,1388.3,1383.6,1383.8,401186
1773634500,1383.8,1384.9,1381.2,1383.1,163328
1773634800,1383.1,1383.6,1380.2,1381.0,162206
1773635100,1381.0,1381.4,1379.2,1379.7,285260
1773635400,1380.1,1381.9,1377.3,1378.9,290419
1773635700,1378.9,1379.5,1375.8,1376.1,150532
1773636000,1376.0,1376.6,1370.3,1372.7,338944
1773636300,1372.4,1372.4,1366.1,1366.6,269060
1773636600,1366.6,1367.9,1363.5,1364.0,212945
1773636900,1364.0,1366.9,1363.5,1366.1,128081
1773637200,1366.5,1369.4,1366.2,1367.8,132636
1773637500,1367.9,1373.0,1367.5,1372.4,288294
1773637800,1372.2,1373.2,1371.5,1372.5,72218
1773638100,1372.8,1373.7,1371.1,1372.2,95988
1773638400,1372.3,1373.8,1370.6,1371.2,125855
1773638700,1371.4,1375.5,1369.6,1375.1,175303
1773639000,1375.4,1375.4,1373.0,1374.8,83976
1773639300,1374.8,1375.2,1372.0,1375.2,76918
1773639600,1375.4,1376.6,1374.3,1375.3,144104
1773639900,1375.4,1378.8,1375.3,1378.7,86233
1773640200,1378.5,1380.0,1376.8,1378.7,105745
1773640500,1378.8,1380.5,1377.0,1378.0,109565
1773640800,1377.8,1379.7,1376.6,1377.4,160686
1773641100,1377.6,1379.1,1375.4,1376.5,156699
1773641400,1376.5,1376.9,1372.1,1372.5,169899
1773641700,1372.7,1375.0,1372.5,1374.3,189944
1773642000,1374.1,1374.7,1373.3,1374.4,37081
1773642300,1374.2,1375.0,1372.8,1372.9,125551
1773642600,1373.1,1376.9,1373.0,1375.9,160430
1773642900,1376.0,1377.6,1375.9,1376.7,67612
1773643200,1376.7,1377.7,1375.2,1376.9,143447
1773643500,1377.0,1378.6,1375.7,1378.6,197865
1773643800,1378.6,1379.7,1377.9,1379.7,113044
1773644100,1379.2,1379.9,1378.6,1379.2,109926
1773644400,1379.2,1379.5,1376.1,1376.9,199941
1773644700,1376.6,1379.7,1375.2,1379.7,209820
1773645000,1379.7,1381.7,1379.3,1380.1,288908
1773645300,1380.2,1380.2,1374.1,1374.3,337105
1773645600,1374.3,1377.7,1373.3,1377.5,133277
1773645900,1377.3,1378.4,1376.1,1378.4,210348
1773646200,1378.4,1380.8,1376.4,1376.4,177417
1773646500,1376.8,1378.5,1374.5,1377.8,245504
1773646800,1377.8,1379.4,1377.0,1378.2,134921
1773647100,1378.1,1381.6,1378.0,1380.6,303135
1773647400,1380.6,1382.5,1379.6,1381.5,440083
1773647700,1381.5,1382.7,1379.1,1380.0,318905
1773648000,1379.7,1380.7,1376.5,1376.7,300482
1773648300,1377.0,1377.3,1375.9,1376.6,431579
1773648600,1376.3,1377.0,1375.5,1375.7,392134
1773648900,1375.7,1378.4,1374.7,1377.6,201853
1773649200,1377.1,1380.9,1377.1,1380.5,287997
1773649500,1380.5,1381.9,1379.9,1381.5,287210
1773649800,1381.6,1383.4,1380.5,1381.8,287360
1773650100,1381.8,1384.4,1381.3,1384.2,331055
1773650400,1384.1,1386.9,1383.5,1383.7,418113
1773650700,1383.5,1387.3,1381.8,1387.2,246782
1773651000,1387.3,1393.5,1387.0,1393.1,776623
1773651300,1392.8,1395.2,1390.3,1390.6,938601
1773651600,1390.8,1392.9,1389.5,1391.0,782966
1773651900,1391.3,1392.5,1389.5,1392.0,643631
1773652200,1392.4,1395.0,1391.3,1393.7,791669
1773652500,1393.4,1394.5,1391.8,1393.5,714219
1773652800,1393.6,1396.0,1392.3,1392.7,634638
1773653100,1392.9,1393.9,1390.6,1393.2,592781
1773653400,1392.7,1395.0,1391.2,1394.2,799386
1773653700,1394.1,1397.3,1394.1,1395.1,654358
1773654000,1395.3,1397.0,1394.3,1396.8,770943
1773654300,1397.0,1397.2,1392.8,1393.9,693837
1773654600,1393.9,1396.8,1393.2,1395.7,470838
1773654900,1395.7,1396.0,1392.2,1394.0,237812
1773719100,1399.0,1403.0,1394.8,1400.3,554164
1773719400,1399.5,1401.8,1397.0,1397.2,192568
1773719700,1396.4,1399.6,1396.0,1398.2,166653
1773720000,1398.4,1401.0,1398.1,1400.0,100719
1773720300,1399.9,1401.8,1399.3,1400.7,100944
1773720600,1401.0,1401.6,1396.1,1397.8,187622
1773720900,1397.8,1401.0,1396.1,1400.6,153340
1773721200,1400.8,1401.5,1398.0,1398.5,300913
1773721500,1398.7,1399.9,1398.2,1398.8,147262
1773721800,1398.8,1401.2,1398.5,1401.2,84299
1773722100,1401.2,1403.2,1401.0,1402.7,185262
1773722400,1402.4,1402.7,1399.8,1400.3,84063
1773722700,1400.5,1401.4,1400.0,1400.0,42162
1773723000,1400.1,1401.5,1399.2,1400.5,169350
1773723300,1400.6,1402.0,1399.7,1400.5,69609
1773723600,1400.4,1401.7,1398.0,1398.0,298575
1773723900,1398.1,1399.0,1395.7,1399.0,181627
1773724200,1399.4,1399.8,1398.0,1399.3,128978
1773724500,1399.3,1401.5,1399.1,1401.5,89278
1773724800,1401.5,1401.8,1398.9,1399.8,190449
1773725100,1399.8,1400.6,1398.4,1399.2,83469
1773725400,1399.5,1400.2,1398.6,1399.3,65039
1773725700,1399.3,1400.0,1397.5,1398.9,127138
1773726000,1399.0,1399.9,1397.2,1397.9,69680
1773726300,1397.9,1399.0,1397.0,1397.1,286827
1773726600,1397.1,1397.7,1394.1,1394.4,295603
1773726900,1394.3,1394.9,1391.3,1392.0,176171
1773727200,1392.3,1393.3,1391.1,1391.4,133536
1773727500,1391.1,1392.2,1389.7,1390.0,197571
1773727800,1390.1,1390.5,1388.6,1389.3,98576
1773728100,1389.1,1390.9,1388.6,1389.9,81254
1773728400,1389.9,1392.0,1389.5,1391.4,109658
1773728700,1391.5,1393.0,1390.0,1392.8,95377
1773729000,1392.7,1393.9,1391.7,1393.5,84074
1773729300,1393.5,1395.1,1393.1,1394.8,63326
1773729600,1394.8,1395.0,1393.2,1393.6,46236
1773729900,1393.7,1393.7,1390.3,1390.4,121950
1773730200,1390.7,1391.9,1390.0,1390.1,73988
1773730500,1390.0,1391.0,1389.0,1389.7,56955
1773730800,1389.9,1391.7,1388.2,1390.9,90114
1773731100,1391.3,1392.9,1390.7,1391.8,57817
1773731400,1391.9,1396.1,1391.0,1395.7,318565
1773731700,1395.5,1398.9,1394.2,1398.9,327635
1773732000,1398.9,1399.5,1396.7,1397.9,104913
1773732300,1397.6,1399.1,1397.0,1398.8,92009
1773732600,1398.4,1399.5,1397.0,1399.2,429370
1773732900,1399.0,1399.8,1394.1,1399.4,649359
1773733200,1399.2,1400.8,1398.6,1400.2,102205
1773733500,1400.4,1401.5,1400.0,1400.9,106118
1773733800,1400.9,1401.9,1399.4,1399.4,101526
1773734100,1399.4,1400.8,1398.1,1399.4,184414
1773734400,1399.9,1402.5,1399.5,1400.0,150423
1773734700,1400.5,1400.8,1397.5,1398.0,114274
1773735000,1398.2,1399.5,1397.1,1398.5,130545
1773735300,1398.5,1400.5,1398.5,1400.2,87204
1773735600,1400.5,1401.0,1398.6,1399.6,166714
1773735900,1399.6,1400.0,1398.3,1399.0,81307
1773736200,1398.8,1402.9,1398.4,1401.5,312882
1773736500,1401.0,1401.8,1398.4,1400.4,239631
1773736800,1400.4,1404.5,1400.4,1403.6,310604
1773737100,1403.6,1405.9,1399.7,1401.3,783662
1773737400,1401.4,1402.3,1400.0,1400.7,83930
1773737700,1400.7,1401.2,1399.2,1400.3,123761
1773738000,1400.3,1402.9,1400.3,1402.4,142072
1773738300,1402.4,1402.6,1400.6,1400.9,92022
1773738600,1400.9,1402.6,1400.5,1400.9,135282
1773738900,1400.9,1401.6,1398.5,1400.4,238087
1773739200,1400.4,1401.5,1399.2,1401.4,223174
1773739500,1401.4,1405.2,1400.9,1404.9,534178
1773739800,1404.7,1405.0,1396.2,1397.4,1714266
1773740100,1397.4,1401.8,1397.2,1398.6,1186055
1773740400,1398.6,1402.0,1395.7,1401.1,1264618
1773740700,1400.8,1401.1,1392.3,1395.4,1667267
1773741000,1395.3,1399.7,1393.8,1394.0,647801
1773741300,1394.0,1395.0,1393.6,1394.8,248552
1773805500,1397.2,1408.4,1397.2,1407.3,366254
1773805800,1407.7,1409.7,1403.3,1403.8,199918
1773806100,1403.8,1407.4,1403.2,1406.5,244453
1773806400,1406.5,1410.0,1406.0,1409.4,192079
1773806700,1409.5,1409.8,1407.0,1407.5,87571
1773807000,1407.5,1408.0,1406.2,1406.9,90758
1773807300,1407.2,1410.0,1407.0,1410.0,144500
1773807600,1409.9,1412.1,1409.6,1410.9,228317
1773807900,1410.9,1410.9,1408.5,1409.3,187726
1773808200,1409.6,1409.6,1407.2,1408.4,126604
1773808500,1408.4,1408.5,1406.2,1406.5,70132
1773808800,1406.6,1407.0,1405.5,1406.5,68435
1773809100,1406.6,1408.5,1406.1,1408.1,52440
1773809400,1408.5,1408.9,1407.1,1408.5,54772
1773809700,1408.6,1409.5,1407.1,1408.0,140796
1773810000,1408.0,1409.3,1407.3,1408.7,89846
1773810300,1408.9,1409.8,1407.4,1407.7,80532
1773810600,1407.6,1409.8,1407.6,1408.9,64344
1773810900,1409.0,1410.6,1408.1,1410.0,134534
1773811200,1410.0,1410.0,1408.2,1408.7,40710
1773811500,1408.9,1410.0,1408.5,1409.0,48723
1773811800,1409.3,1412.9,1408.8,1411.6,200265
1773812100,1412.0,1412.3,1411.0,1411.8,75351
1773812400,1411.8,1412.9,1409.7,1412.1,99180
1773812700,1412.1,1412.2,1410.0,1410.4,58970
1773813000,1410.6,1410.8,1409.3,1410.5,34535
1773813300,1410.6,1410.9,1408.5,1410.1,76112
1773813600,1410.1,1410.1,1408.7,1409.9,72653
1773813900,1410.0,1410.4,1408.4,1410.0,61345
1773814200,1410.1,1410.7,1409.5,1409.6,43456
1773814500,1409.5,1409.9,1408.5,1408.5,38635
1773814800,1408.8,1409.9,1408.7,1409.4,32396
1773815100,1409.6,1409.9,1408.7,1409.0,42396
1773815400,1409.1,1409.4,1407.3,1407.8,67109
1773815700,1408.0,1408.5,1407.4,1407.8,77264
1773816000,1407.6,1409.0,1407.5,1408.1,66634
1773816300,1408.0,1408.7,1408.0,1408.1,38472
1773816600,1408.5,1408.5,1406.0,1406.5,174330
1773816900,1406.8,1407.0,1405.3,1405.9,140248
1773817200,1405.4,1407.2,1405.3,1406.6,40642
1773817500,1406.7,1407.0,1406.1,1406.8,39339
1773817800,1406.8,1407.2,1406.0,1407.1,51607
1773818100,1407.3,1408.9,1406.9,1408.6,60779
1773818400,1408.7,1409.0,1407.7,1408.2,79177
1773818700,1408.2,1411.3,1407.6,1411.2,104336
1773819000,1411.2,1412.3,1410.1,1411.5,151212
1773819300,1411.5,1411.7,1409.1,1410.5,94222
1773819600,1410.4,1411.2,1409.8,1410.4,81287
1773819900,1410.8,1410.8,1409.2,1409.3,87862
1773820200,1409.1,1410.7,1408.4,1410.5,134124
1773820500,1410.5,1410.7,1409.1,1409.9,71444
1773820800,1409.8,1410.4,1408.5,1409.4,197730
1773821100,1409.5,1409.8,1408.8,1409.6,108582
1773821400,1409.5,1409.7,1409.0,1409.7,45305
1773821700,1409.8,1409.9,1408.0,1408.1,50766
1773822000,1408.1,1410.7,1407.2,1409.3,251071
1773822300,1410.0,1411.0,1409.2,1409.5,141577
1773822600,1409.6,1411.0,1409.5,1409.9,60170
1773822900,1410.0,1411.0,1409.5,1411.0,96705
1773823200,1411.0,1411.7,1409.1,1409.6,82110
1773823500,1409.6,1411.5,1409.0,1411.3,99731
1773823800,1411.4,1411.9,1409.4,1410.8,209120
1773824100,1410.8,1411.6,1410.3,1410.4,49432
1773824400,1410.4,1410.6,1409.1,1409.2,72941
1773824700,1409.4,1410.0,1407.8,1409.7,140304
1773825000,1409.9,1410.9,1408.3,1409.0,207412
1773825300,1409.1,1410.0,1408.9,1409.9,99938
1773825600,1409.9,1410.7,1409.1,1409.1,95724
1773825900,1409.2,1410.2,1408.7,1410.0,82284
1773826200,1410.1,1410.8,1408.3,1410.5,446621
1773826500,1410.4,1410.5,1408.3,1409.0,394173
1773826800,1409.1,1409.1,1408.1,1408.2,338321
1773827100,1408.3,1408.4,1407.1,1407.3,367875
1773827400,1407.2,1407.3,1405.1,1406.7,420859
1773827700,1406.6,1408.0,1405.7,1407.2,271774
1773891900,1388.0,1405.7,1385.9,1402.3,1191050
1773892200,1402.3,1404.7,1398.7,1399.3,217425
1773892500,1399.1,1404.9,1398.2,1400.6,210630
1773892800,1400.7,1404.0,1399.4,1401.4,103286
1773893100,1401.5,1404.6,1400.3,1401.0,261808
1773893400,1401.0,1402.8,1400.5,1400.9,225677
1773893700,1400.9,1402.3,1400.3,1401.9,120003
1773894000,1401.9,1405.2,1401.3,1403.0,230147
1773894300,1403.0,1404.5,1402.9,1404.1,91721
1773894600,1404.0,1406.9,1403.9,1406.9,134564
1773894900,1406.8,1408.0,1405.0,1407.1,151433
1773895200,1407.1,1407.4,1404.6,1406.5,126807
1773895500,1406.5,1407.5,1404.1,1406.5,180181
1773895800,1406.4,1411.0,1406.3,1410.4,146020
1773896100,1410.4,1412.0,1408.2,1408.4,189152
1773896400,1408.6,1413.8,1407.6,1410.9,254370
1773896700,1411.0,1415.7,1410.6,1415.3,249771
1773897000,1415.1,1415.6,1413.2,1415.0,149001
1773897300,1415.0,1415.3,1411.2,1411.7,144630
1773897600,1411.7,1412.8,1409.4,1410.2,128304
1773897900,1410.3,1410.4,1406.5,1406.8,125026
1773898200,1407.2,1410.0,1406.7,1409.5,103972
1773898500,1409.5,1410.1,1407.8,1408.3,82365
1773898800,1408.7,1409.6,1405.0,1405.3,98978
1773899100,1405.6,1406.6,1404.4,1405.1,138276
1773899400,1405.1,1408.4,1404.8,1407.0,122517
1773899700,1406.9,1407.5,1405.2,1405.5,56040
1773900000,1405.9,1407.9,1405.4,1407.2,66489
1773900300,1407.1,1408.0,1402.3,1403.1,150009
1773900600,1403.1,1404.9,1401.1,1401.9,228279
1773900900,1401.8,1403.3,1401.0,1402.2,84575
1773901200,1402.2,1402.5,1399.8,1400.1,155894
1773901500,1400.1,1401.9,1399.4,1401.5,95792
1773901800,1401.5,1401.9,1400.5,1400.8,66293
1773902100,1400.9,1401.0,1397.5,1398.7,133199
1773902400,1398.1,1401.4,1397.7,1400.9,63443
1773902700,1401.1,1401.5,1399.2,1399.8,132785
1773903000,1399.8,1400.0,1398.6,1399.2,48326
1773903300,1399.2,1400.3,1397.8,1400.0,116629
1773903600,1400.0,1400.2,1397.8,1398.6,63395
1773903900,1398.6,1399.8,1397.6,1399.4,80020
1773904200,1399.4,1399.7,1397.5,1398.3,53553
1773904500,1398.2,1400.7,1397.1,1400.3,61273
1773904800,1400.3,1400.9,1398.6,1400.8,241385
1773905100,1400.9,1401.6,1399.4,1400.2,76602
1773905400,1400.2,1400.8,1399.5,1399.9,52326
1773905700,1399.8,1399.9,1397.8,1398.8,100948
1773906000,1399.0,1400.0,1395.5,1396.7,147145
1773906300,1396.7,1397.5,1396.0,1396.9,73727
1773906600,1396.6,1397.0,1394.0,1394.0,179984
1773906900,1394.2,1395.9,1394.2,1395.1,120640
1773907200,1395.3,1396.2,1394.2,1395.5,66251
1773907500,1395.5,1397.2,1395.5,1396.9,81278
1773907800,1396.9,1397.4,1395.4,1396.1,93575
1773908100,1395.7,1396.4,1394.2,1395.2,150409
1773908400,1395.0,1397.4,1395.0,1397.4,71758
1773908700,1397.5,1397.5,1389.7,1393.2,363255
1773909000,1393.2,1393.7,1389.1,1390.5,209144
1773909300,1390.4,1391.9,1389.5,1390.3,90822
1773909600,1390.3,1391.4,1389.0,1391.1,202624
1773909900,1391.2,1392.0,1390.0,1391.1,99757
1773910200,1391.2,1392.9,1390.5,1392.2,77337
1773910500,1392.4,1392.4,1390.0,1390.3,88477
1773910800,1390.4,1392.5,1390.1,1392.5,98230
1773911100,1392.5,1393.8,1391.8,1392.9,142690
1773911400,1392.9,1393.8,1391.0,1392.7,215520
1773911700,1393.1,1393.4,1389.5,1390.8,149063
1773912000,1390.5,1390.9,1386.6,1387.5,165296
1773912300,1387.7,1388.2,1380.0,1381.3,338164
1773912600,1381.1,1384.2,1376.1,1382.7,1857560
1773912900,1382.7,1388.3,1380.4,1386.4,1801554
1773913200,1386.1,1389.8,1384.3,1385.7,1074486
1773913500,1385.5,1390.1,1385.5,1389.9,472392
1773913800,1389.9,1393.6,1389.8,1393.4,452595
1773914100,1393.3,1394.0,1390.4,1392.0,242901
1773978300,1398.0,1411.9,1396.1,1408.4,588736
1773978600,1408.1,1409.4,1405.0,1406.3,208769
1773978900,1406.3,1413.8,1406.1,1413.4,327434
1773979200,1413.0,1413.8,1411.3,1413.0,213659
1773979500,1413.0,1413.3,1410.0,1411.9,359726
1773979800,1411.9,1412.4,1409.2,1409.5,220175
1773980100,1409.5,1411.9,1409.5,1411.9,247420
1773980400,1411.4,1415.6,1411.4,1413.8,517715
1773980700,1413.8,1417.0,1413.1,1415.1,285941
1773981000,1415.5,1416.7,1414.0,1416.0,173412
1773981300,1416.1,1419.0,1416.0,1419.0,161044
1773981600,1418.9,1422.7,1417.1,1422.3,368858
1773981900,1422.0,1423.4,1419.2,1420.7,243203
1773982200,1420.6,1423.3,1420.0,1423.0,233503
1773982500,1423.3,1426.0,1422.1,1426.0,290635
1773982800,1426.3,1428.4,1426.1,1426.8,430964
1773983100,1426.8,1429.6,1426.0,1428.5,417892
1773983400,1428.7,1430.0,1427.9,1428.1,314249
1773983700,1427.9,1428.6,1426.0,1428.6,327599
1773984000,1428.6,1430.0,1427.0,1428.9,375497
1773984300,1429.3,1429.6,1427.6,1428.3,244241
1773984600,1428.4,1429.9,1425.7,1426.5,281124
1773984900,1426.4,1427.5,1425.8,1427.0,118736
1773985200,1427.0,1429.8,1426.1,1428.9,247623
1773985500,1428.8,1429.4,1427.2,1428.1,88141
1773985800,1428.4,1429.5,1426.8,1427.2,156781
1773986100,1426.8,1429.2,1426.7,1428.1,104639
1773986400,1428.1,1429.3,1426.3,1427.0,118791
1773986700,1427.0,1428.1,1426.3,1427.5,116792
1773987000,1427.9,1428.3,1426.5,1427.5,239654
1773987300,1427.7,1428.3,1426.5,1427.7,73194
1773987600,1427.7,1428.2,1426.5,1426.8,118589
1773987900,1426.8,1426.9,1423.6,1425.5,135855
1773988200,1425.6,1426.4,1423.2,1423.3,103022
1773988500,1423.7,1425.0,1423.1,1424.6,107184
1773988800,1424.6,1425.8,1424.0,1425.0,107151
1773989100,1425.0,1425.0,1422.9,1423.8,160727
1773989400,1423.9,1424.5,1421.6,1421.8,117154
1773989700,1421.9,1421.9,1419.4,1420.5,286028
1773990000,1420.5,1421.8,1419.0,1421.5,259478
1773990300,1421.5,1423.1,1420.6,1421.8,140714
1773990600,1422.0,1424.4,1421.9,1423.7,77421
1773990900,1424.0,1424.3,1423.1,1423.5,103840
1773991200,1423.7,1425.7,1422.7,1424.4,151970
1773991500,1424.6,1425.5,1423.1,1424.3,130859
1773991800,1424.2,1426.4,1423.7,1426.0,142821
1773992100,1426.2,1426.5,1424.4,1425.7,203765
1773992400,1425.8,1426.8,1423.1,1424.2,109226
1773992700,1424.1,1425.9,1423.9,1425.5,76722
1773993000,1425.5,1426.7,1425.0,1425.3,85449
1773993300,1425.3,1426.5,1424.6,1425.7,83081
1773993600,1425.4,1427.5,1424.4,1426.6,198742
1773993900,1426.9,1428.6,1426.6,1428.0,171789
1773994200,1428.2,1428.7,1426.9,1426.9,102168
1773994500,1427.4,1427.4,1425.4,1425.6,109511
1773994800,1425.6,1426.2,1424.3,1426.2,128094
1773995100,1425.7,1426.6,1423.2,1423.7,148538
1773995400,1423.7,1426.7,1423.3,1426.5,141395
1773995700,1426.5,1427.2,1424.7,1426.3,144683
1773996000,1426.1,1427.0,1423.6,1424.9,225487
1773996300,1424.0,1425.6,1423.1,1424.9,199876
1773996600,1424.8,1425.3,1422.6,1424.5,211360
1773996900,1424.7,1425.0,1422.2,1423.7,172442
1773997200,1423.5,1425.0,1423.1,1424.4,205046
1773997500,1424.0,1424.5,1420.0,1420.5,362253
1773997800,1420.7,1420.7,1417.5,1417.8,337595
1773998100,1417.9,1420.4,1417.2,1419.4,324245
1773998400,1419.8,1419.9,1416.8,1418.4,347715
1773998700,1418.3,1419.3,1417.3,1417.5,197577
1773999000,1417.7,1417.7,1410.7,1416.8,1890824
1773999300,1416.8,1418.2,1415.5,1416.8,1558907
1773999600,1416.7,1416.8,1414.1,1416.1,1363497
1773999900,1416.2,1416.2,1412.3,1413.1,1185353
1774000200,1413.1,1413.8,1410.5,1411.0,1350005
1774000500,1410.9,1418.0,1410.6,1414.0,1038112
1774237500,1400.0,1407.3,1395.2,1401.9,730120
1774237800,1402.0,1409.6,1401.5,1404.4,508494
1774238100,1404.1,1406.9,1404.0,1404.5,177247
1774238400,1404.7,1407.8,1403.6,1406.7,280101
1774238700,1406.6,1407.9,1405.6,1406.8,128297
1774239000,1406.7,1408.0,1404.8,1405.7,147145
1774239300,1405.7,1407.5,1405.0,1406.5,199199
1774239600,1406.1,1406.6,1404.8,1405.5,300934
1774239900,1405.5,1406.5,1403.8,1404.4,212340
1774240200,1404.4,1405.0,1401.4,1403.4,247989
1774240500,1403.3,1405.5,1402.4,1404.7,409234
1774240800,1404.7,1405.2,1400.2,1400.7,171626
1774241100,1400.3,1402.3,1396.3,1397.0,539439
1774241400,1396.3,1396.6,1392.0,1392.3,238601
1774241700,1392.4,1395.5,1392.0,1393.2,136560
1774242000,1393.0,1395.7,1391.2,1393.3,151442
1774242300,1393.3,1397.1,1392.6,1395.3,74864
1774242600,1395.3,1395.8,1391.6,1393.4,86869
1774242900,1393.2,1394.9,1391.0,1394.4,175262
1774243200,1393.9,1395.9,1392.6,1395.4,117120
1774243500,1395.4,1396.9,1394.7,1396.5,120782
1774243800,1396.1,1398.0,1394.0,1398.0,86848
1774244100,1397.7,1400.0,1396.7,1396.9,139277
1774244400,1396.9,1397.5,1396.0,1396.0,56015
1774244700,1396.1,1396.4,1393.0,1393.0,102539
1774245000,1393.2,1397.0,1393.0,1397.0,57595
1774245300,1396.6,1398.4,1395.6,1398.3,114772
1774245600,1398.1,1399.0,1395.0,1395.7,102694
1774245900,1395.2,1395.7,1393.8,1395.6,76163
1774246200,1395.5,1397.3,1394.1,1395.2,116753
1774246500,1395.1,1397.5,1394.6,1397.0,93777
1774246800,1396.9,1397.8,1396.3,1396.8,61708
1774247100,1396.8,1399.5,1396.3,1398.7,88927
1774247400,1398.7,1401.0,1398.0,1400.3,202201
1774247700,1400.3,1401.4,1397.2,1398.8,209080
1774248000,1399.0,1400.5,1398.8,1399.9,86731
1774248300,1399.7,1399.9,1397.0,1399.5,246578
1774248600,1399.4,1399.7,1396.2,1397.0,252309
1774248900,1397.1,1398.8,1396.4,1398.2,156583
1774249200,1398.4,1399.5,1397.0,1399.4,134244
1774249500,1399.5,1401.0,1399.0,1399.0,127628
1774249800,1399.0,1401.0,1398.4,1400.5,148570
1774250100,1400.3,1401.5,1399.5,1400.1,248960
1774250400,1400.0,1400.4,1399.1,1399.9,120589
1774250700,1399.9,1400.5,1398.2,1399.7,200873
1774251000,1399.7,1400.0,1398.4,1399.0,198834
1774251300,1398.9,1400.2,1398.1,1399.2,197590
1774251600,1399.2,1400.5,1399.0,1400.4,208781
1774251900,1400.4,1401.9,1400.3,1400.6,104691
1774252200,1400.7,1401.5,1399.4,1399.8,129111
1774252500,1399.8,1401.0,1399.0,1399.3,185867
1774252800,1399.5,1401.5,1399.4,1400.3,150542
1774253100,1400.4,1401.5,1400.0,1400.7,123351
1774253400,1400.7,1403.0,1399.3,1401.7,178138
1774253700,1401.7,1405.9,1401.1,1405.5,275505
1774254000,1405.7,1408.2,1405.5,1407.2,316795
1774254300,1407.5,1408.6,1406.1,1407.3,289321
1774254600,1407.6,1412.0,1406.4,1409.3,397550
1774254900,1409.2,1412.0,1407.3,1409.3,400271
1774255200,1409.2,1411.2,1408.0,1409.2,239290
1774255500,1409.4,1412.0,1408.6,1410.7,318229
1774255800,1410.8,1411.5,1409.0,1409.1,235572
1774256100,1409.1,1410.3,1406.4,1409.9,379510
1774256400,1409.7,1410.0,1403.4,1405.5,463763
1774256700,1405.2,1410.1,1404.5,1409.7,456000
1774257000,1409.7,1410.4,1406.3,1410.0,744413
1774257300,1410.0,1413.2,1409.2,1412.5,596862
1774257600,1412.8,1415.6,1412.0,1413.7,866537
1774257900,1413.3,1415.4,1411.7,1415.1,477981
1774258200,1415.0,1415.2,1405.0,1405.4,681040
1774258500,1405.3,1408.9,1405.3,1408.1,433723
1774258800,1408.0,1409.8,1407.2,1407.2,410255
1774259100,1407.2,1408.4,1405.6,1406.3,396721
1774259400,1406.0,1407.0,1405.0,1407.0,373764
1774259700,1406.9,1407.7,1402.7,1404.0,276101
1774323900,1420.0,1422.4,1411.7,1412.8,945901
1774324200,1413.4,1416.0,1410.7,1415.9,242673
1774324500,1415.3,1417.5,1414.0,1416.0,164527
1774324800,1416.0,1417.0,1412.7,1412.8,129504
1774325100,1412.8,1413.1,1409.5,1410.4,152075
1774325400,1410.0,1413.5,1410.0,1411.4,245210
1774325700,1411.4,1412.0,1408.2,1408.9,138583
1774326000,1409.0,1411.4,1408.8,1411.4,71387
1774326300,1411.4,1415.4,1410.9,1415.0,211082
1774326600,1415.0,1415.2,1412.7,1413.0,179017
1774326900,1413.0,1414.9,1412.3,1413.6,152843
1774327200,1413.6,1414.3,1412.9,1413.8,111521
1774327500,1413.8,1415.9,1413.1,1414.7,117212
1774327800,1414.2,1415.7,1412.3,1415.5,89629
1774328100,1415.4,1416.0,1412.9,1414.4,123711
1774328400,1414.4,1414.7,1410.1,1410.8,133274
1774328700,1410.8,1410.8,1406.6,1409.1,167802
1774329000,1409.1,1413.6,1409.0,1412.0,154905
1774329300,1412.0,1415.9,1411.5,1413.5,168006
1774329600,1413.5,1415.0,1411.2,1412.4,137655
1774329900,1412.7,1412.9,1410.4,1411.8,155808
1774330200,1411.8,1414.1,1411.8,1413.5,151997
1774330500,1413.5,1414.6,1412.4,1412.4,107343
1774330800,1412.8,1414.2,1412.1,1413.7,98924
1774331100,1413.6,1415.0,1412.6,1414.0,110412
1774331400,1414.3,1414.9,1411.8,1412.7,94094
1774331700,1412.7,1413.0,1411.6,1412.8,68894
1774332000,1412.8,1413.8,1411.7,1413.7,57864
1774332300,1413.9,1414.0,1412.5,1413.2,76431
1774332600,1413.0,1414.0,1412.2,1412.5,74025
1774332900,1412.4,1412.8,1410.4,1411.4,66212
1774333200,1411.4,1413.4,1410.0,1412.9,121184
1774333500,1412.7,1414.2,1412.7,1412.9,69975
1774333800,1412.9,1413.7,1412.9,1413.3,71658
1774334100,1413.3,1413.3,1411.1,1411.8,92082
1774334400,1411.6,1412.6,1411.2,1411.4,61473
1774334700,1411.4,1411.6,1409.1,1409.1,164117
1774335000,1409.9,1416.5,1408.5,1416.5,339962
1774335300,1415.9,1420.1,1412.4,1413.3,307859
1774335600,1413.2,1417.0,1413.1,1416.9,664183
1774335900,1416.9,1419.0,1416.6,1418.4,174726
1774336200,1418.3,1419.9,1414.8,1415.2,195345
1774336500,1415.2,1418.2,1414.8,1417.8,360865
1774336800,1417.8,1418.5,1416.3,1416.7,348287
1774337100,1417.1,1417.5,1415.5,1416.1,304133
1774337400,1416.1,1416.2,1413.6,1415.3,151822
1774337700,1415.3,1415.3,1412.6,1413.3,135814
1774338000,1413.2,1416.5,1413.0,1416.5,102575
1774338300,1416.3,1416.7,1414.0,1414.9,86726
1774338600,1414.8,1416.2,1414.0,1414.6,124874
1774338900,1414.4,1416.5,1414.2,1416.1,91204
1774339200,1416.0,1416.5,1414.0,1415.3,154473
1774339500,1415.3,1416.4,1414.6,1415.4,103620
1774339800,1415.1,1416.2,1414.5,1415.1,73236
1774340100,1415.0,1415.6,1412.0,1412.2,127574
1774340400,1412.0,1414.2,1411.3,1412.1,100311
1774340700,1412.0,1413.2,1411.7,1412.5,77356
1774341000,1412.5,1413.4,1411.4,1412.2,93677
1774341300,1412.5,1413.3,1411.4,1412.2,88940
1774341600,1412.2,1414.2,1411.5,1412.9,87156
1774341900,1412.5,1416.0,1412.4,1413.3,141824
1774342200,1413.4,1414.5,1409.1,1411.0,143387
1774342500,1411.0,1411.9,1409.3,1410.3,101276
1774342800,1410.3,1412.2,1409.5,1411.6,74092
1774343100,1411.6,1413.0,1407.6,1408.2,230579
1774343400,1408.0,1411.6,1407.0,1409.3,125959
1774343700,1409.0,1411.8,1409.0,1410.3,216321
1774344000,1410.5,1411.0,1408.5,1410.2,166208
1774344300,1410.2,1412.0,1410.0,1411.4,155813
1774344600,1411.1,1413.2,1409.5,1411.0,1923119
1774344900,1410.5,1413.7,1408.1,1413.6,1659891
1774345200,1413.6,1413.8,1410.6,1411.1,885028
1774345500,1411.5,1414.9,1408.1,1412.6,1477693
1774345800,1413.0,1414.6,1410.1,1413.7,891696
1774346100,1413.6,1414.5,1412.1,1414.0,422190
1774410300,1420.0,1421.9,1416.0,1416.6,459716
1774410600,1416.5,1418.8,1416.0,1418.7,192868
1774410900,1418.1,1418.7,1414.1,1416.9,262949
1774411200,1416.8,1417.4,1415.3,1416.1,125311
1774411500,1416.4,1418.0,1415.6,1416.8,121777
1774411800,1416.8,1420.4,1416.0,1419.8,174993
1774412100,1420.0,1421.6,1418.7,1419.0,157746
1774412400,1419.2,1419.5,1416.9,1418.1,147703
1774412700,1417.7,1419.4,1417.1,1418.7,261806
1774413000,1418.3,1419.6,1417.8,1417.8,242094
1774413300,1417.9,1419.4,1416.0,1419.1,206460
1774413600,1419.1,1420.8,1419.0,1420.0,349405
1774413900,1419.8,1420.5,1419.2,1420.0,107342
1774414200,1420.0,1421.3,1419.5,1419.8,126458
1774414500,1419.8,1421.0,1419.2,1420.3,116903
1774414800,1420.3,1420.8,1419.0,1420.3,158619
1774415100,1420.3,1424.4,1419.8,1424.2,194775
1774415400,1424.3,1426.9,1424.0,1425.6,224802
1774415700,1425.5,1426.1,1425.0,1425.2,276563
1774416000,1425.2,1425.6,1424.0,1424.9,254350
1774416300,1424.6,1425.6,1424.1,1425.0,156884
1774416600,1425.4,1427.6,1424.5,1427.5,378067
1774416900,1427.5,1429.8,1426.5,1428.3,422407
1774417200,1428.4,1428.9,1426.2,1427.6,317177
1774417500,1427.4,1429.0,1426.4,1428.8,131035
1774417800,1428.9,1430.5,1428.6,1428.7,260862
1774418100,1428.7,1429.2,1426.5,1427.0,90429
1774418400,1426.6,1428.0,1425.0,1426.8,171859
1774418700,1427.2,1427.2,1423.5,1424.2,123310
1774419000,1424.2,1425.3,1423.6,1423.7,177872
1774419300,1423.9,1424.9,1423.3,1424.8,159574
1774419600,1424.6,1426.8,1424.3,1425.8,174583
1774419900,1426.1,1426.2,1422.6,1424.4,218350
1774420200,1424.1,1424.8,1423.1,1424.0,79744
1774420500,1424.1,1424.5,1423.4,1424.0,74281
1774420800,1424.0,1424.8,1423.4,1424.7,172359
1774421100,1424.6,1427.9,1424.4,1427.5,149348
1774421400,1427.5,1427.8,1426.5,1426.5,114010
1774421700,1427.0,1427.0,1424.7,1426.1,186130
1774422000,1425.7,1426.4,1424.0,1424.1,96245
1774422300,1424.1,1425.8,1423.8,1425.0,76556
1774422600,1425.1,1426.5,1424.5,1426.1,141846
1774422900,1425.6,1426.7,1425.0,1425.8,129142
1774423200,1425.2,1426.0,1423.0,1423.4,124679
1774423500,1423.1,1423.8,1422.0,1423.6,145017
1774423800,1423.4,1424.8,1423.0,1424.3,125498
1774424100,1424.3,1424.8,1423.3,1424.3,88604
1774424400,1424.3,1424.8,1422.8,1423.1,94342
1774424700,1423.1,1424.9,1422.2,1422.5,99843
1774425000,1422.1,1423.6,1422.0,1423.2,127798
1774425300,1423.3,1423.8,1422.1,1422.6,113138
1774425600,1422.6,1424.3,1422.1,1423.5,128132
1774425900,1423.4,1424.2,1422.7,1424.1,104337
1774426200,1424.1,1424.1,1422.3,1423.0,130314
1774426500,1423.2,1424.2,1422.9,1424.2,98394
1774426800,1424.0,1425.0,1422.2,1423.1,185299
1774427100,1423.1,1423.4,1422.2,1422.7,71655
1774427400,1422.6,1424.4,1422.1,1423.1,178264
1774427700,1423.0,1423.9,1420.4,1421.3,124664
1774428000,1421.3,1422.7,1419.4,1419.8,163429
1774428300,1419.8,1421.4,1419.8,1420.5,58822
1774428600,1420.5,1421.1,1418.2,1418.6,155077
1774428900,1418.6,1419.6,1418.2,1418.7,120080
1774429200,1418.7,1419.5,1416.3,1418.7,99412
1774429500,1418.8,1419.4,1417.0,1417.1,91379
1774429800,1417.1,1418.6,1417.0,1417.4,101801
1774430100,1417.5,1418.1,1416.0,1417.0,145428
1774430400,1416.9,1417.6,1414.5,1415.4,223017
1774430700,1415.4,1415.7,1413.8,1415.3,188695
1774431000,1414.9,1417.8,1408.4,1414.3,2589657
1774431300,1414.2,1415.3,1412.0,1414.0,1510749
1774431600,1413.9,1416.7,1410.2,1412.0,2016148
1774431900,1412.0,1413.2,1410.1,1410.6,535962
1774432200,1410.7,1412.2,1410.0,1411.9,602296
1774432500,1412.1,1413.9,1411.5,1413.8,257145
1774583100,1401.0,1404.7,1386.5,1393.1,708603
1774583400,1393.4,1395.5,1390.5,1390.8,218002
1774583700,1390.7,1391.6,1385.1,1386.5,448962
1774584000,1386.0,1386.4,1378.9,1379.3,623756
1774584300,1379.0,1379.9,1375.7,1379.0,459267
1774584600,1379.0,1381.8,1378.2,1381.8,230865
1774584900,1381.8,1381.8,1379.6,1380.5,168877
1774585200,1380.5,1380.5,1377.5,1378.5,215063
1774585500,1378.5,1378.5,1374.0,1375.8,295381
1774585800,1375.5,1378.9,1375.3,1378.7,112078
1774586100,1378.7,1378.7,1376.5,1377.0,129780
1774586400,1377.1,1377.2,1374.8,1375.2,88868
1774586700,1375.2,1376.2,1375.0,1375.3,108860
1774587000,1375.3,1376.8,1373.2,1376.1,169502
1774587300,1376.1,1376.7,1374.8,1375.9,94047
1774587600,1375.9,1378.5,1375.3,1376.0,187379
1774587900,1376.0,1376.1,1373.3,1376.1,168656
1774588200,1376.0,1376.1,1372.7,1373.5,200068
1774588500,1373.5,1373.9,1373.0,1373.4,71590
1774588800,1373.3,1373.6,1370.3,1370.5,163409
1774589100,1370.5,1372.4,1370.3,1372.2,178984
1774589400,1372.1,1373.4,1371.0,1371.8,152944
1774589700,1371.8,1371.8,1368.5,1370.7,259278
1774590000,1370.7,1372.1,1369.6,1370.9,171607
1774590300,1371.0,1371.1,1366.0,1366.8,230832
1774590600,1366.8,1367.4,1364.6,1366.5,361720
1774590900,1366.3,1366.9,1362.8,1364.3,204706
1774591200,1364.3,1367.2,1363.7,1366.1,234601
1774591500,1366.1,1366.4,1362.0,1364.7,235759
1774591800,1364.6,1365.8,1363.0,1365.2,158675
1774592100,1365.0,1366.0,1363.1,1364.0,148605
1774592400,1363.9,1364.7,1359.1,1360.0,296910
1774592700,1360.0,1360.3,1357.0,1358.0,249167
1774593000,1358.0,1359.8,1354.0,1358.2,289332
1774593300,1358.2,1358.4,1355.1,1356.8,197114
1774593600,1356.5,1358.4,1355.5,1357.5,183665
1774593900,1357.4,1357.5,1355.2,1355.7,153365
1774594200,1355.7,1358.9,1355.1,1357.2,133579
1774594500,1357.4,1358.2,1355.1,1357.2,288039
1774594800,1357.2,1357.5,1353.2,1355.7,402210
1774595100,1355.4,1359.3,1355.4,1358.7,293408
1774595400,1358.7,1358.7,1355.1,1357.5,258451
1774595700,1357.0,1357.6,1354.3,1355.7,232073
1774596000,1355.9,1356.8,1354.0,1354.6,180428
1774596300,1354.5,1354.9,1352.2,1352.9,215205
1774596600,1352.9,1353.6,1351.0,1351.7,181470
1774596900,1351.4,1351.8,1350.4,1350.9,169183
1774597200,1351.0,1352.0,1350.1,1351.6,186566
1774597500,1351.5,1357.4,1351.5,1355.8,234354
1774597800,1355.6,1356.0,1352.5,1355.3,217450
1774598100,1355.2,1357.9,1353.5,1353.5,214779
1774598400,1353.7,1354.2,1352.1,1352.9,149387
1774598700,1353.2,1353.8,1351.0,1351.7,202421
1774599000,1351.7,1355.4,1351.5,1353.7,163253
1774599300,1353.9,1356.2,1352.8,1354.0,390711
1774599600,1354.0,1355.7,1353.9,1354.4,125774
1774599900,1354.5,1355.2,1351.2,1352.3,253793
1774600200,1352.3,1354.0,1351.7,1353.2,262934
1774600500,1353.2,1354.7,1351.6,1353.1,278393
1774600800,1353.0,1354.3,1351.6,1354.1,229545
1774601100,1354.1,1354.5,1352.1,1353.0,312023
1774601400,1353.0,1353.6,1350.4,1351.1,363902
1774601700,1351.2,1352.9,1350.0,1350.3,471416
1774602000,1350.3,1350.7,1346.9,1347.8,543255
1774602300,1347.9,1348.6,1345.0,1346.0,314376
1774602600,1345.8,1349.4,1345.3,1348.6,385374
1774602900,1348.5,1349.9,1348.1,1348.5,310564
1774603200,1348.4,1351.8,1348.0,1350.4,348135
1774603500,1350.4,1351.3,1348.5,1349.6,359454
1774603800,1349.2,1351.4,1348.5,1350.7,1047836
1774604100,1350.7,1350.9,1348.0,1348.8,950761
1774604400,1348.9,1349.3,1346.7,1346.9,1005922
1774604700,1347.0,1348.6,1345.0,1348.2,1007649
1774605000,1348.2,1348.2,1346.6,1348.0,888742
1774605300,1348.0,1348.0,1345.9,1348.0,852304
1774842300,1335.0,1355.4,1334.1,1353.6,1055587
1774842600,1353.1,1357.3,1351.0,1354.6,401215
1774842900,1354.3,1358.9,1352.6,1357.3,354045
1774843200,1357.4,1359.8,1355.7,1359.7,180037
1774843500,1359.6,1364.5,1358.6,1362.8,270570
1774843800,1362.9,1365.0,1357.0,1357.9,314473
1774844100,1358.1,1360.9,1356.4,1359.1,178284
1774844400,1359.1,1362.3,1357.8,1360.4,133330
1774844700,1360.6,1361.2,1359.0,1360.0,119034
1774845000,1359.9,1361.5,1359.0,1360.2,128034
1774845300,1360.1,1361.0,1358.0,1358.1,152922
1774845600,1358.3,1358.5,1353.6,1358.0,229529
1774845900,1357.8,1359.0,1355.5,1356.6,103638
1774846200,1356.7,1356.8,1352.1,1352.8,190228
1774846500,1353.1,1354.6,1352.0,1352.1,114556
1774846800,1352.3,1352.9,1352.0,1352.3,90834
1774847100,1352.3,1354.6,1349.5,1350.0,763419
1774847400,1350.1,1352.1,1348.7,1351.7,331399
1774847700,1351.7,1353.9,1350.7,1351.6,297772
1774848000,1351.5,1353.6,1349.0,1350.4,732082
1774848300,1350.5,1350.6,1344.2,1348.1,670918
1774848600,1348.0,1349.9,1347.3,1347.5,276385
1774848900,1347.5,1349.4,1345.3,1345.3,318965
1774849200,1345.3,1347.2,1340.5,1343.5,290129
1774849500,1343.9,1344.4,1341.0,1342.0,157004
1774849800,1342.0,1344.9,1339.6,1344.8,314370
1774850100,1345.5,1345.8,1342.1,1343.7,223267
1774850400,1343.9,1345.9,1342.5,1344.5,247183
1774850700,1345.1,1349.9,1345.0,1347.9,277210
1774851000,1347.9,1348.1,1342.6,1342.7,358370
1774851300,1343.2,1343.3,1339.2,1339.7,216651
1774851600,1339.8,1342.4,1338.2,1341.7,140006
1774851900,1341.5,1342.5,1340.4,1341.6,81035
1774852200,1341.6,1348.9,1340.8,1348.6,269078
1774852500,1348.5,1351.9,1348.0,1349.8,323382
1774852800,1349.8,1349.9,1348.0,1348.8,63195
1774853100,1348.8,1349.8,1345.7,1346.2,134673
1774853400,1346.3,1350.7,1346.0,1346.0,143613
1774853700,1346.1,1346.2,1343.3,1345.1,241392
1774854000,1345.1,1347.1,1344.1,1346.5,80414
1774854300,1346.7,1352.0,1346.0,1351.8,283217
1774854600,1351.7,1353.5,1350.6,1350.8,129641
1774854900,1350.8,1352.0,1350.0,1350.0,94185
1774855200,1350.3,1350.8,1347.2,1348.3,176642
1774855500,1347.9,1350.4,1347.6,1350.4,194666
1774855800,1350.2,1351.5,1348.1,1348.7,133478
1774856100,1348.6,1349.3,1346.8,1348.0,189402
1774856400,1347.7,1348.9,1346.2,1348.8,174843
1774856700,1348.9,1350.0,1347.0,1348.0,220500
1774857000,1348.1,1349.3,1347.3,1347.3,140768
1774857300,1347.7,1348.6,1345.7,1345.8,147850
1774857600,1345.8,1346.2,1344.5,1345.9,140718
1774857900,1345.9,1347.3,1345.0,1346.5,80665
1774858200,1346.7,1347.5,1344.4,1345.6,150029
1774858500,1345.6,1346.3,1345.0,1345.1,97193
1774858800,1345.0,1345.7,1343.5,1344.3,92113
1774859100,1344.0,1345.9,1343.9,1345.0,236210
1774859400,1345.0,1349.6,1344.1,1348.4,237987
1774859700,1348.3,1349.5,1347.6,1347.8,170878
1774860000,1347.9,1348.1,1345.3,1345.8,147856
1774860300,1345.4,1346.6,1345.0,1346.0,170043
1774860600,1345.9,1348.0,1344.5,1344.9,192933
1774860900,1344.9,1345.0,1342.9,1344.4,247317
1774861200,1344.4,1348.9,1344.3,1346.4,284336
1774861500,1346.2,1349.0,1345.4,1345.9,228120
1774861800,1346.0,1347.0,1345.3,1346.0,207823
1774862100,1346.0,1346.9,1343.6,1345.7,405883
1774862400,1345.7,1346.7,1344.6,1345.5,367676
1774862700,1345.5,1346.2,1344.6,1345.8,240203
1774863000,1345.1,1348.0,1339.5,1344.4,3111034
1774863300,1344.3,1345.8,1341.8,1341.9,696671
1774863600,1342.0,1343.1,1339.8,1341.5,1485281
1774863900,1341.5,1342.8,1340.1,1342.6,799527
1774864200,1342.7,1347.7,1341.5,1346.8,770771
1774864500,1346.9,1356.8,1344.8,1350.0,745370
1775015100,1384.2,1384.4,1364.5,1369.9,1126100
1775015400,1369.7,1372.0,1368.1,1369.6,249955
1775015700,1369.6,1373.3,1367.8,1372.0,215044
1775016000,1372.0,1372.6,1369.5,1371.0,184145
1775016300,1370.8,1370.9,1369.0,1369.5,149921
1775016600,1369.5,1372.0,1369.5,1371.0,95919
1775016900,1370.5,1371.5,1370.5,1370.9,79177
1775017200,1371.3,1374.4,1371.1,1372.5,199426
1775017500,1372.5,1373.5,1370.0,1373.2,105412
1775017800,1373.5,1379.0,1373.5,1376.9,201395
1775018100,1376.8,1377.9,1376.2,1377.0,77094
1775018400,1377.1,1377.4,1373.7,1375.0,90958
1775018700,1375.0,1375.9,1374.0,1375.4,66947
1775019000,1375.4,1376.0,1371.3,1375.1,148255
1775019300,1375.1,1375.1,1370.1,1370.5,111994
1775019600,1371.1,1372.0,1370.1,1371.2,125400
1775019900,1371.3,1374.0,1371.3,1373.7,67268
1775020200,1373.6,1373.7,1370.3,1371.1,149794
1775020500,1371.1,1372.9,1369.6,1371.0,157368
1775020800,1371.0,1372.8,1370.7,1372.3,275723
1775021100,1371.9,1373.2,1371.0,1371.0,165486
1775021400,1371.0,1371.5,1369.2,1370.8,139268
1775021700,1371.1,1374.4,1370.0,1374.0,128561
1775022000,1373.8,1374.9,1372.1,1372.2,140159
1775022300,1372.3,1373.7,1370.9,1373.7,146800
1775022600,1373.2,1374.9,1373.2,1374.8,71031
1775022900,1374.8,1376.5,1374.7,1375.0,145027
1775023200,1374.9,1375.4,1373.4,1373.7,142818
1775023500,1373.7,1376.5,1372.0,1376.4,179158
1775023800,1376.4,1377.6,1376.1,1376.7,129032
1775024100,1376.9,1377.8,1374.2,1374.8,156887
1775024400,1374.9,1375.5,1372.1,1372.7,154181
1775024700,1372.7,1375.3,1370.9,1373.9,216749
1775025000,1373.9,1378.0,1373.7,1377.4,107960
1775025300,1377.4,1379.0,1376.4,1377.9,170800
1775025600,1377.4,1378.4,1376.2,1377.9,121204
1775025900,1377.8,1378.9,1375.4,1375.6,208879
1775026200,1375.8,1377.4,1375.5,1376.8,105413
1775026500,1376.6,1376.8,1373.8,1374.9,74218
1775026800,1374.9,1375.8,1373.1,1374.3,86106
1775027100,1374.2,1374.9,1372.0,1374.9,110536
1775027400,1374.8,1376.9,1372.9,1373.0,248205
1775027700,1373.1,1375.8,1372.9,1374.8,100963
1775028000,1374.7,1375.0,1373.6,1374.7,55426
1775028300,1374.7,1375.2,1373.1,1374.1,114710
1775028600,1374.0,1375.5,1373.5,1375.3,116155
1775028900,1375.2,1376.0,1373.8,1375.4,79233
1775029200,1375.3,1376.7,1373.8,1376.5,168834
1775029500,1376.3,1376.7,1373.2,1373.9,146553
1775029800,1373.9,1374.4,1372.5,1373.0,66281
1775030100,1373.0,1373.3,1371.7,1373.1,162013
1775030400,1373.0,1373.3,1369.3,1370.5,144167
1775030700,1370.5,1371.3,1369.7,1369.7,76635
1775031000,1369.8,1369.8,1363.0,1364.9,268126
1775031300,1365.0,1368.2,1364.2,1365.9,204030
1775031600,1365.8,1366.3,1362.9,1364.7,283912
1775031900,1364.8,1366.0,1364.5,1365.9,81897
1775032200,1365.9,1367.4,1365.1,1366.6,76388
1775032500,1366.6,1367.9,1366.2,1367.7,59344
1775032800,1367.7,1369.0,1366.0,1368.6,191988
1775033100,1368.6,1369.0,1367.3,1368.9,59672
1775033400,1369.0,1369.8,1368.0,1369.3,64026
1775033700,1369.2,1369.6,1368.4,1368.7,50671
1775034000,1368.8,1369.4,1368.7,1368.9,64542
1775034300,1368.8,1369.0,1366.7,1366.7,92163
1775034600,1366.7,1368.9,1365.6,1368.0,119119
1775034900,1368.1,1368.1,1365.3,1367.4,123007
1775035200,1367.2,1368.5,1364.9,1367.0,292004
1775035500,1366.6,1367.8,1364.2,1364.2,503350
1775035800,1364.6,1369.3,1364.6,1368.4,580016
1775036100,1368.4,1369.2,1367.1,1369.1,391898
1775036400,1369.0,1371.3,1369.0,1369.9,762068
1775036700,1370.0,1371.0,1368.5,1371.0,351035
1775037000,1370.7,1371.1,1369.2,1369.2,304311
1775037300,1369.3,1370.8,1368.6,1369.9,283620
1775101500,1357.0,1358.0,1349.0,1351.2,781303
1775101800,1351.7,1353.8,1350.5,1351.2,244556
1775102100,1351.3,1352.9,1349.3,1350.8,201423
1775102400,1350.5,1351.6,1349.1,1351.4,206736
1775102700,1351.4,1351.5,1346.2,1346.7,233400
1775103000,1346.5,1347.9,1343.1,1343.5,231548
1775103300,1343.5,1345.0,1341.0,1341.6,321901
1775103600,1341.5,1342.0,1340.0,1340.9,199763
1775103900,1341.0,1341.3,1338.1,1338.8,113289
1775104200,1338.6,1338.9,1335.6,1336.1,180235
1775104500,1336.1,1336.7,1329.0,1329.5,329730
1775104800,1329.6,1334.5,1328.0,1333.8,151699
1775105100,1333.8,1333.8,1329.4,1332.0,241986
1775105400,1332.0,1332.9,1328.4,1328.8,118092
1775105700,1328.6,1332.4,1328.1,1332.1,110613
1775106000,1331.9,1334.0,1331.1,1331.1,102943
1775106300,1331.5,1332.4,1330.8,1331.9,52069
1775106600,1332.1,1334.0,1331.6,1333.0,89735
1775106900,1332.5,1334.5,1332.0,1334.0,119992
1775107200,1333.7,1338.8,1333.5,1337.3,169690
1775107500,1337.0,1340.8,1336.5,1340.7,260886
1775107800,1340.7,1341.8,1338.5,1338.5,154082
1775108100,1339.1,1341.0,1338.6,1340.1,229050
1775108400,1340.0,1340.9,1338.3,1340.6,177782
1775108700,1340.6,1341.0,1336.8,1338.4,175730
1775109000,1338.0,1340.0,1337.2,1339.0,99692
1775109300,1338.7,1339.5,1338.1,1338.5,43512
1775109600,1338.3,1341.2,1338.3,1339.8,163994
1775109900,1339.6,1341.5,1339.2,1341.4,105415
1775110200,1341.3,1341.5,1338.1,1338.3,120343
1775110500,1338.3,1340.4,1338.1,1339.2,68014
1775110800,1339.1,1341.0,1338.8,1339.1,120242
1775111100,1339.1,1342.8,1338.5,1340.7,158311
1775111400,1340.7,1344.9,1340.6,1344.0,195382
1775111700,1343.6,1345.7,1342.4,1344.7,150927
1775112000,1344.3,1345.8,1343.1,1343.7,70282
1775112300,1343.7,1344.3,1341.9,1343.2,169650
1775112600,1342.8,1343.4,1341.1,1342.8,82621
1775112900,1342.3,1344.9,1342.0,1344.5,55795
1775113200,1344.6,1345.1,1343.2,1344.8,90480
1775113500,1344.3,1346.9,1343.7,1345.5,105254
1775113800,1345.0,1345.9,1343.7,1345.0,67800
1775114100,1345.2,1345.7,1343.0,1343.2,76209
1775114400,1343.6,1345.6,1341.7,1342.2,134894
1775114700,1342.0,1345.7,1341.0,1341.4,420857
1775115000,1341.6,1345.3,1341.5,1342.0,377208
1775115300,1342.0,1342.8,1338.7,1342.8,285539
1775115600,1342.5,1342.8,1339.6,1341.4,230347
1775115900,1341.2,1343.0,1340.6,1341.5,166175
1775116200,1341.3,1343.8,1341.2,1343.2,298318
1775116500,1343.4,1345.4,1341.3,1344.8,219424
1775116800,1344.7,1345.0,1342.2,1343.8,198677
1775117100,1343.8,1344.8,1342.0,1344.3,131539
1775117400,1344.3,1346.4,1344.1,1345.6,188773
1775117700,1345.7,1347.0,1344.4,1346.7,106638
1775118000,1346.1,1348.3,1345.1,1346.5,172663
1775118300,1346.5,1347.0,1343.0,1345.2,133960
1775118600,1345.2,1347.6,1344.8,1347.5,144984
1775118900,1347.4,1349.0,1345.5,1348.9,159762
1775119200,1348.9,1352.3,1348.5,1352.3,274679
1775119500,1352.1,1355.3,1352.0,1354.8,453163
1775119800,1354.9,1356.0,1353.1,1356.0,180705
1775120100,1356.0,1356.2,1353.4,1354.2,145396
1775120400,1354.0,1356.9,1354.0,1356.0,174916
1775120700,1356.0,1356.3,1350.0,1350.5,210708
1775121000,1350.6,1351.0,1346.6,1348.0,564128
1775121300,1348.1,1351.6,1347.3,1349.1,262188
1775121600,1349.0,1351.9,1348.8,1350.4,313450
1775121900,1350.6,1350.6,1348.4,1349.4,137840
1775122200,1349.4,1350.6,1344.0,1347.8,2222715
1775122500,1348.1,1351.2,1347.2,1351.0,1510063
1775122800,1351.1,1355.4,1351.0,1355.2,874602
1775123100,1355.4,1358.2,1351.2,1353.0,1574978
1775123400,1353.0,1355.3,1349.1,1349.5,1362475
1775123700,1349.4,1351.9,1347.6,1351.0,426763
1775447100,1359.0,1359.0,1336.1,1338.7,619100
1775447400,1339.3,1339.6,1330.5,1331.2,429252
1775447700,1331.6,1332.3,1324.2,1325.8,447379
1775448000,1325.2,1327.8,1323.0,1326.0,474187
1775448300,1326.2,1326.9,1321.1,1322.1,549124
1775448600,1322.4,1324.0,1316.0,1317.0,477456
1775448900,1316.9,1320.5,1316.0,1318.6,326414
1775449200,1318.4,1319.1,1316.2,1318.2,320110
1775449500,1317.7,1318.7,1317.0,1317.6,354441
1775449800,1318.0,1321.9,1317.0,1321.6,237864
1775450100,1321.9,1323.5,1320.1,1320.8,169750
1775450400,1321.3,1322.4,1320.0,1321.4,154161
1775450700,1321.9,1322.4,1318.0,1318.4,444157
1775451000,1318.2,1319.2,1318.0,1318.2,454277
1775451300,1318.0,1318.9,1313.0,1314.3,710449
1775451600,1314.3,1314.5,1312.0,1312.4,258429
1775451900,1312.4,1312.7,1311.0,1311.4,268837
1775452200,1311.3,1311.5,1307.4,1309.0,503526
1775452500,1309.0,1310.3,1308.1,1309.4,338364
1775452800,1309.4,1310.8,1302.0,1302.2,678351
1775453100,1302.4,1305.0,1300.2,1302.5,674045
1775453400,1302.5,1302.5,1296.0,1296.7,861540
1775453700,1296.9,1301.0,1296.5,1298.6,521655
1775454000,1298.6,1298.7,1295.0,1298.3,374639
1775454300,1298.3,1301.5,1298.0,1301.5,277852
1775454600,1301.5,1302.8,1300.0,1300.3,407164
1775454900,1300.5,1302.2,1299.0,1301.9,220406
1775455200,1301.9,1302.4,1300.0,1300.7,238942
1775455500,1300.8,1302.9,1300.0,1300.0,212669
1775455800,1300.1,1301.5,1299.0,1300.6,201198
1775456100,1300.5,1302.8,1300.0,1300.2,403276
1775456400,1300.2,1303.2,1300.0,1303.2,192914
1775456700,1303.2,1304.9,1301.7,1302.3,241193
1775457000,1302.3,1303.2,1299.8,1300.0,272526
1775457300,1300.0,1301.5,1299.1,1299.4,274420
1775457600,1299.4,1300.0,1298.3,1298.4,202382
1775457900,1298.4,1298.6,1295.1,1295.3,392454
1775458200,1295.4,1298.3,1294.1,1295.7,679276
1775458500,1295.6,1297.0,1295.5,1295.6,213507
1775458800,1295.6,1295.6,1290.1,1290.5,687895
1775459100,1290.5,1292.5,1290.0,1291.6,386893
1775459400,1291.5,1292.8,1290.0,1292.3,525992
1775459700,1292.3,1297.7,1291.6,1297.0,493469
1775460000,1297.5,1298.9,1295.2,1298.4,584920
1775460300,1298.4,1300.8,1297.8,1300.8,339362
1775460600,1300.7,1301.9,1296.2,1297.7,350431
1775460900,1297.8,1300.4,1297.6,1299.7,241561
1775461200,1299.7,1303.3,1299.5,1303.3,354851
1775461500,1302.9,1303.9,1301.8,1303.5,336027
1775461800,1303.6,1304.9,1302.3,1303.5,355094
1775462100,1303.5,1303.5,1300.6,1301.4,234843
1775462400,1301.6,1304.5,1301.5,1303.7,314213
1775462700,1303.8,1304.4,1300.3,1300.3,334869
1775463000,1300.8,1301.7,1298.5,1299.0,394446
1775463300,1299.0,1300.8,1298.5,1299.0,193838
1775463600,1299.2,1303.0,1299.0,1302.9,217627
1775463900,1302.9,1303.8,1300.9,1300.9,223111
1775464200,1300.9,1303.7,1300.1,1303.1,315977
1775464500,1302.8,1303.5,1300.8,1301.0,224158
1775464800,1301.0,1303.9,1301.0,1303.8,274288
1775465100,1303.8,1305.0,1302.8,1303.1,403472
1775465400,1303.5,1303.7,1301.9,1302.8,294298
1775465700,1302.8,1304.5,1301.3,1301.7,337335
1775466000,1301.7,1302.9,1301.5,1302.3,302179
1775466300,1302.3,1304.6,1301.5,1302.9,343944
1775466600,1302.9,1304.3,1301.6,1303.8,257676
1775466900,1303.8,1304.3,1303.0,1304.2,305062
1775467200,1304.2,1304.3,1302.8,1303.5,270562
1775467500,1303.4,1305.0,1302.0,1303.4,440054
1775467800,1303.1,1304.7,1302.0,1302.5,634352
1775468100,1302.5,1304.4,1302.4,1303.3,616014
1775468400,1303.6,1307.0,1303.4,1306.6,812271
1775468700,1306.5,1306.6,1304.6,1305.1,594282
1775469000,1305.2,1306.5,1304.4,1306.2,593465
1775469300,1306.3,1306.3,1304.5,1306.0,510600
1775533500,1295.0,1301.6,1291.1,1296.3,889602
1775533800,1296.5,1297.9,1293.6,1296.3,594271
1775534100,1296.0,1299.4,1296.0,1298.3,251054
1775534400,1298.3,1298.6,1296.0,1296.3,211338
1775534700,1296.2,1296.3,1294.1,1294.8,235222
1775535000,1294.8,1295.6,1291.5,1292.3,288148
1775535300,1292.2,1294.6,1292.2,1292.6,190769
1775535600,1292.7,1293.6,1292.3,1293.3,178539
1775535900,1293.3,1296.7,1293.2,1296.5,316199
1775536200,1296.6,1297.3,1295.6,1297.0,287550
1775536500,1297.0,1298.0,1295.8,1297.1,221330
1775536800,1297.0,1298.4,1296.8,1298.4,310897
1775537100,1298.4,1300.7,1297.9,1298.9,300176
1775537400,1298.9,1299.2,1297.2,1298.7,162991
1775537700,1298.8,1299.3,1298.0,1298.9,106772
1775538000,1298.9,1299.1,1297.3,1297.6,135486
1775538300,1297.6,1297.9,1295.8,1297.8,117013
1775538600,1297.9,1298.4,1297.0,1297.3,140548
1775538900,1297.2,1298.2,1297.0,1297.5,134639
1775539200,1297.5,1297.6,1293.7,1294.8,240008
1775539500,1294.8,1296.0,1292.6,1293.4,173807
1775539800,1293.4,1294.5,1292.5,1293.2,165761
1775540100,1293.7,1295.4,1293.0,1293.3,343049
1775540400,1293.3,1293.9,1291.0,1293.2,505208
1775540700,1293.0,1294.2,1292.0,1293.3,263372
1775541000,1293.3,1294.4,1291.5,1294.4,619999
1775541300,1294.4,1295.0,1293.8,1294.8,175115
1775541600,1294.7,1295.0,1293.3,1294.5,188825
1775541900,1294.5,1295.4,1293.7,1294.5,103574
1775542200,1294.8,1294.8,1293.1,1293.2,79785
1775542500,1293.1,1294.3,1292.5,1293.8,148461
1775542800,1293.8,1294.5,1293.3,1294.4,63357
1775543100,1294.2,1295.8,1294.2,1295.3,173509
1775543400,1295.3,1295.7,1293.4,1294.5,1635403
1775543700,1294.7,1294.9,1293.5,1294.9,101400
1775544000,1294.9,1295.5,1293.5,1295.4,234691
1775544300,1294.9,1295.5,1294.2,1294.5,102496
1775544600,1294.5,1294.6,1293.2,1293.9,105911
1775544900,1294.0,1294.8,1293.7,1294.4,79136
1775545200,1294.4,1296.8,1293.6,1295.9,263693
1775545500,1295.9,1297.6,1295.7,1297.2,203949
1775545800,1297.1,1298.5,1296.9,1297.8,206527
1775546100,1297.9,1299.0,1297.2,1298.7,382281
1775546400,1298.7,1298.7,1296.1,1296.8,226391
1775546700,1296.8,1297.4,1295.2,1295.4,140971
1775547000,1295.4,1296.5,1295.1,1295.2,153265
1775547300,1295.5,1295.5,1292.6,1292.7,310366
1775547600,1292.9,1295.0,1292.2,1294.6,512501
1775547900,1294.6,1296.3,1294.5,1296.3,169617
1775548200,1296.5,1297.9,1295.6,1296.1,307727
1775548500,1296.1,1296.1,1293.5,1293.9,144441
1775548800,1294.0,1297.6,1293.9,1295.6,226013
1775549100,1295.7,1297.5,1295.5,1297.3,134479
1775549400,1297.3,1299.8,1296.5,1298.2,314006
1775549700,1298.2,1300.2,1298.2,1299.3,607443
1775550000,1299.3,1304.0,1298.5,1300.0,722401
1775550300,1300.0,1300.4,1296.4,1297.1,251459
1775550600,1297.4,1299.4,1296.7,1298.0,205000
1775550900,1298.5,1299.5,1297.1,1299.5,159681
1775551200,1299.5,1300.0,1298.0,1298.6,425331
1775551500,1298.9,1299.6,1295.2,1295.7,414982
1775551800,1296.2,1296.3,1294.1,1295.6,202705
1775552100,1295.8,1296.0,1294.7,1295.6,136260
1775552400,1295.6,1297.0,1295.2,1296.0,368370
1775552700,1296.0,1296.4,1294.2,1295.1,225929
1775553000,1295.1,1298.0,1294.8,1297.0,372627
1775553300,1297.0,1299.3,1296.6,1298.4,236785
1775553600,1298.6,1301.2,1298.6,1300.3,538291
1775553900,1300.3,1302.0,1299.5,1300.6,828430
1775554200,1300.6,1308.3,1299.4,1303.0,2362824
1775554500,1303.0,1306.3,1300.7,1305.9,2064321
1775554800,1305.3,1305.8,1303.0,1303.9,986713
1775555100,1304.0,1307.0,1301.5,1305.0,1174802
1775555400,1305.5,1307.0,1304.7,1306.4,1064878
1775555700,1306.5,1308.0,1305.0,1306.5,590127
1775619900,1349.0,1349.0,1326.2,1334.5,2365428
1775620200,1334.2,1338.5,1333.9,1336.1,683603
1775620500,1335.6,1341.5,1335.0,1341.0,681249
1775620800,1341.1,1342.6,1338.0,1338.6,442110
1775621100,1338.6,1342.0,1338.1,1338.4,419291
1775621400,1338.5,1339.4,1336.8,1338.4,290581
1775621700,1338.4,1339.8,1338.0,1338.4,216778
1775622000,1339.0,1340.0,1337.0,1337.2,274642
1775622300,1337.1,1341.0,1337.0,1339.1,314252
1775622600,1338.7,1343.9,1338.7,1343.5,275091
1775622900,1343.6,1345.3,1341.7,1342.7,334584
1775623200,1342.6,1343.6,1341.7,1342.1,155806
1775623500,1342.4,1342.4,1340.1,1342.0,143196
1775623800,1341.9,1343.8,1341.8,1342.1,274694
1775624100,1342.1,1342.2,1341.0,1341.9,305949
1775624400,1341.6,1343.5,1341.6,1342.9,158986
1775624700,1342.9,1343.0,1341.9,1342.9,125514
1775625000,1342.8,1344.0,1341.1,1343.8,169857
1775625300,1343.8,1343.8,1339.3,1341.0,439637
1775625600,1341.0,1346.7,1340.0,1345.6,313915
1775625900,1345.6,1347.0,1344.4,1344.9,309736
1775626200,1344.9,1346.0,1344.0,1344.8,330487
1775626500,1344.8,1346.9,1344.7,1346.8,243826
1775626800,1346.6,1348.3,1346.0,1347.1,333277
1775627100,1347.1,1348.5,1346.2,1347.1,225072
1775627400,1347.0,1347.4,1344.6,1344.9,724154
1775627700,1345.1,1345.5,1342.9,1344.7,174841
1775628000,1344.8,1345.7,1344.1,1344.5,121684
1775628300,1344.5,1345.8,1343.1,1344.9,226914
1775628600,1345.0,1348.1,1343.8,1347.5,290822
1775628900,1347.6,1348.8,1347.2,1348.5,147265
1775629200,1348.2,1348.5,1344.1,1344.1,194750
1775629500,1344.5,1345.2,1342.3,1342.9,307421
1775629800,1342.9,1346.0,1341.6,1344.8,335750
1775630100,1345.0,1346.0,1344.8,1345.2,82101
1775630400,1345.5,1345.7,1344.7,1345.0,57550
1775630700,1344.9,1345.5,1344.3,1344.8,75888
1775631000,1345.0,1345.7,1344.8,1344.9,69395
1775631300,1345.0,1345.5,1344.3,1344.5,79047
1775631600,1344.5,1344.5,1341.2,1343.0,177227
1775631900,1343.1,1343.4,1341.2,1341.8,104605
1775632200,1341.9,1342.7,1340.0,1342.2,216247
1775632500,1342.2,1342.3,1340.5,1341.1,168201
1775632800,1341.0,1342.2,1340.5,1340.6,143823
1775633100,1340.8,1341.9,1340.6,1341.0,70002
1775633400,1341.0,1341.3,1339.5,1340.9,141904
1775633700,1341.0,1341.5,1339.0,1340.7,265140
1775634000,1340.7,1344.0,1340.5,1343.5,300798
1775634300,1343.5,1344.8,1343.0,1344.0,152741
1775634600,1344.1,1345.5,1343.7,1345.1,146350
1775634900,1345.2,1349.9,1345.1,1349.4,329236
1775635200,1349.5,1349.5,1346.2,1348.2,184558
1775635500,1348.2,1350.2,1347.4,1349.3,355676
1775635800,1349.0,1349.2,1346.1,1346.1,195474
1775636100,1346.2,1347.9,1345.5,1346.2,124538
1775636400,1346.6,1347.1,1344.3,1345.0,236347
1775636700,1345.9,1346.8,1344.8,1346.5,106774
1775637000,1346.7,1346.7,1344.6,1345.5,105535
1775637300,1345.6,1346.4,1344.3,1345.7,94751
1775637600,1346.0,1347.1,1344.2,1344.4,184556
1775637900,1345.1,1345.5,1343.4,1344.9,444803
1775638200,1344.9,1347.8,1344.8,1347.7,167949
1775638500,1347.7,1349.2,1347.4,1349.0,426425
1775638800,1349.0,1349.4,1347.4,1348.3,120338
1775639100,1348.0,1348.8,1348.0,1348.0,180888
1775639400,1348.1,1349.6,1347.9,1349.5,184529
1775639700,1349.5,1350.6,1348.5,1349.0,390338
1775640000,1349.3,1349.5,1347.2,1348.0,251662
1775640300,1348.0,1348.9,1347.3,1348.1,156497
1775640600,1348.1,1348.2,1345.0,1346.4,417869
1775640900,1346.4,1349.0,1346.4,1347.9,309337
1775641200,1347.9,1348.6,1347.3,1348.2,320204
1775641500,1348.1,1348.9,1348.0,1348.1,307792
1775641800,1348.2,1349.4,1347.0,1348.9,450940
1775642100,1349.4,1349.5,1348.0,1349.2,338613
1775706300,1346.0,1346.7,1338.0,1346.2,543532
1775706600,1346.2,1349.2,1345.0,1349.0,458499
1775706900,1349.0,1350.0,1347.8,1349.2,261883
1775707200,1349.2,1349.2,1344.4,1345.1,231183
1775707500,1345.4,1347.0,1343.0,1343.7,145697
1775707800,1344.1,1344.1,1342.1,1342.1,113023
1775708100,1342.7,1343.7,1339.0,1339.1,283850
1775708400,1339.1,1340.5,1338.0,1338.3,130559
1775708700,1338.2,1338.2,1335.6,1336.7,172511
1775709000,1336.7,1337.2,1333.7,1336.8,210067
1775709300,1336.8,1337.4,1335.6,1336.7,117324
1775709600,1336.7,1338.1,1336.1,1336.7,99584
1775709900,1336.7,1337.7,1335.2,1337.7,123609
1775710200,1337.3,1339.0,1336.5,1338.9,109937
1775710500,1338.7,1339.0,1335.6,1337.1,106577
1775710800,1337.1,1338.5,1337.0,1338.3,45941
1775711100,1338.3,1338.5,1335.5,1337.1,122679
1775711400,1337.0,1337.4,1331.6,1332.2,348282
1775711700,1332.3,1333.7,1331.5,1333.5,120950
1775712000,1333.5,1335.9,1332.7,1334.6,130025
1775712300,1334.6,1336.5,1334.1,1334.8,90665
1775712600,1334.9,1338.0,1334.7,1337.6,203652
1775712900,1337.6,1337.7,1334.8,1337.1,267657
1775713200,1337.1,1337.9,1336.7,1336.9,133874
1775713500,1337.0,1337.1,1335.2,1335.9,101675
1775713800,1335.9,1337.1,1334.7,1336.2,171552
1775714100,1336.2,1339.0,1336.1,1338.3,190979
1775714400,1338.3,1339.6,1335.8,1337.0,187856
1775714700,1337.0,1337.0,1335.8,1336.0,48267
1775715000,1335.8,1337.8,1335.2,1336.5,101631
1775715300,1336.7,1337.5,1335.5,1337.5,74085
1775715600,1337.4,1337.9,1336.0,1337.4,125791
1775715900,1337.3,1339.0,1337.0,1338.4,139742
1775716200,1338.7,1339.7,1336.1,1336.9,199568
1775716500,1336.9,1338.5,1336.0,1338.4,96359
1775716800,1338.4,1338.8,1336.8,1336.8,109028
1775717100,1336.9,1336.9,1336.0,1336.2,58536
1775717400,1336.1,1337.0,1336.0,1336.4,42180
1775717700,1336.4,1337.5,1336.0,1336.5,93160
1775718000,1336.5,1337.6,1336.0,1336.1,105686
1775718300,1336.1,1336.2,1334.5,1335.5,102674
1775718600,1335.5,1335.7,1335.0,1335.5,74925
1775718900,1335.5,1335.6,1333.2,1333.7,89416
1775719200,1333.6,1334.9,1333.0,1334.3,140840
1775719500,1334.3,1334.9,1333.7,1334.5,80558
1775719800,1334.7,1335.3,1333.5,1334.7,118332
1775720100,1334.7,1335.5,1334.1,1335.0,76011
1775720400,1335.0,1335.0,1334.0,1334.4,43583
1775720700,1334.4,1334.4,1334.1,1334.2,39530
1775721000,1334.3,1335.4,1332.3,1333.9,261192
1775721300,1333.7,1334.0,1332.4,1332.7,83151
1775721600,1332.8,1334.4,1332.0,1334.2,204865
1775721900,1334.5,1334.9,1333.0,1333.6,91259
1775722200,1333.7,1333.9,1332.0,1332.3,80575
1775722500,1332.4,1334.9,1332.0,1333.5,307217
1775722800,1333.4,1334.1,1333.0,1333.4,86887
1775723100,1333.5,1334.2,1333.1,1333.5,54374
1775723400,1333.6,1333.8,1333.0,1333.1,62739
1775723700,1333.0,1335.4,1332.6,1334.0,109033
1775724000,1334.0,1334.4,1332.3,1332.6,228166
1775724300,1332.6,1332.6,1331.0,1331.4,150285
1775724600,1331.4,1332.1,1328.5,1329.7,336624
1775724900,1329.7,1329.9,1327.9,1329.2,129814
1775725200,1329.2,1329.5,1327.5,1328.6,230274
1775725500,1328.8,1329.7,1327.5,1328.2,238302
1775725800,1328.2,1330.3,1327.8,1329.0,271071
1775726100,1328.6,1332.3,1328.1,1329.5,656356
1775726400,1329.8,1330.0,1328.3,1329.8,241684
1775726700,1329.9,1330.4,1328.5,1329.4,318320
1775727000,1329.3,1337.0,1326.4,1327.7,3681383
1775727300,1327.2,1332.7,1326.3,1329.4,2382747
1775727600,1330.1,1330.9,1328.2,1330.7,999223
1775727900,1330.2,1330.9,1328.2,1328.8,843254
1775728200,1328.7,1329.8,1327.3,1328.8,994535
1775728500,1328.9,1330.3,1328.3,1329.1,404328
1775792700,1337.0,1343.0,1331.5,1342.9,720399
1775793000,1342.9,1344.5,1340.1,1340.4,320591
1775793300,1340.3,1342.2,1340.0,1340.0,216001
1775793600,1340.1,1342.1,1339.6,1340.4,219079
1775793900,1340.4,1342.4,1340.4,1341.9,212870
1775794200,1342.1,1342.5,1341.3,1342.5,235342
1775794500,1342.3,1349.8,1342.3,1348.9,573180
1775794800,1348.5,1351.0,1348.3,1349.4,575535
1775795100,1349.7,1349.7,1347.1,1347.5,1182499
1775795400,1347.8,1348.0,1344.5,1344.7,183035
1775795700,1344.8,1345.4,1343.7,1343.8,169366
1775796000,1343.9,1347.7,1343.7,1347.2,158980
1775796300,1347.6,1348.5,1347.2,1347.8,166855
1775796600,1347.8,1348.4,1346.2,1346.6,90437
1775796900,1346.7,1348.0,1345.6,1346.3,108166
1775797200,1346.4,1347.3,1345.8,1346.5,108685
1775797500,1346.5,1347.0,1346.1,1346.4,103240
1775797800,1346.5,1346.6,1345.3,1345.7,190911
1775798100,1345.7,1346.3,1344.7,1345.3,172751
1775798400,1345.5,1346.2,1345.2,1346.0,120569
1775798700,1346.1,1346.4,1344.2,1344.8,166619
1775799000,1344.7,1346.0,1344.7,1345.7,96873
1775799300,1345.7,1347.0,1345.5,1347.0,106353
1775799600,1347.0,1349.0,1346.8,1348.5,157914
1775799900,1348.4,1349.0,1346.8,1347.5,193034
1775800200,1347.3,1349.0,1347.3,1347.6,151692
1775800500,1347.7,1349.6,1345.7,1346.5,351243
1775800800,1346.3,1349.9,1345.4,1348.9,756521
1775801100,1348.8,1349.3,1346.6,1347.1,245379
1775801400,1347.1,1348.0,1345.5,1346.0,178847
1775801700,1346.0,1346.0,1344.5,1345.4,178400
1775802000,1345.5,1345.8,1344.8,1345.4,223717
1775802300,1345.5,1346.8,1345.3,1346.6,95664
1775802600,1346.6,1347.8,1345.8,1347.6,84618
1775802900,1347.7,1349.0,1347.5,1349.0,111875
1775803200,1348.9,1349.8,1347.6,1349.3,145335
1775803500,1349.5,1349.5,1348.0,1348.8,132534
1775803800,1348.8,1349.5,1348.0,1349.3,173196
1775804100,1349.2,1350.0,1347.9,1348.4,266894
1775804400,1348.4,1349.4,1348.0,1348.0,211323
1775804700,1348.4,1350.0,1348.1,1349.5,150763
1775805000,1349.4,1350.0,1348.9,1349.3,148272
1775805300,1349.2,1349.6,1348.5,1349.4,93953
1775805600,1349.5,1350.0,1347.5,1348.4,262625
1775805900,1348.7,1349.4,1347.3,1348.0,147651
1775806200,1348.0,1348.2,1347.5,1347.8,96467
1775806500,1347.5,1348.4,1346.8,1348.3,127729
1775806800,1348.3,1348.7,1346.9,1346.9,82730
1775807100,1347.0,1347.9,1346.6,1346.7,98654
1775807400,1346.6,1347.0,1346.3,1346.9,91860
1775807700,1346.9,1347.7,1346.8,1347.4,111252
1775808000,1347.4,1347.5,1346.8,1347.0,94564
1775808300,1346.9,1347.5,1346.7,1347.4,77172
1775808600,1347.5,1348.0,1347.4,1347.9,89435
1775808900,1347.9,1348.8,1347.4,1347.7,114920
1775809200,1347.7,1347.7,1345.4,1347.2,258813
1775809500,1347.4,1349.0,1347.2,1349.0,106206
1775809800,1349.0,1349.6,1348.1,1348.1,370612
1775810100,1348.2,1348.7,1347.8,1348.2,108811
1775810400,1348.1,1349.1,1347.0,1347.8,299907
1775810700,1348.0,1348.0,1343.7,1345.9,272816
1775811000,1345.9,1347.0,1343.7,1343.8,253895
1775811300,1344.0,1345.2,1342.5,1344.7,314245
1775811600,1344.7,1346.8,1342.9,1342.9,763057
1775811900,1343.4,1346.3,1342.5,1345.3,431225
1775812200,1345.3,1348.6,1344.8,1347.9,431843
1775812500,1347.9,1348.3,1344.0,1347.3,481677
1775812800,1347.3,1348.0,1346.3,1347.3,307428
1775813100,1347.5,1348.0,1346.8,1347.2,161087
1775813400,1347.3,1349.0,1346.8,1349.0,393187
1775813700,1349.0,1351.9,1348.7,1351.5,858621
1775814000,1351.4,1352.3,1349.8,1349.9,526563
1775814300,1349.9,1351.6,1349.0,1350.9,529829
1775814600,1350.9,1351.6,1349.5,1349.5,475114
1775814900,1349.6,1350.6,1349.0,1350.0,296693
1776051900,1321.2,1326.7,1311.0,1317.0,1650660
1776052200,1317.0,1317.4,1311.8,1313.3,1103318
1776052500,1313.4,1315.3,1312.3,1314.2,608419
1776052800,1313.9,1314.4,1313.0,1314.4,235672
1776053100,1314.4,1314.7,1312.8,1313.6,330430
1776053400,1313.5,1315.1,1312.8,1314.9,173461
1776053700,1315.0,1315.0,1313.6,1314.2,185001
1776054000,1314.2,1315.4,1313.6,1314.1,165784
1776054300,1314.1,1317.2,1314.0,1315.8,604485
1776054600,1315.8,1319.3,1315.0,1318.9,282564
1776054900,1318.8,1320.0,1318.5,1319.7,445641
1776055200,1319.7,1321.8,1319.5,1321.0,1416982
1776055500,1320.8,1323.7,1319.8,1323.6,294911
1776055800,1323.5,1327.6,1323.4,1325.2,336577
1776056100,1325.2,1325.4,1323.7,1324.6,230780
1776056400,1324.6,1324.7,1323.0,1323.5,195203
1776056700,1323.6,1324.1,1320.6,1322.5,394444
1776057000,1322.6,1324.9,1322.3,1323.9,186157
1776057300,1323.9,1324.7,1322.4,1323.0,177317
1776057600,1323.0,1323.6,1322.0,1322.4,133430
1776057900,1322.3,1323.4,1319.9,1320.2,202448
1776058200,1320.4,1320.4,1317.7,1318.0,744811
1776058500,1318.0,1320.6,1317.9,1320.1,226925
1776058800,1320.1,1320.6,1319.5,1320.0,186500
1776059100,1319.9,1320.4,1319.8,1320.0,171038
1776059400,1320.0,1321.0,1319.5,1319.8,332503
1776059700,1319.8,1320.3,1319.7,1320.0,195088
1776060000,1320.0,1320.2,1318.7,1319.3,472566
1776060300,1319.2,1320.0,1319.0,1319.7,164838
1776060600,1319.6,1320.0,1318.4,1318.8,214131
1776060900,1318.5,1319.3,1318.1,1319.1,158869
1776061200,1319.1,1319.7,1318.0,1318.2,212929
1776061500,1318.3,1319.5,1317.2,1317.5,198770
1776061800,1317.5,1317.7,1315.0,1316.4,360341
1776062100,1316.3,1317.2,1315.7,1316.2,247063
1776062400,1316.1,1317.2,1315.7,1316.0,852400
1776062700,1316.0,1317.3,1314.7,1316.5,421795
1776063000,1316.5,1316.5,1312.6,1313.8,395513
1776063300,1313.8,1314.7,1313.5,1314.0,264114
1776063600,1314.0,1314.2,1311.8,1312.9,401192
1776063900,1313.0,1313.3,1311.5,1312.2,236061
1776064200,1312.1,1313.6,1311.8,1312.9,175767
1776064500,1312.6,1312.9,1310.2,1311.5,505508
1776064800,1311.8,1313.9,1310.9,1311.0,665245
1776065100,1311.0,1313.8,1310.0,1311.4,540438
1776065400,1311.0,1313.0,1310.7,1311.8,193790
1776065700,1312.0,1313.5,1311.8,1313.0,162793
1776066000,1313.1,1314.0,1312.1,1312.7,181089
1776066300,1312.7,1314.0,1312.1,1314.0,207884
1776066600,1314.0,1314.0,1313.0,1313.7,295299
1776066900,1313.6,1314.4,1312.7,1314.0,309491
1776067200,1314.0,1315.8,1313.8,1315.5,345844
1776067500,1315.8,1317.1,1315.0,1316.8,324697
1776067800,1316.8,1317.0,1315.0,1316.0,212252
1776068100,1316.1,1316.5,1315.5,1315.5,116535
1776068400,1315.5,1316.5,1315.0,1316.5,151411
1776068700,1316.3,1317.5,1316.0,1316.2,155024
1776069000,1316.2,1316.7,1315.4,1316.2,104917
1776069300,1316.3,1316.5,1315.0,1315.2,138523
1776069600,1315.2,1316.0,1314.0,1316.0,242134
1776069900,1315.8,1316.9,1315.1,1316.0,204781
1776070200,1316.0,1316.6,1315.2,1315.8,110568
1776070500,1315.8,1316.5,1315.4,1316.1,133709
1776070800,1316.1,1317.6,1316.0,1317.2,219328
1776071100,1317.3,1317.6,1316.0,1316.6,253478
1776071400,1316.6,1317.4,1316.2,1316.6,124441
1776071700,1316.7,1317.4,1315.7,1317.4,210667
1776072000,1317.2,1317.6,1317.0,1317.5,224765
1776072300,1317.1,1318.4,1317.0,1317.6,329095
1776072600,1317.6,1318.6,1313.1,1313.9,2062636
1776072900,1313.6,1316.5,1312.2,1315.9,1429421
1776073200,1315.6,1315.9,1313.3,1315.1,655733
1776073500,1315.4,1315.5,1313.7,1315.0,509773
1776073800,1314.4,1315.4,1313.9,1314.1,442696
1776074100,1314.1,1314.2,1313.5,1314.0,345749
1776224700,1337.0,1338.9,1334.2,1335.8,1159051
1776225000,1336.0,1337.9,1335.7,1336.8,316358
1776225300,1336.9,1338.4,1336.4,1336.8,235469
1776225600,1337.0,1338.2,1335.8,1338.2,207393
1776225900,1338.0,1339.9,1337.2,1338.0,257301
1776226200,1338.0,1339.0,1337.0,1338.9,113237
1776226500,1338.9,1339.8,1337.7,1337.7,137610
1776226800,1338.0,1338.0,1337.4,1337.8,73145
1776227100,1337.8,1338.1,1336.6,1336.9,103521
1776227400,1336.9,1337.8,1336.5,1337.7,64745
1776227700,1337.7,1339.5,1337.6,1337.9,144056
1776228000,1338.6,1339.7,1337.6,1338.4,213221
1776228300,1338.5,1339.1,1338.0,1338.4,71112
1776228600,1338.3,1338.7,1337.4,1338.4,210073
1776228900,1338.3,1338.5,1336.8,1337.0,108774
1776229200,1336.9,1338.1,1336.9,1337.6,95236
1776229500,1337.6,1338.7,1337.2,1338.2,147780
1776229800,1338.1,1338.5,1337.7,1338.5,89100
1776230100,1338.4,1341.6,1338.4,1341.0,289072
1776230400,1341.0,1341.9,1339.2,1341.3,176812
1776230700,1341.4,1342.1,1340.0,1341.0,191601
1776231000,1340.9,1341.0,1339.5,1340.7,139324
1776231300,1340.6,1340.8,1337.0,1337.6,161330
1776231600,1337.5,1338.1,1336.8,1337.3,96493
1776231900,1337.3,1338.8,1337.1,1338.0,88061
1776232200,1338.2,1340.3,1338.0,1340.3,111408
1776232500,1340.1,1340.2,1338.5,1339.6,164340
1776232800,1339.4,1340.1,1339.1,1339.8,71847
1776233100,1339.9,1340.4,1339.7,1339.9,52119
1776233400,1340.0,1341.2,1339.7,1340.1,72659
1776233700,1340.1,1341.1,1339.5,1340.5,67571
1776234000,1340.9,1341.0,1340.3,1340.9,68749
1776234300,1341.0,1341.0,1340.1,1340.3,82714
1776234600,1340.4,1340.7,1339.8,1340.4,73707
1776234900,1340.2,1340.9,1339.5,1339.9,56161
1776235200,1339.9,1340.7,1339.5,1339.7,64604
1776235500,1340.0,1341.1,1339.8,1340.5,161192
1776235800,1340.3,1341.0,1339.5,1340.9,113908
1776236100,1340.9,1341.2,1340.6,1340.6,92538
1776236400,1340.7,1340.8,1340.2,1340.3,68741
1776236700,1340.3,1340.6,1339.5,1340.5,58330
1776237000,1340.6,1340.8,1339.5,1339.7,188474
1776237300,1339.7,1340.4,1339.5,1339.8,79095
1776237600,1340.1,1341.9,1338.2,1339.4,338962
1776237900,1339.1,1339.9,1338.3,1338.6,137794
1776238200,1338.7,1340.0,1338.5,1339.6,74276
1776238500,1339.5,1339.8,1338.8,1339.4,84641
1776238800,1339.4,1339.9,1339.0,1339.4,63090
1776239100,1339.4,1342.0,1339.3,1342.0,310697
1776239400,1341.9,1343.9,1338.8,1339.6,474636
1776239700,1339.6,1340.4,1339.6,1339.9,85787
1776240000,1339.9,1341.6,1339.1,1339.9,113120
1776240300,1340.0,1341.1,1338.8,1339.4,188458
1776240600,1339.5,1340.4,1338.8,1339.6,93529
1776240900,1339.6,1340.4,1338.5,1339.3,185220
1776241200,1339.1,1339.8,1336.8,1337.2,420314
1776241500,1337.2,1337.9,1336.5,1336.6,416748
1776241800,1336.9,1337.0,1336.0,1336.8,176110
1776242100,1336.8,1338.6,1336.6,1338.1,217993
1776242400,1338.2,1339.2,1337.8,1338.7,102620
1776242700,1338.6,1339.7,1337.5,1339.5,137878
1776243000,1339.4,1342.0,1338.3,1338.3,265217
1776243300,1338.4,1340.5,1338.3,1340.4,86858
1776243600,1340.4,1341.3,1339.8,1341.0,112273
1776243900,1341.4,1341.4,1340.0,1340.8,111032
1776244200,1340.8,1341.4,1340.8,1341.3,106433
1776244500,1341.2,1343.0,1341.2,1343.0,202477
1776244800,1343.0,1343.7,1340.7,1341.6,454786
1776245100,1341.9,1344.8,1339.7,1344.6,473397
1776245400,1344.8,1345.5,1343.7,1344.8,519627
1776245700,1344.8,1346.8,1344.4,1346.3,550811
1776246000,1346.4,1347.0,1342.0,1344.4,694173
1776246300,1344.5,1344.7,1342.4,1342.4,358911
1776246600,1342.5,1344.7,1342.4,1344.0,447314
1776246900,1344.1,1344.5,1341.0,1342.9,339607
1776311100,1352.0,1353.8,1340.0,1342.6,889285
1776311400,1342.7,1343.7,1340.4,1343.3,301703
1776311700,1343.7,1344.7,1343.2,1344.0,234638
1776312000,1344.0,1344.1,1341.0,1341.6,379398
1776312300,1341.5,1341.8,1338.3,1339.4,379611
1776312600,1339.4,1340.0,1338.0,1338.0,197700
1776312900,1338.2,1339.0,1337.0,1338.2,290983
1776313200,1338.0,1339.8,1335.6,1337.7,447423
1776313500,1337.6,1337.6,1332.5,1332.6,346793
1776313800,1332.7,1334.5,1332.0,1334.5,412782
1776314100,1334.5,1334.5,1332.0,1334.3,262332
1776314400,1334.1,1336.2,1333.5,1334.0,309839
1776314700,1334.1,1336.7,1333.5,1335.5,935902
1776315000,1335.3,1336.5,1334.9,1335.7,177000
1776315300,1335.2,1336.1,1334.5,1335.0,121740
1776315600,1335.1,1336.2,1334.5,1335.6,178376
1776315900,1335.5,1336.5,1334.5,1335.2,275957
1776316200,1335.3,1336.0,1334.5,1334.9,201993
1776316500,1335.1,1336.3,1334.6,1335.8,470444
1776316800,1335.6,1337.4,1335.3,1337.2,191096
1776317100,1337.0,1338.2,1336.8,1337.5,150614
1776317400,1337.6,1340.5,1337.5,1339.7,391347
1776317700,1339.4,1340.6,1337.9,1338.9,595957
1776318000,1338.9,1338.9,1337.1,1338.1,267651
1776318300,1338.4,1340.1,1336.8,1339.5,407836
1776318600,1339.6,1341.6,1335.6,1336.3,874160
1776318900,1336.3,1340.2,1336.1,1338.6,691186
1776319200,1338.6,1340.6,1338.4,1339.6,228553
1776319500,1339.8,1340.5,1338.3,1339.6,267768
1776319800,1339.8,1339.8,1337.2,1337.3,223914
1776320100,1337.4,1339.4,1336.2,1338.8,357167
1776320400,1338.2,1338.7,1336.6,1338.3,446392
1776320700,1338.4,1338.4,1336.1,1336.2,253492
1776321000,1336.8,1337.4,1335.2,1335.2,214388
1776321300,1335.2,1337.1,1334.5,1335.9,279348
1776321600,1335.8,1337.4,1335.3,1335.5,100151
1776321900,1335.3,1336.9,1334.6,1336.0,327604
1776322200,1336.0,1336.3,1334.1,1334.6,236252
1776322500,1335.0,1335.8,1334.1,1334.6,246743
1776322800,1334.6,1335.4,1330.6,1330.8,478743
1776323100,1330.9,1332.4,1330.5,1332.4,348925
1776323400,1332.1,1334.0,1330.8,1331.2,430300
1776323700,1331.2,1331.9,1330.0,1331.4,294601
1776324000,1331.4,1333.8,1330.9,1331.5,229604
1776324300,1331.0,1332.4,1330.3,1332.4,169109
1776324600,1332.3,1333.1,1331.3,1332.4,172069
1776324900,1332.4,1333.3,1330.0,1331.1,389095
1776325200,1331.7,1332.5,1330.5,1332.3,164184
1776325500,1331.8,1333.5,1331.7,1333.2,119719
1776325800,1333.4,1334.9,1331.3,1332.0,559863
1776326100,1331.9,1333.2,1331.3,1332.5,220131
1776326400,1332.5,1334.0,1332.3,1333.7,116720
1776326700,1333.7,1333.8,1332.6,1333.4,85668
1776327000,1333.4,1334.0,1333.1,1333.7,119478
1776327300,1333.7,1334.6,1333.6,1334.3,115371
1776327600,1334.3,1336.2,1332.5,1335.5,704087
1776327900,1335.3,1336.9,1334.4,1336.0,872008
1776328200,1336.1,1336.2,1333.7,1334.6,199829
1776328500,1334.5,1336.4,1334.2,1336.2,266270
1776328800,1336.3,1337.5,1336.0,1336.8,232857
1776329100,1337.0,1338.4,1336.5,1337.5,260747
1776329400,1337.7,1338.0,1336.9,1337.7,140096
1776329700,1337.7,1339.5,1337.4,1339.3,153227
1776330000,1339.2,1340.6,1338.6,1340.5,340374
1776330300,1340.6,1341.0,1338.9,1340.8,421196
1776330600,1340.6,1341.6,1339.7,1341.0,374941
1776330900,1341.3,1341.8,1341.0,1341.5,257606
1776331200,1342.0,1343.0,1340.2,1341.8,701518
1776331500,1342.0,1342.8,1340.2,1342.0,337233
1776331800,1341.7,1345.6,1339.6,1342.1,1941480
1776332100,1342.4,1343.8,1339.7,1340.1,1638243
1776332400,1339.7,1346.0,1339.7,1343.1,1738363
1776332700,1343.1,1345.6,1341.3,1342.4,985541
1776333000,1342.2,1346.0,1342.2,1345.6,560497
1776333300,1345.6,1346.8,1344.4,1345.9,414894
1776397500,1340.0,1351.9,1340.0,1346.0,651430
1776397800,1346.0,1347.4,1343.5,1343.7,184029
1776398100,1343.6,1347.1,1343.5,1346.1,136336
1776398400,1346.6,1347.7,1345.5,1347.0,134898
1776398700,1347.0,1348.4,1345.0,1348.4,133866
1776399000,1348.0,1349.0,1346.6,1347.4,100485
1776399300,1347.4,1347.9,1346.7,1347.5,80037
1776399600,1347.5,1348.4,1347.3,1348.4,70899
1776399900,1348.0,1349.7,1347.6,1348.9,229026
1776400200,1348.7,1350.3,1348.5,1349.2,289623
1776400500,1349.5,1351.8,1348.9,1350.0,223596
1776400800,1350.1,1350.1,1349.1,1349.7,136995
1776401100,1349.7,1350.7,1348.9,1350.3,70612
1776401400,1350.4,1350.4,1349.4,1350.0,45278
1776401700,1350.0,1350.0,1348.6,1349.0,122781
1776402000,1348.9,1349.4,1348.0,1348.7,78216
1776402300,1348.8,1351.7,1348.7,1350.6,265940
1776402600,1350.4,1350.9,1349.8,1350.9,101933
1776402900,1350.9,1351.4,1350.4,1351.0,91465
1776403200,1351.0,1351.3,1350.5,1350.9,52807
1776403500,1351.3,1351.9,1351.0,1351.1,65116
1776403800,1351.2,1352.9,1351.0,1351.7,164413
1776404100,1351.7,1357.0,1351.7,1357.0,288475
1776404400,1357.0,1364.4,1356.8,1361.5,409015
1776404700,1361.3,1364.0,1361.3,1364.0,274175
1776405000,1363.8,1366.9,1363.6,1365.7,280806
1776405300,1365.7,1367.0,1364.0,1364.9,186256
1776405600,1365.0,1367.1,1364.0,1366.5,144730
1776405900,1366.7,1367.9,1366.0,1367.3,131233
1776406200,1367.4,1367.8,1365.2,1365.2,87443
1776406500,1365.2,1365.6,1362.4,1362.9,145685
1776406800,1362.9,1368.0,1362.9,1367.9,313469
1776407100,1368.0,1368.4,1362.0,1362.6,402620
1776407400,1362.1,1362.7,1359.5,1360.9,673938
1776407700,1360.8,1364.9,1360.8,1363.5,538319
1776408000,1363.8,1363.8,1362.4,1362.8,60085
1776408300,1362.8,1364.9,1362.6,1363.9,74792
1776408600,1364.2,1364.5,1363.3,1363.5,54683
1776408900,1363.5,1363.8,1362.2,1363.0,73074
1776409200,1362.9,1363.2,1361.6,1361.6,91618
1776409500,1361.7,1362.5,1361.5,1362.0,133579
1776409800,1362.1,1362.2,1360.3,1360.9,106819
1776410100,1360.9,1361.9,1360.7,1361.3,98813
1776410400,1361.4,1361.6,1360.4,1361.5,38296
1776410700,1361.6,1361.8,1360.1,1360.7,48642
1776411000,1360.6,1360.8,1359.2,1359.8,132491
1776411300,1359.8,1362.5,1359.8,1362.2,85376
1776411600,1362.1,1362.4,1360.8,1360.8,112283
1776411900,1360.8,1361.3,1357.3,1357.5,211782
1776412200,1357.4,1359.4,1357.0,1357.9,189236
1776412500,1357.8,1359.8,1357.3,1359.5,105207
1776412800,1359.5,1360.4,1359.0,1360.3,136131
1776413100,1360.4,1362.7,1359.1,1361.9,95196
1776413400,1361.7,1363.0,1361.2,1361.9,95014
1776413700,1361.9,1362.2,1360.9,1361.5,55041
1776414000,1361.8,1362.2,1361.6,1362.2,65914
1776414300,1362.4,1363.2,1361.9,1362.9,65490
1776414600,1362.8,1363.8,1362.7,1363.0,63035
1776414900,1362.9,1363.5,1362.5,1363.1,52348
1776415200,1363.0,1364.0,1362.9,1363.2,48708
1776415500,1363.5,1364.3,1363.0,1364.2,117170
1776415800,1364.3,1364.9,1363.2,1364.6,154983
1776416100,1364.8,1364.9,1361.0,1361.3,167496
1776416400,1361.2,1361.4,1358.9,1359.5,306283
1776416700,1359.9,1361.3,1358.3,1360.4,164952
1776417000,1360.5,1363.4,1359.7,1362.9,260478
1776417300,1363.1,1364.5,1362.0,1363.9,461744
1776417600,1364.2,1364.2,1362.8,1363.6,106558
1776417900,1363.6,1364.5,1363.5,1364.5,96910
1776418200,1364.5,1365.5,1363.0,1365.0,553491
1776418500,1364.8,1366.8,1364.2,1366.2,447964
1776418800,1366.2,1366.4,1365.3,1365.5,321620
1776419100,1365.5,1365.7,1365.0,1365.3,328354
1776419400,1365.4,1365.4,1364.9,1365.4,318119
1776419700,1365.1,1365.5,1363.0,1364.5,333453
1776656700,1363.2,1363.2,1352.8,1359.6,504517
1776657000,1359.7,1360.3,1357.9,1359.9,283183
1776657300,1360.0,1364.9,1360.0,1364.2,257527
1776657600,1364.4,1365.0,1360.0,1361.2,198460
1776657900,1361.2,1362.3,1359.1,1359.5,222560
1776658200,1359.6,1360.0,1357.4,1358.6,218920
1776658500,1358.6,1358.9,1355.5,1357.1,265455
1776658800,1357.1,1359.5,1355.7,1359.1,173450
1776659100,1359.1,1360.4,1358.8,1359.4,89149
1776659400,1359.5,1360.1,1358.3,1359.3,77414
1776659700,1359.3,1362.8,1358.8,1362.8,114443
1776660000,1362.6,1362.9,1361.6,1362.6,54225
1776660300,1362.7,1364.8,1361.5,1364.7,139921
1776660600,1364.9,1365.9,1363.2,1364.8,124129
1776660900,1364.5,1367.0,1364.4,1366.8,122567
1776661200,1366.8,1369.7,1366.8,1369.1,277972
1776661500,1369.2,1370.5,1367.5,1370.5,219323
1776661800,1370.0,1371.1,1368.2,1368.2,150714
1776662100,1368.2,1368.6,1366.2,1368.1,206000
1776662400,1368.1,1370.0,1368.0,1369.5,88217
1776662700,1369.4,1369.8,1368.7,1368.9,79590
1776663000,1368.9,1369.9,1368.5,1369.9,77143
1776663300,1369.8,1370.9,1369.2,1369.3,154573
1776663600,1369.2,1370.0,1368.3,1368.6,181740
1776663900,1368.6,1371.0,1368.6,1369.8,106058
1776664200,1369.9,1370.9,1369.8,1370.8,58707
1776664500,1370.9,1371.0,1369.8,1370.8,84332
1776664800,1370.8,1370.9,1367.6,1367.6,173214
1776665100,1367.7,1369.6,1366.8,1369.5,101748
1776665400,1369.4,1370.9,1369.2,1370.5,333020
1776665700,1370.6,1372.9,1370.5,1372.7,175382
1776666000,1372.7,1373.0,1371.9,1372.1,133184
1776666300,1372.0,1372.5,1370.4,1370.8,94397
1776666600,1370.9,1371.9,1370.5,1371.4,59761
1776666900,1371.3,1372.1,1369.8,1370.1,144329
1776667200,1370.3,1370.3,1367.4,1369.0,416814
1776667500,1369.1,1369.4,1368.1,1368.7,48682
1776667800,1368.7,1369.9,1368.6,1369.0,49217
1776668100,1368.9,1370.4,1368.5,1370.3,44736
1776668400,1370.5,1371.0,1370.0,1370.3,81682
1776668700,1370.4,1371.0,1367.1,1369.0,131577
1776669000,1368.9,1370.1,1368.0,1369.6,73603
1776669300,1369.7,1370.9,1369.5,1370.7,52171
1776669600,1370.6,1371.9,1370.5,1371.1,71011
1776669900,1371.0,1371.5,1370.0,1370.6,75230
1776670200,1370.3,1370.6,1367.9,1369.4,165936
1776670500,1369.5,1370.3,1368.7,1369.2,90169
1776670800,1368.9,1369.1,1367.0,1368.2,109006
1776671100,1368.2,1369.7,1367.3,1369.4,149484
1776671400,1369.5,1370.5,1368.0,1368.4,154810
1776671700,1368.4,1368.9,1366.0,1368.9,164721
1776672000,1368.9,1369.0,1365.4,1366.5,235010
1776672300,1366.7,1367.1,1363.0,1365.4,171173
1776672600,1365.5,1367.3,1365.2,1367.2,149287
1776672900,1366.8,1368.9,1366.1,1366.2,298621
1776673200,1366.2,1367.4,1363.9,1367.0,363624
1776673500,1367.1,1368.0,1366.2,1368.0,69903
1776673800,1368.0,1368.2,1366.1,1367.7,134321
1776674100,1367.7,1367.8,1365.8,1366.6,78907
1776674400,1366.6,1367.4,1365.5,1366.4,77745
1776674700,1366.3,1366.5,1365.1,1365.8,133296
1776675000,1365.9,1368.3,1365.8,1367.9,138185
1776675300,1367.9,1370.7,1367.7,1370.1,270673
1776675600,1370.0,1370.2,1368.0,1369.8,356012
1776675900,1370.0,1370.6,1367.2,1368.0,419438
1776676200,1368.0,1368.0,1366.5,1367.8,375024
1776676500,1367.9,1368.2,1365.0,1366.8,254284
1776676800,1366.7,1367.0,1365.1,1365.4,103025
1776677100,1365.4,1366.6,1365.0,1365.1,214736
1776677400,1365.2,1366.9,1365.2,1365.6,187487
1776677700,1365.5,1365.6,1362.7,1363.8,511666
1776678000,1364.1,1364.5,1363.4,1364.0,173252
1776678300,1364.1,1364.7,1361.7,1362.4,427275
1776678600,1361.9,1363.0,1360.3,1361.3,477494
1776678900,1361.2,1363.0,1360.1,1362.9,274659
1776743100,1359.0,1367.7,1359.0,1364.9,602584
1776743400,1365.3,1366.5,1362.4,1363.9,175124
1776743700,1363.9,1364.0,1361.0,1361.1,135766
1776744000,1361.2,1361.5,1359.0,1361.2,266899
1776744300,1361.2,1362.0,1360.3,1361.0,141987
1776744600,1361.1,1361.2,1359.1,1360.6,142795
1776744900,1360.6,1363.2,1360.5,1362.3,254098
1776745200,1362.3,1363.0,1361.7,1362.9,115620
1776745500,1362.9,1363.0,1361.3,1362.0,166194
1776745800,1362.0,1364.7,1361.7,1364.4,200812
1776746100,1364.1,1364.6,1362.9,1363.9,170657
1776746400,1363.8,1363.9,1362.5,1363.3,95109
1776746700,1363.3,1364.0,1363.0,1363.2,109261
1776747000,1363.2,1363.2,1360.1,1360.9,244878
1776747300,1360.8,1361.5,1360.4,1361.5,103248
1776747600,1361.5,1362.3,1360.4,1362.3,174460
1776747900,1362.3,1363.1,1361.7,1362.6,135016
1776748200,1362.8,1363.0,1362.0,1362.5,84631
1776748500,1362.2,1362.5,1361.0,1361.5,106989
1776748800,1361.3,1363.9,1361.2,1363.5,211397
1776749100,1363.8,1367.2,1363.6,1367.1,399127
1776749400,1367.3,1369.0,1366.6,1368.0,221319
1776749700,1368.2,1369.8,1367.0,1367.6,377146
1776750000,1367.6,1367.6,1365.8,1367.0,134218
1776750300,1366.8,1367.0,1365.4,1366.5,147184
1776750600,1366.4,1366.5,1364.3,1364.6,102502
1776750900,1365.0,1365.0,1361.2,1361.6,209770
1776751200,1361.6,1361.6,1359.3,1359.6,342068
1776751500,1359.6,1360.0,1358.4,1358.7,286271
1776751800,1358.9,1360.6,1357.4,1360.4,336054
1776752100,1360.4,1362.7,1358.0,1358.3,470357
1776752400,1358.3,1360.0,1358.2,1359.6,76006
1776752700,1359.6,1360.8,1359.0,1359.9,90952
1776753000,1360.0,1360.8,1359.6,1359.9,260842
1776753300,1360.0,1360.0,1358.5,1359.4,146664
1776753600,1359.8,1360.8,1359.0,1359.2,348076
1776753900,1359.2,1359.9,1358.0,1359.7,205439
1776754200,1359.8,1359.9,1358.1,1358.3,267542
1776754500,1358.2,1359.2,1356.6,1357.2,320032
1776754800,1357.2,1359.0,1357.1,1357.9,440728
1776755100,1358.0,1359.2,1357.2,1357.7,272297
1776755400,1357.7,1357.7,1355.5,1356.6,466327
1776755700,1356.7,1356.7,1355.8,1356.4,125562
1776756000,1356.5,1356.9,1355.1,1356.2,492974
1776756300,1356.2,1357.8,1356.0,1356.8,211824
1776756600,1356.9,1357.3,1355.5,1355.6,256195
1776756900,1355.7,1356.1,1354.5,1355.1,1015813
1776757200,1355.2,1355.3,1354.2,1354.8,177182
1776757500,1354.9,1356.2,1352.3,1352.7,267992
1776757800,1352.7,1354.0,1352.4,1353.8,329651
1776758100,1353.9,1355.3,1352.8,1355.2,451422
1776758400,1355.3,1356.9,1354.7,1356.0,283449
1776758700,1356.2,1356.7,1353.7,1355.1,331808
1776759000,1354.6,1355.3,1353.0,1353.5,274708
1776759300,1353.5,1354.1,1352.0,1352.3,460748
1776759600,1352.5,1354.5,1352.5,1353.3,201160
1776759900,1353.3,1355.0,1353.3,1353.9,299659
1776760200,1353.9,1354.4,1351.2,1352.7,879501
1776760500,1352.5,1353.6,1352.5,1352.8,184246
1776760800,1352.6,1353.6,1352.0,1352.1,272926
1776761100,1352.2,1355.2,1351.4,1353.4,638311
1776761400,1353.5,1355.5,1353.4,1355.0,238501
1776761700,1355.0,1355.9,1354.5,1355.5,397193
1776762000,1355.7,1356.4,1355.5,1355.8,225301
1776762300,1355.9,1356.4,1355.5,1355.5,245934
1776762600,1355.5,1355.7,1353.4,1353.6,296936
1776762900,1353.8,1355.0,1352.7,1353.8,323745
1776763200,1353.8,1355.0,1353.0,1353.3,239199
1776763500,1353.5,1354.1,1353.1,1353.6,195435
1776763800,1353.7,1356.0,1350.1,1350.8,3327327
1776764100,1350.5,1355.9,1350.5,1353.3,2188709
1776764400,1353.2,1355.6,1352.4,1352.9,857238
1776764700,1352.9,1355.3,1352.4,1354.0,740829
1776765000,1354.1,1356.0,1353.3,1354.0,736020
1776765300,1354.5,1355.0,1353.5,1354.9,391148
1776829500,1350.3,1358.0,1350.2,1355.3,351964
1776829800,1355.0,1357.0,1354.5,1355.3,188140
1776830100,1355.7,1355.7,1351.5,1351.6,145250
1776830400,1351.6,1353.9,1351.0,1352.9,86611
1776830700,1352.8,1354.5,1352.3,1353.4,72720
1776831000,1353.4,1355.0,1353.1,1354.1,67283
1776831300,1354.1,1354.2,1350.6,1351.9,114099
1776831600,1351.9,1353.5,1351.5,1352.5,95387
1776831900,1352.3,1352.8,1351.1,1351.8,105627
1776832200,1352.0,1352.7,1349.1,1352.4,178919
1776832500,1352.1,1353.6,1351.2,1353.6,78185
1776832800,1353.7,1356.6,1353.7,1356.0,131712
1776833100,1355.9,1358.9,1355.9,1358.8,114207
1776833400,1358.9,1359.6,1357.0,1358.1,189026
1776833700,1357.9,1358.2,1357.0,1358.0,58667
1776834000,1357.8,1358.0,1357.0,1358.0,66719
1776834300,1357.9,1360.3,1357.9,1359.9,84498
1776834600,1359.8,1360.3,1359.2,1359.8,99316
1776834900,1359.8,1362.0,1359.6,1361.6,216724
1776835200,1361.7,1363.7,1361.0,1362.9,146899
1776835500,1362.9,1363.2,1361.1,1362.2,88907
1776835800,1362.3,1363.8,1361.2,1363.8,120635
1776836100,1363.5,1365.3,1363.0,1364.1,364931
1776836400,1363.8,1365.0,1363.3,1363.9,145477
1776836700,1364.0,1364.1,1362.6,1362.9,128705
1776837000,1362.9,1364.2,1362.9,1364.0,110701
1776837300,1364.0,1364.5,1362.6,1363.2,93602
1776837600,1363.2,1363.6,1362.0,1362.1,116980
1776837900,1362.0,1362.5,1361.5,1362.0,84712
1776838200,1362.1,1363.2,1362.0,1362.4,55903
1776838500,1362.6,1362.6,1361.4,1362.1,77984
1776838800,1362.0,1363.1,1362.0,1362.7,55597
1776839100,1363.0,1363.7,1362.6,1363.7,76934
1776839400,1363.6,1364.6,1363.5,1364.2,89997
1776839700,1364.2,1364.5,1363.3,1364.3,70419
1776840000,1364.3,1364.3,1362.1,1363.2,108847
1776840300,1363.2,1363.8,1362.3,1362.4,85121
1776840600,1362.6,1363.2,1362.1,1362.3,72911
1776840900,1362.3,1364.0,1361.7,1362.3,149636
1776841200,1362.3,1364.1,1362.3,1363.9,81851
1776841500,1363.7,1364.0,1361.6,1362.2,116216
1776841800,1362.2,1362.9,1362.2,1362.7,58763
1776842100,1363.0,1363.0,1361.6,1361.8,90540
1776842400,1361.8,1363.9,1361.6,1363.5,76940
1776842700,1363.5,1364.3,1363.3,1363.3,78283
1776843000,1363.5,1364.0,1362.5,1363.4,92419
1776843300,1363.3,1364.4,1363.3,1363.3,98502
1776843600,1363.7,1363.9,1362.1,1363.4,111374
1776843900,1363.3,1363.7,1361.6,1361.8,98622
1776844200,1361.7,1362.2,1359.6,1361.1,151426
1776844500,1361.0,1361.8,1360.3,1361.7,110800
1776844800,1361.7,1362.0,1360.4,1361.3,100247
1776845100,1361.4,1361.9,1360.7,1360.8,68293
1776845400,1360.9,1361.8,1360.7,1361.4,69338
1776845700,1361.4,1361.8,1360.7,1361.6,54659
1776846000,1361.7,1361.7,1359.4,1359.6,112728
1776846300,1359.9,1361.6,1359.6,1361.4,58952
1776846600,1361.1,1361.7,1359.8,1359.8,120244
1776846900,1359.8,1360.7,1359.5,1360.2,74295
1776847200,1360.2,1360.6,1359.0,1360.5,119690
1776847500,1360.6,1360.9,1359.1,1359.1,155252
1776847800,1359.1,1359.8,1358.6,1359.5,123233
1776848100,1359.6,1360.7,1359.3,1359.9,82686
1776848400,1359.7,1360.9,1359.2,1360.5,120332
1776848700,1360.5,1360.9,1359.6,1359.8,119848
1776849000,1360.1,1361.0,1360.0,1360.7,92032
1776849300,1360.7,1361.9,1360.4,1361.2,169782
1776849600,1361.2,1361.3,1360.5,1360.9,103547
1776849900,1360.8,1363.0,1360.8,1362.4,191434
1776850200,1362.2,1362.5,1360.0,1360.7,406941
1776850500,1360.6,1360.9,1360.0,1360.4,216371
1776850800,1360.3,1363.5,1360.2,1363.5,242552
1776851100,1363.4,1366.0,1362.8,1363.0,381422
1776851400,1363.1,1364.2,1363.0,1363.3,196260
1776851700,1363.2,1364.0,1360.1,1362.0,237938
1776915900,1346.0,1355.3,1344.0,1354.5,830895
1776916200,1354.5,1355.0,1352.5,1353.4,257505
1776916500,1353.1,1355.5,1352.0,1354.9,287275
1776916800,1354.9,1355.0,1352.4,1353.1,275101
1776917100,1352.8,1353.8,1352.7,1353.3,116021
1776917400,1353.5,1353.8,1352.2,1353.7,172594
1776917700,1353.7,1354.2,1352.3,1353.5,163201
1776918000,1353.5,1355.0,1352.2,1353.5,130256
1776918300,1353.5,1354.5,1352.5,1352.7,68399
1776918600,1352.8,1353.2,1352.0,1353.0,88185
1776918900,1352.9,1353.9,1352.3,1352.8,319586
1776919200,1353.3,1353.3,1352.0,1352.7,80453
1776919500,1353.0,1354.4,1351.9,1353.9,185216
1776919800,1353.9,1354.4,1352.5,1353.0,64208
1776920100,1353.0,1353.3,1351.5,1351.6,79356
1776920400,1351.6,1352.1,1349.2,1349.3,152320
1776920700,1349.7,1350.1,1347.2,1348.0,308347
1776921000,1348.0,1348.5,1347.0,1347.3,179576
1776921300,1347.8,1348.0,1344.1,1346.1,372696
1776921600,1346.1,1347.6,1345.6,1347.0,170185
1776921900,1347.4,1348.5,1346.5,1348.2,137392
1776922200,1348.2,1348.5,1346.5,1347.2,176884
1776922500,1347.2,1348.1,1346.5,1347.1,88544
1776922800,1347.5,1348.0,1346.3,1346.7,189519
1776923100,1346.7,1347.9,1346.3,1346.5,213705
1776923400,1346.6,1347.4,1346.0,1346.1,113679
1776923700,1346.2,1346.5,1345.3,1345.8,81092
1776924000,1345.6,1346.8,1345.5,1345.8,61610
1776924300,1345.8,1347.5,1345.1,1346.9,124664
1776924600,1346.9,1347.5,1345.5,1346.2,116436
1776924900,1346.0,1347.8,1345.7,1347.2,71802
1776925200,1347.1,1348.8,1347.0,1348.4,85669
1776925500,1348.5,1348.9,1347.2,1347.4,120197
1776925800,1347.7,1348.7,1347.0,1347.8,103430
1776926100,1347.8,1349.0,1347.7,1348.9,143822
1776926400,1348.4,1351.8,1348.2,1351.5,131530
1776926700,1351.1,1352.0,1351.0,1351.0,83506
1776927000,1351.0,1351.4,1350.4,1351.0,78059
1776927300,1351.0,1351.0,1348.1,1348.5,163500
1776927600,1348.9,1349.9,1346.6,1347.0,203921
1776927900,1347.3,1348.6,1346.2,1348.1,124669
1776928200,1348.2,1349.5,1347.8,1349.0,128258
1776928500,1349.0,1349.5,1347.0,1348.3,82134
1776928800,1348.3,1350.9,1348.1,1350.3,76347
1776929100,1350.2,1351.7,1350.2,1351.3,76512
1776929400,1351.3,1351.8,1350.5,1351.5,54992
1776929700,1351.7,1351.9,1350.7,1351.5,73712
1776930000,1351.8,1352.7,1351.4,1352.2,54206
1776930300,1352.2,1353.2,1351.6,1353.1,160894
1776930600,1353.2,1354.7,1352.3,1354.4,221345
1776930900,1354.3,1355.0,1351.1,1352.8,291610
1776931200,1352.6,1353.0,1351.9,1352.5,78879
1776931500,1352.4,1352.4,1350.0,1350.3,82765
1776931800,1350.8,1351.2,1349.1,1350.3,868315
1776932100,1350.0,1351.5,1349.7,1350.5,78852
1776932400,1350.6,1352.7,1350.5,1352.4,56478
1776932700,1352.0,1353.3,1352.0,1352.5,84956
1776933000,1352.5,1352.8,1349.6,1350.8,501955
1776933300,1350.9,1351.5,1349.4,1349.6,121872
1776933600,1349.5,1350.0,1348.9,1349.4,114038
1776933900,1349.1,1351.2,1349.0,1349.0,177403
1776934200,1349.1,1349.6,1347.1,1347.1,228601
1776934500,1347.5,1347.8,1345.5,1346.1,172231
1776934800,1346.2,1347.0,1345.1,1345.3,119961
1776935100,1345.3,1345.7,1344.2,1344.4,183078
1776935400,1344.3,1344.9,1343.0,1343.7,180095
1776935700,1343.7,1344.7,1342.5,1343.7,157953
1776936000,1343.8,1345.2,1343.3,1344.1,341548
1776936300,1344.2,1344.3,1343.2,1343.9,150319
1776936600,1343.6,1346.9,1342.2,1343.7,1553704
1776936900,1344.3,1345.6,1342.1,1343.7,795630
1776937200,1343.4,1343.4,1340.8,1341.9,601909
1776937500,1341.9,1343.4,1340.7,1342.6,621436
1776937800,1343.2,1344.0,1342.1,1343.5,410156
1776938100,1343.5,1344.6,1342.2,1344.4,304791
1777002300,1340.0,1345.9,1338.6,1341.5,1053676
1777002600,1341.5,1342.2,1337.3,1340.0,327257
1777002900,1339.8,1339.9,1338.1,1338.1,177580
1777003200,1338.2,1339.9,1337.1,1339.4,232986
1777003500,1339.5,1340.5,1338.1,1338.5,176229
1777003800,1338.5,1338.5,1335.5,1335.9,126679
1777004100,1335.8,1337.0,1334.3,1337.0,127980
1777004400,1336.9,1338.9,1336.4,1337.0,168734
1777004700,1337.0,1338.0,1336.8,1337.7,65694
1777005000,1337.7,1338.5,1337.1,1337.5,74830
1777005300,1337.6,1339.0,1337.3,1338.0,300079
1777005600,1337.8,1338.3,1337.3,1337.9,89885
1777005900,1337.7,1338.2,1336.5,1336.7,567806
1777006200,1336.5,1336.6,1332.5,1333.6,147209
1777006500,1334.0,1336.0,1333.3,1335.6,67272
1777006800,1335.4,1336.3,1334.7,1335.1,54934
1777007100,1335.1,1335.5,1333.5,1335.3,112065
1777007400,1335.5,1336.1,1333.0,1333.5,55933
1777007700,1333.2,1334.0,1331.4,1331.6,80536
1777008000,1331.9,1333.9,1331.6,1333.7,85360
1777008300,1333.8,1334.2,1331.3,1331.7,157569
1777008600,1331.3,1331.8,1329.1,1331.1,158454
1777008900,1331.4,1331.9,1330.0,1330.3,107171
1777009200,1330.3,1332.5,1330.1,1332.0,56313
1777009500,1332.1,1332.7,1330.5,1331.6,211324
1777009800,1331.5,1334.5,1331.1,1333.8,123613
1777010100,1333.8,1335.8,1333.4,1335.5,93079
1777010400,1335.3,1336.2,1335.3,1335.6,59995
1777010700,1335.4,1335.8,1333.9,1334.0,79168
1777011000,1333.9,1334.5,1332.5,1334.5,276652
1777011300,1334.3,1335.7,1334.3,1334.7,85096
1777011600,1334.5,1334.7,1333.0,1333.3,67450
1777011900,1333.0,1333.0,1331.3,1331.6,164152
1777012200,1332.0,1333.3,1331.3,1333.1,41063
1777012500,1333.1,1333.2,1331.7,1332.3,58569
1777012800,1332.8,1333.0,1331.4,1332.8,72718
1777013100,1332.9,1333.7,1332.0,1332.3,101916
1777013400,1332.3,1332.6,1329.3,1329.9,107827
1777013700,1330.1,1330.2,1327.4,1327.7,123459
1777014000,1327.7,1330.5,1326.5,1330.0,195454
1777014300,1330.5,1330.5,1328.2,1330.0,170713
1777014600,1329.9,1330.2,1328.5,1329.2,53870
1777014900,1329.2,1330.7,1328.5,1330.0,80943
1777015200,1330.0,1331.0,1329.5,1330.2,51126
1777015500,1330.5,1331.4,1329.3,1330.0,65877
1777015800,1330.2,1330.2,1327.1,1328.0,100374
1777016100,1327.9,1329.2,1327.7,1328.5,62713
1777016400,1328.5,1329.4,1327.6,1328.9,204860
1777016700,1328.6,1329.9,1327.7,1329.7,152384
1777017000,1329.7,1331.2,1329.7,1330.4,133031
1777017300,1330.5,1333.0,1329.5,1332.7,124854
1777017600,1332.6,1332.9,1328.7,1329.2,161190
1777017900,1329.4,1330.4,1328.7,1329.4,169088
1777018200,1329.5,1330.9,1328.6,1330.0,135353
1777018500,1330.0,1331.1,1329.9,1329.9,201209
1777018800,1330.0,1331.1,1329.9,1330.4,182892
1777019100,1330.6,1331.0,1329.7,1329.8,159501
1777019400,1329.7,1330.1,1328.8,1329.8,178195
1777019700,1329.9,1330.0,1327.7,1328.6,162052
1777020000,1328.5,1329.2,1328.0,1328.1,40471
1777020300,1327.9,1328.9,1327.7,1327.9,43389
1777020600,1327.9,1329.1,1327.5,1328.2,95201
1777020900,1328.1,1329.5,1328.0,1329.1,41921
1777021200,1329.0,1330.3,1328.0,1328.4,152075
1777021500,1328.5,1329.0,1327.6,1328.0,93382
1777021800,1328.0,1328.6,1327.8,1328.5,140654
1777022100,1328.5,1328.8,1327.8,1328.4,160144
1777022400,1328.6,1328.9,1327.6,1328.3,152824
1777022700,1328.2,1328.8,1328.0,1328.2,108515
1777023000,1328.2,1328.2,1325.0,1326.2,375765
1777023300,1326.2,1328.5,1325.7,1327.6,220697
1777023600,1327.5,1327.6,1326.6,1327.5,211869
1777023900,1327.3,1329.0,1327.3,1328.6,246913
1777024200,1328.7,1329.3,1327.6,1329.0,294373
1777024500,1329.1,1331.9,1328.7,1331.0,272021
1777261500,1313.0,1331.0,1311.0,1328.5,1752117
1777261800,1328.7,1330.0,1323.0,1323.6,481370
1777262100,1323.2,1327.7,1322.6,1326.7,425662
1777262400,1326.7,1327.7,1325.0,1325.9,341192
1777262700,1325.4,1327.7,1324.1,1324.9,313125
1777263000,1324.4,1325.9,1324.0,1325.6,272049
1777263300,1325.4,1330.7,1325.4,1330.1,513960
1777263600,1330.1,1337.3,1330.0,1336.7,449203
1777263900,1336.5,1342.9,1336.0,1342.4,609305
1777264200,1342.8,1345.2,1340.2,1340.7,323104
1777264500,1340.5,1341.9,1338.4,1339.3,298710
1777264800,1339.5,1340.7,1338.7,1339.0,160149
1777265100,1339.3,1341.5,1339.0,1339.9,192897
1777265400,1339.7,1339.7,1337.9,1338.0,113331
1777265700,1338.2,1338.7,1336.2,1337.1,140884
1777266000,1337.1,1337.1,1332.9,1333.8,204168
1777266300,1333.6,1336.9,1333.2,1334.4,233719
1777266600,1334.4,1336.5,1333.8,1335.8,199078
1777266900,1335.8,1336.4,1334.1,1335.8,270565
1777267200,1335.8,1338.2,1335.6,1337.9,440174
1777267500,1337.9,1340.6,1336.9,1337.3,655315
1777267800,1337.1,1337.6,1335.4,1336.5,143078
1777268100,1336.5,1337.7,1335.0,1336.0,176826
1777268400,1336.0,1337.1,1335.0,1336.8,105467
1777268700,1336.8,1339.6,1336.5,1339.3,179465
1777269000,1339.1,1339.2,1337.4,1337.9,130369
1777269300,1337.8,1337.9,1336.4,1337.1,110533
1777269600,1337.0,1337.5,1334.9,1335.9,154034
1777269900,1335.9,1336.7,1333.9,1335.0,227529
1777270200,1335.0,1336.2,1334.4,1335.1,191543
1777270500,1335.1,1337.4,1333.5,1337.1,171951
1777270800,1337.3,1338.1,1337.0,1337.9,149755
1777271100,1337.9,1340.5,1337.8,1340.1,207375
1777271400,1340.1,1340.2,1338.0,1339.9,235250
1777271700,1339.8,1341.5,1339.0,1341.3,246977
1777272000,1341.5,1342.0,1340.9,1341.6,141109
1777272300,1341.2,1341.6,1340.6,1341.1,129087
1777272600,1340.9,1341.1,1340.0,1340.9,128030
1777272900,1340.7,1345.5,1340.6,1343.7,327912
1777273200,1343.7,1345.0,1343.1,1345.0,163136
1777273500,1345.0,1351.0,1344.9,1349.0,429239
1777273800,1349.3,1351.0,1348.2,1349.6,193111
1777274100,1349.6,1349.9,1348.3,1348.4,150754
1777274400,1348.8,1349.2,1346.2,1347.0,148435
1777274700,1346.8,1347.7,1346.5,1347.4,126266
1777275000,1347.4,1348.5,1346.2,1346.8,174317
1777275300,1346.3,1346.7,1345.0,1346.3,200322
1777275600,1346.2,1347.7,1345.9,1347.6,177462
1777275900,1347.5,1348.9,1347.1,1348.0,149711
1777276200,1347.8,1350.6,1347.6,1349.8,282528
1777276500,1349.5,1350.9,1349.1,1350.0,113678
1777276800,1350.0,1350.5,1348.6,1350.4,112256
1777277100,1350.5,1350.8,1349.8,1350.4,81473
1777277400,1350.5,1354.2,1350.4,1354.2,194898
1777277700,1354.2,1354.2,1351.8,1353.2,189061
1777278000,1353.2,1356.5,1352.3,1356.4,305402
1777278300,1356.4,1357.3,1355.1,1355.9,367748
1777278600,1355.9,1357.5,1354.5,1357.3,244194
1777278900,1357.4,1358.2,1355.8,1356.0,233706
1777279200,1356.0,1356.2,1354.1,1356.0,257022
1777279500,1355.8,1355.8,1354.0,1354.4,238861
1777279800,1354.2,1356.5,1354.0,1356.1,240123
1777280100,1355.7,1356.8,1354.3,1356.7,371878
1777280400,1356.7,1356.8,1354.0,1355.5,275319
1777280700,1355.9,1357.0,1354.2,1355.8,381750
1777281000,1355.4,1360.7,1355.0,1360.4,600339
1777281300,1360.4,1360.5,1358.2,1360.4,695706
1777281600,1360.4,1365.9,1359.1,1365.9,625531
1777281900,1365.5,1368.0,1365.0,1365.3,519262
1777282200,1365.1,1365.7,1363.5,1365.7,1095440
1777282500,1365.7,1365.7,1364.0,1364.9,691455
1777282800,1364.8,1365.7,1364.1,1365.0,596679
1777283100,1365.0,1366.3,1364.5,1365.4,715060
1777283400,1365.4,1368.3,1365.4,1366.2,733629
1777283700,1366.1,1371.6,1365.0,1370.0,746686
1777347900,1358.0,1367.4,1357.0,1365.0,1289973
1777348200,1365.1,1367.7,1358.6,1359.8,707965
1777348500,1360.0,1366.3,1359.8,1363.8,513754
1777348800,1363.8,1364.4,1361.6,1363.6,292913
1777349100,1363.6,1364.8,1362.1,1364.7,270149
1777349400,1364.5,1367.7,1364.5,1367.4,421789
1777349700,1367.1,1367.5,1361.8,1364.7,406019
1777350000,1364.8,1366.0,1363.5,1366.0,412677
1777350300,1366.0,1368.7,1365.8,1368.4,239909
1777350600,1368.3,1370.0,1365.5,1365.6,2631374
1777350900,1365.6,1365.8,1362.6,1363.9,479191
1777351200,1363.6,1364.0,1362.5,1362.9,265220
1777351500,1362.6,1368.1,1362.1,1367.3,347010
1777351800,1367.0,1374.7,1366.9,1374.0,453928
1777352100,1373.9,1379.6,1373.5,1375.0,928718
1777352400,1375.5,1376.8,1374.9,1375.1,163899
1777352700,1375.2,1376.9,1373.6,1376.6,372416
1777353000,1376.5,1376.5,1374.9,1376.1,122410
1777353300,1375.9,1378.4,1375.4,1378.4,172885
1777353600,1378.2,1380.3,1378.1,1379.4,300957
1777353900,1379.4,1384.1,1379.4,1382.6,384601
1777354200,1383.1,1385.0,1381.5,1383.9,511885
1777354500,1383.8,1387.5,1383.5,1387.0,450374
1777354800,1387.1,1387.8,1384.2,1386.6,171652
1777355100,1386.6,1386.6,1383.1,1383.2,150633
1777355400,1383.3,1383.4,1380.8,1381.2,164928
1777355700,1381.2,1381.3,1374.2,1374.6,245310
1777356000,1374.6,1375.7,1372.7,1374.3,336778
1777356300,1374.5,1380.9,1373.8,1379.4,651389
1777356600,1379.5,1381.5,1378.2,1381.1,351724
1777356900,1381.2,1383.3,1379.8,1383.0,401952
1777357200,1383.0,1383.1,1379.0,1379.5,216009
1777357500,1379.1,1382.1,1379.0,1379.0,337184
1777357800,1379.2,1380.1,1378.1,1379.1,239180
1777358100,1379.3,1382.3,1378.6,1382.1,280951
1777358400,1382.0,1383.8,1382.0,1383.2,172566
1777358700,1383.2,1383.3,1381.6,1382.0,201810
1777359000,1382.2,1382.3,1379.0,1379.1,260551
1777359300,1379.1,1379.9,1377.0,1377.0,197935
1777359600,1377.0,1377.3,1374.2,1375.4,269067
1777359900,1375.4,1377.1,1375.1,1375.8,239225
1777360200,1376.4,1380.4,1375.7,1380.0,336062
1777360500,1380.0,1380.8,1377.6,1379.6,376157
1777360800,1379.9,1380.8,1379.4,1380.0,232626
1777361100,1380.0,1380.6,1379.4,1380.0,159566
1777361400,1379.9,1380.1,1375.8,1377.1,1175099
1777361700,1377.1,1379.4,1376.5,1378.5,501341
1777362000,1378.6,1379.4,1378.1,1379.0,176059
1777362300,1379.1,1381.9,1378.9,1381.5,154673
1777362600,1381.9,1382.8,1380.2,1382.4,167105
1777362900,1382.7,1383.9,1381.5,1381.9,162142
1777363200,1382.1,1382.1,1379.1,1380.0,344393
1777363500,1380.1,1381.8,1378.4,1381.7,657384
1777363800,1381.8,1386.8,1381.4,1385.5,529873
1777364100,1385.5,1385.6,1380.5,1380.5,327816
1777364400,1380.6,1382.9,1380.0,1382.5,257436
1777364700,1382.5,1383.9,1382.0,1383.1,246359
1777365000,1383.1,1384.5,1382.7,1384.0,196322
1777365300,1383.8,1384.2,1382.6,1384.0,377707
1777365600,1384.0,1384.0,1380.3,1380.6,568601
1777365900,1380.6,1383.3,1379.6,1381.9,530674
1777366200,1382.2,1385.2,1381.4,1385.0,727573
1777366500,1384.9,1385.5,1383.5,1384.9,409472
1777366800,1385.0,1390.7,1384.9,1387.0,1763733
1777367100,1387.0,1390.2,1387.0,1389.9,587507
1777367400,1389.8,1390.5,1389.1,1390.0,578761
1777367700,1390.1,1392.4,1390.0,1392.1,777605
1777368000,1392.1,1393.9,1391.6,1393.3,732699
1777368300,1393.8,1393.8,1390.0,1391.0,1322059
1777368600,1391.1,1392.3,1387.7,1389.1,2689552
1777368900,1389.2,1390.2,1386.3,1387.2,2047798
1777369200,1387.2,1387.6,1386.3,1387.0,1320732
1777369500,1387.0,1388.5,1386.0,1387.9,872436
1777369800,1387.8,1390.4,1387.0,1388.9,1078490
1777370100,1388.5,1395.2,1388.2,1393.0,1517457
1777434300,1392.0,1407.7,1391.3,1404.9,1062090
1777434600,1405.2,1409.5,1402.1,1404.0,400797
1777434900,1404.5,1404.5,1398.1,1400.9,699893
1777435200,1401.0,1405.7,1400.9,1403.8,298203
1777435500,1404.0,1405.8,1402.5,1404.9,573810
1777435800,1404.7,1406.9,1403.9,1405.1,207716
1777436100,1405.1,1405.4,1403.4,1404.6,198771
1777436400,1404.6,1406.5,1404.2,1404.7,143782
1777436700,1405.1,1406.7,1404.7,1405.6,104333
1777437000,1405.7,1408.0,1405.6,1407.5,795642
1777437300,1407.7,1410.5,1407.0,1409.6,415284
1777437600,1410.0,1412.3,1409.1,1412.0,334325
1777437900,1411.7,1413.5,1410.4,1413.0,207389
1777438200,1413.2,1425.5,1412.9,1425.5,843244
1777438500,1425.2,1427.7,1423.4,1425.0,911615
1777438800,1424.9,1427.5,1422.5,1425.8,382907
1777439100,1425.8,1426.5,1420.4,1420.8,224951
1777439400,1421.2,1421.5,1419.7,1420.3,207629
1777439700,1420.5,1421.2,1419.6,1420.2,240023
1777440000,1420.3,1422.5,1419.9,1422.0,327066
1777440300,1422.1,1422.2,1421.2,1422.0,489752
1777440600,1422.5,1423.4,1421.7,1423.0,339267
1777440900,1423.1,1423.8,1422.3,1423.0,158177
1777441200,1423.1,1423.6,1422.5,1423.1,107920
1777441500,1423.2,1423.2,1420.3,1422.0,272020
1777441800,1422.2,1423.1,1418.1,1418.7,466131
1777442100,1418.7,1420.8,1417.6,1420.2,309436
1777442400,1420.5,1422.0,1420.0,1420.2,105575
1777442700,1420.5,1422.2,1420.2,1422.0,90591
1777443000,1422.1,1422.5,1420.0,1420.3,262117
1777443300,1420.5,1422.1,1419.4,1421.5,90703
1777443600,1421.6,1422.5,1420.2,1421.5,233318
1777443900,1421.6,1421.6,1420.5,1420.6,159657
1777444200,1420.2,1421.1,1419.8,1420.6,176298
1777444500,1420.5,1420.9,1419.6,1420.7,80121
1777444800,1420.8,1423.0,1420.3,1420.9,551513
1777445100,1420.9,1420.9,1419.5,1419.6,66751
1777445400,1419.7,1422.4,1419.1,1420.4,786961
1777445700,1420.4,1421.0,1420.0,1420.6,54588
1777446000,1420.6,1421.0,1420.0,1420.4,76486
1777446300,1420.4,1420.5,1419.2,1419.5,82230
1777446600,1419.5,1422.3,1415.7,1416.9,963706
1777446900,1417.0,1417.4,1416.5,1416.7,88451
1777447200,1416.7,1417.1,1414.1,1417.0,182666
1777447500,1416.2,1416.7,1413.5,1415.3,490286
1777447800,1415.1,1417.0,1414.4,1416.8,110953
1777448100,1416.7,1417.9,1415.3,1417.2,142925
1777448400,1417.0,1418.4,1416.6,1417.5,129932
1777448700,1417.5,1419.3,1416.7,1417.6,151905
1777449000,1417.8,1418.8,1416.5,1416.8,114544
1777449300,1416.8,1418.0,1416.5,1417.0,98909
1777449600,1417.2,1418.7,1416.3,1417.8,382137
1777449900,1417.9,1418.0,1415.7,1415.9,509448
1777450200,1416.0,1418.1,1415.4,1417.5,484053
1777450500,1417.5,1418.5,1414.3,1415.7,767581
1777450800,1415.7,1416.5,1415.2,1416.2,196548
1777451100,1416.3,1417.7,1415.2,1415.5,653679
1777451400,1415.6,1416.3,1411.5,1412.5,778093
1777451700,1412.7,1414.0,1412.3,1413.2,219325
1777452000,1413.0,1415.8,1412.8,1415.3,378241
1777452300,1415.3,1416.1,1414.1,1414.8,101263
1777452600,1415.3,1417.1,1414.6,1415.8,371124
1777452900,1415.8,1416.6,1414.2,1414.5,217532
1777453200,1414.9,1417.4,1414.9,1416.5,291541
1777453500,1416.6,1417.3,1415.1,1415.3,244981
1777453800,1415.5,1417.2,1415.0,1416.8,119192
1777454100,1416.9,1416.9,1415.1,1416.2,132263
1777454400,1416.3,1418.3,1415.2,1417.9,398194
1777454700,1417.6,1419.4,1417.0,1419.0,407797
1777455000,1419.2,1421.0,1415.5,1417.0,708751
1777455300,1417.1,1419.6,1417.0,1418.9,791454
1777455600,1419.1,1425.3,1417.9,1425.1,924824
1777455900,1425.1,1426.6,1424.1,1426.2,1075693
1777456200,1426.3,1428.8,1425.7,1427.4,1845277
1777456500,1427.3,1433.8,1425.6,1430.1,2417447
1777520700,1409.0,1415.9,1409.0,1412.1,1129410
1777521000,1412.1,1412.4,1407.7,1410.6,668528
1777521300,1410.3,1410.5,1407.3,1409.3,217475
1777521600,1409.4,1409.9,1408.1,1409.5,168128
1777521900,1409.5,1410.0,1407.7,1407.9,150066
1777522200,1408.0,1408.0,1406.0,1406.7,130903
1777522500,1406.6,1407.0,1403.4,1403.9,199167
1777522800,1403.7,1404.6,1402.0,1402.6,218983
1777523100,1402.6,1403.8,1400.2,1401.1,249527
1777523400,1401.0,1401.1,1399.0,1399.4,238335
1777523700,1399.4,1402.8,1399.0,1401.0,173891
1777524000,1400.9,1400.9,1397.2,1398.6,218011
1777524300,1398.6,1399.7,1396.3,1399.3,190716
1777524600,1399.3,1400.3,1396.9,1398.9,362084
1777524900,1398.7,1399.1,1397.2,1398.2,155782
1777525200,1398.4,1398.9,1396.6,1398.4,162799
1777525500,1398.4,1398.8,1396.5,1396.8,133927
1777525800,1396.8,1397.3,1395.1,1395.6,186198
1777526100,1395.6,1395.6,1393.6,1394.1,226818
1777526400,1393.8,1395.1,1393.1,1395.1,207979
1777526700,1395.1,1399.0,1394.5,1398.8,263166
1777527000,1398.8,1399.1,1397.6,1398.4,172251
1777527300,1398.4,1400.0,1398.0,1399.5,281038
1777527600,1399.5,1400.2,1399.0,1400.2,256243
1777527900,1400.2,1401.4,1399.8,1400.2,315784
1777528200,1400.3,1400.6,1399.7,1400.2,406695
1777528500,1399.8,1408.4,1399.8,1406.5,823688
1777528800,1407.2,1408.1,1404.0,1406.6,550725
1777529100,1406.6,1407.5,1404.1,1405.8,353956
1777529400,1405.8,1406.9,1403.1,1403.5,1366713
1777529700,1403.8,1406.9,1403.1,1406.8,1240204
1777530000,1406.6,1406.9,1402.1,1403.7,206079
1777530300,1404.0,1407.2,1403.6,1406.0,241195
1777530600,1406.0,1406.5,1403.1,1403.2,301056
1777530900,1403.5,1406.3,1402.2,1404.7,891459
1777531200,1404.3,1412.8,1404.0,1411.6,1016820
1777531500,1411.7,1412.7,1410.5,1410.5,173166
1777531800,1410.5,1416.3,1410.2,1414.6,314102
1777532100,1414.5,1416.9,1414.1,1416.6,183656
1777532400,1416.6,1417.9,1415.2,1417.8,262912
1777532700,1417.5,1417.8,1415.6,1417.7,218131
1777533000,1417.6,1418.7,1417.0,1417.8,125544
1777533300,1417.7,1419.8,1417.4,1418.5,134264
1777533600,1418.5,1418.6,1416.2,1417.6,150647
1777533900,1417.9,1417.9,1415.9,1416.4,156074
1777534200,1416.4,1417.0,1415.6,1416.4,189831
1777534500,1416.3,1419.5,1415.6,1419.3,741881
1777534800,1419.3,1421.5,1418.2,1420.4,188980
1777535100,1420.5,1420.5,1418.0,1418.7,169447
1777535400,1418.8,1422.4,1418.2,1421.5,369188
1777535700,1421.6,1423.5,1421.0,1422.2,233259
1777536000,1422.0,1423.2,1421.1,1421.6,127270
1777536300,1421.5,1423.0,1421.0,1421.2,571618
1777536600,1421.0,1427.4,1420.9,1426.9,518919
1777536900,1426.8,1429.0,1426.4,1428.4,279781
1777537200,1428.4,1428.4,1424.3,1427.4,294949
1777537500,1427.4,1429.6,1425.9,1427.3,354503
1777537800,1427.2,1428.0,1426.2,1426.8,116524
1777538100,1426.8,1428.0,1426.0,1428.0,164859
1777538400,1427.6,1428.3,1425.6,1425.9,279447
1777538700,1425.7,1427.1,1425.2,1425.6,170960
1777539000,1425.6,1429.0,1425.3,1427.5,553246
1777539300,1427.5,1428.3,1425.5,1426.9,266104
1777539600,1426.8,1429.2,1426.0,1428.4,195244
1777539900,1428.4,1431.2,1428.0,1431.1,375934
1777540200,1431.1,1435.7,1430.5,1434.0,668172
1777540500,1433.8,1434.2,1428.8,1428.9,655781
1777540800,1428.8,1430.3,1428.1,1430.0,450013
1777541100,1430.0,1430.5,1428.0,1430.0,377629
1777541400,1430.0,1432.7,1428.6,1430.3,1806117
1777541700,1430.3,1432.5,1426.5,1429.0,1694258
1777542000,1429.1,1431.3,1428.4,1431.2,910562
1777542300,1431.3,1432.2,1430.1,1431.6,580719
1777542600,1431.5,1432.9,1430.0,1432.0,785578
1777542900,1432.3,1437.0,1431.2,1436.0,639751
1777866300,1433.4,1445.0,1433.4,1443.7,792441
1777866600,1443.7,1446.5,1439.8,1441.3,318074
1777866900,1441.7,1442.5,1437.8,1438.5,208316
1777867200,1438.5,1442.3,1438.5,1441.6,225557
1777867500,1441.9,1445.0,1441.5,1444.7,186978
1777867800,1444.7,1445.7,1443.4,1443.5,172624
1777868100,1443.8,1444.0,1441.8,1443.6,154583
1777868400,1444.3,1444.3,1439.5,1439.5,144682
1777868700,1440.1,1441.8,1438.2,1441.8,139369
1777869000,1441.8,1443.6,1438.3,1438.5,183199
1777869300,1438.3,1440.5,1437.9,1438.9,149649
1777869600,1438.5,1439.8,1436.0,1437.2,142402
1777869900,1437.2,1439.8,1437.2,1438.0,171711
1777870200,1438.0,1440.3,1437.0,1439.0,178829
1777870500,1438.8,1442.0,1438.5,1441.7,110027
1777870800,1442.2,1445.1,1442.0,1442.7,440704
1777871100,1442.7,1445.6,1442.4,1445.4,282960
1777871400,1445.3,1448.5,1445.0,1446.2,343347
1777871700,1446.1,1446.9,1444.4,1446.4,216686
1777872000,1446.3,1446.5,1445.1,1445.6,132426
1777872300,1445.8,1446.0,1443.7,1445.1,473331
1777872600,1445.1,1446.2,1444.8,1446.1,229665
1777872900,1446.1,1447.0,1445.0,1446.5,197748
1777873200,1446.5,1449.0,1446.5,1448.5,226181
1777873500,1448.1,1451.0,1448.0,1448.1,341722
1777873800,1448.0,1448.8,1447.7,1448.2,143239
1777874100,1448.2,1449.0,1447.7,1448.6,170896
1777874400,1448.7,1448.7,1447.2,1448.2,194488
1777874700,1448.2,1450.0,1448.0,1449.4,138606
1777875000,1449.3,1449.8,1448.0,1449.6,89848
1777875300,1449.6,1450.1,1448.3,1449.6,119872
1777875600,1449.6,1452.7,1449.6,1451.0,252390
1777875900,1451.0,1451.0,1449.8,1450.6,118783
1777876200,1450.7,1451.3,1449.0,1450.1,150420
1777876500,1450.0,1451.0,1449.1,1449.7,255680
1777876800,1449.7,1450.0,1446.5,1447.0,557284
1777877100,1446.8,1450.9,1446.7,1450.4,511672
1777877400,1450.6,1451.0,1448.0,1450.2,320296
1777877700,1450.2,1451.0,1448.7,1450.3,247275
1777878000,1450.2,1451.8,1449.5,1451.0,363767
1777878300,1451.0,1453.2,1450.6,1452.9,301154
1777878600,1453.0,1455.3,1453.0,1454.0,945738
1777878900,1454.0,1458.1,1454.0,1455.6,588303
1777879200,1455.7,1461.7,1454.5,1460.6,506631
1777879500,1460.5,1464.4,1459.7,1461.0,478812
1777879800,1461.0,1461.8,1457.1,1458.2,294705
1777880100,1458.1,1460.9,1456.8,1460.8,525722
1777880400,1460.7,1460.8,1459.2,1460.0,119415
1777880700,1460.1,1460.5,1457.3,1459.0,190201
1777881000,1459.0,1459.1,1456.2,1457.5,478685
1777881300,1457.5,1459.4,1455.1,1455.4,205041
1777881600,1455.3,1458.2,1454.5,1457.3,568958
1777881900,1457.4,1458.9,1456.0,1458.7,361365
1777882200,1458.6,1460.5,1457.9,1460.2,220994
1777882500,1460.5,1460.6,1458.9,1460.4,261094
1777882800,1460.5,1461.8,1460.0,1461.3,189352
1777883100,1461.3,1461.5,1458.9,1461.0,428736
1777883400,1461.0,1461.5,1459.1,1460.5,167761
1777883700,1460.5,1462.0,1460.4,1461.7,388857
1777884000,1462.0,1463.2,1460.4,1461.1,352170
1777884300,1461.3,1462.0,1459.3,1461.2,211395
1777884600,1461.1,1462.2,1460.5,1461.3,104126
1777884900,1461.2,1461.9,1460.0,1461.8,329049
1777885200,1461.9,1462.7,1461.0,1461.6,432087
1777885500,1461.6,1463.1,1461.5,1463.0,260268
1777885800,1462.5,1462.9,1457.8,1459.3,456181
1777886100,1459.1,1459.9,1457.7,1459.0,553776
1777886400,1459.1,1459.9,1457.8,1459.8,277691
1777886700,1459.5,1461.9,1459.1,1459.5,307967
1777887000,1459.4,1462.1,1459.2,1461.3,479494
1777887300,1461.3,1463.5,1460.5,1462.1,538783
1777887600,1462.3,1462.4,1460.0,1461.2,340528
1777887900,1461.4,1462.7,1461.1,1462.2,730813
1777888200,1462.3,1465.5,1462.3,1465.1,868413
1777888500,1465.0,1467.4,1464.0,1467.0,743833
1777952700,1460.0,1469.3,1455.0,1466.5,1040502
1777953000,1466.9,1467.5,1463.5,1465.2,392852
1777953300,1465.4,1467.5,1464.0,1467.0,346051
1777953600,1467.0,1470.8,1465.0,1470.8,212958
1777953900,1470.6,1473.4,1468.4,1468.4,314282
1777954200,1468.4,1469.0,1466.7,1467.3,208194
1777954500,1467.6,1468.9,1466.6,1467.2,154377
1777954800,1467.2,1469.0,1465.8,1466.8,204885
1777955100,1466.7,1467.6,1465.0,1467.5,247141
1777955400,1467.4,1469.1,1465.6,1466.7,205625
1777955700,1466.4,1467.5,1465.3,1465.4,259380
1777956000,1465.1,1466.7,1464.0,1465.7,293371
1777956300,1465.7,1465.9,1462.0,1462.6,192636
1777956600,1462.5,1462.9,1458.2,1459.0,410395
1777956900,1459.0,1459.1,1454.0,1455.6,351157
1777957200,1455.1,1456.1,1451.6,1452.5,336952
1777957500,1452.5,1454.3,1451.0,1452.7,254935
1777957800,1452.5,1455.0,1452.5,1454.5,301342
1777958100,1454.6,1457.0,1453.0,1457.0,231168
1777958400,1457.0,1457.9,1455.0,1455.9,113455
1777958700,1455.8,1456.5,1452.8,1453.2,146605
1777959000,1452.8,1456.0,1452.2,1455.5,327366
1777959300,1455.0,1455.5,1453.1,1453.8,292444
1777959600,1453.3,1454.0,1452.1,1452.9,207220
1777959900,1452.9,1453.0,1450.0,1450.5,232989
1777960200,1450.5,1453.0,1450.1,1452.8,105293
1777960500,1452.8,1453.2,1451.1,1452.0,108877
1777960800,1451.7,1455.9,1451.5,1455.0,155330
1777961100,1454.7,1456.8,1454.0,1454.6,131574
1777961400,1454.8,1455.9,1453.4,1455.2,152949
1777961700,1454.6,1456.1,1454.0,1454.6,111577
1777962000,1454.6,1455.6,1453.7,1453.9,267685
1777962300,1454.0,1454.8,1453.2,1454.1,187457
1777962600,1454.4,1455.7,1454.0,1454.1,519878
1777962900,1454.1,1457.9,1453.8,1457.9,448091
1777963200,1457.7,1460.9,1457.3,1460.1,218435
1777963500,1460.2,1461.4,1458.1,1461.0,206847
1777963800,1461.3,1462.9,1460.5,1462.4,250463
1777964100,1462.1,1462.6,1460.0,1460.1,254442
1777964400,1460.1,1461.8,1459.3,1461.3,319743
1777964700,1461.0,1462.0,1459.3,1459.3,286851
1777965000,1459.8,1461.4,1458.9,1460.3,398955
1777965300,1459.5,1464.8,1459.5,1464.4,281663
1777965600,1464.3,1465.7,1464.1,1464.5,212349
1777965900,1464.5,1465.7,1463.6,1465.3,217413
1777966200,1465.3,1466.2,1464.4,1464.8,270411
1777966500,1464.9,1467.1,1464.4,1466.4,281417
1777966800,1466.4,1467.2,1465.3,1466.4,559677
1777967100,1465.9,1466.8,1462.0,1462.6,608505
1777967400,1462.3,1466.1,1461.5,1464.3,437279
1777967700,1463.9,1465.0,1462.5,1464.9,322647
1777968000,1464.5,1465.0,1461.5,1462.1,352339
1777968300,1461.6,1464.2,1461.5,1462.3,202641
1777968600,1462.0,1463.8,1461.1,1462.4,380374
1777968900,1463.0,1463.9,1461.1,1462.0,160359
1777969200,1462.0,1462.5,1458.4,1460.4,292286
1777969500,1460.5,1464.6,1459.9,1463.1,493385
1777969800,1462.4,1464.3,1459.2,1460.6,283064
1777970100,1461.1,1461.5,1459.3,1460.4,100112
1777970400,1460.4,1461.0,1459.1,1460.4,138806
1777970700,1460.2,1462.0,1459.2,1461.4,341524
1777971000,1461.9,1463.2,1460.5,1460.6,293063
1777971300,1460.9,1462.8,1460.2,1462.4,168065
1777971600,1462.5,1462.5,1459.1,1460.0,213877
1777971900,1460.0,1462.9,1459.4,1460.9,591960
1777972200,1461.3,1462.0,1460.0,1461.5,139956
1777972500,1461.5,1461.9,1460.0,1460.3,177626
1777972800,1460.3,1461.9,1459.1,1460.5,321906
1777973100,1460.5,1461.6,1459.9,1460.3,214886
1777973400,1459.8,1464.1,1459.8,1463.0,716507
1777973700,1462.8,1464.9,1460.7,1464.3,1476748
1777974000,1464.3,1464.7,1462.3,1464.4,657086
1777974300,1464.5,1464.8,1463.1,1464.2,195350
1777974600,1464.0,1465.1,1462.6,1464.3,484831
1777974900,1464.2,1467.1,1460.3,1462.5,500150
1778039100,1463.0,1473.3,1463.0,1469.3,647416
1778039400,1469.3,1471.3,1468.0,1469.0,147782
1778039700,1468.5,1469.0,1465.0,1465.8,133355
1778040000,1465.9,1467.2,1465.0,1465.1,85611
1778040300,1465.0,1465.9,1463.4,1464.2,89940
1778040600,1464.1,1464.8,1463.0,1463.3,96679
1778040900,1463.7,1465.5,1463.1,1463.1,79092
1778041200,1463.4,1465.0,1460.9,1464.4,233544
1778041500,1464.5,1465.5,1461.7,1461.8,123142
1778041800,1461.8,1461.8,1456.1,1457.5,206479
1778042100,1457.5,1457.7,1453.2,1455.0,152340
1778042400,1455.0,1456.1,1453.0,1455.5,126333
1778042700,1455.3,1455.5,1451.9,1454.4,188422
1778043000,1454.4,1456.3,1453.4,1453.9,62408
1778043300,1453.4,1455.3,1453.3,1453.8,56884
1778043600,1454.0,1454.0,1452.0,1452.1,47511
1778043900,1451.3,1453.3,1450.0,1452.3,107753
1778044200,1452.3,1454.7,1451.7,1454.4,71508
1778044500,1454.3,1454.4,1453.1,1453.7,42872
1778044800,1453.8,1453.8,1449.0,1450.2,208261
1778045100,1450.2,1451.3,1444.0,1445.1,222630
1778045400,1445.5,1447.0,1445.0,1446.1,111037
1778045700,1446.3,1448.6,1446.0,1448.5,210543
1778046000,1448.5,1448.7,1447.1,1447.8,39591
1778046300,1448.0,1450.0,1447.5,1448.7,111891
1778046600,1448.6,1450.5,1447.9,1448.8,72546
1778046900,1448.8,1450.0,1448.5,1450.0,35231
1778047200,1450.0,1450.0,1448.3,1448.9,45257
1778047500,1448.9,1448.9,1445.5,1445.9,156178
1778047800,1446.0,1447.6,1445.5,1447.3,39175
1778048100,1447.6,1448.4,1445.5,1447.8,51128
1778048400,1447.9,1448.0,1445.5,1447.4,66714
1778048700,1447.3,1447.8,1445.3,1445.6,74801
1778049000,1445.6,1446.4,1445.3,1446.0,43551
1778049300,1446.0,1447.0,1445.1,1446.6,38699
1778049600,1446.5,1447.0,1445.7,1446.4,33313
1778049900,1446.5,1446.5,1442.1,1443.9,203553
1778050200,1443.9,1443.9,1438.5,1441.6,184301
1778050500,1441.6,1442.7,1439.6,1440.6,109093
1778050800,1440.6,1441.2,1439.4,1439.9,78453
1778051100,1440.0,1440.0,1433.7,1435.4,146357
1778051400,1435.4,1435.7,1431.2,1432.0,115057
1778051700,1432.0,1432.8,1430.1,1432.7,107590
1778052000,1432.7,1432.9,1427.5,1429.6,158719
1778052300,1429.6,1433.0,1429.0,1432.8,82207
1778052600,1432.8,1433.0,1430.9,1431.4,45488
1778052900,1431.4,1434.3,1430.8,1434.1,75793
1778053200,1434.0,1434.7,1431.4,1433.0,89539
1778053500,1433.0,1434.9,1431.3,1434.8,87425
1778053800,1434.8,1436.3,1434.1,1434.6,157161
1778054100,1434.6,1435.3,1433.1,1433.8,222446
1778054400,1433.8,1434.0,1431.5,1432.1,266142
1778054700,1431.8,1435.2,1431.5,1433.9,155877
1778055000,1433.9,1434.4,1432.3,1433.5,72555
1778055300,1433.5,1433.7,1431.5,1432.2,126809
1778055600,1432.2,1435.0,1432.0,1433.1,373396
1778055900,1433.1,1435.9,1433.0,1434.9,162166
1778056200,1434.9,1435.7,1433.3,1434.7,95082
1778056500,1434.9,1435.6,1434.5,1435.5,145721
1778056800,1435.1,1437.2,1435.0,1436.8,126004
1778057100,1436.4,1439.5,1436.2,1438.6,183525
1778057400,1439.0,1446.4,1438.6,1445.3,568992
1778057700,1445.3,1450.9,1445.0,1450.0,414446
1778058000,1450.5,1450.9,1444.5,1448.7,363719
1778058300,1448.5,1450.2,1445.0,1445.7,251316
1778058600,1445.6,1446.7,1442.9,1445.4,165000
1778058900,1445.1,1445.7,1443.4,1444.1,201103
1778059200,1444.2,1444.8,1442.1,1442.4,221469
1778059500,1442.4,1444.1,1440.7,1442.7,185345
1778059800,1442.9,1443.7,1435.9,1438.3,902186
1778060100,1438.1,1439.3,1437.0,1438.1,708127
1778060400,1438.1,1439.6,1438.0,1438.2,624985
1778060700,1438.2,1439.1,1437.2,1437.8,599096
1778061000,1437.8,1438.1,1435.9,1436.4,525351
1778061300,1436.4,1439.8,1435.0,1438.7,488881
1778125500,1438.8,1442.1,1433.0,1433.1,494602
1778125800,1433.4,1435.7,1430.3,1433.4,215911
1778126100,1433.5,1436.9,1432.0,1435.8,177609
1778126400,1436.0,1439.8,1434.3,1439.0,192729
1778126700,1439.2,1439.7,1436.1,1437.4,185928
1778127000,1437.4,1443.5,1437.3,1442.3,162110
1778127300,1442.3,1444.0,1440.2,1440.4,214302
1778127600,1440.3,1442.2,1440.0,1441.5,178087
1778127900,1441.5,1444.5,1441.0,1444.4,171636
1778128200,1444.1,1446.4,1443.9,1445.3,138695
1778128500,1445.3,1445.9,1436.4,1438.3,203313
1778128800,1438.3,1439.1,1436.6,1438.5,115411
1778129100,1438.1,1440.6,1437.3,1440.6,132636
1778129400,1440.3,1442.3,1438.5,1440.5,207470
1778129700,1441.0,1441.8,1439.6,1440.8,97073
1778130000,1440.9,1442.1,1440.8,1441.0,77175
1778130300,1441.2,1442.0,1440.0,1442.0,81174
1778130600,1441.9,1443.8,1441.9,1443.1,100675
1778130900,1443.2,1443.9,1440.5,1441.2,182261
1778131200,1441.0,1441.0,1438.3,1439.7,106035
1778131500,1439.7,1440.0,1436.6,1437.0,154180
1778131800,1437.2,1437.6,1435.4,1435.7,109849
1778132100,1435.5,1436.3,1434.1,1435.0,179022
1778132400,1435.0,1435.5,1433.6,1435.3,107776
1778132700,1435.0,1436.3,1434.4,1435.8,117534
1778133000,1435.8,1436.1,1433.1,1434.8,93895
1778133300,1434.7,1435.3,1433.0,1435.3,91285
1778133600,1435.2,1438.5,1435.2,1436.9,154106
1778133900,1436.7,1437.8,1436.3,1437.7,57056
1778134200,1437.7,1437.7,1434.4,1434.5,99879
1778134500,1434.5,1437.9,1433.6,1437.2,179339
1778134800,1437.4,1439.4,1437.0,1438.8,82774
1778135100,1438.8,1440.0,1437.6,1438.9,71344
1778135400,1438.8,1441.5,1438.8,1439.2,126487
1778135700,1439.4,1441.4,1438.6,1441.3,149512
1778136000,1441.3,1442.5,1440.6,1441.8,97701
1778136300,1441.8,1444.0,1441.8,1442.0,168418
1778136600,1442.2,1443.9,1442.1,1442.9,174259
1778136900,1442.8,1443.7,1441.4,1441.5,117433
1778137200,1441.4,1442.0,1439.1,1440.4,132589
1778137500,1440.4,1446.0,1439.0,1445.7,363175
1778137800,1445.9,1449.5,1445.5,1448.0,413919
1778138100,1448.0,1449.0,1445.6,1446.9,259019
1778138400,1446.9,1447.0,1443.8,1444.8,191339
1778138700,1444.9,1445.7,1441.5,1442.0,171634
1778139000,1442.2,1444.5,1441.7,1443.7,78269
1778139300,1443.9,1445.7,1443.0,1443.2,89562
1778139600,1443.0,1443.4,1441.3,1441.9,131716
1778139900,1442.0,1443.2,1437.5,1439.3,170433
1778140200,1439.3,1441.0,1439.0,1439.4,229795
1778140500,1439.5,1440.4,1439.2,1440.0,28954
1778140800,1440.1,1440.7,1439.0,1439.8,77669
1778141100,1439.9,1440.1,1438.0,1438.1,86443
1778141400,1438.0,1439.9,1437.5,1438.4,142384
1778141700,1438.4,1440.0,1437.6,1439.4,147582
1778142000,1439.6,1440.7,1438.1,1440.5,131552
1778142300,1440.5,1441.0,1438.6,1440.3,93657
1778142600,1439.8,1440.4,1437.5,1438.0,58603
1778142900,1438.4,1440.0,1437.2,1440.0,197772
1778143200,1439.8,1440.0,1438.3,1439.5,155885
1778143500,1439.6,1440.1,1438.0,1438.7,120710
1778143800,1438.7,1441.4,1438.4,1440.7,251922
1778144100,1440.7,1444.2,1439.1,1442.1,820331
1778144400,1442.1,1444.0,1440.0,1440.0,556031
1778144700,1440.8,1440.8,1438.6,1438.6,232801
1778145000,1438.7,1440.0,1436.3,1437.7,574935
1778145300,1438.0,1439.0,1436.6,1437.3,185400
1778145600,1437.5,1438.5,1436.6,1436.8,93404
1778145900,1437.2,1437.8,1435.4,1436.1,82541
1778146200,1436.1,1441.9,1430.5,1437.6,4038716
1778146500,1437.7,1441.3,1435.7,1438.1,1670996
1778146800,1438.1,1438.4,1433.8,1434.5,829556
1778147100,1434.6,1435.9,1433.4,1435.8,626831
1778147400,1435.7,1436.0,1435.3,1435.8,296683
1778147700,1435.9,1437.0,1434.0,1435.5,253722
1778211900,1426.0,1429.5,1417.5,1425.0,632958
1778212200,1425.0,1426.9,1423.8,1424.1,166903
1778212500,1424.4,1427.0,1424.1,1427.0,106153
1778212800,1426.8,1426.9,1422.0,1423.5,145413
1778213100,1423.5,1423.5,1421.0,1421.3,109370
1778213400,1421.3,1421.5,1419.4,1419.7,148853
1778213700,1419.6,1420.7,1418.0,1419.9,162848
1778214000,1419.9,1421.9,1419.8,1421.5,112099
1778214300,1421.5,1424.0,1421.3,1423.9,91425
1778214600,1423.9,1424.8,1423.1,1424.4,68952
1778214900,1424.4,1426.0,1424.2,1425.5,62216
1778215200,1425.5,1429.0,1424.1,1428.4,138071
1778215500,1428.8,1429.0,1426.1,1429.0,86537
1778215800,1428.9,1431.2,1428.2,1431.0,125225
1778216100,1430.9,1433.0,1430.1,1432.0,94337
1778216400,1432.0,1432.0,1429.4,1429.8,71384
1778216700,1429.8,1432.0,1429.5,1430.8,63512
1778217000,1430.8,1432.0,1430.7,1431.3,51109
1778217300,1431.3,1431.3,1430.1,1430.5,34968
1778217600,1430.3,1430.5,1427.4,1428.0,87444
1778217900,1427.6,1428.6,1426.1,1426.2,71114
1778218200,1426.4,1431.4,1426.1,1429.9,204582
1778218500,1429.7,1430.0,1429.0,1429.4,39977
1778218800,1429.4,1429.7,1428.5,1429.2,37865
1778219100,1429.0,1429.7,1426.7,1427.0,42598
1778219400,1427.0,1428.0,1426.1,1427.2,59443
1778219700,1427.2,1427.3,1426.3,1426.7,45203
1778220000,1426.7,1429.2,1425.8,1428.7,77775
1778220300,1429.0,1429.0,1427.1,1427.6,25275
1778220600,1427.5,1427.7,1426.7,1426.7,18177
1778220900,1426.9,1427.1,1425.4,1425.4,52713
1778221200,1425.4,1426.0,1424.4,1425.0,80221
1778221500,1424.6,1424.6,1423.5,1424.4,49627
1778221800,1424.6,1424.8,1423.3,1424.0,35988
1778222100,1424.0,1424.6,1423.5,1424.0,38941
1778222400,1423.8,1424.2,1422.4,1423.9,139749
1778222700,1423.9,1426.6,1423.3,1426.4,169085
1778223000,1426.7,1426.8,1425.2,1426.0,118249
1778223300,1426.0,1426.2,1425.1,1425.8,49077
1778223600,1425.8,1425.8,1423.9,1424.0,32015
1778223900,1423.9,1425.0,1423.5,1424.2,58234
1778224200,1424.5,1424.9,1423.8,1424.2,24383
1778224500,1424.3,1424.9,1423.5,1424.8,86932
1778224800,1424.8,1424.9,1423.9,1424.3,28473
1778225100,1424.3,1424.5,1422.1,1422.1,62466
1778225400,1422.6,1422.7,1421.6,1422.0,71591
1778225700,1422.0,1423.7,1421.9,1423.4,99863
1778226000,1423.5,1423.7,1422.5,1422.7,69153
1778226300,1422.7,1424.0,1422.3,1424.0,201205
1778226600,1424.0,1424.7,1423.9,1424.5,58963
1778226900,1424.3,1427.5,1424.2,1427.0,191686
1778227200,1427.0,1427.4,1425.1,1425.9,64097
1778227500,1426.0,1426.2,1425.3,1425.7,29975
1778227800,1425.7,1426.7,1425.3,1425.8,56552
1778228100,1425.8,1426.2,1425.5,1425.9,27185
1778228400,1426.0,1426.0,1424.7,1425.9,105989
1778228700,1426.0,1426.0,1424.2,1424.9,79987
1778229000,1425.0,1426.7,1423.5,1425.9,103261
1778229300,1425.9,1427.3,1425.6,1427.0,136828
1778229600,1427.0,1427.3,1425.5,1426.0,39841
1778229900,1426.0,1427.4,1425.6,1426.4,73100
1778230200,1426.5,1427.6,1426.0,1427.5,87775
1778230500,1427.5,1427.5,1426.2,1427.4,40743
1778230800,1427.4,1430.8,1427.3,1429.6,168476
1778231100,1429.7,1433.6,1429.6,1432.8,406565
1778231400,1432.8,1441.7,1432.4,1440.0,320651
1778231700,1440.5,1442.8,1439.6,1441.9,160256
1778232000,1442.0,1442.6,1439.8,1440.0,79530
1778232300,1440.2,1440.5,1437.7,1438.5,76303
1778232600,1438.2,1438.5,1433.3,1433.9,296111
1778232900,1433.8,1434.7,1433.3,1434.4,261004
1778233200,1434.4,1436.3,1433.7,1434.6,237562
1778233500,1434.6,1437.4,1434.4,1436.0,270328
1778233800,1435.8,1436.5,1434.5,1436.3,283569
1778234100,1436.4,1437.2,1434.3,1436.0,244767
1778471100,1420.0,1428.0,1419.2,1422.6,477570
1778471400,1422.7,1422.7,1419.9,1421.2,219295
1778471700,1421.2,1421.6,1418.0,1421.6,220434
1778472000,1421.6,1422.6,1417.0,1417.5,408743
1778472300,1417.5,1418.0,1416.0,1416.0,146269
1778472600,1416.6,1421.7,1415.0,1415.1,183427
1778472900,1415.3,1419.7,1415.0,1419.1,101040
1778473200,1419.1,1420.0,1417.2,1419.6,72702
1778473500,1419.6,1420.8,1417.1,1419.8,106084
1778473800,1419.9,1421.0,1419.9,1420.6,61177
1778474100,1420.5,1420.9,1417.4,1419.3,90340
1778474400,1419.3,1420.9,1418.5,1420.2,76428
1778474700,1420.2,1420.4,1417.0,1417.4,148251
1778475000,1417.3,1419.2,1416.3,1416.4,119201
1778475300,1416.4,1416.9,1415.5,1415.8,78969
1778475600,1416.0,1417.0,1415.2,1416.0,85101
1778475900,1416.0,1416.0,1414.3,1416.0,129325
1778476200,1416.0,1416.0,1414.0,1415.6,87027
1778476500,1415.6,1416.5,1414.5,1416.0,143937
1778476800,1416.3,1419.0,1416.0,1418.8,180354
1778477100,1418.5,1419.1,1417.9,1418.4,69999
1778477400,1418.5,1420.0,1418.0,1419.4,56913
1778477700,1419.8,1420.0,1419.2,1419.6,55267
1778478000,1419.6,1420.0,1418.2,1418.7,45338
1778478300,1418.7,1419.2,1418.0,1418.4,41646
1778478600,1418.5,1419.4,1417.6,1419.2,82526
1778478900,1419.2,1419.2,1417.4,1417.9,118284
1778479200,1418.0,1418.0,1415.9,1417.2,90160
1778479500,1417.1,1417.2,1415.1,1415.5,64161
1778479800,1415.5,1417.1,1415.1,1416.7,67393
1778480100,1416.7,1417.3,1411.0,1412.3,325996
1778480400,1412.3,1413.9,1412.0,1413.7,49862
1778480700,1413.5,1413.7,1411.6,1412.3,210975
1778481000,1412.9,1413.0,1410.4,1410.9,133337
1778481300,1410.5,1412.0,1410.4,1411.9,103792
1778481600,1411.9,1411.9,1410.5,1410.9,62120
1778481900,1411.0,1411.0,1410.3,1410.8,70372
1778482200,1410.9,1412.0,1410.4,1411.7,98189
1778482500,1411.7,1411.9,1409.1,1409.2,166804
1778482800,1409.5,1409.5,1407.1,1408.0,152549
1778483100,1408.0,1408.8,1405.0,1405.5,176634
1778483400,1405.6,1406.6,1405.0,1405.3,251694
1778483700,1405.0,1405.5,1403.2,1403.7,175173
1778484000,1403.7,1405.0,1400.6,1402.0,516686
1778484300,1401.7,1403.5,1401.5,1403.0,186492
1778484600,1403.0,1403.5,1400.4,1400.4,276762
1778484900,1400.6,1402.0,1399.3,1401.9,320491
1778485200,1402.0,1403.0,1400.7,1401.7,295338
1778485500,1401.9,1402.0,1400.7,1401.1,119727
1778485800,1401.4,1402.5,1401.1,1401.9,82219
1778486100,1402.3,1402.7,1402.0,1402.4,51149
1778486400,1402.9,1403.5,1399.2,1399.8,243290
1778486700,1399.7,1401.3,1399.3,1399.8,196211
1778487000,1399.4,1400.7,1398.4,1400.0,148469
1778487300,1399.7,1401.5,1399.5,1400.4,205278
1778487600,1400.4,1401.0,1399.6,1401.0,100471
1778487900,1400.9,1401.5,1399.5,1399.7,84534
1778488200,1399.6,1400.0,1398.9,1399.0,326029
1778488500,1399.1,1400.5,1398.9,1399.4,91086
1778488800,1399.4,1399.5,1397.0,1397.5,151269
1778489100,1397.8,1399.5,1397.5,1399.3,174617
1778489400,1399.3,1400.5,1399.0,1400.4,314717
1778489700,1400.3,1400.5,1398.0,1399.3,111616
1778490000,1399.3,1399.9,1398.9,1399.8,124198
1778490300,1399.8,1400.5,1397.8,1398.9,114625
1778490600,1398.7,1398.9,1397.4,1397.9,92855
1778490900,1397.9,1398.7,1396.4,1396.8,166853
1778491200,1396.7,1399.3,1396.6,1398.0,161379
1778491500,1398.0,1398.1,1394.2,1394.5,303504
1778491800,1394.6,1394.7,1391.0,1392.3,511927
1778492100,1392.3,1392.3,1390.0,1390.5,540461
1778492400,1390.5,1391.0,1387.2,1387.8,829392
1778492700,1387.9,1389.0,1386.2,1387.6,674076
1778493000,1387.6,1388.0,1386.3,1386.9,557096
1778493300,1386.9,1387.9,1382.0,1385.3,1263915
1778557500,1392.0,1393.4,1387.3,1391.5,1271701
1778557800,1390.7,1391.3,1385.1,1385.8,823260
1778558100,1385.6,1388.3,1381.2,1382.8,476558
1778558400,1382.9,1384.7,1381.2,1383.5,240157
1778558700,1383.6,1384.6,1381.3,1382.7,213192
1778559000,1382.7,1383.8,1382.3,1383.0,112504
1778559300,1382.8,1384.3,1382.6,1383.7,107592
1778559600,1383.7,1384.5,1382.7,1384.3,132682
1778559900,1384.5,1388.3,1382.6,1383.5,512989
1778560200,1383.5,1383.9,1382.0,1382.4,79808
1778560500,1382.8,1383.0,1380.1,1380.2,143906
1778560800,1380.1,1381.0,1377.4,1380.3,247382
1778561100,1380.3,1382.6,1380.1,1382.6,145418
1778561400,1382.7,1383.8,1381.6,1382.2,158282
1778561700,1382.3,1382.6,1380.4,1382.1,60953
1778562000,1382.1,1383.5,1382.0,1382.7,75198
1778562300,1382.8,1383.5,1382.0,1383.0,63192
1778562600,1382.1,1383.9,1382.0,1382.4,453509
1778562900,1382.4,1383.0,1381.3,1382.9,76782
1778563200,1383.0,1383.9,1382.3,1383.4,143579
1778563500,1383.5,1383.9,1382.5,1383.9,74494
1778563800,1383.9,1384.0,1382.6,1383.7,119692
1778564100,1383.7,1384.0,1383.2,1383.7,82336
1778564400,1384.0,1386.5,1383.5,1386.0,551711
1778564700,1386.4,1391.7,1385.9,1390.0,294086
1778565000,1390.0,1393.5,1389.8,1390.2,271324
1778565300,1390.4,1391.0,1388.3,1388.3,181582
1778565600,1388.0,1388.7,1387.3,1388.2,147483
1778565900,1388.3,1388.4,1386.2,1387.6,138710
1778566200,1387.8,1390.0,1387.1,1388.8,130350
1778566500,1389.0,1389.0,1388.0,1388.9,119252
1778566800,1389.0,1390.0,1387.9,1389.5,157454
1778567100,1389.8,1390.5,1389.0,1389.1,331177
1778567400,1388.9,1390.0,1386.7,1387.6,181086
1778567700,1387.8,1388.0,1383.8,1384.4,125590
1778568000,1384.7,1384.8,1380.8,1382.5,191135
1778568300,1383.0,1384.0,1382.3,1383.1,167893
1778568600,1383.1,1383.5,1379.2,1379.9,228855
1778568900,1380.0,1381.9,1379.3,1381.0,137593
1778569200,1381.0,1381.2,1378.5,1379.0,178737
1778569500,1379.0,1379.8,1377.1,1379.3,236247
1778569800,1379.4,1380.3,1378.4,1380.0,153439
1778570100,1380.0,1381.8,1379.8,1380.9,169868
1778570400,1380.9,1381.8,1379.6,1379.7,176798
1778570700,1379.8,1381.2,1378.6,1379.9,180895
1778571000,1380.0,1380.4,1379.0,1379.4,146358
1778571300,1379.6,1380.0,1378.0,1378.8,149357
1778571600,1378.5,1379.4,1376.1,1378.3,375465
1778571900,1378.3,1380.6,1376.6,1377.3,388978
1778572200,1377.4,1377.4,1374.2,1374.4,245820
1778572500,1374.7,1375.9,1373.5,1374.3,404773
1778572800,1374.4,1376.8,1373.5,1375.2,195930
1778573100,1375.0,1375.3,1372.4,1373.8,273720
1778573400,1373.3,1375.5,1373.0,1374.7,198701
1778573700,1375.1,1375.7,1372.4,1374.5,187436
1778574000,1374.9,1376.4,1372.7,1372.8,234788
1778574300,1372.7,1373.5,1371.9,1372.1,172312
1778574600,1372.1,1374.3,1370.7,1373.3,375662
1778574900,1373.5,1374.9,1372.4,1373.4,292076
1778575200,1373.3,1374.0,1372.3,1373.0,218759
1778575500,1373.0,1374.4,1372.5,1373.5,287700
1778575800,1373.5,1374.5,1371.7,1373.6,506329
1778576100,1373.8,1373.9,1370.2,1371.1,326883
1778576400,1371.4,1371.4,1368.2,1368.3,384016
1778576700,1368.6,1369.5,1367.6,1368.1,259562
1778577000,1368.2,1370.6,1367.7,1369.5,384104
1778577300,1369.6,1369.9,1367.9,1369.5,643199
1778577600,1369.5,1370.9,1366.8,1367.0,804783
1778577900,1367.2,1367.6,1365.2,1366.9,174541
1778578200,1367.1,1367.1,1361.7,1366.7,1989167
1778578500,1366.4,1367.5,1363.1,1364.5,1421396
1778578800,1364.4,1365.4,1360.3,1361.4,1323976
1778579100,1361.6,1364.5,1360.3,1364.3,832495
1778579400,1364.4,1364.5,1362.5,1363.9,379937
1778579700,1363.6,1367.1,1363.4,1366.5,348969
1778643900,1361.4,1372.4,1361.4,1365.7,472901
1778644200,1365.7,1367.6,1362.7,1365.6,251386
1778644500,1365.7,1365.7,1357.1,1357.1,251265
1778644800,1357.7,1363.3,1357.0,1360.8,209905
1778645100,1360.8,1361.9,1354.7,1355.0,152390
1778645400,1356.0,1359.5,1354.1,1356.3,151735
1778645700,1356.4,1356.8,1352.4,1354.5,146953
1778646000,1354.5,1357.2,1352.7,1356.4,157296
1778646300,1356.3,1358.4,1355.6,1355.9,108705
1778646600,1355.7,1357.5,1354.4,1356.3,125886
1778646900,1356.4,1359.8,1356.1,1358.7,163438
1778647200,1358.5,1359.4,1356.1,1356.9,116980
1778647500,1357.0,1357.3,1355.4,1357.2,95368
1778647800,1357.3,1360.0,1357.2,1359.8,126295
1778648100,1359.9,1360.0,1356.0,1356.0,264067
1778648400,1356.3,1357.0,1355.3,1357.0,143891
1778648700,1357.0,1357.0,1354.2,1354.5,120031
1778649000,1354.7,1358.2,1354.7,1357.2,100985
1778649300,1357.3,1358.0,1356.1,1356.5,99945
1778649600,1356.6,1357.9,1356.2,1357.5,104982
1778649900,1357.5,1357.8,1354.0,1354.2,136295
1778650200,1354.2,1359.3,1353.8,1357.7,153800
1778650500,1357.5,1357.6,1355.4,1356.0,91728
1778650800,1356.0,1356.4,1353.0,1355.3,147538
1778651100,1355.3,1356.3,1354.5,1355.0,87926
1778651400,1355.0,1356.3,1354.5,1355.5,74986
1778651700,1355.5,1355.6,1353.2,1353.3,85436
1778652000,1353.8,1354.5,1353.0,1353.8,115183
1778652300,1354.1,1357.6,1353.6,1357.1,175710
1778652600,1357.1,1361.6,1357.1,1360.7,266052
1778652900,1360.7,1363.8,1360.3,1361.0,175803
1778653200,1361.0,1362.8,1360.2,1360.2,93083
1778653500,1360.5,1361.8,1358.6,1358.7,134741
1778653800,1358.7,1360.5,1358.7,1360.3,101808
1778654100,1360.5,1360.8,1358.2,1359.2,73811
1778654400,1359.1,1360.2,1358.5,1360.2,69696
1778654700,1360.2,1360.9,1359.7,1360.7,89442
1778655000,1360.8,1360.8,1359.6,1360.5,92870
1778655300,1360.5,1362.3,1360.0,1362.1,98809
1778655600,1362.3,1362.9,1360.5,1361.2,93863
1778655900,1361.2,1362.6,1359.0,1362.6,249823
1778656200,1362.6,1362.7,1358.1,1361.1,226228
1778656500,1361.1,1362.5,1360.4,1361.4,87271
1778656800,1361.1,1366.4,1361.0,1366.2,163882
1778657100,1366.5,1370.0,1366.1,1369.5,283032
1778657400,1369.5,1370.0,1365.0,1368.3,414149
1778657700,1368.2,1368.5,1365.5,1366.1,129713
1778658000,1366.1,1367.2,1365.5,1366.0,115657
1778658300,1366.1,1366.1,1362.9,1363.8,131248
1778658600,1363.8,1365.8,1362.3,1365.2,139718
1778658900,1365.0,1365.5,1363.7,1364.0,98224
1778659200,1364.0,1367.9,1364.0,1367.1,101502
1778659500,1367.0,1368.0,1366.1,1367.3,95408
1778659800,1367.8,1368.0,1366.2,1366.5,94855
1778660100,1366.0,1367.2,1365.0,1366.5,110111
1778660400,1366.4,1366.8,1364.5,1365.1,98070
1778660700,1365.1,1365.9,1363.0,1364.7,228032
1778661000,1365.2,1365.8,1363.8,1364.1,120595
1778661300,1364.2,1366.0,1363.9,1365.2,87913
1778661600,1365.2,1366.7,1364.6,1365.0,101906
1778661900,1365.1,1366.4,1363.7,1363.8,146387
1778662200,1364.0,1366.2,1361.4,1365.7,196308
1778662500,1365.7,1366.1,1362.4,1362.6,192476
1778662800,1363.1,1364.2,1362.1,1362.4,183143
1778663100,1362.1,1362.6,1360.1,1361.5,271450
1778663400,1361.6,1362.0,1360.0,1360.0,416969
1778663700,1360.1,1361.1,1358.8,1360.0,342737
1778664000,1360.1,1360.9,1358.7,1360.0,163657
1778664300,1360.0,1361.5,1359.6,1360.9,186956
1778664600,1361.3,1361.3,1357.5,1357.6,517322
1778664900,1358.0,1359.2,1356.9,1359.0,478941
1778665200,1359.1,1359.1,1357.4,1358.6,417699
1778665500,1358.7,1360.8,1357.9,1359.8,498258
1778665800,1359.9,1360.0,1357.9,1358.5,464749
1778666100,1358.4,1362.0,1358.4,1361.2,386122
1778730300,1365.2,1369.2,1365.2,1367.6,313807
1778730600,1367.7,1369.5,1366.2,1369.2,229717
1778730900,1369.2,1369.9,1367.5,1368.6,142615
1778731200,1368.5,1368.8,1365.6,1366.0,144846
1778731500,1366.1,1367.5,1363.1,1364.0,136614
1778731800,1364.2,1364.6,1363.1,1363.1,110420
1778732100,1363.6,1364.6,1362.3,1362.8,107188
1778732400,1362.8,1363.3,1360.3,1361.1,73949
1778732700,1361.2,1362.1,1360.4,1361.7,70723
1778733000,1361.7,1362.6,1360.5,1360.6,73798
1778733300,1360.9,1361.3,1358.5,1360.0,98132
1778733600,1359.4,1361.9,1359.1,1361.9,92153
1778733900,1361.8,1362.9,1360.2,1362.9,115756
1778734200,1362.9,1363.1,1361.0,1362.3,75916
1778734500,1362.5,1362.6,1361.4,1362.0,78571
1778734800,1362.2,1363.0,1361.8,1363.0,131646
1778735100,1363.0,1366.0,1362.9,1363.9,150561
1778735400,1364.4,1365.2,1362.3,1362.6,290928
1778735700,1362.7,1363.0,1360.0,1360.1,142546
1778736000,1360.0,1361.6,1359.2,1361.1,152386
1778736300,1361.1,1361.7,1359.4,1361.4,89662
1778736600,1361.4,1361.8,1360.9,1360.9,64171
1778736900,1361.0,1362.3,1360.8,1360.9,84245
1778737200,1361.0,1362.7,1360.6,1362.3,58028
1778737500,1362.4,1365.0,1362.4,1364.4,129223
1778737800,1364.4,1368.2,1364.3,1367.4,243200
1778738100,1367.4,1367.5,1364.9,1366.2,214994
1778738400,1366.2,1366.5,1365.2,1365.5,201926
1778738700,1365.7,1366.5,1364.1,1365.8,255704
1778739000,1365.8,1372.0,1364.8,1372.0,320136
1778739300,1371.6,1378.0,1370.4,1376.0,486832
1778739600,1376.4,1377.8,1373.5,1374.1,281894
1778739900,1374.1,1374.5,1372.0,1373.0,166929
1778740200,1373.0,1373.0,1369.8,1370.1,138374
1778740500,1370.3,1371.3,1369.3,1369.9,174620
1778740800,1369.9,1370.2,1368.3,1369.6,152160
1778741100,1369.6,1373.6,1369.6,1371.5,166566
1778741400,1371.4,1372.9,1371.0,1371.8,104409
1778741700,1371.8,1376.3,1371.0,1374.0,197825
1778742000,1374.3,1376.0,1373.0,1373.3,185912
1778742300,1373.2,1373.9,1370.1,1370.6,150113
1778742600,1370.6,1371.9,1369.9,1371.3,268557
1778742900,1371.3,1372.1,1370.3,1370.8,210080
1778743200,1371.2,1371.2,1368.3,1369.0,136366
1778743500,1369.2,1370.2,1368.1,1368.4,189407
1778743800,1368.4,1371.5,1367.5,1370.7,309297
1778744100,1370.7,1371.2,1369.0,1369.1,139984
1778744400,1369.1,1369.5,1367.6,1368.3,139681
1778744700,1368.6,1369.0,1366.1,1367.2,213148
1778745000,1367.4,1368.0,1365.7,1365.7,198983
1778745300,1365.7,1369.5,1365.6,1368.5,225443
1778745600,1368.5,1369.7,1366.3,1369.6,193919
1778745900,1369.6,1370.5,1368.1,1368.3,191911
1778746200,1368.5,1370.5,1368.0,1370.3,538288
1778746500,1370.2,1371.1,1367.0,1368.1,675083
1778746800,1368.1,1369.4,1366.5,1369.2,228375
1778747100,1369.2,1369.7,1367.1,1368.0,141817
1778747400,1367.9,1368.3,1366.3,1367.6,96286
1778747700,1367.8,1369.2,1366.2,1368.0,189832
1778748000,1368.0,1368.6,1366.1,1366.4,111502
1778748300,1366.4,1367.3,1365.0,1365.1,137791
1778748600,1365.2,1365.9,1364.1,1365.4,308861
1778748900,1365.6,1366.3,1364.7,1365.7,171068
1778749200,1365.7,1365.9,1364.2,1364.6,175524
1778749500,1364.6,1364.6,1362.2,1362.7,366869
1778749800,1362.6,1363.5,1362.0,1362.2,165651
1778750100,1362.1,1363.4,1361.1,1361.5,164137
1778750400,1361.5,1363.1,1361.2,1361.9,163604
1778750700,1361.8,1362.5,1359.3,1359.8,262890
1778751000,1360.1,1363.8,1359.7,1362.7,845321
1778751300,1362.8,1362.8,1358.4,1358.7,1269634
1778751600,1358.7,1363.0,1358.6,1362.8,977788
1778751900,1362.8,1363.0,1361.0,1362.3,424082
1778752200,1362.2,1367.7,1360.9,1366.6,442081
1778752500,1366.0,1368.6,1364.1,1368.6,351163
1778816700,1356.8,1364.8,1348.6,1351.6,532372
1778817000,1351.1,1355.7,1351.0,1352.9,1325054
1778817300,1352.9,1352.9,1350.3,1350.3,249760
1778817600,1350.5,1351.0,1345.1,1345.7,744293
1778817900,1344.6,1344.7,1341.5,1342.6,256527
1778818200,1342.5,1343.6,1341.3,1342.5,178911
1778818500,1342.4,1345.0,1342.1,1342.9,144419
1778818800,1342.9,1346.8,1340.1,1346.2,636766
1778819100,1346.4,1348.0,1346.0,1347.1,182199
1778819400,1347.1,1347.6,1345.9,1347.5,127533
1778819700,1347.5,1347.5,1346.0,1347.0,80652
1778820000,1346.9,1347.3,1345.0,1345.1,105210
1778820300,1345.1,1345.4,1341.0,1341.1,175603
1778820600,1341.2,1342.5,1338.4,1342.4,234687
1778820900,1342.5,1342.8,1341.3,1342.3,66220
1778821200,1342.2,1342.4,1337.6,1339.3,348184
1778821500,1339.3,1340.0,1338.9,1339.5,78862
1778821800,1339.5,1340.7,1339.2,1339.9,72560
1778822100,1339.8,1341.0,1339.5,1340.4,195783
1778822400,1340.3,1341.0,1339.7,1340.5,236820
1778822700,1340.4,1340.7,1339.8,1339.8,95454
1778823000,1339.9,1340.0,1337.0,1337.3,161340
1778823300,1337.2,1337.7,1336.3,1336.8,95286
1778823600,1336.9,1339.8,1336.2,1339.6,90640
1778823900,1339.6,1339.9,1338.3,1339.6,79709
1778824200,1339.7,1339.9,1339.0,1339.4,50496
1778824500,1339.2,1339.4,1338.1,1338.5,42400
1778824800,1338.2,1339.5,1336.4,1339.0,88904
1778825100,1339.1,1340.5,1338.1,1339.4,89748
1778825400,1339.2,1339.6,1337.1,1338.0,81080
1778825700,1338.0,1338.4,1335.8,1336.1,530784
1778826000,1336.0,1336.2,1335.0,1335.3,104701
1778826300,1335.2,1336.0,1335.0,1335.4,64380
1778826600,1335.3,1337.5,1335.3,1337.0,121997
1778826900,1337.1,1337.5,1335.5,1335.6,138982
1778827200,1335.6,1336.0,1335.3,1335.5,93105
1778827500,1335.5,1336.0,1334.0,1335.6,188143
1778827800,1335.6,1336.0,1335.0,1335.9,87226
1778828100,1335.9,1337.3,1335.8,1335.8,473236
1778828400,1335.9,1336.7,1335.8,1335.9,142143
1778828700,1335.9,1336.9,1335.6,1335.7,130715
1778829000,1336.0,1337.0,1335.8,1337.0,700787
1778829300,1337.0,1338.3,1335.7,1336.0,573527
1778829600,1336.0,1337.4,1335.6,1336.2,331560
1778829900,1336.1,1336.9,1335.9,1335.9,147656
1778830200,1336.0,1336.6,1335.9,1336.1,156198
1778830500,1336.5,1337.2,1335.8,1337.1,573513
1778830800,1337.1,1337.4,1335.9,1336.0,368329
1778831100,1335.9,1336.5,1335.5,1336.5,221608
1778831400,1336.4,1337.2,1335.9,1336.1,701316
1778831700,1336.7,1337.0,1335.8,1336.5,381812
1778832000,1336.4,1336.5,1335.5,1335.9,145612
1778832300,1335.9,1336.9,1335.7,1336.0,191601
1778832600,1335.9,1337.4,1335.7,1337.3,507468
1778832900,1337.4,1337.6,1333.0,1334.2,892002
1778833200,1334.2,1335.4,1332.5,1333.9,179687
1778833500,1333.9,1334.9,1333.6,1334.1,93832
1778833800,1334.2,1336.5,1334.1,1335.4,143741
1778834100,1335.5,1336.5,1335.0,1335.9,129254
1778834400,1335.9,1336.5,1335.3,1336.0,144104
1778834700,1336.2,1336.5,1335.3,1336.0,124891
1778835000,1335.9,1336.5,1335.6,1335.8,139631
1778835300,1335.8,1335.9,1334.7,1335.7,132523
1778835600,1335.8,1336.2,1335.0,1335.8,148757
1778835900,1335.8,1336.7,1335.1,1335.9,243219
1778836200,1336.0,1336.7,1335.4,1335.6,260993
1778836500,1335.5,1335.6,1332.1,1332.3,215390
1778836800,1332.2,1332.9,1329.2,1329.8,451484
1778837100,1329.9,1331.8,1329.4,1331.2,233931
1778837400,1331.0,1337.5,1330.2,1337.5,545619
1778837700,1337.4,1337.9,1336.4,1336.9,386550
1778838000,1337.0,1337.9,1336.2,1337.3,351371
1778838300,1337.2,1337.5,1336.0,1337.0,360981
1778838600,1337.1,1338.0,1336.4,1337.1,443611
1778838900,1337.1,1340.0,1337.0,1339.0,268093
1779075900,1334.0,1334.0,1322.5,1325.9,356696
1779076200,1325.7,1325.9,1323.5,1324.7,208503
1779076500,1324.7,1324.9,1323.0,1324.3,99234
1779076800,1324.3,1324.3,1322.2,1323.2,76560
1779077100,1323.5,1323.6,1318.7,1320.0,175740
1779077400,1320.0,1324.2,1319.5,1323.5,87939
1779077700,1323.9,1323.9,1321.1,1321.4,304766
1779078000,1321.4,1322.3,1320.0,1321.9,78938
1779078300,1322.0,1322.0,1319.1,1320.1,69884
1779078600,1320.0,1323.4,1319.8,1323.3,51214
1779078900,1323.4,1323.8,1321.6,1323.4,82812
1779079200,1323.5,1325.9,1322.0,1322.9,182683
1779079500,1322.9,1323.9,1321.7,1323.0,69390
1779079800,1323.0,1323.7,1322.0,1323.7,66277
1779080100,1323.7,1328.0,1323.7,1327.1,105379
1779080400,1327.0,1329.8,1325.1,1329.5,78043
1779080700,1329.4,1333.0,1329.4,1332.2,117081
1779081000,1331.9,1334.3,1331.1,1332.4,124685
1779081300,1332.4,1332.9,1330.9,1331.8,85698
1779081600,1331.5,1335.8,1331.5,1334.0,211526
1779081900,1334.0,1336.6,1333.0,1336.5,146466
1779082200,1336.5,1338.0,1335.1,1335.8,98421
1779082500,1335.8,1338.9,1335.6,1338.3,85869
1779082800,1338.2,1338.6,1335.0,1336.9,77810
1779083100,1336.9,1340.0,1336.3,1339.2,168453
1779083400,1339.4,1339.7,1337.7,1339.0,283704
1779083700,1338.9,1339.3,1337.2,1339.0,77107
1779084000,1338.9,1339.7,1338.4,1339.6,69517
1779084300,1339.6,1342.0,1339.1,1341.1,110583
1779084600,1341.1,1341.4,1338.4,1339.2,108178
1779084900,1339.2,1339.5,1337.0,1337.4,78739
1779085200,1337.5,1339.1,1337.2,1338.1,54606
1779085500,1338.2,1339.0,1337.1,1337.4,52977
1779085800,1337.5,1337.6,1334.1,1335.0,1011930
1779086100,1335.0,1335.0,1333.4,1334.9,78755
1779086400,1334.7,1335.3,1334.5,1335.0,463879
1779086700,1335.0,1335.0,1333.7,1334.3,160234
1779087000,1334.3,1335.0,1333.7,1335.0,69025
1779087300,1335.0,1335.0,1334.5,1335.0,76854
1779087600,1334.9,1338.1,1334.9,1337.7,102891
1779087900,1337.9,1338.9,1337.4,1338.7,82428
1779088200,1338.6,1339.1,1337.1,1338.3,95253
1779088500,1338.3,1338.8,1337.0,1338.3,54659
1779088800,1338.2,1338.8,1337.5,1338.3,64574
1779089100,1338.4,1341.0,1337.0,1337.4,132348
1779089400,1337.8,1338.9,1337.5,1337.9,58168
1779089700,1337.7,1338.1,1334.3,1334.8,1388496
1779090000,1334.8,1334.8,1332.5,1333.9,133799
1779090300,1333.9,1335.2,1333.8,1334.4,114369
1779090600,1334.8,1335.4,1334.0,1335.4,66338
1779090900,1335.1,1335.8,1334.4,1334.8,57014
1779091200,1334.7,1335.9,1334.3,1334.5,85838
1779091500,1334.7,1335.4,1334.0,1334.2,52641
1779091800,1334.4,1335.4,1333.0,1335.0,105193
1779092100,1335.0,1335.4,1333.8,1335.1,56237
1779092400,1335.0,1335.9,1334.3,1335.4,74253
1779092700,1335.6,1336.1,1334.2,1334.7,59052
1779093000,1335.0,1336.0,1333.5,1335.5,62434
1779093300,1335.3,1335.6,1332.0,1333.3,74017
1779093600,1332.8,1335.9,1332.8,1333.6,309915
1779093900,1333.5,1334.0,1332.4,1332.9,72041
1779094200,1332.9,1333.6,1331.3,1331.3,94336
1779094500,1331.4,1334.0,1331.1,1333.2,202738
1779094800,1333.2,1333.5,1331.3,1331.3,107972
1779095100,1331.3,1332.5,1330.1,1332.0,154526
1779095400,1332.2,1332.9,1331.3,1332.1,141203
1779095700,1332.4,1332.6,1331.8,1332.2,105034
1779096000,1332.4,1332.8,1331.8,1332.4,115303
1779096300,1332.7,1333.0,1332.0,1332.5,158120
1779096600,1332.7,1339.4,1332.2,1336.8,839300
1779096900,1336.8,1337.8,1336.0,1336.8,358894
1779097200,1336.9,1337.7,1334.3,1334.8,656677
1779097500,1334.8,1335.0,1334.0,1334.5,281471
1779097800,1334.5,1335.0,1334.2,1334.9,258148
1779098100,1335.0,1335.0,1334.0,1335.0,233991
1779162300,1338.7,1341.0,1335.9,1340.0,448048
1779162600,1340.0,1340.8,1338.1,1339.7,200021
1779162900,1339.7,1344.0,1339.7,1341.2,376845
1779163200,1341.2,1342.2,1337.5,1337.5,243802
1779163500,1337.9,1338.9,1335.1,1338.8,192006
1779163800,1338.8,1342.5,1338.8,1341.8,156795
1779164100,1341.8,1342.3,1339.2,1341.3,261805
1779164400,1341.3,1342.0,1339.7,1339.8,352297
1779164700,1339.8,1340.7,1338.6,1338.6,105642
1779165000,1338.7,1340.8,1338.5,1339.6,126890
1779165300,1339.7,1341.5,1339.1,1339.5,283089
1779165600,1340.0,1342.9,1339.1,1341.9,175181
1779165900,1341.9,1343.0,1339.1,1339.4,298903
1779166200,1339.3,1339.8,1337.6,1338.7,155831
1779166500,1338.7,1339.4,1338.0,1339.0,124021
1779166800,1339.0,1339.5,1337.8,1338.7,134269
1779167100,1338.8,1340.0,1337.8,1340.0,99077
1779167400,1340.0,1342.0,1339.0,1340.9,325315
1779167700,1341.5,1341.7,1339.3,1339.6,103471
1779168000,1339.7,1340.6,1338.1,1339.2,137658
1779168300,1339.2,1341.4,1339.0,1340.4,102703
1779168600,1340.4,1340.8,1339.3,1339.6,87120
1779168900,1339.6,1339.8,1339.1,1339.3,84437
1779169200,1339.3,1341.1,1339.0,1339.2,224977
1779169500,1339.3,1339.3,1337.5,1338.8,137294
1779169800,1339.0,1339.0,1336.8,1337.6,74153
1779170100,1337.4,1337.6,1336.0,1337.4,99483
1779170400,1337.4,1337.4,1334.1,1335.5,315149
1779170700,1335.5,1335.9,1333.5,1335.0,251196
1779171000,1334.9,1336.8,1334.4,1335.8,223519
1779171300,1335.9,1337.4,1335.1,1336.5,106725
1779171600,1336.5,1337.0,1336.0,1336.9,88057
1779171900,1336.9,1337.7,1336.3,1337.1,96032
1779172200,1337.1,1337.2,1334.9,1335.2,483077
1779172500,1335.1,1335.9,1334.4,1335.0,235404
1779172800,1335.2,1336.6,1335.0,1335.6,153933
1779173100,1335.6,1335.9,1334.8,1335.9,205184
1779173400,1335.9,1336.5,1333.4,1334.4,93683
1779173700,1334.6,1337.6,1333.9,1337.6,355748
1779174000,1337.6,1337.6,1332.9,1334.5,314928
1779174300,1334.5,1334.9,1333.4,1334.5,101853
1779174600,1334.5,1335.0,1334.0,1334.5,120227
1779174900,1334.6,1334.7,1332.5,1333.5,162348
1779175200,1333.5,1334.5,1332.9,1333.9,225793
1779175500,1333.8,1334.0,1333.1,1333.4,151671
1779175800,1333.3,1334.1,1332.6,1333.0,115492
1779176100,1332.9,1335.0,1332.6,1334.0,122280
1779176400,1334.3,1334.3,1332.7,1333.3,105449
1779176700,1333.4,1334.8,1332.7,1334.5,111417
1779177000,1334.5,1334.9,1333.7,1334.2,127837
1779177300,1334.4,1334.5,1333.4,1333.7,141848
1779177600,1333.9,1335.0,1333.2,1333.4,235926
1779177900,1333.4,1333.9,1331.1,1333.0,254611
1779178200,1333.2,1333.5,1331.9,1333.4,245582
1779178500,1333.5,1334.4,1332.7,1333.2,638102
1779178800,1333.2,1333.7,1332.6,1333.5,229809
1779179100,1333.5,1333.7,1331.7,1333.5,291514
1779179400,1333.3,1334.5,1332.5,1334.5,442012
1779179700,1334.5,1335.0,1333.6,1333.8,238449
1779180000,1334.0,1336.6,1333.5,1335.2,341035
1779180300,1335.2,1337.2,1334.6,1335.4,198682
1779180600,1335.4,1336.4,1333.1,1334.3,333081
1779180900,1334.3,1334.3,1332.5,1332.9,728564
1779181200,1332.9,1333.0,1330.0,1331.4,477074
1779181500,1331.3,1331.5,1327.7,1329.8,397647
1779181800,1329.6,1330.4,1328.0,1328.5,240863
1779182100,1328.2,1328.9,1326.8,1328.3,359653
1779182400,1328.3,1329.4,1326.1,1326.6,539520
1779182700,1326.5,1329.0,1325.3,1326.1,832991
1779183000,1326.2,1326.7,1322.4,1323.5,1113764
1779183300,1323.1,1324.6,1322.5,1323.5,1187216
1779183600,1323.5,1324.6,1320.7,1321.3,1251676
1779183900,1321.4,1321.8,1320.0,1321.1,519740
1779184200,1321.1,1321.2,1320.0,1321.1,465542
1779184500,1320.9,1323.3,1318.4,1322.8,449092
1779248700,1318.7,1319.9,1312.6,1319.0,412719
1779249000,1319.0,1322.5,1317.8,1322.1,175157
1779249300,1322.2,1323.8,1320.3,1323.3,210420
1779249600,1323.7,1326.4,1322.4,1326.0,244951
1779249900,1326.0,1326.6,1322.5,1324.8,193849
1779250200,1325.0,1325.4,1320.9,1322.7,130242
1779250500,1322.7,1323.8,1322.0,1322.5,72039
1779250800,1322.8,1323.7,1322.0,1322.6,71685
1779251100,1322.6,1323.5,1321.8,1322.4,84303
1779251400,1322.2,1322.7,1320.1,1321.0,82012
1779251700,1321.4,1323.4,1320.3,1323.3,139011
1779252000,1323.2,1323.8,1322.0,1323.5,133204
1779252300,1323.8,1325.3,1323.1,1324.0,121227
1779252600,1324.0,1324.5,1322.0,1322.5,68228
1779252900,1322.5,1325.0,1322.1,1325.0,93174
1779253200,1325.0,1332.9,1324.6,1332.5,357172
1779253500,1332.7,1335.7,1332.5,1333.7,227376
1779253800,1333.4,1334.4,1331.3,1331.7,98024
1779254100,1331.9,1332.4,1329.4,1330.0,101206
1779254400,1330.0,1334.9,1329.8,1334.8,99376
1779254700,1334.9,1335.9,1333.1,1333.7,117046
1779255000,1333.7,1334.9,1333.2,1333.8,58625
1779255300,1333.7,1334.4,1333.2,1334.2,41972
1779255600,1334.4,1335.4,1333.7,1333.9,69464
1779255900,1333.9,1338.2,1333.1,1334.7,294532
1779256200,1334.6,1336.3,1334.2,1335.2,76425
1779256500,1335.3,1335.6,1334.3,1334.5,40208
1779256800,1334.9,1335.5,1333.1,1333.1,57018
1779257100,1333.4,1345.6,1333.1,1343.3,1076081
1779257400,1343.3,1346.3,1341.8,1346.3,230602
1779257700,1346.3,1349.1,1345.9,1348.1,339156
1779258000,1347.9,1349.6,1346.2,1348.9,183314
1779258300,1349.0,1349.5,1347.0,1347.3,131315
1779258600,1347.7,1347.7,1345.4,1346.8,102044
1779258900,1346.7,1346.8,1345.2,1346.0,65903
1779259200,1346.2,1346.9,1345.3,1346.3,67629
1779259500,1346.2,1348.8,1346.2,1348.7,100176
1779259800,1348.5,1349.4,1347.5,1348.1,81468
1779260100,1348.0,1348.7,1346.1,1347.7,192490
1779260400,1347.8,1348.1,1346.7,1347.2,41944
1779260700,1347.4,1348.1,1346.4,1348.0,44340
1779261000,1348.0,1355.6,1347.2,1355.0,557517
1779261300,1355.0,1357.4,1353.0,1353.7,331659
1779261600,1353.6,1354.9,1352.2,1353.8,91235
1779261900,1353.8,1354.6,1353.1,1354.6,88621
1779262200,1354.6,1355.8,1353.3,1354.5,129788
1779262500,1355.0,1355.0,1351.2,1352.4,118144
1779262800,1352.7,1354.6,1352.2,1353.5,112842
1779263100,1353.5,1353.7,1352.2,1352.5,67217
1779263400,1353.0,1354.0,1352.1,1353.4,83671
1779263700,1353.5,1355.2,1352.0,1352.5,175559
1779264000,1352.5,1355.0,1352.2,1355.0,116092
1779264300,1355.0,1357.4,1353.7,1356.8,227024
1779264600,1356.8,1357.0,1354.7,1354.9,94797
1779264900,1355.4,1357.4,1354.9,1355.7,159400
1779265200,1355.5,1356.6,1354.3,1355.9,95186
1779265500,1355.9,1356.1,1354.5,1355.8,58642
1779265800,1356.1,1357.0,1355.4,1357.0,114483
1779266100,1357.0,1358.5,1354.7,1357.9,258289
1779266400,1358.0,1359.0,1357.6,1358.0,319786
1779266700,1358.1,1358.6,1356.7,1357.4,279239
1779267000,1357.4,1358.9,1356.6,1358.1,194102
1779267300,1358.4,1358.6,1356.5,1358.0,173287
1779267600,1358.3,1358.7,1358.0,1358.0,117261
1779267900,1358.2,1358.3,1357.0,1358.1,149899
1779268200,1358.2,1358.9,1358.0,1358.3,142009
1779268500,1358.8,1359.8,1358.7,1359.1,143983
1779268800,1359.0,1359.7,1358.2,1359.6,207012
1779269100,1359.6,1360.4,1359.4,1360.1,224559
1779269400,1360.0,1360.1,1357.4,1357.7,353437
1779269700,1357.7,1359.6,1357.3,1359.6,288076
1779270000,1359.6,1360.7,1359.3,1360.3,294286
1779270300,1360.2,1361.4,1359.5,1360.3,363657
1779270600,1360.3,1360.6,1359.5,1360.3,214918
1779270900,1360.4,1362.9,1359.8,1360.3,224247
1779335100,1367.2,1370.9,1361.1,1361.4,449530
1779335400,1361.1,1361.5,1358.4,1360.6,240460
1779335700,1360.6,1361.4,1359.2,1359.7,152173
1779336000,1359.7,1360.3,1357.0,1357.3,167463
1779336300,1357.4,1359.6,1356.9,1359.0,172873
1779336600,1359.2,1359.2,1356.1,1359.0,248010
1779336900,1359.0,1359.6,1357.9,1358.6,214607
1779337200,1358.6,1360.6,1357.9,1359.3,163479
1779337500,1359.2,1360.0,1355.9,1356.1,211544
1779337800,1356.2,1357.8,1355.2,1356.3,176971
1779338100,1356.4,1356.5,1354.1,1354.4,137905
1779338400,1354.7,1356.6,1354.0,1356.4,132222
1779338700,1356.5,1359.0,1356.3,1358.6,110687
1779339000,1358.5,1359.4,1356.7,1357.1,161361
1779339300,1357.1,1357.6,1355.4,1356.0,129401
1779339600,1356.1,1356.7,1353.1,1353.4,210527
1779339900,1353.2,1354.0,1351.4,1353.0,208504
1779340200,1353.5,1355.7,1352.9,1355.3,117200
1779340500,1355.8,1356.5,1352.0,1352.5,220959
1779340800,1352.5,1353.4,1352.0,1352.8,98832
1779341100,1352.8,1353.4,1351.0,1351.1,145570
1779341400,1351.0,1351.3,1350.0,1350.6,198072
1779341700,1350.6,1351.3,1349.3,1351.3,145580
1779342000,1351.3,1351.6,1350.0,1350.0,128279
1779342300,1350.0,1350.9,1348.5,1350.7,137207
1779342600,1350.7,1352.5,1350.1,1352.2,193221
1779342900,1352.2,1353.9,1351.6,1353.6,133244
1779343200,1353.2,1353.8,1351.8,1353.1,231961
1779343500,1353.1,1353.9,1352.1,1353.8,103352
1779343800,1353.8,1354.0,1352.0,1353.5,139888
1779344100,1353.5,1354.2,1353.1,1354.0,148983
1779344400,1354.0,1357.0,1353.9,1356.1,184834
1779344700,1356.5,1356.5,1354.0,1355.6,134277
1779345000,1355.7,1358.7,1355.7,1357.6,204144
1779345300,1357.7,1359.0,1357.2,1357.4,170595
1779345600,1357.5,1358.0,1354.2,1354.4,99160
1779345900,1354.2,1354.8,1351.8,1353.6,198943
1779346200,1353.6,1354.8,1352.0,1352.0,544263
1779346500,1352.1,1352.4,1348.6,1349.7,261586
1779346800,1350.1,1350.9,1348.7,1349.8,119049
1779347100,1349.5,1350.2,1346.5,1346.8,188859
1779347400,1346.6,1349.0,1345.2,1348.8,362357
1779347700,1348.7,1348.7,1345.3,1346.8,220923
1779348000,1346.6,1348.6,1346.6,1347.9,70508
1779348300,1348.5,1348.9,1347.5,1348.0,92717
1779348600,1348.0,1349.4,1346.2,1347.4,138111
1779348900,1347.6,1350.6,1347.0,1350.2,139090
1779349200,1350.3,1352.3,1348.9,1351.1,320674
1779349500,1351.1,1352.3,1350.8,1352.0,110603
1779349800,1351.8,1352.9,1349.9,1351.6,323076
1779350100,1351.6,1352.5,1351.1,1351.4,73827
1779350400,1351.9,1352.7,1350.5,1352.5,133258
1779350700,1352.5,1354.4,1351.8,1353.0,94072
1779351000,1353.0,1355.0,1352.8,1354.7,78849
1779351300,1354.5,1355.0,1353.5,1354.3,96852
1779351600,1354.3,1354.4,1352.2,1353.1,98108
1779351900,1353.5,1354.7,1351.2,1354.0,62844
1779352200,1354.2,1354.2,1350.9,1351.5,128745
1779352500,1351.3,1352.9,1351.2,1352.2,158553
1779352800,1352.1,1353.6,1351.6,1352.2,292128
1779353100,1352.2,1352.5,1351.0,1351.2,59750
1779353400,1351.5,1352.9,1351.2,1352.9,89294
1779353700,1352.9,1353.7,1350.2,1351.9,311392
1779354000,1351.9,1355.3,1350.1,1352.2,822614
1779354300,1352.4,1353.4,1351.8,1352.8,104801
1779354600,1353.0,1355.6,1352.4,1353.5,127790
1779354900,1353.8,1355.5,1352.9,1353.9,316564
1779355200,1353.5,1354.7,1352.0,1353.3,382807
1779355500,1353.2,1353.5,1351.1,1351.8,311580
1779355800,1352.0,1352.9,1349.5,1352.2,775375
1779356100,1352.2,1353.5,1348.6,1350.7,1298218
1779356400,1350.7,1351.0,1347.8,1348.0,784975
1779356700,1348.2,1349.4,1347.0,1347.6,529087
1779357000,1347.9,1349.3,1346.5,1347.0,368086
1779357300,1346.8,1349.2,1346.4,1349.0,254299
1779421500,1350.0,1354.9,1349.1,1352.6,377651
1779421800,1352.6,1355.8,1351.8,1354.7,228954
1779422100,1354.8,1357.9,1352.8,1356.8,178224
1779422400,1356.7,1357.8,1353.1,1355.9,110146
1779422700,1356.0,1356.9,1354.4,1355.0,94193
1779423000,1355.0,1355.0,1353.4,1353.9,79193
1779423300,1353.5,1354.1,1351.3,1352.0,64650
1779423600,1351.7,1355.0,1351.3,1354.2,106797
1779423900,1354.1,1356.7,1353.3,1356.1,64790
1779424200,1356.0,1356.5,1354.3,1354.4,66478
1779424500,1354.8,1355.7,1353.7,1355.6,53187
1779424800,1355.6,1356.0,1354.5,1355.2,32808
1779425100,1355.0,1355.3,1352.5,1352.5,45128
1779425400,1352.8,1355.6,1352.5,1353.9,53310
1779425700,1354.0,1354.8,1353.3,1353.4,54231
1779426000,1353.5,1354.3,1353.0,1353.4,27214
1779426300,1353.5,1354.1,1353.0,1353.7,48769
1779426600,1353.7,1355.2,1353.3,1355.0,97446
1779426900,1355.1,1355.7,1354.0,1354.5,69319
1779427200,1354.7,1356.0,1354.0,1355.0,72414
1779427500,1355.0,1357.3,1354.9,1357.1,77159
1779427800,1357.2,1357.2,1356.0,1356.5,42522
1779428100,1356.4,1356.9,1355.3,1355.9,39705
1779428400,1355.4,1356.1,1355.0,1355.4,41992
1779428700,1355.5,1355.7,1353.0,1353.9,62342
1779429000,1354.4,1355.8,1353.8,1355.0,47921
1779429300,1355.0,1355.5,1354.0,1354.6,44588
1779429600,1354.6,1355.7,1354.0,1355.0,65075
1779429900,1354.7,1356.5,1354.7,1356.4,52363
1779430200,1356.3,1358.5,1356.3,1358.2,103208
1779430500,1357.9,1359.4,1357.8,1357.9,186984
1779430800,1358.4,1358.6,1357.0,1358.2,54609
1779431100,1358.2,1359.2,1357.8,1359.1,49771
1779431400,1359.0,1359.2,1357.8,1358.1,70764
1779431700,1358.4,1360.6,1358.0,1359.2,158721
1779432000,1359.5,1360.9,1359.1,1360.1,142072
1779432300,1360.1,1360.3,1358.8,1358.9,34282
1779432600,1359.1,1359.1,1358.0,1358.3,30446
1779432900,1358.3,1359.0,1358.0,1358.7,32099
1779433200,1358.7,1358.8,1358.0,1358.7,48696
1779433500,1358.7,1360.0,1358.1,1360.0,58352
1779433800,1359.8,1361.8,1359.8,1360.5,76459
1779434100,1360.4,1366.0,1360.4,1364.3,262137
1779434400,1364.4,1364.7,1362.6,1364.0,102809
1779434700,1364.0,1364.6,1363.3,1364.2,52482
1779435000,1364.2,1367.4,1364.0,1367.0,122570
1779435300,1366.9,1367.0,1365.0,1365.3,50218
1779435600,1365.4,1365.4,1363.5,1364.6,65692
1779435900,1364.6,1364.8,1363.5,1364.2,48186
1779436200,1364.2,1364.4,1363.1,1363.6,81944
1779436500,1363.9,1364.4,1362.2,1362.2,90814
1779436800,1362.6,1363.2,1362.3,1363.0,72256
1779437100,1363.2,1363.3,1361.4,1362.4,78424
1779437400,1362.2,1362.7,1361.1,1361.7,76563
1779437700,1361.3,1362.6,1361.3,1361.8,71591
1779438000,1361.8,1362.0,1360.5,1361.3,84024
1779438300,1361.3,1361.3,1360.0,1360.4,72448
1779438600,1360.4,1361.0,1358.3,1359.0,77417
1779438900,1359.0,1359.4,1357.1,1358.8,81092
1779439200,1358.9,1359.8,1358.0,1359.6,80965
1779439500,1359.5,1359.8,1357.5,1357.8,57006
1779439800,1358.0,1358.0,1355.7,1357.1,67295
1779440100,1357.3,1359.3,1356.8,1358.0,316439
1779440400,1358.2,1358.2,1356.9,1357.8,134461
1779440700,1357.7,1357.7,1356.0,1356.8,101952
1779441000,1356.6,1358.1,1356.1,1356.3,76059
1779441300,1356.5,1357.8,1355.8,1356.7,41103
1779441600,1356.7,1357.1,1355.6,1356.0,29946
1779441900,1355.9,1356.0,1354.4,1354.9,55225
1779442200,1355.2,1355.4,1353.2,1353.7,188147
1779442500,1353.8,1355.2,1353.6,1353.8,196027
1779442800,1353.8,1354.0,1352.4,1353.3,184470
1779443100,1353.5,1354.9,1353.3,1354.9,174613
1779443400,1354.8,1356.8,1354.6,1355.9,209292
1779443700,1356.4,1358.7,1355.7,1358.0,157541
1779680700,1366.8,1371.1,1364.0,1364.6,384651
1779681000,1364.6,1367.0,1364.0,1364.6,153266
1779681300,1364.5,1365.0,1360.2,1360.7,132476
1779681600,1360.6,1361.3,1359.0,1360.5,135823
1779681900,1360.6,1360.7,1358.1,1359.0,114329
1779682200,1359.7,1359.7,1358.0,1359.4,91266
1779682500,1359.7,1361.1,1359.1,1361.0,93086
1779682800,1360.6,1362.0,1359.9,1361.3,106186
1779683100,1361.7,1362.0,1360.0,1360.1,77370
1779683400,1360.5,1361.3,1360.0,1360.7,50866
1779683700,1360.7,1362.1,1360.3,1361.3,46250
1779684000,1361.5,1363.1,1361.3,1362.1,64123
1779684300,1362.1,1363.6,1362.0,1363.1,63870
1779684600,1363.5,1364.4,1363.0,1363.3,64332
1779684900,1363.4,1363.4,1360.4,1360.5,73398
1779685200,1360.5,1361.5,1359.1,1360.4,57692
1779685500,1360.4,1362.5,1360.0,1362.1,50262
1779685800,1362.1,1362.5,1361.3,1362.0,44584
1779686100,1362.0,1362.0,1360.4,1360.8,78650
1779686400,1361.1,1361.7,1360.2,1361.5,47860
1779686700,1361.5,1361.8,1360.5,1361.3,35595
1779687000,1361.3,1362.0,1360.7,1361.9,52347
1779687300,1361.9,1362.8,1361.1,1361.6,70169
1779687600,1361.6,1362.4,1360.9,1362.2,32336
1779687900,1362.1,1362.4,1360.6,1361.1,64440
1779688200,1361.1,1361.9,1360.3,1361.9,37018
1779688500,1361.9,1362.0,1359.4,1360.7,116312
1779688800,1360.7,1360.7,1358.3,1358.3,76159
1779689100,1358.3,1359.4,1358.1,1359.4,46757
1779689400,1359.4,1360.0,1359.0,1359.1,33390
1779689700,1359.0,1360.0,1359.0,1359.9,71489
1779690000,1359.8,1361.0,1359.7,1360.3,47686
1779690300,1360.3,1360.3,1359.4,1359.4,28144
1779690600,1359.3,1359.7,1357.0,1359.7,91557
1779690900,1359.7,1361.1,1359.2,1360.4,93548
1779691200,1360.4,1361.1,1360.2,1360.8,42337
1779691500,1360.9,1361.1,1360.0,1360.5,115307
1779691800,1360.4,1361.5,1359.8,1361.2,102952
1779692100,1361.2,1361.8,1360.9,1361.0,65614
1779692400,1361.0,1361.5,1360.9,1361.5,31110
1779692700,1361.2,1361.6,1359.5,1359.8,71796
1779693000,1359.8,1360.0,1359.0,1359.6,153147
1779693300,1359.6,1359.9,1357.5,1358.4,103957
1779693600,1358.3,1360.0,1357.9,1360.0,77142
1779693900,1360.0,1360.0,1359.0,1359.8,35897
1779694200,1359.8,1360.7,1358.3,1359.9,46246
1779694500,1360.0,1363.8,1359.8,1363.8,164114
1779694800,1363.7,1364.0,1362.5,1363.9,133134
1779695100,1363.8,1365.8,1363.6,1365.1,125969
1779695400,1365.1,1365.2,1364.0,1364.8,96395
1779695700,1364.8,1364.8,1364.1,1364.5,78666
1779696000,1364.4,1365.3,1364.1,1365.3,84964
1779696300,1365.3,1365.3,1364.0,1364.0,65731
1779696600,1364.1,1364.1,1362.7,1363.0,128685
1779696900,1363.0,1363.9,1362.6,1363.6,44354
1779697200,1363.5,1364.0,1362.8,1362.9,43932
1779697500,1363.0,1363.4,1362.2,1363.0,96882
1779697800,1362.5,1364.5,1362.5,1364.3,59387
1779698100,1364.0,1364.4,1363.3,1363.6,78908
1779698400,1363.6,1363.7,1363.0,1363.1,73467
1779698700,1363.0,1363.2,1362.8,1363.1,81349
1779699000,1363.0,1364.0,1363.0,1363.6,48412
1779699300,1363.9,1365.0,1363.6,1364.6,49989
1779699600,1364.5,1364.8,1362.6,1363.4,111869
1779699900,1363.5,1365.3,1363.3,1365.0,56722
1779700200,1365.1,1365.3,1364.6,1365.1,54673
1779700500,1365.1,1367.4,1365.1,1366.0,150010
1779700800,1366.0,1367.5,1365.8,1367.0,106943
1779701100,1367.0,1367.2,1366.3,1366.7,92955
1779701400,1366.8,1367.9,1366.2,1367.6,153744
1779701700,1367.9,1368.0,1366.5,1367.3,213055
1779702000,1367.3,1368.7,1367.2,1368.5,140733
1779702300,1368.6,1368.8,1366.3,1366.5,163814
1779702600,1366.4,1366.5,1365.3,1366.4,213751
1779702900,1366.4,1367.0,1365.8,1366.4,106529
1779767100,1360.1,1362.9,1357.4,1362.5,301921
1779767400,1362.5,1364.6,1361.3,1362.0,194702
1779767700,1362.0,1363.1,1361.3,1361.8,127106
1779768000,1362.4,1363.8,1362.2,1363.0,99724
1779768300,1362.8,1363.4,1361.4,1362.6,107168
1779768600,1362.9,1363.1,1361.6,1362.0,63002
1779768900,1362.2,1363.0,1361.8,1362.6,67099
1779769200,1362.8,1363.9,1362.5,1363.0,86510
1779769500,1363.0,1365.6,1362.3,1365.0,143397
1779769800,1365.4,1365.5,1363.9,1365.3,147540
1779770100,1365.3,1367.0,1364.3,1366.4,149452
1779770400,1366.5,1366.9,1365.1,1365.9,157650
1779770700,1365.8,1367.4,1365.0,1366.8,199552
1779771000,1366.5,1367.3,1365.6,1367.0,81586
1779771300,1367.0,1367.4,1365.9,1366.6,71836
1779771600,1367.0,1367.4,1366.3,1367.3,61735
1779771900,1367.3,1368.5,1367.0,1368.0,99957
1779772200,1368.0,1368.0,1366.0,1366.0,62233
1779772500,1366.2,1366.3,1363.5,1364.0,66386
1779772800,1364.4,1365.2,1363.5,1364.7,76470
1779773100,1364.7,1364.9,1363.3,1363.3,92897
1779773400,1363.5,1363.8,1362.2,1362.7,81907
1779773700,1362.7,1363.0,1361.7,1362.9,46637
1779774000,1362.5,1363.5,1362.2,1362.2,59149
1779774300,1362.3,1362.6,1361.3,1362.0,67516
1779774600,1362.4,1362.5,1360.6,1361.0,53552
1779774900,1361.0,1361.7,1360.5,1361.0,41004
1779775200,1361.0,1362.3,1360.5,1361.9,38085
1779775500,1361.9,1362.8,1361.2,1362.5,91430
1779775800,1362.6,1363.5,1361.2,1361.6,67492
1779776100,1361.6,1362.6,1361.4,1361.9,102336
1779776400,1361.9,1363.3,1361.5,1362.8,144381
1779776700,1362.7,1364.0,1361.6,1362.1,103253
1779777000,1362.2,1363.1,1361.4,1362.3,138386
1779777300,1362.4,1363.3,1362.0,1362.2,73141
1779777600,1362.7,1362.7,1361.5,1361.5,26747
1779777900,1361.5,1362.5,1361.1,1362.0,39565
1779778200,1362.5,1362.8,1361.7,1362.1,38605
1779778500,1362.3,1362.4,1360.1,1360.4,31868
1779778800,1360.9,1361.7,1360.0,1360.2,74229
1779779100,1360.3,1361.3,1360.0,1360.9,68517
1779779400,1360.8,1360.9,1358.4,1359.2,113213
1779779700,1359.2,1359.6,1355.8,1356.6,193838
1779780000,1356.8,1359.2,1355.0,1358.6,125959
1779780300,1358.6,1360.8,1358.6,1360.7,125079
1779780600,1360.6,1360.8,1358.4,1358.5,194475
1779780900,1358.8,1361.0,1358.2,1360.2,229076
1779781200,1360.8,1361.8,1360.1,1361.3,53853
1779781500,1361.4,1362.6,1361.0,1362.5,144317
1779781800,1363.0,1363.0,1359.1,1359.1,306121
1779782100,1359.2,1362.9,1359.1,1362.3,627502
1779782400,1362.3,1363.4,1360.7,1362.0,256409
1779782700,1362.0,1362.2,1360.6,1361.2,65394
1779783000,1361.2,1361.9,1360.2,1360.2,62826
1779783300,1360.8,1361.5,1359.4,1359.6,178046
1779783600,1359.6,1359.8,1357.1,1358.3,82019
1779783900,1358.3,1358.9,1357.2,1358.0,52908
1779784200,1358.0,1358.3,1356.2,1357.2,69647
1779784500,1357.1,1358.8,1356.5,1357.0,210445
1779784800,1357.0,1357.0,1355.1,1356.2,756267
1779785100,1356.0,1357.9,1356.0,1357.5,86942
1779785400,1357.5,1358.6,1357.4,1358.6,109239
1779785700,1358.6,1359.1,1356.1,1357.9,276443
1779786000,1357.9,1358.0,1357.0,1357.3,237320
1779786300,1357.3,1357.7,1354.0,1354.6,497468
1779786600,1354.6,1355.9,1354.5,1355.5,141038
1779786900,1355.5,1355.5,1354.1,1354.8,78202
1779787200,1354.5,1355.2,1354.0,1354.7,92043
1779787500,1354.7,1356.1,1353.6,1355.0,146027
1779787800,1355.3,1357.6,1353.1,1355.6,780423
1779788100,1355.4,1360.6,1352.4,1360.2,1777431
1779788400,1360.2,1360.2,1354.8,1354.9,780940
1779788700,1354.9,1356.4,1354.5,1354.6,350808
1779789000,1355.0,1356.2,1354.9,1355.7,310374
1779789300,1356.0,1358.4,1355.7,1357.0,347779
1779853500,1353.0,1358.2,1351.2,1354.1,418025
1779853800,1354.1,1357.7,1354.0,1356.0,238138
1779854100,1356.0,1356.7,1353.1,1356.4,145086
1779854400,1356.3,1356.3,1352.0,1352.1,205238
1779854700,1352.0,1354.9,1350.5,1353.5,210212
1779855000,1353.7,1357.0,1353.3,1356.7,103870
1779855300,1357.0,1359.9,1355.7,1359.2,196619
1779855600,1359.4,1361.0,1356.0,1356.9,175769
1779855900,1356.4,1357.8,1355.0,1355.5,84639
1779856200,1355.4,1355.4,1354.1,1355.0,55869
1779856500,1355.4,1357.7,1354.6,1357.7,112095
1779856800,1357.7,1358.8,1356.2,1357.5,142640
1779857100,1357.5,1358.0,1355.6,1357.2,48009
1779857400,1357.0,1357.2,1354.1,1355.3,112923
1779857700,1355.6,1355.9,1354.7,1355.0,113815
1779858000,1355.0,1359.1,1354.9,1359.1,118665
1779858300,1359.1,1359.4,1358.1,1358.4,96835
1779858600,1358.5,1358.8,1355.8,1356.2,67847
1779858900,1356.1,1356.9,1352.5,1356.0,528546
1779859200,1356.5,1358.4,1355.5,1358.4,56136
1779859500,1357.8,1359.0,1357.4,1358.2,398135
1779859800,1358.3,1358.8,1357.2,1358.3,119837
1779860100,1358.3,1359.0,1357.2,1358.1,113255
1779860400,1358.1,1358.9,1356.9,1358.3,42722
1779860700,1358.1,1359.5,1357.4,1359.0,133100
1779861000,1359.0,1360.9,1359.0,1359.9,226281
1779861300,1359.9,1360.2,1358.1,1358.6,135078
1779861600,1358.6,1359.3,1357.6,1358.2,220268
1779861900,1358.2,1358.4,1355.2,1356.0,111415
1779862200,1356.0,1357.6,1355.7,1357.2,50889
1779862500,1357.1,1358.9,1356.5,1356.8,108432
1779862800,1356.8,1357.2,1355.5,1356.3,47902
1779863100,1356.1,1357.5,1355.9,1356.1,87514
1779863400,1356.5,1356.8,1355.1,1356.2,77013
1779863700,1356.2,1356.2,1354.5,1355.6,58990
1779864000,1355.7,1356.0,1354.5,1355.0,73288
1779864300,1355.0,1357.8,1355.0,1357.6,185209
1779864600,1357.8,1358.5,1356.3,1356.5,243755
1779864900,1357.0,1357.2,1354.7,1355.2,221920
1779865200,1354.8,1355.9,1354.5,1355.0,51504
1779865500,1355.0,1355.9,1354.5,1354.5,52708
1779865800,1354.6,1355.2,1353.8,1354.4,42295
1779866100,1354.2,1354.6,1353.6,1354.3,20182
1779866400,1354.5,1354.5,1352.2,1352.5,56654
1779866700,1352.6,1353.4,1352.4,1353.3,30528
1779867000,1353.3,1355.3,1352.6,1355.1,149712
1779867300,1355.0,1355.8,1353.8,1355.0,143194
1779867600,1355.0,1355.8,1353.1,1353.6,92335
1779867900,1353.6,1353.7,1352.7,1352.7,49240
1779868200,1352.9,1354.5,1352.6,1354.3,88511
1779868500,1354.4,1355.5,1354.2,1355.1,89716
1779868800,1355.4,1356.8,1355.1,1356.7,84718
1779869100,1356.6,1359.6,1356.6,1359.1,345905
1779869400,1359.0,1359.3,1355.1,1355.5,159042
1779869700,1355.1,1357.5,1354.5,1356.7,165260
1779870000,1356.6,1357.8,1356.3,1357.8,50897
1779870300,1357.8,1358.0,1357.1,1357.4,64294
1779870600,1357.4,1358.0,1356.5,1356.8,135512
1779870900,1356.8,1357.5,1356.0,1356.9,120977
1779871200,1356.9,1356.9,1355.1,1355.1,155125
1779871500,1355.2,1356.6,1353.6,1356.0,351636
1779871800,1356.0,1358.2,1355.6,1357.9,372192
1779872100,1358.0,1358.1,1351.5,1352.6,757382
1779872400,1352.6,1352.8,1351.5,1351.5,112684
1779872700,1351.6,1353.4,1351.0,1353.4,185928
1779873000,1353.3,1354.4,1350.0,1350.9,636828
1779873300,1350.9,1351.9,1350.2,1351.2,156742
1779873600,1351.2,1351.6,1348.7,1349.7,457282
1779873900,1349.5,1350.6,1349.3,1350.5,191653
1779874200,1350.4,1350.9,1348.8,1349.8,386363
1779874500,1349.5,1350.1,1348.6,1349.8,299496
1779874800,1349.8,1352.2,1348.9,1350.7,399756
1779875100,1350.7,1352.0,1349.8,1351.0,425157
1779875400,1351.1,1352.0,1351.0,1351.3,181704
1779875700,1351.2,1354.0,1351.0,1352.7,217874
1780026300,1364.0,1369.0,1359.3,1359.8,1127269
1780026600,1359.9,1360.0,1351.5,1351.5,662043
1780026900,1352.0,1352.8,1348.7,1351.0,571745
1780027200,1351.2,1351.5,1349.2,1350.5,284985
1780027500,1350.8,1352.1,1350.6,1351.4,223929
1780027800,1351.4,1351.5,1348.5,1349.4,201219
1780028100,1349.4,1351.1,1349.0,1350.8,117668
1780028400,1350.8,1351.5,1350.6,1351.0,149987
1780028700,1350.8,1351.2,1349.6,1350.4,127711
1780029000,1350.4,1352.1,1349.2,1352.0,155278
1780029300,1352.0,1353.4,1351.7,1352.6,200632
1780029600,1352.5,1353.4,1349.8,1350.0,841508
1780029900,1350.1,1350.4,1347.3,1349.2,218954
1780030200,1349.0,1349.9,1344.1,1345.9,481568
1780030500,1345.4,1346.9,1344.7,1344.9,373299
1780030800,1345.0,1349.8,1344.2,1349.8,206257
1780031100,1349.8,1349.8,1347.5,1348.0,275028
1780031400,1348.0,1348.0,1344.9,1345.2,307629
1780031700,1345.3,1345.4,1344.4,1345.0,171003
1780032000,1345.0,1345.2,1341.0,1341.8,329124
1780032300,1342.0,1343.1,1340.3,1342.2,259941
1780032600,1342.0,1342.9,1341.2,1341.6,106459
1780032900,1341.6,1342.6,1341.5,1341.9,111297
1780033200,1341.9,1342.9,1341.5,1342.5,74423
1780033500,1342.5,1344.3,1342.2,1342.9,116579
1780033800,1342.9,1343.9,1342.5,1343.6,92377
1780034100,1343.6,1343.6,1339.1,1339.7,295512
1780034400,1339.7,1340.6,1339.5,1340.0,103094
1780034700,1339.9,1341.7,1339.8,1340.0,2357747
1780035000,1340.0,1340.6,1338.0,1338.0,248963
1780035300,1338.2,1339.6,1337.1,1339.1,214779
1780035600,1338.7,1339.3,1335.7,1337.1,366896
1780035900,1337.1,1337.1,1335.4,1336.8,181078
1780036200,1336.6,1336.8,1335.9,1336.6,110249
1780036500,1336.6,1336.9,1335.7,1336.8,131868
1780036800,1336.7,1336.9,1335.0,1335.5,164214
1780037100,1335.5,1336.2,1334.0,1335.6,182463
1780037400,1335.6,1336.0,1335.2,1335.5,116201
1780037700,1335.9,1336.7,1335.5,1336.6,156567
1780038000,1336.6,1336.6,1335.0,1335.3,250054
1780038300,1335.3,1336.0,1335.2,1335.8,112788
1780038600,1335.9,1335.9,1335.1,1335.6,137324
1780038900,1335.6,1336.8,1335.4,1336.3,145123
1780039200,1336.3,1336.9,1335.8,1336.0,123290
1780039500,1336.2,1336.4,1334.7,1335.7,124870
1780039800,1335.7,1335.8,1334.6,1335.0,123674
1780040100,1334.9,1335.1,1334.0,1334.1,120928
1780040400,1334.0,1334.8,1331.0,1331.7,1804169
1780040700,1331.7,1333.5,1331.4,1333.4,113892
1780041000,1333.3,1334.0,1330.0,1330.5,307170
1780041300,1330.6,1330.7,1329.0,1329.4,214003
1780041600,1329.3,1330.2,1329.1,1330.1,150701
1780041900,1330.1,1330.8,1329.2,1329.7,152925
1780042200,1329.7,1332.5,1329.6,1332.3,174801
1780042500,1332.4,1332.6,1330.5,1330.8,249488
1780042800,1330.5,1331.1,1326.3,1328.9,467355
1780043100,1329.3,1330.4,1328.5,1330.0,130147
1780043400,1330.0,1330.4,1328.3,1328.5,140437
1780043700,1328.5,1328.5,1327.7,1328.3,94740
1780044000,1328.3,1329.4,1328.2,1329.1,103813
1780044300,1329.2,1329.2,1327.8,1327.8,124306
1780044600,1327.9,1328.8,1327.2,1328.1,160773
1780044900,1328.1,1330.7,1328.1,1330.2,210003
1780045200,1330.2,1331.0,1330.0,1330.2,95057
1780045500,1330.3,1331.2,1330.1,1330.5,102654
1780045800,1330.4,1331.7,1330.3,1330.8,103088
1780046100,1330.7,1331.0,1330.1,1330.1,96642
1780046400,1330.2,1330.3,1327.9,1328.8,355034
1780046700,1328.8,1328.8,1326.6,1327.5,261402
1780047000,1327.5,1328.5,1322.7,1324.8,4200568
1780047300,1324.8,1324.8,1319.0,1319.3,3757278
1780047600,1319.2,1322.7,1318.0,1319.7,4093812
1780047900,1319.7,1322.1,1319.1,1320.0,3514585
1780048200,1320.1,1321.9,1318.0,1321.2,4083082
1780048500,1321.2,1324.9,1317.0,1321.9,3425549
1780285500,1332.5,1335.5,1323.7,1324.0,881143
1780285800,1323.8,1326.1,1320.8,1321.7,277854
1780286100,1321.5,1326.5,1321.5,1324.9,210927
1780286400,1325.0,1329.6,1324.9,1328.8,219401
1780286700,1329.1,1332.8,1326.4,1331.2,187768
1780287000,1331.2,1332.6,1327.4,1327.7,99982
1780287300,1327.7,1328.5,1326.3,1326.9,64926
1780287600,1326.7,1328.8,1326.5,1328.4,53310
1780287900,1328.5,1328.9,1327.2,1327.2,55151
1780288200,1327.1,1327.1,1325.3,1326.5,70287
1780288500,1326.6,1327.9,1326.0,1327.5,67541
1780288800,1327.6,1327.8,1325.2,1326.6,67137
1780289100,1326.5,1327.8,1325.5,1327.5,51575
1780289400,1327.4,1327.7,1326.2,1327.2,34732
1780289700,1326.8,1327.2,1325.1,1325.5,51761
1780290000,1325.5,1325.6,1324.2,1324.9,78043
1780290300,1324.7,1324.9,1323.0,1323.7,60126
1780290600,1323.8,1324.3,1321.8,1322.2,107165
1780290900,1322.2,1324.4,1320.5,1323.7,132660
1780291200,1323.6,1325.0,1322.8,1324.8,86981
1780291500,1324.8,1324.8,1323.3,1323.4,69479
1780291800,1323.3,1326.1,1323.3,1325.9,70820
1780292100,1325.5,1327.9,1325.3,1327.1,80694
1780292400,1327.4,1328.7,1326.6,1328.5,144583
1780292700,1328.1,1328.5,1326.5,1327.6,73746
1780293000,1327.4,1327.9,1326.1,1326.7,63037
1780293300,1326.2,1327.7,1326.2,1327.4,38564
1780293600,1327.5,1327.5,1325.1,1325.6,58411
1780293900,1325.3,1327.1,1325.3,1326.8,106670
1780294200,1326.8,1327.0,1326.0,1326.5,34777
1780294500,1326.4,1326.6,1325.3,1326.4,81556
1780294800,1326.0,1330.4,1326.0,1329.9,174818
1780295100,1329.5,1329.9,1325.6,1326.7,198895
1780295400,1326.7,1327.5,1325.1,1327.3,246645
1780295700,1327.0,1328.8,1325.4,1325.8,278717
1780296000,1326.2,1327.0,1323.9,1326.5,297310
1780296300,1326.5,1326.5,1323.2,1324.5,125779
1780296600,1324.6,1324.6,1322.1,1323.0,168590
1780296900,1323.0,1324.2,1322.1,1323.2,121050
1780297200,1323.0,1325.6,1322.8,1325.0,128186
1780297500,1324.6,1328.4,1324.6,1327.1,93698
1780297800,1327.0,1327.8,1326.0,1327.4,96488
1780298100,1327.3,1328.0,1327.1,1328.0,36165
1780298400,1328.0,1328.1,1327.0,1327.9,54132
1780298700,1328.0,1328.9,1327.3,1328.3,129440
1780299000,1328.5,1329.0,1326.0,1326.5,74779
1780299300,1326.5,1326.5,1324.6,1325.5,112836
1780299600,1325.1,1325.4,1322.4,1323.0,117746
1780299900,1323.0,1325.0,1323.0,1324.3,83736
1780300200,1324.6,1324.7,1323.0,1323.3,55993
1780300500,1323.3,1323.9,1322.7,1323.9,69801
1780300800,1323.7,1324.0,1323.3,1324.0,51166
1780301100,1323.1,1324.9,1322.9,1324.7,108351
1780301400,1324.6,1324.9,1323.7,1324.4,100440
1780301700,1324.4,1324.9,1321.5,1321.7,207338
1780302000,1321.6,1322.7,1320.2,1322.3,283621
1780302300,1322.1,1323.7,1321.7,1323.5,113001
1780302600,1323.4,1323.6,1320.5,1320.8,117355
1780302900,1320.8,1321.7,1320.0,1320.8,98582
1780303200,1320.4,1321.8,1320.3,1320.9,89832
1780303500,1321.0,1322.0,1319.4,1321.9,203875
1780303800,1321.6,1321.8,1319.1,1319.5,119801
1780304100,1319.2,1320.5,1318.6,1319.4,233255
1780304400,1319.2,1321.2,1318.8,1320.3,162093
1780304700,1320.2,1321.3,1320.0,1320.4,87513
1780305000,1320.5,1321.8,1320.3,1321.4,93850
1780305300,1321.5,1323.1,1321.2,1321.8,136772
1780305600,1322.0,1322.0,1319.9,1321.2,173456
1780305900,1321.2,1321.6,1320.0,1320.8,177909
1780306200,1320.9,1320.9,1319.1,1319.5,294420
1780306500,1319.4,1320.5,1319.0,1320.2,275873
1780306800,1320.2,1321.0,1319.7,1319.7,247279
1780307100,1319.8,1321.0,1319.6,1320.3,284229
1780307400,1320.5,1320.5,1319.0,1319.9,280131
1780307700,1319.8,1321.8,1318.5,1320.9,304739
1780371900,1307.7,1319.3,1307.5,1318.4,733339
1780372200,1318.1,1320.2,1316.0,1318.7,321713
1780372500,1318.7,1320.0,1317.0,1318.2,157434
1780372800,1318.7,1318.7,1316.4,1317.4,132905
1780373100,1317.3,1317.9,1315.7,1317.3,236666
1780373400,1317.3,1317.6,1315.3,1317.6,187725
1780373700,1317.5,1318.1,1316.4,1317.8,138177
1780374000,1317.3,1319.0,1317.2,1317.5,371947
1780374300,1317.9,1321.7,1317.1,1317.2,474320
1780374600,1317.9,1317.9,1314.7,1315.2,150190
1780374900,1314.7,1316.0,1313.3,1314.7,175045
1780375200,1314.8,1314.8,1312.0,1312.3,136561
1780375500,1312.4,1313.8,1311.3,1313.6,185635
1780375800,1313.6,1315.8,1313.0,1314.7,206430
1780376100,1314.6,1315.7,1314.0,1314.8,204881
1780376400,1314.9,1314.9,1312.3,1312.7,163112
1780376700,1312.7,1313.9,1312.1,1313.8,195110
1780377000,1313.8,1313.8,1312.2,1312.3,211553
1780377300,1312.0,1312.4,1310.2,1310.5,143333
1780377600,1310.3,1311.0,1309.0,1309.6,238147
1780377900,1309.1,1309.6,1306.1,1307.7,498786
1780378200,1307.4,1307.7,1305.2,1306.0,171605
1780378500,1306.0,1306.9,1305.9,1306.2,126583
1780378800,1306.2,1307.5,1305.7,1307.1,150901
1780379100,1307.1,1307.7,1305.5,1306.0,151719
1780379400,1306.0,1308.5,1305.9,1308.0,121054
1780379700,1308.1,1308.5,1306.1,1307.0,127013
1780380000,1307.1,1307.1,1305.0,1305.3,156216
1780380300,1305.1,1305.1,1301.4,1301.6,249844
1780380600,1301.6,1305.2,1301.5,1303.4,362026
1780380900,1303.4,1303.5,1301.5,1303.4,450199
1780381200,1303.3,1304.2,1300.5,1301.0,375618
1780381500,1301.1,1302.0,1300.3,1300.5,210356
1780381800,1300.6,1304.1,1300.3,1303.4,244465
1780382100,1303.4,1304.3,1303.0,1304.0,107952
1780382400,1303.8,1304.5,1302.0,1302.4,124772
1780382700,1302.4,1304.5,1302.0,1303.4,147064
1780383000,1303.4,1305.9,1303.3,1305.5,288791
1780383300,1305.5,1306.0,1301.5,1302.1,424322
1780383600,1302.1,1305.6,1301.0,1304.2,380670
1780383900,1304.0,1305.1,1301.8,1303.7,565866
1780384200,1303.7,1304.2,1302.0,1304.2,192626
1780384500,1304.2,1308.9,1304.0,1308.7,455227
1780384800,1308.6,1310.5,1308.5,1310.3,323498
1780385100,1310.1,1313.5,1310.1,1312.7,313909
1780385400,1312.2,1313.9,1311.2,1313.6,162030
1780385700,1313.8,1315.9,1312.8,1315.9,196672
1780386000,1315.6,1318.8,1315.1,1317.5,217752
1780386300,1317.1,1322.0,1317.1,1321.1,384864
1780386600,1321.4,1324.1,1321.1,1322.7,231603
1780386900,1322.8,1323.4,1321.5,1323.2,138741
1780387200,1323.2,1327.8,1322.4,1327.0,387054
1780387500,1327.0,1327.0,1323.3,1323.6,203818
1780387800,1323.7,1324.2,1321.9,1322.4,139629
1780388100,1322.4,1323.5,1321.9,1322.8,161215
1780388400,1322.8,1323.0,1320.4,1321.6,160108
1780388700,1321.6,1322.4,1321.2,1322.0,128456
1780389000,1321.7,1323.0,1321.5,1322.4,139090
1780389300,1322.4,1323.9,1321.6,1322.6,171487
1780389600,1322.7,1323.2,1321.3,1322.6,139583
1780389900,1322.3,1322.9,1321.6,1321.8,116096
1780390200,1321.8,1324.0,1319.6,1321.4,563592
1780390500,1321.3,1323.9,1318.1,1320.7,1229687
1780390800,1320.9,1321.2,1318.2,1319.4,485624
1780391100,1319.4,1319.8,1314.5,1314.6,295734
1780391400,1314.8,1315.3,1313.1,1313.8,323300
1780391700,1313.8,1314.7,1312.5,1313.7,205340
1780392000,1313.7,1315.0,1313.3,1314.7,400543
1780392300,1314.7,1314.7,1313.1,1313.5,184359
1780392600,1313.5,1315.6,1311.9,1313.9,1118350
1780392900,1313.8,1315.7,1312.4,1314.1,1753477
1780393200,1314.3,1315.3,1313.5,1313.9,623204
1780393500,1313.6,1317.4,1313.4,1315.9,500976
1780393800,1316.0,1319.0,1314.6,1319.0,515214
1780394100,1318.9,1321.0,1318.0,1321.0,373714
1780458300,1315.0,1324.0,1308.5,1308.8,1159627
1780458600,1309.0,1310.0,1307.1,1308.0,256362
1780458900,1308.1,1309.1,1305.3,1307.7,261670
1780459200,1307.8,1309.1,1306.0,1306.5,177775
1780459500,1306.5,1308.0,1306.0,1306.9,131302
1780459800,1306.6,1309.8,1306.6,1309.1,142612
1780460100,1309.2,1309.2,1306.2,1307.1,130744
1780460400,1307.1,1309.4,1306.5,1306.7,158414
1780460700,1306.8,1306.8,1304.4,1305.9,197162
1780461000,1306.1,1306.7,1305.4,1305.8,168084
1780461300,1306.0,1306.0,1304.6,1304.6,103341
1780461600,1304.7,1305.5,1303.3,1305.1,122657
1780461900,1305.9,1308.1,1305.4,1307.4,326343
1780462200,1307.6,1311.7,1307.5,1309.8,211255
1780462500,1310.1,1311.4,1308.5,1308.9,101399
1780462800,1308.9,1309.2,1308.2,1308.6,61552
1780463100,1308.8,1309.3,1308.0,1309.0,75021
1780463400,1308.9,1309.2,1307.0,1308.1,216835
1780463700,1308.4,1308.9,1307.6,1308.6,64362
1780464000,1308.9,1308.9,1306.1,1306.7,72252
1780464300,1306.6,1307.0,1306.0,1306.1,182680
1780464600,1306.2,1306.5,1305.1,1306.3,218626
1780464900,1306.4,1306.4,1303.9,1304.0,262842
1780465200,1304.0,1304.9,1304.0,1304.5,98998
1780465500,1304.7,1305.0,1304.0,1304.9,231562
1780465800,1304.9,1304.9,1304.2,1304.6,220568
1780466100,1304.6,1305.0,1303.1,1303.5,264767
1780466400,1303.5,1304.6,1303.1,1303.5,111349
1780466700,1303.8,1303.9,1301.0,1302.5,384457
1780467000,1302.7,1304.0,1301.1,1303.5,114917
1780467300,1303.7,1304.5,1303.3,1304.4,220885
1780467600,1304.4,1304.7,1302.0,1304.3,146779
1780467900,1304.4,1304.4,1302.5,1302.8,124006
1780468200,1303.2,1304.0,1301.3,1303.4,111265
1780468500,1303.4,1304.2,1302.1,1303.0,172610
1780468800,1303.0,1303.0,1302.3,1302.8,52091
1780469100,1302.7,1302.9,1302.0,1302.7,144809
1780469400,1302.6,1303.0,1301.3,1301.9,301048
1780469700,1301.9,1303.5,1301.2,1302.9,689142
1780470000,1303.0,1306.6,1302.8,1306.1,387703
1780470300,1306.1,1309.4,1306.0,1307.9,398830
1780470600,1307.9,1310.0,1307.9,1308.5,170568
1780470900,1308.5,1309.0,1307.0,1307.3,77594
1780471200,1307.4,1308.9,1305.8,1305.9,186414
1780471500,1306.0,1307.0,1305.6,1306.5,184813
1780471800,1306.5,1307.5,1305.7,1306.1,149138
1780472100,1306.2,1306.7,1305.2,1306.0,159242
1780472400,1306.0,1306.8,1305.0,1306.6,130435
1780472700,1307.6,1308.0,1305.6,1305.7,330928
1780473000,1305.8,1308.0,1305.6,1306.5,438619
1780473300,1306.5,1309.2,1306.0,1309.0,325682
1780473600,1308.9,1309.4,1308.0,1308.9,96807
1780473900,1308.8,1310.7,1308.0,1309.0,190363
1780474200,1309.2,1310.9,1306.1,1307.5,444590
1780474500,1307.3,1314.9,1307.2,1313.2,512988
1780474800,1313.2,1313.3,1309.6,1311.5,353278
1780475100,1311.5,1311.5,1309.3,1310.9,110397
1780475400,1311.0,1314.0,1310.9,1313.9,158296
1780475700,1314.0,1314.5,1312.0,1313.0,146510
1780476000,1313.1,1315.7,1312.9,1314.8,282084
1780476300,1314.9,1315.7,1314.2,1314.3,221807
1780476600,1314.2,1318.0,1313.7,1317.0,395726
1780476900,1317.1,1317.1,1315.1,1315.9,205540
1780477200,1316.0,1317.5,1315.0,1315.4,486091
1780477500,1315.8,1315.8,1312.6,1315.3,286137
1780477800,1315.3,1315.7,1314.4,1315.4,202409
1780478100,1315.5,1315.9,1314.6,1315.1,236619
1780478400,1315.2,1317.3,1314.0,1316.5,1079016
1780478700,1316.4,1316.6,1313.4,1314.3,286149
1780479000,1314.3,1315.5,1311.7,1314.4,534407
1780479300,1314.4,1314.4,1311.2,1311.2,410592
1780479600,1311.5,1313.6,1310.5,1313.6,293527
1780479900,1313.4,1314.5,1313.0,1313.3,847350
1780480200,1313.2,1314.1,1312.2,1313.8,312175
1780480500,1313.8,1313.8,1311.6,1312.6,680051
1780544700,1301.0,1309.6,1300.1,1303.8,1809384
1780545000,1303.7,1308.6,1303.0,1306.7,314422
1780545300,1306.2,1308.0,1305.1,1306.5,161605
1780545600,1306.2,1306.9,1304.2,1305.0,153466
1780545900,1304.8,1307.0,1304.7,1305.0,88446
1780546200,1305.4,1307.0,1304.7,1306.5,78166
1780546500,1306.9,1307.3,1305.8,1306.2,88919
1780546800,1306.5,1306.9,1305.8,1306.5,69196
1780547100,1307.0,1311.2,1306.5,1308.8,332573
1780547400,1308.6,1310.9,1308.2,1308.8,195310
1780547700,1309.0,1310.4,1308.6,1309.4,105777
1780548000,1309.5,1310.0,1307.1,1307.6,157711
1780548300,1307.6,1307.8,1305.6,1306.0,125339
1780548600,1306.0,1307.7,1305.7,1306.7,164714
1780548900,1306.7,1307.1,1305.0,1305.3,145144
1780549200,1305.1,1305.3,1302.4,1302.7,245500
1780549500,1302.8,1304.5,1301.7,1303.4,198084
1780549800,1303.4,1304.6,1302.7,1304.0,140279
1780550100,1303.8,1305.4,1303.0,1303.7,139064
1780550400,1303.8,1304.7,1303.4,1303.6,118381
1780550700,1303.5,1304.6,1303.4,1303.9,93009
1780551000,1303.9,1304.0,1302.1,1303.1,160451
1780551300,1303.0,1303.8,1302.1,1303.5,89961
1780551600,1303.8,1304.0,1303.0,1303.6,76075
1780551900,1303.9,1303.9,1302.4,1302.4,118709
1780552200,1302.7,1303.3,1302.0,1302.5,151703
1780552500,1302.2,1303.3,1302.0,1303.0,114833
1780552800,1302.9,1304.0,1302.0,1304.0,133009
1780553100,1303.9,1305.0,1303.8,1304.8,206616
1780553400,1304.9,1307.5,1304.5,1307.0,318796
1780553700,1307.4,1308.4,1306.3,1306.7,259456
1780554000,1306.7,1308.5,1306.0,1306.0,217499
1780554300,1306.0,1307.7,1304.2,1304.2,791805
1780554600,1304.6,1306.4,1304.0,1306.1,125983
1780554900,1306.0,1308.4,1305.6,1307.8,547762
1780555200,1307.9,1308.0,1304.0,1304.3,628418
1780555500,1303.9,1305.6,1303.6,1304.6,281003
1780555800,1304.6,1304.6,1304.0,1304.4,87252
1780556100,1304.0,1304.4,1303.2,1303.8,103266
1780556400,1303.7,1303.9,1302.3,1302.7,124429
1780556700,1302.9,1304.1,1302.1,1303.8,125971
1780557000,1303.6,1303.8,1301.0,1301.0,334190
1780557300,1301.0,1303.2,1301.0,1302.0,164764
1780557600,1302.0,1302.2,1301.0,1301.5,660280
1780557900,1301.5,1302.4,1301.3,1301.6,127976
1780558200,1301.6,1302.9,1300.8,1300.8,393759
1780558500,1301.0,1301.4,1300.1,1301.0,185735
1780558800,1301.0,1301.5,1295.1,1295.2,736764
1780559100,1295.1,1297.4,1293.4,1296.8,435813
1780559400,1297.0,1298.1,1293.1,1295.0,1043713
1780559700,1295.0,1298.3,1294.3,1298.0,215168
1780560000,1298.0,1298.6,1297.0,1298.1,65929
1780560300,1298.1,1299.2,1297.8,1299.2,69598
1780560600,1299.2,1299.3,1297.7,1298.0,104835
1780560900,1297.9,1300.9,1296.7,1300.3,183750
1780561200,1300.6,1301.2,1299.6,1300.0,232246
1780561500,1300.2,1301.3,1299.3,1300.4,102249
1780561800,1300.2,1303.4,1299.6,1302.5,590875
1780562100,1302.4,1304.1,1301.2,1304.0,323164
1780562400,1303.7,1304.4,1302.5,1302.6,179620
1780562700,1302.6,1303.4,1302.5,1303.3,181066
1780563000,1303.3,1303.7,1301.4,1302.2,192306
1780563300,1302.2,1303.0,1301.9,1302.5,91323
1780563600,1302.5,1304.4,1302.1,1303.3,324790
1780563900,1303.4,1303.9,1302.6,1303.9,146701
1780564200,1303.9,1306.8,1303.9,1305.4,295861
1780564500,1305.4,1307.0,1304.5,1305.0,285410
1780564800,1305.0,1305.0,1301.7,1302.0,473019
1780565100,1302.0,1302.2,1301.4,1302.1,223920
1780565400,1302.1,1303.5,1299.8,1301.0,2129287
1780565700,1300.5,1305.1,1300.5,1305.1,956581
1780566000,1305.0,1306.5,1304.2,1306.2,727009
1780566300,1306.8,1306.8,1304.6,1305.5,450982
1780566600,1304.9,1306.9,1304.6,1306.3,524934
1780566900,1306.5,1308.5,1305.1,1308.0,489624
1780631100,1304.5,1306.0,1300.3,1300.6,561723
1780631400,1300.6,1301.4,1298.5,1299.7,282915
1780631700,1299.7,1300.0,1298.4,1299.5,107755
1780632000,1299.5,1300.7,1299.1,1300.5,151721
1780632300,1300.3,1302.4,1300.1,1301.8,177432
1780632600,1301.3,1302.1,1299.7,1300.0,541678
1780632900,1300.0,1300.6,1299.6,1300.0,273496
1780633200,1299.9,1300.5,1299.7,1300.0,142381
1780633500,1300.0,1300.8,1299.6,1299.9,138194
1780633800,1299.9,1300.9,1298.0,1299.9,158453
1780634100,1299.7,1300.0,1298.7,1299.8,76430
1780634400,1299.8,1301.1,1299.4,1300.0,198057
1780634700,1300.0,1300.0,1299.1,1300.0,73522
1780635000,1300.0,1300.5,1299.2,1300.5,67440
1780635300,1300.2,1300.6,1299.1,1299.2,139169
1780635600,1299.2,1299.6,1297.5,1297.8,124681
1780635900,1297.6,1298.0,1294.6,1295.4,301560
1780636200,1295.4,1295.7,1294.0,1295.0,117180
1780636500,1294.8,1295.5,1293.3,1295.5,176865
1780636800,1295.5,1295.9,1294.2,1295.0,105946
1780637100,1294.9,1295.0,1293.4,1294.0,303863
1780637400,1293.8,1296.9,1293.7,1296.9,349263
1780637700,1296.9,1299.9,1296.4,1296.5,297020
1780638000,1296.6,1298.0,1295.6,1297.0,201100
1780638300,1296.8,1297.0,1294.1,1294.8,175242
1780638600,1294.7,1295.1,1293.8,1294.4,127502
1780638900,1294.3,1295.5,1294.1,1295.5,174541
1780639200,1295.4,1296.0,1294.4,1294.5,126936
1780639500,1294.6,1295.0,1293.6,1294.0,96383
1780639800,1294.0,1295.7,1293.7,1294.2,296357
1780640100,1294.4,1294.9,1293.6,1294.2,102135
1780640400,1294.2,1294.7,1293.8,1294.5,90284
1780640700,1294.3,1295.0,1294.0,1294.2,123053
1780641000,1294.1,1295.8,1294.0,1295.8,83823
1780641300,1295.6,1296.4,1295.0,1295.7,526215
1780641600,1295.9,1296.5,1295.0,1296.5,143565
1780641900,1296.4,1298.5,1296.0,1297.5,175836
1780642200,1297.5,1299.3,1297.4,1299.0,161796
1780642500,1299.0,1301.0,1298.2,1300.0,303203
1780642800,1300.2,1301.5,1299.2,1299.7,246930
1780643100,1299.7,1300.0,1297.4,1299.6,199375
1780643400,1299.6,1299.7,1294.6,1295.2,1223451
1780643700,1295.2,1296.3,1295.0,1295.4,109604
1780644000,1295.3,1295.9,1294.2,1294.8,138313
1780644300,1295.0,1295.6,1294.8,1295.2,76742
1780644600,1295.3,1295.9,1294.8,1295.6,76407
1780644900,1295.8,1295.8,1293.2,1293.6,185274
1780645200,1293.6,1293.7,1290.0,1290.9,666352
1780645500,1290.9,1292.8,1290.3,1292.6,156064
1780645800,1292.7,1293.4,1289.2,1289.8,352326
1780646100,1289.7,1291.5,1289.2,1289.8,168229
1780646400,1289.6,1290.1,1288.0,1289.5,1193055
1780646700,1289.2,1291.3,1289.1,1291.0,158356
1780647000,1290.9,1291.6,1289.5,1290.5,136235
1780647300,1290.0,1292.0,1290.0,1291.8,100772
1780647600,1291.8,1292.8,1291.1,1292.0,385262
1780647900,1292.4,1292.5,1291.3,1291.7,90073
1780648200,1291.8,1292.2,1291.0,1291.3,220768
1780648500,1291.3,1292.0,1291.1,1291.7,98626
1780648800,1291.9,1292.0,1291.1,1292.0,77270
1780649100,1291.6,1292.0,1290.6,1291.8,243740
1780649400,1291.7,1292.0,1290.8,1291.9,81269
1780649700,1291.9,1293.1,1291.7,1293.1,191667
1780650000,1293.1,1293.8,1292.5,1292.7,111214
1780650300,1292.9,1293.0,1291.0,1291.4,145567
1780650600,1291.5,1294.6,1291.0,1294.5,184142
1780650900,1294.5,1295.5,1293.5,1294.0,234844
1780651200,1293.9,1294.2,1292.2,1292.9,204690
1780651500,1292.9,1293.0,1291.0,1291.3,189977
1780651800,1291.5,1291.7,1289.5,1289.6,507647
1780652100,1289.6,1290.5,1289.4,1289.8,370575
1780652400,1290.0,1292.0,1289.8,1291.8,316649
1780652700,1291.7,1293.0,1291.0,1291.8,373521
1780653000,1291.8,1292.0,1290.4,1291.4,377878
1780653300,1291.1,1292.8,1290.8,1291.5,350119
1780890300,1277.0,1281.5,1275.4,1276.8,595775
1780890600,1276.8,1277.4,1274.4,1275.5,385751
1780890900,1275.5,1276.3,1273.5,1275.0,252501
1780891200,1275.0,1277.7,1274.7,1277.6,297886
1780891500,1277.6,1277.7,1275.6,1277.7,363201
1780891800,1277.8,1279.8,1277.1,1278.3,161927
1780892100,1278.3,1280.2,1277.7,1278.1,200271
1780892400,1278.1,1280.0,1277.0,1279.7,139310
1780892700,1279.7,1282.6,1279.6,1281.4,184943
1780893000,1281.5,1282.0,1279.2,1280.9,160755
1780893300,1280.7,1281.7,1280.4,1281.4,75520
1780893600,1281.2,1281.4,1279.0,1279.3,103162
1780893900,1279.3,1279.8,1277.8,1279.0,692924
1780894200,1279.0,1279.0,1277.0,1277.3,277860
1780894500,1277.4,1277.4,1275.1,1275.3,108685
1780894800,1275.3,1277.2,1275.1,1276.7,102415
1780895100,1276.6,1276.7,1275.0,1275.4,225695
1780895400,1275.4,1276.7,1275.0,1275.0,221427
1780895700,1275.0,1276.1,1274.2,1276.0,110510
1780896000,1276.0,1276.8,1274.3,1274.9,357136
1780896300,1274.9,1276.8,1274.4,1276.5,120459
1780896600,1276.5,1276.5,1276.0,1276.4,62742
1780896900,1276.3,1276.6,1275.5,1276.5,157399
1780897200,1276.5,1277.0,1275.5,1276.0,195440
1780897500,1276.0,1276.8,1274.1,1275.5,210523
1780897800,1275.4,1276.5,1275.0,1275.7,107190
1780898100,1275.7,1275.8,1275.0,1275.7,59041
1780898400,1275.7,1276.7,1275.1,1276.3,134353
1780898700,1276.0,1276.3,1275.4,1276.1,60641
1780899000,1275.9,1276.1,1275.1,1275.6,63619
1780899300,1275.6,1276.8,1275.2,1276.7,130320
1780899600,1276.6,1276.7,1275.3,1276.4,137609
1780899900,1276.4,1276.4,1274.3,1275.1,192889
1780900200,1275.1,1275.3,1274.2,1275.1,69946
1780900500,1275.0,1275.4,1274.3,1275.4,81456
1780900800,1275.3,1276.1,1275.0,1275.2,103271
1780901100,1275.3,1276.0,1274.8,1275.2,97445
1780901400,1275.2,1276.2,1274.6,1275.9,77684
1780901700,1275.9,1275.9,1275.0,1275.0,77652
1780902000,1274.9,1275.8,1274.9,1275.4,119756
1780902300,1275.2,1275.7,1275.0,1275.6,96847
1780902600,1275.6,1276.2,1275.1,1275.9,112780
1780902900,1275.9,1277.0,1275.4,1277.0,181846
1780903200,1276.9,1277.7,1276.0,1277.1,154187
1780903500,1277.1,1277.5,1276.7,1277.2,81910
1780903800,1277.0,1277.2,1275.5,1275.9,98637
1780904100,1275.8,1275.9,1274.1,1274.8,119500
1780904400,1274.7,1274.7,1274.0,1274.1,83359
1780904700,1274.1,1275.0,1273.8,1274.2,79101
1780905000,1274.2,1274.2,1272.0,1272.6,175487
1780905300,1272.6,1272.6,1270.6,1272.0,237130
1780905600,1271.9,1272.5,1271.0,1271.3,105930
1780905900,1271.2,1272.5,1270.7,1272.3,789443
1780906200,1272.5,1272.5,1271.2,1272.0,104383
1780906500,1272.0,1272.4,1271.1,1272.1,173476
1780906800,1272.1,1272.8,1271.4,1272.6,180566
1780907100,1272.5,1272.9,1271.5,1272.7,138986
1780907400,1272.8,1272.8,1271.8,1272.1,162806
1780907700,1272.1,1272.3,1270.2,1270.4,200328
1780908000,1270.6,1270.9,1270.5,1270.6,81046
1780908300,1270.6,1271.0,1270.2,1270.7,127301
1780908600,1270.5,1270.8,1268.0,1268.8,269683
1780908900,1268.8,1268.8,1267.0,1267.1,115344
1780909200,1267.1,1269.4,1267.0,1268.7,120593
1780909500,1268.7,1270.4,1268.3,1269.2,88061
1780909800,1268.5,1271.0,1268.0,1270.6,147113
1780910100,1270.6,1270.6,1267.2,1268.0,330834
1780910400,1267.6,1268.8,1267.0,1268.3,169767
1780910700,1268.4,1268.4,1265.0,1265.7,332605
1780911000,1265.6,1265.7,1263.1,1264.9,417721
1780911300,1264.9,1266.0,1263.0,1265.0,786620
1780911600,1265.0,1265.5,1264.1,1264.9,278248
1780911900,1265.1,1265.2,1262.0,1262.4,1281081
1780912200,1262.9,1263.0,1260.0,1261.0,665798
1780912500,1261.0,1263.0,1259.2,1262.8,506671
1780976700,1269.0,1273.1,1265.1,1271.9,460750
1780977000,1271.8,1274.2,1270.7,1271.8,158099
1780977300,1271.7,1271.8,1269.0,1269.7,144201
1780977600,1269.8,1270.8,1269.0,1269.6,133998
1780977900,1269.6,1272.0,1269.3,1271.4,212711
1780978200,1271.4,1272.0,1269.7,1270.0,538577
1780978500,1270.0,1271.5,1269.9,1270.1,76187
1780978800,1270.0,1271.3,1270.0,1271.3,67481
1780979100,1271.3,1271.3,1269.0,1269.5,75230
1780979400,1269.8,1270.0,1268.1,1268.1,71692
1780979700,1268.4,1269.6,1268.4,1269.4,58928
1780980000,1269.5,1269.7,1268.5,1269.5,74671
1780980300,1269.4,1269.6,1267.6,1268.0,63071
1780980600,1268.0,1268.0,1266.7,1267.5,114766
1780980900,1267.6,1268.4,1266.7,1268.2,56445
1780981200,1268.2,1268.2,1267.2,1267.7,47606
1780981500,1267.7,1267.7,1265.7,1266.0,156450
1780981800,1266.0,1266.8,1265.6,1266.7,122398
1780982100,1266.4,1267.0,1262.3,1262.3,203154
1780982400,1262.3,1264.0,1262.2,1262.9,108331
1780982700,1263.0,1263.7,1262.5,1263.0,144332
1780983000,1263.0,1263.0,1262.8,1263.0,52420
1780983300,1262.9,1263.8,1262.8,1263.6,270505
1780983600,1263.5,1264.8,1263.0,1264.7,103987
1780983900,1264.2,1264.9,1264.1,1264.7,62381
1780984200,1264.5,1264.7,1262.8,1263.0,183999
1780984500,1263.3,1264.7,1262.9,1264.0,262385
1780984800,1264.0,1264.5,1263.0,1264.1,198400
1780985100,1264.4,1266.2,1263.9,1265.7,312768
1780985400,1265.7,1266.2,1261.6,1263.1,645833
1780985700,1263.0,1266.0,1262.4,1264.9,228964
1780986000,1264.9,1267.0,1264.7,1266.3,186467
1780986300,1266.0,1266.9,1265.0,1266.2,160898
1780986600,1266.2,1267.0,1265.0,1265.1,216928
1780986900,1265.2,1265.2,1263.5,1264.2,107944
1780987200,1264.2,1265.0,1264.2,1264.8,64668
1780987500,1264.8,1265.3,1264.5,1265.0,56290
1780987800,1265.0,1265.9,1264.5,1264.6,112498
1780988100,1264.7,1265.0,1264.2,1264.6,50519
1780988400,1264.7,1265.8,1264.0,1265.3,124703
1780988700,1265.4,1266.0,1264.0,1264.4,143806
1780989000,1264.1,1265.0,1263.5,1263.9,266452
1780989300,1263.9,1264.6,1263.0,1263.1,190284
1780989600,1263.0,1263.9,1262.6,1263.1,80677
1780989900,1263.1,1263.8,1262.1,1263.0,598983
1780990200,1262.9,1264.2,1261.9,1262.3,749156
1780990500,1262.0,1262.3,1260.0,1260.4,488678
1780990800,1260.6,1262.0,1260.4,1262.0,295539
1780991100,1261.9,1262.0,1258.4,1259.3,905860
1780991400,1259.2,1260.0,1259.1,1259.7,355705
1780991700,1259.6,1260.3,1259.2,1260.0,161815
1780992000,1259.8,1260.0,1258.8,1258.9,436375
1780992300,1259.0,1260.0,1258.4,1259.9,196607
1780992600,1259.9,1260.3,1258.2,1259.6,1040656
1780992900,1259.6,1260.4,1258.0,1258.8,349207
1780993200,1259.0,1260.0,1258.6,1259.4,144695
1780993500,1259.4,1259.8,1258.5,1259.0,145558
1780993800,1258.9,1259.0,1258.5,1258.6,89566
1780994100,1258.8,1260.3,1258.5,1260.0,237458
1780994400,1259.9,1261.6,1259.3,1259.3,284423
1780994700,1259.2,1260.0,1258.3,1259.0,553146
1780995000,1258.7,1259.0,1257.5,1258.0,326819
1780995300,1258.1,1259.4,1257.9,1259.3,355145
1780995600,1259.3,1260.1,1258.5,1259.9,289088
1780995900,1259.9,1262.0,1259.1,1262.0,307929
1780996200,1261.5,1264.7,1261.5,1264.2,498184
1780996500,1264.2,1264.4,1262.7,1263.4,272858
1780996800,1263.4,1267.4,1263.1,1266.9,755947
1780997100,1267.2,1269.9,1266.5,1269.6,709883
1780997400,1269.7,1269.7,1267.0,1267.9,865485
1780997700,1268.6,1271.3,1266.4,1270.1,2189095
1780998000,1270.6,1270.6,1267.5,1269.4,971846
1780998300,1269.1,1269.7,1267.9,1269.3,679455
1780998600,1269.2,1272.4,1269.0,1272.3,790827
1780998900,1272.1,1272.9,1271.7,1272.5,307309
1781063100,1275.0,1292.9,1275.0,1289.0,1034511
1781063400,1288.6,1290.0,1284.4,1288.5,387294
1781063700,1288.5,1292.8,1286.0,1292.8,343119
1781064000,1292.7,1300.5,1292.6,1296.4,646872
1781064300,1296.9,1297.0,1292.7,1293.6,230151
1781064600,1293.4,1295.6,1292.8,1294.3,172496
1781064900,1294.3,1299.8,1294.2,1298.4,343180
1781065200,1297.9,1298.3,1297.1,1297.5,119007
1781065500,1297.9,1297.9,1293.4,1293.4,147846
1781065800,1293.8,1293.8,1290.3,1291.0,224369
1781066100,1290.9,1291.0,1287.4,1288.1,222118
1781066400,1288.6,1288.7,1283.0,1283.6,256708
1781066700,1283.9,1284.3,1281.2,1283.5,275986
1781067000,1283.5,1283.6,1280.5,1282.6,166862
1781067300,1282.6,1282.8,1280.1,1282.3,171881
1781067600,1282.2,1282.7,1280.8,1282.7,138137
1781067900,1282.6,1283.5,1280.2,1280.3,203298
1781068200,1280.2,1280.5,1279.0,1280.3,199833
1781068500,1280.2,1281.2,1279.1,1281.2,147966
1781068800,1281.1,1283.4,1280.9,1282.2,262905
1781069100,1282.4,1283.0,1281.1,1283.0,325687
1781069400,1282.9,1283.9,1280.6,1281.5,144142
1781069700,1281.7,1281.7,1279.8,1281.2,79929
1781070000,1281.2,1281.5,1280.2,1281.4,106271
1781070300,1281.3,1282.0,1278.8,1279.3,247901
1781070600,1279.3,1280.7,1278.1,1280.3,238463
1781070900,1280.2,1281.0,1279.3,1280.4,309189
1781071200,1280.5,1280.6,1278.0,1278.5,122229
1781071500,1278.5,1279.0,1277.1,1278.6,129156
1781071800,1278.5,1278.9,1277.5,1277.8,152780
1781072100,1277.7,1277.9,1276.4,1277.0,115621
1781072400,1277.0,1277.7,1276.5,1277.6,152165
1781072700,1277.6,1277.6,1276.2,1276.9,106328
1781073000,1276.9,1277.0,1274.3,1275.8,183784
1781073300,1276.0,1276.3,1274.7,1275.3,119681
1781073600,1275.2,1275.3,1274.4,1275.0,85665
1781073900,1275.0,1275.4,1274.0,1274.0,95671
1781074200,1274.3,1274.5,1271.5,1271.7,243253
1781074500,1271.9,1273.0,1270.7,1271.3,143951
1781074800,1271.4,1272.5,1271.0,1271.5,202360
1781075100,1271.5,1272.0,1270.5,1270.7,142810
1781075400,1270.7,1271.0,1269.0,1269.6,247619
1781075700,1269.9,1270.9,1268.2,1270.8,232618
1781076000,1270.8,1272.9,1270.5,1271.0,456050
1781076300,1270.9,1271.0,1268.5,1270.3,277789
1781076600,1270.4,1275.4,1270.2,1274.3,193864
1781076900,1274.3,1274.8,1269.6,1271.0,2334097
1781077200,1271.0,1271.4,1268.1,1268.9,245290
1781077500,1268.9,1270.5,1267.5,1269.1,280322
1781077800,1269.4,1270.1,1268.5,1268.6,171448
1781078100,1268.6,1271.3,1268.2,1270.7,492277
1781078400,1270.5,1271.8,1269.6,1270.0,498037
1781078700,1270.0,1271.4,1269.6,1269.9,261838
1781079000,1270.1,1270.5,1267.0,1267.1,164650
1781079300,1267.1,1270.6,1267.0,1268.3,267581
1781079600,1268.8,1268.9,1267.8,1267.8,85046
1781079900,1267.7,1269.0,1267.5,1269.0,93578
1781080200,1269.0,1270.0,1267.6,1269.8,85387
1781080500,1269.7,1269.9,1268.3,1268.9,104493
1781080800,1268.6,1269.3,1265.7,1267.1,215571
1781081100,1267.2,1269.2,1265.9,1267.8,150848
1781081400,1267.8,1269.6,1267.5,1268.5,135985
1781081700,1268.5,1268.9,1265.5,1265.5,121331
1781082000,1266.0,1266.2,1264.0,1264.8,257562
1781082300,1264.5,1265.8,1264.1,1264.1,128792
1781082600,1264.8,1265.7,1262.8,1263.4,326697
1781082900,1263.0,1263.8,1261.5,1262.1,176205
1781083200,1262.0,1263.0,1261.5,1262.0,228003
1781083500,1261.9,1264.0,1261.9,1262.4,200131
1781083800,1262.5,1262.5,1259.6,1260.0,521099
1781084100,1260.2,1261.4,1259.2,1261.2,383705
1781084400,1260.7,1261.9,1258.2,1258.7,424243
1781084700,1258.7,1260.5,1254.4,1257.9,940190
1781085000,1257.9,1259.9,1256.1,1258.0,769906
1781085300,1258.0,1258.9,1256.2,1258.5,300943
1781149500,1258.0,1258.9,1253.2,1256.6,444372
1781149800,1257.7,1261.0,1255.8,1256.7,239751
1781150100,1256.8,1261.4,1256.4,1261.4,136386
1781150400,1261.2,1262.5,1259.2,1260.5,151961
1781150700,1260.4,1261.9,1257.9,1261.5,114928
1781151000,1261.4,1262.4,1260.1,1262.3,90827
1781151300,1262.4,1263.2,1261.5,1262.6,221487
1781151600,1263.0,1265.0,1261.3,1261.9,155305
1781151900,1261.4,1262.4,1258.5,1259.0,237952
1781152200,1259.0,1261.4,1258.0,1260.0,273249
1781152500,1260.0,1264.0,1259.7,1263.6,87477
1781152800,1263.9,1266.6,1263.3,1265.3,117550
1781153100,1265.2,1267.5,1264.8,1267.1,96609
1781153400,1267.0,1267.4,1265.0,1265.0,149003
1781153700,1265.3,1266.6,1265.0,1266.4,49398
1781154000,1266.4,1266.6,1265.0,1265.5,104267
1781154300,1265.6,1266.0,1264.0,1266.0,130595
1781154600,1266.0,1266.5,1265.0,1265.6,81242
1781154900,1265.6,1266.0,1265.0,1265.2,57026
1781155200,1265.1,1266.0,1265.0,1265.5,33308
1781155500,1265.4,1265.8,1265.1,1265.5,37771
1781155800,1265.5,1266.0,1265.0,1265.7,67345
1781156100,1265.5,1270.3,1265.5,1269.6,177635
1781156400,1269.6,1269.6,1266.6,1266.6,60754
1781156700,1266.7,1267.8,1266.2,1267.2,44759
1781157000,1267.5,1269.5,1266.5,1269.1,99942
1781157300,1269.5,1270.0,1268.8,1269.4,121647
1781157600,1269.7,1269.7,1267.5,1267.6,52149
1781157900,1267.5,1269.7,1267.0,1269.4,671655
1781158200,1269.3,1270.0,1268.5,1269.5,193489
1781158500,1269.5,1270.0,1269.2,1269.4,80746
1781158800,1269.5,1269.5,1268.8,1269.0,57068
1781159100,1269.1,1269.7,1269.0,1269.6,58697
1781159400,1269.7,1270.0,1269.3,1269.7,194976
1781159700,1269.7,1269.8,1267.9,1269.5,180004
1781160000,1269.5,1269.7,1268.6,1269.4,131068
1781160300,1269.4,1273.8,1269.0,1273.2,208873
1781160600,1273.2,1273.9,1272.0,1272.5,84181
1781160900,1272.8,1273.6,1271.5,1273.0,62857
1781161200,1273.2,1276.0,1272.7,1275.9,119646
1781161500,1275.9,1276.0,1268.3,1269.2,569724
1781161800,1269.3,1270.1,1269.0,1269.5,200089
1781162100,1269.5,1270.0,1269.1,1269.7,56840
1781162400,1269.7,1269.8,1268.5,1269.5,80337
1781162700,1269.5,1269.7,1268.2,1269.7,166083
1781163000,1269.8,1270.7,1269.0,1269.5,122181
1781163300,1269.7,1270.5,1269.0,1269.4,45895
1781163600,1269.1,1269.5,1267.2,1267.9,129672
1781163900,1267.9,1267.9,1266.3,1267.3,139507
1781164200,1267.3,1267.9,1265.0,1266.4,195132
1781164500,1266.4,1267.5,1265.5,1267.5,57195
1781164800,1267.5,1267.9,1266.6,1267.1,60730
1781165100,1267.1,1267.5,1266.5,1266.7,24396
1781165400,1266.9,1266.9,1265.1,1265.6,70044
1781165700,1265.8,1267.0,1265.0,1266.4,49283
1781166000,1266.7,1267.6,1266.2,1267.1,51385
1781166300,1267.3,1267.6,1266.4,1266.7,60425
1781166600,1266.5,1267.6,1265.4,1267.3,230147
1781166900,1267.3,1267.8,1265.2,1266.7,81257
1781167200,1266.6,1267.8,1266.2,1267.6,47245
1781167500,1267.6,1267.6,1265.5,1265.9,35309
1781167800,1265.9,1267.3,1265.6,1266.5,42868
1781168100,1266.5,1268.0,1266.4,1267.4,97282
1781168400,1267.3,1269.8,1266.7,1268.8,138036
1781168700,1269.0,1270.8,1266.1,1268.8,634528
1781169000,1268.5,1270.0,1267.0,1267.7,377545
1781169300,1267.7,1268.3,1265.1,1267.6,462975
1781169600,1267.7,1267.7,1265.1,1266.4,338100
1781169900,1266.4,1267.3,1265.7,1267.0,61437
1781170200,1266.9,1267.2,1262.7,1264.3,724649
1781170500,1264.3,1264.3,1260.1,1261.7,948703
1781170800,1261.7,1262.9,1260.2,1261.5,343797
1781171100,1262.1,1264.0,1261.1,1262.7,246236
1781171400,1262.3,1263.0,1261.8,1262.7,224111
1781171700,1262.8,1264.5,1262.4,1264.5,197995
1781235900,1277.0,1281.4,1274.0,1275.9,498384
1781236200,1275.6,1276.7,1273.4,1274.0,131526
1781236500,1274.2,1274.9,1271.0,1272.0,190209
1781236800,1272.6,1272.6,1270.2,1271.5,135194
1781237100,1271.5,1271.6,1269.2,1269.9,168456
1781237400,1270.0,1270.8,1269.6,1270.2,137401
1781237700,1270.1,1270.9,1269.2,1269.9,88695
1781238000,1270.0,1270.5,1269.1,1269.3,93465
1781238300,1269.4,1270.0,1268.5,1268.8,67696
1781238600,1268.6,1269.3,1267.5,1268.7,130969
1781238900,1268.7,1269.3,1268.0,1268.4,55158
1781239200,1269.0,1270.5,1268.6,1270.0,66802
1781239500,1270.0,1270.4,1268.6,1269.6,93105
1781239800,1269.6,1270.5,1269.2,1270.5,78242
1781240100,1270.5,1270.8,1269.0,1269.9,151584
1781240400,1269.6,1269.8,1269.0,1269.4,55518
1781240700,1269.4,1270.0,1269.0,1269.9,57957
1781241000,1269.9,1269.9,1268.6,1269.1,30154
1781241300,1269.0,1269.1,1266.1,1267.8,87636
1781241600,1267.6,1267.9,1265.3,1266.8,88269
1781241900,1266.8,1268.7,1266.5,1268.2,69053
1781242200,1268.5,1268.8,1267.6,1268.5,46876
1781242500,1268.5,1268.8,1267.2,1268.8,46379
1781242800,1268.6,1270.0,1268.6,1270.0,36708
1781243100,1269.9,1270.0,1269.5,1269.9,91248
1781243400,1269.9,1270.0,1269.3,1269.9,85310
1781243700,1269.9,1270.2,1269.0,1269.9,221969
1781244000,1269.7,1270.4,1269.5,1270.0,183354
1781244300,1269.9,1270.0,1269.1,1269.1,48465
1781244600,1269.2,1270.9,1269.0,1270.7,194484
1781244900,1270.7,1270.7,1269.8,1270.0,75139
1781245200,1270.0,1270.8,1269.6,1269.9,198780
1781245500,1270.0,1270.8,1269.7,1270.0,145949
1781245800,1270.0,1271.8,1269.6,1269.7,956886
1781246100,1270.0,1270.0,1267.4,1267.7,238607
1781246400,1267.7,1267.8,1266.0,1266.5,62846
1781246700,1266.5,1266.9,1265.5,1265.9,52849
1781247000,1265.9,1267.2,1265.8,1266.6,54906
1781247300,1266.6,1267.1,1264.5,1265.2,95945
1781247600,1265.0,1265.4,1263.5,1264.6,99813
1781247900,1264.2,1264.8,1263.1,1263.5,99605
1781248200,1263.4,1264.0,1262.5,1263.7,88532
1781248500,1263.6,1264.0,1262.5,1262.9,84519
1781248800,1262.6,1263.5,1262.5,1263.5,54275
1781249100,1263.5,1264.5,1263.3,1264.0,62186
1781249400,1264.2,1264.7,1263.8,1264.4,30983
1781249700,1264.6,1265.6,1264.0,1264.3,63468
1781250000,1264.4,1265.0,1263.8,1264.0,73303
1781250300,1264.0,1265.4,1263.9,1265.0,51088
1781250600,1265.2,1266.2,1265.0,1265.3,44678
1781250900,1265.3,1268.9,1264.0,1268.3,133961
1781251200,1268.3,1274.0,1268.3,1273.0,662437
1781251500,1273.1,1277.5,1273.0,1276.0,266799
1781251800,1276.0,1277.0,1275.3,1276.3,122929
1781252100,1276.4,1280.9,1276.0,1279.2,343702
1781252400,1279.1,1279.6,1277.1,1277.9,98450
1781252700,1278.0,1282.4,1277.5,1281.5,215635
1781253000,1281.5,1285.9,1279.4,1284.0,323003
1781253300,1284.0,1284.7,1281.0,1281.5,127887
1781253600,1281.5,1282.9,1280.3,1282.7,69861
1781253900,1282.8,1284.7,1282.6,1284.7,154093
1781254200,1284.9,1285.0,1282.3,1282.8,103397
1781254500,1282.6,1284.4,1281.6,1284.0,88418
1781254800,1284.0,1284.8,1283.3,1284.5,116674
1781255100,1284.5,1287.4,1283.0,1287.2,229976
1781255400,1287.2,1287.5,1285.2,1286.3,194204
1781255700,1286.3,1287.5,1285.5,1286.8,98084
1781256000,1286.8,1292.7,1285.8,1291.0,414922
1781256300,1291.0,1291.4,1289.6,1290.4,151926
1781256600,1290.4,1292.8,1288.6,1292.3,403720
1781256900,1292.3,1293.3,1290.5,1291.4,267197
1781257200,1291.4,1292.3,1290.0,1292.0,235445
1781257500,1292.0,1297.0,1290.5,1296.0,544896
1781257800,1296.1,1296.2,1293.8,1295.1,251284
1781258100,1295.0,1296.9,1294.4,1296.4,285244
1781495100,1315.3,1325.0,1305.0,1308.5,3033849
1781495400,1309.0,1318.6,1308.7,1317.1,1288564
1781495700,1317.5,1319.4,1310.5,1311.6,1076945
1781496000,1312.5,1315.5,1311.7,1314.6,243173
1781496300,1316.0,1318.3,1314.4,1317.3,310763
1781496600,1317.0,1321.0,1317.0,1320.5,427065
1781496900,1320.5,1321.0,1316.0,1317.5,288052
1781497200,1317.5,1319.0,1315.3,1315.8,133828
1781497500,1315.8,1316.4,1314.3,1315.2,151559
1781497800,1315.2,1317.8,1315.0,1317.0,142917
1781498100,1317.4,1317.4,1313.5,1313.5,201637
1781498400,1313.8,1314.2,1312.1,1314.1,391699
1781498700,1314.1,1315.9,1313.3,1313.4,141915
1781499000,1313.8,1316.0,1313.2,1315.4,112516
1781499300,1315.3,1318.5,1314.7,1317.6,123267
1781499600,1318.0,1318.7,1314.5,1315.0,263378
1781499900,1314.9,1315.0,1313.4,1314.1,176015
1781500200,1314.4,1314.8,1312.0,1312.6,159384
1781500500,1312.6,1314.4,1312.0,1312.6,148120
1781500800,1312.4,1313.1,1312.1,1312.5,125823
1781501100,1312.7,1313.3,1312.5,1313.0,82658
1781501400,1313.0,1313.1,1311.8,1312.1,109628
1781501700,1312.1,1312.1,1311.7,1311.8,56754
1781502000,1311.9,1313.2,1311.8,1312.9,102499
1781502300,1312.9,1314.2,1312.6,1314.2,119434
1781502600,1314.0,1315.0,1313.4,1314.9,91190
1781502900,1314.9,1314.9,1313.4,1314.3,120177
1781503200,1314.3,1315.0,1313.9,1314.4,106947
1781503500,1314.8,1314.8,1313.5,1314.1,112567
1781503800,1314.1,1314.6,1313.7,1313.8,77260
1781504100,1314.0,1314.0,1313.1,1313.6,79764
1781504400,1313.6,1313.7,1312.5,1312.7,201324
1781504700,1313.1,1313.3,1311.8,1312.5,149405
1781505000,1312.6,1312.9,1311.7,1312.0,75387
1781505300,1312.0,1312.4,1310.7,1311.0,126634
1781505600,1311.2,1311.5,1310.6,1311.0,76106
1781505900,1311.0,1311.0,1309.2,1309.5,160897
1781506200,1310.0,1310.3,1308.5,1309.0,409862
1781506500,1309.0,1309.2,1307.0,1307.5,405817
1781506800,1307.9,1308.1,1306.5,1307.1,293354
1781507100,1307.1,1307.8,1305.6,1305.7,266624
1781507400,1305.7,1305.7,1303.6,1304.7,276818
1781507700,1304.9,1305.6,1304.8,1305.0,146226
1781508000,1305.0,1305.5,1304.7,1305.0,85216
1781508300,1305.0,1305.8,1304.8,1305.3,268852
1781508600,1305.5,1305.6,1304.8,1305.5,78312
1781508900,1305.6,1307.1,1305.3,1307.0,177755
1781509200,1307.1,1309.0,1306.2,1306.8,323339
1781509500,1306.8,1306.8,1305.3,1305.7,242240
1781509800,1305.7,1306.9,1304.8,1306.2,146786
1781510100,1306.3,1306.5,1305.7,1306.2,88784
1781510400,1306.5,1307.5,1305.8,1307.3,78327
1781510700,1307.3,1308.4,1306.5,1307.0,124417
1781511000,1307.1,1307.6,1306.0,1306.5,77196
1781511300,1306.5,1308.5,1306.1,1307.1,190249
1781511600,1307.3,1308.0,1305.5,1307.2,98927
1781511900,1307.3,1309.0,1307.0,1308.9,92822
1781512200,1309.0,1309.7,1307.9,1307.9,139599
1781512500,1307.9,1309.1,1306.2,1307.1,300531
1781512800,1307.1,1308.5,1307.0,1307.4,186239
1781513100,1307.5,1309.3,1307.3,1308.6,124436
1781513400,1308.5,1309.5,1308.0,1308.9,121744
1781513700,1308.9,1309.3,1305.1,1305.8,182741
1781514000,1306.2,1308.0,1305.6,1307.6,93317
1781514300,1307.8,1309.0,1307.2,1308.7,374168
1781514600,1308.8,1309.0,1307.8,1308.1,85241
1781514900,1308.2,1308.6,1306.2,1307.9,199469
1781515200,1307.9,1308.3,1306.2,1307.3,141638
1781515500,1307.1,1308.2,1307.0,1308.1,81621
1781515800,1308.1,1308.3,1306.5,1307.7,282835
1781516100,1307.5,1307.7,1306.5,1306.5,202458
1781516400,1306.5,1306.7,1303.3,1306.1,406375
1781516700,1306.3,1308.6,1306.0,1308.6,248449
1781517000,1309.0,1309.0,1307.3,1307.8,297674
1781517300,1307.9,1308.3,1305.0,1306.5,242170
1781581500,1313.4,1313.4,1306.4,1310.0,497190
1781581800,1310.0,1311.5,1308.3,1309.2,208093
1781582100,1309.7,1312.3,1309.2,1311.8,129037
1781582400,1311.8,1313.4,1311.1,1313.0,118973
1781582700,1313.2,1315.6,1313.0,1314.8,274506
1781583000,1314.9,1315.3,1313.1,1313.8,287047
1781583300,1313.8,1315.3,1313.5,1313.7,145085
1781583600,1313.8,1315.3,1313.0,1315.0,200034
1781583900,1315.3,1318.0,1314.7,1317.3,144705
1781584200,1317.5,1318.0,1315.6,1315.8,110816
1781584500,1315.9,1316.7,1315.1,1315.6,106454
1781584800,1315.6,1318.0,1315.1,1318.0,110448
1781585100,1318.0,1320.8,1317.4,1319.0,271872
1781585400,1319.0,1321.9,1318.7,1321.4,218544
1781585700,1321.4,1323.2,1320.0,1320.8,212633
1781586000,1320.7,1321.0,1320.0,1320.0,99182
1781586300,1320.1,1321.8,1320.1,1321.6,97259
1781586600,1321.7,1322.6,1321.3,1322.0,150341
1781586900,1322.3,1326.8,1321.9,1326.3,442848
1781587200,1326.3,1328.3,1325.2,1326.3,296705
1781587500,1326.2,1329.9,1325.9,1327.5,307646
1781587800,1328.2,1328.9,1326.7,1327.8,191557
1781588100,1328.0,1332.0,1327.5,1330.2,344052
1781588400,1330.2,1330.2,1327.3,1328.7,133972
1781588700,1328.7,1329.7,1327.2,1327.5,156855
1781589000,1327.2,1327.6,1324.5,1326.6,271053
1781589300,1326.9,1327.0,1325.4,1325.9,109084
1781589600,1325.9,1327.8,1325.4,1327.1,140499
1781589900,1327.0,1327.4,1325.2,1326.0,237963
1781590200,1326.0,1328.1,1325.2,1327.9,242459
1781590500,1327.7,1329.7,1327.4,1328.5,356032
1781590800,1328.5,1330.0,1327.6,1329.5,311634
1781591100,1329.5,1331.6,1327.2,1331.5,226570
1781591400,1331.5,1333.4,1330.7,1331.3,301988
1781591700,1331.3,1332.0,1330.0,1331.3,158267
1781592000,1331.6,1332.3,1331.0,1331.2,113427
1781592300,1331.0,1331.1,1328.8,1329.2,243644
1781592600,1328.8,1329.6,1327.5,1328.2,213193
1781592900,1328.2,1331.4,1328.0,1331.2,289153
1781593200,1330.8,1331.2,1327.1,1327.8,547988
1781593500,1327.3,1330.4,1326.1,1329.7,562500
1781593800,1329.7,1331.0,1329.1,1330.8,204520
1781594100,1330.8,1331.4,1330.4,1331.4,117500
1781594400,1331.4,1332.0,1329.8,1331.0,126695
1781594700,1331.0,1332.0,1329.9,1332.0,153791
1781595000,1332.0,1332.7,1330.9,1331.0,125059
1781595300,1330.9,1332.0,1330.6,1332.0,140139
1781595600,1332.0,1332.8,1331.3,1331.9,158267
1781595900,1332.0,1332.5,1330.0,1330.0,297864
1781596200,1330.4,1332.5,1329.9,1331.8,249082
1781596500,1331.9,1332.9,1331.0,1332.7,81394
1781596800,1332.9,1333.0,1332.0,1332.4,124417
1781597100,1332.3,1332.6,1331.4,1331.5,112584
1781597400,1331.4,1332.8,1331.3,1331.7,146323
1781597700,1331.9,1332.5,1331.7,1332.0,87485
1781598000,1332.1,1332.5,1330.2,1330.7,125992
1781598300,1330.4,1331.6,1330.4,1330.4,79261
1781598600,1330.4,1331.6,1330.0,1330.9,119654
1781598900,1331.0,1332.0,1330.5,1331.4,101320
1781599200,1331.5,1332.0,1330.7,1331.9,110647
1781599500,1331.4,1332.3,1330.6,1332.0,174557
1781599800,1332.0,1332.5,1330.9,1332.1,203151
1781600100,1332.1,1332.5,1331.2,1331.9,206890
1781600400,1332.0,1332.9,1331.9,1332.5,199141
1781600700,1332.5,1332.8,1331.0,1331.9,215020
1781601000,1331.9,1332.2,1329.4,1329.4,299569
1781601300,1329.6,1331.7,1329.2,1330.0,560710
1781601600,1330.0,1332.0,1328.2,1331.4,416866
1781601900,1331.7,1332.1,1330.3,1331.0,198979
1781602200,1331.1,1332.8,1328.4,1329.8,1062109
1781602500,1329.6,1331.8,1326.6,1327.2,1043369
1781602800,1327.3,1327.3,1325.5,1326.2,435974
1781603100,1326.3,1327.4,1326.2,1327.1,408309
1781603400,1326.9,1327.5,1326.5,1327.2,381920
1781603700,1326.9,1328.8,1326.7,1328.0,327033
1781667900,1333.0,1334.0,1318.5,1319.5,762530
1781668200,1319.5,1326.4,1317.0,1326.0,397753
1781668500,1326.4,1330.4,1325.7,1330.2,367089
1781668800,1330.2,1330.5,1326.3,1326.7,303852
1781669100,1326.8,1329.6,1326.5,1329.3,103128
1781669400,1329.3,1329.8,1328.8,1329.8,111357
1781669700,1329.7,1330.9,1329.3,1330.3,173557
1781670000,1330.3,1332.0,1329.9,1330.8,128826
1781670300,1331.1,1332.0,1330.1,1331.9,97362
1781670600,1331.4,1331.9,1330.0,1330.1,68308
1781670900,1330.1,1332.0,1329.6,1331.2,92227
1781671200,1331.3,1331.8,1330.1,1330.5,69900
1781671500,1330.2,1331.3,1329.9,1330.5,64009
1781671800,1330.6,1331.0,1330.1,1330.7,41004
1781672100,1330.8,1331.2,1330.2,1330.6,39077
1781672400,1330.7,1330.9,1329.3,1329.9,106501
1781672700,1329.9,1330.4,1328.9,1330.4,92936
1781673000,1330.4,1330.4,1327.0,1327.8,132243
1781673300,1327.9,1328.7,1327.3,1328.5,69709
1781673600,1328.6,1328.6,1327.5,1328.0,73717
1781673900,1327.9,1330.0,1327.9,1329.3,127077
1781674200,1329.4,1329.4,1328.4,1329.0,57219
1781674500,1328.9,1329.0,1328.6,1328.8,54112
1781674800,1328.8,1329.0,1328.0,1328.5,73215
1781675100,1328.5,1329.8,1327.4,1329.5,128700
1781675400,1329.8,1330.9,1329.7,1330.1,77237
1781675700,1330.3,1330.5,1329.5,1330.2,116646
1781676000,1330.2,1331.8,1330.2,1330.7,100286
1781676300,1331.1,1331.1,1329.2,1329.4,122411
1781676600,1329.4,1330.5,1329.1,1330.2,118549
1781676900,1330.5,1330.5,1329.4,1330.1,50713
1781677200,1330.1,1330.2,1329.5,1330.0,40769
1781677500,1330.0,1330.5,1328.5,1328.8,131490
1781677800,1328.7,1330.0,1328.1,1329.6,176210
1781678100,1329.6,1329.9,1328.5,1329.5,149186
1781678400,1329.5,1330.0,1329.2,1329.8,35839
1781678700,1329.8,1330.0,1328.8,1329.0,70679
1781679000,1329.0,1329.0,1327.2,1327.4,74569
1781679300,1327.5,1329.3,1326.1,1328.6,172425
1781679600,1328.6,1328.7,1327.4,1328.0,38243
1781679900,1328.0,1329.0,1327.2,1328.5,50477
1781680200,1329.0,1329.9,1328.1,1329.0,153087
1781680500,1329.2,1331.0,1329.0,1330.0,159036
1781680800,1330.0,1330.0,1326.8,1326.8,81268
1781681100,1326.9,1327.6,1326.5,1327.1,73731
1781681400,1326.9,1328.1,1326.0,1327.8,84530
1781681700,1327.8,1328.9,1326.8,1327.4,87330
1781682000,1327.4,1328.6,1327.0,1327.0,84587
1781682300,1327.2,1329.6,1326.7,1328.8,72427
1781682600,1328.7,1328.9,1328.5,1328.6,29273
1781682900,1328.6,1328.9,1328.3,1328.6,42678
1781683200,1328.5,1329.7,1328.2,1329.6,47073
1781683500,1329.6,1330.6,1329.4,1329.8,145817
1781683800,1329.8,1330.1,1329.0,1329.7,74100
1781684100,1329.7,1330.5,1329.6,1330.3,67714
1781684400,1330.2,1330.2,1329.0,1329.5,105559
1781684700,1329.5,1330.0,1329.2,1329.8,33310
1781685000,1329.8,1330.8,1329.1,1329.8,166107
1781685300,1329.8,1330.0,1328.8,1328.8,95912
1781685600,1328.9,1329.1,1327.4,1328.7,71818
1781685900,1328.8,1329.7,1327.0,1329.4,153494
1781686200,1329.2,1330.0,1328.9,1329.3,147159
1781686500,1329.4,1329.4,1327.6,1328.0,116359
1781686800,1328.4,1329.4,1327.7,1329.0,80105
1781687100,1329.0,1330.8,1328.4,1329.8,198809
1781687400,1329.8,1330.0,1327.6,1328.7,242248
1781687700,1328.7,1329.2,1327.6,1327.8,122915
1781688000,1328.2,1329.8,1326.3,1329.5,352155
1781688300,1329.7,1331.8,1328.0,1331.6,181643
1781688600,1331.6,1333.5,1331.3,1332.7,306257
1781688900,1332.6,1333.8,1332.0,1333.0,297134
1781689200,1333.1,1333.6,1332.1,1332.5,217501
1781689500,1332.4,1332.7,1332.0,1332.7,180879
1781689800,1332.6,1333.3,1332.6,1333.0,210425
1781690100,1332.8,1333.1,1331.5,1332.1,246013
1781754300,1330.0,1333.9,1326.0,1326.7,478665
1781754600,1326.9,1328.8,1326.0,1327.8,150290
1781754900,1327.9,1327.9,1326.5,1327.1,112759
1781755200,1327.0,1327.2,1326.3,1326.3,99235
1781755500,1326.2,1326.2,1324.0,1326.1,200101
1781755800,1326.0,1328.5,1326.0,1327.3,224758
1781756100,1327.6,1328.9,1327.2,1328.0,83329
1781756400,1327.9,1330.4,1327.5,1329.6,179110
1781756700,1329.8,1331.0,1329.0,1330.0,176711
1781757000,1330.5,1330.8,1329.1,1329.1,65031
1781757300,1329.3,1330.0,1328.9,1329.4,60066
1781757600,1329.5,1330.2,1329.1,1329.6,63434
1781757900,1329.7,1330.7,1329.5,1330.4,101609
1781758200,1330.4,1330.6,1329.5,1330.4,61054
1781758500,1330.4,1330.4,1329.1,1329.8,86515
1781758800,1329.4,1329.8,1328.9,1329.8,69691
1781759100,1329.7,1330.3,1328.3,1328.6,90113
1781759400,1328.2,1329.0,1327.0,1328.0,360386
1781759700,1328.2,1329.0,1327.0,1327.3,362910
1781760000,1327.0,1328.3,1326.1,1328.2,309511
1781760300,1328.2,1328.4,1327.3,1328.0,63872
1781760600,1328.0,1328.0,1327.0,1327.9,51468
1781760900,1328.0,1328.0,1326.7,1327.3,56577
1781761200,1327.1,1327.5,1326.0,1326.3,84145
1781761500,1326.5,1326.6,1324.0,1324.9,175619
1781761800,1325.0,1325.5,1324.0,1324.8,136296
1781762100,1325.0,1326.1,1324.5,1325.9,81247
1781762400,1325.9,1326.6,1325.7,1326.0,66306
1781762700,1326.0,1326.6,1326.0,1326.4,61988
1781763000,1326.4,1327.5,1326.4,1327.2,121856
1781763300,1327.2,1328.4,1327.0,1327.4,126336
1781763600,1327.1,1327.4,1324.6,1325.4,209373
1781763900,1325.5,1325.9,1324.7,1324.8,105541
1781764200,1324.9,1326.4,1324.8,1326.3,104649
1781764500,1326.2,1327.0,1325.2,1325.8,179369
1781764800,1325.7,1325.8,1324.2,1325.2,259639
1781765100,1325.2,1325.4,1322.6,1324.8,297258
1781765400,1325.1,1326.7,1324.2,1326.2,156694
1781765700,1326.2,1327.8,1325.5,1327.7,64290
1781766000,1327.8,1329.5,1327.1,1329.5,183935
1781766300,1329.5,1329.5,1328.4,1328.9,70039
1781766600,1328.8,1330.6,1328.8,1330.5,114643
1781766900,1330.7,1330.7,1329.5,1330.2,126146
1781767200,1330.2,1331.5,1330.0,1330.3,164011
1781767500,1330.2,1330.5,1329.2,1329.5,43797
1781767800,1329.5,1330.2,1329.2,1329.9,58099
1781768100,1329.9,1331.2,1329.6,1330.9,93464
1781768400,1331.0,1331.0,1330.8,1331.0,40571
1781768700,1330.9,1332.2,1330.5,1331.6,180393
1781769000,1331.8,1333.0,1331.0,1331.0,503537
1781769300,1331.1,1331.6,1329.3,1331.1,272622
1781769600,1331.0,1331.0,1328.3,1329.2,462765
1781769900,1329.4,1329.7,1328.0,1328.7,110931
1781770200,1328.8,1331.2,1327.6,1330.0,363739
1781770500,1329.8,1330.1,1327.3,1327.7,171187
1781770800,1327.8,1328.2,1327.0,1327.7,124749
1781771100,1327.8,1328.2,1326.5,1328.0,151981
1781771400,1328.1,1328.5,1327.0,1327.9,84796
1781771700,1327.6,1329.2,1327.1,1327.7,178557
1781772000,1327.6,1329.5,1326.0,1326.5,260422
1781772300,1326.5,1326.8,1324.5,1324.8,162333
1781772600,1324.6,1326.2,1323.2,1326.1,141099
1781772900,1326.2,1326.3,1322.7,1323.4,292174
1781773200,1323.4,1323.8,1322.0,1323.5,148746
1781773500,1323.5,1324.6,1322.8,1322.9,201341
1781773800,1323.0,1323.8,1322.5,1323.2,90046
1781774100,1323.0,1323.3,1322.0,1322.0,164956
1781774400,1322.0,1324.0,1322.0,1322.7,173330
1781774700,1322.7,1325.0,1322.6,1324.6,113346
1781775000,1324.7,1327.0,1322.9,1325.7,1173066
1781775300,1325.7,1327.9,1324.8,1327.7,731907
1781775600,1327.7,1330.3,1326.8,1329.5,888371
1781775900,1329.8,1330.6,1329.4,1329.9,581331
1781776200,1330.0,1331.8,1329.5,1331.5,542919
1781776500,1331.8,1332.5,1330.1,1331.0,522037
1781840700,1328.0,1336.0,1324.9,1332.2,632295
1781841000,1332.4,1333.4,1330.0,1330.8,207500
1781841300,1331.0,1333.4,1329.7,1332.9,160900
1781841600,1332.7,1333.0,1330.0,1332.4,119526
1781841900,1332.9,1332.9,1331.5,1332.5,103467
1781842200,1332.6,1334.8,1332.0,1334.0,162431
1781842500,1334.3,1335.0,1332.7,1334.9,113215
1781842800,1335.0,1335.0,1332.3,1334.5,122360
1781843100,1334.2,1334.8,1332.6,1332.7,78208
1781843400,1333.0,1334.0,1332.6,1334.0,48540
1781843700,1334.0,1337.4,1333.8,1336.3,262858
1781844000,1336.1,1338.2,1335.4,1338.1,253632
1781844300,1338.0,1338.0,1335.2,1335.6,150242
1781844600,1335.5,1335.9,1331.7,1331.7,159210
1781844900,1331.9,1332.1,1329.1,1329.5,217588
1781845200,1329.5,1330.8,1328.0,1328.8,155540
1781845500,1328.8,1329.9,1328.5,1329.5,66958
1781845800,1329.4,1330.2,1327.0,1329.7,145872
1781846100,1330.0,1331.0,1329.2,1330.7,87625
1781846400,1330.7,1331.5,1329.6,1330.4,99424
1781846700,1330.7,1331.0,1327.0,1327.6,152575
1781847000,1327.6,1327.7,1325.0,1325.2,174215
1781847300,1325.2,1326.0,1322.1,1325.6,266982
1781847600,1325.6,1325.9,1324.3,1325.7,101295
1781847900,1325.8,1325.8,1324.5,1325.3,67762
1781848200,1325.3,1325.3,1324.0,1324.0,84023
1781848500,1324.3,1325.1,1324.1,1325.0,47493
1781848800,1325.1,1325.9,1324.8,1325.1,85194
1781849100,1325.1,1326.6,1325.0,1326.1,62240
1781849400,1326.1,1326.5,1325.9,1326.3,54258
1781849700,1326.5,1326.5,1325.5,1326.4,100475
1781850000,1326.4,1327.5,1326.3,1327.4,53674
1781850300,1327.2,1328.4,1327.0,1327.3,57122
1781850600,1327.5,1327.9,1326.6,1326.9,51588
1781850900,1326.4,1326.6,1325.1,1325.2,42818
1781851200,1325.2,1326.4,1325.1,1326.4,35064
1781851500,1326.4,1327.5,1326.0,1327.0,42340
1781851800,1326.9,1327.8,1326.6,1327.6,36724
1781852100,1327.6,1328.0,1327.4,1327.7,30630
1781852400,1327.7,1328.1,1327.5,1328.0,34030
1781852700,1327.9,1328.5,1327.7,1328.5,37164
1781853000,1328.3,1329.5,1326.5,1327.4,123926
1781853300,1327.4,1329.0,1327.3,1328.8,49319
1781853600,1328.9,1330.5,1327.5,1327.8,168484
1781853900,1327.8,1327.8,1326.0,1326.7,48603
1781854200,1326.5,1326.7,1325.0,1325.2,85612
1781854500,1325.0,1326.0,1324.2,1324.6,153663
1781854800,1324.9,1325.8,1323.9,1325.5,81871
1781855100,1325.5,1325.6,1324.6,1325.3,43930
1781855400,1325.2,1325.9,1325.0,1325.2,76134
1781855700,1325.2,1325.8,1324.5,1325.6,48952
1781856000,1325.7,1327.5,1325.5,1327.3,48754
1781856300,1327.5,1328.4,1326.4,1328.3,75962
1781856600,1328.3,1330.0,1328.1,1329.5,152375
1781856900,1329.5,1329.6,1328.0,1328.7,137484
1781857200,1328.9,1328.9,1327.1,1327.4,88769
1781857500,1327.1,1329.9,1327.1,1329.6,163222
1781857800,1329.5,1330.3,1327.0,1329.2,212935
1781858100,1329.4,1330.9,1328.4,1329.2,241591
1781858400,1329.3,1333.0,1325.5,1332.2,668939
1781858700,1332.4,1336.0,1330.0,1333.9,1056680
1781859000,1333.7,1333.9,1307.4,1315.6,1678394
1781859300,1315.8,1317.3,1307.0,1307.0,754864
1781859600,1307.4,1314.0,1306.1,1313.4,526919
1781859900,1313.4,1322.0,1313.4,1316.9,543915
1781860200,1317.1,1318.2,1313.4,1316.7,256083
1781860500,1316.6,1319.0,1315.0,1318.2,148885
1781860800,1318.4,1318.4,1311.4,1311.5,319592
1781861100,1311.8,1311.8,1308.0,1309.5,399545
1781861400,1309.7,1311.9,1305.6,1311.0,2282156
1781861700,1311.3,1312.8,1309.0,1309.5,1889676
1781862000,1309.5,1311.1,1309.0,1309.9,1972354
1781862300,1309.8,1310.6,1308.2,1309.8,1920388
1781862600,1309.8,1310.8,1308.0,1308.7,1673809
1781862900,1308.4,1312.0,1305.3,1311.8,1697669
1782099900,1316.7,1326.6,1314.1,1325.0,788534
1782100200,1325.2,1343.0,1323.8,1342.4,979323
1782100500,1342.5,1344.9,1338.2,1340.9,906311
1782100800,1340.9,1342.8,1339.0,1340.9,377108
1782101100,1340.5,1341.5,1335.9,1339.9,466157
1782101400,1339.7,1340.0,1337.3,1337.8,202202
1782101700,1337.8,1338.1,1334.4,1338.0,385828
1782102000,1337.7,1339.4,1337.5,1337.6,175467
1782102300,1337.6,1340.0,1337.0,1339.5,229296
1782102600,1339.5,1341.9,1338.8,1339.0,331196
1782102900,1339.1,1343.0,1338.0,1342.8,323671
1782103200,1342.7,1343.0,1340.4,1341.7,246141
1782103500,1341.7,1342.3,1340.2,1340.5,140209
1782103800,1340.8,1341.3,1339.6,1340.0,99333
1782104100,1340.0,1340.5,1337.5,1338.1,129646
1782104400,1338.0,1338.5,1336.1,1336.1,93275
1782104700,1336.1,1338.5,1336.0,1336.8,135228
1782105000,1337.1,1337.1,1335.1,1336.3,116634
1782105300,1336.3,1338.0,1335.7,1338.0,58697
1782105600,1337.5,1339.0,1337.5,1338.4,83522
1782105900,1338.4,1341.7,1338.3,1341.0,211671
1782106200,1341.0,1341.3,1338.4,1339.7,114393
1782106500,1340.0,1340.7,1339.4,1339.5,80025
1782106800,1339.6,1339.8,1338.1,1338.9,65519
1782107100,1338.9,1338.9,1337.4,1338.0,64554
1782107400,1338.0,1338.1,1336.0,1337.1,116460
1782107700,1337.2,1338.3,1336.8,1337.5,115031
1782108000,1337.0,1338.6,1337.0,1338.0,62977
1782108300,1338.0,1338.5,1337.7,1338.0,49205
1782108600,1337.9,1338.1,1336.9,1337.5,75331
1782108900,1337.4,1337.6,1336.0,1336.0,76549
1782109200,1336.0,1336.0,1333.3,1334.2,215084
1782109500,1334.3,1336.0,1334.2,1336.0,172213
1782109800,1336.0,1336.0,1333.3,1333.6,106600
1782110100,1334.2,1334.3,1332.6,1332.6,120741
1782110400,1332.8,1333.0,1331.8,1332.0,110237
1782110700,1331.9,1332.5,1329.8,1330.9,248485
1782111000,1330.4,1332.1,1330.1,1331.5,74324
1782111300,1331.9,1331.9,1329.3,1330.2,107248
1782111600,1330.2,1331.4,1330.0,1331.0,51513
1782111900,1331.0,1331.0,1328.6,1329.3,82395
1782112200,1329.3,1329.3,1327.4,1328.7,113409
1782112500,1328.6,1329.0,1327.5,1328.0,123321
1782112800,1328.2,1330.0,1328.1,1329.1,123028
1782113100,1328.7,1329.9,1328.4,1329.6,84737
1782113400,1329.2,1329.9,1328.8,1329.1,93295
1782113700,1329.1,1329.1,1328.4,1329.0,33104
1782114000,1328.9,1329.5,1327.5,1329.5,83981
1782114300,1329.5,1332.6,1329.4,1331.4,131869
1782114600,1331.3,1331.9,1330.5,1331.9,94502
1782114900,1331.8,1333.4,1331.5,1333.0,82309
1782115200,1332.5,1333.3,1331.5,1331.8,77478
1782115500,1331.8,1332.0,1331.5,1331.9,30488
1782115800,1332.0,1332.9,1330.5,1332.3,154306
1782116100,1332.3,1332.3,1331.9,1332.2,29620
1782116400,1332.2,1332.5,1331.7,1332.0,59162
1782116700,1332.0,1332.6,1331.5,1331.7,52065
1782117000,1331.8,1332.4,1331.1,1331.8,56290
1782117300,1331.9,1332.4,1331.1,1331.3,44710
1782117600,1331.2,1332.0,1330.0,1330.1,80524
1782117900,1330.2,1331.6,1329.8,1330.9,67295
1782118200,1330.9,1331.4,1330.7,1330.8,31568
1782118500,1330.9,1332.3,1330.7,1331.8,95918
1782118800,1331.8,1332.9,1331.8,1332.6,68328
1782119100,1332.6,1333.0,1330.7,1330.8,98436
1782119400,1330.8,1331.0,1329.8,1330.7,94860
1782119700,1330.3,1331.3,1330.1,1330.7,63393
1782120000,1330.7,1331.0,1328.9,1329.6,88595
1782120300,1329.6,1330.0,1328.0,1328.3,166989
1782120600,1328.5,1329.0,1326.4,1327.4,280359
1782120900,1327.3,1327.6,1326.1,1326.4,194408
1782121200,1326.3,1328.6,1326.2,1327.3,242273
1782121500,1327.3,1328.3,1326.0,1326.0,565679
1782121800,1326.1,1326.5,1323.9,1324.5,376136
1782122100,1324.5,1324.9,1323.0,1324.7,267024
1782186300,1328.9,1330.4,1325.2,1329.9,628012
1782186600,1330.0,1333.0,1329.7,1330.0,376782
1782186900,1329.9,1329.9,1323.8,1324.4,299858
1782187200,1324.4,1327.0,1324.4,1326.3,136806
1782187500,1326.0,1328.7,1326.0,1327.9,134879
1782187800,1327.9,1328.6,1326.7,1328.0,153274
1782188100,1328.0,1328.0,1326.6,1326.9,145988
1782188400,1326.9,1327.1,1326.1,1326.6,119581
1782188700,1326.6,1327.6,1326.1,1326.6,131026
1782189000,1326.6,1328.0,1326.6,1327.4,68338
1782189300,1327.3,1329.7,1326.4,1329.4,99096
1782189600,1329.3,1329.5,1327.8,1328.8,86268
1782189900,1328.6,1329.2,1327.5,1328.1,101809
1782190200,1328.4,1329.0,1327.5,1328.2,79206
1782190500,1328.0,1328.6,1327.1,1327.3,97387
1782190800,1327.2,1327.9,1326.5,1327.8,86892
1782191100,1327.5,1328.6,1327.3,1328.4,58614
1782191400,1328.2,1328.6,1327.5,1328.0,78308
1782191700,1328.0,1329.2,1327.5,1328.0,152836
1782192000,1328.0,1329.0,1327.7,1328.7,45202
1782192300,1328.6,1328.7,1326.5,1326.5,105482
1782192600,1326.8,1328.5,1325.3,1328.3,205059
1782192900,1328.3,1328.4,1326.3,1326.4,72158
1782193200,1326.7,1327.9,1326.2,1327.2,75336
1782193500,1326.5,1327.7,1326.5,1327.3,105771
1782193800,1327.3,1327.5,1325.7,1326.8,115373
1782194100,1326.8,1327.1,1326.1,1326.4,71874
1782194400,1326.5,1328.2,1326.2,1328.0,100853
1782194700,1328.1,1329.3,1327.5,1328.2,131370
1782195000,1328.5,1328.7,1327.6,1328.0,130610
1782195300,1327.6,1327.9,1324.6,1325.0,125288
1782195600,1325.0,1326.0,1324.1,1324.5,162956
1782195900,1324.5,1324.7,1321.5,1323.6,170253
1782196200,1323.6,1324.0,1321.3,1322.7,147311
1782196500,1322.6,1323.4,1322.5,1322.9,61692
1782196800,1323.0,1323.6,1322.1,1323.1,158845
1782197100,1323.3,1323.5,1322.0,1323.1,107766
1782197400,1323.1,1323.1,1319.2,1319.7,153492
1782197700,1319.7,1321.5,1318.7,1320.7,157617
1782198000,1321.2,1321.2,1319.5,1320.0,75701
1782198300,1320.0,1320.8,1319.8,1320.4,103438
1782198600,1320.4,1320.7,1319.7,1320.4,96753
1782198900,1320.4,1320.6,1319.3,1319.4,72163
1782199200,1319.7,1320.4,1319.5,1319.8,60131
1782199500,1320.0,1320.6,1319.9,1320.4,99429
1782199800,1320.5,1320.7,1319.3,1319.6,162805
1782200100,1319.8,1320.7,1319.5,1320.5,141490
1782200400,1320.5,1320.7,1320.3,1320.5,111835
1782200700,1320.4,1320.6,1319.7,1320.5,114426
1782201000,1320.6,1320.6,1320.3,1320.4,85153
1782201300,1320.4,1320.6,1320.1,1320.4,113374
1782201600,1320.2,1320.6,1317.0,1317.3,352768
1782201900,1317.3,1318.3,1316.1,1317.1,177539
1782202200,1317.4,1317.6,1316.3,1317.0,197242
1782202500,1317.0,1317.0,1315.1,1315.2,161331
1782202800,1315.1,1315.6,1314.0,1315.2,309193
1782203100,1315.2,1315.7,1314.4,1315.0,89574
1782203400,1315.5,1316.2,1315.2,1315.5,340040
1782203700,1315.6,1316.0,1314.6,1315.6,179010
1782204000,1315.4,1316.7,1315.0,1316.6,122080
1782204300,1316.6,1316.7,1315.7,1316.2,138169
1782204600,1316.0,1316.9,1315.2,1315.8,141064
1782204900,1315.8,1315.8,1315.0,1315.6,185256
1782205200,1315.5,1315.9,1315.3,1315.9,187037
1782205500,1315.7,1315.9,1315.2,1315.3,167351
1782205800,1315.4,1315.6,1315.0,1315.2,219224
1782206100,1315.4,1315.6,1314.7,1315.6,235257
1782206400,1315.5,1315.9,1315.0,1315.5,327733
1782206700,1315.6,1315.7,1314.9,1315.1,257139
1782207000,1315.3,1315.3,1311.6,1313.8,653316
1782207300,1313.5,1314.4,1313.0,1313.3,682550
1782207600,1313.2,1313.6,1309.5,1310.3,918075
1782207900,1310.3,1310.3,1307.2,1307.8,548921
1782208200,1307.8,1308.1,1305.3,1305.8,946896
1782208500,1305.6,1306.2,1304.0,1306.0,1064920
1782272700,1305.7,1308.8,1301.0,1306.3,528540
1782273000,1306.7,1307.2,1305.2,1305.6,198611
1782273300,1305.4,1306.0,1304.3,1304.9,145283
1782273600,1304.8,1305.8,1303.5,1303.6,161252
1782273900,1303.6,1304.5,1303.0,1303.5,152992
1782274200,1303.7,1304.3,1301.1,1301.2,179135
1782274500,1301.2,1301.9,1297.7,1298.0,445518
1782274800,1297.9,1300.0,1297.5,1299.6,201154
1782275100,1299.6,1304.0,1299.3,1303.3,232778
1782275400,1303.3,1309.3,1303.3,1307.5,289440
1782275700,1307.5,1311.8,1307.3,1311.5,160189
1782276000,1311.3,1311.5,1309.1,1309.9,104965
1782276300,1310.1,1310.8,1309.1,1310.3,66824
1782276600,1310.2,1313.9,1310.0,1313.0,146215
1782276900,1312.7,1314.3,1312.2,1312.8,82517
1782277200,1312.6,1313.0,1311.1,1312.1,66032
1782277500,1312.2,1312.2,1310.9,1311.8,47702
1782277800,1312.0,1312.0,1310.0,1310.0,68848
1782278100,1310.2,1311.5,1310.0,1310.4,59533
1782278400,1310.4,1312.7,1310.4,1312.0,72536
1782278700,1312.0,1312.5,1310.8,1312.4,61104
1782279000,1312.4,1313.6,1311.0,1313.1,90705
1782279300,1313.2,1314.8,1313.0,1314.8,68634
1782279600,1314.8,1314.8,1312.8,1313.3,116308
1782279900,1313.5,1314.0,1311.8,1312.2,127736
1782280200,1312.2,1312.9,1309.8,1310.2,171656
1782280500,1310.2,1312.2,1310.0,1311.9,60223
1782280800,1311.9,1312.2,1310.1,1311.7,72678
1782281100,1312.2,1312.3,1310.5,1310.5,90732
1782281400,1310.8,1312.4,1310.4,1311.8,121715
1782281700,1311.8,1313.8,1311.8,1313.5,102784
1782282000,1313.5,1314.0,1312.5,1312.9,98985
1782282300,1313.0,1313.8,1312.4,1312.7,74705
1782282600,1312.5,1313.0,1312.0,1313.0,55457
1782282900,1313.0,1313.2,1311.1,1311.2,83912
1782283200,1311.3,1312.6,1310.0,1310.5,120452
1782283500,1310.5,1312.5,1310.4,1311.4,63911
1782283800,1311.4,1312.4,1310.2,1312.2,59991
1782284100,1312.2,1313.1,1312.0,1312.9,62371
1782284400,1313.0,1313.1,1311.0,1311.5,78226
1782284700,1311.7,1311.9,1310.7,1311.7,115521
1782285000,1311.9,1313.0,1311.5,1312.9,60202
1782285300,1312.9,1312.9,1312.0,1312.9,51153
1782285600,1312.9,1314.1,1312.6,1313.9,208986
1782285900,1313.9,1317.2,1313.6,1316.2,206859
1782286200,1316.2,1316.6,1314.6,1314.6,98550
1782286500,1314.7,1317.0,1314.5,1317.0,144927
1782286800,1317.0,1319.4,1316.7,1319.3,176071
1782287100,1319.3,1320.0,1318.5,1319.1,151144
1782287400,1319.1,1319.4,1317.6,1317.7,122206
1782287700,1317.9,1318.1,1317.1,1318.0,62643
1782288000,1317.9,1319.2,1317.9,1319.1,75215
1782288300,1319.2,1320.0,1319.0,1319.4,82757
1782288600,1319.5,1320.5,1318.7,1319.8,125709
1782288900,1319.8,1322.0,1319.5,1320.5,183436
1782289200,1320.7,1321.1,1318.4,1319.5,107369
1782289500,1319.5,1319.5,1317.6,1318.6,108348
1782289800,1318.7,1318.8,1317.2,1318.0,92869
1782290100,1318.0,1320.5,1316.7,1320.4,185228
1782290400,1320.2,1321.0,1318.8,1320.4,236008
1782290700,1319.9,1320.7,1319.3,1320.0,57642
1782291000,1319.7,1320.8,1319.2,1320.3,118343
1782291300,1320.6,1320.8,1319.7,1320.2,97130
1782291600,1320.2,1320.6,1319.6,1319.7,123342
1782291900,1320.0,1320.6,1318.0,1318.3,133248
1782292200,1318.2,1320.7,1318.0,1320.0,151612
1782292500,1320.1,1320.5,1317.6,1317.8,161966
1782292800,1317.7,1319.5,1317.6,1318.0,128741
1782293100,1317.9,1318.3,1315.9,1316.5,265947
1782293400,1316.5,1316.5,1313.7,1313.7,385510
1782293700,1313.8,1314.6,1312.5,1313.0,441704
1782294000,1313.0,1313.1,1311.1,1311.7,283090
1782294300,1311.8,1314.4,1311.7,1313.7,318237
1782294600,1313.7,1315.3,1312.1,1315.0,241237
1782294900,1314.9,1315.0,1313.1,1313.4,231385
1782359100,1318.0,1323.0,1316.8,1320.9,287807
1782359400,1320.9,1324.0,1320.5,1323.0,224575
1782359700,1323.0,1323.0,1320.5,1321.0,171876
1782360000,1321.0,1322.2,1320.5,1321.3,126684
1782360300,1321.2,1322.4,1320.9,1321.4,108774
1782360600,1321.3,1322.3,1320.3,1321.5,139048
1782360900,1321.5,1323.2,1321.3,1323.0,139884
1782361200,1323.0,1327.5,1323.0,1326.2,321766
1782361500,1326.1,1328.0,1325.1,1327.5,200135
1782361800,1327.6,1327.6,1325.3,1326.9,162772
1782362100,1326.5,1326.9,1325.3,1325.3,76431
1782362400,1325.3,1326.9,1324.1,1326.6,129612
1782362700,1326.9,1328.0,1325.6,1326.4,130722
1782363000,1326.4,1326.4,1324.3,1325.1,226460
1782363300,1325.2,1326.3,1324.0,1324.4,100649
1782363600,1324.0,1325.9,1324.0,1325.0,137716
1782363900,1325.2,1325.8,1323.7,1324.1,115687
1782364200,1324.4,1325.7,1323.7,1325.0,188079
1782364500,1325.5,1326.9,1325.0,1326.5,75141
1782364800,1326.7,1326.8,1325.0,1325.0,55156
1782365100,1325.1,1326.5,1324.4,1326.3,104844
1782365400,1326.3,1326.5,1325.2,1325.6,71391
1782365700,1325.6,1326.0,1324.2,1325.8,98936
1782366000,1325.8,1326.3,1324.1,1324.7,118974
1782366300,1324.7,1325.6,1324.1,1325.5,197879
1782366600,1325.5,1325.6,1324.1,1324.6,51406
1782366900,1324.4,1324.6,1322.3,1322.4,83840
1782367200,1322.9,1323.5,1322.2,1323.0,81055
1782367500,1323.0,1323.0,1320.3,1321.4,124230
1782367800,1321.0,1322.3,1320.0,1321.0,94460
1782368100,1321.0,1322.5,1320.0,1321.7,65783
1782368400,1321.8,1323.0,1320.8,1322.5,92863
1782368700,1322.8,1324.2,1322.2,1323.8,84279
1782369000,1323.8,1324.4,1322.6,1323.5,76229
1782369300,1323.5,1323.6,1322.8,1323.0,48971
1782369600,1323.0,1323.2,1322.0,1322.0,99531
1782369900,1322.0,1322.6,1321.4,1322.4,81100
1782370200,1322.4,1322.5,1320.2,1320.2,94903
1782370500,1320.5,1320.5,1318.0,1318.0,138516
1782370800,1318.2,1318.8,1316.4,1318.0,161548
1782371100,1318.0,1320.6,1317.6,1320.2,79316
1782371400,1320.2,1320.7,1319.8,1320.1,132020
1782371700,1320.2,1320.8,1320.0,1320.7,76799
1782372000,1320.7,1321.8,1320.4,1321.0,67939
1782372300,1321.3,1322.3,1321.0,1322.3,60266
1782372600,1322.3,1323.4,1322.0,1322.1,91598
1782372900,1322.6,1323.0,1320.8,1321.5,74593
1782373200,1321.5,1321.9,1320.0,1320.4,90422
1782373500,1320.4,1321.9,1320.0,1321.6,49585
1782373800,1321.5,1321.9,1321.0,1321.5,61229
1782374100,1321.4,1322.0,1320.5,1321.2,96355
1782374400,1321.5,1322.0,1320.7,1321.9,126477
1782374700,1322.0,1322.8,1321.7,1322.2,69035
1782375000,1322.3,1322.7,1322.0,1322.1,61688
1782375300,1322.3,1322.7,1321.4,1322.6,74455
1782375600,1322.5,1322.8,1321.7,1322.1,80498
1782375900,1322.2,1322.2,1320.4,1320.8,149094
1782376200,1320.3,1321.8,1320.0,1321.4,136829
1782376500,1321.5,1322.2,1321.0,1321.9,59173
1782376800,1321.7,1322.5,1319.0,1320.0,156527
1782377100,1319.9,1319.9,1318.0,1318.9,107770
1782377400,1319.1,1320.3,1318.5,1319.3,238465
1782377700,1319.3,1319.7,1317.5,1319.4,155669
1782378000,1319.4,1320.6,1319.1,1319.5,173372
1782378300,1319.8,1320.9,1319.1,1319.3,265504
1782378600,1319.4,1319.5,1315.0,1315.3,395862
1782378900,1315.5,1318.9,1315.0,1317.5,304447
1782379200,1317.8,1319.9,1317.5,1319.5,188835
1782379500,1319.6,1320.8,1319.1,1319.6,162108
1782379800,1319.9,1320.1,1317.2,1319.1,856589
1782380100,1319.2,1320.2,1317.9,1319.5,910567
1782380400,1319.7,1320.9,1318.9,1319.0,634272
1782380700,1319.0,1319.1,1315.5,1316.2,604058
1782381000,1316.1,1316.4,1314.6,1315.4,422578
1782381300,1315.4,1317.6,1315.0,1316.5,346444
1782704700,1308.0,1313.1,1306.0,1310.7,485051
1782705000,1311.0,1313.7,1310.1,1311.5,174183
1782705300,1311.5,1311.7,1309.7,1310.6,107673
1782705600,1310.6,1311.0,1305.5,1307.3,283402
1782705900,1307.3,1310.5,1305.0,1310.1,174320
1782706200,1310.1,1311.1,1309.6,1310.0,110835
1782706500,1310.0,1310.9,1309.6,1310.1,120537
1782706800,1310.2,1310.4,1309.6,1309.8,42048
1782707100,1310.0,1310.1,1309.2,1309.8,42137
1782707400,1309.8,1310.4,1309.1,1309.1,58315
1782707700,1309.1,1311.0,1309.1,1310.7,80010
1782708000,1310.7,1311.2,1310.0,1310.4,85041
1782708300,1310.4,1310.9,1309.6,1310.3,95485
1782708600,1310.3,1311.3,1309.5,1311.3,87051
1782708900,1311.3,1312.9,1311.2,1311.8,115976
1782709200,1311.8,1313.5,1311.7,1312.7,98948
1782709500,1312.6,1313.0,1311.2,1311.8,73421
1782709800,1311.8,1312.6,1311.2,1311.4,136118
1782710100,1311.7,1312.0,1308.7,1308.9,144171
1782710400,1308.9,1308.9,1307.0,1307.8,89158
1782710700,1307.8,1308.5,1307.1,1308.0,50629
1782711000,1308.2,1309.3,1307.5,1308.6,82300
1782711300,1308.6,1309.2,1307.7,1308.5,103125
1782711600,1308.5,1308.9,1307.3,1308.1,106255
1782711900,1308.0,1309.8,1307.4,1309.7,126364
1782712200,1309.8,1310.3,1309.0,1309.2,34707
1782712500,1309.2,1309.5,1308.1,1308.6,178759
1782712800,1308.5,1309.5,1307.4,1307.6,213054
1782713100,1307.6,1309.0,1306.0,1306.3,269296
1782713400,1306.2,1306.5,1304.1,1305.4,195607
1782713700,1305.1,1305.8,1303.8,1304.0,165210
1782714000,1304.0,1304.0,1301.1,1301.3,218211
1782714300,1301.1,1304.4,1301.0,1303.6,168477
1782714600,1303.7,1304.0,1302.5,1302.8,101699
1782714900,1302.9,1304.1,1302.8,1303.3,224135
1782715200,1303.5,1304.7,1302.5,1302.5,98539
1782715500,1302.6,1304.0,1302.1,1302.1,111445
1782715800,1302.2,1303.0,1302.0,1302.6,38637
1782716100,1302.8,1302.9,1301.3,1301.7,125110
1782716400,1301.8,1303.3,1301.4,1302.0,153254
1782716700,1302.0,1303.0,1301.4,1301.7,98191
1782717000,1301.9,1301.9,1300.2,1301.4,98210
1782717300,1301.4,1302.9,1301.3,1302.4,48608
1782717600,1302.7,1302.9,1301.5,1301.6,41599
1782717900,1301.6,1302.9,1301.3,1302.4,49662
1782718200,1302.5,1302.5,1301.6,1301.6,99959
1782718500,1301.7,1302.0,1300.3,1301.9,81963
1782718800,1302.0,1302.2,1300.6,1300.7,90318
1782719100,1300.8,1301.2,1300.1,1300.2,79713
1782719400,1300.4,1300.7,1300.1,1300.1,60882
1782719700,1300.3,1301.5,1300.0,1301.4,86043
1782720000,1301.5,1303.4,1301.0,1301.1,139008
1782720300,1301.1,1302.0,1300.6,1301.0,62047
1782720600,1301.2,1301.9,1299.2,1299.2,262559
1782720900,1299.7,1299.7,1295.7,1296.0,192461
1782721200,1296.0,1297.1,1295.3,1297.0,125934
1782721500,1297.0,1297.8,1296.2,1297.3,133721
1782721800,1297.3,1297.6,1297.0,1297.2,73787
1782722100,1297.5,1297.5,1296.0,1296.5,89096
1782722400,1296.4,1296.4,1294.5,1294.7,183484
1782722700,1295.0,1295.4,1293.4,1294.7,131828
1782723000,1295.1,1295.3,1293.2,1293.5,126306
1782723300,1293.5,1294.3,1293.0,1293.6,221363
1782723600,1293.9,1297.8,1292.6,1296.4,212728
1782723900,1296.6,1297.3,1294.0,1294.8,243718
1782724200,1294.8,1296.1,1294.7,1295.6,214306
1782724500,1295.8,1296.8,1295.3,1296.7,114584
1782724800,1296.7,1297.0,1296.0,1296.0,186862
1782725100,1296.5,1296.9,1295.5,1296.0,192385
1782725400,1296.2,1300.0,1295.7,1299.1,784613
1782725700,1299.0,1301.8,1299.0,1300.7,752759
1782726000,1301.4,1301.8,1299.7,1301.7,731568
1782726300,1301.7,1302.7,1300.8,1302.5,712567
1782726600,1302.1,1303.2,1301.5,1302.5,751682
1782726900,1302.4,1302.6,1300.0,1301.5,480524
1782791100,1306.9,1306.9,1297.4,1297.6,400467
1782791400,1297.5,1297.7,1293.1,1293.5,206127
1782791700,1293.6,1294.6,1292.2,1294.6,238765
1782792000,1294.6,1295.1,1291.0,1291.6,230426
1782792300,1291.6,1293.2,1290.0,1290.3,201104
1782792600,1290.4,1291.4,1290.0,1291.3,171269
1782792900,1290.9,1294.0,1290.9,1293.2,156708
1782793200,1293.2,1294.4,1291.6,1293.6,104353
1782793500,1293.6,1295.0,1293.6,1294.8,82818
1782793800,1294.8,1296.2,1294.5,1296.1,111156
1782794100,1296.2,1296.2,1293.5,1293.8,88731
1782794400,1293.8,1295.8,1293.7,1295.5,181303
1782794700,1295.5,1295.9,1295.0,1295.7,66175
1782795000,1295.7,1296.5,1295.1,1296.2,81640
1782795300,1296.3,1296.9,1295.8,1295.9,188681
1782795600,1295.8,1296.8,1295.8,1296.3,55374
1782795900,1296.2,1297.0,1295.5,1295.9,243516
1782796200,1295.9,1295.9,1293.3,1294.6,131264
1782796500,1294.6,1296.5,1294.4,1296.2,96584
1782796800,1296.2,1297.8,1295.7,1296.2,169638
1782797100,1296.1,1296.5,1292.5,1292.5,123807
1782797400,1292.7,1294.6,1292.0,1293.9,202455
1782797700,1293.9,1294.2,1293.0,1293.3,165089
1782798000,1293.3,1297.0,1293.1,1296.7,151173
1782798300,1296.6,1297.0,1295.6,1296.8,208500
1782798600,1296.6,1297.6,1295.8,1297.5,212544
1782798900,1297.5,1300.0,1297.0,1298.3,185162
1782799200,1298.0,1298.5,1296.3,1297.1,142103
1782799500,1297.0,1297.1,1295.0,1296.5,174174
1782799800,1296.6,1297.5,1294.9,1294.9,80729
1782800100,1294.9,1295.5,1294.2,1294.9,111918
1782800400,1295.0,1297.4,1295.0,1296.9,136007
1782800700,1296.6,1297.9,1296.2,1297.8,46308
1782801000,1297.6,1297.8,1294.7,1294.7,90476
1782801300,1294.7,1295.7,1294.1,1295.0,73902
1782801600,1295.1,1295.7,1295.0,1295.3,67975
1782801900,1295.3,1295.4,1295.0,1295.4,85088
1782802200,1295.4,1297.0,1295.1,1296.9,179314
1782802500,1296.9,1297.2,1295.2,1296.4,89877
1782802800,1296.4,1297.0,1295.5,1296.8,93010
1782803100,1296.7,1298.2,1296.7,1298.1,101386
1782803400,1298.3,1299.6,1297.9,1299.0,128435
1782803700,1299.0,1299.9,1297.9,1298.3,183906
1782804000,1298.2,1298.5,1296.1,1296.9,95967
1782804300,1296.9,1299.9,1296.0,1297.5,485722
1782804600,1297.5,1297.5,1295.8,1297.4,167178
1782804900,1297.2,1297.7,1295.7,1295.7,203886
1782805200,1295.8,1296.2,1295.0,1295.6,116743
1782805500,1295.4,1295.6,1294.1,1294.7,156262
1782805800,1294.8,1294.8,1293.0,1293.4,103401
1782806100,1293.2,1295.3,1293.0,1295.0,132558
1782806400,1295.0,1295.8,1294.5,1295.2,122770
1782806700,1295.2,1296.4,1295.0,1296.1,75514
1782807000,1296.3,1297.3,1295.6,1296.6,132784
1782807300,1296.6,1296.6,1295.5,1296.3,94265
1782807600,1296.4,1297.0,1294.7,1295.0,139562
1782807900,1295.0,1295.4,1294.0,1294.9,179792
1782808200,1295.0,1295.1,1292.7,1293.1,286911
1782808500,1293.1,1294.1,1292.3,1293.4,150985
1782808800,1293.4,1293.7,1292.5,1293.0,100590
1782809100,1293.2,1294.0,1292.4,1292.9,202918
1782809400,1292.9,1295.6,1292.4,1295.6,206326
1782809700,1295.7,1297.0,1295.2,1295.9,394706
1782810000,1294.9,1295.7,1292.6,1295.1,372236
1782810300,1295.1,1296.3,1294.8,1296.1,298344
1782810600,1296.0,1296.5,1295.1,1296.0,222765
1782810900,1296.2,1296.3,1295.5,1295.7,248855
1782811200,1295.7,1296.0,1294.6,1295.9,139208
1782811500,1295.9,1296.3,1293.5,1293.6,288028
1782811800,1293.8,1294.2,1292.2,1293.7,950647
1782812100,1293.7,1294.7,1292.8,1294.2,873312
1782812400,1294.2,1295.2,1293.5,1294.8,727830
1782812700,1294.8,1295.0,1294.6,1294.7,651127
1782813000,1294.7,1294.8,1293.1,1293.7,675620
1782813300,1293.6,1294.9,1293.1,1294.5,399974
1782877500,1298.9,1300.0,1296.5,1298.8,311802
1782877800,1298.8,1299.9,1297.8,1299.6,105245
1782878100,1299.6,1301.5,1298.6,1301.1,92675
1782878400,1301.5,1301.5,1297.6,1298.3,135319
1782878700,1298.3,1300.9,1298.0,1299.7,60342
1782879000,1299.7,1300.3,1297.0,1298.1,96305
1782879300,1298.1,1299.2,1297.6,1299.1,40207
1782879600,1299.1,1301.6,1298.9,1300.9,84430
1782879900,1300.9,1308.0,1300.9,1307.4,306764
1782880200,1307.3,1311.6,1307.0,1307.5,290885
1782880500,1307.9,1309.0,1306.5,1306.5,109298
1782880800,1306.8,1308.0,1305.5,1306.5,193563
1782881100,1306.3,1309.8,1306.3,1308.6,95311
1782881400,1308.8,1309.9,1307.7,1307.8,56088
1782881700,1307.5,1308.4,1306.1,1306.2,56730
1782882000,1307.0,1308.2,1306.1,1306.7,102298
1782882300,1306.6,1307.5,1305.0,1305.2,51995
1782882600,1305.3,1306.1,1303.0,1303.9,86467
1782882900,1303.8,1305.2,1303.1,1304.7,56519
1782883200,1304.6,1306.3,1304.1,1306.2,66654
1782883500,1306.2,1306.6,1305.3,1306.5,34926
1782883800,1306.5,1307.4,1305.2,1305.7,53776
1782884100,1305.6,1306.2,1304.5,1306.1,50673
1782884400,1306.3,1311.0,1306.0,1310.6,201158
1782884700,1310.8,1312.2,1310.3,1310.6,135629
1782885000,1310.5,1310.6,1309.2,1309.2,110936
1782885300,1309.2,1309.6,1308.4,1309.0,54088
1782885600,1309.1,1309.8,1308.0,1308.3,115050
1782885900,1308.0,1309.7,1307.5,1309.0,110202
1782886200,1308.8,1310.4,1308.7,1310.0,89729
1782886500,1310.1,1311.0,1310.0,1310.0,86881
1782886800,1310.2,1310.5,1307.3,1307.4,81388
1782887100,1307.4,1308.2,1306.7,1308.2,53532
1782887400,1308.2,1308.3,1307.5,1308.1,55193
1782887700,1308.1,1310.5,1307.3,1310.2,209622
1782888000,1310.3,1310.5,1308.6,1309.3,119200
1782888300,1309.2,1309.9,1307.1,1308.0,100817
1782888600,1308.0,1309.9,1308.0,1309.9,172624
1782888900,1309.9,1310.0,1306.9,1307.3,74159
1782889200,1307.5,1310.8,1307.3,1310.2,93968
1782889500,1310.1,1311.9,1310.0,1311.6,84013
1782889800,1311.4,1311.5,1309.9,1310.0,64287
1782890100,1310.0,1310.0,1308.6,1309.1,61386
1782890400,1308.8,1309.7,1308.3,1308.3,40149
1782890700,1308.5,1308.7,1308.2,1308.4,17717
1782891000,1308.4,1308.9,1307.5,1307.8,42714
1782891300,1307.8,1308.3,1307.5,1308.2,24399
1782891600,1308.0,1308.5,1307.7,1307.8,17362
1782891900,1307.9,1309.3,1307.8,1309.1,58148
1782892200,1309.1,1309.2,1308.1,1308.1,16256
1782892500,1308.3,1308.8,1308.0,1308.6,46446
1782892800,1308.7,1309.1,1308.0,1308.4,83048
1782893100,1308.5,1311.9,1308.5,1311.1,115945
1782893400,1311.0,1311.5,1309.2,1310.5,68066
1782893700,1310.4,1310.7,1309.9,1310.2,45143
1782894000,1310.3,1310.4,1309.0,1309.3,31619
1782894300,1309.2,1310.1,1309.0,1310.0,20277
1782894600,1309.9,1311.5,1309.7,1311.0,97943
1782894900,1311.2,1311.3,1310.0,1310.3,28786
1782895200,1310.4,1310.5,1310.0,1310.0,28488
1782895500,1310.2,1310.3,1309.2,1310.2,41356
1782895800,1310.1,1310.2,1309.5,1309.8,31505
1782896100,1309.8,1310.5,1309.6,1310.0,50679
1782896400,1310.0,1310.9,1309.9,1310.1,31788
1782896700,1310.2,1310.9,1310.0,1310.0,64698
1782897000,1310.0,1310.6,1309.1,1310.5,125658
1782897300,1310.4,1310.8,1309.5,1309.5,37621
1782897600,1310.0,1310.3,1309.6,1309.9,38471
1782897900,1309.9,1310.0,1309.4,1309.5,44525
1782898200,1309.8,1310.2,1308.7,1308.7,178370
1782898500,1308.8,1309.0,1307.4,1308.8,184614
1782898800,1308.7,1308.9,1308.5,1308.5,157267
1782899100,1308.7,1308.7,1306.9,1307.0,176070
1782899400,1307.1,1308.4,1306.5,1308.1,201976
1782899700,1308.2,1308.4,1306.1,1306.5,184097
1782963900,1310.0,1311.4,1305.3,1307.9,278169
1782964200,1308.0,1311.5,1307.7,1310.6,175809
1782964500,1310.6,1312.6,1308.7,1308.7,110513
1782964800,1309.0,1310.9,1308.5,1310.4,156270
1782965100,1310.2,1312.0,1309.6,1311.9,93115
1782965400,1312.0,1313.2,1311.1,1312.0,161195
1782965700,1312.0,1312.0,1310.2,1310.6,83911
1782966000,1310.6,1310.8,1308.0,1308.5,118329
1782966300,1308.5,1309.8,1308.5,1309.3,73597
1782966600,1309.2,1309.3,1304.1,1305.4,285708
1782966900,1305.3,1306.3,1304.1,1305.9,130040
1782967200,1305.9,1307.0,1305.0,1305.0,128066
1782967500,1305.0,1305.0,1303.0,1303.7,150315
1782967800,1303.4,1304.4,1302.1,1303.5,236668
1782968100,1303.8,1304.7,1302.7,1304.0,134033
1782968400,1304.0,1304.6,1302.4,1302.9,145476
1782968700,1302.9,1304.0,1302.7,1303.9,63704
1782969000,1303.7,1303.9,1302.7,1303.3,123949
1782969300,1303.3,1303.9,1302.4,1303.4,105439
1782969600,1303.4,1304.6,1301.0,1301.1,368419
1782969900,1301.1,1303.9,1300.5,1302.0,1271314
1782970200,1302.3,1304.1,1301.9,1304.0,185243
1782970500,1304.0,1305.8,1303.5,1303.9,298755
1782970800,1304.0,1304.3,1303.4,1303.9,80177
1782971100,1303.8,1305.3,1303.4,1304.3,195721
1782971400,1304.0,1305.0,1302.7,1304.0,489233
1782971700,1304.1,1304.7,1301.1,1301.7,526724
1782972000,1301.6,1301.7,1299.0,1300.6,429879
1782972300,1300.7,1303.0,1299.8,1302.3,106525
1782972600,1302.2,1303.0,1300.7,1303.0,107952
1782972900,1303.0,1304.0,1302.3,1302.8,479976
1782973200,1302.9,1303.1,1302.2,1302.3,96474
1782973500,1302.2,1304.3,1302.2,1303.6,414159
1782973800,1303.6,1304.2,1302.7,1302.8,229703
1782974100,1303.0,1304.6,1302.8,1303.9,396502
1782974400,1303.9,1304.3,1303.4,1304.2,251447
1782974700,1304.0,1304.4,1303.3,1303.7,312981
1782975000,1303.7,1304.8,1303.5,1304.0,460639
1782975300,1304.0,1304.4,1303.3,1304.0,184070
1782975600,1304.2,1304.2,1303.1,1303.4,176890
1782975900,1303.4,1304.1,1303.3,1303.9,72252
1782976200,1303.9,1304.0,1302.6,1303.2,185328
1782976500,1303.2,1303.8,1302.5,1303.3,123503
1782976800,1303.3,1304.1,1302.7,1303.5,102402
1782977100,1303.5,1304.0,1303.1,1303.8,156725
1782977400,1303.8,1304.1,1302.8,1303.7,212935
1782977700,1303.9,1304.5,1303.7,1303.8,122860
1782978000,1303.9,1304.6,1303.8,1304.4,132300
1782978300,1303.9,1304.5,1303.2,1304.2,211913
1782978600,1304.2,1304.5,1303.3,1304.3,230154
1782978900,1304.1,1305.0,1303.7,1304.2,381165
1782979200,1304.1,1304.5,1303.4,1303.8,302302
1782979500,1303.4,1307.0,1303.4,1305.1,198253
1782979800,1305.1,1305.4,1303.8,1303.9,127129
1782980100,1303.9,1304.7,1303.7,1303.8,165402
1782980400,1303.7,1304.9,1303.6,1303.7,123827
1782980700,1303.9,1304.1,1303.4,1303.7,104886
1782981000,1303.8,1304.2,1303.2,1304.0,126228
1782981300,1304.0,1304.5,1303.7,1304.0,136658
1782981600,1304.0,1304.6,1303.8,1303.9,167292
1782981900,1303.9,1304.5,1303.6,1303.6,177491
1782982200,1303.7,1304.5,1303.5,1303.8,111772
1782982500,1303.9,1304.0,1303.2,1303.3,146550
1782982800,1303.4,1304.0,1303.3,1303.5,97692
1782983100,1304.0,1304.1,1303.3,1303.6,107008
1782983400,1303.6,1304.5,1303.6,1303.8,134056
1782983700,1303.8,1304.9,1303.5,1303.7,264661
1782984000,1303.7,1304.2,1303.5,1303.5,163728
1782984300,1303.5,1303.9,1302.9,1303.1,146594
1782984600,1303.2,1305.4,1303.1,1303.9,716742
1782984900,1304.0,1305.8,1303.1,1303.9,1027293
1782985200,1304.0,1304.0,1303.4,1303.8,343211
1782985500,1303.8,1303.8,1301.7,1302.0,353249
1782985800,1302.3,1303.1,1301.3,1302.5,412772
1782986100,1302.2,1302.7,1301.0,1301.9,339794
1783050300,1312.0,1312.0,1306.0,1306.4,330211
1783050600,1306.5,1308.8,1306.1,1307.0,91054
1783050900,1307.0,1307.9,1306.6,1307.0,58988
1783051200,1307.0,1309.9,1306.8,1309.1,107494
1783051500,1309.1,1309.1,1307.8,1308.3,33346
1783051800,1308.3,1308.6,1306.5,1307.0,77363
1783052100,1306.8,1308.1,1306.6,1307.0,52610
1783052400,1307.0,1307.6,1306.1,1306.1,55992
1783052700,1306.0,1307.0,1305.2,1307.0,81394
1783053000,1306.8,1307.2,1304.1,1304.4,119533
1783053300,1304.4,1306.6,1304.1,1306.0,144791
1783053600,1306.2,1306.3,1305.0,1305.1,48219
1783053900,1305.1,1305.5,1304.5,1304.8,43549
1783054200,1304.6,1304.8,1303.5,1304.1,87519
1783054500,1304.0,1304.8,1303.4,1304.2,99697
1783054800,1304.3,1305.5,1304.2,1305.2,65341
1783055100,1305.5,1305.5,1304.1,1304.1,59183
1783055400,1304.1,1304.5,1303.3,1303.5,52722
1783055700,1303.6,1305.2,1303.1,1304.0,168998
1783056000,1304.0,1304.0,1303.5,1303.5,41840
1783056300,1303.5,1304.9,1302.5,1303.3,138131
1783056600,1303.6,1304.5,1303.0,1304.1,58561
1783056900,1304.1,1304.5,1303.0,1303.0,124062
1783057200,1303.4,1303.4,1302.0,1302.6,64388
1783057500,1302.8,1303.4,1302.5,1302.9,82748
1783057800,1303.0,1303.9,1302.0,1303.2,97240
1783058100,1303.3,1304.3,1303.0,1303.5,121570
1783058400,1303.8,1304.3,1302.9,1304.0,147557
1783058700,1303.9,1305.9,1303.6,1305.5,229455
1783059000,1305.7,1307.0,1305.2,1305.6,112226
1783059300,1305.7,1307.0,1305.0,1306.3,70516
1783059600,1306.4,1307.3,1306.0,1307.0,85992
1783059900,1307.2,1310.0,1306.6,1309.3,306606
1783060200,1309.2,1309.4,1307.7,1308.6,125840
1783060500,1308.8,1308.9,1306.0,1306.3,117695
1783060800,1306.1,1307.7,1305.4,1307.0,280252
1783061100,1307.0,1307.3,1304.8,1305.5,94748
1783061400,1305.5,1306.0,1304.1,1304.4,119446
1783061700,1304.5,1304.6,1303.0,1303.5,95316
1783062000,1303.5,1304.1,1303.2,1303.3,55653
1783062300,1303.3,1304.9,1303.1,1303.8,56283
1783062600,1303.8,1304.1,1303.2,1303.2,58074
1783062900,1303.2,1305.0,1303.1,1304.6,172565
1783063200,1304.4,1304.8,1304.0,1304.1,31014
1783063500,1304.2,1304.7,1304.0,1304.4,57978
1783063800,1304.2,1304.6,1304.0,1304.0,59731
1783064100,1304.1,1305.0,1304.0,1304.2,57188
1783064400,1304.3,1304.4,1303.0,1303.7,62557
1783064700,1303.6,1304.4,1303.2,1304.0,47414
1783065000,1304.0,1304.2,1303.5,1303.6,47991
1783065300,1303.5,1304.0,1303.0,1303.6,127300
1783065600,1303.5,1303.8,1303.0,1303.1,67917
1783065900,1303.2,1304.0,1302.3,1303.4,137890
1783066200,1303.5,1305.0,1303.3,1304.9,56964
1783066500,1305.0,1305.0,1303.5,1305.0,118191
1783066800,1304.8,1305.4,1304.5,1305.0,124747
1783067100,1304.9,1305.3,1304.1,1304.6,47181
1783067400,1304.7,1305.0,1304.4,1304.7,33025
1783067700,1304.7,1306.5,1304.5,1306.1,126075
1783068000,1306.3,1306.4,1306.0,1306.1,50358
1783068300,1306.0,1306.3,1304.8,1306.1,110724
1783068600,1306.1,1306.3,1305.5,1306.0,60695
1783068900,1305.9,1306.0,1305.5,1305.5,66709
1783069200,1305.6,1306.2,1304.5,1304.7,145413
1783069500,1304.7,1306.0,1304.1,1305.0,131851
1783069800,1305.0,1305.3,1304.1,1304.4,83421
1783070100,1304.7,1304.9,1304.0,1304.2,78014
1783070400,1304.5,1304.5,1303.2,1303.7,71372
1783070700,1303.7,1304.0,1303.1,1303.4,54636
1783071000,1303.5,1304.2,1303.5,1304.0,108659
1783071300,1303.8,1304.5,1303.6,1303.8,324395
1783071600,1303.8,1304.0,1303.7,1303.8,110694
1783071900,1303.8,1304.5,1303.5,1304.1,172311
1783072200,1304.3,1304.5,1303.5,1303.7,152352
1783072500,1303.7,1305.2,1302.5,1305.0,212145
1783309500,1304.0,1305.9,1301.0,1302.4,325440
1783309800,1301.9,1302.5,1299.4,1301.7,140943
1783310100,1301.7,1303.3,1300.1,1300.7,86492
1783310400,1301.2,1303.0,1301.2,1303.0,63784
1783310700,1303.0,1304.2,1302.8,1303.6,50770
1783311000,1303.9,1303.9,1301.8,1302.2,46308
1783311300,1302.3,1304.8,1302.2,1303.1,81952
1783311600,1303.1,1303.3,1302.3,1302.7,46746
1783311900,1303.0,1303.3,1302.7,1303.1,34672
1783312200,1303.0,1303.2,1302.2,1302.6,40413
1783312500,1302.5,1303.1,1302.2,1303.0,60563
1783312800,1302.8,1303.3,1301.5,1303.3,98998
1783313100,1303.3,1304.7,1303.1,1304.1,81469
1783313400,1304.6,1307.7,1304.5,1306.7,188596
1783313700,1306.7,1309.8,1306.3,1309.2,153481
1783314000,1309.2,1311.0,1308.8,1310.7,166762
1783314300,1310.7,1311.0,1308.5,1308.8,75251
1783314600,1308.8,1309.3,1308.3,1308.5,53231
1783314900,1308.6,1310.4,1308.0,1310.0,107635
1783315200,1310.0,1319.7,1309.7,1319.3,421724
1783315500,1319.8,1325.6,1318.7,1322.7,560211
1783315800,1323.0,1325.0,1320.0,1321.2,182066
1783316100,1321.5,1321.6,1319.6,1320.2,99999
1783316400,1320.2,1321.6,1318.7,1321.3,126692
1783316700,1321.2,1321.3,1318.0,1318.4,58391
1783317000,1318.4,1320.0,1317.4,1319.9,85852
1783317300,1319.9,1321.5,1317.8,1321.5,95398
1783317600,1321.5,1323.7,1321.2,1322.3,102426
1783317900,1322.3,1322.4,1320.2,1320.7,48693
1783318200,1320.7,1323.5,1320.4,1323.0,81520
1783318500,1323.0,1323.2,1322.3,1322.8,68322
1783318800,1322.8,1322.9,1320.2,1321.3,63070
1783319100,1321.0,1322.0,1320.5,1321.5,36632
1783319400,1321.4,1321.7,1320.1,1320.7,30188
1783319700,1320.6,1321.4,1320.3,1321.1,37506
1783320000,1321.4,1322.6,1321.1,1322.5,35278
1783320300,1322.8,1322.9,1321.1,1322.0,39336
1783320600,1321.9,1323.0,1321.9,1322.9,55424
1783320900,1322.9,1322.9,1321.1,1322.4,45103
1783321200,1322.5,1324.9,1322.4,1324.5,134096
1783321500,1324.3,1325.4,1323.7,1324.2,229004
1783321800,1324.2,1324.8,1322.2,1323.8,52498
1783322100,1323.7,1324.0,1321.5,1322.1,49005
1783322400,1322.1,1323.0,1320.9,1321.8,60532
1783322700,1321.6,1323.0,1319.2,1321.2,142240
1783323000,1321.2,1322.7,1320.0,1322.7,31750
1783323300,1322.7,1323.6,1322.1,1323.3,54737
1783323600,1323.6,1323.8,1323.0,1323.1,63853
1783323900,1323.0,1323.8,1322.6,1323.1,39475
1783324200,1323.2,1323.3,1321.4,1321.9,39077
1783324500,1321.9,1322.1,1320.6,1321.5,68093
1783324800,1321.4,1322.0,1321.2,1321.9,25896
1783325100,1321.9,1323.9,1321.6,1323.6,127499
1783325400,1323.6,1324.4,1322.0,1322.0,180447
1783325700,1322.1,1322.2,1321.3,1322.0,42268
1783326000,1322.0,1322.4,1320.0,1320.3,67971
1783326300,1320.1,1320.7,1319.0,1319.4,68703
1783326600,1319.2,1319.6,1318.3,1319.6,79850
1783326900,1319.5,1320.6,1318.2,1319.0,138208
1783327200,1319.1,1319.7,1318.1,1318.5,63297
1783327500,1318.2,1319.6,1318.0,1318.5,37558
1783327800,1318.4,1320.0,1317.6,1319.7,79948
1783328100,1319.5,1320.7,1319.4,1319.9,61317
1783328400,1319.7,1319.9,1318.5,1318.9,27169
1783328700,1319.0,1320.4,1318.9,1319.5,47585
1783329000,1319.6,1319.6,1317.6,1318.2,83500
1783329300,1318.1,1318.8,1317.1,1317.5,53878
1783329600,1317.4,1320.2,1317.4,1319.5,125135
1783329900,1319.4,1319.5,1317.6,1317.6,52087
1783330200,1317.9,1320.5,1317.9,1320.4,165775
1783330500,1320.5,1321.2,1320.0,1320.9,169925
1783330800,1320.9,1322.4,1320.8,1321.9,184512
1783331100,1321.9,1322.3,1321.0,1321.5,173593
1783331400,1321.6,1322.0,1321.1,1322.0,169829
1783331700,1321.9,1322.0,1320.7,1321.7,201768
1783395900,1323.5,1328.0,1320.9,1321.5,276769
1783396200,1321.4,1322.5,1318.3,1319.7,115910
1783396500,1319.7,1319.7,1315.2,1316.2,109694
1783396800,1316.5,1316.9,1315.1,1315.8,80494
1783397100,1315.8,1319.9,1315.1,1317.0,130404
1783397400,1317.0,1320.6,1317.0,1319.0,135782
1783397700,1319.0,1320.0,1317.7,1319.7,71670
1783398000,1319.7,1320.9,1319.4,1320.3,75865
1783398300,1320.4,1321.0,1319.2,1319.8,60070
1783398600,1319.6,1321.5,1318.6,1320.7,93456
1783398900,1320.6,1321.3,1319.2,1321.2,74177
1783399200,1320.7,1322.3,1320.0,1320.8,88178
1783399500,1320.4,1320.8,1319.0,1319.9,59203
1783399800,1319.9,1319.9,1317.0,1318.0,95483
1783400100,1318.0,1319.5,1316.7,1319.3,235850
1783400400,1319.3,1321.5,1317.4,1321.4,96804
1783400700,1321.4,1322.0,1319.6,1320.3,62295
1783401000,1320.3,1322.0,1319.0,1319.6,155053
1783401300,1319.7,1320.7,1319.0,1319.9,172222
1783401600,1319.9,1320.3,1318.3,1320.1,126706
1783401900,1319.8,1320.1,1318.0,1318.5,123748
1783402200,1318.1,1320.0,1318.1,1318.8,206051
1783402500,1318.8,1319.3,1317.8,1318.2,126880
1783402800,1318.2,1320.0,1318.1,1319.7,264493
1783403100,1319.7,1320.0,1316.4,1316.6,232148
1783403400,1317.0,1318.0,1316.3,1316.9,190192
1783403700,1317.0,1318.7,1315.0,1316.5,188848
1783404000,1316.5,1317.6,1316.2,1317.1,61112
1783404300,1317.0,1317.3,1315.5,1316.4,166770
1783404600,1316.2,1316.7,1312.0,1312.5,295773
1783404900,1312.6,1314.1,1311.8,1313.5,336486
1783405200,1313.4,1314.9,1313.2,1313.6,126181
1783405500,1313.8,1315.0,1313.5,1314.4,159057
1783405800,1314.4,1315.5,1313.5,1314.0,225300
1783406100,1313.9,1314.6,1313.3,1314.0,97294
1783406400,1314.0,1314.2,1311.1,1313.8,224510
1783406700,1313.5,1314.3,1310.0,1312.7,341034
1783407000,1312.7,1315.6,1312.7,1314.3,185931
1783407300,1314.3,1314.8,1313.2,1314.1,74409
1783407600,1313.9,1314.9,1313.0,1314.8,191054
1783407900,1314.8,1315.3,1313.3,1314.5,307196
1783408200,1314.5,1316.0,1313.8,1315.3,239363
1783408500,1315.3,1315.9,1314.6,1315.7,134217
1783408800,1315.4,1316.9,1314.5,1316.0,266711
1783409100,1315.8,1316.9,1314.1,1316.1,294890
1783409400,1316.1,1316.5,1315.1,1315.5,135678
1783409700,1315.5,1315.5,1314.5,1314.7,62566
1783410000,1315.1,1315.9,1314.6,1315.8,110489
1783410300,1315.4,1315.9,1313.3,1313.6,145981
1783410600,1313.6,1314.1,1312.0,1312.8,131320
1783410900,1313.0,1315.4,1312.8,1314.5,125012
1783411200,1314.6,1315.0,1314.0,1314.0,111476
1783411500,1314.0,1314.6,1312.2,1313.2,159039
1783411800,1313.2,1314.8,1312.9,1313.6,161186
1783412100,1314.0,1315.7,1313.3,1313.4,279010
1783412400,1314.0,1314.2,1312.2,1313.1,121225
1783412700,1312.7,1314.4,1312.6,1313.4,189782
1783413000,1313.4,1313.8,1312.1,1313.2,137219
1783413300,1312.7,1314.6,1312.7,1314.3,142611
1783413600,1314.3,1315.2,1313.8,1314.5,111906
1783413900,1314.5,1315.2,1313.3,1313.5,135254
1783414200,1313.5,1314.3,1312.9,1313.7,170808
1783414500,1313.7,1314.8,1313.5,1313.8,153325
1783414800,1313.8,1314.8,1313.7,1314.5,102916
1783415100,1314.4,1315.8,1314.0,1315.3,161375
1783415400,1315.1,1316.1,1314.1,1316.0,162297
1783415700,1315.6,1316.2,1314.4,1316.1,142659
1783416000,1315.7,1316.5,1315.1,1315.9,91201
1783416300,1315.9,1316.9,1315.0,1315.3,143847
1783416600,1315.4,1315.7,1312.5,1312.8,715152
1783416900,1312.7,1312.8,1307.6,1307.7,792205
1783417200,1307.7,1308.4,1307.0,1307.7,379043
1783417500,1307.6,1307.7,1305.7,1306.5,466860
1783417800,1306.9,1306.9,1304.4,1304.8,513485
1783418100,1304.7,1305.0,1304.1,1304.9,661263
1783482300,1297.0,1302.3,1288.6,1292.0,1380185
1783482600,1291.6,1292.1,1281.5,1282.0,915322
1783482900,1282.0,1282.4,1278.0,1280.0,878457
1783483200,1280.3,1281.6,1278.0,1278.6,535276
1783483500,1278.2,1280.3,1278.0,1278.2,418149
1783483800,1278.1,1281.7,1277.4,1280.8,302150
1783484100,1281.0,1283.9,1280.0,1283.2,247967
1783484400,1283.5,1285.4,1282.0,1284.9,331843
1783484700,1285.0,1288.5,1284.3,1288.0,455467
1783485000,1288.0,1288.7,1287.0,1288.0,345029
1783485300,1288.2,1290.7,1286.5,1290.0,585787
1783485600,1290.2,1293.0,1290.0,1290.9,210188
1783485900,1290.9,1292.8,1290.5,1292.8,271008
1783486200,1292.9,1293.0,1290.7,1291.0,186564
1783486500,1291.0,1293.4,1290.7,1292.8,154011
1783486800,1293.2,1293.8,1291.0,1291.3,110428
1783487100,1291.1,1292.6,1290.8,1292.2,77505
1783487400,1292.3,1295.3,1291.8,1293.1,244216
1783487700,1293.3,1293.3,1291.2,1292.7,123869
1783488000,1292.7,1293.3,1292.0,1292.1,78858
1783488300,1292.1,1293.9,1292.0,1293.1,115787
1783488600,1293.1,1293.7,1291.6,1292.1,125349
1783488900,1292.1,1293.5,1292.0,1293.2,65530
1783489200,1293.4,1293.9,1292.0,1292.4,57735
1783489500,1292.4,1292.6,1291.5,1292.6,104312
1783489800,1292.6,1292.8,1291.5,1292.8,56781
1783490100,1292.9,1293.5,1292.5,1293.1,107560
1783490400,1293.1,1293.4,1291.8,1292.2,373317
1783490700,1292.5,1293.1,1292.0,1292.5,66472
1783491000,1292.6,1293.5,1292.0,1293.0,135658
1783491300,1292.7,1293.2,1292.0,1292.7,163441
1783491600,1292.8,1294.2,1292.3,1293.3,141235
1783491900,1293.4,1294.2,1292.3,1293.0,195915
1783492200,1293.0,1293.5,1290.1,1290.6,117398
1783492500,1290.5,1291.0,1290.0,1290.0,157746
1783492800,1290.2,1291.2,1290.0,1290.3,164751
1783493100,1290.2,1291.1,1288.1,1291.0,249612
1783493400,1290.7,1291.1,1288.5,1288.9,98101
1783493700,1288.5,1291.0,1288.5,1290.2,207394
1783494000,1290.2,1290.5,1288.9,1289.9,302820
1783494300,1289.4,1290.0,1288.0,1288.7,146177
1783494600,1288.3,1290.0,1288.0,1289.4,75515
1783494900,1289.5,1289.7,1288.5,1289.0,67759
1783495200,1289.0,1291.1,1289.0,1290.5,117202
1783495500,1290.9,1291.4,1290.1,1290.3,77406
1783495800,1290.2,1291.7,1290.0,1290.2,126668
1783496100,1290.5,1291.1,1290.1,1290.4,74458
1783496400,1290.4,1291.0,1290.0,1290.1,115847
1783496700,1290.2,1291.9,1290.0,1291.6,73299
1783497000,1291.9,1292.5,1291.0,1291.2,90900
1783497300,1291.7,1291.9,1290.4,1290.6,95773
1783497600,1290.9,1291.0,1290.0,1290.5,97491
1783497900,1290.6,1292.0,1290.5,1291.2,75400
1783498200,1291.3,1292.3,1291.1,1291.5,79055
1783498500,1291.6,1292.4,1286.0,1287.3,375144
1783498800,1287.2,1287.7,1285.0,1285.9,340288
1783499100,1286.0,1286.0,1283.2,1283.2,267115
1783499400,1283.7,1284.3,1281.4,1282.1,262300
1783499700,1282.0,1282.3,1275.0,1275.7,674860
1783500000,1275.9,1276.6,1271.6,1276.5,464045
1783500300,1276.4,1280.6,1275.1,1276.7,459169
1783500600,1276.8,1278.0,1275.8,1277.0,267913
1783500900,1277.0,1278.0,1275.5,1275.7,357507
1783501200,1275.7,1278.4,1275.5,1276.4,299724
1783501500,1276.7,1277.3,1272.6,1273.7,402637
1783501800,1274.0,1275.4,1273.2,1275.0,256709
1783502100,1275.2,1276.0,1273.4,1274.6,167008
1783502400,1274.6,1275.0,1272.6,1274.5,264910
1783502700,1274.5,1276.0,1272.9,1273.5,275251
1783503000,1273.3,1277.1,1273.3,1275.6,419242
1783503300,1275.7,1276.6,1275.6,1275.8,385867
1783503600,1275.6,1277.0,1275.0,1276.0,360554
1783503900,1275.9,1276.9,1275.2,1276.0,484244
1783504200,1275.9,1276.6,1275.2,1276.1,376543
1783504500,1276.0,1276.1,1274.0,1274.9,460250
1783568700,1277.1,1281.0,1274.2,1279.5,568387
1783569000,1279.5,1284.2,1279.0,1284.0,330374
1783569300,1283.9,1286.6,1282.3,1286.0,357337
1783569600,1285.4,1286.2,1283.1,1286.1,264191
1783569900,1286.0,1288.6,1284.0,1288.0,253410
1783570200,1288.1,1288.2,1285.8,1287.9,164825
1783570500,1287.9,1290.5,1286.0,1288.0,230564
1783570800,1288.1,1290.2,1287.5,1289.8,185493
1783571100,1289.8,1290.4,1288.1,1290.0,182057
1783571400,1290.0,1292.5,1289.2,1291.5,349592
1783571700,1291.5,1292.0,1290.2,1291.5,223318
1783572000,1291.5,1291.5,1287.9,1288.6,155914
1783572300,1288.7,1288.9,1286.7,1287.1,128814
1783572600,1287.0,1291.7,1287.0,1290.8,233617
1783572900,1290.9,1291.6,1289.9,1290.7,104839
1783573200,1290.5,1291.0,1289.2,1289.8,117894
1783573500,1289.8,1290.3,1287.0,1290.2,160789
1783573800,1290.2,1296.5,1289.4,1293.8,467201
1783574100,1294.1,1294.5,1290.6,1291.3,151582
1783574400,1291.3,1293.0,1289.6,1291.0,214372
1783574700,1291.1,1291.6,1289.6,1289.8,76661
1783575000,1290.0,1290.3,1288.0,1290.0,151820
1783575300,1290.2,1290.3,1288.3,1288.6,61807
1783575600,1288.6,1289.0,1287.8,1288.7,91753
1783575900,1288.5,1289.2,1287.7,1288.6,84228
1783576200,1288.6,1290.3,1288.1,1289.4,106344
1783576500,1289.4,1291.6,1289.1,1290.2,108259
1783576800,1290.2,1290.8,1287.1,1287.7,102705
1783577100,1287.7,1288.1,1286.4,1287.4,102661
1783577400,1287.3,1287.7,1285.5,1286.4,266948
1783577700,1286.4,1287.0,1285.0,1285.8,216723
1783578000,1285.9,1289.0,1285.8,1288.3,111955
1783578300,1288.8,1289.8,1288.2,1288.7,171518
1783578600,1288.7,1289.7,1287.5,1289.6,192001
1783578900,1289.6,1291.7,1287.8,1290.8,194494
1783579200,1290.8,1292.0,1290.1,1290.5,104463
1783579500,1290.5,1292.0,1290.1,1291.0,108166
1783579800,1290.9,1294.0,1290.3,1293.6,128097
1783580100,1293.7,1293.9,1291.0,1291.7,126799
1783580400,1291.3,1291.8,1290.1,1290.2,84325
1783580700,1290.1,1290.2,1288.0,1288.9,110020
1783581000,1288.7,1289.3,1286.7,1287.3,179661
1783581300,1287.2,1289.9,1287.2,1289.2,156843
1783581600,1289.5,1291.5,1288.5,1291.5,149043
1783581900,1291.5,1291.9,1290.3,1290.8,135866
1783582200,1290.6,1291.7,1289.6,1290.9,172757
1783582500,1291.1,1291.4,1288.8,1291.1,183881
1783582800,1291.1,1291.9,1290.3,1291.2,119633
1783583100,1291.3,1292.3,1290.6,1291.8,128455
1783583400,1291.6,1292.8,1290.4,1291.2,147701
1783583700,1291.1,1291.4,1289.8,1290.3,153612
1783584000,1290.3,1292.5,1290.3,1291.5,104169
1783584300,1291.5,1292.7,1290.6,1291.7,159415
1783584600,1291.4,1292.0,1290.2,1291.1,65277
1783584900,1291.1,1291.4,1289.6,1290.0,117787
1783585200,1290.0,1290.2,1288.8,1289.0,97446
1783585500,1289.0,1289.8,1288.6,1288.7,91979
1783585800,1288.7,1289.5,1287.5,1287.7,65031
1783586100,1287.7,1288.2,1287.0,1287.2,100640
1783586400,1287.1,1288.0,1286.0,1287.1,244680
1783586700,1287.1,1288.7,1286.0,1286.4,188916
1783587000,1286.2,1287.5,1285.0,1287.1,129091
1783587300,1287.5,1288.2,1286.1,1287.8,188510
1783587600,1287.8,1289.7,1286.7,1288.6,201779
1783587900,1288.6,1289.3,1284.5,1285.7,261215
1783588200,1285.6,1286.0,1282.7,1283.5,557842
1783588500,1283.6,1284.0,1282.0,1282.5,194083
1783588800,1282.4,1285.2,1282.3,1284.1,179105
1783589100,1284.2,1285.0,1283.2,1283.3,126939
1783589400,1283.6,1283.6,1279.2,1279.9,458069
1783589700,1279.9,1281.6,1278.0,1279.4,565724
1783590000,1279.3,1279.6,1276.8,1277.3,413222
1783590300,1277.3,1279.9,1277.2,1279.9,322763
1783590600,1280.2,1282.0,1279.7,1280.2,295882
1783590900,1280.1,1282.5,1279.6,1280.9,293939
1783655100,1291.9,1293.0,1287.8,1290.2,469873
1783655400,1290.2,1299.5,1290.0,1299.5,527306
1783655700,1299.3,1302.0,1297.0,1298.0,630113
1783656000,1297.9,1299.8,1297.1,1298.7,233133
1783656300,1298.2,1299.9,1296.4,1298.0,218047
1783656600,1297.6,1303.0,1297.6,1300.3,303180
1783656900,1300.4,1303.9,1300.0,1303.3,186665
1783657200,1303.4,1304.0,1301.8,1303.8,152345
1783657500,1303.8,1303.9,1302.4,1303.0,92349
1783657800,1303.0,1304.3,1301.2,1302.0,261823
1783658100,1301.9,1302.0,1300.3,1301.5,120344
1783658400,1301.5,1302.0,1300.5,1300.6,61292
1783658700,1300.6,1300.9,1300.2,1300.9,58563
1783659000,1300.9,1301.5,1300.4,1300.7,65122
1783659300,1300.8,1301.9,1300.5,1300.7,73902
1783659600,1300.8,1300.9,1300.1,1300.6,33573
1783659900,1300.7,1301.9,1300.6,1301.7,74602
1783660200,1301.8,1302.0,1301.6,1301.9,42013
1783660500,1302.0,1302.0,1301.4,1301.9,26390
1783660800,1302.0,1302.0,1300.4,1301.0,33995
1783661100,1301.0,1302.6,1300.4,1302.6,78001
1783661400,1302.6,1303.3,1301.4,1301.5,66457
1783661700,1301.6,1301.8,1301.0,1301.0,23600
1783662000,1301.1,1301.4,1300.0,1301.3,97311
1783662300,1301.0,1301.5,1301.0,1301.2,49396
1783662600,1301.2,1301.9,1300.1,1301.7,91227
1783662900,1301.9,1301.9,1301.0,1301.0,24394
1783663200,1301.3,1302.2,1300.9,1300.9,73758
1783663500,1300.9,1301.6,1299.8,1300.7,182343
1783663800,1300.9,1302.4,1300.6,1302.0,48437
1783664100,1302.2,1302.8,1302.0,1302.4,57772
1783664400,1302.4,1302.4,1300.4,1301.4,88593
1783664700,1301.3,1302.8,1300.5,1302.5,96873
1783665000,1302.6,1302.9,1301.4,1302.4,91227
1783665300,1302.5,1302.5,1301.2,1301.7,27919
1783665600,1301.8,1301.8,1301.0,1301.5,18064
1783665900,1301.6,1301.8,1301.2,1301.5,26893
1783666200,1301.5,1301.9,1300.4,1301.6,92049
1783666500,1301.8,1302.9,1301.0,1302.6,78114
1783666800,1302.5,1302.6,1301.7,1302.1,45339
1783667100,1302.3,1302.6,1301.9,1302.2,29284
1783667400,1302.5,1302.5,1301.0,1301.7,65097
1783667700,1301.8,1302.5,1301.0,1302.5,55157
1783668000,1302.1,1303.0,1301.6,1301.9,93989
1783668300,1301.9,1302.0,1300.6,1300.8,47813
1783668600,1301.2,1303.0,1300.5,1303.0,109503
1783668900,1303.0,1303.0,1301.6,1302.0,55809
1783669200,1302.0,1302.1,1301.5,1301.8,31510
1783669500,1302.0,1302.2,1301.4,1302.1,27123
1783669800,1302.1,1302.1,1300.8,1301.2,55950
1783670100,1301.2,1302.8,1300.9,1302.7,63303
1783670400,1302.6,1304.9,1302.2,1304.6,149343
1783670700,1304.6,1304.8,1303.6,1303.9,58499
1783671000,1304.0,1304.4,1303.7,1304.0,27217
1783671300,1304.2,1305.0,1303.0,1303.2,66223
1783671600,1303.2,1304.2,1303.1,1304.0,33517
1783671900,1303.7,1304.0,1303.3,1303.3,35392
1783672200,1303.6,1303.9,1303.0,1303.5,29293
1783672500,1303.5,1303.5,1302.4,1302.5,40070
1783672800,1302.6,1303.5,1302.5,1303.5,28491
1783673100,1303.4,1304.0,1303.4,1303.9,18027
1783673400,1303.9,1305.8,1303.8,1305.3,112663
1783673700,1305.2,1307.9,1305.2,1307.5,141703
1783674000,1307.4,1307.8,1306.4,1306.6,68855
1783674300,1307.0,1307.0,1306.5,1306.8,29287
1783674600,1306.8,1307.4,1306.6,1307.0,39736
1783674900,1307.2,1307.6,1307.0,1307.5,56738
1783675200,1307.5,1307.5,1305.7,1305.9,66719
1783675500,1305.7,1306.0,1304.0,1304.5,73698
1783675800,1304.4,1305.5,1303.5,1305.3,200870
1783676100,1305.3,1306.3,1304.4,1306.0,236765
1783676400,1306.0,1307.8,1305.7,1307.5,230142
1783676700,1307.3,1308.8,1307.2,1308.8,263689
1783677000,1308.8,1310.0,1308.6,1309.9,301585
1783677300,1310.0,1311.1,1309.4,1309.6,319670
1783914300,1300.0,1303.7,1298.8,1301.3,297473
1783914600,1301.3,1304.4,1301.3,1304.1,160526
1783914900,1304.4,1305.5,1301.0,1304.9,162542
1783915200,1304.6,1305.0,1303.0,1303.6,120276
1783915500,1303.2,1304.5,1303.0,1304.2,77354
1783915800,1303.5,1305.5,1303.4,1303.7,117748
1783916100,1303.7,1305.1,1303.5,1304.8,80029
1783916400,1304.8,1306.4,1303.7,1305.2,169730
1783916700,1305.3,1306.1,1303.7,1305.0,191212
1783917000,1305.0,1305.0,1303.0,1303.5,73819
1783917300,1303.8,1303.8,1301.3,1303.1,166211
1783917600,1303.1,1303.5,1302.0,1302.3,76600
1783917900,1302.4,1303.1,1299.5,1300.1,181668
1783918200,1300.5,1301.1,1299.0,1300.1,176512
1783918500,1300.1,1302.0,1300.0,1301.3,118646
1783918800,1301.6,1301.8,1300.1,1300.4,120359
1783919100,1300.5,1301.3,1300.0,1300.1,48114
1783919400,1300.0,1300.4,1299.8,1300.0,112741
1783919700,1300.0,1300.3,1299.5,1299.6,215909
1783920000,1299.7,1300.0,1299.5,1299.9,85088
1783920300,1300.0,1300.3,1298.4,1298.8,161381
1783920600,1298.8,1299.3,1298.1,1298.9,64340
1783920900,1298.9,1299.9,1298.6,1299.5,66205
1783921200,1299.1,1300.0,1299.0,1299.4,95803
1783921500,1299.4,1299.8,1298.3,1299.0,79421
1783921800,1299.5,1300.1,1299.1,1299.6,109879
1783922100,1299.6,1299.8,1298.6,1299.0,112554
1783922400,1298.9,1299.8,1298.7,1299.0,93816
1783922700,1299.2,1300.0,1298.9,1298.9,116551
1783923000,1299.0,1299.9,1296.7,1297.4,229683
1783923300,1297.4,1298.7,1297.3,1297.7,64704
1783923600,1297.8,1298.2,1297.2,1297.4,137940
1783923900,1297.2,1298.1,1297.1,1297.5,54056
1783924200,1297.6,1299.0,1297.5,1298.2,109054
1783924500,1298.3,1299.2,1298.2,1298.9,41684
1783924800,1299.0,1300.9,1298.3,1299.9,222579
1783925100,1300.0,1300.7,1299.4,1300.0,179815
1783925400,1300.0,1300.4,1298.3,1298.7,161144
1783925700,1299.3,1299.7,1298.5,1298.7,125635
1783926000,1298.7,1299.9,1298.5,1299.9,79834
1783926300,1299.4,1300.0,1298.0,1299.3,88333
1783926600,1299.3,1300.0,1298.6,1299.3,65124
1783926900,1299.3,1299.9,1298.9,1299.8,46194
1783927200,1299.4,1302.8,1299.3,1300.5,201578
1783927500,1300.5,1301.0,1299.0,1299.3,117891
1783927800,1299.3,1299.6,1298.2,1299.2,154540
1783928100,1299.0,1300.0,1299.0,1299.9,37741
1783928400,1299.7,1300.4,1299.0,1299.6,65856
1783928700,1299.8,1300.2,1298.5,1300.1,88019
1783929000,1299.9,1300.4,1298.9,1299.0,127395
1783929300,1299.0,1299.7,1296.0,1296.8,146078
1783929600,1296.5,1297.9,1296.3,1297.2,75181
1783929900,1297.1,1298.4,1296.9,1298.0,98430
1783930200,1297.8,1298.4,1297.0,1298.0,41209
1783930500,1297.6,1298.7,1297.5,1298.7,55112
1783930800,1298.7,1298.7,1297.5,1298.0,38631
1783931100,1297.7,1298.7,1297.4,1298.0,63290
1783931400,1298.2,1298.9,1298.0,1298.3,57930
1783931700,1298.3,1299.2,1297.0,1297.7,86990
1783932000,1297.7,1299.2,1297.6,1298.2,43101
1783932300,1298.2,1299.0,1297.1,1298.0,109976
1783932600,1298.1,1299.2,1297.1,1297.7,139045
1783932900,1297.6,1298.1,1296.3,1297.0,139207
1783933200,1296.9,1298.3,1296.6,1296.9,190984
1783933500,1297.0,1297.1,1295.0,1296.6,142819
1783933800,1296.5,1297.0,1296.0,1296.5,93379
1783934100,1296.5,1298.0,1296.3,1297.7,67710
1783934400,1297.8,1299.0,1297.7,1298.5,101484
1783934700,1298.7,1298.8,1297.2,1298.1,80902
1783935000,1298.2,1298.5,1296.4,1297.1,401948
1783935300,1297.1,1297.9,1296.8,1297.3,258759
1783935600,1297.2,1297.3,1296.7,1296.7,194074
1783935900,1296.7,1296.9,1296.4,1296.5,231880
1783936200,1296.6,1296.9,1296.3,1296.6,259079
1783936500,1296.6,1297.0,1296.1,1297.0,247203
1784000700,1290.0,1296.2,1290.0,1295.4,290071
1784001000,1295.4,1298.1,1295.1,1297.7,208045
1784001300,1297.7,1298.8,1296.2,1297.3,195651
1784001600,1297.3,1298.0,1295.7,1297.3,159964
1784001900,1297.2,1298.0,1295.1,1295.2,245951
1784002200,1295.4,1297.5,1294.5,1297.2,174647
1784002500,1297.2,1297.4,1295.3,1296.2,117941
1784002800,1296.2,1296.7,1295.0,1295.1,83691
1784003100,1295.1,1299.0,1295.0,1298.4,185280
1784003400,1298.1,1301.9,1297.7,1299.2,475250
1784003700,1299.4,1300.3,1299.1,1300.1,151195
1784004000,1299.9,1300.7,1297.6,1298.4,153415
1784004300,1298.1,1299.4,1296.1,1298.0,141086
1784004600,1297.9,1299.8,1297.7,1298.4,107091
1784004900,1298.5,1298.9,1297.6,1298.0,72787
1784005200,1297.9,1299.2,1297.5,1298.8,72601
1784005500,1299.0,1299.5,1298.1,1299.1,55753
1784005800,1299.1,1302.0,1297.7,1301.4,192015
1784006100,1301.7,1304.8,1301.4,1304.4,240137
1784006400,1304.5,1305.9,1303.4,1305.5,173806
1784006700,1305.5,1307.4,1305.2,1307.1,148000
1784007000,1307.4,1308.0,1305.0,1305.3,130539
1784007300,1305.0,1306.0,1304.0,1304.8,123191
1784007600,1304.8,1305.0,1303.2,1303.5,55109
1784007900,1303.6,1304.6,1302.5,1303.3,175527
1784008200,1303.5,1304.9,1302.5,1304.6,103247
1784008500,1304.3,1304.8,1303.2,1303.3,100848
1784008800,1303.2,1303.8,1301.3,1301.3,50286
1784009100,1301.4,1302.7,1300.1,1300.4,114268
1784009400,1300.2,1301.5,1300.0,1300.4,127125
1784009700,1300.0,1302.0,1300.0,1301.2,80538
1784010000,1301.2,1302.9,1300.7,1300.8,74134
1784010300,1300.7,1302.2,1300.1,1301.6,161843
1784010600,1301.7,1303.9,1301.5,1303.1,60636
1784010900,1303.4,1303.4,1300.8,1302.2,118851
1784011200,1302.3,1302.6,1300.4,1301.0,159354
1784011500,1301.0,1301.1,1299.3,1300.7,170255
1784011800,1300.7,1300.7,1300.0,1300.2,93767
1784012100,1300.1,1300.3,1298.1,1298.4,100994
1784012400,1298.4,1299.6,1298.0,1299.2,166593
1784012700,1299.1,1301.0,1299.0,1300.4,112655
1784013000,1300.4,1301.6,1300.0,1301.0,99982
1784013300,1301.0,1301.9,1300.0,1301.6,108954
1784013600,1301.3,1301.8,1301.0,1301.1,48101
1784013900,1301.2,1302.9,1301.1,1302.3,104502
1784014200,1302.2,1303.0,1301.2,1302.6,97190
1784014500,1302.8,1303.4,1302.2,1303.2,55425
1784014800,1303.4,1303.4,1300.5,1300.5,96056
1784015100,1300.8,1302.4,1300.1,1301.6,120441
1784015400,1302.1,1302.5,1300.9,1301.1,77303
1784015700,1301.2,1302.5,1300.3,1301.9,103538
1784016000,1301.8,1302.0,1300.0,1300.5,87722
1784016300,1300.5,1300.7,1297.5,1297.9,120647
1784016600,1298.1,1299.3,1297.6,1298.3,224441
1784016900,1298.3,1299.1,1297.7,1298.5,145025
1784017200,1298.7,1298.7,1296.1,1296.1,201614
1784017500,1296.4,1296.9,1295.0,1295.8,80591
1784017800,1295.7,1295.9,1294.1,1294.7,75831
1784018100,1295.0,1295.0,1293.0,1293.0,86857
1784018400,1293.1,1294.0,1291.6,1291.6,172572
1784018700,1291.7,1293.7,1290.9,1292.4,247384
1784019000,1292.5,1293.0,1291.0,1291.4,178713
1784019300,1291.7,1292.5,1291.0,1291.8,106332
1784019600,1292.0,1292.2,1291.0,1291.7,65806
1784019900,1291.8,1292.4,1290.2,1291.2,174989
1784020200,1291.2,1291.8,1290.6,1291.0,82330
1784020500,1291.0,1291.9,1290.0,1290.4,173424
1784020800,1290.4,1291.3,1290.1,1290.3,151942
1784021100,1290.6,1292.2,1290.0,1291.3,213184
1784021400,1291.2,1294.0,1291.2,1293.4,524160
1784021700,1293.4,1295.0,1292.5,1293.1,656048
1784022000,1293.1,1295.1,1292.0,1293.7,838786
1784022300,1293.7,1294.4,1289.1,1289.9,736733
1784022600,1290.0,1295.7,1286.9,1295.1,912739
1784022900,1295.0,1296.3,1292.2,1295.0,338298
1784087100,1294.1,1300.3,1294.1,1297.7,392142
1784087400,1297.7,1304.6,1297.7,1303.7,283440
1784087700,1303.6,1310.9,1303.4,1305.3,447064
1784088000,1305.3,1306.0,1303.6,1303.9,108082
1784088300,1303.9,1305.7,1303.3,1303.4,84965
1784088600,1303.5,1303.8,1302.0,1302.2,101118
1784088900,1302.3,1302.7,1302.1,1302.4,55324
1784089200,1302.4,1302.5,1301.4,1302.4,64143
1784089500,1302.6,1302.8,1300.2,1300.4,91396
1784089800,1300.5,1301.2,1300.1,1301.0,65299
1784090100,1301.0,1302.5,1300.5,1301.7,71705
1784090400,1301.8,1304.0,1300.6,1303.8,87656
1784090700,1303.9,1306.7,1303.5,1305.8,128819
1784091000,1305.7,1305.7,1304.0,1304.9,66070
1784091300,1304.9,1305.7,1303.9,1304.6,56082
1784091600,1304.7,1304.7,1303.1,1304.2,50608
1784091900,1304.2,1304.2,1302.9,1303.5,49908
1784092200,1303.4,1304.5,1303.2,1303.8,37807
1784092500,1303.8,1304.4,1302.9,1304.3,76985
1784092800,1304.1,1304.6,1303.0,1303.4,116778
1784093100,1303.8,1303.9,1302.3,1302.5,79467
1784093400,1302.6,1303.7,1302.4,1303.3,51992
1784093700,1303.1,1303.3,1302.2,1303.2,44212
1784094000,1303.2,1303.4,1300.8,1300.9,63884
1784094300,1301.0,1303.9,1300.8,1302.7,95732
1784094600,1302.7,1302.7,1301.4,1302.5,64038
1784094900,1302.5,1306.9,1302.4,1305.8,133894
1784095200,1305.9,1306.7,1305.0,1306.4,174219
1784095500,1306.5,1306.7,1305.0,1305.2,79498
1784095800,1305.2,1305.9,1304.1,1304.5,100886
1784096100,1304.6,1304.7,1304.0,1304.5,71847
1784096400,1304.6,1304.9,1303.6,1303.9,175963
1784096700,1303.9,1306.4,1303.9,1304.3,139516
1784097000,1304.8,1305.1,1304.0,1304.3,68192
1784097300,1304.3,1305.0,1303.2,1303.5,158001
1784097600,1303.5,1303.5,1302.2,1303.2,88430
1784097900,1303.3,1304.5,1302.7,1304.4,91334
1784098200,1304.3,1304.4,1303.6,1304.1,70730
1784098500,1304.1,1304.5,1301.4,1301.9,73478
1784098800,1301.9,1301.9,1300.5,1300.6,49946
1784099100,1300.6,1300.8,1299.4,1299.4,94436
1784099400,1299.4,1301.0,1298.9,1300.6,94013
1784099700,1300.6,1300.8,1298.6,1299.4,113959
1784100000,1299.4,1300.3,1298.4,1298.5,121902
1784100300,1298.4,1298.8,1295.1,1297.1,333995
1784100600,1296.9,1298.8,1296.3,1298.8,137158
1784100900,1298.8,1299.8,1298.0,1299.3,216064
1784101200,1299.2,1299.4,1298.5,1299.3,91994
1784101500,1299.1,1299.9,1298.9,1299.9,184032
1784101800,1299.8,1300.0,1298.3,1299.6,113723
1784102100,1299.6,1300.4,1298.2,1300.4,117799
1784102400,1300.1,1300.4,1298.3,1298.9,114244
1784102700,1298.8,1300.4,1298.6,1299.8,144466
1784103000,1299.5,1300.2,1298.0,1298.6,121685
1784103300,1298.3,1301.0,1298.0,1300.3,125225
1784103600,1300.3,1300.3,1298.6,1299.3,93634
1784103900,1299.3,1300.7,1298.7,1300.4,100369
1784104200,1300.3,1300.6,1298.0,1298.6,109536
1784104500,1298.5,1299.1,1297.2,1297.4,96613
1784104800,1297.1,1297.4,1296.5,1297.1,72932
1784105100,1297.1,1299.1,1297.0,1298.1,243446
1784105400,1298.0,1298.3,1296.0,1296.5,216629
1784105700,1296.5,1297.0,1295.6,1297.0,92886
1784106000,1296.9,1297.2,1295.6,1296.6,102495
1784106300,1296.6,1298.9,1296.1,1298.8,329898
1784106600,1298.7,1298.9,1297.5,1298.8,111149
1784106900,1298.7,1298.9,1296.0,1296.5,96067
1784107200,1296.4,1297.3,1296.0,1296.8,89082
1784107500,1297.2,1297.6,1296.0,1296.3,119787
1784107800,1296.2,1297.5,1295.3,1295.6,242287
1784108100,1295.6,1295.7,1294.1,1294.6,220518
1784108400,1294.6,1295.0,1294.3,1295.0,144125
1784108700,1294.9,1296.0,1294.2,1295.1,204163
1784109000,1295.2,1296.5,1295.1,1296.3,187676
1784109300,1296.4,1297.1,1295.0,1296.2,212950
1784173500,1295.5,1303.5,1295.5,1302.1,513446
1784173800,1302.2,1304.0,1300.8,1301.1,263801
1784174100,1300.9,1302.0,1298.5,1301.9,431706
1784174400,1302.7,1305.0,1302.7,1303.4,220493
1784174700,1303.4,1303.9,1300.9,1301.4,152667
1784175000,1301.7,1309.4,1301.2,1307.9,413718
1784175300,1307.9,1307.9,1303.9,1304.1,147686
1784175600,1304.0,1305.4,1302.7,1305.1,240755
1784175900,1305.2,1308.6,1305.2,1305.2,192913
1784176200,1305.0,1306.0,1303.6,1305.3,138689
1784176500,1305.0,1306.3,1303.6,1305.4,158079
1784176800,1305.5,1306.3,1304.4,1305.8,49571
1784177100,1305.9,1308.5,1305.5,1306.8,241852
1784177400,1306.8,1307.0,1304.7,1305.0,67299
1784177700,1305.0,1306.0,1303.4,1304.6,147325
1784178000,1304.7,1306.0,1304.0,1304.4,101021
1784178300,1304.4,1305.0,1302.6,1302.8,149106
1784178600,1302.8,1304.5,1302.5,1304.3,116068
1784178900,1304.4,1304.4,1303.2,1303.5,82128
1784179200,1303.6,1304.7,1302.8,1303.0,167973
1784179500,1303.0,1303.9,1302.8,1303.7,73745
1784179800,1303.8,1305.9,1303.8,1305.1,137589
1784180100,1305.2,1308.8,1304.9,1308.1,257482
1784180400,1308.2,1308.2,1306.9,1307.1,77772
1784180700,1307.1,1307.7,1305.8,1305.8,103065
1784181000,1305.9,1306.8,1304.7,1305.1,82432
1784181300,1305.1,1306.3,1305.0,1306.0,72632
1784181600,1305.8,1307.4,1305.5,1306.6,246860
1784181900,1306.7,1307.6,1306.1,1307.2,93636
1784182200,1307.2,1307.5,1306.0,1306.3,110328
1784182500,1306.3,1308.0,1306.2,1307.2,77561
1784182800,1307.2,1307.3,1306.0,1306.5,104694
1784183100,1306.5,1308.0,1306.0,1307.3,80131
1784183400,1307.4,1307.4,1306.0,1306.3,87433
1784183700,1306.4,1306.5,1305.0,1305.0,169326
1784184000,1305.0,1306.4,1305.0,1305.1,88773
1784184300,1305.3,1305.6,1304.2,1305.2,108262
1784184600,1305.2,1305.3,1304.0,1304.4,69954
1784184900,1304.2,1305.5,1304.2,1305.4,87044
1784185200,1305.4,1305.9,1304.9,1305.6,69840
1784185500,1305.7,1305.9,1304.9,1305.0,72813
1784185800,1305.0,1305.9,1304.0,1304.0,102368
1784186100,1304.0,1305.3,1303.7,1304.8,98026
1784186400,1304.6,1304.9,1303.9,1304.3,76669
1784186700,1304.3,1304.4,1302.9,1303.2,88642
1784187000,1303.1,1303.8,1303.0,1303.4,122899
1784187300,1303.2,1305.5,1303.0,1304.9,84939
1784187600,1304.8,1305.3,1304.2,1304.3,80520
1784187900,1304.2,1305.1,1303.4,1304.5,129708
1784188200,1304.6,1306.0,1304.5,1305.1,77593
1784188500,1305.2,1305.2,1303.9,1304.1,96652
1784188800,1304.2,1304.2,1302.5,1302.8,106557
1784189100,1302.9,1302.9,1301.4,1301.4,109142
1784189400,1301.4,1301.5,1299.5,1300.1,222732
1784189700,1300.2,1301.1,1299.7,1301.0,133364
1784190000,1301.1,1302.3,1301.0,1302.1,169211
1784190300,1302.1,1303.7,1301.8,1302.9,267915
1784190600,1303.0,1303.4,1302.1,1302.4,124543
1784190900,1302.6,1303.5,1301.6,1302.1,133239
1784191200,1302.1,1303.5,1301.8,1302.2,111025
1784191500,1302.2,1303.0,1302.0,1302.5,96275
1784191800,1302.5,1302.7,1301.3,1302.3,274339
1784192100,1302.3,1303.1,1301.4,1302.0,176592
1784192400,1302.1,1302.5,1301.2,1301.8,112380
1784192700,1302.0,1302.7,1301.1,1302.4,106153
1784193000,1302.7,1304.3,1302.1,1303.5,207714
1784193300,1303.7,1303.7,1302.3,1302.3,72845
1784193600,1302.3,1302.7,1299.6,1300.6,171698
1784193900,1300.7,1302.9,1300.6,1302.0,155525
1784194200,1302.4,1303.8,1296.5,1296.9,972913
1784194500,1296.9,1298.9,1296.9,1297.7,906316
1784194800,1297.7,1298.4,1296.7,1296.9,630527
1784195100,1296.8,1296.8,1294.3,1294.8,840358
1784195400,1294.7,1294.9,1291.9,1292.6,1051347
1784195700,1292.6,1300.9,1291.8,1300.0,1165048
1784259900,1300.0,1310.5,1296.1,1309.0,570026
1784260200,1309.2,1311.6,1308.6,1310.0,274903
1784260500,1309.8,1311.5,1309.0,1311.0,172194
1784260800,1310.9,1311.6,1307.1,1307.3,151977
1784261100,1307.3,1313.5,1307.1,1312.6,358672
1784261400,1312.5,1318.5,1312.4,1317.5,941426
1784261700,1317.8,1323.1,1316.4,1321.4,753612
1784262000,1321.4,1322.7,1320.1,1322.0,450733
1784262300,1322.0,1323.7,1321.7,1322.6,513281
1784262600,1322.8,1323.0,1320.3,1320.8,303380
1784262900,1321.0,1321.0,1319.0,1319.3,303081
1784263200,1319.2,1320.0,1318.7,1319.6,169831
1784263500,1319.6,1322.3,1319.4,1321.9,179729
1784263800,1322.0,1322.3,1320.0,1321.1,157465
1784264100,1321.3,1321.8,1319.6,1320.9,118919
1784264400,1321.3,1322.5,1320.0,1321.0,135524
1784264700,1320.4,1321.0,1319.8,1320.1,53227
1784265000,1320.7,1321.0,1320.0,1320.9,89445
1784265300,1320.9,1321.3,1320.0,1320.1,133222
1784265600,1320.2,1321.6,1320.0,1321.3,91638
1784265900,1321.0,1321.4,1320.2,1320.5,58891
1784266200,1320.5,1321.1,1320.0,1320.5,59910
1784266500,1320.7,1321.0,1319.8,1320.2,110472
1784266800,1320.2,1320.5,1318.1,1319.5,156760
1784267100,1319.5,1322.0,1319.2,1321.9,167165
1784267400,1321.8,1322.0,1320.8,1321.2,79349
1784267700,1321.3,1322.8,1321.0,1322.0,138747
1784268000,1321.1,1323.5,1321.0,1321.8,243787
1784268300,1321.6,1322.7,1320.7,1321.3,69769
1784268600,1321.3,1321.3,1320.5,1320.7,45061
1784268900,1320.9,1322.0,1320.6,1320.9,102845
1784269200,1321.0,1321.2,1320.5,1320.6,46737
1784269500,1321.0,1321.0,1320.1,1320.2,60452
1784269800,1320.3,1321.3,1320.2,1321.2,89592
1784270100,1320.6,1321.0,1320.0,1320.7,77956
1784270400,1320.6,1321.0,1320.0,1320.0,60094
1784270700,1320.5,1321.0,1319.7,1321.0,199694
1784271000,1320.9,1321.0,1320.0,1320.6,93432
1784271300,1320.6,1321.2,1320.1,1321.1,118517
1784271600,1321.2,1321.7,1320.4,1321.4,180781
1784271900,1321.0,1321.6,1320.0,1320.9,147790
1784272200,1321.0,1321.1,1320.4,1320.9,65949
1784272500,1321.0,1321.9,1320.5,1321.2,80496
1784272800,1321.3,1321.4,1320.0,1321.1,117038
1784273100,1321.0,1321.5,1320.3,1320.7,84093
1784273400,1320.8,1321.0,1320.1,1320.5,53800
1784273700,1320.4,1321.0,1320.3,1320.7,67340
1784274000,1320.7,1321.2,1320.1,1320.7,114912
1784274300,1320.2,1321.0,1320.1,1320.4,153129
1784274600,1320.5,1321.0,1320.2,1320.4,95044
1784274900,1320.2,1321.0,1319.5,1320.4,185396
1784275200,1320.7,1321.5,1320.1,1321.1,101254
1784275500,1321.0,1324.5,1320.7,1322.7,380093
1784275800,1322.6,1323.0,1320.1,1320.8,226371
1784276100,1320.8,1321.4,1319.7,1320.0,147604
1784276400,1320.0,1320.0,1317.3,1319.2,206482
1784276700,1319.2,1320.2,1316.5,1317.3,236404
1784277000,1317.3,1318.6,1317.0,1318.2,105872
1784277300,1318.2,1320.6,1318.0,1319.6,186165
1784277600,1319.6,1320.6,1319.1,1320.3,104865
1784277900,1320.4,1323.0,1319.5,1322.0,464470
1784278200,1322.0,1324.0,1322.0,1323.6,393730
1784278500,1323.7,1326.9,1322.7,1323.7,688914
1784278800,1323.9,1325.6,1323.4,1325.2,230647
1784279100,1325.2,1325.7,1321.4,1321.6,305413
1784279400,1321.5,1323.9,1321.2,1323.5,199896
1784279700,1323.6,1324.9,1323.0,1323.7,214335
1784280000,1323.6,1325.8,1323.3,1323.6,254913
1784280300,1323.8,1324.0,1320.6,1321.9,387349
1784280600,1321.9,1323.2,1321.2,1322.3,296205
1784280900,1322.7,1325.9,1322.3,1325.6,193468
1784281200,1325.4,1326.1,1324.8,1325.0,469363
1784281500,1325.4,1326.9,1324.3,1326.7,495843
1784281800,1326.1,1329.0,1325.6,1328.0,849517
1784282100,1328.0,1330.3,1327.1,1328.8,1830376
1784519100,1317.2,1342.0,1314.9,1332.0,1480110
1784519400,1332.3,1337.7,1325.9,1335.3,619567
1784519700,1335.2,1345.9,1334.3,1341.3,1153559
1784520000,1341.2,1341.2,1335.0,1338.0,377631
1784520300,1338.0,1338.4,1333.6,1335.6,268111
1784520600,1335.3,1337.3,1333.7,1335.0,171854
1784520900,1335.0,1336.2,1329.4,1330.0,300530
1784521200,1329.8,1331.4,1328.2,1329.3,220606
1784521500,1328.8,1331.9,1328.4,1330.7,128204
1784521800,1330.7,1331.0,1328.7,1329.7,127175
1784522100,1329.7,1331.7,1329.0,1331.5,137426
1784522400,1331.5,1331.7,1329.0,1329.3,110995
1784522700,1329.1,1329.8,1326.7,1327.7,271074
1784523000,1327.6,1328.0,1323.4,1324.3,243688
1784523300,1324.3,1325.8,1323.0,1325.5,207223
1784523600,1325.6,1326.6,1325.1,1325.5,99377
1784523900,1325.4,1325.5,1323.5,1323.5,111621
1784524200,1323.5,1325.4,1323.5,1325.0,93075
1784524500,1324.7,1326.1,1324.6,1326.1,153991
1784524800,1326.1,1331.0,1325.2,1330.7,353384
1784525100,1331.0,1334.9,1329.0,1331.1,276162
1784525400,1331.2,1332.5,1330.1,1332.4,173479
1784525700,1332.5,1333.9,1330.0,1332.8,180234
1784526000,1332.8,1333.2,1330.5,1332.8,91308
1784526300,1333.0,1333.2,1331.5,1332.9,154571
1784526600,1332.9,1333.8,1331.7,1331.9,90261
1784526900,1331.8,1333.8,1331.5,1332.4,134382
1784527200,1332.4,1332.8,1330.8,1332.0,188853
1784527500,1331.9,1333.0,1330.4,1332.5,102283
1784527800,1332.4,1333.1,1331.0,1331.4,159140
1784528100,1331.4,1331.9,1330.1,1330.5,136081
1784528400,1330.3,1331.3,1330.0,1330.0,85326
1784528700,1330.0,1333.0,1329.8,1332.5,151085
1784529000,1332.6,1332.7,1330.6,1331.2,149326
1784529300,1331.2,1333.3,1331.0,1332.1,217295
1784529600,1332.1,1333.7,1331.9,1332.1,216177
1784529900,1332.5,1332.6,1331.2,1331.6,55805
1784530200,1331.7,1331.9,1330.2,1330.3,51696
1784530500,1330.4,1330.6,1328.1,1328.8,72250
1784530800,1329.0,1330.0,1328.8,1329.6,45556
1784531100,1329.5,1329.6,1326.2,1326.9,73392
1784531400,1327.2,1328.4,1326.7,1327.1,41683
1784531700,1327.1,1328.3,1326.3,1328.0,86228
1784532000,1328.0,1329.9,1327.0,1328.8,179339
1784532300,1329.0,1330.8,1328.6,1330.2,80345
1784532600,1330.2,1330.7,1328.9,1329.0,71660
1784532900,1329.0,1329.7,1328.0,1328.1,75328
1784533200,1328.1,1331.9,1328.0,1331.8,87406
1784533500,1331.5,1332.3,1330.0,1330.3,73589
1784533800,1330.1,1332.0,1330.1,1330.9,39926
1784534100,1330.9,1332.9,1330.0,1332.1,125137
1784534400,1332.1,1332.4,1331.0,1331.3,82609
1784534700,1331.3,1331.9,1330.1,1330.5,65236
1784535000,1330.5,1330.6,1330.1,1330.2,54442
1784535300,1330.1,1331.5,1329.1,1330.0,147338
1784535600,1330.0,1330.0,1327.0,1327.9,153220
1784535900,1327.9,1329.0,1327.5,1328.8,43359
1784536200,1328.8,1328.8,1327.4,1327.6,162476
1784536500,1327.5,1327.6,1326.1,1326.2,70203
1784536800,1326.2,1326.3,1325.0,1325.3,136117
1784537100,1325.0,1327.1,1324.5,1326.9,81921
1784537400,1326.8,1326.8,1325.5,1325.5,42132
1784537700,1325.6,1325.7,1325.0,1325.0,45231
1784538000,1325.2,1325.2,1322.8,1323.5,115354
1784538300,1323.5,1324.3,1321.1,1321.4,152495
1784538600,1321.5,1322.9,1320.6,1322.6,168677
1784538900,1322.5,1322.9,1321.9,1322.1,129158
1784539200,1322.1,1323.7,1322.0,1323.0,93450
1784539500,1323.0,1324.0,1322.0,1322.4,106398
1784539800,1322.4,1323.9,1322.3,1323.3,216134
1784540100,1323.4,1324.9,1323.2,1323.3,327179
1784540400,1323.3,1325.1,1322.7,1324.4,239269
1784540700,1324.3,1325.5,1322.1,1322.5,395357
1784541000,1322.7,1323.2,1321.0,1321.8,401060
1784541300,1322.0,1322.4,1321.0,1321.9,385024
1784605500,1321.9,1324.6,1316.7,1317.1,614879
1784605800,1317.1,1318.9,1316.1,1317.5,267297
1784606100,1317.5,1318.0,1316.2,1316.6,148128
1784606400,1316.7,1317.1,1313.3,1314.3,278316
1784606700,1314.3,1318.9,1314.1,1318.0,210903
1784607000,1318.1,1318.9,1317.5,1318.7,120660
1784607300,1318.7,1318.9,1316.3,1317.3,128536
1784607600,1317.3,1319.5,1316.8,1319.5,192666
1784607900,1319.5,1319.9,1317.7,1317.9,109421
1784608200,1317.8,1318.5,1317.5,1317.6,103287
1784608500,1317.6,1317.6,1315.7,1316.4,95969
1784608800,1316.3,1316.4,1314.9,1315.2,121195
1784609100,1315.2,1316.3,1314.7,1315.9,136419
1784609400,1315.8,1315.9,1315.0,1315.0,76025
1784609700,1315.0,1316.0,1314.0,1314.5,116912
1784610000,1314.7,1314.8,1314.1,1314.4,69655
1784610300,1314.2,1315.1,1314.1,1315.1,96189
1784610600,1315.1,1315.6,1314.8,1315.5,70210
1784610900,1315.6,1316.0,1315.2,1315.6,80061
1784611200,1315.6,1316.4,1314.8,1315.7,91305
1784611500,1315.9,1317.4,1315.7,1317.0,92662
1784611800,1316.9,1317.0,1315.5,1315.9,28213
1784612100,1315.9,1316.0,1315.4,1315.7,47239
1784612400,1315.5,1317.0,1315.5,1316.5,73577
1784612700,1316.5,1316.5,1313.8,1314.7,160302
1784613000,1314.8,1315.0,1313.6,1314.0,222402
1784613300,1313.9,1314.2,1311.8,1312.4,199713
1784613600,1312.4,1314.1,1312.1,1313.8,65799
1784613900,1313.8,1313.9,1311.3,1313.4,113809
1784614200,1313.5,1313.5,1312.0,1312.5,78319
1784614500,1312.4,1313.6,1312.1,1313.0,49575
1784614800,1312.9,1313.1,1312.3,1312.4,26612
1784615100,1312.2,1312.6,1311.0,1311.8,66593
1784615400,1311.8,1312.5,1311.6,1312.5,42459
1784615700,1312.5,1312.5,1311.0,1311.5,80383
1784616000,1311.5,1311.8,1310.0,1310.6,91810
1784616300,1310.6,1311.6,1310.3,1311.3,33138
1784616600,1311.5,1312.0,1310.7,1311.0,106685
1784616900,1311.0,1311.5,1309.7,1309.9,119766
1784617200,1309.9,1311.2,1309.2,1311.1,192512
1784617500,1311.2,1311.8,1310.7,1311.1,89836
1784617800,1311.0,1311.1,1309.4,1309.7,72451
1784618100,1309.8,1310.2,1309.0,1309.6,81789
1784618400,1309.5,1309.6,1307.9,1308.1,83928
1784618700,1308.1,1308.4,1307.2,1307.3,60415
1784619000,1307.5,1309.2,1305.2,1306.9,292597
1784619300,1307.1,1307.8,1306.6,1307.7,59811
1784619600,1307.7,1307.7,1305.6,1305.7,210141
1784619900,1305.6,1305.8,1304.2,1305.6,142665
1784620200,1305.6,1306.3,1305.0,1306.2,115955
1784620500,1306.2,1308.4,1306.0,1308.0,191703
1784620800,1307.9,1308.0,1306.2,1307.0,263748
1784621100,1307.1,1309.2,1307.0,1309.1,204348
1784621400,1309.1,1309.9,1308.1,1309.6,238348
1784621700,1309.7,1309.8,1308.0,1308.5,193236
1784622000,1309.0,1309.2,1307.3,1308.4,143634
1784622300,1308.4,1308.4,1305.9,1306.0,216195
1784622600,1306.1,1306.4,1305.5,1305.8,121171
1784622900,1306.0,1306.6,1304.6,1304.9,153882
1784623200,1304.9,1305.8,1304.3,1305.1,147654
1784623500,1305.1,1307.3,1303.4,1307.3,543021
1784623800,1307.0,1307.4,1304.3,1305.7,271382
1784624100,1305.7,1306.4,1305.0,1305.2,155985
1784624400,1305.5,1305.8,1304.9,1305.1,269361
1784624700,1305.3,1305.7,1303.8,1304.0,267901
1784625000,1304.3,1305.7,1304.1,1305.3,137912
1784625300,1305.3,1305.3,1303.6,1304.5,185321
1784625600,1304.6,1304.7,1303.1,1304.1,296945
1784625900,1304.1,1304.9,1303.5,1303.8,194179
1784626200,1303.5,1304.5,1303.1,1303.2,317678
1784626500,1303.4,1304.5,1303.1,1303.9,589442
1784626800,1303.8,1304.4,1303.1,1303.7,330554
1784627100,1303.7,1304.0,1303.2,1303.3,284619
1784627400,1303.2,1303.4,1302.8,1303.2,414736
1784627700,1303.0,1304.6,1302.7,1304.6,332975
1784691900,1302.0,1304.6,1298.2,1300.7,494144
1784692200,1300.8,1301.8,1299.0,1300.9,183160
1784692500,1300.8,1302.0,1299.0,1299.3,134155
1784692800,1299.4,1300.5,1293.0,1294.5,369580
1784693100,1294.5,1297.7,1293.2,1297.2,142744
1784693400,1297.2,1297.7,1294.3,1294.5,102916
1784693700,1294.5,1295.5,1294.5,1295.5,98605
1784694000,1295.5,1297.4,1295.2,1296.0,74401
1784694300,1296.0,1296.8,1295.0,1296.0,75273
1784694600,1295.7,1296.1,1293.0,1293.1,131734
1784694900,1293.0,1295.0,1292.3,1294.6,138740
1784695200,1294.8,1294.8,1293.0,1293.1,71300
1784695500,1293.1,1293.1,1289.3,1289.5,309556
1784695800,1289.5,1290.0,1288.0,1288.4,228903
1784696100,1288.4,1291.3,1287.7,1291.0,276782
1784696400,1291.1,1291.2,1289.0,1289.8,167701
1784696700,1289.5,1289.8,1288.4,1288.6,68308
1784697000,1288.6,1289.5,1288.1,1288.1,131174
1784697300,1288.0,1290.6,1288.0,1288.7,152653
1784697600,1288.9,1289.6,1288.1,1289.3,108439
1784697900,1289.5,1291.2,1287.1,1291.1,193724
1784698200,1291.2,1291.2,1289.3,1289.9,101479
1784698500,1290.0,1291.5,1289.4,1291.1,61514
1784698800,1291.3,1291.4,1290.0,1290.1,66364
1784699100,1290.1,1291.3,1290.0,1290.4,53472
1784699400,1290.5,1291.4,1290.0,1290.1,74218
1784699700,1290.2,1290.3,1289.0,1289.1,80593
1784700000,1289.2,1289.5,1288.9,1289.3,134813
1784700300,1289.4,1289.7,1288.4,1289.2,94122
1784700600,1289.5,1290.0,1288.7,1289.6,126523
1784700900,1289.7,1290.6,1289.5,1289.5,80612
1784701200,1289.7,1289.7,1289.0,1289.0,72830
1784701500,1289.0,1290.4,1288.3,1289.8,166145
1784701800,1290.1,1290.1,1288.8,1289.1,87857
1784702100,1289.1,1290.5,1289.0,1289.0,68328
1784702400,1289.1,1289.7,1289.0,1289.0,105161
1784702700,1289.1,1289.3,1288.2,1288.6,102874
1784703000,1288.5,1289.0,1287.1,1288.8,127454
1784703300,1288.7,1289.6,1288.6,1289.5,58437
1784703600,1289.1,1290.0,1288.9,1289.4,101678
1784703900,1289.6,1289.7,1288.9,1289.0,69547
1784704200,1289.0,1290.2,1288.5,1289.9,93801
1784704500,1289.9,1291.3,1289.4,1290.9,78596
1784704800,1290.8,1292.6,1290.6,1291.8,123325
1784705100,1291.9,1292.0,1291.2,1291.2,62774
1784705400,1291.1,1291.4,1290.3,1290.5,89143
1784705700,1290.4,1291.7,1290.1,1291.4,55365
1784706000,1291.3,1291.7,1290.0,1290.5,77624
1784706300,1290.3,1290.6,1289.1,1289.5,65587
1784706600,1289.5,1289.9,1289.0,1289.1,48665
1784706900,1289.4,1289.8,1289.1,1289.4,254909
1784707200,1289.3,1291.3,1289.1,1291.2,60024
1784707500,1291.2,1292.3,1290.9,1291.2,98815
1784707800,1291.2,1291.5,1290.1,1290.8,62993
1784708100,1290.6,1290.9,1290.0,1290.6,49067
1784708400,1290.6,1291.8,1290.2,1291.3,60446
1784708700,1291.4,1291.8,1291.0,1291.5,58907
1784709000,1291.4,1291.5,1290.0,1290.5,100626
1784709300,1290.7,1291.0,1290.2,1290.7,60179
1784709600,1290.4,1290.8,1290.0,1290.3,64764
1784709900,1290.0,1291.0,1290.0,1290.7,69993
1784710200,1290.7,1291.0,1290.0,1290.9,77266
1784710500,1290.9,1291.1,1290.1,1290.7,81418
1784710800,1290.8,1291.3,1290.2,1291.1,81340
1784711100,1291.1,1291.7,1290.3,1290.8,96656
1784711400,1290.7,1291.3,1290.0,1290.9,90079
1784711700,1291.1,1291.4,1290.5,1291.3,76819
1784712000,1291.1,1291.4,1291.0,1291.3,67679
1784712300,1291.3,1291.3,1290.1,1291.0,187581
1784712600,1291.0,1291.5,1290.7,1290.7,239086
1784712900,1290.7,1291.7,1290.6,1291.3,342277
1784713200,1291.3,1291.7,1291.2,1291.3,290499
1784713500,1291.3,1291.4,1290.6,1291.0,303063
1784713800,1291.0,1291.1,1286.1,1286.6,788996
1784714100,1286.6,1289.4,1280.7,1283.6,930081
1784778300,1283.0,1283.0,1278.4,1281.3,297447
1784778600,1281.2,1283.5,1280.3,1283.5,111200
1784778900,1283.5,1283.6,1280.7,1281.4,138600
1784779200,1281.3,1281.5,1280.1,1281.1,87348
1784779500,1281.3,1281.9,1279.2,1281.9,137431
1784779800,1280.8,1282.7,1280.4,1281.5,85921
1784780100,1281.6,1282.1,1280.0,1281.0,79287
1784780400,1281.0,1282.1,1280.9,1282.0,66448
1784780700,1282.0,1283.9,1281.9,1283.6,91827
1784781000,1283.6,1284.7,1283.4,1284.7,87237
1784781300,1284.7,1284.7,1282.8,1283.4,136030
1784781600,1283.5,1283.6,1282.4,1283.0,53188
1784781900,1283.0,1283.8,1282.5,1283.4,37730
1784782200,1283.4,1284.5,1282.7,1284.5,53890
1784782500,1284.4,1286.5,1284.4,1285.8,93659
1784782800,1285.8,1285.8,1284.3,1284.9,50133
1784783100,1285.0,1285.9,1284.9,1285.9,46652
1784783400,1285.9,1287.0,1285.7,1287.0,66171
1784783700,1287.0,1287.0,1286.0,1286.4,62227
1784784000,1286.3,1286.3,1284.6,1284.8,68256
1784784300,1284.9,1285.0,1284.0,1284.8,45000
1784784600,1284.9,1285.0,1284.6,1284.8,37267
1784784900,1284.8,1285.0,1284.5,1284.9,47925
1784785200,1284.8,1285.1,1283.4,1285.1,146715
1784785500,1284.7,1286.6,1283.9,1285.3,272798
1784785800,1285.3,1285.7,1282.8,1282.8,202402
1784786100,1282.9,1283.1,1281.6,1282.2,104724
1784786400,1282.3,1284.5,1282.1,1284.3,264697
1784786700,1284.3,1284.5,1281.3,1281.3,45146
1784787000,1281.5,1282.6,1281.3,1282.1,66400
1784787300,1282.2,1283.1,1281.4,1282.1,144207
1784787600,1282.1,1282.2,1280.3,1280.6,94435
1784787900,1280.5,1281.0,1280.3,1280.5,76457
1784788200,1280.5,1281.6,1279.9,1281.0,159531
1784788500,1281.0,1281.4,1280.3,1281.4,48774
1784788800,1281.4,1281.6,1279.1,1279.4,134521
1784789100,1279.4,1280.4,1279.1,1279.8,114430
1784789400,1279.8,1280.3,1279.4,1279.5,52994
1784789700,1279.4,1279.5,1279.0,1279.1,44373
1784790000,1279.0,1279.1,1277.0,1277.9,215302
1784790300,1278.1,1278.2,1276.1,1276.9,112226
1784790600,1276.9,1276.9,1275.0,1275.6,163376
1784790900,1275.7,1276.3,1275.0,1275.2,178323
1784791200,1275.1,1276.4,1274.9,1276.4,120367
1784791500,1276.3,1276.8,1275.6,1276.7,123908
1784791800,1276.7,1276.7,1275.5,1275.5,104398
1784792100,1275.9,1275.9,1275.0,1275.5,91596
1784792400,1275.4,1275.5,1274.5,1275.3,88096
1784792700,1275.3,1275.3,1273.0,1274.3,158273
1784793000,1274.3,1275.0,1273.2,1274.1,156685
1784793300,1274.1,1274.8,1272.0,1272.9,130965
1784793600,1272.9,1273.1,1272.1,1272.6,64149
1784793900,1272.6,1273.7,1272.0,1273.3,140528
1784794200,1273.3,1273.6,1271.8,1272.5,208457
1784794500,1272.8,1274.2,1272.7,1273.5,165324
1784794800,1273.4,1274.2,1273.2,1273.2,80752
1784795100,1273.2,1273.6,1272.5,1273.2,62382
1784795400,1273.1,1273.2,1272.4,1272.8,70892
1784795700,1272.9,1273.0,1271.4,1271.8,105570
1784796000,1271.8,1272.5,1271.3,1272.2,137196
1784796300,1272.0,1273.5,1271.6,1273.0,103366
1784796600,1273.0,1274.2,1272.6,1274.1,157062
1784796900,1274.1,1274.2,1273.3,1273.6,92323
1784797200,1273.6,1274.8,1272.4,1274.6,159503
1784797500,1274.6,1274.9,1273.3,1273.4,143270
1784797800,1273.5,1274.2,1272.6,1272.8,168026
1784798100,1272.9,1272.9,1270.1,1270.2,255741
1784798400,1270.2,1270.3,1268.3,1269.1,378394
1784798700,1269.2,1269.4,1268.2,1269.1,191135
1784799000,1269.0,1272.0,1268.0,1268.8,965967
1784799300,1268.9,1272.6,1268.8,1271.3,699671
1784799600,1271.3,1271.6,1270.5,1271.4,374717
1784799900,1271.4,1272.5,1271.4,1272.5,347546
1784800200,1272.4,1275.8,1271.5,1275.0,679397
1784800500,1275.1,1278.4,1271.7,1272.6,1155692
1784864700,1265.0,1269.2,1249.8,1268.7,899818
1784865000,1268.4,1271.0,1267.0,1267.2,250001
1784865300,1267.4,1268.3,1263.9,1264.8,389611
1784865600,1264.8,1265.1,1263.8,1263.9,199298
1784865900,1263.9,1265.0,1263.8,1264.9,106927
1784866200,1264.9,1266.9,1264.8,1266.8,190529
1784866500,1266.8,1267.0,1265.4,1266.3,95605
1784866800,1266.3,1268.9,1265.9,1268.2,103509
1784867100,1268.1,1268.6,1266.7,1267.2,86882
1784867400,1267.1,1267.4,1265.8,1266.3,107921
1784867700,1266.3,1268.0,1266.2,1267.5,61953
1784868000,1267.5,1268.7,1267.4,1268.7,105549
1784868300,1268.5,1269.9,1267.9,1269.3,90023
1784868600,1269.2,1270.5,1268.7,1270.2,110840
1784868900,1270.2,1272.0,1270.1,1271.4,124144
1784869200,1271.3,1271.9,1270.4,1270.5,91906
1784869500,1270.5,1271.8,1270.2,1271.8,71343
1784869800,1271.8,1271.8,1270.3,1270.6,66380
1784870100,1270.6,1273.4,1270.6,1272.9,156561
1784870400,1272.9,1274.4,1272.8,1273.2,148766
1784870700,1273.2,1273.6,1272.7,1273.1,74741
1784871000,1273.1,1273.5,1272.9,1273.5,89739
1784871300,1273.5,1273.8,1273.2,1273.4,41646
1784871600,1273.3,1275.0,1272.6,1274.7,173136
1784871900,1274.7,1279.0,1274.4,1278.3,175572
1784872200,1278.1,1281.5,1278.1,1280.7,220610
1784872500,1280.6,1282.9,1279.2,1279.4,245653
1784872800,1279.4,1279.8,1276.5,1277.2,180243
1784873100,1276.7,1279.8,1276.7,1279.2,147626
1784873400,1279.2,1281.5,1278.8,1281.2,88360
1784873700,1281.2,1281.7,1280.9,1281.6,79107
1784874000,1281.6,1282.0,1281.2,1281.3,70821
1784874300,1281.0,1281.4,1279.5,1280.0,173159
1784874600,1280.1,1280.1,1279.0,1280.1,65894
1784874900,1280.1,1280.5,1279.6,1280.4,74700
1784875200,1280.1,1280.4,1278.2,1278.7,74438
1784875500,1278.9,1280.4,1278.3,1280.0,172062
1784875800,1280.0,1281.8,1279.6,1281.2,80981
1784876100,1281.7,1283.4,1281.4,1282.8,110659
1784876400,1282.8,1283.0,1281.5,1282.0,80768
1784876700,1281.9,1282.8,1280.9,1282.2,118527
1784877000,1282.1,1282.8,1281.4,1282.8,50214
1784877300,1282.8,1282.8,1281.5,1282.1,66619
1784877600,1282.0,1282.2,1281.4,1281.7,51659
1784877900,1281.7,1282.9,1281.5,1282.6,71403
1784878200,1282.5,1282.6,1281.4,1281.5,59592
1784878500,1281.2,1282.1,1280.3,1282.0,68144
1784878800,1281.9,1282.0,1280.8,1281.2,76936
1784879100,1281.2,1281.8,1280.4,1281.5,50717
1784879400,1281.5,1281.5,1280.8,1281.2,48088
1784879700,1281.2,1281.3,1280.6,1281.0,51916
1784880000,1280.5,1280.5,1278.7,1279.1,79134
1784880300,1279.0,1279.3,1278.1,1279.0,77131
1784880600,1279.0,1279.0,1277.0,1278.3,92966
1784880900,1278.2,1278.6,1277.4,1278.0,81142
1784881200,1278.4,1279.5,1277.7,1279.5,78244
1784881500,1279.4,1281.1,1279.0,1281.1,74478
1784881800,1281.1,1281.5,1279.6,1281.0,69213
1784882100,1281.0,1281.0,1278.9,1278.9,80487
1784882400,1278.9,1279.0,1278.1,1278.8,89891
1784882700,1278.8,1279.2,1278.1,1278.5,105427
1784883000,1278.4,1278.9,1277.4,1278.2,68800
1784883300,1278.3,1279.4,1277.1,1278.6,170503
1784883600,1278.5,1279.0,1276.9,1277.1,80567
1784883900,1277.4,1278.0,1276.6,1278.0,68781
1784884200,1277.9,1278.2,1275.7,1276.8,184472
1784884500,1276.7,1277.5,1276.7,1277.5,66087
1784884800,1277.5,1279.9,1277.1,1279.9,136470
1784885100,1279.6,1280.3,1278.6,1279.4,97725
1784885400,1279.4,1279.9,1277.1,1277.1,256796
1784885700,1277.1,1277.5,1276.5,1276.9,237022
1784886000,1277.0,1278.4,1276.6,1278.3,223181
1784886300,1278.1,1278.9,1277.9,1278.1,227417
1784886600,1278.1,1278.8,1278.0,1278.8,286504
1784886900,1278.3,1280.9,1278.1,1280.3,240456
1785123900,1288.2,1288.7,1283.1,1283.9,323866
1785124200,1283.9,1286.5,1283.5,1284.3,125680
1785124500,1284.3,1284.5,1282.5,1283.5,108815
1785124800,1283.5,1284.0,1283.5,1284.0,102338
1785125100,1283.7,1286.9,1283.5,1285.7,211895
1785125400,1285.6,1285.7,1284.2,1284.2,59198
1785125700,1284.4,1284.6,1283.5,1283.6,66130
1785126000,1283.7,1283.7,1282.2,1282.4,84119
1785126300,1282.4,1283.7,1281.3,1283.5,137053
1785126600,1283.5,1283.5,1282.2,1282.9,48672
1785126900,1282.8,1283.3,1282.0,1282.6,72237
1785127200,1282.6,1283.8,1282.0,1283.8,47231
1785127500,1283.8,1284.0,1281.6,1282.6,57276
1785127800,1282.6,1282.6,1280.7,1280.9,79651
1785128100,1280.7,1282.5,1280.7,1282.3,35519
1785128400,1282.4,1282.5,1281.2,1282.5,49543
1785128700,1282.5,1282.5,1280.5,1280.9,51846
1785129000,1280.9,1283.2,1280.6,1282.8,81986
1785129300,1282.9,1283.0,1281.3,1281.4,51152
1785129600,1281.3,1281.7,1280.1,1281.1,152126
1785129900,1281.1,1282.4,1280.7,1281.1,74401
1785130200,1281.6,1282.2,1281.0,1281.6,102264
1785130500,1281.6,1282.1,1281.1,1281.8,37878
1785130800,1281.8,1282.1,1281.1,1281.4,51335
1785131100,1281.4,1282.9,1281.2,1282.9,70852
1785131400,1282.9,1283.5,1282.7,1283.5,55442
1785131700,1283.5,1283.9,1282.6,1282.7,60932
1785132000,1282.7,1283.0,1282.0,1282.4,75886
1785132300,1282.6,1282.8,1281.8,1281.9,49991
1785132600,1281.9,1283.3,1281.8,1282.2,37938
1785132900,1282.2,1283.4,1281.8,1281.8,93546
1785133200,1282.1,1282.7,1281.6,1282.3,40739
1785133500,1282.0,1283.0,1282.0,1282.2,46980
1785133800,1282.5,1282.5,1281.3,1281.4,48084
1785134100,1281.4,1281.5,1280.0,1280.7,83064
1785134400,1280.8,1280.9,1279.2,1280.2,92391
1785134700,1280.4,1280.9,1279.8,1279.9,65157
1785135000,1280.0,1280.1,1278.5,1279.6,69314
1785135300,1279.9,1280.5,1279.3,1279.3,42146
1785135600,1279.4,1280.0,1279.0,1279.5,48867
1785135900,1279.5,1279.9,1279.0,1279.3,88058
1785136200,1279.3,1279.6,1278.7,1278.8,70236
1785136500,1278.7,1278.9,1278.0,1278.3,85919
1785136800,1278.1,1279.9,1278.0,1279.0,100779
1785137100,1278.9,1279.5,1278.7,1279.4,41179
1785137400,1279.2,1280.5,1279.0,1280.3,55250
1785137700,1279.9,1281.4,1279.8,1280.0,111869
1785138000,1280.2,1280.9,1279.4,1280.9,51378
1785138300,1280.9,1281.8,1280.6,1281.2,46966
1785138600,1281.1,1281.4,1280.4,1280.9,52244
1785138900,1281.0,1281.1,1279.5,1279.6,41867
1785139200,1279.6,1279.9,1278.9,1279.0,110068
1785139500,1279.0,1279.8,1278.1,1279.3,76265
1785139800,1279.5,1279.7,1278.4,1279.4,58512
1785140100,1279.2,1279.9,1279.0,1279.3,70301
1785140400,1279.3,1279.9,1279.0,1279.4,62779
1785140700,1279.3,1280.0,1278.9,1279.6,77906
1785141000,1279.6,1279.8,1279.3,1279.3,37397
1785141300,1279.4,1280.0,1278.9,1280.0,78227
1785141600,1280.0,1280.0,1279.0,1279.6,46711
1785141900,1279.7,1279.8,1278.0,1278.4,127728
1785142200,1278.5,1279.5,1278.2,1279.4,102128
1785142500,1279.4,1280.0,1278.5,1279.6,153333
1785142800,1279.6,1280.0,1279.4,1279.6,88231
1785143100,1279.6,1280.0,1279.0,1279.3,77719
1785143400,1279.4,1279.9,1279.0,1279.9,87449
1785143700,1279.9,1280.1,1279.0,1279.6,138460
1785144000,1279.9,1280.2,1279.4,1279.8,105043
1785144300,1279.6,1280.5,1279.5,1280.3,77261
1785144600,1280.0,1280.2,1279.5,1279.5,217893
1785144900,1279.5,1279.8,1279.3,1279.7,230987
1785145200,1279.7,1279.9,1279.6,1279.7,238678
1785145500,1279.7,1279.8,1279.4,1279.8,264811
1785145800,1279.8,1281.1,1279.7,1280.0,361813
1785146100,1279.5,1282.0,1279.2,1281.0,279860
1785210300,1275.0,1277.0,1268.5,1276.3,492740
1785210600,1276.5,1276.8,1275.0,1275.9,97710
1785210900,1275.8,1275.9,1274.1,1274.4,83671
1785211200,1274.4,1275.2,1271.7,1271.9,108925
1785211500,1271.8,1274.0,1271.8,1273.4,63344
1785211800,1273.4,1274.4,1273.2,1273.7,68692
1785212100,1273.7,1273.7,1272.6,1273.5,71556
1785212400,1273.5,1275.5,1273.0,1275.4,49726
1785212700,1275.5,1275.6,1274.0,1274.7,75215
1785213000,1274.7,1274.7,1272.8,1274.2,70428
1785213300,1274.2,1274.4,1272.2,1273.9,60733
1785213600,1273.9,1274.0,1272.3,1272.9,61454
1785213900,1272.9,1273.2,1272.5,1272.9,44173
1785214200,1273.0,1275.1,1272.0,1275.1,99934
1785214500,1274.9,1275.2,1274.3,1275.1,74954
1785214800,1275.1,1276.0,1275.0,1275.2,66492
1785215100,1275.3,1275.4,1274.1,1275.0,68868
1785215400,1275.1,1276.0,1275.0,1275.7,56966
1785215700,1275.7,1276.0,1275.4,1275.4,58936
1785216000,1275.6,1277.0,1275.1,1277.0,103720
1785216300,1277.0,1278.4,1276.2,1278.4,185017
1785216600,1278.4,1279.2,1276.4,1277.3,176941
1785216900,1277.3,1278.5,1275.5,1275.6,103188
1785217200,1275.5,1276.0,1275.0,1275.9,76089
1785217500,1275.9,1276.8,1275.7,1276.0,63719
1785217800,1276.0,1276.0,1273.9,1275.1,97773
1785218100,1275.0,1275.2,1273.8,1274.4,193999
1785218400,1274.4,1274.7,1273.9,1273.9,47047
1785218700,1274.0,1274.3,1273.5,1273.7,42032
1785219000,1273.6,1274.0,1273.2,1273.3,40514
1785219300,1273.2,1274.5,1272.7,1274.0,58788
1785219600,1273.9,1274.1,1272.5,1272.5,71799
1785219900,1272.5,1272.7,1272.0,1272.1,77862
1785220200,1272.1,1272.7,1272.0,1272.5,51290
1785220500,1272.5,1273.8,1272.5,1273.4,44773
1785220800,1273.5,1273.7,1273.3,1273.6,46663
1785221100,1273.5,1273.6,1273.1,1273.2,46469
1785221400,1273.2,1273.6,1273.0,1273.5,52644
1785221700,1273.5,1273.7,1273.2,1273.2,34874
1785222000,1273.2,1274.0,1273.2,1273.9,38720
1785222300,1273.9,1274.0,1273.2,1273.3,53537
1785222600,1273.3,1273.6,1273.0,1273.0,41604
1785222900,1273.0,1273.8,1273.0,1273.0,57579
1785223200,1273.1,1273.2,1272.8,1272.8,71953
1785223500,1272.7,1273.0,1272.0,1272.1,70027
1785223800,1272.1,1272.3,1271.8,1272.1,46382
1785224100,1272.2,1272.7,1272.1,1272.2,45884
1785224400,1272.3,1272.8,1271.0,1272.6,147649
1785224700,1272.6,1272.8,1271.9,1272.0,39889
1785225000,1272.0,1273.2,1271.8,1272.7,46571
1785225300,1272.7,1272.8,1271.7,1271.9,36946
1785225600,1271.9,1272.7,1271.8,1272.3,55480
1785225900,1272.3,1272.6,1271.6,1271.8,53922
1785226200,1271.7,1271.8,1271.0,1271.1,48131
1785226500,1271.0,1271.4,1270.4,1270.9,72753
1785226800,1270.8,1272.8,1270.8,1272.8,163730
1785227100,1272.8,1273.0,1270.4,1271.1,85214
1785227400,1271.0,1271.8,1270.6,1271.0,76412
1785227700,1271.4,1272.6,1270.2,1272.2,137516
1785228000,1272.2,1272.3,1271.0,1271.1,28332
1785228300,1271.1,1272.2,1271.0,1271.0,47207
1785228600,1271.1,1272.0,1271.0,1271.1,48780
1785228900,1271.0,1272.0,1271.0,1271.2,56486
1785229200,1271.1,1271.1,1270.0,1270.0,66036
1785229500,1270.0,1270.4,1270.0,1270.4,91521
1785229800,1270.0,1270.4,1268.4,1269.9,228626
1785230100,1269.5,1269.7,1266.7,1267.1,190683
1785230400,1267.2,1268.4,1266.5,1267.9,203908
1785230700,1267.5,1268.3,1267.0,1267.3,98215
1785231000,1267.6,1267.9,1266.2,1266.6,480388
1785231300,1266.5,1267.2,1266.1,1267.2,506017
1785231600,1267.0,1268.6,1266.6,1268.6,566996
1785231900,1268.5,1269.0,1266.0,1267.1,777243
1785232200,1267.1,1269.8,1265.9,1269.6,624091
1785232500,1269.6,1272.0,1269.1,1271.9,438827
1785296700,1275.0,1276.8,1271.2,1273.8,333970
1785297000,1273.8,1275.0,1273.2,1273.6,135013
1785297300,1273.6,1275.0,1272.3,1274.8,111804
1785297600,1274.7,1280.0,1274.7,1276.3,226795
1785297900,1276.3,1277.8,1276.0,1277.2,121706
1785298200,1277.3,1278.5,1275.7,1276.0,118492
1785298500,1276.0,1277.2,1275.7,1275.9,91156
1785298800,1275.9,1276.2,1275.0,1275.5,108026
1785299100,1275.5,1275.5,1273.3,1273.5,66349
1785299400,1273.7,1273.8,1272.2,1273.4,135829
1785299700,1273.6,1274.0,1273.0,1273.6,74558
1785300000,1273.6,1274.0,1272.2,1273.4,248507
1785300300,1273.4,1275.0,1272.2,1272.2,91559
1785300600,1272.3,1272.9,1271.8,1272.0,102995
1785300900,1272.5,1272.6,1271.1,1271.3,80284
1785301200,1271.2,1272.2,1271.0,1272.2,72721
1785301500,1272.2,1272.4,1271.3,1271.5,65498
1785301800,1271.4,1271.5,1271.0,1271.3,66761
1785302100,1271.3,1271.4,1270.0,1270.3,87909
1785302400,1270.4,1270.4,1269.1,1269.5,104311
1785302700,1269.8,1271.5,1269.3,1270.4,83864
1785303000,1270.3,1271.2,1269.7,1270.7,70655
1785303300,1270.7,1270.7,1270.2,1270.3,44197
1785303600,1270.3,1271.2,1269.7,1271.2,105077
1785303900,1271.0,1271.0,1270.0,1270.4,97442
1785304200,1270.5,1272.1,1269.6,1271.3,93616
1785304500,1271.2,1271.6,1269.5,1269.7,133812
1785304800,1269.5,1270.5,1268.7,1270.0,103645
1785305100,1270.0,1270.5,1269.7,1270.0,68715
1785305400,1270.0,1272.8,1269.9,1272.7,100970
1785305700,1272.8,1273.0,1272.4,1272.7,56578
1785306000,1272.8,1273.3,1271.6,1271.6,98791
1785306300,1271.6,1272.4,1271.2,1271.2,95467
1785306600,1271.3,1271.6,1270.3,1271.3,59044
1785306900,1271.5,1272.2,1271.3,1272.0,35449
1785307200,1271.9,1272.1,1271.8,1271.9,62089
1785307500,1271.9,1272.1,1271.8,1271.9,34757
1785307800,1272.0,1272.0,1271.6,1271.6,49128
1785308100,1271.8,1272.5,1271.5,1272.2,50016
1785308400,1272.4,1273.0,1272.1,1272.6,65424
1785308700,1272.9,1273.1,1272.5,1272.5,43927
1785309000,1272.8,1273.9,1272.5,1273.3,54182
1785309300,1273.5,1273.8,1271.2,1271.2,97074
1785309600,1271.6,1272.5,1271.3,1272.0,45436
1785309900,1272.2,1272.5,1271.6,1272.1,26202
1785310200,1272.3,1274.1,1271.4,1273.7,90395
1785310500,1273.7,1278.0,1273.5,1277.0,202898
1785310800,1277.1,1279.7,1277.0,1278.7,261582
1785311100,1279.2,1279.8,1277.0,1278.8,225542
1785311400,1278.5,1279.3,1277.6,1277.6,125369
1785311700,1277.9,1277.9,1276.6,1277.1,117548
1785312000,1277.1,1282.0,1276.2,1281.6,269095
1785312300,1281.5,1281.6,1279.1,1279.2,79378
1785312600,1278.9,1279.4,1277.6,1278.0,132184
1785312900,1278.0,1280.0,1277.5,1279.0,93637
1785313200,1279.0,1281.3,1279.0,1280.6,258385
1785313500,1280.8,1280.8,1280.0,1280.0,63946
1785313800,1280.2,1282.4,1280.0,1281.0,162443
1785314100,1281.0,1281.2,1279.0,1279.6,149159
1785314400,1279.9,1280.3,1279.0,1279.1,44127
1785314700,1279.0,1279.1,1277.3,1278.0,182082
1785315000,1277.5,1278.6,1277.4,1278.1,88634
1785315300,1277.9,1279.0,1277.2,1278.2,102598
1785315600,1278.2,1279.1,1276.7,1276.7,122976
1785315900,1277.1,1278.2,1276.6,1278.1,119583
1785316200,1278.1,1278.6,1276.8,1278.0,163148
1785316500,1278.0,1280.3,1278.0,1279.0,176471
1785316800,1279.1,1280.3,1277.9,1280.3,181064
1785317100,1280.0,1280.7,1279.5,1280.0,139006
1785317400,1280.0,1280.1,1276.4,1276.5,197987
1785317700,1276.6,1276.7,1275.8,1276.3,417884
1785318000,1276.4,1276.5,1275.2,1275.7,204323
1785318300,1275.6,1275.6,1274.7,1275.2,305893
1785318600,1275.1,1276.0,1274.8,1275.1,237312
1785318900,1275.2,1277.2,1275.0,1277.1,266908
1785383100,1279.8,1281.7,1275.3,1279.8,333057
1785383400,1280.4,1283.0,1280.2,1281.5,121065
1785383700,1281.5,1282.7,1280.8,1281.6,79857
1785384000,1281.5,1281.8,1280.4,1281.3,67382
1785384300,1281.3,1282.3,1280.9,1281.1,51555
1785384600,1281.0,1281.0,1279.6,1279.6,68477
1785384900,1279.7,1280.7,1279.0,1280.4,47713
1785385200,1280.6,1281.0,1280.3,1280.9,25134
1785385500,1280.9,1283.7,1280.9,1282.2,92534
1785385800,1282.3,1283.7,1281.4,1282.8,64435
1785386100,1282.6,1282.9,1280.5,1280.6,46684
1785386400,1280.7,1281.8,1280.6,1280.8,37036
1785386700,1280.7,1281.5,1280.6,1280.9,58329
1785387000,1280.8,1281.3,1280.5,1280.6,51790
1785387300,1280.7,1281.6,1280.1,1281.1,95923
1785387600,1281.0,1281.5,1281.0,1281.5,42150
1785387900,1281.5,1284.0,1281.3,1283.8,131861
1785388200,1283.9,1286.9,1283.6,1285.5,217484
1785388500,1285.4,1286.5,1284.6,1284.9,55843
1785388800,1284.8,1285.1,1284.6,1285.1,28859
1785389100,1285.1,1286.2,1284.5,1284.7,112848
1785389400,1284.7,1286.0,1284.1,1285.2,49321
1785389700,1285.2,1285.4,1284.1,1285.4,64661
1785390000,1285.4,1286.9,1285.2,1286.1,73036
1785390300,1286.0,1286.4,1285.1,1285.2,105301
1785390600,1285.8,1285.8,1285.0,1285.2,65521
1785390900,1285.1,1287.5,1285.1,1287.5,60614
1785391200,1287.3,1291.6,1287.3,1291.0,233643
1785391500,1291.1,1291.2,1288.8,1290.0,141713
1785391800,1290.1,1290.7,1290.0,1290.4,66379
1785392100,1290.4,1290.5,1289.0,1289.5,167899
1785392400,1289.4,1289.9,1289.4,1289.6,63232
1785392700,1289.7,1289.9,1289.1,1289.3,108741
1785393000,1289.3,1289.4,1288.1,1289.3,178004
1785393300,1289.3,1290.0,1289.1,1289.8,51694
1785393600,1289.7,1289.8,1289.3,1289.4,55152
1785393900,1289.6,1289.8,1287.8,1289.4,142202
1785394200,1289.2,1289.7,1289.0,1289.1,43106
1785394500,1289.1,1290.3,1289.0,1289.5,64063
1785394800,1289.9,1292.9,1289.9,1292.9,161607
1785395100,1292.9,1294.0,1291.8,1293.0,160060
1785395400,1292.9,1297.0,1292.9,1295.3,311495
1785395700,1295.4,1295.4,1293.1,1293.7,137870
1785396000,1293.6,1294.9,1292.6,1294.9,189523
1785396300,1294.8,1294.9,1294.0,1294.3,117279
1785396600,1294.7,1294.8,1290.2,1292.0,344172
1785396900,1291.9,1294.5,1291.1,1294.4,235500
1785397200,1294.5,1294.5,1292.0,1292.2,165765
1785397500,1292.5,1292.6,1291.6,1291.7,102855
1785397800,1291.7,1293.0,1291.4,1292.9,54575
1785398100,1293.0,1293.9,1291.6,1292.5,168612
1785398400,1292.5,1292.7,1291.6,1292.5,58457
1785398700,1292.6,1293.9,1291.4,1291.9,201922
1785399000,1292.0,1293.3,1291.9,1292.3,104709
1785399300,1292.2,1293.0,1291.8,1291.9,74569
1785399600,1291.9,1292.8,1291.4,1292.8,96349
1785399900,1292.7,1292.8,1290.1,1290.8,90262
1785400200,1290.9,1291.3,1290.4,1291.1,41981
1785400500,1291.1,1291.1,1289.7,1290.2,112031
1785400800,1290.2,1290.8,1289.9,1289.9,97844
1785401100,1290.0,1291.5,1288.9,1291.1,222015
1785401400,1291.1,1291.3,1288.8,1289.6,149817
1785401700,1289.6,1290.1,1288.7,1289.9,90603
1785402000,1289.8,1290.8,1289.3,1290.1,96044
1785402300,1290.2,1293.6,1289.8,1293.3,122640
1785402600,1293.3,1293.5,1292.2,1292.6,160158
1785402900,1292.6,1293.9,1292.0,1292.5,149656
1785403200,1292.4,1292.6,1290.9,1291.1,95734
1785403500,1291.2,1291.9,1290.7,1291.6,51618
1785403800,1292.0,1293.2,1291.3,1293.0,277938
1785404100,1293.0,1294.6,1290.5,1293.3,1311494
1785404400,1293.3,1294.6,1292.7,1293.3,437600
1785404700,1293.3,1293.5,1292.5,1292.6,261703
1785405000,1292.5,1295.2,1291.7,1294.5,1060565
1785405300,1294.6,1294.9,1287.6,1289.4,986977
1785469500,1295.0,1299.8,1295.0,1296.4,255387
1785469800,1296.7,1298.9,1296.6,1298.2,88735
1785470100,1298.5,1300.9,1297.0,1297.3,126762
1785470400,1297.6,1297.7,1294.0,1294.6,99609
1785470700,1294.7,1296.8,1293.6,1296.5,79479
1785471000,1296.4,1298.2,1295.0,1298.0,83185
1785471300,1298.3,1299.2,1296.7,1299.1,91307
1785471600,1299.0,1299.7,1298.0,1299.2,37956
1785471900,1299.3,1299.4,1298.2,1298.6,43286
1785472200,1298.9,1299.3,1297.6,1297.7,37794
1785472500,1297.8,1297.8,1296.4,1297.1,40396
1785472800,1297.0,1300.9,1296.6,1300.7,118327
1785473100,1300.7,1301.0,1297.9,1298.4,112469
1785473400,1298.8,1299.8,1298.5,1299.3,55339
1785473700,1299.2,1299.5,1298.1,1298.5,51902
1785474000,1298.3,1299.9,1296.8,1296.9,164511
1785474300,1297.0,1299.4,1296.0,1298.1,139345
1785474600,1298.2,1298.2,1297.0,1297.8,44827
1785474900,1297.8,1299.2,1297.6,1298.4,60817
1785475200,1298.3,1298.4,1297.3,1297.5,52341
1785475500,1297.7,1298.0,1297.2,1297.6,39043
1785475800,1297.5,1297.8,1296.2,1297.2,46402
1785476100,1297.4,1298.0,1296.3,1297.2,140160
1785476400,1297.1,1299.2,1296.5,1299.1,53179
1785476700,1299.2,1299.5,1298.0,1298.8,87829
1785477000,1298.7,1300.5,1298.7,1299.1,132034
1785477300,1299.1,1300.2,1298.5,1299.0,98414
1785477600,1299.1,1299.1,1298.6,1298.8,37617
1785477900,1298.8,1299.5,1298.8,1299.3,54405
1785478200,1299.4,1299.4,1299.0,1299.1,26739
1785478500,1299.2,1299.2,1298.8,1299.0,33064
1785478800,1299.0,1299.7,1298.9,1299.1,37679
1785479100,1299.2,1299.4,1299.0,1299.0,28509
1785479400,1299.1,1299.5,1298.2,1299.5,38534
1785479700,1299.5,1300.6,1299.1,1300.5,57304
1785480000,1300.5,1300.8,1300.2,1300.6,44464
1785480300,1300.7,1300.7,1300.2,1300.2,26904
1785480600,1300.3,1300.3,1299.6,1300.2,39649
1785480900,1300.2,1301.0,1300.0,1301.0,60342
1785481200,1301.0,1301.0,1300.2,1300.9,38940
1785481500,1301.0,1301.3,1300.3,1300.7,41194
1785481800,1300.7,1301.0,1300.0,1300.9,71743
1785482100,1301.0,1301.0,1300.6,1301.0,41204
1785482400,1300.8,1303.3,1300.6,1303.1,170812
1785482700,1303.1,1303.8,1302.9,1303.1,176470
1785483000,1303.1,1303.4,1303.0,1303.1,47568
1785483300,1303.2,1303.3,1301.6,1301.9,104382
1785483600,1301.9,1302.8,1301.5,1302.3,38803
1785483900,1302.3,1302.8,1302.1,1302.4,32726
1785484200,1302.6,1303.0,1302.0,1302.4,75530
1785484500,1302.5,1303.1,1302.0,1302.1,59133
1785484800,1302.1,1302.4,1301.0,1301.1,77726
1785485100,1301.1,1302.9,1301.0,1302.3,49726
1785485400,1302.4,1302.6,1301.9,1301.9,68068
1785485700,1302.0,1302.6,1301.9,1302.1,51666
1785486000,1302.1,1303.6,1302.1,1303.0,56756
1785486300,1303.4,1304.4,1303.0,1304.2,82503
1785486600,1304.1,1305.0,1302.4,1302.4,125241
1785486900,1302.7,1303.8,1302.1,1303.2,132809
1785487200,1303.0,1305.0,1303.0,1304.8,59688
1785487500,1304.9,1304.9,1304.0,1304.5,75545
1785487800,1304.3,1305.0,1304.0,1305.0,78284
1785488100,1304.7,1305.4,1304.4,1305.0,105929
1785488400,1305.2,1305.4,1302.7,1302.7,109099
1785488700,1302.7,1303.4,1301.7,1302.4,113558
1785489000,1302.1,1302.8,1301.3,1302.1,123525
1785489300,1302.5,1304.2,1302.1,1303.5,148602
1785489600,1303.9,1305.5,1303.4,1305.2,248064
1785489900,1305.3,1305.3,1304.0,1304.6,109084
1785490200,1304.6,1308.3,1304.6,1307.9,548216
1785490500,1308.1,1309.7,1307.9,1308.7,592244
1785490800,1308.7,1309.0,1308.1,1308.8,490028
1785491100,1308.8,1309.4,1307.7,1307.9,552707
1785491400,1307.9,1308.1,1306.1,1307.6,428636
1785491700,1307.8,1307.9,1304.0,1305.0,371812
1785728700,1315.2,1315.8,1311.8,1312.2,415461
1785729000,1312.7,1314.4,1311.2,1314.2,301829
1785729300,1314.1,1314.5,1311.8,1313.4,195294
1785729600,1313.7,1314.4,1313.0,1313.7,130579
1785729900,1314.3,1314.3,1312.5,1313.0,217448
1785730200,1312.9,1313.0,1312.2,1312.8,88520
1785730500,1312.7,1312.8,1310.8,1311.0,128901
1785730800,1311.0,1311.5,1310.0,1311.0,128765
1785731100,1311.0,1312.9,1311.0,1312.9,112298
1785731400,1312.8,1313.7,1310.5,1310.8,135445
1785731700,1310.9,1311.1,1308.8,1311.0,100571
1785732000,1310.6,1311.5,1310.6,1310.9,50634
1785732300,1311.0,1312.5,1310.5,1311.8,65375
1785732600,1311.6,1311.9,1309.7,1310.0,54600
1785732900,1309.9,1312.1,1309.9,1310.8,54268
1785733200,1310.8,1311.5,1310.6,1311.5,53379
1785733500,1311.5,1314.9,1311.4,1314.9,106137
1785733800,1314.9,1315.0,1313.5,1313.8,120056
1785734100,1313.7,1313.7,1312.5,1312.8,54068
1785734400,1312.8,1312.8,1312.1,1312.3,34774
1785734700,1312.3,1312.3,1310.2,1311.0,95601
1785735000,1311.1,1313.9,1310.6,1313.9,86558
1785735300,1313.9,1314.1,1313.0,1313.1,62993
1785735600,1313.1,1313.1,1311.6,1311.9,43770
1785735900,1311.8,1312.4,1311.3,1311.5,45017
1785736200,1311.9,1311.9,1310.6,1311.3,73045
1785736500,1311.3,1312.3,1311.2,1312.2,92441
1785736800,1312.3,1312.3,1311.0,1311.4,97088
1785737100,1311.4,1312.3,1311.2,1312.1,56559
1785737400,1312.1,1312.4,1310.5,1310.6,95111
1785737700,1310.7,1310.9,1309.0,1309.5,213964
1785738000,1309.5,1311.0,1309.5,1310.5,77533
1785738300,1310.4,1310.5,1309.4,1309.6,97606
1785738600,1309.6,1310.1,1309.1,1309.2,108975
1785738900,1309.2,1310.5,1309.1,1309.5,52391
1785739200,1309.2,1310.3,1309.1,1310.1,91343
1785739500,1310.1,1310.7,1310.0,1310.0,64175
1785739800,1310.1,1310.9,1310.0,1310.9,95391
1785740100,1310.9,1311.1,1309.4,1309.9,75206
1785740400,1309.7,1309.9,1309.2,1309.6,44223
1785740700,1309.4,1309.6,1307.2,1308.5,146756
1785741000,1308.5,1309.7,1308.3,1309.1,68425
1785741300,1309.2,1310.0,1307.4,1308.7,87732
1785741600,1308.9,1309.8,1308.3,1309.6,53076
1785741900,1309.5,1309.7,1308.6,1308.8,51673
1785742200,1308.6,1309.5,1308.5,1309.0,41917
1785742500,1309.0,1309.9,1308.7,1309.8,87041
1785742800,1309.7,1309.9,1309.0,1309.3,46478
1785743100,1309.4,1309.9,1309.0,1309.0,55219
1785743400,1309.1,1309.4,1308.5,1308.6,57898
1785743700,1308.6,1309.8,1308.0,1308.9,61549
1785744000,1308.9,1309.0,1307.7,1307.8,53117
1785744300,1307.9,1309.5,1307.4,1307.9,65914
1785744600,1308.0,1309.3,1306.6,1308.6,83872
1785744900,1308.5,1309.1,1307.4,1307.4,51426
1785745200,1307.4,1308.4,1307.2,1308.0,46313
1785745500,1308.0,1309.2,1307.5,1308.4,57561
1785745800,1308.5,1308.9,1308.1,1308.8,26838
1785746100,1308.7,1309.0,1308.5,1308.9,28280
1785746400,1308.9,1309.9,1308.4,1309.8,47340
1785746700,1309.7,1309.7,1308.0,1308.8,62429
1785747000,1308.7,1308.9,1306.7,1307.8,266640
1785747300,1307.9,1310.0,1307.9,1309.3,84494
1785747600,1309.4,1310.0,1309.0,1309.6,87069
1785747900,1309.5,1310.4,1309.0,1309.5,97891
1785748200,1309.5,1310.3,1309.1,1310.2,54554
1785748500,1310.2,1310.8,1310.0,1310.4,56806
1785748800,1310.6,1311.0,1309.8,1309.9,97849
1785749100,1309.8,1310.2,1309.2,1309.3,82337
1785749400,1309.4,1309.5,1307.6,1308.5,202091
1785749700,1308.4,1308.4,1306.4,1307.6,201449
1785750000,1307.8,1310.2,1306.0,1309.0,302659
1785750300,1309.0,1309.0,1309.0,1309.0,11
1785750600,1309.0,1309.0,1309.0,1309.0,0
1785750900,1309.0,1319.0,1309.0,1319.0,400421
1785815100,1315.0,1315.0,1306.0,1306.5,425084
1785815400,1306.6,1309.5,1306.6,1308.4,122741
1785815700,1308.6,1308.9,1307.1,1307.1,62695
1785816000,1307.2,1307.4,1305.1,1305.2,119434
1785816300,1305.1,1305.5,1304.0,1304.3,176662
1785816600,1304.6,1306.9,1304.3,1306.8,108988
1785816900,1306.5,1306.8,1305.9,1306.2,95201
1785817200,1306.7,1307.6,1305.8,1306.0,81467
1785817500,1306.0,1306.6,1305.1,1305.7,65767
1785817800,1305.6,1306.6,1305.4,1306.0,44239
1785818100,1306.0,1306.2,1305.0,1305.0,82642
1785818400,1305.1,1305.9,1304.8,1305.7,105123
1785818700,1305.8,1305.9,1305.5,1305.6,45906
1785819000,1305.7,1305.7,1301.4,1302.1,224296
1785819300,1302.5,1303.1,1301.0,1302.4,140202
1785819600,1302.2,1302.4,1300.3,1301.6,104173
1785819900,1301.7,1302.2,1301.2,1302.0,46891
1785820200,1301.9,1302.5,1301.8,1302.0,48551
1785820500,1301.9,1302.4,1301.0,1301.2,63120
1785820800,1301.3,1301.7,1300.4,1301.4,66749
1785821100,1301.3,1301.8,1300.5,1300.8,38254
1785821400,1300.8,1301.3,1300.8,1301.0,46582
1785821700,1301.1,1301.2,1300.1,1300.3,59066
1785822000,1300.3,1300.9,1300.0,1300.3,146756
1785822300,1300.7,1300.7,1300.0,1300.1,48014
1785822600,1300.3,1300.4,1298.3,1299.4,115709
1785822900,1299.5,1300.1,1298.5,1298.8,119345
1785823200,1298.6,1299.4,1298.2,1298.5,114085
1785823500,1298.8,1300.4,1298.4,1299.8,135903
1785823800,1300.2,1300.2,1298.5,1298.8,124990
1785824100,1299.2,1299.7,1297.3,1297.5,107904
1785824400,1297.7,1298.1,1297.1,1297.4,42025
1785824700,1297.2,1297.8,1295.4,1295.5,139089
1785825000,1295.8,1297.6,1294.4,1296.9,136515
1785825300,1296.8,1297.2,1296.0,1296.0,61028
1785825600,1296.0,1296.3,1295.1,1296.2,72137
1785825900,1296.3,1296.4,1295.4,1296.2,51649
1785826200,1296.2,1296.5,1295.0,1295.6,93992
1785826500,1295.7,1296.1,1293.1,1293.9,140503
1785826800,1294.0,1294.0,1292.5,1293.0,156831
1785827100,1292.9,1293.8,1292.1,1293.8,114313
1785827400,1293.5,1293.8,1292.6,1293.4,104860
1785827700,1293.7,1294.6,1292.2,1293.2,94232
1785828000,1293.2,1294.6,1293.2,1293.5,52463
1785828300,1293.3,1293.5,1292.5,1292.7,103571
1785828600,1293.2,1294.1,1292.7,1293.3,101107
1785828900,1293.3,1293.3,1292.1,1292.1,70781
1785829200,1292.5,1293.7,1292.1,1292.2,42175
1785829500,1292.1,1293.3,1292.0,1292.5,73825
1785829800,1292.5,1293.4,1292.1,1293.4,87159
1785830100,1293.4,1293.5,1292.1,1292.1,121049
1785830400,1292.1,1292.9,1292.1,1292.6,71013
1785830700,1292.8,1293.5,1292.5,1293.3,52478
1785831000,1293.4,1293.7,1292.6,1292.7,49121
1785831300,1292.9,1293.3,1292.1,1292.9,57795
1785831600,1293.0,1293.5,1291.2,1291.4,125088
1785831900,1291.4,1292.0,1290.4,1291.6,290889
1785832200,1292.0,1292.0,1291.0,1291.5,154248
1785832500,1291.9,1293.0,1291.1,1292.0,108852
1785832800,1292.0,1294.9,1291.8,1294.7,215205
1785833100,1294.7,1295.7,1293.7,1295.7,393581
1785833400,1295.6,1296.4,1294.4,1295.4,216092
1785833700,1295.1,1296.0,1293.8,1295.7,171287
1785834000,1295.6,1297.4,1291.6,1293.3,920146
1785834300,1293.3,1294.5,1292.9,1293.9,113346
1785834600,1293.8,1294.1,1292.5,1292.5,114843
1785834900,1293.0,1294.3,1292.6,1293.3,148365
1785835200,1293.3,1294.0,1292.2,1292.7,203037
1785835500,1292.7,1292.8,1291.0,1291.1,290093
1785835800,1291.8,1291.9,1290.0,1290.0,300249
1785836100,1290.0,1292.0,1289.5,1290.2,373895
1785836400,1290.4,1291.0,1286.4,1290.6,491201
1785836700,1290.6,1290.6,1290.6,1290.6,100
1785837000,1290.6,1290.6,1290.6,1290.6,0
1785837300,1290.6,1290.9,1290.6,1290.9,500773
1785901500,1293.0,1299.0,1292.5,1294.4,706616
1785901800,1294.4,1296.8,1294.1,1296.2,237619
1785902100,1296.4,1296.6,1295.1,1295.7,119356
1785902400,1295.6,1295.6,1294.2,1294.5,117811
1785902700,1294.7,1295.0,1294.3,1295.0,65613
1785903000,1294.9,1296.0,1293.2,1293.6,128290
1785903300,1293.7,1294.0,1292.6,1292.9,102177
1785903600,1292.9,1293.1,1291.2,1291.3,83676
1785903900,1291.4,1291.5,1290.6,1290.8,97000
1785904200,1290.7,1292.5,1290.7,1291.7,104868
1785904500,1291.8,1292.0,1290.7,1291.3,73943
1785904800,1291.4,1292.2,1291.1,1292.0,45633
1785905100,1292.1,1292.1,1291.0,1291.3,68596
1785905400,1291.3,1293.6,1291.0,1293.5,114164
1785905700,1293.5,1293.6,1292.1,1292.4,80986
1785906000,1292.3,1292.5,1289.6,1290.9,181999
1785906300,1290.9,1291.1,1290.8,1291.0,52472
1785906600,1291.1,1292.2,1291.0,1292.0,63607
1785906900,1292.0,1292.4,1290.7,1290.8,97822
1785907200,1290.7,1291.2,1290.6,1291.0,57156
1785907500,1291.0,1293.5,1290.9,1293.2,208774
1785907800,1293.3,1294.2,1291.6,1291.9,125623
1785908100,1292.0,1293.5,1290.7,1290.8,174681
1785908400,1290.9,1291.7,1290.3,1291.3,120719
1785908700,1291.5,1291.7,1290.5,1290.5,67336
1785909000,1290.6,1291.6,1290.5,1291.1,149421
1785909300,1291.1,1291.1,1289.2,1290.0,1409490
1785909600,1290.0,1290.2,1288.3,1288.6,144377
1785909900,1288.6,1289.2,1288.0,1288.3,112759
1785910200,1288.4,1288.5,1288.0,1288.3,41729
1785910500,1288.3,1288.5,1288.0,1288.0,56702
1785910800,1288.0,1288.1,1287.4,1287.7,67577
1785911100,1287.6,1287.8,1286.0,1286.4,86075
1785911400,1286.3,1286.7,1286.0,1286.2,58838
1785911700,1286.1,1286.9,1286.1,1286.6,50282
1785912000,1286.5,1287.2,1286.5,1287.1,51714
1785912300,1287.1,1287.8,1287.0,1287.3,66838
1785912600,1287.4,1288.0,1285.4,1286.3,259724
1785912900,1286.5,1286.9,1285.6,1286.2,82050
1785913200,1286.3,1286.3,1285.6,1285.8,47168
1785913500,1285.9,1285.9,1284.1,1285.3,785562
1785913800,1285.2,1286.2,1285.0,1286.0,398797
1785914100,1286.1,1286.3,1283.7,1284.0,443171
1785914400,1284.0,1284.3,1283.6,1283.6,52792
1785914700,1283.7,1284.0,1283.1,1284.0,77387
1785915000,1284.0,1285.8,1283.8,1285.4,181188
1785915300,1285.7,1285.7,1283.0,1284.9,328812
1785915600,1284.9,1285.5,1283.6,1285.5,247958
1785915900,1284.8,1286.6,1284.7,1285.3,408702
1785916200,1285.4,1287.5,1281.4,1281.7,553547
1785916500,1281.9,1283.0,1280.6,1282.1,1398029
1785916800,1282.1,1282.3,1279.7,1280.0,341209
1785917100,1279.9,1280.8,1279.7,1280.3,115301
1785917400,1280.4,1280.5,1279.1,1279.6,188627
1785917700,1279.6,1281.0,1279.2,1280.7,290267
1785918000,1280.7,1281.4,1278.7,1279.7,756464
1785918300,1279.6,1279.9,1277.9,1277.9,256400
1785918600,1277.9,1278.7,1277.1,1278.2,233337
1785918900,1278.3,1278.5,1276.8,1277.0,1293860
1785919200,1277.0,1277.5,1276.7,1276.8,130379
1785919500,1276.7,1277.4,1276.5,1276.9,176271
1785919800,1276.8,1277.1,1274.2,1275.0,939899
1785920100,1274.7,1275.8,1274.4,1275.0,338698
1785920400,1275.1,1275.3,1274.6,1274.8,259284
1785920700,1274.8,1275.3,1274.4,1275.1,277328
1785921000,1275.1,1275.2,1273.2,1273.5,524630
1785921300,1273.4,1275.7,1273.4,1275.2,343747
1785921600,1275.2,1275.3,1272.2,1272.8,717297
1785921900,1272.7,1272.9,1271.2,1272.4,389831
1785922200,1272.5,1276.0,1272.2,1275.6,1545517
1785922500,1275.6,1275.6,1272.6,1272.9,2746946
1785922800,1273.0,1280.3,1270.1,1280.0,1696978
1785923100,1280.0,1280.0,1280.0,1280.0,141
1785923400,1280.0,1280.0,1280.0,1280.0,0
1785923700,1280.0,1280.0,1280.0,1280.0,266135
1785987900,1285.0,1296.7,1281.2,1296.0,1108643
1785988200,1296.5,1301.1,1296.1,1298.1,693441
1785988500,1298.0,1298.3,1295.0,1297.7,380790
1785988800,1297.9,1300.6,1297.5,1300.4,280377
1785989100,1300.1,1300.9,1299.0,1299.0,214337
1785989400,1299.5,1301.4,1299.0,1300.9,209476
1785989700,1301.0,1304.4,1299.5,1303.7,369158
1785990000,1303.6,1304.9,1303.0,1303.9,210606
1785990300,1304.0,1305.0,1303.5,1303.7,185933
1785990600,1303.7,1303.8,1302.0,1302.2,255682
1785990900,1302.0,1302.1,1300.8,1301.8,143368
1785991200,1301.7,1301.9,1300.3,1300.7,96564
1785991500,1300.7,1300.9,1298.2,1299.2,184133
1785991800,1299.5,1300.4,1299.0,1300.3,82112
1785992100,1300.4,1300.4,1299.0,1300.0,55159
1785992400,1299.9,1301.0,1299.5,1300.4,70282
1785992700,1300.5,1300.7,1299.5,1300.0,48350
1785993000,1300.0,1301.0,1299.3,1300.7,86305
1785993300,1300.6,1301.7,1300.0,1301.1,90885
1785993600,1301.2,1304.8,1300.6,1304.5,177189
1785993900,1304.7,1307.3,1304.0,1307.0,311899
1785994200,1306.9,1307.0,1305.1,1305.3,117921
1785994500,1305.6,1307.5,1305.0,1307.0,538372
1785994800,1307.3,1308.7,1307.0,1308.3,231684
1785995100,1309.3,1311.9,1307.7,1311.6,457765
1785995400,1311.3,1313.4,1310.4,1313.4,439895
1785995700,1313.0,1314.4,1311.6,1313.9,365234
1785996000,1313.9,1314.9,1310.1,1311.5,230791
1785996300,1311.5,1312.2,1311.1,1311.4,106422
1785996600,1311.4,1316.4,1311.4,1315.8,496474
1785996900,1315.8,1317.1,1315.0,1316.5,483009
1785997200,1316.6,1317.8,1316.0,1316.0,226554
1785997500,1316.0,1319.4,1316.0,1319.2,312719
1785997800,1319.2,1319.5,1316.9,1317.0,611615
1785998100,1317.1,1317.4,1315.3,1315.7,133022
1785998400,1315.7,1316.2,1315.0,1315.9,206488
1785998700,1316.1,1316.4,1315.2,1316.1,119230
1785999000,1316.0,1316.1,1314.1,1315.4,152498
1785999300,1315.5,1316.7,1315.4,1316.4,105161
1785999600,1316.5,1318.5,1316.4,1318.2,125193
1785999900,1318.3,1320.7,1318.2,1320.4,530308
1786000200,1320.5,1321.7,1319.5,1320.7,222256
1786000500,1320.6,1321.6,1320.0,1320.0,233552
1786000800,1320.0,1320.8,1319.4,1320.0,209995
1786001100,1320.0,1321.5,1320.0,1320.4,308796
1786001400,1320.4,1325.2,1320.3,1322.9,799305
1786001700,1322.5,1323.0,1320.0,1322.1,318211
1786002000,1322.1,1323.0,1320.5,1320.7,189332
1786002300,1320.7,1323.4,1320.0,1321.5,334973
1786002600,1321.8,1321.8,1318.2,1319.1,242337
1786002900,1319.2,1321.0,1319.1,1320.0,112312
1786003200,1319.9,1321.0,1319.5,1320.8,93467
1786003500,1320.9,1321.5,1319.2,1319.7,394813
1786003800,1319.2,1320.3,1319.1,1319.5,163121
1786004100,1319.6,1320.4,1317.7,1318.4,261098
1786004400,1318.3,1319.5,1317.7,1319.2,220549
1786004700,1319.3,1320.3,1317.7,1320.3,215968
1786005000,1319.9,1320.3,1318.3,1319.2,149722
1786005300,1319.1,1321.1,1318.9,1320.0,144842
1786005600,1320.0,1321.7,1320.0,1321.2,184276
1786005900,1321.1,1323.1,1321.1,1323.0,155568
1786006200,1322.8,1323.0,1321.8,1322.0,179014
1786006500,1322.1,1323.2,1322.0,1322.9,143020
1786006800,1322.9,1323.4,1321.1,1321.8,317305
1786007100,1321.9,1322.8,1321.9,1322.8,166187
1786007400,1322.7,1323.5,1321.2,1321.8,414381
1786007700,1321.8,1322.7,1321.6,1322.3,164758
1786008000,1322.4,1322.5,1321.0,1321.3,203264
1786008300,1321.3,1321.9,1320.5,1321.7,208359
1786008600,1321.3,1321.9,1319.6,1320.1,522189
1786008900,1320.7,1322.6,1319.6,1321.1,632590
1786009200,1321.2,1322.4,1320.3,1322.0,341123
1786009500,1321.0,1321.0,1321.0,1321.0,128
1786009800,1321.0,1321.0,1321.0,1321.0,0
1786010100,1321.0,1325.0,1321.0,1325.0,623001
1786074300,1320.0,1331.6,1320.0,1327.2,782625
1786074600,1327.5,1327.6,1325.0,1327.1,190510
1786074900,1327.2,1327.4,1322.1,1322.2,136775
1786075200,1322.2,1323.0,1321.1,1321.4,118131
1786075500,1321.4,1322.0,1318.7,1319.0,118568
1786075800,1319.3,1320.6,1318.1,1320.3,113805
1786076100,1320.3,1320.3,1317.2,1317.6,81435
1786076400,1318.0,1318.8,1316.6,1317.9,88265
1786076700,1318.1,1323.9,1317.9,1323.0,169285
1786077000,1323.0,1323.0,1321.0,1321.3,93213
1786077300,1321.3,1321.4,1319.2,1319.3,55642
1786077600,1319.3,1319.7,1318.1,1319.0,60864
1786077900,1319.4,1319.7,1317.3,1319.5,101986
1786078200,1319.7,1320.9,1319.0,1319.0,44858
1786078500,1319.2,1320.2,1318.7,1320.2,38167
1786078800,1320.3,1320.3,1319.1,1320.2,35131
1786079100,1319.9,1321.1,1319.5,1320.7,70341
1786079400,1320.9,1324.5,1320.3,1324.2,124579
1786079700,1324.2,1326.7,1324.0,1325.5,154817
1786080000,1325.9,1325.9,1323.1,1324.3,72477
1786080300,1324.3,1325.4,1323.6,1324.0,105857
1786080600,1324.4,1325.0,1323.7,1323.8,93609
1786080900,1323.9,1325.2,1323.6,1325.0,231965
1786081200,1324.9,1325.3,1324.9,1325.0,110155
1786081500,1325.1,1325.2,1323.6,1324.6,136892
1786081800,1324.6,1330.7,1324.6,1330.3,328481
1786082100,1330.3,1332.7,1330.0,1331.8,217027
1786082400,1331.8,1333.5,1330.2,1333.3,349534
1786082700,1333.3,1335.7,1333.3,1335.2,324987
1786083000,1335.5,1337.0,1335.0,1335.0,190860
1786083300,1335.1,1335.4,1334.5,1334.6,223400
1786083600,1335.1,1335.2,1333.1,1334.7,301965
1786083900,1335.0,1335.9,1334.6,1335.6,70405
1786084200,1335.6,1335.7,1334.8,1335.2,76894
1786084500,1335.0,1335.2,1334.3,1335.0,342691
1786084800,1335.1,1335.4,1332.0,1332.2,182172
1786085100,1332.5,1332.8,1332.0,1332.7,81899
1786085400,1332.7,1332.7,1329.5,1330.0,98464
1786085700,1330.3,1331.0,1329.5,1329.5,62156
1786086000,1329.8,1333.0,1329.0,1333.0,72691
1786086300,1333.0,1334.7,1332.0,1334.4,69451
1786086600,1334.4,1334.7,1332.0,1333.8,58706
1786086900,1333.7,1333.8,1332.4,1333.7,44619
1786087200,1333.8,1333.8,1331.2,1331.7,99878
1786087500,1332.0,1332.2,1330.6,1331.9,119205
1786087800,1332.1,1334.0,1330.1,1333.6,117892
1786088100,1333.9,1334.2,1332.4,1333.5,103355
1786088400,1333.5,1334.5,1332.3,1332.6,134242
1786088700,1332.4,1332.8,1330.2,1330.6,83034
1786089000,1330.6,1332.9,1330.2,1331.8,114727
1786089300,1332.0,1332.9,1331.4,1331.4,62717
1786089600,1331.5,1332.0,1330.8,1330.8,46906
1786089900,1331.0,1331.0,1329.2,1330.7,56680
1786090200,1330.7,1331.0,1329.7,1330.7,40061
1786090500,1330.7,1331.5,1329.0,1331.0,102751
1786090800,1331.1,1331.7,1329.5,1330.5,78255
1786091100,1330.5,1331.2,1330.0,1330.5,46181
1786091400,1330.5,1331.0,1329.6,1329.6,43584
1786091700,1330.0,1331.3,1329.5,1331.0,64567
1786092000,1330.8,1331.2,1329.7,1330.0,54583
1786092300,1330.1,1330.6,1329.7,1330.5,37312
1786092600,1330.5,1330.8,1328.5,1329.8,81783
1786092900,1329.8,1329.8,1325.8,1326.1,145806
1786093200,1326.1,1328.8,1325.5,1326.8,175929
1786093500,1326.8,1327.9,1325.2,1327.6,86431
1786093800,1327.8,1327.8,1326.0,1326.4,80614
1786094100,1326.9,1332.0,1326.4,1331.3,160856
1786094400,1330.9,1331.6,1328.5,1330.6,112067
1786094700,1330.6,1332.8,1329.7,1330.9,177782
1786095000,1330.9,1332.3,1330.5,1332.0,117777
1786095300,1332.3,1332.3,1330.0,1330.4,136215
1786095600,1330.5,1331.7,1328.0,1330.5,188228
1786095900,1329.0,1329.0,1329.0,1329.0,12
1786096200,1329.0,1329.0,1329.0,1329.0,0
1786096500,1329.0,1334.8,1329.0,1334.8,436952
1786333500,1330.1,1332.1,1326.5,1327.9,256260
1786333800,1327.8,1328.5,1326.2,1327.2,141455
1786334100,1327.4,1327.4,1324.2,1325.4,104245
1786334400,1325.4,1325.5,1324.1,1325.0,139096
1786334700,1325.1,1325.8,1324.0,1325.2,134359
1786335000,1325.1,1325.4,1322.7,1323.5,114887
1786335300,1323.8,1324.3,1322.1,1323.3,171459
1786335600,1323.5,1324.0,1323.1,1323.7,89577
1786335900,1323.6,1323.7,1322.9,1323.0,41407
1786336200,1323.4,1324.0,1322.7,1323.4,48979
1786336500,1323.2,1323.9,1321.3,1322.8,91597
1786336800,1322.8,1323.4,1322.0,1322.8,97122
1786337100,1322.8,1326.8,1322.8,1325.0,130755
1786337400,1325.0,1328.0,1324.8,1327.7,93234
1786337700,1328.0,1328.8,1326.5,1327.7,110264
1786338000,1327.9,1328.0,1326.7,1327.1,79054
1786338300,1327.1,1327.8,1326.5,1327.0,40676
1786338600,1327.0,1328.2,1326.7,1327.5,44020
1786338900,1327.6,1329.4,1327.1,1328.5,87283
1786339200,1328.5,1329.2,1327.7,1328.9,68916
1786339500,1328.9,1328.9,1327.8,1328.1,44916
1786339800,1328.1,1331.5,1327.9,1330.5,173543
1786340100,1330.5,1330.6,1329.0,1329.1,158444
1786340400,1329.2,1330.7,1327.2,1330.6,105950
1786340700,1330.5,1331.0,1329.4,1331.0,48653
1786341000,1331.0,1331.5,1329.8,1330.0,94013
1786341300,1330.0,1331.9,1329.7,1331.0,92157
1786341600,1331.0,1331.0,1329.2,1329.3,44565
1786341900,1329.2,1332.9,1328.7,1331.6,152614
1786342200,1331.7,1331.9,1329.4,1329.4,138033
1786342500,1329.5,1329.5,1327.7,1329.0,119998
1786342800,1328.9,1329.1,1327.3,1327.7,138302
1786343100,1327.7,1328.2,1326.5,1326.8,87811
1786343400,1326.7,1327.9,1326.4,1327.1,64019
1786343700,1327.2,1327.3,1326.1,1327.0,100248
1786344000,1326.8,1327.9,1326.5,1327.4,58763
1786344300,1327.2,1330.8,1327.0,1329.9,96371
1786344600,1329.8,1330.9,1329.5,1330.2,68975
1786344900,1330.3,1330.8,1329.9,1329.9,48163
1786345200,1330.0,1331.7,1329.5,1330.5,118753
1786345500,1330.5,1331.1,1330.0,1330.7,71274
1786345800,1330.5,1330.9,1327.7,1327.7,61908
1786346100,1328.0,1328.0,1326.6,1326.9,100936
1786346400,1327.0,1328.0,1326.0,1326.7,131692
1786346700,1326.7,1327.0,1325.9,1325.9,76224
1786347000,1326.1,1327.0,1324.4,1325.4,145811
1786347300,1325.1,1326.3,1324.6,1324.8,75438
1786347600,1325.2,1325.6,1324.6,1324.9,67794
1786347900,1324.9,1325.4,1323.4,1324.3,84307
1786348200,1324.5,1325.8,1324.0,1324.7,71813
1786348500,1324.7,1326.2,1324.7,1325.3,107554
1786348800,1325.5,1326.8,1324.8,1326.7,93448
1786349100,1326.7,1327.0,1325.6,1325.9,84991
1786349400,1326.0,1326.4,1325.7,1326.0,55883
1786349700,1326.2,1326.9,1325.5,1326.5,88343
1786350000,1326.2,1327.7,1325.5,1327.3,166513
1786350300,1327.3,1327.3,1324.7,1325.3,89080
1786350600,1325.1,1325.6,1324.8,1325.2,74355
1786350900,1325.1,1326.7,1325.1,1326.4,67264
1786351200,1326.2,1326.4,1326.0,1326.0,67006
1786351500,1326.1,1326.2,1324.7,1325.0,139026
1786351800,1324.9,1326.4,1324.7,1326.2,138886
1786352100,1325.8,1327.5,1325.7,1326.7,203471
1786352400,1326.4,1326.5,1325.8,1326.3,102868
1786352700,1326.3,1327.1,1325.7,1326.5,210267
1786353000,1326.7,1327.1,1325.7,1326.6,167688
1786353300,1326.2,1327.4,1324.8,1325.3,185172
1786353600,1325.5,1326.1,1325.2,1325.6,130656
1786353900,1325.5,1326.3,1325.4,1326.3,103896
1786354200,1326.3,1326.7,1325.5,1326.3,189130
1786354500,1326.3,1327.6,1325.8,1326.3,214061
1786354800,1326.1,1327.0,1324.0,1324.0,263431
1786355100,1324.0,1324.0,1324.0,1324.0,212
1786355400,1324.0,1324.0,1324.0,1324.0,0
1786355700,1324.0,1327.3,1324.0,1327.3,303878
1786419900,1326.6,1327.0,1315.4,1316.0,275343
1786420200,1315.4,1319.8,1314.1,1319.7,135190
1786420500,1319.7,1320.0,1317.9,1319.2,75789
1786420800,1319.2,1319.4,1318.5,1318.8,48095
1786421100,1318.8,1319.1,1317.5,1318.0,70763
1786421400,1318.1,1318.4,1317.3,1317.9,79788
1786421700,1318.0,1318.2,1317.2,1318.0,64022
1786422000,1318.0,1318.4,1317.6,1317.7,44244
1786422300,1317.7,1318.7,1317.5,1318.4,84576
1786422600,1318.4,1320.0,1318.2,1319.6,57745
1786422900,1319.6,1319.8,1319.2,1319.3,45948
1786423200,1319.3,1319.3,1318.6,1318.9,30440
1786423500,1318.9,1319.5,1318.3,1319.0,42751
1786423800,1319.0,1322.7,1318.9,1322.7,79247
1786424100,1322.6,1324.3,1322.5,1323.4,91541
1786424400,1323.0,1323.1,1321.4,1321.7,111164
1786424700,1321.6,1321.8,1320.8,1321.6,29671
1786425000,1321.4,1321.9,1320.3,1320.9,62149
1786425300,1320.9,1321.9,1320.3,1321.6,30219
1786425600,1321.9,1322.5,1321.5,1322.1,43169
1786425900,1322.1,1322.5,1320.7,1321.0,33047
1786426200,1320.6,1321.2,1318.8,1319.3,79848
1786426500,1318.9,1320.1,1318.9,1319.0,61053
1786426800,1319.0,1320.4,1318.8,1320.4,44902
1786427100,1320.5,1320.9,1319.0,1319.2,90823
1786427400,1319.1,1319.9,1319.0,1319.1,54517
1786427700,1319.0,1319.8,1318.8,1319.4,49846
1786428000,1319.5,1319.7,1319.3,1319.3,35417
1786428300,1319.7,1320.3,1319.0,1319.1,54040
1786428600,1319.3,1319.5,1318.8,1319.1,36963
1786428900,1319.2,1320.2,1319.1,1320.0,60380
1786429200,1320.0,1320.1,1319.3,1319.7,70651
1786429500,1319.5,1320.4,1318.8,1319.9,63687
1786429800,1320.3,1320.3,1318.0,1318.2,62690
1786430100,1318.2,1319.0,1318.1,1318.8,39161
1786430400,1318.8,1319.9,1318.7,1319.7,115626
1786430700,1319.9,1320.9,1319.2,1320.4,122875
1786431000,1320.5,1322.5,1320.0,1321.2,128864
1786431300,1321.2,1322.0,1320.5,1320.7,74043
1786431600,1320.6,1321.9,1320.6,1321.3,25582
1786431900,1321.3,1321.9,1321.0,1321.3,35492
1786432200,1321.2,1322.5,1321.0,1321.8,172786
1786432500,1321.8,1322.7,1321.4,1322.7,45681
1786432800,1322.8,1323.7,1322.1,1322.9,51566
1786433100,1323.2,1323.6,1322.9,1323.0,66318
1786433400,1323.0,1323.4,1322.4,1323.2,80163
1786433700,1323.3,1324.9,1322.5,1324.2,353359
1786434000,1324.2,1324.3,1323.8,1324.0,58543
1786434300,1324.0,1326.5,1323.6,1325.8,161167
1786434600,1326.0,1326.4,1324.4,1325.2,154027
1786434900,1325.3,1328.7,1323.7,1324.5,281494
1786435200,1324.6,1325.1,1322.6,1323.7,84564
1786435500,1323.8,1323.8,1322.1,1323.2,96625
1786435800,1323.2,1324.8,1323.1,1323.9,121046
1786436100,1323.9,1325.9,1323.4,1323.6,179208
1786436400,1323.9,1324.2,1322.9,1323.5,181425
1786436700,1323.5,1323.6,1321.5,1321.9,287308
1786437000,1322.2,1323.4,1321.2,1323.0,175454
1786437300,1323.4,1324.6,1322.5,1324.0,343972
1786437600,1324.3,1324.4,1322.6,1324.0,148783
1786437900,1324.0,1324.6,1322.0,1322.3,146814
1786438200,1322.0,1324.5,1321.9,1324.2,213896
1786438500,1323.7,1326.4,1323.1,1324.0,437842
1786438800,1324.0,1324.9,1323.3,1323.8,206779
1786439100,1323.8,1324.2,1323.0,1323.6,90726
1786439400,1324.0,1324.0,1323.5,1323.7,36646
1786439700,1323.6,1324.4,1323.2,1323.6,98072
1786440000,1323.7,1324.2,1323.5,1323.9,70816
1786440300,1323.7,1324.0,1322.9,1323.8,115134
1786440600,1323.7,1325.0,1322.7,1324.7,290558
1786440900,1324.9,1325.4,1320.5,1322.1,584751
1786441200,1322.1,1323.0,1319.5,1320.6,331716
1786441500,1320.6,1320.6,1320.6,1320.6,21
1786441800,1320.6,1320.6,1320.6,1320.6,0
1786442100,1320.6,1323.9,1320.6,1323.9,1008106
1786506300,1323.9,1326.0,1316.1,1319.0,464735
1786506600,1319.3,1319.3,1316.0,1316.8,104179
1786506900,1316.8,1320.4,1316.8,1319.5,193011
1786507200,1319.6,1319.6,1315.2,1317.2,103902
1786507500,1317.2,1317.2,1316.0,1316.3,91025
1786507800,1316.1,1317.5,1316.0,1317.2,69864
1786508100,1317.2,1317.2,1314.6,1315.5,118402
1786508400,1315.9,1315.9,1315.0,1315.4,84263
1786508700,1315.4,1316.0,1315.0,1315.8,62927
1786509000,1315.8,1315.8,1314.0,1315.2,90041
1786509300,1315.2,1315.3,1313.1,1313.6,76478
1786509600,1313.6,1313.7,1311.1,1311.2,120555
1786509900,1311.1,1312.8,1309.2,1312.3,118384
1786510200,1312.3,1312.8,1311.7,1312.0,58943
1786510500,1312.3,1313.2,1311.9,1312.9,56734
1786510800,1312.9,1315.0,1312.6,1314.0,95509
1786511100,1314.0,1314.3,1313.2,1313.7,62118
1786511400,1313.7,1314.7,1313.3,1314.1,82305
1786511700,1314.1,1314.1,1312.6,1313.1,67935
1786512000,1313.1,1313.5,1312.3,1312.9,57727
1786512300,1313.2,1314.0,1311.5,1311.5,116199
1786512600,1312.2,1312.6,1311.6,1312.5,44525
1786512900,1312.5,1312.8,1311.4,1312.3,91888
1786513200,1312.4,1313.6,1311.7,1312.1,91203
1786513500,1312.1,1313.1,1311.9,1312.5,46169
1786513800,1312.3,1313.0,1311.7,1311.8,80553
1786514100,1311.6,1313.5,1311.4,1312.6,111170
1786514400,1312.7,1312.7,1311.6,1312.5,33180
1786514700,1312.5,1313.4,1311.9,1312.0,106511
1786515000,1312.0,1314.1,1311.8,1313.4,127719
1786515300,1313.7,1313.7,1311.8,1311.9,49083
1786515600,1311.9,1313.0,1311.6,1312.6,140858
1786515900,1312.6,1312.8,1311.4,1312.4,102285
1786516200,1312.1,1313.1,1311.1,1311.5,99948
1786516500,1311.2,1311.7,1311.0,1311.1,59195
1786516800,1311.2,1311.2,1310.5,1310.7,82188
1786517100,1310.8,1311.1,1310.3,1311.1,121173
1786517400,1311.1,1312.0,1310.1,1311.8,252162
1786517700,1311.4,1312.4,1311.1,1312.4,45305
1786518000,1312.6,1313.5,1312.3,1313.0,51473
1786518300,1313.0,1313.6,1312.5,1313.4,32168
1786518600,1313.8,1315.4,1313.0,1313.0,212583
1786518900,1313.1,1314.3,1312.7,1313.0,121378
1786519200,1313.2,1314.1,1313.0,1313.3,102764
1786519500,1313.7,1313.7,1313.0,1313.5,44805
1786519800,1313.2,1313.7,1312.9,1313.3,50981
1786520100,1313.3,1315.2,1313.0,1315.1,89839
1786520400,1315.0,1315.3,1314.3,1314.9,73991
1786520700,1314.9,1316.0,1314.7,1316.0,62766
1786521000,1315.6,1316.2,1315.1,1315.5,73371
1786521300,1315.6,1315.7,1313.7,1315.2,152037
1786521600,1315.7,1315.9,1314.6,1315.3,60369
1786521900,1315.6,1316.0,1314.9,1315.3,64721
1786522200,1315.9,1315.9,1314.4,1314.5,22224
1786522500,1315.0,1315.1,1313.9,1315.1,30965
1786522800,1315.0,1315.1,1313.9,1314.0,22876
1786523100,1314.2,1315.1,1313.9,1315.1,41263
1786523400,1314.5,1315.2,1313.6,1314.0,32310
1786523700,1314.1,1314.9,1313.7,1314.7,59974
1786524000,1314.7,1314.7,1313.2,1313.9,71294
1786524300,1313.8,1314.2,1313.3,1314.0,37074
1786524600,1314.0,1314.7,1313.0,1313.8,76183
1786524900,1314.3,1314.8,1313.5,1314.7,31298
1786525200,1314.7,1318.5,1314.4,1317.2,196053
1786525500,1317.6,1318.4,1316.8,1317.5,58306
1786525800,1317.9,1318.0,1316.8,1317.9,34910
1786526100,1318.0,1318.5,1317.3,1318.4,199595
1786526400,1318.9,1322.9,1318.3,1322.9,264236
1786526700,1323.0,1323.5,1320.5,1321.2,270545
1786527000,1321.2,1322.3,1321.2,1321.5,268246
1786527300,1321.5,1321.8,1319.6,1320.0,267588
1786527600,1320.3,1321.0,1318.1,1320.5,312042
1786527900,1320.5,1320.5,1320.5,1320.5,1
1786528200,1320.5,1320.5,1320.5,1320.5,0
1786528500,1320.5,1329.0,1320.5,1329.0,357541
1786592700,1327.8,1327.8,1310.4,1314.9,381559
1786593000,1315.0,1315.5,1312.4,1313.0,118249
1786593300,1312.2,1312.4,1310.0,1311.3,188974
1786593600,1311.3,1311.4,1307.2,1310.6,228306
1786593900,1310.7,1312.0,1310.1,1311.9,91957
1786594200,1311.9,1313.2,1310.8,1312.6,112851
1786594500,1312.6,1315.0,1312.2,1314.7,87058
1786594800,1314.7,1315.0,1313.1,1314.0,48051
1786595100,1314.3,1314.5,1313.4,1314.5,42639
1786595400,1314.5,1314.5,1313.1,1313.1,52761
1786595700,1313.6,1314.2,1313.1,1313.2,44496
1786596000,1313.5,1314.2,1312.3,1313.7,67791
1786596300,1313.7,1314.0,1313.0,1313.6,31558
1786596600,1313.4,1313.8,1312.6,1313.2,70538
1786596900,1313.1,1313.1,1311.0,1311.2,72521
1786597200,1311.0,1312.1,1310.5,1310.9,78705
1786597500,1310.9,1310.9,1310.2,1310.5,59614
1786597800,1310.5,1311.4,1310.4,1311.2,67799
1786598100,1311.1,1313.3,1310.9,1313.1,79005
1786598400,1313.0,1313.3,1312.6,1313.1,60599
1786598700,1313.2,1313.2,1311.1,1312.1,139002
1786599000,1312.1,1312.3,1311.0,1311.2,94077
1786599300,1311.1,1312.3,1310.8,1312.1,79180
1786599600,1312.1,1312.2,1310.8,1311.0,39825
1786599900,1311.3,1312.5,1311.2,1312.1,29708
1786600200,1312.0,1312.1,1310.8,1310.9,65725
1786600500,1310.8,1311.7,1310.8,1310.8,61309
1786600800,1310.8,1310.8,1308.7,1309.2,159467
1786601100,1309.2,1309.6,1309.0,1309.2,45107
1786601400,1309.3,1309.4,1309.0,1309.3,57652
1786601700,1309.3,1310.0,1309.0,1309.7,84888
1786602000,1309.9,1310.8,1309.7,1310.3,57973
1786602300,1310.4,1313.1,1310.2,1312.9,89320
1786602600,1312.9,1315.9,1312.8,1315.0,131430
1786602900,1315.0,1315.4,1313.5,1313.7,93593
1786603200,1313.6,1314.5,1313.5,1314.2,85856
1786603500,1314.2,1314.4,1313.7,1314.2,66002
1786603800,1314.2,1314.4,1314.0,1314.1,60366
1786604100,1314.2,1314.2,1313.2,1313.4,74783
1786604400,1313.8,1314.4,1313.4,1314.3,62179
1786604700,1314.5,1315.0,1313.6,1314.1,104053
1786605000,1314.2,1315.1,1314.0,1314.3,57333
1786605300,1314.4,1315.2,1313.6,1314.4,140286
1786605600,1314.2,1315.3,1313.0,1314.9,306164
1786605900,1314.9,1314.9,1313.3,1314.6,72838
1786606200,1314.5,1316.0,1314.3,1315.1,145940
1786606500,1315.2,1316.4,1315.0,1316.1,159713
1786606800,1316.0,1316.9,1312.5,1313.2,268796
1786607100,1313.7,1315.1,1311.8,1312.9,367315
1786607400,1312.7,1313.6,1311.5,1311.7,84145
1786607700,1311.5,1313.3,1311.1,1313.2,43947
1786608000,1312.9,1313.9,1312.2,1313.5,111361
1786608300,1313.5,1315.2,1313.5,1314.9,156926
1786608600,1315.2,1315.9,1314.5,1315.7,77288
1786608900,1315.2,1316.9,1314.3,1314.9,376081
1786609200,1315.4,1316.1,1314.5,1315.6,110493
1786609500,1316.0,1316.5,1314.5,1315.4,180113
1786609800,1315.6,1315.6,1313.4,1313.8,107732
1786610100,1314.2,1314.3,1312.5,1312.6,64080
1786610400,1312.7,1313.2,1312.5,1313.0,51346
1786610700,1313.0,1314.5,1313.0,1314.0,123533
1786611000,1314.3,1315.7,1314.0,1315.0,74801
1786611300,1315.0,1315.8,1314.6,1315.6,122847
1786611600,1315.6,1316.4,1314.1,1314.1,184854
1786611900,1314.1,1314.8,1313.8,1314.2,78008
1786612200,1314.3,1315.9,1314.1,1315.3,115722
1786612500,1315.7,1315.7,1314.6,1315.1,220173
1786612800,1315.3,1315.6,1314.2,1314.6,164594
1786613100,1314.8,1314.8,1312.8,1313.7,238693
1786613400,1313.5,1315.0,1313.1,1314.1,293328
1786613700,1314.5,1314.5,1311.2,1312.6,343306
1786614000,1312.6,1314.5,1311.3,1313.6,249099
1786614300,1314.3,1314.3,1314.3,1314.3,2625
1786614600,1314.3,1314.3,1314.3,1314.3,0
1786614900,1314.3,1317.0,1314.3,1317.0,508712
1786679100,1317.0,1317.5,1308.5,1310.1,293502
1786679400,1310.1,1310.7,1308.0,1309.1,135772
1786679700,1309.3,1309.4,1307.2,1308.9,143551
1786680000,1308.7,1310.1,1308.2,1309.3,129742
1786680300,1309.7,1310.3,1309.0,1309.3,102455
1786680600,1309.3,1309.5,1308.4,1308.5,91880
1786680900,1308.8,1309.2,1308.1,1309.2,84257
1786681200,1308.7,1309.2,1308.1,1308.1,127258
1786681500,1308.6,1309.4,1308.1,1309.3,53980
1786681800,1309.1,1309.9,1308.7,1309.8,66576
1786682100,1309.6,1310.0,1309.5,1310.0,54443
1786682400,1310.0,1310.1,1309.0,1309.2,64244
1786682700,1309.0,1309.4,1308.6,1309.2,74120
1786683000,1309.2,1309.3,1307.5,1308.0,108483
1786683300,1307.9,1308.0,1307.6,1307.9,56058
1786683600,1308.0,1308.0,1305.1,1306.5,226434
1786683900,1306.5,1307.0,1305.9,1307.0,60049
1786684200,1306.9,1307.2,1306.5,1307.2,41080
1786684500,1307.0,1307.3,1306.8,1307.0,36113
1786684800,1307.0,1307.2,1306.3,1306.5,82635
1786685100,1306.3,1306.6,1305.6,1305.9,102137
1786685400,1306.0,1306.0,1304.0,1304.3,193118
1786685700,1304.5,1304.5,1303.1,1303.8,70039
1786686000,1303.8,1304.6,1303.7,1304.1,34574
1786686300,1304.0,1304.5,1303.7,1304.2,35631
1786686600,1304.2,1304.5,1303.2,1303.8,40899
1786686900,1303.8,1303.9,1301.5,1302.4,179123
1786687200,1302.4,1303.5,1301.6,1303.4,73991
1786687500,1303.3,1303.8,1303.0,1303.8,65101
1786687800,1303.8,1304.9,1303.4,1304.7,137535
1786688100,1304.8,1305.4,1304.5,1305.0,72558
1786688400,1305.0,1305.8,1304.8,1305.2,105289
1786688700,1305.3,1305.5,1304.0,1304.5,66729
1786689000,1304.2,1304.6,1303.4,1304.4,126382
1786689300,1304.3,1304.5,1303.6,1304.3,58515
1786689600,1304.3,1304.5,1304.1,1304.4,34713
1786689900,1304.5,1304.8,1304.0,1304.4,46597
1786690200,1304.4,1304.9,1304.2,1304.4,45525
1786690500,1304.9,1304.9,1304.1,1304.7,41973
1786690800,1304.8,1305.1,1304.1,1305.0,65684
1786691100,1304.9,1305.5,1304.7,1305.0,42304
1786691400,1305.1,1305.5,1304.9,1305.5,76725
1786691700,1305.5,1305.6,1305.1,1305.5,31485
1786692000,1305.4,1305.7,1305.1,1305.5,40295
1786692300,1305.3,1305.6,1305.0,1305.6,73569
1786692600,1305.5,1306.4,1305.2,1306.2,124358
1786692900,1306.0,1306.4,1305.5,1306.1,37195
1786693200,1306.1,1307.5,1305.9,1307.2,184836
1786693500,1307.3,1307.6,1306.2,1307.1,141381
1786693800,1307.3,1307.9,1306.8,1307.0,720660
1786694100,1307.2,1307.5,1307.0,1307.4,85422
1786694400,1307.3,1307.5,1306.8,1307.3,118363
1786694700,1307.2,1307.6,1306.8,1307.5,100427
1786695000,1307.6,1307.8,1307.0,1307.6,97479
1786695300,1307.6,1309.9,1307.5,1309.7,385282
1786695600,1309.7,1310.5,1309.5,1310.4,217602
1786695900,1310.5,1313.2,1310.1,1311.7,764114
1786696200,1311.8,1312.3,1310.2,1310.6,231670
1786696500,1310.8,1311.4,1309.7,1310.1,184506
1786696800,1310.0,1311.0,1309.5,1309.8,156675
1786697100,1309.9,1310.6,1309.1,1309.9,134305
1786697400,1309.5,1310.1,1308.2,1308.6,214794
1786697700,1308.9,1309.2,1308.3,1308.6,90825
1786698000,1309.1,1309.2,1308.3,1309.1,92522
1786698300,1309.2,1310.0,1309.1,1309.7,148933
1786698600,1309.5,1310.1,1309.1,1309.5,199964
1786698900,1309.4,1309.8,1309.0,1309.2,118883
1786699200,1309.3,1310.0,1309.2,1310.0,140037
1786699500,1310.1,1310.4,1309.4,1309.5,152797
1786699800,1309.5,1309.6,1308.5,1308.5,195171
1786700100,1308.9,1309.9,1308.6,1309.8,420017
1786700400,1309.7,1309.8,1306.3,1308.7,464452
1786700700,1308.7,1308.7,1308.7,1308.7,0
1786701000,1308.7,1308.7,1308.7,1308.7,0
1786701300,1308.7,1310.0,1308.7,1310.0,600979
1786938300,1314.0,1314.1,1305.3,1307.8,534566
1786938600,1307.2,1308.6,1305.1,1306.0,201693
1786938900,1306.0,1307.6,1305.6,1306.5,101662
1786939200,1306.4,1306.5,1305.6,1306.5,62630
1786939500,1306.5,1306.8,1306.1,1306.6,55904
1786939800,1306.6,1306.7,1304.0,1304.5,174751
1786940100,1304.4,1305.2,1304.0,1305.1,53897
1786940400,1305.1,1305.2,1304.3,1304.7,35820
1786940700,1304.7,1305.1,1304.1,1304.5,53020
1786941000,1304.9,1305.1,1304.1,1305.0,49970
1786941300,1305.0,1305.8,1304.3,1305.4,49137
1786941600,1305.5,1305.6,1305.0,1305.4,74406
1786941900,1305.4,1305.4,1304.1,1304.5,51154
1786942200,1304.5,1304.5,1303.4,1303.9,94735
1786942500,1303.5,1304.3,1302.7,1303.6,179606
1786942800,1303.6,1303.7,1302.0,1302.1,180541
1786943100,1302.1,1302.6,1301.5,1302.0,137667
1786943400,1302.0,1302.5,1300.1,1300.6,163705
1786943700,1300.3,1300.6,1299.1,1300.0,141240
1786944000,1300.0,1300.3,1299.6,1299.9,92087
1786944300,1299.6,1301.2,1299.6,1300.0,92381
1786944600,1300.0,1300.5,1299.9,1300.2,76229
1786944900,1300.2,1300.4,1299.9,1300.2,60474
1786945200,1300.2,1300.2,1299.8,1300.1,42172
1786945500,1300.1,1300.1,1298.1,1299.5,77107
1786945800,1299.5,1300.1,1299.3,1300.0,43246
1786946100,1300.2,1300.5,1300.0,1300.0,66617
1786946400,1300.0,1300.2,1299.6,1299.8,52787
1786946700,1299.8,1300.9,1299.7,1300.1,110878
1786947000,1300.2,1301.7,1300.0,1301.7,86065
1786947300,1301.5,1302.0,1300.2,1301.0,146584
1786947600,1301.0,1301.5,1300.0,1300.1,84550
1786947900,1300.4,1301.7,1300.1,1301.1,98292
1786948200,1301.1,1301.3,1300.2,1300.9,85070
1786948500,1300.4,1302.5,1300.3,1302.3,115101
1786948800,1302.3,1302.7,1300.4,1301.8,128398
1786949100,1301.8,1302.7,1301.1,1302.7,180532
1786949400,1302.6,1303.5,1302.2,1303.5,62892
1786949700,1303.4,1304.1,1302.8,1303.6,339990
1786950000,1303.0,1304.7,1302.1,1304.2,315631
1786950300,1304.2,1306.8,1303.6,1305.1,2723073
1786950600,1305.1,1308.5,1304.6,1308.0,402784
1786950900,1308.0,1314.5,1307.9,1313.0,930053
1786951200,1313.0,1314.8,1312.1,1312.5,164873
1786951500,1312.1,1313.2,1312.1,1312.9,97378
1786951800,1312.8,1317.8,1312.8,1317.0,252432
1786952100,1316.9,1317.6,1315.0,1315.0,115782
1786952400,1315.0,1316.1,1315.0,1315.3,122791
1786952700,1315.3,1316.3,1315.0,1315.8,122776
1786953000,1315.8,1316.5,1313.4,1316.1,292970
1786953300,1316.1,1318.4,1315.7,1317.3,203254
1786953600,1317.5,1319.0,1316.9,1318.5,202895
1786953900,1318.7,1319.1,1315.8,1317.0,126716
1786954200,1317.0,1318.1,1316.1,1318.0,138952
1786954500,1318.0,1318.1,1316.4,1316.6,85437
1786954800,1316.8,1318.8,1316.1,1318.5,256647
1786955100,1318.2,1318.6,1315.4,1315.7,72245
1786955400,1315.9,1317.0,1315.4,1316.4,129498
1786955700,1316.4,1317.4,1316.0,1316.8,62658
1786956000,1316.8,1316.9,1315.1,1315.1,140610
1786956300,1315.1,1316.9,1315.1,1315.8,84551
1786956600,1315.2,1315.7,1313.6,1314.6,260264
1786956900,1314.1,1314.9,1314.0,1314.6,33776
1786957200,1314.5,1315.2,1314.2,1314.6,77210
1786957500,1315.0,1316.8,1314.5,1316.0,223396
1786957800,1316.0,1316.5,1316.0,1316.0,32541
1786958100,1316.4,1317.5,1316.0,1317.4,79482
1786958400,1317.1,1317.4,1316.1,1316.8,106644
1786958700,1316.8,1317.4,1316.3,1317.4,93820
1786959000,1317.4,1319.3,1316.5,1318.5,229321
1786959300,1318.0,1318.7,1316.9,1318.4,180779
1786959600,1318.3,1320.8,1318.0,1320.0,239692
1786959900,1320.0,1320.0,1320.0,1320.0,826
1786960200,1320.0,1320.0,1320.0,1320.0,0
1786960500,1320.0,1320.0,1316.0,1316.0,287518
1787024700,1314.0,1315.2,1311.2,1313.6,232470
1787025000,1313.9,1320.6,1312.8,1319.4,256961
1787025300,1319.0,1328.0,1319.0,1322.5,505775
1787025600,1322.4,1324.6,1320.6,1323.4,242588
1787025900,1323.4,1327.0,1323.1,1325.7,235755
1787026200,1325.7,1328.6,1324.0,1324.7,202191
1787026500,1324.4,1324.9,1323.2,1324.2,78872
1787026800,1324.3,1325.5,1323.5,1323.8,124488
1787027100,1324.1,1324.7,1322.6,1324.3,90404
1787027400,1324.3,1324.4,1323.1,1324.0,158324
1787027700,1324.1,1324.8,1323.7,1323.9,83647
1787028000,1323.9,1324.1,1323.5,1323.9,33712
1787028300,1323.8,1324.0,1322.3,1323.9,95446
1787028600,1323.9,1324.0,1321.1,1321.5,142814
1787028900,1321.7,1322.3,1321.2,1321.8,79274
1787029200,1321.9,1323.3,1321.6,1323.0,70660
1787029500,1322.8,1323.0,1321.6,1322.4,74666
1787029800,1322.4,1323.0,1321.3,1322.1,84282
1787030100,1322.1,1322.5,1319.2,1320.1,157057
1787030400,1320.3,1321.0,1319.9,1320.6,46061
1787030700,1321.0,1321.6,1320.1,1321.4,55458
1787031000,1321.6,1323.3,1320.9,1322.6,78169
1787031300,1322.7,1323.5,1322.1,1322.9,60870
1787031600,1323.2,1323.7,1322.7,1323.3,81489
1787031900,1323.4,1324.2,1323.0,1323.7,66367
1787032200,1323.9,1324.2,1323.0,1323.9,35900
1787032500,1323.7,1323.8,1322.0,1322.1,78446
1787032800,1322.1,1322.4,1320.8,1321.3,110255
1787033100,1321.3,1321.7,1320.9,1321.3,50786
1787033400,1321.4,1321.8,1321.0,1321.2,30004
1787033700,1321.1,1322.8,1321.0,1322.1,118198
1787034000,1322.4,1323.3,1322.0,1322.5,73498
1787034300,1322.5,1323.3,1322.0,1323.0,58407
1787034600,1323.1,1325.5,1322.6,1324.4,109007
1787034900,1324.4,1325.5,1324.0,1324.5,56336
1787035200,1324.9,1325.7,1324.5,1325.3,117294
1787035500,1325.0,1325.6,1324.0,1325.3,106298
1787035800,1325.1,1325.8,1324.7,1325.1,74911
1787036100,1325.3,1325.3,1324.8,1325.1,58870
1787036400,1325.0,1325.2,1324.7,1324.8,149026
1787036700,1324.7,1325.2,1324.0,1324.2,249259
1787037000,1324.2,1324.4,1322.6,1323.0,160092
1787037300,1323.0,1324.4,1322.8,1324.3,66193
1787037600,1324.0,1324.5,1324.0,1324.1,50232
1787037900,1324.3,1324.4,1322.8,1322.8,81511
1787038200,1322.8,1323.5,1321.7,1322.7,153410
1787038500,1322.7,1323.7,1322.1,1323.2,161845
1787038800,1323.2,1323.2,1322.5,1323.1,45162
1787039100,1323.1,1323.8,1322.5,1323.5,69394
1787039400,1323.5,1324.2,1323.0,1323.4,104144
1787039700,1323.6,1323.9,1323.0,1323.6,77982
1787040000,1323.7,1324.2,1323.2,1324.0,56685
1787040300,1323.9,1324.0,1323.0,1323.4,54168
1787040600,1323.4,1324.0,1323.0,1323.6,68876
1787040900,1323.7,1324.3,1323.1,1323.8,55226
1787041200,1323.8,1324.9,1323.4,1324.5,51056
1787041500,1324.5,1324.5,1323.1,1323.7,73170
1787041800,1323.8,1324.6,1323.7,1324.5,84805
1787042100,1324.6,1324.9,1323.9,1324.3,158612
1787042400,1324.2,1324.2,1322.3,1323.0,72544
1787042700,1323.3,1324.0,1323.0,1323.2,71543
1787043000,1323.0,1324.7,1322.8,1324.0,495689
1787043300,1324.4,1325.1,1322.8,1324.2,415771
1787043600,1324.5,1324.5,1323.0,1323.8,204721
1787043900,1324.0,1325.1,1323.8,1324.4,148807
1787044200,1324.5,1324.9,1323.9,1323.9,58554
1787044500,1323.7,1323.8,1322.1,1323.6,116342
1787044800,1323.7,1324.0,1322.8,1323.2,93913
1787045100,1323.4,1324.8,1323.1,1324.0,263241
1787045400,1324.4,1325.0,1322.7,1322.8,217148
1787045700,1322.8,1323.6,1318.7,1321.3,341675
1787046000,1321.3,1323.0,1320.0,1321.3,473321
1787046300,1321.3,1321.3,1321.3,1321.3,1760
1787046600,1321.3,1321.3,1321.3,1321.3,0
1787046900,1321.3,1322.0,1321.3,1322.0,551084
