timestamp,open,high,low,close,volume
1767239100,1270.0,1270.0,1263.8,1267.3,121049
1767239400,1267.2,1268.2,1265.0,1266.4,55149
1767239700,1266.0,1271.1,1264.9,1270.6,37290
1767240000,1270.3,1270.4,1267.5,1268.9,26355
1767240300,1268.9,1269.5,1267.1,1268.0,22381
1767240600,1268.4,1269.2,1267.1,1268.1,24155
1767240900,1267.8,1269.3,1266.9,1268.8,12820
1767241200,1268.8,1269.1,1266.5,1267.6,9166
1767241500,1267.6,1268.3,1266.2,1266.7,9578
1767241800,1266.7,1268.5,1265.8,1268.1,20647
1767242100,1268.3,1270.3,1267.6,1269.9,10306
1767242400,1269.8,1270.2,1268.5,1269.6,17967
1767242700,1269.9,1270.0,1268.1,1268.6,15728
1767243000,1268.9,1269.4,1267.1,1269.3,12944
1767243300,1269.5,1273.8,1269.0,1272.7,25046
1767243600,1272.7,1273.4,1271.2,1272.3,22972
1767243900,1271.8,1273.3,1271.5,1271.6,8961
1767244200,1271.8,1272.0,1270.6,1271.9,10900
1767244500,1271.9,1273.7,1271.8,1273.2,33239
1767244800,1273.2,1274.6,1272.3,1274.2,96953
1767245100,1274.2,1275.0,1273.5,1274.6,57805
1767245400,1274.5,1275.1,1273.1,1273.5,10433
1767245700,1273.7,1274.9,1273.0,1274.4,11425
1767246000,1274.4,1274.9,1273.8,1274.4,3696
1767246300,1274.4,1274.6,1273.6,1273.8,5551
1767246600,1274.0,1274.6,1273.5,1274.6,10582
1767246900,1273.9,1275.7,1273.6,1275.4,14715
1767247200,1275.6,1275.6,1274.1,1274.9,15718
1767247500,1274.6,1274.8,1274.0,1274.4,4236
1767247800,1274.4,1274.5,1273.1,1274.0,6264
1767248100,1273.8,1274.0,1271.2,1272.0,19508
1767248400,1272.0,1273.5,1271.9,1272.7,14155
1767248700,1272.8,1273.4,1271.8,1272.4,15911
1767249000,1272.1,1272.6,1271.0,1271.3,12935
1767249300,1271.1,1273.1,1271.1,1271.9,19428
1767249600,1271.9,1272.8,1271.7,1271.8,8536
1767249900,1271.8,1272.3,1270.4,1270.9,13393
1767250200,1270.9,1272.9,1270.5,1272.9,6700
1767250500,1272.3,1274.1,1272.3,1274.0,14207
1767250800,1274.0,1274.5,1272.5,1274.4,8747
1767251100,1274.0,1274.8,1273.5,1274.5,34479
1767251400,1274.5,1276.7,1274.0,1276.2,57467
1767251700,1276.7,1277.5,1275.6,1276.0,15157
1767252000,1276.0,1277.4,1275.9,1277.2,15200
1767252300,1277.1,1278.0,1275.1,1275.5,14893
1767252600,1275.5,1276.0,1275.1,1275.6,7125
1767252900,1275.4,1276.2,1275.0,1276.0,11544
1767253200,1276.0,1276.4,1274.7,1276.2,18678
1767253500,1276.0,1276.9,1274.6,1275.3,26457
1767253800,1275.3,1275.5,1274.5,1275.1,6843
1767254100,1275.1,1276.0,1274.5,1275.0,10965
1767254400,1275.0,1275.3,1274.4,1274.5,9493
1767254700,1276.1,1277.7,1275.9,1277.6,18339
1767255000,1277.7,1277.7,1276.1,1277.6,12637
1767255300,1277.6,1279.2,1277.0,1277.6,47925
1767255600,1278.1,1278.6,1276.7,1278.0,46140
1767255900,1278.0,1278.2,1277.2,1277.6,9738
1767256200,1277.6,1278.5,1276.4,1277.9,14583
1767256500,1277.5,1279.1,1277.3,1279.0,13115
1767256800,1279.0,1279.0,1274.8,1275.4,118258
1767257100,1275.4,1276.8,1274.4,1274.8,41462
1767257400,1274.8,1275.5,1274.1,1275.3,40963
1767257700,1275.3,1275.3,1274.1,1275.0,28165
1767258000,1275.0,1275.3,1274.4,1274.8,9080
1767258300,1274.8,1275.2,1273.9,1274.5,12957
1767258600,1274.5,1274.9,1274.1,1274.7,7228
1767258900,1274.7,1274.9,1273.5,1274.5,17846
1767259200,1274.4,1274.9,1273.2,1273.4,20846
1767259500,1274.0,1275.0,1273.4,1274.6,42474
1767259800,1274.5,1275.6,1273.9,1275.1,59189
1767260100,1275.1,1275.3,1273.1,1274.0,52886
1767260400,1273.9,1275.5,1273.2,1274.5,97894
1767260700,1275.0,1275.4,1273.5,1274.2,108726
1767261000,1274.2,1274.5,1273.3,1274.2,59880
1767261300,1273.5,1274.2,1270.7,1273.6,44008
1767325500,1273.9,1278.3,1271.3,1271.9,78913
1767325800,1271.4,1274.0,1271.0,1272.0,40318
1767326100,1271.9,1273.4,1271.0,1273.0,32091
1767326400,1272.6,1276.3,1272.1,1275.6,37986
1767326700,1275.0,1277.3,1275.0,1275.6,26542
1767327000,1275.6,1281.8,1275.6,1280.2,55322
1767327300,1280.3,1281.0,1279.4,1279.8,37502
1767327600,1279.6,1279.8,1276.2,1276.7,67742
1767327900,1276.7,1278.6,1276.3,1276.8,63083
1767328200,1276.6,1277.3,1275.8,1276.8,28551
1767328500,1276.9,1277.7,1275.6,1276.5,27904
1767328800,1276.3,1277.3,1276.0,1276.9,28768
1767329100,1276.9,1277.4,1276.1,1276.7,28757
1767329400,1276.6,1278.5,1276.2,1278.4,41747
1767329700,1278.2,1278.8,1277.1,1278.1,45220
1767330000,1278.5,1278.5,1276.7,1276.7,27658
1767330300,1276.7,1277.7,1276.5,1277.7,47019
1767330600,1277.7,1279.2,1276.9,1279.2,64829
1767330900,1279.2,1279.5,1278.9,1279.2,108227
1767331200,1279.2,1279.4,1277.4,1278.9,98510
1767331500,1278.9,1279.0,1277.0,1277.9,39302
1767331800,1278.1,1278.9,1277.0,1277.6,39156
1767332100,1277.2,1278.6,1277.0,1277.3,58773
1767332400,1277.3,1277.8,1276.0,1276.5,58076
1767332700,1276.5,1277.5,1276.3,1276.6,25648
1767333000,1276.6,1277.6,1276.2,1277.0,25659
1767333300,1276.6,1277.2,1276.0,1276.7,43754
1767333600,1276.5,1278.6,1276.5,1277.6,30567
1767333900,1277.7,1278.0,1276.4,1277.0,34382
1767334200,1277.1,1277.4,1276.3,1277.0,106390
1767334500,1277.0,1278.1,1276.5,1277.8,40734
1767334800,1277.6,1277.8,1276.0,1276.8,74814
1767335100,1276.8,1277.0,1276.0,1276.3,92666
1767335400,1276.3,1276.5,1271.9,1273.2,294193
1767335700,1273.2,1274.5,1271.5,1273.0,137184
1767336000,1272.6,1273.3,1272.0,1273.2,131864
1767336300,1273.2,1273.9,1272.1,1272.9,54896
1767336600,1273.0,1273.6,1272.0,1272.2,37356
1767336900,1272.2,1274.2,1272.0,1273.7,59657
1767337200,1273.7,1274.3,1272.9,1273.7,87931
1767337500,1273.7,1274.2,1272.7,1273.0,61353
1767337800,1273.0,1274.2,1272.6,1273.2,93610
1767338100,1272.9,1273.8,1272.6,1272.7,38714
1767338400,1272.7,1274.1,1272.5,1273.4,88128
1767338700,1273.4,1274.0,1272.6,1274.0,117849
1767339000,1274.0,1274.1,1272.6,1273.5,74989
1767339300,1273.6,1273.8,1272.8,1273.7,67680
1767339600,1273.7,1273.9,1272.5,1273.2,62127
1767339900,1273.2,1274.0,1271.6,1272.6,137349
1767340200,1272.6,1272.8,1271.5,1272.1,71047
1767340500,1272.1,1272.3,1268.4,1269.0,120952
1767340800,1269.0,1269.2,1267.2,1267.7,42209
1767341100,1267.8,1268.4,1267.1,1267.4,39372
1767341400,1267.7,1268.6,1267.2,1267.4,77211
1767341700,1267.8,1267.9,1265.7,1266.8,59599
1767342000,1266.8,1267.8,1266.5,1267.0,36770
1767342300,1267.2,1267.8,1264.3,1266.1,122397
1767342600,1266.7,1267.0,1265.3,1266.9,32183
1767342900,1266.4,1268.0,1265.8,1267.1,83581
1767343200,1267.5,1268.0,1266.8,1267.6,31431
1767343500,1267.2,1268.6,1267.2,1268.5,66813
1767343800,1267.9,1268.7,1266.8,1267.2,45464
1767344100,1267.1,1268.0,1266.5,1267.2,36688
1767344400,1267.1,1267.5,1266.0,1266.6,63696
1767344700,1267.1,1267.1,1264.5,1265.2,88135
1767345000,1265.1,1266.0,1264.5,1265.6,43324
1767345300,1265.8,1265.8,1264.6,1265.6,44055
1767345600,1265.1,1266.9,1264.9,1266.9,84496
1767345900,1266.9,1267.4,1266.2,1267.2,72706
1767346200,1267.2,1267.5,1264.7,1264.8,139914
1767346500,1264.9,1266.0,1264.8,1265.9,168940
1767346800,1265.9,1266.6,1264.3,1266.4,212628
1767347100,1265.8,1267.1,1265.1,1267.1,390763
1767347400,1267.0,1270.1,1266.6,1269.0,283445
1767347700,1268.5,1270.6,1265.0,1269.0,188766
1767584700,1274.2,1281.1,1270.0,1278.1,199181
1767585000,1278.8,1282.0,1277.9,1280.3,123896
1767585300,1280.2,1285.9,1280.1,1284.0,103647
1767585600,1283.7,1284.4,1281.5,1282.2,52278
1767585900,1282.2,1284.9,1281.0,1282.9,101723
1767586200,1282.9,1284.1,1282.2,1284.0,42107
1767586500,1284.4,1286.8,1282.7,1283.0,149967
1767586800,1282.8,1285.0,1281.6,1284.8,87223
1767587100,1284.8,1289.7,1284.8,1287.6,105147
1767587400,1287.6,1288.5,1285.4,1286.2,90989
1767587700,1285.7,1286.9,1285.0,1286.3,64990
1767588000,1286.3,1286.8,1284.0,1286.0,65050
1767588300,1286.0,1286.9,1283.9,1285.3,34360
1767588600,1285.3,1287.0,1284.8,1285.9,27706
1767588900,1285.9,1286.4,1285.4,1286.4,21501
1767589200,1286.0,1287.9,1285.8,1286.0,58716
1767589500,1285.7,1288.2,1285.5,1288.2,31790
1767589800,1288.1,1288.5,1286.5,1287.5,30447
1767590100,1287.4,1288.0,1285.3,1286.5,43353
1767590400,1286.3,1286.9,1286.0,1286.2,30505
1767590700,1286.1,1286.5,1285.4,1285.8,92996
1767591000,1285.4,1285.9,1283.9,1285.7,45489
1767591300,1285.7,1286.1,1283.8,1284.4,42478
1767591600,1284.7,1285.8,1284.4,1285.1,23495
1767591900,1284.9,1285.8,1284.4,1285.8,23399
1767592200,1285.3,1286.0,1284.5,1285.0,46789
1767592500,1285.1,1285.1,1283.5,1284.5,51942
1767592800,1284.3,1285.8,1284.1,1284.5,43570
1767593100,1284.2,1285.2,1283.1,1284.1,43979
1767593400,1284.2,1287.3,1284.0,1287.3,62719
1767593700,1287.5,1287.9,1286.7,1287.5,81754
1767594000,1287.7,1288.0,1286.4,1287.9,53992
1767594300,1287.8,1288.0,1286.8,1287.6,37305
1767594600,1287.6,1288.6,1286.6,1287.2,42241
1767594900,1287.1,1287.4,1285.1,1286.3,34383
1767595200,1286.3,1286.9,1284.2,1284.9,29262
1767595500,1284.9,1285.7,1284.6,1285.7,25077
1767595800,1285.5,1286.1,1285.0,1286.1,34976
1767596100,1286.0,1286.9,1284.6,1286.9,65735
1767596400,1286.9,1287.7,1286.7,1287.2,27472
1767596700,1287.0,1287.7,1286.8,1287.1,24845
1767597000,1287.3,1287.7,1286.9,1287.2,31266
1767597300,1287.2,1287.5,1285.0,1286.0,44126
1767597600,1286.1,1287.5,1286.0,1287.5,22090
1767597900,1287.2,1287.6,1287.1,1287.3,19485
1767598200,1287.4,1287.7,1286.5,1287.3,81551
1767598500,1287.4,1288.0,1286.7,1286.7,747473
1767598800,1286.7,1286.9,1284.5,1285.1,87556
1767599100,1284.9,1284.9,1283.5,1284.1,78443
1767599400,1284.1,1286.5,1283.9,1286.3,80163
1767599700,1286.3,1286.5,1285.1,1285.7,57459
1767600000,1285.7,1286.0,1284.9,1285.0,57319
1767600300,1285.0,1285.1,1283.9,1284.3,74500
1767600600,1284.2,1285.5,1284.1,1285.0,68274
1767600900,1285.0,1285.0,1281.8,1281.9,73298
1767601200,1281.9,1282.4,1280.8,1282.4,59746
1767601500,1282.1,1283.0,1281.9,1282.7,53759
1767601800,1282.7,1282.8,1279.5,1280.3,81929
1767602100,1280.3,1281.9,1279.6,1281.2,73956
1767602400,1281.2,1282.4,1280.9,1281.8,73179
1767602700,1281.9,1282.3,1281.3,1282.0,52681
1767603000,1282.0,1283.5,1281.4,1283.5,43118
1767603300,1283.5,1283.6,1281.7,1281.8,52174
1767603600,1281.8,1283.6,1281.5,1282.0,60451
1767603900,1282.0,1282.0,1281.4,1282.0,46237
1767604200,1282.0,1283.9,1281.8,1283.3,106591
1767604500,1283.3,1283.9,1282.3,1282.6,80471
1767604800,1282.4,1283.9,1282.3,1283.2,106386
1767605100,1283.2,1284.2,1282.9,1283.7,87799
1767605400,1283.8,1286.5,1283.8,1285.9,217365
1767605700,1286.0,1286.0,1284.6,1285.6,178977
1767606000,1285.5,1286.1,1284.7,1286.0,208857
1767606300,1285.9,1287.5,1285.6,1287.0,255868
1767606600,1287.0,1287.1,1285.4,1285.7,225909
1767606900,1285.8,1286.9,1282.3,1286.5,165294
1767671100,1304.6,1304.6,1288.5,1288.8,875846
1767671400,1288.3,1292.3,1286.0,1287.6,340687
1767671700,1287.2,1293.8,1286.1,1289.6,262047
1767672000,1289.5,1295.4,1289.1,1294.0,188642
1767672300,1294.0,1297.7,1293.0,1295.6,210234
1767672600,1295.3,1301.1,1295.3,1297.4,128917
1767672900,1297.7,1303.7,1297.1,1301.3,98658
1767673200,1301.3,1303.7,1298.2,1299.1,233527
1767673500,1298.6,1299.0,1295.3,1296.4,58811
1767673800,1296.4,1297.0,1292.8,1292.9,105909
1767674100,1292.9,1293.7,1291.0,1292.3,83266
1767674400,1292.3,1294.2,1291.2,1292.4,38162
1767674700,1292.8,1292.8,1288.1,1289.4,61818
1767675000,1289.4,1289.9,1288.3,1289.4,61766
1767675300,1289.4,1289.6,1287.2,1287.8,50790
1767675600,1287.8,1289.2,1287.0,1289.0,37275
1767675900,1289.2,1289.8,1286.2,1286.9,42524
1767676200,1287.0,1287.2,1285.4,1286.8,77803
1767676500,1286.8,1287.0,1286.1,1286.2,32824
1767676800,1286.2,1289.2,1286.1,1288.8,69025
1767677100,1288.8,1289.7,1288.0,1288.0,29016
1767677400,1288.3,1290.5,1287.5,1289.7,49028
1767677700,1289.6,1290.7,1288.7,1289.1,30860
1767678000,1289.6,1289.8,1288.2,1289.2,27835
1767678300,1289.1,1290.0,1288.3,1289.4,37830
1767678600,1289.5,1292.0,1289.4,1292.0,31975
1767678900,1291.9,1292.0,1290.7,1292.0,39006
1767679200,1292.0,1293.5,1291.4,1293.3,48499
1767679500,1293.3,1293.3,1291.1,1291.5,45532
1767679800,1291.5,1296.0,1291.5,1295.6,113204
1767680100,1295.6,1296.8,1294.1,1295.5,44934
1767680400,1295.4,1295.5,1293.6,1294.2,60895
1767680700,1294.2,1295.7,1293.8,1294.8,41586
1767681000,1294.9,1295.1,1293.7,1294.9,20262
1767681300,1294.9,1295.3,1293.6,1293.9,36808
1767681600,1293.9,1295.0,1293.2,1294.6,27211
1767681900,1294.5,1295.5,1294.3,1295.4,20981
1767682200,1295.3,1295.8,1293.4,1294.6,32693
1767682500,1294.3,1295.5,1293.6,1295.0,59209
1767682800,1295.0,1295.0,1294.2,1295.0,25896
1767683100,1295.0,1295.0,1293.6,1294.2,40808
1767683400,1294.2,1294.6,1291.7,1294.2,31760
1767683700,1294.2,1295.8,1293.8,1295.1,45583
1767684000,1295.1,1296.0,1294.8,1296.0,22462
1767684300,1296.0,1296.9,1295.3,1296.9,27072
1767684600,1296.7,1298.5,1294.8,1294.9,39230
1767684900,1294.8,1295.9,1294.2,1295.1,35588
1767685200,1295.0,1297.2,1294.8,1296.5,28711
1767685500,1296.5,1296.7,1295.8,1296.4,29420
1767685800,1296.6,1296.8,1295.4,1295.7,28659
1767686100,1295.7,1295.7,1294.0,1295.3,39576
1767686400,1295.3,1295.3,1293.1,1293.8,43066
1767686700,1294.2,1294.2,1293.5,1293.9,27987
1767687000,1294.1,1295.0,1293.7,1294.7,26608
1767687300,1294.8,1295.5,1294.0,1295.0,124990
1767687600,1295.1,1295.3,1293.3,1293.6,28688
1767687900,1293.7,1295.1,1293.3,1295.0,65452
1767688200,1295.1,1296.0,1294.4,1295.0,152823
1767688500,1295.1,1295.6,1293.2,1293.6,337006
1767688800,1293.7,1294.5,1291.6,1294.0,64160
1767689100,1294.0,1294.0,1291.6,1293.1,74566
1767689400,1293.4,1295.0,1293.1,1294.7,40069
1767689700,1294.9,1295.3,1293.9,1294.8,45656
1767690000,1294.8,1296.2,1294.8,1296.0,50803
1767690300,1296.0,1296.3,1294.3,1294.8,92401
1767690600,1295.0,1295.0,1294.6,1294.9,32645
1767690900,1294.9,1296.0,1294.8,1295.6,72864
1767691200,1295.2,1296.0,1294.7,1295.5,62927
1767691500,1295.5,1296.0,1295.2,1295.6,42878
1767691800,1295.5,1295.8,1292.9,1293.8,135838
1767692100,1293.7,1295.6,1293.4,1295.0,164195
1767692400,1295.0,1295.3,1293.2,1294.3,119785
1767692700,1294.4,1294.6,1293.2,1294.2,101785
1767693000,1294.2,1294.6,1292.1,1292.8,116486
1767693300,1292.8,1293.5,1290.6,1292.0,131002
1767757500,1293.0,1299.0,1289.1,1290.2,237885
1767757800,1290.4,1291.4,1287.2,1288.6,50861
1767758100,1288.6,1289.2,1287.0,1288.4,26058
1767758400,1288.4,1288.4,1286.0,1286.4,39413
1767758700,1286.2,1290.7,1285.5,1288.1,171443
1767759000,1288.1,1288.7,1286.5,1287.0,27750
1767759300,1287.1,1287.8,1286.6,1287.4,62038
1767759600,1287.6,1288.9,1286.6,1288.6,28435
1767759900,1288.5,1289.4,1287.6,1288.5,16674
1767760200,1288.1,1288.7,1285.7,1287.2,28727
1767760500,1286.6,1287.5,1285.1,1286.5,94321
1767760800,1286.3,1288.3,1286.1,1288.0,48698
1767761100,1288.3,1288.8,1287.0,1287.6,43001
1767761400,1287.3,1289.2,1287.1,1288.5,19691
1767761700,1288.4,1290.0,1287.7,1289.0,32529
1767762000,1289.0,1290.0,1288.2,1288.9,81500
1767762300,1289.1,1289.7,1288.5,1289.7,14727
1767762600,1289.5,1291.0,1289.5,1290.6,14459
1767762900,1290.3,1290.9,1288.9,1289.5,15756
1767763200,1289.3,1290.4,1288.4,1289.2,33705
1767763500,1289.2,1290.4,1289.0,1290.0,54963
1767763800,1289.9,1290.4,1288.2,1289.7,77552
1767764100,1289.8,1290.0,1289.6,1289.8,31804
1767764400,1289.8,1290.0,1284.4,1288.5,413712
1767764700,1288.4,1290.0,1288.2,1288.9,74591
1767765000,1289.3,1289.5,1286.9,1287.5,102727
1767765300,1287.5,1288.7,1287.1,1287.1,42355
1767765600,1287.3,1288.4,1286.6,1287.4,167084
1767765900,1287.1,1289.3,1287.1,1289.2,37184
1767766200,1289.1,1290.0,1288.7,1289.7,27533
1767766500,1289.9,1290.3,1289.4,1289.9,25300
1767766800,1290.0,1290.7,1288.4,1289.0,40287
1767767100,1289.0,1289.1,1288.0,1288.9,77288
1767767400,1288.8,1289.9,1286.6,1289.8,106659
1767767700,1289.8,1289.8,1287.9,1289.5,66833
1767768000,1289.3,1290.1,1289.0,1289.9,16460
1767768300,1289.9,1293.0,1289.6,1291.3,36441
1767768600,1291.4,1293.2,1291.3,1291.7,20911
1767768900,1291.7,1292.1,1289.7,1290.0,22879
1767769200,1290.0,1292.5,1289.8,1290.7,29485
1767769500,1290.7,1291.1,1289.6,1290.7,33079
1767769800,1290.7,1290.9,1288.3,1289.7,69233
1767770100,1289.7,1290.6,1289.2,1290.0,66957
1767770400,1290.0,1290.8,1289.0,1289.1,51930
1767770700,1289.1,1290.2,1289.0,1289.7,51135
1767771000,1289.7,1290.8,1289.2,1290.3,46049
1767771300,1290.3,1290.8,1289.0,1290.0,45029
1767771600,1290.0,1290.8,1289.3,1290.2,19770
1767771900,1290.2,1291.0,1289.0,1290.4,62189
1767772200,1290.0,1290.5,1289.2,1289.8,46174
1767772500,1290.2,1290.4,1288.3,1289.2,92681
1767772800,1289.1,1289.3,1288.0,1289.0,54118
1767773100,1289.5,1289.5,1284.0,1286.1,124271
1767773400,1285.8,1288.5,1285.2,1288.5,36848
1767773700,1288.6,1289.6,1287.2,1287.6,42434
1767774000,1287.4,1288.6,1285.9,1287.4,60741
1767774300,1287.5,1289.4,1287.1,1289.4,37875
1767774600,1289.2,1290.0,1288.2,1290.0,33751
1767774900,1290.0,1290.0,1288.7,1289.1,33696
1767775200,1289.2,1289.2,1288.8,1288.9,16561
1767775500,1289.0,1289.8,1287.7,1289.5,140887
1767775800,1289.5,1290.1,1288.5,1288.7,60827
1767776100,1288.7,1289.5,1288.1,1289.2,90829
1767776400,1289.3,1290.0,1288.7,1290.0,58091
1767776700,1289.8,1291.7,1289.5,1291.4,72459
1767777000,1291.4,1292.6,1290.0,1291.7,73806
1767777300,1291.7,1293.5,1291.5,1292.8,115875
1767777600,1293.0,1294.0,1292.5,1293.9,56201
1767777900,1293.9,1294.3,1292.5,1292.6,113459
1767778200,1293.3,1295.6,1293.1,1295.1,166151
1767778500,1295.4,1296.7,1294.5,1296.1,215309
1767778800,1296.2,1297.0,1295.6,1296.1,176784
1767779100,1296.1,1296.2,1295.1,1296.2,130485
1767779400,1296.1,1296.2,1293.7,1294.1,201032
1767779700,1294.0,1295.8,1291.1,1294.8,162846
1767843900,1291.1,1303.2,1290.9,1291.5,277928
1767844200,1291.2,1293.0,1290.9,1292.6,49372
1767844500,1292.6,1295.7,1292.0,1295.7,40564
1767844800,1295.6,1298.9,1294.2,1298.9,87229
1767845100,1298.8,1298.9,1294.9,1296.0,132409
1767845400,1296.2,1298.0,1295.4,1296.9,17263
1767845700,1296.3,1297.7,1295.3,1297.7,12797
1767846000,1297.6,1297.7,1294.8,1296.6,29184
1767846300,1296.7,1297.4,1295.7,1296.5,21589
1767846600,1296.4,1298.0,1295.8,1296.3,17673
1767846900,1296.3,1296.6,1295.0,1296.3,13943
1767847200,1296.3,1296.8,1295.8,1296.8,15337
1767847500,1296.8,1299.0,1296.3,1297.7,29999
1767847800,1297.5,1298.0,1295.1,1296.0,22991
1767848100,1295.7,1297.9,1295.2,1296.7,27490
1767848400,1296.7,1297.2,1295.0,1296.0,83506
1767848700,1296.0,1296.0,1294.2,1294.4,29223
1767849000,1294.3,1294.9,1293.0,1293.5,30294
1767849300,1293.4,1295.3,1293.2,1294.9,34632
1767849600,1294.7,1296.1,1294.0,1296.0,67518
1767849900,1296.0,1296.8,1295.7,1296.4,45855
1767850200,1296.4,1296.4,1293.6,1295.4,97376
1767850500,1295.4,1295.7,1293.5,1294.0,113348
1767850800,1294.0,1294.0,1292.1,1293.0,114629
1767851100,1293.0,1293.9,1292.1,1292.6,99716
1767851400,1292.6,1292.8,1289.1,1291.5,117595
1767851700,1291.5,1292.0,1289.8,1290.9,99918
1767852000,1291.0,1291.0,1287.7,1287.9,56680
1767852300,1287.9,1288.5,1285.9,1288.3,83208
1767852600,1288.4,1288.4,1286.5,1288.2,18303
1767852900,1288.2,1289.8,1287.8,1289.5,19959
1767853200,1289.5,1289.5,1287.5,1287.5,19575
1767853500,1287.6,1288.4,1285.8,1286.0,75039
1767853800,1286.0,1287.3,1285.3,1286.0,39240
1767854100,1286.0,1286.9,1283.8,1286.4,67125
1767854400,1286.4,1288.5,1286.4,1287.7,17697
1767854700,1287.8,1288.6,1286.8,1287.2,24016
1767855000,1287.3,1287.8,1286.0,1287.0,43073
1767855300,1286.5,1287.4,1286.1,1286.7,34633
1767855600,1286.7,1286.7,1285.2,1286.0,10595
1767855900,1286.0,1286.9,1285.0,1286.5,29492
1767856200,1286.5,1287.9,1286.0,1287.6,18657
1767856500,1287.8,1288.2,1286.0,1286.2,15035
1767856800,1286.2,1286.8,1285.2,1286.0,13390
1767857100,1286.0,1286.8,1285.6,1286.3,11587
1767857400,1286.4,1287.0,1285.3,1286.9,20609
1767857700,1287.0,1287.5,1286.0,1286.5,11290
1767858000,1286.5,1287.4,1286.4,1287.1,9268
1767858300,1287.1,1288.1,1286.5,1287.9,11313
1767858600,1287.8,1288.1,1287.3,1287.6,11584
1767858900,1287.9,1288.1,1286.1,1286.4,13271
1767859200,1286.6,1287.7,1285.7,1286.0,14537
1767859500,1286.0,1288.0,1285.9,1287.5,18005
1767859800,1287.8,1287.8,1286.3,1286.8,8707
1767860100,1287.2,1288.6,1287.2,1287.3,12365
1767860400,1287.8,1288.7,1287.0,1288.1,17125
1767860700,1288.0,1288.9,1287.0,1288.3,37940
1767861000,1288.4,1288.5,1286.8,1287.7,134927
1767861300,1287.8,1288.8,1287.2,1287.4,85973
1767861600,1287.2,1290.3,1287.1,1290.2,50938
1767861900,1290.3,1291.8,1290.1,1291.0,31550
1767862200,1291.2,1292.2,1289.6,1290.0,33222
1767862500,1289.8,1291.3,1287.5,1287.9,65899
1767862800,1288.1,1290.1,1287.8,1289.7,77065
1767863100,1289.7,1290.0,1288.8,1289.7,30095
1767863400,1289.7,1289.9,1288.0,1288.3,30750
1767863700,1288.0,1289.5,1288.0,1288.7,58857
1767864000,1288.1,1289.5,1288.0,1288.8,34357
1767864300,1289.0,1289.0,1287.3,1287.9,45701
1767864600,1287.7,1288.3,1286.6,1287.2,110683
1767864900,1287.1,1287.2,1286.5,1286.7,87581
1767865200,1286.4,1287.5,1286.4,1287.4,124451
1767865500,1287.4,1287.4,1286.1,1287.1,155042
1767865800,1287.2,1287.2,1285.2,1286.5,144374
1767866100,1286.6,1288.0,1285.7,1286.0,128909
1767930300,1286.8,1295.3,1286.0,1294.0,117087
1767930600,1293.8,1294.0,1290.3,1290.7,34759
1767930900,1290.7,1292.6,1289.0,1289.2,62318
1767931200,1288.8,1289.5,1286.0,1286.7,44723
1767931500,1286.5,1286.7,1283.0,1283.9,46269
1767931800,1284.1,1285.0,1282.2,1285.0,32652
1767932100,1284.6,1284.6,1281.1,1282.2,96967
1767932400,1282.1,1282.1,1279.8,1280.6,37147
1767932700,1281.0,1283.1,1279.6,1282.5,40530
1767933000,1282.1,1283.7,1281.5,1283.0,37458
1767933300,1283.2,1284.0,1281.9,1283.1,32845
1767933600,1283.5,1284.0,1281.7,1282.2,9274
1767933900,1282.2,1282.8,1280.1,1280.5,17572
1767934200,1280.1,1282.3,1279.6,1281.8,51917
1767934500,1281.8,1284.4,1281.5,1284.0,54133
1767934800,1284.1,1284.1,1281.0,1281.4,46716
1767935100,1281.4,1281.4,1280.0,1280.9,22146
1767935400,1281.0,1282.4,1280.0,1282.0,32330
1767935700,1282.2,1282.8,1281.1,1281.7,39069
1767936000,1281.7,1283.0,1281.0,1281.2,54560
1767936300,1281.2,1281.5,1280.2,1281.2,19123
1767936600,1281.2,1281.2,1280.0,1280.2,22797
1767936900,1280.2,1281.0,1280.0,1280.4,11686
1767937200,1280.3,1280.7,1280.0,1280.3,12691
1767937500,1280.3,1280.3,1278.4,1278.9,30794
1767937800,1278.9,1280.2,1277.8,1279.4,52648
1767938100,1279.1,1280.0,1278.9,1279.3,12384
1767938400,1279.3,1280.2,1277.0,1277.0,24869
1767938700,1277.4,1277.5,1276.1,1276.6,26351
1767939000,1277.0,1278.1,1275.5,1276.8,68290
1767939300,1277.0,1278.3,1276.7,1277.8,17070
1767939600,1277.8,1277.8,1274.8,1275.1,469046
1767939900,1275.1,1276.2,1273.2,1274.0,264401
1767940200,1274.0,1274.3,1272.6,1274.0,64627
1767940500,1274.0,1275.1,1273.4,1274.0,68316
1767940800,1274.1,1274.6,1272.2,1272.5,77171
1767941100,1272.8,1273.0,1271.1,1271.9,196360
1767941400,1272.0,1272.8,1271.4,1272.0,89525
1767941700,1272.0,1272.3,1271.6,1272.0,39555
1767942000,1272.0,1272.3,1271.7,1272.3,42375
1767942300,1272.0,1272.2,1270.8,1271.9,35357
1767942600,1271.9,1272.0,1270.9,1271.5,29784
1767942900,1271.8,1271.9,1270.5,1271.4,26530
1767943200,1271.0,1273.2,1270.8,1273.2,59732
1767943500,1273.1,1274.0,1272.5,1274.0,43243
1767943800,1274.0,1274.0,1273.3,1274.0,60306
1767944100,1274.0,1274.0,1273.6,1273.8,62021
1767944400,1274.0,1274.0,1273.4,1273.5,38803
1767944700,1273.8,1274.0,1273.3,1274.0,28244
1767945000,1274.0,1274.0,1273.4,1274.0,60579
1767945300,1274.0,1274.0,1273.1,1273.9,21384
1767945600,1273.8,1274.0,1272.9,1273.4,33610
1767945900,1273.4,1274.0,1272.7,1273.9,45335
1767946200,1273.9,1274.0,1273.1,1273.6,38688
1767946500,1273.7,1274.0,1271.2,1271.6,49997
1767946800,1271.8,1272.0,1271.0,1271.0,28280
1767947100,1271.5,1272.0,1271.3,1271.7,53320
1767947400,1271.9,1272.0,1270.1,1270.7,43166
1767947700,1270.8,1271.0,1270.1,1270.7,35226
1767948000,1271.0,1272.0,1270.7,1271.3,56599
1767948300,1271.6,1272.0,1270.5,1271.1,48077
1767948600,1271.3,1272.0,1270.9,1271.5,50021
1767948900,1271.5,1272.0,1271.2,1271.8,60415
1767949200,1271.8,1272.0,1271.3,1272.0,47707
1767949500,1272.0,1272.0,1271.5,1271.8,81874
1767949800,1271.8,1272.0,1271.0,1271.8,42877
1767950100,1271.7,1272.5,1271.4,1272.0,227143
1767950400,1272.3,1272.7,1271.7,1272.0,64690
1767950700,1272.0,1272.1,1271.6,1271.9,55741
1767951000,1272.0,1272.3,1271.7,1271.8,223674
1767951300,1271.6,1272.1,1270.6,1271.2,108426
1767951600,1271.1,1272.2,1270.7,1272.1,207592
1767951900,1272.2,1273.8,1271.4,1272.1,258205
1767952200,1272.1,1273.0,1270.8,1271.5,337921
1767952500,1271.6,1274.5,1271.1,1274.5,308706
1768189500,1274.7,1279.6,1271.0,1275.5,72386
1768189800,1275.1,1275.8,1272.0,1274.0,126923
1768190100,1273.2,1274.9,1271.6,1273.7,98464
1768190400,1273.8,1278.5,1271.8,1277.9,75304
1768190700,1277.9,1279.5,1276.8,1278.0,37227
1768191000,1278.0,1278.8,1273.7,1275.6,130670
1768191300,1275.1,1275.7,1271.6,1273.6,54617
1768191600,1273.4,1274.0,1271.0,1271.1,32651
1768191900,1271.4,1272.4,1269.6,1269.9,84417
1768192200,1269.8,1272.1,1269.8,1271.2,22439
1768192500,1271.1,1271.7,1267.9,1268.6,34631
1768192800,1268.6,1269.3,1267.7,1268.3,38502
1768193100,1268.3,1269.5,1267.8,1269.5,30411
1768193400,1269.5,1271.9,1269.4,1270.1,38906
1768193700,1270.1,1272.5,1270.0,1272.0,29517
1768194000,1271.5,1272.8,1270.3,1271.0,35768
1768194300,1270.9,1271.6,1270.4,1271.0,17237
1768194600,1271.0,1271.6,1270.6,1271.4,13290
1768194900,1271.2,1274.4,1271.1,1273.7,48017
1768195200,1273.7,1274.8,1273.0,1273.4,24368
1768195500,1273.6,1274.0,1272.3,1273.1,31314
1768195800,1272.9,1273.0,1270.6,1271.5,40733
1768196100,1271.6,1273.4,1270.9,1273.4,15421
1768196400,1272.8,1273.5,1271.2,1271.3,44168
1768196700,1271.2,1271.8,1268.7,1269.9,31221
1768197000,1270.0,1271.4,1269.7,1271.3,35635
1768197300,1271.4,1271.8,1270.3,1270.5,17846
1768197600,1270.3,1271.1,1269.2,1270.7,36766
1768197900,1271.0,1272.0,1270.1,1270.8,15475
1768198200,1270.7,1271.5,1270.0,1270.1,15725
1768198500,1270.1,1270.2,1268.4,1270.1,16304
1768198800,1270.2,1271.3,1269.6,1270.2,19957
1768199100,1269.8,1270.4,1268.6,1268.7,14439
1768199400,1268.7,1269.2,1267.0,1267.1,29035
1768199700,1267.3,1269.3,1267.3,1268.9,14843
1768200000,1268.7,1271.5,1267.0,1271.0,63748
1768200300,1271.6,1271.6,1269.3,1269.8,222343
1768200600,1269.7,1273.8,1266.7,1267.0,738182
1768200900,1266.9,1268.3,1266.6,1267.6,196605
1768201200,1267.6,1269.9,1266.5,1269.4,115454
1768201500,1269.5,1270.8,1268.3,1268.8,134882
1768201800,1268.5,1271.0,1268.4,1269.7,366337
1768202100,1269.3,1270.0,1268.4,1268.6,30066
1768202400,1268.7,1270.0,1267.9,1268.7,40677
1768202700,1268.7,1270.0,1268.1,1268.4,34201
1768203000,1268.5,1269.2,1266.8,1268.7,41367
1768203300,1268.7,1270.6,1268.7,1269.9,127761
1768203600,1269.6,1272.1,1269.0,1269.9,337377
1768203900,1269.9,1270.0,1268.5,1268.7,385609
1768204200,1268.9,1269.2,1268.1,1268.6,13853
1768204500,1268.1,1268.9,1267.3,1267.8,22163
1768204800,1267.5,1270.0,1267.5,1270.0,40985
1768205100,1270.0,1270.0,1269.3,1270.0,49685
1768205400,1270.0,1273.2,1269.0,1269.4,239006
1768205700,1269.8,1270.4,1269.2,1270.1,34302
1768206000,1269.8,1270.4,1269.4,1270.4,43357
1768206300,1270.1,1270.6,1269.5,1270.1,169014
1768206600,1270.1,1270.1,1269.1,1269.9,29355
1768206900,1270.1,1270.4,1269.6,1270.1,51541
1768207200,1269.8,1271.1,1269.4,1270.0,60522
1768207500,1270.0,1270.4,1269.6,1270.0,78465
1768207800,1269.6,1272.8,1269.6,1272.5,23496
1768208100,1272.6,1273.8,1269.5,1270.0,190667
1768208400,1270.0,1270.4,1269.0,1269.3,117210
1768208700,1269.5,1270.1,1267.9,1269.9,66800
1768209000,1270.0,1270.0,1269.4,1270.0,69107
1768209300,1270.0,1270.0,1269.6,1270.0,104663
1768209600,1269.6,1272.5,1269.6,1272.3,136772
1768209900,1272.2,1276.0,1272.0,1275.0,67047
1768210200,1274.9,1275.1,1273.4,1274.1,61519
1768210500,1274.1,1274.9,1272.9,1274.4,112583
1768210800,1274.4,1274.5,1272.8,1273.8,104244
1768211100,1273.7,1275.3,1273.7,1274.5,104927
1768211400,1274.2,1274.9,1273.5,1274.5,127678
1768211700,1274.5,1275.0,1273.5,1274.4,104644
1768275900,1274.0,1284.0,1271.1,1279.7,152546
1768276200,1278.8,1281.0,1277.4,1279.3,38576
1768276500,1278.6,1279.2,1276.9,1278.2,30998
1768276800,1278.2,1278.6,1275.3,1275.4,146446
1768277100,1275.4,1276.6,1273.8,1274.5,133339
1768277400,1274.0,1274.8,1273.1,1273.4,17449
1768277700,1273.7,1275.2,1271.5,1272.4,28601
1768278000,1272.2,1273.2,1271.1,1271.2,9798
1768278300,1271.5,1272.1,1268.2,1268.8,41467
1768278600,1268.3,1269.5,1267.4,1268.8,34073
1768278900,1268.7,1270.6,1268.5,1270.2,21158
1768279200,1269.8,1271.6,1269.1,1270.3,18759
1768279500,1270.4,1271.8,1269.2,1271.1,18774
1768279800,1271.1,1272.8,1270.4,1270.9,28411
1768280100,1270.5,1271.7,1269.9,1271.0,31303
1768280400,1271.0,1271.4,1269.2,1269.2,87555
1768280700,1269.2,1270.4,1269.0,1269.5,30415
1768281000,1269.6,1269.8,1268.0,1268.5,91499
1768281300,1268.4,1269.8,1268.0,1269.0,25964
1768281600,1269.0,1270.4,1268.0,1268.2,25544
1768281900,1268.1,1269.0,1268.0,1268.4,22395
1768282200,1268.5,1268.8,1266.8,1268.8,27430
1768282500,1268.7,1269.6,1268.5,1269.4,18294
1768282800,1268.8,1270.9,1268.3,1270.5,26754
1768283100,1270.7,1272.6,1269.9,1271.5,25683
1768283400,1271.4,1272.1,1270.9,1271.8,16447
1768283700,1271.7,1273.3,1271.7,1272.2,19445
1768284000,1272.3,1273.0,1271.4,1271.6,19595
1768284300,1271.7,1272.5,1270.1,1272.1,35269
1768284600,1271.9,1273.0,1271.5,1272.4,32171
1768284900,1272.0,1272.4,1269.3,1269.8,28057
1768285200,1270.0,1272.0,1269.8,1271.3,25796
1768285500,1271.1,1272.3,1270.5,1271.3,28900
1768285800,1271.1,1272.0,1271.1,1271.7,46923
1768286100,1271.8,1272.3,1270.6,1271.9,59015
1768286400,1271.8,1272.4,1269.6,1269.6,45363
1768286700,1269.6,1270.5,1269.0,1269.5,29456
1768287000,1269.7,1269.8,1269.0,1269.3,17805
1768287300,1269.1,1269.4,1268.0,1268.4,26108
1768287600,1268.4,1268.9,1266.2,1266.9,55994
1768287900,1267.0,1268.0,1267.0,1267.5,19289
1768288200,1267.3,1267.5,1265.2,1266.1,39361
1768288500,1266.1,1266.3,1263.8,1265.0,40605
1768288800,1265.0,1265.2,1263.1,1263.8,28740
1768289100,1263.8,1264.4,1262.0,1262.0,25781
1768289400,1262.0,1263.6,1261.5,1263.3,47686
1768289700,1263.3,1264.2,1263.0,1263.7,32198
1768290000,1264.0,1265.0,1263.6,1263.7,30392
1768290300,1263.7,1264.5,1262.4,1263.5,26755
1768290600,1263.5,1264.8,1262.8,1264.5,21553
1768290900,1264.7,1265.8,1264.4,1264.7,26785
1768291200,1265.0,1265.2,1264.2,1264.6,19612
1768291500,1264.6,1265.7,1261.8,1262.5,71843
1768291800,1262.6,1263.2,1260.6,1263.0,48188
1768292100,1263.0,1263.7,1261.6,1262.5,96781
1768292400,1262.5,1264.0,1262.5,1263.0,34780
1768292700,1262.9,1263.9,1262.6,1263.2,24265
1768293000,1263.1,1263.3,1260.9,1261.6,31971
1768293300,1261.6,1262.4,1260.7,1261.8,28330
1768293600,1261.9,1261.9,1260.5,1261.2,38252
1768293900,1261.4,1262.5,1260.1,1261.4,37792
1768294200,1261.7,1261.7,1260.5,1260.9,24956
1768294500,1260.7,1261.0,1259.6,1260.3,104826
1768294800,1260.3,1263.1,1260.2,1261.8,100856
1768295100,1261.7,1262.9,1259.4,1259.6,241014
1768295400,1259.7,1260.1,1258.7,1259.9,489165
1768295700,1260.0,1262.9,1259.8,1261.7,393196
1768296000,1261.6,1264.0,1261.2,1263.5,120454
1768296300,1263.9,1265.6,1263.5,1263.9,128432
1768296600,1264.5,1266.8,1262.9,1263.4,125029
1768296900,1263.4,1264.6,1259.8,1262.0,292263
1768297200,1261.0,1261.9,1260.1,1260.5,180713
1768297500,1260.7,1262.4,1260.5,1261.7,200037
1768297800,1261.7,1262.1,1260.5,1261.3,206052
1768298100,1261.2,1264.5,1261.0,1262.4,147938
1768362300,1255.0,1261.9,1253.5,1257.6,314375
1768362600,1257.5,1263.0,1257.5,1260.8,176321
1768362900,1261.0,1265.8,1257.6,1265.5,283234
1768363200,1265.5,1271.6,1265.4,1269.6,238445
1768363500,1269.3,1273.0,1268.1,1272.7,162190
1768363800,1272.6,1275.8,1270.1,1274.5,135598
1768364100,1274.5,1276.5,1272.6,1272.7,82815
1768364400,1272.7,1274.3,1271.4,1274.0,73310
1768364700,1273.8,1279.9,1273.8,1279.9,322255
1768365000,1279.5,1284.2,1279.5,1283.0,104678
1768365300,1283.0,1288.3,1282.5,1286.2,93498
1768365600,1286.2,1289.4,1285.1,1288.1,72976
1768365900,1288.4,1291.7,1285.3,1286.4,73565
1768366200,1286.3,1288.5,1286.2,1287.8,23454
1768366500,1288.7,1288.9,1285.0,1287.0,53841
1768366800,1287.0,1289.5,1286.1,1287.6,35191
1768367100,1287.3,1289.5,1286.1,1287.1,83573
1768367400,1287.0,1291.7,1287.0,1289.4,113369
1768367700,1289.4,1294.5,1288.6,1293.3,73919
1768368000,1293.1,1295.0,1290.9,1293.2,426710
1768368300,1293.2,1295.6,1292.7,1294.3,137417
1768368600,1294.1,1295.1,1292.6,1294.8,134068
1768368900,1295.0,1299.8,1294.9,1297.4,113973
1768369200,1297.2,1300.4,1296.4,1300.0,89093
1768369500,1300.0,1305.5,1299.5,1302.8,412303
1768369800,1302.9,1304.2,1300.1,1300.1,112301
1768370100,1300.1,1303.9,1299.3,1303.3,97386
1768370400,1303.4,1305.9,1302.9,1303.4,125951
1768370700,1303.4,1305.9,1303.3,1304.7,105389
1768371000,1304.5,1308.0,1302.3,1302.3,122120
1768371300,1302.3,1304.2,1301.4,1301.7,41748
1768371600,1301.7,1302.4,1299.3,1299.5,73183
1768371900,1299.4,1299.6,1297.4,1297.8,149986
1768372200,1297.8,1299.0,1297.8,1298.9,26105
1768372500,1298.5,1299.0,1296.0,1297.8,74630
1768372800,1298.0,1298.5,1295.0,1295.5,132323
1768373100,1295.3,1295.5,1294.3,1295.0,85676
1768373400,1295.0,1296.5,1294.4,1295.4,95746
1768373700,1295.5,1295.8,1294.7,1294.7,127182
1768374000,1295.0,1298.9,1294.5,1298.1,72648
1768374300,1298.2,1299.8,1296.4,1296.4,45435
1768374600,1296.4,1297.2,1295.7,1296.0,12934
1768374900,1296.0,1297.4,1295.6,1295.9,24361
1768375200,1295.8,1296.4,1294.2,1295.7,14760
1768375500,1295.8,1296.8,1294.8,1296.4,19038
1768375800,1296.0,1297.0,1295.0,1296.4,27464
1768376100,1296.8,1299.4,1296.4,1299.2,48055
1768376400,1299.2,1300.0,1297.8,1299.0,41045
1768376700,1298.6,1299.1,1297.6,1298.1,14275
1768377000,1298.1,1298.1,1295.3,1295.5,31555
1768377300,1295.3,1296.0,1295.1,1295.9,98967
1768377600,1295.9,1296.0,1294.2,1294.8,22182
1768377900,1295.0,1295.0,1292.7,1293.0,51032
1768378200,1292.8,1293.5,1292.1,1293.4,26001
1768378500,1293.3,1293.3,1291.0,1292.0,45686
1768378800,1292.0,1292.5,1291.0,1291.2,36286
1768379100,1291.1,1292.6,1291.0,1292.2,50193
1768379400,1291.8,1293.4,1291.5,1291.6,29187
1768379700,1291.5,1293.8,1291.5,1293.2,26126
1768380000,1293.2,1294.9,1292.5,1294.6,30218
1768380300,1295.0,1296.3,1294.0,1295.3,47324
1768380600,1295.3,1295.7,1293.7,1294.4,118647
1768380900,1294.4,1295.5,1293.7,1295.3,45713
1768381200,1295.4,1298.3,1295.0,1297.7,281971
1768381500,1297.7,1299.4,1297.3,1298.1,39766
1768381800,1298.0,1298.8,1297.4,1298.4,63087
1768382100,1298.7,1300.3,1298.0,1299.2,89646
1768382400,1299.2,1303.0,1298.6,1302.5,184447
1768382700,1302.4,1304.2,1301.9,1303.7,154014
1768383000,1303.7,1303.7,1299.6,1299.7,123161
1768383300,1299.6,1299.9,1298.3,1298.8,92848
1768383600,1298.5,1299.8,1298.0,1298.5,110808
1768383900,1298.5,1299.3,1296.5,1298.0,151625
1768384200,1297.9,1299.8,1297.7,1298.6,145022
1768384500,1298.6,1300.0,1296.5,1299.0,140657
1768535100,1298.8,1309.0,1296.5,1299.2,260835
1768535400,1299.4,1299.4,1295.0,1297.3,86153
1768535700,1297.1,1297.4,1295.5,1295.5,60222
1768536000,1295.5,1297.0,1294.7,1296.4,70497
1768536300,1296.5,1296.6,1293.1,1293.6,77744
1768536600,1293.5,1294.7,1293.1,1294.7,71860
1768536900,1294.4,1295.7,1293.7,1295.5,42869
1768537200,1295.3,1298.5,1295.3,1296.4,83908
1768537500,1296.0,1296.4,1294.7,1294.8,39998
1768537800,1294.7,1298.4,1294.6,1297.8,126985
1768538100,1297.8,1300.2,1297.0,1299.7,52549
1768538400,1300.0,1300.3,1298.0,1298.5,117108
1768538700,1299.1,1301.5,1298.6,1300.1,211683
1768539000,1299.9,1300.4,1298.8,1299.1,55032
1768539300,1298.8,1300.0,1298.8,1299.9,50615
1768539600,1299.8,1300.8,1299.0,1299.6,61419
1768539900,1299.4,1300.4,1297.0,1297.0,270263
1768540200,1297.0,1297.8,1295.0,1295.2,69928
1768540500,1295.2,1296.9,1295.0,1296.1,36144
1768540800,1296.1,1296.9,1295.8,1296.9,25722
1768541100,1296.7,1297.0,1296.4,1296.8,30771
1768541400,1296.6,1297.6,1295.0,1295.5,46848
1768541700,1295.5,1295.6,1292.8,1293.1,60555
1768542000,1292.9,1294.3,1292.2,1292.8,31677
1768542300,1292.6,1292.9,1292.0,1292.9,32553
1768542600,1292.9,1293.6,1291.0,1291.9,40511
1768542900,1291.6,1291.7,1289.6,1290.4,37600
1768543200,1290.3,1290.7,1289.0,1289.1,43854
1768543500,1289.5,1290.0,1288.9,1288.9,31121
1768543800,1289.1,1292.2,1288.6,1291.1,105392
1768544100,1291.2,1291.7,1290.0,1290.9,40801
1768544400,1291.0,1292.9,1290.9,1291.9,49560
1768544700,1291.9,1292.0,1290.8,1291.0,29966
1768545000,1291.2,1291.9,1290.7,1291.3,40974
1768545300,1291.3,1294.5,1291.1,1294.2,56364
1768545600,1294.0,1294.5,1292.8,1293.4,69058
1768545900,1293.4,1293.5,1291.6,1291.9,32447
1768546200,1291.8,1291.9,1290.2,1290.7,34205
1768546500,1290.6,1291.3,1286.5,1287.9,54904
1768546800,1287.7,1289.1,1286.7,1288.7,43638
1768547100,1288.5,1289.2,1287.8,1288.7,70877
1768547400,1288.6,1289.8,1288.2,1289.7,41961
1768547700,1289.7,1291.2,1289.0,1289.6,54401
1768548000,1289.8,1291.5,1288.8,1291.0,53968
1768548300,1291.0,1291.6,1289.8,1290.8,40760
1768548600,1290.8,1292.6,1290.4,1291.3,68395
1768548900,1291.3,1292.6,1291.0,1292.5,48301
1768549200,1292.2,1292.6,1291.5,1292.2,44813
1768549500,1291.8,1293.8,1291.8,1293.0,57730
1768549800,1293.0,1293.6,1291.9,1292.5,38420
1768550100,1292.8,1292.8,1291.2,1292.3,41477
1768550400,1292.3,1293.3,1291.3,1291.7,49171
1768550700,1292.2,1294.2,1291.3,1294.0,49272
1768551000,1293.8,1294.1,1290.4,1290.7,48389
1768551300,1290.7,1291.8,1290.1,1291.7,44979
1768551600,1291.6,1292.5,1290.5,1290.9,39433
1768551900,1290.8,1291.7,1290.7,1290.8,34082
1768552200,1290.8,1292.0,1290.1,1290.5,39223
1768552500,1290.5,1290.7,1289.0,1289.2,44260
1768552800,1289.0,1292.7,1289.0,1292.5,50812
1768553100,1292.7,1293.6,1292.4,1293.5,45564
1768553400,1293.5,1294.7,1293.2,1293.8,42010
1768553700,1294.0,1294.2,1291.0,1292.0,64434
1768554000,1292.0,1292.7,1290.6,1291.9,53234
1768554300,1291.8,1292.4,1289.7,1291.1,73231
1768554600,1291.1,1291.1,1289.2,1289.5,50184
1768554900,1289.5,1290.0,1288.6,1289.9,41628
1768555200,1289.8,1290.2,1288.0,1289.4,52447
1768555500,1289.3,1291.4,1289.0,1291.2,59310
1768555800,1291.1,1293.5,1290.9,1293.3,131533
1768556100,1293.4,1293.5,1292.0,1293.1,155030
1768556400,1293.2,1294.5,1292.8,1294.4,138704
1768556700,1294.3,1295.9,1293.4,1295.5,149361
1768557000,1295.5,1296.0,1294.3,1295.9,172473
1768557300,1295.7,1297.0,1293.0,1296.0,123352
1768794300,1307.0,1321.0,1303.0,1319.9,907922
1768794600,1320.2,1327.0,1316.8,1324.0,439101
1768794900,1323.4,1324.0,1315.1,1316.3,227602
1768795200,1316.2,1319.2,1311.2,1313.0,155791
1768795500,1312.9,1314.1,1310.0,1310.5,113842
1768795800,1310.0,1310.9,1305.4,1306.1,206437
1768796100,1306.0,1309.7,1305.6,1308.1,158107
1768796400,1308.2,1309.6,1302.0,1304.1,326560
1768796700,1303.7,1305.8,1303.0,1303.7,91498
1768797000,1303.8,1304.8,1300.3,1302.5,110705
1768797300,1302.2,1304.0,1301.8,1304.0,30398
1768797600,1304.2,1305.4,1303.1,1304.1,82975
1768797900,1304.1,1304.4,1300.2,1302.8,57857
1768798200,1302.8,1305.3,1302.5,1305.1,144553
1768798500,1305.0,1305.6,1302.0,1303.4,285296
1768798800,1303.4,1303.6,1301.0,1302.4,30486
1768799100,1301.8,1302.4,1298.2,1299.4,62775
1768799400,1299.5,1300.3,1299.0,1299.3,22107
1768799700,1299.6,1301.5,1299.0,1300.9,84238
1768800000,1300.9,1301.4,1299.3,1300.0,29856
1768800300,1300.0,1304.8,1299.8,1304.8,128578
1768800600,1304.6,1307.2,1304.1,1306.0,44716
1768800900,1306.0,1306.7,1303.4,1303.8,28871
1768801200,1303.8,1304.7,1302.6,1303.3,29867
1768801500,1303.3,1303.5,1301.5,1302.0,54931
1768801800,1301.8,1302.1,1297.7,1298.8,47149
1768802100,1298.5,1299.0,1297.3,1298.3,40720
1768802400,1298.3,1298.8,1297.7,1298.1,20021
1768802700,1298.1,1298.5,1297.1,1297.8,21853
1768803000,1297.8,1299.1,1297.1,1298.2,52413
1768803300,1298.6,1300.0,1298.0,1300.0,28072
1768803600,1300.0,1301.0,1299.0,1300.1,55631
1768803900,1300.2,1300.2,1298.0,1299.2,44313
1768804200,1299.2,1299.3,1297.5,1297.7,33627
1768804500,1298.1,1298.2,1297.3,1297.4,24356
1768804800,1297.5,1298.3,1297.1,1297.7,25518
1768805100,1297.7,1301.4,1297.5,1300.9,112061
1768805400,1300.8,1302.9,1300.2,1302.2,47340
1768805700,1302.2,1303.4,1300.6,1302.8,55394
1768806000,1302.6,1303.0,1301.1,1301.8,37120
1768806300,1301.7,1302.5,1300.4,1301.0,84437
1768806600,1301.2,1303.8,1300.9,1302.8,49423
1768806900,1303.2,1304.0,1301.6,1302.7,55839
1768807200,1302.7,1304.5,1302.1,1304.1,40487
1768807500,1304.1,1304.9,1302.6,1303.2,82879
1768807800,1303.2,1304.0,1302.1,1303.4,42050
1768808100,1303.4,1305.5,1303.3,1305.3,82567
1768808400,1305.3,1305.4,1302.8,1304.0,83154
1768808700,1304.0,1304.3,1303.0,1303.8,35744
1768809000,1303.8,1304.8,1303.3,1303.8,37969
1768809300,1303.8,1303.8,1301.9,1302.5,37032
1768809600,1302.5,1302.5,1300.5,1301.2,47270
1768809900,1301.1,1301.2,1300.0,1300.9,68106
1768810200,1300.9,1302.4,1300.3,1302.4,47741
1768810500,1302.4,1304.4,1302.3,1304.3,52747
1768810800,1304.3,1306.0,1303.5,1305.3,68530
1768811100,1305.3,1306.0,1303.0,1303.6,549206
1768811400,1303.9,1306.0,1303.9,1306.0,112979
1768811700,1305.9,1306.0,1305.0,1305.6,49888
1768812000,1305.5,1305.8,1301.4,1302.2,94963
1768812300,1302.0,1304.0,1301.6,1304.0,51115
1768812600,1304.0,1305.3,1303.1,1303.7,60865
1768812900,1303.7,1304.2,1303.0,1303.9,61496
1768813200,1303.9,1305.9,1303.5,1305.2,102538
1768813500,1305.5,1306.5,1305.0,1306.5,119606
1768813800,1306.5,1307.0,1306.0,1306.2,87907
1768814100,1306.2,1307.0,1305.4,1307.0,104934
1768814400,1306.9,1307.0,1305.2,1306.4,220611
1768814700,1306.5,1306.5,1306.0,1306.0,195189
1768815000,1305.8,1307.7,1305.5,1307.4,314145
1768815300,1307.2,1307.7,1307.0,1307.6,215012
1768815600,1307.5,1309.2,1307.3,1308.9,316578
1768815900,1308.9,1309.5,1306.6,1306.6,301140
1768816200,1306.9,1307.1,1305.2,1306.2,179038
1768816500,1306.2,1307.6,1303.4,1306.8,143530
1768880700,1306.1,1310.9,1302.9,1304.4,398278
1768881000,1303.0,1307.0,1303.0,1306.2,149099
1768881300,1306.5,1306.7,1303.7,1305.0,70384
1768881600,1305.0,1305.2,1302.5,1305.0,44706
1768881900,1304.6,1306.9,1303.3,1303.4,66902
1768882200,1303.3,1304.8,1301.3,1303.8,35410
1768882500,1304.1,1305.5,1303.6,1305.5,43544
1768882800,1305.3,1305.5,1301.1,1301.5,62429
1768883100,1301.5,1303.5,1301.2,1302.6,46698
1768883400,1302.9,1303.3,1301.8,1303.3,35180
1768883700,1303.3,1303.3,1302.7,1302.8,13921
1768884000,1302.7,1302.8,1301.0,1301.7,92108
1768884300,1301.7,1305.9,1301.7,1305.9,46249
1768884600,1305.5,1305.5,1303.4,1304.4,31501
1768884900,1304.3,1304.3,1302.1,1302.4,37579
1768885200,1302.3,1304.0,1302.1,1303.3,20698
1768885500,1303.8,1303.9,1302.5,1303.7,21363
1768885800,1303.7,1305.7,1303.5,1305.2,39024
1768886100,1305.1,1305.7,1303.4,1303.5,47725
1768886400,1303.5,1304.6,1302.1,1303.7,63755
1768886700,1303.7,1303.9,1297.0,1298.4,151436
1768887000,1298.4,1299.1,1295.7,1298.1,106710
1768887300,1298.0,1300.0,1297.8,1300.0,76494
1768887600,1300.1,1302.2,1299.5,1301.9,55276
1768887900,1301.7,1303.3,1301.7,1302.5,46797
1768888200,1302.6,1303.0,1301.7,1302.3,51698
1768888500,1302.3,1303.4,1301.8,1302.9,37978
1768888800,1302.9,1303.5,1301.4,1302.2,54745
1768889100,1302.2,1302.9,1301.7,1302.4,34633
1768889400,1302.4,1304.1,1302.0,1304.0,38149
1768889700,1303.6,1304.1,1302.8,1303.6,28718
1768890000,1303.4,1309.0,1302.6,1308.7,145906
1768890300,1308.7,1309.0,1306.5,1306.6,40013
1768890600,1306.9,1306.9,1304.9,1306.8,121192
1768890900,1306.7,1307.9,1306.4,1306.6,76641
1768891200,1306.6,1307.8,1306.5,1307.8,31763
1768891500,1307.8,1308.8,1305.1,1306.0,78508
1768891800,1306.0,1306.8,1304.9,1305.1,359780
1768892100,1305.6,1306.3,1303.8,1303.9,95617
1768892400,1304.2,1306.3,1304.0,1304.6,66170
1768892700,1304.2,1304.7,1303.8,1304.3,303165
1768893000,1304.0,1304.3,1302.0,1302.1,66671
1768893300,1302.5,1302.6,1301.6,1302.0,65028
1768893600,1302.2,1303.3,1301.5,1302.3,177256
1768893900,1302.3,1303.0,1302.0,1302.0,39700
1768894200,1302.0,1302.5,1301.8,1302.0,60067
1768894500,1302.1,1302.3,1299.9,1300.4,66827
1768894800,1300.7,1302.3,1300.3,1300.4,27840
1768895100,1300.8,1301.3,1300.3,1300.5,16992
1768895400,1300.6,1301.9,1300.5,1301.1,34381
1768895700,1301.4,1303.8,1301.0,1303.0,23237
1768896000,1302.9,1303.5,1301.6,1302.0,28625
1768896300,1302.0,1302.5,1301.2,1301.4,21411
1768896600,1301.4,1302.0,1300.3,1301.3,36760
1768896900,1301.3,1301.8,1300.7,1301.1,20943
1768897200,1301.9,1302.5,1300.8,1301.3,31064
1768897500,1301.5,1304.3,1301.3,1303.8,34490
1768897800,1303.9,1304.1,1300.7,1303.1,60279
1768898100,1303.2,1303.2,1299.3,1301.6,73419
1768898400,1301.6,1301.6,1299.3,1299.8,201639
1768898700,1299.8,1299.8,1295.8,1296.3,124888
1768899000,1296.3,1297.6,1295.6,1297.0,47368
1768899300,1297.0,1298.8,1295.6,1298.6,59269
1768899600,1298.3,1298.6,1297.1,1297.3,39893
1768899900,1297.4,1297.4,1294.6,1296.3,78866
1768900200,1296.4,1297.9,1295.1,1297.5,111342
1768900500,1297.6,1299.3,1296.9,1299.2,56447
1768900800,1299.0,1299.1,1297.1,1297.9,65250
1768901100,1297.9,1298.0,1295.5,1295.8,71133
1768901400,1295.9,1296.1,1294.5,1295.3,145733
1768901700,1295.3,1296.0,1293.8,1293.9,222762
1768902000,1294.2,1294.5,1292.2,1293.3,270211
1768902300,1293.3,1295.6,1290.4,1292.2,243361
1768902600,1292.3,1292.3,1290.0,1291.2,140128
1768902900,1291.2,1297.0,1290.0,1297.0,122559
1768967100,1290.0,1295.1,1286.4,1292.8,149940
1768967400,1292.8,1293.7,1291.3,1293.0,89552
1768967700,1293.0,1294.0,1291.6,1291.8,44306
1768968000,1292.0,1297.7,1291.9,1297.5,61695
1768968300,1296.5,1297.2,1293.8,1294.6,53524
1768968600,1294.4,1297.0,1294.1,1296.2,43156
1768968900,1296.2,1297.1,1294.3,1295.9,18736
1768969200,1295.9,1296.0,1293.5,1293.9,13163
1768969500,1293.7,1295.2,1293.0,1293.8,27225
1768969800,1293.7,1293.8,1286.3,1286.7,80582
1768970100,1286.3,1286.8,1284.3,1284.6,40219
1768970400,1284.9,1285.8,1282.0,1282.4,52316
1768970700,1282.4,1284.3,1281.4,1283.5,24897
1768971000,1283.2,1284.8,1281.5,1284.2,21863
1768971300,1284.3,1286.4,1284.2,1285.7,16520
1768971600,1285.4,1286.7,1283.6,1285.4,34565
1768971900,1285.4,1286.3,1282.2,1284.7,26500
1768972200,1284.8,1285.3,1280.2,1280.6,60085
1768972500,1281.2,1281.2,1278.1,1278.7,28736
1768972800,1278.7,1279.0,1274.8,1275.0,40843
1768973100,1275.0,1279.5,1272.1,1277.8,56882
1768973400,1277.8,1278.8,1276.3,1277.5,29113
1768973700,1277.4,1277.5,1274.4,1275.2,38831
1768974000,1275.0,1276.8,1273.5,1273.9,34011
1768974300,1274.0,1274.0,1271.4,1274.0,34607
1768974600,1273.9,1275.2,1269.5,1270.7,136281
1768974900,1270.7,1271.4,1267.4,1268.4,103144
1768975200,1268.4,1271.6,1268.0,1271.1,30072
1768975500,1270.9,1272.0,1269.2,1270.3,49875
1768975800,1270.7,1271.9,1269.5,1270.3,40305
1768976100,1269.9,1271.7,1269.6,1270.3,37028
1768976400,1270.9,1272.1,1270.1,1270.9,44130
1768976700,1271.2,1272.2,1270.5,1271.4,36023
1768977000,1271.9,1276.9,1271.1,1275.5,71383
1768977300,1275.8,1276.5,1274.1,1274.3,30385
1768977600,1274.0,1275.8,1273.0,1275.8,27362
1768977900,1275.9,1279.8,1275.1,1278.7,52489
1768978200,1279.2,1280.9,1276.7,1280.3,51269
1768978500,1279.8,1280.9,1275.4,1277.4,23131
1768978800,1277.4,1280.0,1277.0,1279.6,15588
1768979100,1279.0,1281.8,1279.0,1281.8,18671
1768979400,1281.8,1283.9,1281.4,1282.6,21452
1768979700,1282.6,1286.9,1282.2,1286.8,19782
1768980000,1286.8,1287.0,1284.9,1286.6,20243
1768980300,1286.6,1286.7,1284.4,1286.7,12970
1768980600,1286.7,1290.0,1286.6,1289.7,143175
1768980900,1289.7,1291.1,1287.8,1287.9,322028
1768981200,1287.8,1288.3,1284.6,1286.5,42210
1768981500,1286.5,1287.4,1285.0,1287.2,38961
1768981800,1287.2,1288.5,1286.1,1287.7,14115
1768982100,1287.7,1288.0,1286.2,1286.5,17633
1768982400,1286.3,1286.7,1283.5,1284.0,16580
1768982700,1284.0,1288.4,1283.4,1286.7,19001
1768983000,1286.7,1286.9,1285.1,1286.5,37984
1768983300,1286.6,1287.1,1284.9,1285.5,25451
1768983600,1285.9,1286.2,1283.1,1284.3,24153
1768983900,1284.3,1284.4,1282.1,1282.5,20243
1768984200,1282.8,1283.1,1281.1,1282.7,20740
1768984500,1282.6,1283.8,1281.0,1281.9,23940
1768984800,1282.2,1284.2,1281.2,1283.6,15904
1768985100,1283.4,1287.0,1283.0,1286.4,40876
1768985400,1286.4,1287.0,1283.4,1284.6,14933
1768985700,1284.6,1285.0,1283.2,1283.9,21572
1768986000,1283.9,1285.6,1283.1,1285.0,17426
1768986300,1284.8,1286.6,1284.3,1286.4,13909
1768986600,1285.9,1286.9,1284.5,1285.2,16391
1768986900,1285.7,1286.4,1285.1,1285.7,8653
1768987200,1285.6,1286.6,1285.0,1285.6,15072
1768987500,1285.6,1285.8,1283.3,1283.5,16586
1768987800,1283.8,1285.7,1283.2,1285.3,91074
1768988100,1285.6,1286.7,1284.4,1284.6,185227
1768988400,1284.8,1285.6,1283.4,1285.1,194703
1768988700,1285.1,1286.3,1284.3,1286.3,206891
1768989000,1286.2,1286.3,1282.4,1283.0,154058
1768989300,1282.8,1283.4,1277.7,1278.9,93042
1769053500,1290.0,1295.0,1286.0,1293.3,1213332
1769053800,1293.3,1295.2,1291.7,1293.0,48976
1769054100,1293.3,1297.8,1292.3,1295.7,64728
1769054400,1295.5,1296.5,1294.8,1295.2,47314
1769054700,1295.2,1298.0,1294.9,1296.0,82640
1769055000,1295.9,1296.4,1293.6,1295.6,39315
1769055300,1295.5,1297.9,1294.6,1297.5,35423
1769055600,1297.5,1298.1,1294.2,1294.3,45473
1769055900,1294.1,1294.9,1292.3,1294.1,52365
1769056200,1294.1,1294.8,1290.1,1291.2,50946
1769056500,1291.3,1292.2,1290.0,1290.2,47499
1769056800,1290.3,1291.8,1290.0,1290.6,32652
1769057100,1290.6,1292.1,1290.5,1290.5,54135
1769057400,1290.1,1290.9,1288.4,1290.3,58371
1769057700,1290.3,1290.6,1285.9,1286.5,44386
1769058000,1286.3,1287.5,1282.5,1287.5,62204
1769058300,1287.5,1288.4,1286.1,1286.7,35929
1769058600,1286.7,1289.4,1286.6,1289.3,62913
1769058900,1289.3,1289.9,1285.2,1285.9,71990
1769059200,1285.9,1286.0,1284.0,1285.0,128907
1769059500,1284.9,1285.1,1282.2,1282.7,92483
1769059800,1282.7,1284.9,1282.4,1284.4,45316
1769060100,1284.2,1284.4,1282.8,1284.4,32549
1769060400,1284.4,1285.0,1282.8,1283.3,39711
1769060700,1283.1,1284.4,1282.9,1283.1,42410
1769061000,1283.0,1285.4,1283.0,1285.0,188953
1769061300,1285.0,1288.2,1284.9,1285.4,207081
1769061600,1285.3,1286.5,1283.6,1285.4,34970
1769061900,1285.3,1285.8,1284.3,1284.7,17006
1769062200,1284.4,1284.9,1282.8,1283.8,29317
1769062500,1283.7,1284.3,1281.4,1283.8,44969
1769062800,1283.6,1285.2,1282.6,1282.9,26322
1769063100,1282.7,1284.8,1282.2,1282.2,22885
1769063400,1282.7,1284.0,1281.7,1283.7,32270
1769063700,1283.7,1285.6,1283.5,1284.2,24391
1769064000,1284.2,1285.6,1283.4,1285.3,25110
1769064300,1285.3,1287.8,1285.0,1286.8,35649
1769064600,1286.8,1289.9,1286.4,1287.5,63975
1769064900,1287.6,1289.0,1287.1,1288.7,26993
1769065200,1288.2,1291.0,1288.0,1291.0,24018
1769065500,1291.0,1291.7,1288.8,1289.5,37799
1769065800,1289.5,1289.6,1286.9,1289.2,47587
1769066100,1289.1,1291.0,1288.7,1290.9,23011
1769066400,1290.8,1291.7,1289.6,1290.0,27837
1769066700,1290.1,1290.1,1287.0,1287.3,30237
1769067000,1287.3,1288.8,1286.2,1288.2,30830
1769067300,1288.2,1289.8,1287.5,1287.8,29179
1769067600,1287.6,1290.3,1287.4,1288.9,34030
1769067900,1288.8,1290.0,1288.0,1289.9,36471
1769068200,1290.5,1290.9,1289.3,1290.0,32891
1769068500,1289.8,1290.4,1288.8,1288.8,26772
1769068800,1288.7,1290.5,1287.8,1290.4,31091
1769069100,1290.8,1292.5,1289.7,1290.5,34093
1769069400,1290.5,1291.2,1289.7,1291.2,28370
1769069700,1291.1,1291.2,1289.6,1290.7,101933
1769070000,1291.1,1293.0,1290.7,1292.3,73008
1769070300,1292.4,1292.6,1289.4,1290.5,32479
1769070600,1290.6,1292.2,1289.5,1290.0,56412
1769070900,1290.1,1290.7,1287.3,1289.2,47616
1769071200,1289.2,1289.4,1287.9,1288.8,70430
1769071500,1288.7,1289.7,1288.5,1289.0,99624
1769071800,1289.4,1291.5,1289.2,1291.1,71043
1769072100,1291.0,1294.4,1290.9,1293.6,63883
1769072400,1293.5,1296.1,1292.8,1295.7,90863
1769072700,1295.9,1296.7,1295.0,1295.5,77240
1769073000,1295.4,1296.8,1293.4,1295.1,85784
1769073300,1295.3,1298.9,1295.0,1297.3,112580
1769073600,1297.3,1297.4,1294.1,1294.6,55886
1769073900,1295.0,1296.0,1294.2,1295.4,48287
1769074200,1295.2,1295.2,1292.0,1293.0,169575
1769074500,1292.8,1296.2,1292.0,1295.7,184333
1769074800,1295.8,1297.0,1295.2,1295.4,153661
1769075100,1295.4,1297.0,1294.6,1295.1,173485
1769075400,1295.2,1295.8,1294.8,1295.0,235669
1769075700,1295.0,1296.5,1290.2,1291.4,137151
1769139900,1297.0,1299.0,1285.6,1287.3,324443
1769140200,1287.3,1292.4,1286.2,1290.8,92794
1769140500,1290.4,1292.0,1287.8,1290.4,53482
1769140800,1290.3,1290.3,1286.6,1288.6,94535
1769141100,1288.5,1292.0,1288.5,1290.7,37252
1769141400,1290.8,1291.9,1287.6,1288.4,32032
1769141700,1288.7,1288.9,1281.8,1287.3,179405
1769142000,1287.3,1288.8,1284.6,1284.6,44091
1769142300,1285.2,1287.4,1284.2,1286.0,59650
1769142600,1285.9,1288.1,1285.4,1288.1,62027
1769142900,1288.5,1289.9,1287.0,1287.8,56476
1769143200,1288.0,1288.7,1287.1,1288.2,31744
1769143500,1288.0,1289.2,1286.1,1286.7,56219
1769143800,1286.5,1287.1,1284.8,1286.6,63275
1769144100,1286.5,1287.8,1285.3,1287.5,61992
1769144400,1287.5,1288.6,1286.0,1287.4,63377
1769144700,1287.4,1288.6,1286.3,1287.5,58726
1769145000,1287.5,1288.3,1286.4,1287.0,57827
1769145300,1286.7,1288.8,1286.7,1288.1,52412
1769145600,1288.1,1289.1,1288.0,1288.2,36251
1769145900,1288.2,1289.2,1287.3,1288.2,61372
1769146200,1288.2,1289.3,1284.5,1286.2,143104
1769146500,1286.1,1286.8,1282.7,1282.7,110352
1769146800,1282.9,1284.7,1282.3,1283.0,71748
1769147100,1283.1,1284.3,1282.3,1282.4,44438
1769147400,1282.4,1282.4,1279.7,1279.7,59362
1769147700,1280.0,1282.8,1279.6,1282.7,58396
1769148000,1282.6,1283.5,1281.0,1281.9,37647
1769148300,1282.1,1282.9,1277.7,1278.5,64914
1769148600,1278.5,1279.9,1277.5,1278.9,84994
1769148900,1278.7,1279.1,1274.5,1275.3,150741
1769149200,1275.1,1278.3,1274.0,1274.3,152106
1769149500,1274.5,1277.4,1274.4,1275.2,124729
1769149800,1275.5,1275.6,1271.8,1275.1,91785
1769150100,1274.5,1274.9,1270.1,1271.5,94157
1769150400,1271.3,1271.7,1268.0,1269.7,54997
1769150700,1269.2,1271.8,1269.0,1271.8,55587
1769151000,1271.5,1271.9,1270.0,1270.7,57823
1769151300,1270.9,1270.9,1267.0,1268.2,51344
1769151600,1268.3,1269.9,1268.0,1269.0,36638
1769151900,1269.1,1273.5,1268.1,1273.5,50210
1769152200,1273.2,1276.5,1272.5,1275.1,62237
1769152500,1274.6,1277.4,1274.6,1276.7,46328
1769152800,1276.7,1277.7,1274.4,1277.5,47066
1769153100,1277.2,1277.7,1275.1,1275.9,51172
1769153400,1275.9,1276.6,1270.7,1271.2,67850
1769153700,1271.1,1273.9,1271.0,1273.1,63301
1769154000,1272.5,1276.3,1272.5,1275.9,75877
1769154300,1275.8,1277.1,1273.1,1274.1,96030
1769154600,1274.0,1274.5,1271.9,1273.4,66547
1769154900,1273.1,1274.5,1271.4,1272.1,62207
1769155200,1272.2,1272.2,1266.1,1267.2,77523
1769155500,1267.0,1268.5,1266.3,1266.8,58272
1769155800,1266.8,1268.6,1265.0,1265.6,66415
1769156100,1265.6,1267.0,1264.6,1264.9,115079
1769156400,1264.8,1266.6,1263.1,1264.2,96296
1769156700,1264.2,1265.4,1261.6,1264.8,80158
1769157000,1264.8,1265.2,1262.4,1265.0,61046
1769157300,1265.3,1265.5,1263.6,1265.1,76644
1769157600,1265.1,1270.4,1264.2,1269.5,85057
1769157900,1269.5,1271.8,1268.1,1269.5,128563
1769158200,1269.5,1269.6,1265.8,1267.5,84068
1769158500,1267.3,1270.6,1267.0,1270.6,90336
1769158800,1270.6,1273.0,1270.0,1272.3,108339
1769159100,1272.5,1273.4,1270.3,1271.3,106442
1769159400,1271.3,1274.0,1270.8,1271.2,171749
1769159700,1271.9,1272.1,1268.5,1269.7,88393
1769160000,1269.7,1271.7,1266.7,1266.9,143731
1769160300,1267.0,1268.1,1265.8,1267.3,112548
1769160600,1267.3,1267.4,1264.0,1264.7,365985
1769160900,1264.7,1266.1,1262.4,1262.7,215507
1769161200,1262.8,1264.7,1260.7,1261.4,294698
1769161500,1261.9,1262.9,1254.5,1255.7,534733
1769161800,1255.8,1259.3,1254.2,1256.1,1160443
1769162100,1256.2,1257.1,1248.0,1253.9,731789
1769485500,1288.8,1308.3,1278.4,1305.9,3105788
1769485800,1305.0,1308.7,1304.4,1307.7,1000251
1769486100,1307.3,1307.4,1302.5,1305.3,916248
1769486400,1305.3,1307.4,1302.1,1305.8,348811
1769486700,1305.8,1307.4,1304.6,1307.0,204580
1769487000,1306.9,1312.2,1306.2,1311.5,450739
1769487300,1311.4,1316.0,1307.9,1310.1,432442
1769487600,1310.3,1315.6,1309.7,1315.2,471654
1769487900,1315.1,1317.9,1312.5,1317.0,449415
1769488200,1316.8,1318.6,1316.4,1317.8,286775
1769488500,1317.8,1319.7,1316.2,1318.4,512994
1769488800,1318.4,1322.9,1317.6,1322.5,421975
1769489100,1322.6,1326.0,1320.6,1323.6,616631
1769489400,1323.8,1325.1,1322.7,1324.2,174411
1769489700,1324.1,1324.5,1322.8,1323.1,135301
1769490000,1323.5,1328.0,1323.3,1326.3,244735
1769490300,1326.3,1332.0,1325.7,1330.9,486789
1769490600,1330.4,1331.0,1323.2,1323.6,324899
1769490900,1323.6,1324.5,1321.6,1322.4,264764
1769491200,1322.3,1327.0,1320.7,1327.0,301025
1769491500,1327.0,1328.0,1324.3,1324.5,129948
1769491800,1324.8,1326.9,1323.9,1324.8,358072
1769492100,1324.5,1327.3,1322.5,1325.6,186540
1769492400,1325.5,1327.3,1323.5,1327.1,282870
1769492700,1326.9,1333.2,1325.9,1330.8,303200
1769493000,1330.8,1331.5,1328.5,1329.9,132446
1769493300,1329.9,1330.4,1324.6,1327.7,291474
1769493600,1327.4,1330.0,1327.1,1328.0,200840
1769493900,1328.0,1330.0,1327.0,1328.7,199518
1769494200,1328.7,1332.1,1327.5,1330.7,226043
1769494500,1330.7,1330.9,1327.2,1327.7,100941
1769494800,1327.9,1327.9,1317.4,1318.6,266579
1769495100,1318.4,1321.0,1315.3,1317.8,442780
1769495400,1317.8,1318.6,1316.4,1316.7,262154
1769495700,1316.9,1317.8,1314.0,1314.3,273825
1769496000,1314.3,1315.1,1312.0,1312.7,227688
1769496300,1313.0,1315.5,1312.5,1313.8,157300
1769496600,1313.9,1316.6,1313.3,1315.6,182998
1769496900,1315.7,1317.0,1313.5,1314.7,174732
1769497200,1314.8,1315.9,1312.7,1314.8,161864
1769497500,1314.8,1315.8,1313.5,1314.4,63281
1769497800,1314.3,1315.1,1313.7,1315.1,58386
1769498100,1315.1,1315.1,1313.9,1314.0,107704
1769498400,1314.3,1316.0,1313.7,1315.3,103544
1769498700,1315.3,1316.0,1314.3,1314.6,78076
1769499000,1314.7,1315.7,1314.2,1314.6,80822
1769499300,1314.7,1315.0,1314.2,1314.8,68215
1769499600,1314.7,1314.7,1312.2,1312.9,146814
1769499900,1313.0,1314.6,1312.6,1314.0,80620
1769500200,1314.0,1314.8,1313.0,1314.0,92417
1769500500,1314.0,1315.0,1313.3,1314.5,106874
1769500800,1314.3,1314.9,1312.6,1312.8,99323
1769501100,1312.9,1313.3,1311.5,1312.0,181514
1769501400,1312.2,1313.4,1311.4,1312.9,111255
1769501700,1312.8,1313.8,1312.3,1313.2,47542
1769502000,1313.2,1314.8,1313.0,1314.1,77045
1769502300,1314.1,1315.0,1313.6,1313.6,115954
1769502600,1313.9,1314.5,1313.3,1314.0,209563
1769502900,1314.0,1314.8,1313.0,1314.0,106457
1769503200,1314.3,1316.9,1313.9,1314.9,136578
1769503500,1314.8,1315.5,1314.0,1315.0,53376
1769503800,1315.1,1315.7,1313.4,1313.8,66511
1769504100,1314.0,1315.3,1313.4,1313.5,118315
1769504400,1313.4,1314.4,1312.5,1312.5,121301
1769504700,1312.6,1314.6,1311.4,1313.5,232201
1769505000,1313.5,1314.7,1311.8,1312.8,287633
1769505300,1312.7,1314.5,1312.7,1313.7,216997
1769505600,1313.8,1315.9,1313.4,1313.5,222265
1769505900,1313.5,1313.9,1312.4,1313.5,196253
1769506200,1313.4,1314.0,1311.8,1312.8,456039
1769506500,1313.0,1315.5,1312.0,1313.3,519948
1769506800,1313.4,1316.0,1312.3,1314.0,584383
1769507100,1313.9,1316.1,1313.4,1315.8,326963
1769507400,1315.7,1323.0,1315.7,1322.5,672772
1769507700,1322.5,1324.9,1320.8,1322.0,276562
1769571900,1348.0,1369.4,1335.3,1359.7,4205593
1769572200,1359.9,1364.0,1355.5,1356.9,898793
1769572500,1356.5,1356.9,1348.0,1353.0,680656
1769572800,1353.6,1355.4,1350.6,1351.9,300417
1769573100,1351.9,1352.9,1349.8,1351.6,285259
1769573400,1351.9,1353.9,1350.0,1352.1,173890
1769573700,1352.4,1355.0,1351.2,1353.7,144917
1769574000,1353.7,1354.3,1346.2,1346.2,257144
1769574300,1347.0,1348.0,1344.2,1346.0,129711
1769574600,1346.0,1346.0,1342.3,1342.4,242624
1769574900,1342.7,1343.1,1334.8,1336.2,334302
1769575200,1336.2,1339.4,1334.2,1337.6,146305
1769575500,1337.6,1340.0,1336.4,1340.0,103711
1769575800,1340.0,1344.3,1339.9,1341.8,151313
1769576100,1341.8,1341.8,1335.8,1335.8,116477
1769576400,1335.8,1340.0,1335.7,1339.8,103934
1769576700,1339.6,1340.4,1338.5,1339.0,94669
1769577000,1339.0,1340.2,1338.4,1339.1,78981
1769577300,1339.1,1339.3,1337.5,1337.9,77132
1769577600,1338.0,1339.2,1336.8,1339.1,82192
1769577900,1339.2,1340.6,1338.0,1339.0,89091
1769578200,1339.0,1340.4,1337.4,1340.0,74998
1769578500,1340.0,1342.3,1339.5,1339.5,74625
1769578800,1340.0,1340.2,1338.0,1338.4,94937
1769579100,1338.4,1339.8,1336.1,1336.1,85607
1769579400,1336.4,1336.7,1334.1,1335.9,121675
1769579700,1335.9,1336.7,1333.2,1333.9,120911
1769580000,1333.9,1334.4,1331.0,1331.6,96406
1769580300,1331.5,1333.0,1329.0,1332.5,90874
1769580600,1333.0,1334.5,1330.1,1330.6,71447
1769580900,1330.5,1331.4,1328.2,1329.5,73614
1769581200,1329.5,1330.0,1327.4,1328.2,76282
1769581500,1328.2,1328.9,1324.5,1325.9,161644
1769581800,1325.8,1329.6,1325.0,1329.2,55790
1769582100,1329.4,1330.3,1327.2,1327.5,90426
1769582400,1327.7,1328.8,1327.0,1328.8,48460
1769582700,1328.8,1328.8,1326.6,1327.6,97897
1769583000,1327.6,1330.0,1327.3,1327.3,177650
1769583300,1327.6,1328.4,1327.1,1327.4,66332
1769583600,1327.5,1329.7,1327.3,1329.0,255372
1769583900,1328.8,1329.6,1328.1,1328.7,54620
1769584200,1329.1,1329.1,1327.4,1328.2,55248
1769584500,1328.2,1328.5,1324.0,1324.3,72115
1769584800,1324.8,1325.4,1323.3,1323.8,63391
1769585100,1323.6,1325.9,1323.4,1324.9,46642
1769585400,1324.9,1326.7,1324.6,1325.2,59734
1769585700,1325.0,1326.7,1324.6,1324.9,68315
1769586000,1325.1,1325.2,1324.0,1324.5,55714
1769586300,1324.5,1325.7,1323.3,1323.4,59688
1769586600,1323.4,1323.5,1318.9,1320.2,291664
1769586900,1320.0,1320.5,1319.3,1319.5,54899
1769587200,1319.6,1319.8,1318.1,1318.2,49045
1769587500,1318.1,1319.6,1318.0,1318.9,152985
1769587800,1319.1,1319.4,1315.0,1315.8,100795
1769588100,1315.7,1317.0,1313.3,1313.6,92032
1769588400,1313.7,1315.5,1312.8,1314.9,69883
1769588700,1314.8,1318.5,1314.7,1316.0,178319
1769589000,1315.9,1318.2,1315.0,1316.9,55377
1769589300,1316.9,1319.1,1316.3,1317.2,205508
1769589600,1317.3,1318.1,1315.0,1315.8,66344
1769589900,1315.7,1315.8,1313.1,1313.2,89332
1769590200,1313.3,1314.5,1310.2,1313.8,133580
1769590500,1313.8,1317.5,1313.3,1317.0,63436
1769590800,1316.8,1318.0,1316.7,1317.2,54949
1769591100,1317.2,1318.2,1316.0,1318.0,63495
1769591400,1318.1,1319.0,1317.0,1318.1,83821
1769591700,1318.1,1323.0,1318.1,1320.8,305964
1769592000,1320.6,1321.4,1317.9,1318.9,126886
1769592300,1318.9,1321.1,1318.9,1320.3,94959
1769592600,1320.5,1321.5,1319.5,1321.1,195524
1769592900,1321.0,1322.7,1320.1,1320.4,275144
1769593200,1320.5,1322.2,1319.3,1319.8,256733
1769593500,1319.8,1321.0,1318.7,1318.9,276479
1769593800,1318.9,1320.3,1317.4,1317.6,283412
1769594100,1318.3,1319.4,1312.0,1314.0,206000
1769658300,1318.0,1318.0,1306.0,1315.3,561448
1769658600,1315.3,1321.0,1315.1,1319.0,142007
1769658900,1318.8,1320.9,1315.7,1316.5,116395
1769659200,1316.9,1322.1,1315.7,1320.6,268331
1769659500,1320.1,1322.9,1318.6,1320.3,95473
1769659800,1320.3,1323.6,1320.1,1323.5,109868
1769660100,1323.3,1325.9,1322.3,1323.6,131405
1769660400,1323.1,1324.1,1320.0,1320.4,103152
1769660700,1320.4,1320.9,1319.6,1320.8,65028
1769661000,1320.8,1324.8,1317.8,1324.5,106834
1769661300,1324.5,1326.2,1322.9,1326.0,104519
1769661600,1326.0,1330.4,1325.7,1329.8,229350
1769661900,1329.6,1332.1,1329.5,1331.6,135558
1769662200,1331.6,1332.3,1328.0,1328.0,122133
1769662500,1327.8,1333.7,1327.8,1333.1,200326
1769662800,1333.1,1333.4,1330.6,1332.5,86547
1769663100,1332.5,1333.8,1331.4,1331.9,83875
1769663400,1331.9,1336.5,1330.6,1335.0,122382
1769663700,1335.0,1336.3,1333.8,1335.9,106523
1769664000,1335.9,1338.3,1335.8,1337.3,133321
1769664300,1336.9,1340.2,1336.8,1339.8,129275
1769664600,1339.5,1341.1,1337.0,1337.9,135561
1769664900,1337.9,1340.0,1337.1,1337.4,111746
1769665200,1337.1,1338.1,1336.4,1337.3,135636
1769665500,1337.3,1338.4,1337.3,1338.3,72969
1769665800,1337.9,1338.4,1335.7,1336.6,137410
1769666100,1336.7,1337.4,1335.2,1336.1,87971
1769666400,1336.2,1338.6,1336.0,1336.9,100721
1769666700,1336.9,1337.0,1334.3,1335.0,149907
1769667000,1335.1,1335.9,1332.7,1335.3,107689
1769667300,1335.3,1335.3,1332.6,1332.6,188971
1769667600,1332.8,1336.0,1332.6,1334.8,243504
1769667900,1334.8,1338.0,1334.0,1336.6,274419
1769668200,1336.6,1339.0,1336.4,1339.0,75413
1769668500,1338.9,1340.3,1337.0,1338.6,145769
1769668800,1338.2,1345.3,1338.2,1344.0,263740
1769669100,1343.8,1347.6,1343.2,1344.1,473637
1769669400,1344.1,1348.0,1343.4,1347.0,392428
1769669700,1347.0,1348.2,1345.3,1347.8,186813
1769670000,1347.9,1348.5,1344.6,1345.0,157979
1769670300,1345.0,1345.5,1342.0,1343.0,133809
1769670600,1342.6,1345.6,1342.3,1343.8,136199
1769670900,1344.3,1346.4,1343.7,1345.8,145189
1769671200,1345.8,1350.4,1345.2,1349.3,439951
1769671500,1349.3,1350.0,1347.8,1349.1,161023
1769671800,1349.2,1352.3,1348.9,1351.6,325782
1769672100,1351.7,1353.2,1351.0,1352.5,242555
1769672400,1352.8,1354.4,1349.8,1350.5,250640
1769672700,1350.5,1352.8,1350.0,1352.1,489633
1769673000,1351.9,1352.4,1349.9,1350.8,151163
1769673300,1350.5,1355.0,1350.4,1353.4,354150
1769673600,1352.8,1355.5,1352.7,1355.0,146546
1769673900,1355.3,1356.9,1354.9,1355.0,220651
1769674200,1354.5,1355.9,1354.0,1355.4,149605
1769674500,1355.5,1358.2,1355.0,1357.3,207476
1769674800,1357.3,1358.4,1355.9,1356.4,263186
1769675100,1356.2,1357.0,1355.6,1356.9,151719
1769675400,1356.9,1357.8,1355.6,1357.1,266712
1769675700,1357.1,1357.2,1355.6,1356.9,222851
1769676000,1356.9,1358.2,1356.0,1356.3,178275
1769676300,1356.3,1359.0,1355.6,1358.3,189240
1769676600,1358.3,1358.7,1357.6,1358.1,198260
1769676900,1358.2,1359.5,1357.7,1359.4,151173
1769677200,1359.4,1362.2,1359.0,1360.2,331017
1769677500,1360.3,1362.2,1360.1,1361.8,210000
1769677800,1361.9,1363.0,1360.9,1362.5,274750
1769678100,1362.6,1363.9,1362.0,1363.6,293027
1769678400,1363.6,1364.0,1362.6,1363.9,253993
1769678700,1363.9,1364.6,1363.1,1364.1,331858
1769679000,1364.4,1365.5,1362.5,1364.5,421523
1769679300,1364.3,1364.4,1360.9,1363.1,450043
1769679600,1362.9,1364.0,1362.0,1363.6,477145
1769679900,1363.5,1365.6,1360.8,1362.4,516474
1769680200,1362.3,1364.8,1361.6,1364.7,359428
1769680500,1364.8,1367.0,1363.5,1364.9,291449
1769744700,1352.0,1367.7,1352.0,1367.5,531307
1769745000,1367.5,1367.6,1357.8,1360.2,282572
1769745300,1360.1,1363.2,1359.1,1361.7,132656
1769745600,1361.4,1363.3,1359.6,1361.9,75648
1769745900,1361.4,1364.0,1359.7,1362.9,101904
1769746200,1363.0,1366.0,1360.0,1360.2,164674
1769746500,1360.2,1365.7,1360.2,1362.8,132667
1769746800,1362.8,1366.4,1362.8,1365.5,77010
1769747100,1365.1,1368.7,1365.1,1367.4,248268
1769747400,1367.2,1368.3,1366.0,1366.5,69181
1769747700,1366.5,1367.0,1365.1,1366.9,109484
1769748000,1367.0,1372.7,1366.9,1372.0,162371
1769748300,1372.0,1373.2,1368.8,1369.4,194066
1769748600,1369.3,1370.8,1368.4,1369.6,118184
1769748900,1369.4,1370.5,1369.0,1369.7,88596
1769749200,1369.5,1370.7,1366.3,1370.0,298847
1769749500,1370.2,1374.5,1370.1,1373.9,200331
1769749800,1373.9,1375.6,1372.6,1374.7,233029
1769750100,1374.8,1377.0,1372.9,1374.8,331305
1769750400,1374.8,1376.2,1373.0,1374.6,204219
1769750700,1374.7,1376.0,1373.2,1373.8,117661
1769751000,1374.0,1374.9,1373.5,1374.3,104500
1769751300,1374.3,1374.3,1371.7,1372.7,134811
1769751600,1372.7,1373.8,1371.1,1372.7,117320
1769751900,1372.7,1373.6,1370.6,1371.6,144314
1769752200,1371.6,1372.9,1370.0,1372.0,204927
1769752500,1372.0,1374.8,1371.9,1373.9,99834
1769752800,1373.9,1374.6,1370.8,1371.1,173611
1769753100,1371.0,1374.8,1371.0,1374.4,97329
1769753400,1374.4,1374.7,1371.5,1373.1,162191
1769753700,1373.1,1374.8,1372.0,1373.4,167612
1769754000,1373.3,1375.0,1373.2,1374.6,111229
1769754300,1374.6,1375.0,1372.2,1372.9,112865
1769754600,1372.9,1373.7,1371.1,1371.6,142922
1769754900,1371.5,1373.1,1371.1,1372.8,384601
1769755200,1372.7,1374.5,1372.3,1374.5,111230
1769755500,1374.3,1376.0,1374.3,1375.5,101721
1769755800,1375.5,1378.0,1374.8,1377.0,237122
1769756100,1377.2,1377.8,1376.0,1377.5,135201
1769756400,1377.5,1378.3,1375.1,1376.4,262454
1769756700,1376.4,1378.6,1375.6,1378.4,134431
1769757000,1378.4,1378.7,1373.3,1373.7,192674
1769757300,1373.6,1374.7,1371.5,1372.2,164052
1769757600,1372.1,1373.9,1371.0,1372.4,176404
1769757900,1372.7,1372.8,1371.0,1372.1,142464
1769758200,1372.0,1372.2,1370.5,1371.6,183375
1769758500,1371.6,1372.7,1371.0,1371.4,214686
1769758800,1371.2,1372.9,1371.1,1371.9,178248
1769759100,1371.9,1371.9,1368.4,1370.8,570365
1769759400,1370.8,1370.9,1369.0,1369.8,183458
1769759700,1369.7,1371.6,1369.0,1369.3,139582
1769760000,1369.2,1370.5,1369.0,1370.5,143946
1769760300,1370.4,1373.2,1369.6,1372.2,122140
1769760600,1372.3,1375.0,1372.2,1374.8,152734
1769760900,1374.8,1375.0,1372.7,1372.7,111359
1769761200,1372.7,1374.1,1370.8,1372.1,84532
1769761500,1372.0,1373.4,1369.7,1370.6,185111
1769761800,1370.8,1371.0,1369.5,1370.0,165374
1769762100,1370.0,1373.9,1369.9,1373.9,129529
1769762400,1373.8,1375.1,1373.3,1375.1,63733
1769762700,1375.3,1375.4,1373.0,1374.3,288765
1769763000,1374.1,1375.3,1372.5,1373.9,141980
1769763300,1374.0,1374.2,1372.8,1373.2,97383
1769763600,1373.2,1373.8,1371.8,1372.2,80153
1769763900,1372.2,1372.7,1371.8,1372.2,84039
1769764200,1372.2,1373.5,1370.3,1370.7,172738
1769764500,1370.7,1371.7,1369.0,1369.3,199736
1769764800,1369.0,1371.9,1368.9,1371.6,200087
1769765100,1371.5,1372.3,1371.0,1371.5,97033
1769765400,1371.4,1373.3,1368.8,1369.1,630033
1769765700,1369.0,1372.0,1366.5,1371.3,665178
1769766000,1371.4,1372.4,1370.1,1371.4,466017
1769766300,1371.2,1372.5,1370.1,1371.4,485609
1769766600,1371.3,1371.4,1368.1,1369.5,464558
1769766900,1369.4,1370.9,1366.0,1366.0,292703
1769917500,1373.2,1383.0,1372.1,1380.7,43411
1769917800,1380.9,1384.9,1375.4,1376.4,72848
1769918100,1376.4,1377.1,1375.1,1376.9,18476
1769918400,1376.8,1379.4,1375.8,1378.5,13752
1769918700,1378.6,1379.2,1375.7,1375.7,15621
1769919000,1375.1,1377.3,1373.5,1375.2,17192
1769919300,1375.2,1376.6,1370.6,1372.3,26586
1769919600,1372.0,1373.4,1363.3,1371.2,82897
1769919900,1372.0,1372.8,1369.1,1371.4,23117
1769920200,1371.7,1373.0,1368.1,1369.5,31401
1769920500,1369.5,1369.5,1368.5,1369.3,6694
1769920800,1369.3,1370.9,1365.8,1366.5,48847
1769921100,1366.5,1367.9,1366.3,1367.3,16387
1769921400,1367.3,1369.3,1367.3,1368.6,5877
1769921700,1368.9,1371.1,1368.0,1368.5,82838
1769922000,1368.3,1371.1,1368.3,1370.7,11697
1769922300,1370.7,1372.4,1368.3,1372.2,36697
1769922600,1372.1,1372.1,1368.0,1368.6,18062
1769922900,1368.8,1368.8,1365.8,1367.3,12908
1769923200,1367.2,1368.0,1366.8,1367.5,4677
1769923500,1367.3,1367.6,1365.6,1366.2,24796
1769923800,1366.2,1366.8,1364.7,1365.4,24549
1769924100,1365.4,1366.7,1362.9,1365.0,184024
1769924400,1365.0,1366.1,1361.8,1363.0,31209
1769924700,1363.0,1365.7,1360.3,1363.2,118790
1769925000,1363.2,1365.3,1361.3,1362.9,23786
1769925300,1362.9,1365.6,1362.4,1364.9,26938
1769925600,1364.7,1366.8,1364.1,1365.5,15970
1769925900,1365.4,1365.6,1364.7,1365.0,8483
1769926200,1365.0,1365.4,1362.3,1363.2,61100
1769926500,1363.2,1364.2,1358.1,1360.3,111854
1769926800,1361.2,1363.9,1357.6,1362.0,21499
1769927100,1361.6,1365.0,1359.7,1363.1,22595
1769927400,1363.1,1363.8,1359.4,1359.4,9918
1769927700,1359.9,1365.1,1354.1,1362.1,82677
1769928000,1361.5,1362.4,1354.2,1358.3,34936
1769928300,1358.5,1360.6,1355.8,1357.1,14985
1769928600,1357.5,1358.3,1351.0,1354.0,28122
1769928900,1354.0,1355.4,1348.4,1350.9,27257
1769929200,1350.9,1353.8,1332.1,1348.5,123196
1769929500,1348.4,1355.8,1346.4,1350.8,29187
1769929800,1350.8,1352.7,1347.3,1347.8,21190
1769930100,1347.8,1349.9,1339.1,1342.5,22222
1769930400,1342.5,1347.3,1341.2,1346.6,33719
1769930700,1346.6,1349.0,1344.2,1347.9,28707
1769931000,1347.7,1347.7,1342.3,1346.0,22163
1769931300,1345.1,1349.7,1344.2,1345.7,98650
1769931600,1345.0,1351.2,1345.0,1349.7,67557
1769931900,1349.9,1350.7,1347.0,1349.8,63049
1769932200,1349.6,1356.5,1349.2,1355.9,90817
1769932500,1355.2,1356.1,1348.0,1348.9,43837
1769932800,1348.0,1352.5,1345.1,1351.5,31701
1769933100,1352.3,1354.3,1348.4,1349.9,27123
1769933400,1349.6,1352.3,1348.9,1351.0,12126
1769933700,1351.0,1352.7,1347.8,1348.2,7643
1769934000,1348.0,1350.0,1347.6,1349.4,40700
1769934300,1348.9,1350.5,1348.3,1350.0,12670
1769934600,1349.5,1353.0,1349.0,1351.2,5599
1769934900,1351.6,1352.5,1348.5,1349.8,9562
1769935200,1349.1,1352.0,1347.3,1349.5,22733
1769935500,1349.5,1351.1,1348.0,1349.5,5553
1769935800,1350.0,1353.0,1349.6,1350.3,24560
1769936100,1350.3,1352.2,1349.6,1349.9,5147
1769936400,1349.9,1351.8,1348.6,1351.1,7452
1769936700,1351.1,1353.2,1350.0,1351.3,10631
1769937000,1351.4,1352.5,1350.0,1351.0,9883
1769937300,1350.7,1351.7,1349.0,1349.0,6881
1769937600,1349.5,1349.5,1345.0,1345.3,14295
1769937900,1345.0,1346.4,1343.5,1343.9,41295
1769938200,1343.7,1344.5,1340.0,1340.6,78189
1769938500,1340.7,1341.0,1338.0,1339.0,53964
1769938800,1338.7,1339.3,1335.3,1336.9,33641
1769939100,1336.3,1340.8,1334.2,1337.0,113257
1769939400,1337.0,1338.7,1335.5,1337.3,70369
1769939700,1337.2,1350.0,1335.0,1349.9,264883
1770003900,1339.0,1343.4,1329.9,1339.4,244321
1770004200,1339.4,1352.7,1339.4,1347.1,174483
1770004500,1347.8,1347.9,1342.2,1344.2,88826
1770004800,1345.2,1349.7,1344.4,1346.4,42898
1770005100,1346.4,1346.4,1342.0,1342.0,47494
1770005400,1341.7,1342.3,1339.4,1339.7,46447
1770005700,1339.9,1342.0,1339.2,1341.3,34432
1770006000,1340.8,1342.4,1338.4,1342.0,30379
1770006300,1342.0,1342.4,1332.3,1334.3,105826
1770006600,1334.2,1335.4,1330.5,1331.2,94351
1770006900,1331.0,1332.3,1328.5,1330.5,180562
1770007200,1330.3,1333.6,1328.8,1332.4,95814
1770007500,1332.7,1333.3,1329.8,1331.0,68691
1770007800,1331.0,1332.1,1328.9,1329.6,62967
1770008100,1329.6,1331.3,1328.2,1328.5,63381
1770008400,1328.8,1331.0,1328.3,1330.0,86938
1770008700,1329.9,1330.3,1326.6,1328.3,103934
1770009000,1328.0,1329.5,1326.1,1326.2,94780
1770009300,1326.3,1326.7,1325.0,1326.1,69601
1770009600,1326.1,1327.5,1323.8,1325.8,56188
1770009900,1325.8,1325.8,1323.5,1324.6,55643
1770010200,1324.3,1325.6,1321.9,1323.7,71946
1770010500,1323.8,1324.4,1320.0,1320.7,104333
1770010800,1320.7,1323.9,1319.7,1323.2,73725
1770011100,1323.2,1324.0,1322.2,1322.2,57549
1770011400,1322.5,1322.6,1320.0,1320.6,94536
1770011700,1320.4,1323.6,1319.7,1320.3,95980
1770012000,1320.4,1325.6,1319.5,1325.1,210680
1770012300,1325.1,1325.2,1320.5,1322.1,48136
1770012600,1322.0,1326.8,1320.6,1324.5,37450
1770012900,1324.5,1325.8,1324.0,1324.5,19218
1770013200,1324.5,1324.7,1322.1,1322.4,16394
1770013500,1322.4,1322.4,1321.0,1321.9,18766
1770013800,1321.9,1322.1,1320.5,1320.8,23546
1770014100,1320.7,1322.2,1319.1,1320.2,25209
1770014400,1319.9,1323.5,1318.3,1323.4,25497
1770014700,1324.1,1324.3,1322.2,1322.5,16988
1770015000,1322.5,1322.5,1320.1,1321.1,21245
1770015300,1321.0,1321.9,1319.3,1321.2,85423
1770015600,1321.2,1321.3,1319.8,1319.9,14537
1770015900,1320.2,1320.3,1317.2,1318.5,71373
1770016200,1318.5,1319.5,1318.0,1319.0,20813
1770016500,1319.0,1322.0,1318.4,1322.0,24779
1770016800,1321.9,1323.0,1319.7,1320.5,68484
1770017100,1320.5,1323.5,1319.8,1322.4,51252
1770017400,1322.6,1323.8,1319.4,1320.3,77781
1770017700,1320.4,1320.9,1317.8,1319.8,107495
1770018000,1319.8,1319.8,1315.6,1316.4,68442
1770018300,1316.4,1317.0,1310.5,1312.8,67116
1770018600,1313.1,1313.1,1310.0,1311.0,53147
1770018900,1310.7,1314.9,1309.2,1313.7,71741
1770019200,1313.6,1313.6,1310.4,1312.4,47061
1770019500,1312.3,1314.6,1311.4,1314.2,36189
1770019800,1314.2,1318.0,1313.8,1317.0,72092
1770020100,1317.0,1318.9,1315.2,1315.4,137761
1770020400,1315.3,1317.0,1314.6,1315.0,48629
1770020700,1315.2,1316.1,1313.4,1314.7,52482
1770021000,1314.6,1315.0,1313.4,1314.8,56400
1770021300,1314.5,1314.5,1309.5,1310.3,54455
1770021600,1310.3,1310.3,1307.9,1309.3,125427
1770021900,1309.4,1310.5,1307.5,1308.5,378453
1770022200,1308.5,1309.3,1307.5,1308.5,58131
1770022500,1308.4,1309.8,1307.9,1309.7,112620
1770022800,1309.7,1311.1,1308.4,1308.4,695201
1770023100,1308.2,1309.4,1303.8,1304.9,145456
1770023400,1304.8,1306.0,1303.4,1304.3,271931
1770023700,1304.1,1307.4,1302.9,1306.5,553930
1770024000,1306.2,1308.7,1305.0,1307.4,267916
1770024300,1307.4,1311.5,1306.3,1308.0,216891
1770024600,1308.0,1309.3,1306.6,1307.9,183885
1770024900,1307.9,1310.0,1307.3,1308.9,160372
1770025200,1309.0,1309.7,1307.3,1307.4,220894
1770025500,1308.1,1313.7,1307.4,1312.4,193575
1770025800,1312.9,1313.2,1311.4,1312.0,224001
1770026100,1313.7,1314.8,1308.7,1309.2,711237
1770090300,1403.0,1418.3,1345.5,1347.3,2032909
1770090600,1347.8,1361.5,1347.7,1360.6,606943
1770090900,1360.3,1365.0,1359.2,1360.3,231104
1770091200,1360.0,1370.4,1357.4,1367.3,247481
1770091500,1367.8,1369.0,1363.9,1367.7,417217
1770091800,1367.4,1368.3,1364.0,1364.2,339009
1770092100,1364.1,1364.5,1355.1,1360.7,242720
1770092400,1362.0,1364.3,1356.0,1357.3,137290
1770092700,1357.2,1357.9,1351.0,1353.4,205742
1770093000,1353.5,1357.2,1350.8,1356.0,204092
1770093300,1355.9,1355.9,1353.1,1354.4,94332
1770093600,1353.1,1355.0,1348.8,1348.8,188981
1770093900,1349.1,1354.5,1349.1,1353.3,141048
1770094200,1353.4,1358.9,1353.3,1356.0,143588
1770094500,1355.6,1356.3,1353.0,1353.6,44345
1770094800,1353.8,1355.3,1351.7,1354.1,107132
1770095100,1354.2,1355.4,1353.0,1354.2,65400
1770095400,1354.3,1354.7,1351.1,1351.4,59414
1770095700,1351.1,1353.8,1351.1,1353.8,25780
1770096000,1353.7,1354.7,1352.4,1354.7,20632
1770096300,1354.5,1356.1,1354.4,1354.4,50912
1770096600,1354.9,1361.5,1354.2,1359.2,108655
1770096900,1359.0,1361.4,1357.6,1358.3,107772
1770097200,1358.0,1359.9,1357.0,1359.3,92830
1770097500,1359.3,1360.1,1357.2,1359.5,242292
1770097800,1359.5,1361.7,1359.3,1361.3,22487
1770098100,1361.2,1364.9,1360.9,1363.0,146920
1770098400,1363.1,1365.1,1362.3,1365.1,39688
1770098700,1365.1,1365.8,1362.4,1363.0,36837
1770099000,1363.0,1363.1,1359.5,1361.0,17403
1770099300,1360.9,1361.7,1359.1,1360.2,12255
1770099600,1360.0,1360.9,1358.8,1360.5,14672
1770099900,1360.5,1360.9,1356.7,1357.4,24971
1770100200,1356.9,1357.2,1355.2,1355.9,28030
1770100500,1355.9,1356.4,1353.8,1354.2,38981
1770100800,1354.2,1357.4,1353.6,1355.9,32566
1770101100,1355.9,1358.8,1355.2,1358.1,48534
1770101400,1358.1,1358.5,1354.9,1355.1,56318
1770101700,1355.0,1358.8,1353.5,1354.6,89080
1770102000,1354.2,1356.3,1353.6,1355.7,43550
1770102300,1355.7,1357.8,1355.1,1356.2,40632
1770102600,1356.6,1357.5,1355.3,1355.7,13258
1770102900,1355.9,1357.6,1355.1,1355.9,15169
1770103200,1355.7,1357.9,1355.3,1357.2,27627
1770103500,1357.3,1358.3,1356.7,1357.3,26588
1770103800,1357.2,1360.0,1356.9,1359.9,30815
1770104100,1360.0,1360.0,1359.1,1359.3,29471
1770104400,1359.2,1360.0,1356.7,1356.8,78472
1770104700,1356.8,1357.2,1355.0,1356.4,28454
1770105000,1356.3,1356.7,1354.3,1355.7,34208
1770105300,1355.7,1357.3,1353.4,1354.6,47022
1770105600,1354.7,1355.6,1354.2,1354.4,25518
1770105900,1354.6,1357.6,1353.3,1357.4,32804
1770106200,1357.3,1359.3,1356.4,1357.8,68160
1770106500,1357.8,1359.3,1357.3,1359.3,27110
1770106800,1359.2,1360.0,1357.8,1359.3,86421
1770107100,1359.3,1360.0,1357.3,1358.0,27362
1770107400,1357.9,1358.7,1356.6,1358.6,46895
1770107700,1358.7,1359.0,1357.4,1358.5,123788
1770108000,1358.5,1358.9,1357.2,1358.0,66675
1770108300,1358.0,1358.0,1355.6,1356.6,56009
1770108600,1356.7,1357.7,1356.4,1357.4,32173
1770108900,1357.3,1357.5,1355.6,1356.4,55660
1770109200,1356.5,1358.0,1355.7,1358.0,42987
1770109500,1358.0,1360.8,1357.8,1359.0,156606
1770109800,1359.0,1359.0,1356.8,1357.0,91185
1770110100,1357.1,1357.9,1356.2,1357.1,58664
1770110400,1357.1,1357.8,1356.0,1357.4,60351
1770110700,1357.6,1359.1,1357.0,1357.8,89134
1770111000,1357.9,1358.0,1353.3,1353.9,239029
1770111300,1353.9,1355.0,1352.2,1353.0,407972
1770111600,1353.0,1358.3,1352.7,1357.5,403662
1770111900,1357.5,1359.4,1357.0,1358.6,340502
1770112200,1358.6,1359.6,1357.0,1357.3,230585
1770112500,1357.2,1358.9,1353.8,1354.4,242530
1770176700,1369.7,1369.9,1358.3,1361.2,587499
1770177000,1361.3,1362.4,1355.4,1355.7,139782
1770177300,1356.0,1357.3,1353.0,1353.2,60611
1770177600,1353.3,1356.0,1351.3,1353.2,299886
1770177900,1353.6,1354.4,1350.4,1351.3,40063
1770178200,1350.9,1351.5,1349.3,1349.9,30589
1770178500,1350.1,1355.0,1348.1,1353.3,62390
1770178800,1353.3,1354.4,1349.8,1351.6,39111
1770179100,1352.0,1352.8,1350.1,1352.4,16933
1770179400,1352.4,1353.5,1351.2,1352.5,34969
1770179700,1352.9,1353.9,1352.3,1353.3,14189
1770180000,1353.5,1354.9,1352.9,1353.3,23896
1770180300,1352.9,1354.0,1351.7,1352.7,20014
1770180600,1352.7,1352.9,1351.3,1352.5,14808
1770180900,1352.5,1354.0,1352.4,1353.7,10310
1770181200,1353.9,1355.0,1352.9,1353.1,24076
1770181500,1353.1,1353.9,1352.1,1353.1,21728
1770181800,1352.7,1354.0,1352.1,1353.8,20600
1770182100,1353.7,1355.1,1353.4,1355.1,14003
1770182400,1355.0,1356.9,1355.0,1355.3,38401
1770182700,1355.3,1356.7,1353.6,1354.7,58745
1770183000,1354.7,1355.2,1352.9,1352.9,24789
1770183300,1352.8,1352.9,1351.0,1351.3,44599
1770183600,1351.3,1353.0,1350.5,1351.9,28739
1770183900,1352.0,1352.3,1347.2,1347.7,51463
1770184200,1347.6,1348.0,1345.1,1345.5,58570
1770184500,1345.6,1347.0,1343.0,1345.8,188135
1770184800,1346.0,1347.7,1344.9,1346.2,61318
1770185100,1346.2,1347.8,1346.1,1347.0,35144
1770185400,1346.9,1349.2,1346.9,1348.1,53180
1770185700,1348.7,1349.0,1345.1,1345.8,93672
1770186000,1345.6,1346.0,1344.5,1345.3,22420
1770186300,1345.3,1346.4,1344.2,1345.7,103976
1770186600,1345.9,1346.8,1344.2,1345.4,96546
1770186900,1344.9,1345.5,1343.1,1343.4,45214
1770187200,1343.6,1343.8,1341.5,1342.1,82116
1770187500,1341.7,1342.9,1341.0,1341.2,43265
1770187800,1341.6,1342.2,1341.1,1341.3,37269
1770188100,1341.6,1344.3,1341.1,1343.8,122857
1770188400,1343.4,1343.4,1341.6,1341.9,39211
1770188700,1341.9,1342.4,1339.1,1339.7,128542
1770189000,1339.7,1341.1,1339.4,1340.0,117105
1770189300,1340.0,1340.8,1337.4,1337.6,78459
1770189600,1337.6,1338.6,1336.6,1337.8,47243
1770189900,1338.3,1338.3,1337.2,1338.0,31240
1770190200,1338.0,1338.7,1337.0,1338.4,76168
1770190500,1338.3,1343.8,1338.3,1343.4,148218
1770190800,1343.4,1344.3,1341.9,1342.8,74495
1770191100,1343.2,1346.1,1342.0,1345.9,114525
1770191400,1346.0,1347.3,1344.6,1346.5,115066
1770191700,1346.7,1348.8,1346.5,1347.7,73178
1770192000,1347.7,1348.9,1346.5,1347.0,27140
1770192300,1346.8,1347.5,1345.4,1345.4,47758
1770192600,1345.4,1346.3,1343.7,1344.1,45183
1770192900,1343.9,1345.8,1343.4,1345.7,66827
1770193200,1345.3,1346.5,1345.0,1345.3,38253
1770193500,1345.6,1345.8,1343.9,1344.6,56637
1770193800,1344.1,1344.7,1342.8,1343.6,58280
1770194100,1343.1,1344.4,1342.6,1342.9,66700
1770194400,1342.7,1345.0,1342.6,1344.7,55081
1770194700,1344.7,1346.5,1344.4,1345.0,91614
1770195000,1345.0,1346.0,1343.3,1344.0,82425
1770195300,1344.0,1344.4,1342.7,1343.8,62517
1770195600,1343.9,1344.8,1342.8,1343.4,99318
1770195900,1343.3,1343.4,1340.4,1341.0,93482
1770196200,1340.5,1343.2,1340.5,1342.8,113580
1770196500,1342.5,1343.5,1340.3,1340.5,113828
1770196800,1340.5,1340.8,1339.4,1339.7,138312
1770197100,1339.7,1340.4,1339.1,1339.2,126997
1770197400,1339.2,1340.1,1337.0,1338.9,299982
1770197700,1339.0,1340.1,1337.7,1338.3,239726
1770198000,1338.4,1339.4,1337.7,1338.1,183278
1770198300,1338.4,1340.6,1338.0,1338.8,187688
1770198600,1338.6,1339.4,1337.9,1339.3,170023
1770198900,1339.3,1340.0,1337.7,1340.0,228283
1770263100,1340.0,1340.0,1334.9,1339.1,80928
1770263400,1336.9,1336.9,1329.0,1329.4,61389
1770263700,1329.3,1329.4,1325.0,1326.5,39003
1770264000,1326.7,1327.2,1324.6,1324.9,28161
1770264300,1324.9,1326.4,1320.7,1321.5,61446
1770264600,1321.2,1323.2,1320.0,1323.2,37699
1770264900,1322.9,1324.2,1320.6,1321.0,62169
1770265200,1321.0,1322.4,1320.7,1321.3,32123
1770265500,1321.5,1323.3,1321.5,1322.0,22152
1770265800,1322.2,1323.4,1320.9,1322.6,28173
1770266100,1322.9,1324.4,1321.9,1323.9,23253
1770266400,1323.9,1328.6,1322.5,1328.2,156291
1770266700,1328.3,1329.2,1322.6,1322.9,66635
1770267000,1322.9,1328.6,1322.9,1328.6,37756
1770267300,1328.5,1328.8,1325.8,1326.1,17174
1770267600,1326.0,1326.0,1322.1,1322.1,36218
1770267900,1322.4,1322.8,1321.1,1321.4,21999
1770268200,1321.1,1322.3,1319.1,1319.1,33376
1770268500,1319.3,1321.8,1318.2,1321.4,26781
1770268800,1321.3,1321.7,1320.4,1320.7,13246
1770269100,1320.7,1320.9,1319.0,1319.4,22762
1770269400,1319.4,1321.2,1318.1,1320.9,32309
1770269700,1320.9,1322.3,1319.8,1322.0,31306
1770270000,1322.0,1323.6,1321.0,1322.5,29434
1770270300,1322.8,1323.0,1318.6,1319.3,25069
1770270600,1319.2,1320.5,1317.4,1318.7,49792
1770270900,1318.7,1319.0,1318.0,1318.9,17509
1770271200,1319.0,1320.2,1317.8,1318.5,23564
1770271500,1318.5,1320.5,1318.1,1320.5,32970
1770271800,1320.6,1321.5,1320.0,1321.5,21928
1770272100,1321.3,1321.5,1320.0,1321.0,19449
1770272400,1321.1,1321.7,1320.1,1321.4,23162
1770272700,1321.4,1322.6,1321.0,1322.1,17756
1770273000,1322.1,1322.6,1320.7,1322.5,12444
1770273300,1322.4,1322.8,1321.0,1322.0,18957
1770273600,1322.0,1322.5,1320.0,1321.0,14191
1770273900,1321.0,1321.0,1318.9,1319.8,17183
1770274200,1319.8,1321.0,1319.6,1320.3,23584
1770274500,1320.6,1322.3,1319.8,1321.5,21579
1770274800,1321.5,1324.9,1321.1,1324.5,40155
1770275100,1324.2,1324.6,1323.5,1324.4,16843
1770275400,1324.3,1325.0,1323.7,1324.4,16252
1770275700,1324.2,1326.3,1323.9,1325.0,25486
1770276000,1325.2,1325.9,1324.4,1325.0,35429
1770276300,1325.4,1326.7,1325.0,1326.4,18441
1770276600,1326.4,1326.5,1324.5,1324.8,17517
1770276900,1324.7,1325.0,1324.1,1324.6,17726
1770277200,1324.7,1324.7,1322.9,1324.0,23171
1770277500,1323.9,1325.4,1323.6,1325.2,16394
1770277800,1325.4,1326.0,1324.7,1325.1,16374
1770278100,1325.1,1325.3,1322.5,1323.3,26613
1770278400,1323.4,1325.3,1323.4,1324.9,19813
1770278700,1325.0,1325.2,1323.8,1324.1,23788
1770279000,1324.1,1324.1,1322.5,1323.1,18995
1770279300,1323.1,1324.0,1321.7,1323.6,29629
1770279600,1323.6,1326.2,1323.4,1324.8,33976
1770279900,1324.8,1325.1,1323.8,1324.7,17113
1770280200,1324.8,1324.8,1322.9,1323.0,23546
1770280500,1322.7,1322.9,1321.9,1322.0,83566
1770280800,1322.0,1323.6,1321.8,1323.0,33205
1770281100,1323.0,1323.1,1321.9,1322.9,20793
1770281400,1322.9,1322.9,1320.6,1321.0,40192
1770281700,1321.0,1323.5,1320.6,1323.1,22179
1770282000,1323.0,1324.0,1322.2,1323.9,41857
1770282300,1323.9,1326.5,1323.8,1325.7,131094
1770282600,1325.7,1326.8,1324.2,1326.4,44267
1770282900,1326.4,1328.0,1325.9,1327.3,120445
1770283200,1327.2,1328.1,1326.1,1326.9,104773
1770283500,1326.9,1330.3,1326.6,1329.5,115669
1770283800,1329.5,1331.7,1329.3,1331.0,197158
1770284100,1330.9,1332.1,1329.8,1330.7,170782
1770284400,1330.7,1330.8,1329.2,1329.3,201601
1770284700,1329.7,1331.9,1329.0,1330.8,222373
1770285000,1330.7,1332.0,1330.0,1330.3,250076
1770285300,1330.7,1331.8,1329.0,1331.6,173306
1770349500,1325.0,1336.8,1324.7,1335.9,302431
1770349800,1335.2,1335.2,1329.1,1334.6,275460
1770350100,1335.3,1336.2,1332.8,1334.6,106974
1770350400,1334.5,1336.6,1332.2,1336.0,122643
1770350700,1335.9,1337.3,1327.9,1327.9,163150
1770351000,1328.4,1328.7,1327.5,1328.0,45181
1770351300,1327.9,1332.9,1327.9,1331.1,196950
1770351600,1331.2,1332.5,1330.5,1331.7,51839
1770351900,1331.7,1334.4,1330.7,1334.4,70474
1770352200,1334.1,1335.6,1331.5,1333.0,68771
1770352500,1332.9,1334.0,1332.3,1333.7,41332
1770352800,1333.6,1333.9,1332.3,1333.6,33343
1770353100,1333.7,1335.1,1331.1,1333.9,88663
1770353400,1333.9,1335.5,1333.3,1335.1,53933
1770353700,1335.0,1335.5,1333.8,1334.1,58037
1770354000,1333.9,1333.9,1331.0,1332.7,70883
1770354300,1332.9,1334.4,1331.5,1334.0,39701
1770354600,1333.9,1336.0,1333.7,1336.0,33859
1770354900,1336.0,1336.0,1333.0,1333.2,65646
1770355200,1333.0,1335.4,1333.0,1334.8,31083
1770355500,1334.9,1335.5,1333.5,1334.0,60926
1770355800,1334.0,1335.5,1333.6,1334.9,42541
1770356100,1335.3,1339.2,1334.9,1338.5,91879
1770356400,1338.7,1339.7,1338.0,1338.8,58792
1770356700,1338.7,1339.0,1336.3,1337.9,63992
1770357000,1338.2,1338.9,1337.5,1337.7,73674
1770357300,1337.8,1337.8,1335.4,1336.4,121203
1770357600,1336.4,1341.9,1335.5,1341.8,218649
1770357900,1341.7,1343.5,1341.5,1343.1,61932
1770358200,1342.9,1346.4,1342.8,1344.6,111272
1770358500,1344.6,1345.9,1343.3,1343.7,76593
1770358800,1343.7,1343.7,1340.2,1340.8,80260
1770359100,1340.7,1342.3,1340.5,1341.5,41758
1770359400,1341.5,1342.1,1340.1,1341.2,76970
1770359700,1341.2,1341.2,1339.5,1340.5,47847
1770360000,1340.6,1341.8,1340.2,1341.3,37143
1770360300,1341.4,1342.0,1340.9,1341.7,41971
1770360600,1341.7,1341.7,1340.3,1341.4,46811
1770360900,1341.3,1341.5,1339.6,1341.4,73432
1770361200,1341.2,1341.5,1338.3,1340.0,78703
1770361500,1340.3,1342.0,1339.7,1341.5,37368
1770361800,1341.5,1342.7,1341.2,1342.4,35187
1770362100,1342.4,1343.3,1341.5,1342.4,62120
1770362400,1342.4,1343.9,1340.7,1341.5,58215
1770362700,1341.5,1343.6,1341.0,1343.2,31546
1770363000,1343.4,1343.4,1340.2,1340.4,54209
1770363300,1340.4,1341.0,1339.8,1340.7,39806
1770363600,1340.6,1340.7,1337.5,1337.9,56850
1770363900,1337.9,1339.8,1337.6,1339.8,41040
1770364200,1339.5,1339.8,1338.3,1339.6,35021
1770364500,1339.5,1340.3,1338.8,1340.1,36661
1770364800,1339.6,1340.7,1337.5,1338.9,39193
1770365100,1338.9,1339.7,1337.8,1338.4,43369
1770365400,1338.4,1340.3,1338.2,1339.8,174594
1770365700,1339.7,1341.6,1339.7,1341.5,20560
1770366000,1341.6,1343.8,1341.2,1343.5,34910
1770366300,1343.4,1344.1,1342.0,1342.7,42158
1770366600,1342.6,1343.8,1340.4,1340.9,30832
1770366900,1340.9,1343.5,1340.5,1343.2,32698
1770367200,1343.3,1343.3,1342.0,1342.1,44498
1770367500,1342.0,1342.5,1339.8,1341.9,107068
1770367800,1341.9,1342.4,1340.2,1340.7,28102
1770368100,1340.7,1341.2,1340.1,1340.2,28782
1770368400,1340.2,1340.2,1338.6,1339.3,33100
1770368700,1339.3,1339.4,1337.3,1338.1,27851
1770369000,1338.5,1339.2,1338.1,1338.5,28431
1770369300,1338.6,1339.6,1338.1,1339.5,32361
1770369600,1339.9,1340.7,1338.6,1340.3,38457
1770369900,1340.4,1341.5,1340.0,1340.8,41048
1770370200,1340.8,1342.9,1340.3,1341.8,153905
1770370500,1341.8,1342.4,1340.2,1340.7,153079
1770370800,1340.8,1343.0,1339.4,1341.4,155142
1770371100,1341.4,1342.8,1341.0,1341.9,167280
1770371400,1341.8,1342.5,1340.5,1342.3,221368
1770371700,1342.4,1342.5,1339.8,1341.9,188852
1770608700,1350.0,1350.0,1336.8,1338.3,344034
1770609000,1338.3,1341.4,1337.7,1340.7,80696
1770609300,1340.7,1340.7,1337.0,1337.7,64942
1770609600,1337.7,1343.4,1337.5,1342.4,73679
1770609900,1342.4,1343.0,1334.9,1335.5,102304
1770610200,1335.5,1337.9,1333.5,1333.5,65174
1770610500,1333.9,1334.3,1330.7,1334.1,73565
1770610800,1334.1,1339.1,1333.7,1338.8,56458
1770611100,1338.4,1340.3,1338.0,1338.2,57829
1770611400,1338.2,1338.7,1336.3,1336.6,36204
1770611700,1336.2,1337.7,1335.0,1336.5,61340
1770612000,1337.0,1338.1,1336.1,1337.4,51862
1770612300,1337.8,1338.3,1335.8,1338.1,30329
1770612600,1337.9,1338.3,1336.3,1336.4,49349
1770612900,1336.4,1337.9,1333.5,1333.5,44338
1770613200,1333.3,1336.8,1333.2,1336.7,24349
1770613500,1336.6,1337.8,1335.6,1335.6,35792
1770613800,1335.8,1336.6,1335.0,1335.4,29924
1770614100,1335.4,1336.9,1335.0,1336.5,41895
1770614400,1336.4,1338.0,1336.1,1338.0,40163
1770614700,1337.9,1338.2,1337.0,1337.8,30889
1770615000,1337.8,1339.1,1336.8,1337.4,74786
1770615300,1337.4,1338.3,1336.1,1337.0,95516
1770615600,1337.1,1337.2,1335.8,1336.7,24334
1770615900,1336.7,1337.4,1336.4,1336.9,17788
1770616200,1336.9,1337.3,1336.5,1337.3,25440
1770616500,1337.3,1338.0,1337.3,1337.9,17905
1770616800,1338.0,1339.7,1336.4,1339.7,61323
1770617100,1339.3,1339.9,1338.6,1339.3,28111
1770617400,1339.1,1340.0,1338.7,1339.6,44459
1770617700,1339.6,1341.0,1339.0,1340.2,35605
1770618000,1340.6,1340.6,1339.5,1339.5,35923
1770618300,1339.4,1339.7,1338.8,1339.3,42571
1770618600,1339.9,1340.6,1338.8,1339.0,39034
1770618900,1339.0,1343.0,1338.9,1342.0,49924
1770619200,1342.0,1342.6,1341.0,1341.2,24410
1770619500,1341.2,1342.0,1341.0,1341.1,32661
1770619800,1341.1,1342.5,1340.8,1341.2,31993
1770620100,1341.3,1342.0,1340.9,1341.8,29717
1770620400,1341.8,1343.2,1341.2,1342.9,58729
1770620700,1342.9,1345.0,1342.6,1344.4,72557
1770621000,1344.4,1345.0,1343.9,1344.0,42929
1770621300,1343.9,1345.1,1343.3,1343.5,60904
1770621600,1343.5,1344.9,1342.7,1343.6,78551
1770621900,1343.6,1344.5,1343.0,1344.3,43228
1770622200,1344.5,1345.8,1344.3,1345.4,31930
1770622500,1345.4,1347.3,1345.4,1347.0,49766
1770622800,1347.1,1347.9,1345.3,1345.3,51524
1770623100,1345.3,1346.3,1345.3,1346.0,31028
1770623400,1346.1,1346.1,1345.0,1345.0,34212
1770623700,1345.1,1345.3,1343.3,1343.3,54968
1770624000,1343.4,1344.1,1342.4,1342.8,30383
1770624300,1343.2,1344.7,1342.7,1343.6,58652
1770624600,1343.7,1345.4,1342.7,1345.1,39141
1770624900,1345.2,1345.5,1343.4,1343.4,45105
1770625200,1343.6,1343.9,1342.1,1342.8,34114
1770625500,1342.7,1344.0,1342.4,1343.0,44793
1770625800,1343.3,1343.6,1342.3,1342.9,23612
1770626100,1342.9,1343.5,1342.3,1342.8,22791
1770626400,1342.9,1343.3,1341.8,1342.4,26822
1770626700,1342.6,1343.1,1341.6,1342.1,27506
1770627000,1342.2,1342.9,1340.9,1340.9,35502
1770627300,1340.9,1342.8,1340.8,1341.6,39528
1770627600,1342.0,1343.9,1341.0,1343.6,27516
1770627900,1343.4,1344.0,1341.8,1342.2,22808
1770628200,1342.1,1343.0,1341.1,1342.2,27302
1770628500,1342.1,1343.9,1342.1,1342.7,28508
1770628800,1343.0,1344.6,1342.2,1342.4,45298
1770629100,1342.5,1343.3,1341.2,1341.9,47639
1770629400,1342.7,1343.1,1339.2,1339.9,127888
1770629700,1340.0,1342.1,1339.6,1340.1,122284
1770630000,1340.1,1341.6,1339.9,1340.5,116346
1770630300,1340.5,1342.6,1340.2,1342.1,114863
1770630600,1342.1,1342.9,1341.5,1342.4,134771
1770630900,1342.0,1342.7,1340.0,1341.0,98247
1770695100,1352.6,1353.7,1343.3,1351.4,400107
1770695400,1351.4,1352.5,1349.0,1352.5,107166
1770695700,1352.2,1357.0,1352.2,1353.9,151642
1770696000,1353.9,1357.7,1353.8,1357.0,184520
1770696300,1357.0,1357.2,1355.3,1356.8,49047
1770696600,1356.6,1357.0,1355.0,1355.4,39703
1770696900,1355.8,1356.4,1353.9,1353.9,47920
1770697200,1354.0,1356.0,1352.7,1352.8,39203
1770697500,1353.2,1356.0,1352.7,1355.9,50928
1770697800,1355.9,1356.9,1355.0,1356.5,103743
1770698100,1356.5,1356.6,1355.5,1355.9,28171
1770698400,1355.8,1356.7,1355.5,1355.9,28028
1770698700,1355.6,1356.8,1355.6,1356.6,46219
1770699000,1356.6,1356.7,1355.1,1355.4,31682
1770699300,1355.7,1357.2,1355.6,1357.2,49879
1770699600,1357.2,1358.9,1357.2,1358.1,54680
1770699900,1358.6,1359.8,1358.1,1359.7,55819
1770700200,1359.7,1360.0,1358.5,1359.0,57383
1770700500,1358.7,1360.0,1358.5,1359.3,36796
1770700800,1359.2,1359.5,1357.0,1357.4,37892
1770701100,1357.3,1358.0,1356.6,1357.0,46075
1770701400,1357.0,1357.0,1354.7,1355.6,69923
1770701700,1355.3,1356.5,1354.8,1356.0,24113
1770702000,1355.6,1357.8,1355.1,1355.6,37007
1770702300,1355.6,1356.5,1355.2,1356.1,18321
1770702600,1356.0,1356.2,1355.1,1355.9,22796
1770702900,1355.9,1356.6,1355.5,1356.4,27260
1770703200,1356.4,1356.5,1354.9,1355.5,34296
1770703500,1355.5,1356.9,1354.9,1356.9,25946
1770703800,1356.9,1358.9,1356.1,1358.7,50246
1770704100,1358.7,1359.0,1356.9,1357.0,33237
1770704400,1356.5,1357.5,1356.3,1357.2,14878
1770704700,1357.1,1360.1,1357.1,1358.0,148220
1770705000,1357.9,1358.1,1356.5,1357.5,24976
1770705300,1357.4,1357.6,1356.0,1356.8,38917
1770705600,1356.6,1357.0,1355.0,1355.6,23576
1770705900,1355.6,1355.9,1353.5,1353.7,55867
1770706200,1353.7,1355.5,1353.6,1355.2,25196
1770706500,1355.1,1355.4,1353.5,1354.4,26384
1770706800,1354.3,1355.0,1353.7,1354.6,21649
1770707100,1354.8,1355.9,1354.6,1355.4,28417
1770707400,1355.4,1356.0,1354.4,1354.9,19993
1770707700,1354.9,1355.0,1353.6,1354.0,28743
1770708000,1354.0,1354.8,1353.1,1354.1,72510
1770708300,1353.5,1355.5,1353.0,1353.7,55427
1770708600,1353.7,1354.0,1352.8,1354.0,63340
1770708900,1353.9,1355.5,1353.7,1354.6,67607
1770709200,1354.6,1354.6,1353.1,1353.8,22948
1770709500,1353.8,1354.5,1353.0,1354.3,24490
1770709800,1354.3,1355.0,1353.1,1353.6,32033
1770710100,1353.1,1353.9,1352.6,1353.1,40628
1770710400,1353.2,1353.3,1349.7,1351.1,71147
1770710700,1351.2,1351.5,1350.0,1351.4,26624
1770711000,1351.1,1352.0,1350.6,1351.9,15132
1770711300,1351.8,1351.8,1350.3,1351.0,14456
1770711600,1350.7,1352.0,1348.8,1349.4,81708
1770711900,1349.5,1350.2,1348.6,1349.0,37410
1770712200,1348.7,1350.0,1347.5,1350.0,59003
1770712500,1350.0,1352.1,1349.4,1352.0,46449
1770712800,1352.0,1352.6,1351.0,1352.4,23214
1770713100,1352.4,1353.0,1351.7,1352.8,67056
1770713400,1352.6,1352.8,1350.9,1351.1,22498
1770713700,1351.1,1351.5,1350.3,1351.0,15282
1770714000,1351.0,1352.0,1350.6,1351.8,15458
1770714300,1351.8,1355.0,1351.2,1354.4,72680
1770714600,1354.0,1355.0,1353.1,1354.1,95352
1770714900,1354.0,1356.3,1354.0,1356.1,100598
1770715200,1356.1,1356.2,1353.6,1354.5,124007
1770715500,1354.4,1356.5,1353.8,1356.0,178259
1770715800,1356.1,1357.8,1355.7,1357.8,216006
1770716100,1357.8,1358.3,1355.3,1358.3,304321
1770716400,1358.2,1358.2,1356.6,1357.6,277546
1770716700,1357.6,1357.7,1355.5,1356.6,282037
1770717000,1356.3,1356.3,1354.7,1355.5,204378
1770717300,1356.0,1357.0,1354.1,1355.1,173636
1770781500,1358.0,1360.0,1352.1,1357.9,173238
1770781800,1358.0,1358.9,1355.5,1356.5,73026
1770782100,1356.5,1357.0,1355.7,1356.8,28262
1770782400,1356.9,1356.9,1354.7,1355.4,335220
1770782700,1355.4,1356.1,1353.6,1354.0,23429
1770783000,1354.0,1355.0,1353.7,1354.2,18667
1770783300,1354.5,1354.5,1352.0,1352.5,42057
1770783600,1353.0,1354.0,1351.7,1352.7,100309
1770783900,1352.5,1353.3,1352.2,1352.5,48711
1770784200,1352.5,1352.5,1351.3,1352.1,39533
1770784500,1352.5,1352.5,1350.0,1350.3,45875
1770784800,1350.8,1352.0,1348.8,1351.1,82943
1770785100,1351.2,1353.7,1350.9,1353.3,35454
1770785400,1353.9,1354.9,1353.3,1354.7,19674
1770785700,1354.8,1356.6,1354.7,1355.5,57936
1770786000,1355.5,1355.5,1354.0,1354.6,30132
1770786300,1354.2,1354.9,1351.5,1352.1,51691
1770786600,1352.5,1353.3,1352.0,1352.5,39742
1770786900,1352.7,1353.9,1352.5,1353.3,22175
1770787200,1353.3,1354.7,1352.8,1353.0,39404
1770787500,1353.0,1353.0,1350.6,1351.3,24220
1770787800,1351.4,1351.5,1350.0,1350.4,35048
1770788100,1350.6,1351.7,1349.6,1351.5,41347
1770788400,1351.6,1352.6,1350.9,1352.2,16542
1770788700,1352.6,1353.4,1351.5,1351.5,32066
1770789000,1352.0,1352.5,1351.4,1351.5,17835
1770789300,1351.6,1352.0,1350.2,1350.6,20673
1770789600,1350.9,1352.3,1350.6,1352.2,15320
1770789900,1352.1,1352.5,1350.7,1350.7,21074
1770790200,1350.7,1351.4,1349.9,1350.0,35382
1770790500,1350.0,1351.0,1349.9,1350.1,12518
1770790800,1350.5,1351.2,1350.1,1350.6,11310
1770791100,1350.6,1352.5,1350.6,1351.1,36548
1770791400,1351.1,1351.9,1351.0,1351.1,16011
1770791700,1351.1,1352.0,1350.3,1350.4,24865
1770792000,1350.4,1351.0,1349.7,1349.8,28713
1770792300,1349.8,1350.4,1349.4,1349.6,23941
1770792600,1349.6,1349.9,1349.4,1349.8,16302
1770792900,1349.9,1350.3,1349.8,1349.9,21306
1770793200,1350.0,1350.0,1348.0,1348.6,52365
1770793500,1348.7,1349.7,1348.4,1348.6,57181
1770793800,1348.6,1349.3,1347.2,1347.9,28522
1770794100,1347.8,1348.4,1347.7,1347.7,18622
1770794400,1348.0,1348.3,1347.5,1347.5,17704
1770794700,1347.5,1348.6,1347.5,1347.9,21148
1770795000,1348.0,1348.5,1347.5,1347.9,19628
1770795300,1348.3,1349.1,1347.9,1349.0,22483
1770795600,1348.4,1349.5,1348.0,1348.2,27134
1770795900,1348.8,1350.0,1348.2,1349.4,14491
1770796200,1349.4,1350.0,1348.8,1349.2,20078
1770796500,1349.5,1350.2,1349.2,1350.0,18598
1770796800,1349.7,1350.4,1348.9,1349.1,24914
1770797100,1349.1,1350.0,1347.8,1347.9,22858
1770797400,1347.9,1350.1,1346.7,1349.0,107606
1770797700,1349.0,1349.7,1346.2,1346.6,77619
1770798000,1347.1,1348.1,1345.5,1346.0,196034
1770798300,1345.7,1348.6,1345.5,1347.9,80092
1770798600,1347.9,1349.6,1347.0,1348.4,64215
1770798900,1348.4,1348.7,1346.2,1347.1,37998
1770799200,1346.8,1348.0,1346.4,1347.4,26912
1770799500,1347.7,1348.4,1345.9,1346.3,85588
1770799800,1346.3,1346.8,1345.5,1346.0,37876
1770800100,1346.0,1347.0,1345.1,1345.6,49096
1770800400,1345.6,1346.6,1345.0,1346.4,35016
1770800700,1345.7,1346.8,1344.8,1345.3,40228
1770801000,1345.0,1348.2,1345.0,1347.5,48652
1770801300,1347.6,1348.3,1345.7,1346.8,66163
1770801600,1346.7,1347.5,1346.0,1347.1,49220
1770801900,1347.0,1347.7,1346.8,1347.0,40933
1770802200,1347.6,1348.0,1346.9,1347.5,119350
1770802500,1347.5,1347.8,1347.1,1347.3,92033
1770802800,1347.2,1348.5,1347.0,1348.3,143662
1770803100,1348.3,1348.5,1346.2,1346.3,109662
1770803400,1346.3,1348.2,1346.2,1347.5,141441
1770803700,1347.5,1349.4,1347.0,1347.0,74464
1770867900,1347.9,1357.7,1347.0,1354.6,221999
1770868200,1356.0,1356.8,1353.1,1353.2,72993
1770868500,1353.2,1354.1,1352.6,1353.5,41772
1770868800,1353.6,1355.8,1352.6,1354.1,48020
1770869100,1353.9,1355.3,1352.8,1354.7,35336
1770869400,1354.7,1354.7,1349.9,1350.0,65177
1770869700,1350.0,1352.5,1349.8,1352.0,64933
1770870000,1352.0,1352.2,1349.7,1350.6,77328
1770870300,1350.5,1350.8,1348.5,1348.9,30030
1770870600,1348.9,1349.5,1347.9,1348.4,25246
1770870900,1348.4,1348.5,1347.0,1347.2,36250
1770871200,1347.1,1347.2,1343.3,1343.6,49414
1770871500,1343.7,1343.9,1342.5,1343.9,43754
1770871800,1343.9,1344.8,1343.0,1344.4,37620
1770872100,1344.4,1345.4,1343.4,1344.0,61504
1770872400,1343.8,1344.8,1342.2,1342.4,47275
1770872700,1342.2,1343.0,1340.3,1340.9,49225
1770873000,1340.8,1341.0,1338.5,1338.8,42468
1770873300,1339.3,1341.6,1338.5,1341.1,62921
1770873600,1341.2,1341.5,1340.0,1340.6,31871
1770873900,1340.6,1340.9,1339.9,1340.1,31576
1770874200,1340.1,1340.8,1339.9,1340.3,39217
1770874500,1340.4,1341.0,1339.5,1340.0,42270
1770874800,1340.1,1340.1,1338.9,1339.9,33894
1770875100,1339.9,1340.0,1338.8,1340.0,31715
1770875400,1340.0,1340.0,1338.5,1339.6,38365
1770875700,1339.6,1340.0,1338.4,1339.6,31688
1770876000,1339.9,1342.2,1339.4,1341.6,130181
1770876300,1341.1,1341.9,1340.1,1341.2,45871
1770876600,1341.2,1341.5,1340.0,1340.6,31947
1770876900,1340.5,1340.5,1339.0,1339.1,21021
1770877200,1339.2,1339.2,1337.2,1337.4,33786
1770877500,1337.4,1338.5,1336.2,1338.5,46918
1770877800,1338.5,1339.3,1337.7,1338.3,34260
1770878100,1338.3,1338.7,1337.7,1338.3,21024
1770878400,1338.7,1338.9,1337.0,1337.9,26727
1770878700,1337.9,1338.6,1337.6,1337.8,22050
1770879000,1337.7,1338.7,1337.6,1338.7,22547
1770879300,1338.6,1338.8,1337.4,1337.6,28278
1770879600,1338.1,1338.7,1337.4,1338.6,24028
1770879900,1338.6,1338.7,1337.8,1338.7,20036
1770880200,1338.9,1339.3,1337.7,1339.3,22242
1770880500,1339.3,1339.6,1338.5,1339.0,23049
1770880800,1338.6,1339.6,1338.6,1339.0,19785
1770881100,1339.0,1340.0,1338.7,1339.5,33397
1770881400,1339.5,1341.9,1339.0,1341.4,52845
1770881700,1341.4,1341.9,1340.8,1341.2,23009
1770882000,1341.0,1341.3,1339.8,1340.9,53059
1770882300,1340.8,1341.1,1339.0,1339.9,38043
1770882600,1340.0,1340.1,1339.5,1340.0,44994
1770882900,1340.0,1340.2,1339.5,1339.9,79690
1770883200,1339.9,1340.1,1339.5,1340.1,36293
1770883500,1340.0,1341.2,1339.3,1340.6,92946
1770883800,1341.1,1341.4,1340.3,1340.8,23920
1770884100,1340.6,1342.9,1340.0,1340.6,89962
1770884400,1340.9,1342.0,1339.6,1340.8,108326
1770884700,1340.8,1342.0,1340.4,1342.0,20573
1770885000,1341.6,1343.3,1341.5,1342.7,59315
1770885300,1342.7,1343.0,1342.3,1342.5,16322
1770885600,1342.7,1342.9,1341.4,1341.7,20154
1770885900,1341.7,1341.9,1340.8,1340.9,21125
1770886200,1340.9,1342.2,1340.4,1342.1,64287
1770886500,1342.1,1342.2,1339.9,1340.3,46681
1770886800,1340.6,1341.8,1340.1,1341.8,13977
1770887100,1341.8,1342.4,1341.0,1341.9,19762
1770887400,1341.9,1342.4,1340.0,1340.5,79035
1770887700,1340.7,1341.1,1337.9,1340.0,117043
1770888000,1340.0,1340.0,1338.7,1339.2,42835
1770888300,1339.2,1339.8,1338.8,1339.6,27430
1770888600,1339.5,1342.2,1339.5,1339.9,273998
1770888900,1340.3,1341.3,1339.4,1341.1,117671
1770889200,1341.1,1341.2,1339.5,1339.6,191961
1770889500,1339.7,1340.0,1338.4,1339.9,103661
1770889800,1339.9,1340.0,1337.4,1338.1,125568
1770890100,1338.3,1340.0,1337.0,1337.0,99983
1770954300,1341.3,1345.0,1339.3,1342.9,152425
1770954600,1343.0,1346.5,1342.9,1343.6,62667
1770954900,1343.6,1345.3,1342.8,1343.2,102541
1770955200,1342.9,1342.9,1338.3,1338.9,80098
1770955500,1339.2,1339.8,1337.0,1339.4,67738
1770955800,1339.2,1340.6,1338.4,1339.1,68744
1770956100,1338.8,1340.5,1338.0,1338.4,58578
1770956400,1338.0,1338.0,1329.2,1330.9,109590
1770956700,1331.4,1332.4,1324.7,1324.7,161634
1770957000,1324.7,1325.2,1320.8,1323.7,97071
1770957300,1323.7,1324.9,1321.3,1321.9,79899
1770957600,1321.9,1322.7,1318.3,1320.0,62169
1770957900,1320.3,1320.6,1316.2,1316.8,74975
1770958200,1316.8,1323.3,1316.1,1323.3,47194
1770958500,1323.3,1324.7,1321.8,1324.4,43071
1770958800,1324.4,1328.2,1324.1,1326.6,41134
1770959100,1326.6,1327.9,1323.8,1324.6,39060
1770959400,1324.6,1331.0,1323.8,1330.5,72789
1770959700,1330.4,1330.4,1327.3,1327.7,44050
1770960000,1328.0,1332.4,1327.3,1331.3,55212
1770960300,1331.3,1332.7,1330.3,1330.5,43273
1770960600,1330.6,1331.8,1329.6,1330.0,36121
1770960900,1329.6,1330.6,1326.4,1327.5,30742
1770961200,1327.5,1328.9,1326.9,1328.4,24316
1770961500,1328.4,1329.1,1325.8,1326.7,23306
1770961800,1326.4,1328.2,1325.8,1326.3,24628
1770962100,1326.5,1328.3,1326.2,1328.3,13447
1770962400,1328.3,1328.4,1325.7,1325.8,16759
1770962700,1325.7,1326.4,1325.0,1325.7,15801
1770963000,1325.7,1326.2,1325.1,1325.9,14239
1770963300,1325.9,1327.0,1325.9,1325.9,17750
1770963600,1326.0,1326.1,1323.4,1324.4,29576
1770963900,1324.4,1324.4,1322.5,1324.1,21655
1770964200,1324.0,1325.0,1323.6,1323.7,19904
1770964500,1324.2,1324.5,1322.5,1323.1,21813
1770964800,1322.7,1323.7,1322.2,1323.5,23069
1770965100,1323.5,1326.2,1322.8,1326.1,35254
1770965400,1326.1,1328.0,1325.6,1327.5,30320
1770965700,1327.7,1327.7,1325.5,1326.0,52417
1770966000,1326.3,1327.8,1326.1,1327.5,96934
1770966300,1327.6,1328.8,1326.0,1326.9,204536
1770966600,1327.2,1329.1,1326.4,1327.8,57232
1770966900,1328.0,1329.4,1327.5,1327.7,43581
1770967200,1327.6,1329.8,1327.4,1329.6,28647
1770967500,1329.7,1330.0,1327.7,1329.3,158613
1770967800,1329.7,1330.0,1326.7,1327.0,66987
1770968100,1327.4,1329.4,1326.4,1328.0,43383
1770968400,1328.2,1330.0,1327.3,1327.7,142017
1770968700,1327.9,1328.7,1326.5,1328.6,56647
1770969000,1328.6,1328.9,1327.0,1328.5,43803
1770969300,1328.9,1330.0,1328.0,1329.7,40201
1770969600,1329.9,1332.8,1329.4,1331.8,123166
1770969900,1332.0,1333.8,1331.8,1331.9,29270
1770970200,1332.0,1333.8,1331.9,1333.6,28822
1770970500,1333.7,1334.0,1331.2,1331.5,60083
1770970800,1331.8,1331.9,1329.3,1331.0,37642
1770971100,1331.0,1332.4,1330.0,1332.3,35164
1770971400,1332.4,1333.4,1331.9,1333.3,29521
1770971700,1333.4,1334.9,1333.1,1334.4,41317
1770972000,1334.4,1335.0,1334.1,1334.8,55834
1770972300,1335.1,1336.3,1335.0,1335.6,40957
1770972600,1335.9,1336.7,1334.8,1335.7,55597
1770972900,1335.6,1336.2,1335.0,1335.1,34161
1770973200,1335.4,1335.4,1333.6,1333.6,54765
1770973500,1333.9,1335.0,1333.5,1334.9,41025
1770973800,1334.7,1335.4,1334.0,1334.8,57501
1770974100,1335.0,1336.0,1334.0,1335.2,52588
1770974400,1335.3,1337.0,1335.3,1335.7,41631
1770974700,1335.9,1336.1,1335.0,1335.1,53578
1770975000,1335.5,1335.5,1332.7,1333.7,131602
1770975300,1333.4,1333.8,1331.0,1332.2,124708
1770975600,1332.2,1333.1,1331.5,1332.5,120874
1770975900,1332.2,1333.8,1332.2,1333.5,130206
1770976200,1333.4,1333.8,1328.5,1329.5,151795
1770976500,1329.8,1332.6,1328.5,1330.8,71783
1771213500,1324.0,1338.6,1324.0,1338.5,181557
1771213800,1338.5,1339.3,1335.6,1338.0,72806
1771214100,1338.0,1338.0,1332.8,1336.7,49450
1771214400,1336.7,1340.0,1336.2,1338.1,57200
1771214700,1338.5,1341.0,1338.3,1339.6,94308
1771215000,1339.6,1340.7,1337.1,1337.2,72343
1771215300,1337.2,1338.5,1336.1,1336.7,27995
1771215600,1336.7,1338.1,1335.7,1337.7,31839
1771215900,1337.7,1340.4,1337.4,1339.8,35827
1771216200,1340.4,1341.9,1340.1,1341.2,45869
1771216500,1341.4,1341.8,1339.1,1340.0,33336
1771216800,1339.9,1341.5,1339.9,1341.0,48480
1771217100,1341.6,1344.8,1341.1,1343.0,85696
1771217400,1342.7,1345.6,1342.7,1344.2,37407
1771217700,1344.0,1347.9,1344.0,1347.6,54606
1771218000,1347.7,1349.8,1347.4,1349.3,70419
1771218300,1349.2,1349.5,1346.7,1347.7,50851
1771218600,1347.7,1348.0,1346.6,1347.9,45713
1771218900,1347.8,1349.9,1347.3,1349.9,79439
1771219200,1349.4,1350.5,1348.1,1348.9,94630
1771219500,1349.0,1350.2,1348.0,1350.0,82253
1771219800,1350.0,1350.1,1347.9,1349.0,55783
1771220100,1349.3,1349.6,1347.8,1349.0,44209
1771220400,1349.0,1349.6,1348.4,1348.8,42804
1771220700,1348.8,1349.6,1348.1,1349.3,44285
1771221000,1349.4,1349.9,1348.8,1348.9,53991
1771221300,1349.1,1349.4,1347.5,1348.4,48875
1771221600,1348.4,1349.8,1348.0,1349.0,53552
1771221900,1348.9,1350.7,1348.6,1350.0,82226
1771222200,1350.5,1351.0,1349.1,1349.5,51059
1771222500,1349.5,1350.0,1348.6,1349.3,50964
1771222800,1349.6,1350.3,1348.8,1349.1,45754
1771223100,1349.2,1350.0,1348.1,1348.9,48751
1771223400,1349.0,1350.3,1348.9,1349.1,76488
1771223700,1349.1,1349.5,1348.5,1348.9,45862
1771224000,1348.9,1349.7,1348.7,1349.7,26512
1771224300,1349.7,1351.0,1349.1,1350.9,36512
1771224600,1351.0,1351.7,1349.7,1350.4,41863
1771224900,1350.5,1351.2,1349.8,1350.0,46015
1771225200,1350.2,1351.9,1349.9,1351.9,43991
1771225500,1351.8,1355.0,1351.8,1353.4,81131
1771225800,1353.2,1354.3,1352.7,1353.6,45827
1771226100,1353.6,1354.2,1352.8,1353.5,43557
1771226400,1353.5,1354.5,1353.0,1354.3,48381
1771226700,1354.3,1355.0,1353.5,1354.8,65713
1771227000,1354.8,1356.0,1354.0,1356.0,81813
1771227300,1355.9,1358.0,1355.9,1357.8,94712
1771227600,1357.6,1358.8,1357.2,1358.4,57763
1771227900,1358.4,1358.5,1356.2,1357.2,44205
1771228200,1357.2,1360.4,1357.1,1359.6,120318
1771228500,1359.8,1360.1,1359.3,1359.8,62259
1771228800,1359.8,1360.0,1359.0,1359.9,76290
1771229100,1360.0,1360.0,1357.6,1358.9,99049
1771229400,1358.9,1359.1,1357.2,1357.7,68848
1771229700,1357.7,1358.9,1357.4,1358.0,91271
1771230000,1358.0,1358.5,1357.0,1357.3,44719
1771230300,1357.8,1357.8,1355.8,1357.0,64789
1771230600,1357.0,1358.2,1356.4,1357.9,47629
1771230900,1358.0,1358.5,1356.6,1357.2,61725
1771231200,1357.3,1358.6,1356.8,1358.4,49598
1771231500,1358.5,1360.0,1358.3,1359.5,56960
1771231800,1359.3,1359.7,1358.3,1359.4,52977
1771232100,1359.4,1360.0,1358.3,1359.1,85521
1771232400,1359.5,1360.0,1358.2,1359.8,83599
1771232700,1359.9,1360.8,1358.6,1360.6,133141
1771233000,1360.9,1361.9,1360.5,1361.1,75393
1771233300,1361.2,1361.2,1360.5,1361.0,56129
1771233600,1360.9,1361.0,1360.0,1360.7,65399
1771233900,1360.8,1360.9,1358.0,1358.5,154200
1771234200,1358.4,1359.3,1357.2,1358.4,83636
1771234500,1358.2,1359.2,1357.6,1358.6,85174
1771234800,1358.8,1359.0,1357.4,1357.8,124257
1771235100,1357.7,1358.2,1357.1,1357.9,119855
1771235400,1357.1,1359.5,1357.0,1359.1,147793
1771235700,1359.1,1359.5,1355.9,1358.0,98132
1771299900,1358.3,1358.3,1353.6,1354.6,153066
1771300200,1353.9,1354.5,1351.6,1352.1,80192
1771300500,1352.1,1353.7,1351.4,1351.8,39233
1771300800,1351.9,1356.0,1351.9,1355.3,118134
1771301100,1355.3,1356.0,1353.0,1355.1,99572
1771301400,1354.5,1355.0,1353.1,1354.7,53663
1771301700,1354.7,1354.8,1351.4,1351.4,44462
1771302000,1351.5,1352.8,1350.4,1351.8,287970
1771302300,1351.8,1352.4,1350.9,1351.4,32684
1771302600,1351.4,1351.7,1350.5,1350.6,21642
1771302900,1351.0,1352.8,1350.6,1352.8,15404
1771303200,1352.8,1353.9,1351.8,1353.8,31700
1771303500,1353.8,1356.8,1353.3,1356.8,157186
1771303800,1356.8,1356.8,1355.2,1355.8,31432
1771304100,1355.8,1360.0,1355.3,1359.0,125802
1771304400,1359.0,1360.9,1356.9,1357.5,57138
1771304700,1357.5,1357.5,1356.2,1357.3,35186
1771305000,1357.3,1358.3,1355.0,1355.5,39491
1771305300,1355.5,1356.3,1353.7,1355.3,44265
1771305600,1355.3,1355.8,1354.9,1355.2,48651
1771305900,1355.3,1355.9,1355.2,1355.3,29320
1771306200,1355.4,1357.2,1354.0,1357.2,109579
1771306500,1357.2,1360.1,1356.8,1359.8,263450
1771306800,1359.8,1360.0,1358.1,1359.3,27101
1771307100,1359.3,1360.0,1359.0,1359.7,21080
1771307400,1359.3,1360.0,1359.3,1360.0,19048
1771307700,1360.0,1360.0,1358.4,1359.4,25865
1771308000,1359.4,1359.6,1356.7,1359.5,31055
1771308300,1359.5,1360.0,1358.0,1359.2,35387
1771308600,1359.2,1359.2,1356.4,1357.0,32799
1771308900,1357.0,1357.7,1355.5,1355.6,34535
1771309200,1355.6,1356.1,1354.7,1356.0,24885
1771309500,1356.0,1356.3,1354.4,1355.5,32829
1771309800,1355.5,1355.9,1354.8,1355.4,19697
1771310100,1355.4,1356.2,1355.1,1355.7,20691
1771310400,1355.7,1355.7,1355.0,1355.5,13210
1771310700,1355.4,1355.8,1354.7,1355.7,23589
1771311000,1355.6,1355.8,1354.9,1355.4,22620
1771311300,1355.4,1355.7,1353.6,1354.2,26676
1771311600,1354.2,1354.8,1352.3,1353.2,46982
1771311900,1353.1,1355.1,1353.1,1355.0,49407
1771312200,1354.9,1357.0,1354.9,1357.0,44850
1771312500,1357.0,1357.9,1356.3,1357.1,52450
1771312800,1357.1,1357.8,1356.0,1356.0,51032
1771313100,1356.3,1356.7,1354.9,1355.3,27054
1771313400,1355.3,1356.0,1354.6,1355.0,27799
1771313700,1354.9,1356.0,1354.1,1355.0,52304
1771314000,1355.0,1355.4,1354.2,1354.5,58851
1771314300,1354.5,1354.8,1353.1,1354.0,47757
1771314600,1354.0,1354.0,1352.4,1353.0,38820
1771314900,1353.0,1353.1,1352.7,1353.0,25139
1771315200,1353.0,1353.0,1352.6,1353.0,29530
1771315500,1353.0,1353.2,1352.4,1352.9,33848
1771315800,1352.4,1353.0,1352.4,1353.0,19301
1771316100,1352.9,1354.7,1352.9,1354.0,43683
1771316400,1354.0,1356.2,1353.6,1355.9,17661
1771316700,1355.9,1356.0,1354.4,1354.8,63321
1771317000,1354.8,1355.9,1354.6,1355.6,68942
1771317300,1355.8,1355.8,1354.6,1354.6,23726
1771317600,1354.8,1354.8,1353.0,1353.4,53124
1771317900,1353.3,1354.8,1353.1,1354.7,32452
1771318200,1354.6,1355.0,1354.6,1354.9,14469
1771318500,1355.0,1355.5,1353.8,1354.9,41384
1771318800,1354.8,1356.0,1353.8,1356.0,51547
1771319100,1355.6,1357.7,1355.3,1357.0,72442
1771319400,1357.0,1357.7,1355.8,1357.6,134613
1771319700,1357.5,1357.6,1356.3,1357.5,56265
1771320000,1357.5,1357.5,1356.1,1357.2,46767
1771320300,1357.0,1357.3,1355.8,1357.3,60329
1771320600,1357.3,1358.1,1356.1,1357.9,117630
1771320900,1357.9,1358.5,1356.3,1357.0,111685
1771321200,1356.9,1358.6,1356.7,1357.8,137160
1771321500,1357.7,1358.6,1356.8,1357.2,153605
1771321800,1357.2,1357.5,1355.4,1356.3,139454
1771322100,1356.5,1357.0,1353.9,1354.0,105987
1771386300,1363.0,1364.0,1356.3,1363.3,380138
1771386600,1363.3,1363.3,1357.0,1357.0,140146
1771386900,1357.2,1357.9,1355.5,1357.9,56882
1771387200,1357.9,1360.0,1357.4,1359.3,56852
1771387500,1359.3,1360.6,1359.3,1360.2,47967
1771387800,1360.3,1360.8,1359.4,1359.6,38201
1771388100,1359.8,1359.8,1358.1,1358.2,34151
1771388400,1358.4,1358.4,1356.2,1357.3,41950
1771388700,1357.3,1357.3,1353.8,1354.5,49095
1771389000,1354.5,1358.2,1354.5,1357.9,49882
1771389300,1357.9,1359.5,1356.6,1358.2,53898
1771389600,1358.3,1358.3,1356.2,1356.5,47800
1771389900,1356.5,1358.0,1355.7,1357.7,58666
1771390200,1357.6,1358.4,1357.1,1357.2,33959
1771390500,1357.4,1357.4,1355.4,1355.8,28878
1771390800,1355.9,1357.5,1355.6,1357.4,14986
1771391100,1357.5,1359.6,1357.4,1358.3,47328
1771391400,1358.2,1358.8,1358.2,1358.8,16022
1771391700,1358.8,1361.5,1358.5,1361.5,139961
1771392000,1361.6,1363.0,1360.2,1362.9,81258
1771392300,1363.0,1364.9,1362.7,1364.8,68332
1771392600,1364.7,1368.1,1364.3,1366.5,118839
1771392900,1366.5,1366.5,1365.0,1366.0,65218
1771393200,1366.1,1366.1,1363.0,1364.8,67055
1771393500,1364.8,1364.8,1363.4,1363.5,25010
1771393800,1363.6,1364.2,1362.2,1362.7,39356
1771394100,1362.8,1363.7,1362.0,1363.6,38843
1771394400,1363.7,1365.0,1363.1,1365.0,34306
1771394700,1364.8,1364.8,1363.5,1364.2,35478
1771395000,1363.9,1364.8,1363.4,1364.6,56782
1771395300,1364.9,1366.9,1364.6,1366.9,59986
1771395600,1366.7,1370.9,1366.7,1370.6,120463
1771395900,1370.6,1370.6,1368.5,1370.0,171138
1771396200,1369.9,1370.7,1369.4,1370.0,42953
1771396500,1370.0,1370.6,1368.4,1368.8,46341
1771396800,1368.8,1369.6,1368.1,1369.0,40472
1771397100,1369.5,1370.1,1369.0,1369.9,37689
1771397400,1369.7,1370.3,1369.2,1370.1,56804
1771397700,1370.1,1370.1,1368.7,1369.5,45953
1771398000,1369.5,1371.7,1369.0,1371.5,54134
1771398300,1371.5,1374.3,1371.2,1374.1,109773
1771398600,1374.1,1374.5,1372.5,1372.7,61722
1771398900,1372.6,1373.8,1372.6,1373.3,47342
1771399200,1373.0,1373.7,1372.1,1372.6,51750
1771399500,1372.6,1374.0,1372.3,1374.0,47511
1771399800,1373.9,1374.2,1372.8,1373.3,65819
1771400100,1373.0,1373.6,1373.0,1373.4,49994
1771400400,1373.3,1374.1,1372.2,1374.1,62722
1771400700,1373.9,1374.1,1373.4,1373.8,57558
1771401000,1373.7,1373.8,1372.5,1373.4,55971
1771401300,1373.2,1373.6,1371.3,1371.9,61219
1771401600,1371.9,1372.6,1370.4,1372.0,111066
1771401900,1371.9,1372.5,1371.8,1372.0,56612
1771402200,1372.0,1373.0,1372.0,1372.9,48203
1771402500,1372.9,1373.7,1372.7,1373.4,67299
1771402800,1373.4,1373.5,1371.6,1371.8,69479
1771403100,1371.9,1372.7,1371.3,1372.2,52289
1771403400,1372.2,1372.8,1372.1,1372.5,32119
1771403700,1372.6,1373.0,1371.8,1372.2,47560
1771404000,1372.1,1373.0,1371.5,1372.8,41622
1771404300,1372.5,1373.0,1372.1,1373.0,62585
1771404600,1373.0,1375.0,1372.7,1374.9,82379
1771404900,1374.6,1376.3,1374.4,1374.4,115096
1771405200,1374.5,1375.3,1373.5,1374.5,53224
1771405500,1374.2,1375.2,1373.6,1374.5,63708
1771405800,1374.5,1375.0,1374.1,1374.2,57360
1771406100,1374.7,1375.7,1374.2,1375.6,41789
1771406400,1375.2,1375.7,1375.1,1375.5,47785
1771406700,1375.6,1376.8,1375.4,1376.1,79575
1771407000,1376.5,1377.3,1375.8,1377.3,167065
1771407300,1377.3,1377.5,1376.1,1376.5,190746
1771407600,1376.5,1377.7,1376.3,1377.6,160908
1771407900,1377.4,1378.5,1377.3,1377.5,202159
1771408200,1377.3,1377.7,1376.6,1377.5,183930
1771408500,1377.4,1377.5,1374.4,1376.3,175345
1771472700,1381.1,1382.8,1371.2,1371.4,291077
1771473000,1371.5,1372.5,1370.3,1371.5,51632
1771473300,1371.1,1372.8,1369.6,1370.9,45427
1771473600,1371.6,1372.9,1370.5,1372.6,31138
1771473900,1373.8,1374.4,1370.9,1372.0,30018
1771474200,1371.8,1372.6,1370.8,1372.0,22406
1771474500,1372.1,1373.5,1371.3,1372.8,27266
1771474800,1372.4,1372.9,1370.9,1370.9,24338
1771475100,1371.0,1371.8,1368.4,1368.9,30888
1771475400,1368.9,1369.8,1368.1,1369.1,23311
1771475700,1368.5,1369.5,1368.3,1368.4,25353
1771476000,1368.1,1370.5,1367.9,1370.0,21683
1771476300,1369.9,1371.9,1368.8,1370.8,17200
1771476600,1370.8,1371.8,1370.2,1371.2,9800
1771476900,1371.2,1372.6,1370.8,1371.3,25646
1771477200,1371.5,1373.2,1370.5,1372.6,14530
1771477500,1372.6,1373.0,1371.5,1371.5,5853
1771477800,1371.8,1371.9,1369.8,1370.6,17052
1771478100,1370.6,1371.0,1369.9,1370.3,4454
1771478400,1370.3,1373.1,1370.3,1372.5,9275
1771478700,1372.5,1374.2,1371.6,1372.4,16710
1771479000,1372.6,1372.9,1371.6,1372.8,5784
1771479300,1372.2,1374.9,1372.2,1374.6,21147
1771479600,1374.6,1375.0,1374.0,1374.4,18723
1771479900,1374.4,1374.5,1372.9,1374.4,13676
1771480200,1373.8,1374.7,1372.0,1372.7,15191
1771480500,1372.0,1373.0,1371.9,1372.9,21371
1771480800,1372.6,1372.8,1370.5,1370.7,17599
1771481100,1370.9,1372.0,1370.7,1371.5,7464
1771481400,1371.5,1372.0,1371.3,1372.0,8418
1771481700,1371.5,1372.0,1370.5,1370.9,10455
1771482000,1370.5,1371.0,1368.8,1370.3,19953
1771482300,1370.3,1370.9,1369.5,1369.8,12061
1771482600,1369.8,1370.0,1368.1,1368.2,15568
1771482900,1368.2,1369.0,1366.3,1366.6,35263
1771483200,1366.4,1367.0,1365.5,1366.3,28882
1771483500,1366.2,1367.9,1365.0,1367.3,33119
1771483800,1367.7,1368.3,1365.1,1365.5,21457
1771484100,1365.0,1365.5,1364.1,1364.7,19626
1771484400,1364.0,1365.4,1363.8,1364.2,21826
1771484700,1364.0,1364.7,1363.0,1363.0,29403
1771485000,1363.0,1363.5,1361.4,1362.8,36860
1771485300,1362.3,1362.8,1361.0,1362.2,24076
1771485600,1362.1,1364.6,1361.7,1362.9,35003
1771485900,1362.6,1364.0,1362.0,1362.5,22733
1771486200,1362.5,1363.2,1361.9,1362.2,19897
1771486500,1362.2,1365.5,1362.2,1365.5,40582
1771486800,1365.5,1366.2,1364.9,1365.6,72103
1771487100,1365.6,1365.6,1362.5,1363.0,20405
1771487400,1362.9,1363.6,1361.9,1362.1,17766
1771487700,1362.1,1362.4,1360.0,1360.0,29599
1771488000,1360.0,1360.8,1358.0,1359.0,70188
1771488300,1358.8,1359.7,1358.0,1358.9,58443
1771488600,1358.8,1360.0,1358.4,1358.7,34109
1771488900,1359.1,1359.5,1357.3,1358.0,24854
1771489200,1358.0,1358.7,1357.2,1357.6,26537
1771489500,1358.0,1358.4,1356.0,1356.2,21818
1771489800,1356.1,1357.0,1355.6,1356.1,20780
1771490100,1356.5,1358.2,1355.5,1357.8,32177
1771490400,1357.8,1359.7,1357.3,1359.6,28510
1771490700,1359.3,1361.6,1359.3,1360.5,72866
1771491000,1360.5,1360.9,1357.8,1358.7,63896
1771491300,1358.4,1359.5,1358.0,1358.4,26865
1771491600,1358.6,1359.9,1357.8,1358.8,40223
1771491900,1358.8,1359.6,1356.2,1357.6,32339
1771492200,1357.6,1358.3,1355.1,1355.3,41252
1771492500,1355.2,1356.0,1353.0,1355.4,104760
1771492800,1355.8,1356.1,1354.6,1355.4,27005
1771493100,1355.0,1356.9,1354.1,1355.6,40262
1771493400,1356.0,1357.6,1355.2,1357.4,78646
1771493700,1356.9,1358.4,1356.0,1357.3,94460
1771494000,1358.0,1358.6,1356.3,1358.5,62302
1771494300,1358.5,1358.8,1356.6,1357.1,114641
1771494600,1357.2,1357.4,1352.9,1355.6,87370
1771494900,1355.6,1356.4,1351.2,1353.8,86763
1771559100,1351.0,1359.5,1351.0,1357.4,158661
1771559400,1357.7,1359.1,1353.6,1356.1,52947
1771559700,1355.7,1359.5,1354.3,1356.9,57541
1771560000,1357.5,1361.7,1356.7,1359.9,53298
1771560300,1359.9,1361.5,1359.1,1360.1,32372
1771560600,1360.5,1362.5,1358.7,1361.9,49673
1771560900,1361.7,1365.3,1361.2,1364.3,35331
1771561200,1364.4,1365.1,1363.2,1363.2,29423
1771561500,1363.7,1366.3,1362.7,1363.9,32666
1771561800,1364.3,1364.4,1360.5,1360.9,45326
1771562100,1360.9,1361.8,1360.6,1361.4,19314
1771562400,1361.5,1365.0,1361.5,1363.1,29106
1771562700,1363.1,1365.9,1363.1,1364.5,20573
1771563000,1364.5,1366.0,1364.2,1364.2,14874
1771563300,1364.7,1369.0,1364.1,1367.8,57469
1771563600,1367.8,1368.7,1365.5,1367.4,26946
1771563900,1367.6,1368.3,1366.3,1367.1,15852
1771564200,1367.4,1368.8,1367.0,1368.3,16962
1771564500,1368.4,1370.3,1367.8,1370.0,30284
1771564800,1369.6,1371.0,1368.4,1368.9,46620
1771565100,1369.3,1371.3,1368.9,1370.7,22973
1771565400,1370.6,1371.4,1369.2,1369.2,40948
1771565700,1369.7,1370.0,1368.4,1369.5,21932
1771566000,1369.7,1370.0,1368.4,1369.2,18396
1771566300,1369.4,1370.0,1369.2,1369.6,14128
1771566600,1369.6,1372.2,1369.5,1371.7,53782
1771566900,1371.7,1372.0,1370.5,1370.5,24056
1771567200,1370.9,1371.6,1370.2,1371.6,25640
1771567500,1371.6,1371.9,1370.0,1370.0,37145
1771567800,1370.3,1371.4,1370.0,1370.4,39175
1771568100,1370.9,1371.7,1370.0,1370.8,34461
1771568400,1371.3,1372.4,1370.3,1371.3,46262
1771568700,1371.3,1372.5,1370.9,1371.1,41929
1771569000,1371.1,1371.4,1369.4,1369.7,68440
1771569300,1370.0,1370.1,1369.6,1370.0,25649
1771569600,1369.9,1370.0,1369.5,1370.0,13379
1771569900,1370.0,1371.0,1369.6,1370.1,42239
1771570200,1370.4,1372.5,1370.4,1371.9,41485
1771570500,1371.9,1375.8,1371.6,1374.0,65762
1771570800,1374.9,1375.0,1373.1,1373.4,21125
1771571100,1373.9,1374.0,1371.9,1372.6,29624
1771571400,1372.1,1373.5,1370.8,1371.4,25137
1771571700,1371.3,1371.9,1370.0,1370.8,43139
1771572000,1370.5,1371.1,1369.2,1369.8,37558
1771572300,1370.0,1370.0,1367.2,1368.6,25171
1771572600,1368.7,1369.2,1368.5,1368.6,18283
1771572900,1368.8,1368.8,1366.0,1366.7,31581
1771573200,1366.7,1368.8,1365.1,1368.5,27776
1771573500,1368.3,1370.0,1367.1,1370.0,86834
1771573800,1370.0,1375.0,1369.6,1372.5,236472
1771574100,1372.6,1374.8,1371.4,1372.8,44205
1771574400,1372.9,1373.5,1371.9,1372.8,30206
1771574700,1372.8,1374.0,1372.3,1373.4,33917
1771575000,1373.4,1374.0,1371.3,1373.0,36647
1771575300,1373.4,1374.2,1372.6,1373.5,23854
1771575600,1373.5,1375.0,1372.4,1374.1,42359
1771575900,1374.6,1376.5,1374.1,1375.8,38184
1771576200,1375.8,1376.3,1374.6,1374.9,103883
1771576500,1375.2,1375.6,1373.1,1374.6,37401
1771576800,1374.6,1375.3,1374.0,1374.5,35883
1771577100,1374.6,1375.4,1374.1,1374.9,34473
1771577400,1375.2,1375.5,1372.7,1373.5,40824
1771577700,1373.5,1374.3,1372.6,1372.9,43534
1771578000,1372.9,1373.0,1370.4,1371.0,39264
1771578300,1370.8,1372.5,1370.6,1371.2,57948
1771578600,1371.3,1373.3,1370.9,1371.4,51385
1771578900,1372.0,1374.0,1371.4,1373.6,46230
1771579200,1373.5,1373.6,1370.3,1371.5,51973
1771579500,1371.0,1373.0,1371.0,1372.6,34426
1771579800,1372.6,1372.6,1368.2,1369.6,171806
1771580100,1369.6,1369.7,1367.0,1369.2,126245
1771580400,1368.9,1369.3,1366.2,1368.0,144191
1771580700,1368.1,1370.3,1367.2,1368.0,141101
1771581000,1367.9,1370.0,1365.7,1369.0,181462
1771581300,1369.0,1370.0,1367.0,1367.7,103373
1771818300,1380.5,1393.8,1380.2,1387.0,759585
1771818600,1386.6,1397.4,1386.6,1395.4,365327
1771818900,1395.4,1397.6,1394.1,1396.5,113173
1771819200,1396.4,1398.0,1393.7,1395.3,116740
1771819500,1395.3,1397.0,1394.4,1394.9,58009
1771819800,1394.9,1396.6,1393.5,1395.3,52694
1771820100,1395.4,1399.8,1394.1,1399.2,97897
1771820400,1399.2,1402.0,1398.2,1399.8,165663
1771820700,1399.8,1400.0,1397.5,1398.9,56568
1771821000,1398.7,1399.6,1396.1,1397.3,53857
1771821300,1397.4,1398.7,1396.5,1396.8,44329
1771821600,1396.8,1400.0,1396.2,1400.0,39193
1771821900,1400.4,1402.0,1399.2,1401.7,140097
1771822200,1401.4,1401.7,1398.6,1399.1,93398
1771822500,1399.1,1399.5,1398.1,1398.4,35407
1771822800,1398.4,1399.9,1396.1,1397.2,53666
1771823100,1397.2,1398.2,1396.1,1396.6,31609
1771823400,1397.1,1398.1,1394.1,1394.4,149158
1771823700,1394.4,1395.0,1392.6,1393.2,231500
1771824000,1393.8,1396.4,1393.3,1396.2,52265
1771824300,1396.2,1397.2,1395.7,1396.0,39564
1771824600,1396.3,1397.2,1395.8,1397.1,26610
1771824900,1397.0,1397.1,1393.9,1397.0,35102
1771825200,1396.5,1397.3,1395.4,1396.8,33261
1771825500,1396.2,1396.8,1395.7,1396.0,22326
1771825800,1396.0,1396.4,1395.4,1396.2,134830
1771826100,1395.7,1396.5,1394.0,1395.6,47395
1771826400,1395.6,1396.0,1395.0,1395.7,30950
1771826700,1395.2,1395.6,1393.4,1394.1,135884
1771827000,1394.2,1394.3,1390.1,1390.6,89994
1771827300,1390.6,1393.9,1390.1,1391.2,63536
1771827600,1390.7,1391.2,1388.1,1388.8,149300
1771827900,1389.0,1389.0,1387.0,1388.1,48227
1771828200,1387.7,1388.4,1386.4,1387.0,54501
1771828500,1387.0,1387.4,1385.3,1386.0,44016
1771828800,1386.0,1386.0,1381.2,1382.4,142459
1771829100,1382.0,1385.5,1381.5,1384.6,79815
1771829400,1384.5,1385.4,1384.0,1384.8,29921
1771829700,1384.6,1385.7,1384.1,1384.9,51800
1771830000,1384.7,1385.5,1383.1,1385.3,49749
1771830300,1385.3,1387.8,1384.9,1386.9,89168
1771830600,1387.0,1389.0,1386.6,1389.0,66353
1771830900,1389.2,1390.9,1388.1,1388.8,54398
1771831200,1388.7,1389.6,1387.5,1389.3,49068
1771831500,1389.3,1390.0,1387.9,1387.9,45354
1771831800,1388.3,1389.7,1388.0,1388.9,43914
1771832100,1388.9,1390.0,1388.0,1389.7,58573
1771832400,1389.7,1390.0,1386.6,1387.2,52444
1771832700,1387.2,1387.9,1385.5,1387.0,43266
1771833000,1387.3,1387.9,1386.1,1386.8,33949
1771833300,1386.5,1387.6,1386.2,1386.8,29559
1771833600,1387.0,1389.2,1386.5,1387.8,36198
1771833900,1387.8,1389.2,1387.3,1387.3,27801
1771834200,1387.9,1387.9,1385.5,1386.5,50466
1771834500,1386.6,1386.9,1384.1,1384.4,44255
1771834800,1384.6,1385.7,1384.3,1385.0,20110
1771835100,1384.9,1385.9,1384.1,1384.3,26808
1771835400,1384.3,1385.1,1382.1,1383.7,27553
1771835700,1383.7,1384.2,1382.2,1382.6,24807
1771836000,1382.7,1383.5,1381.7,1383.2,21832
1771836300,1382.9,1383.9,1381.5,1382.6,36896
1771836600,1382.8,1383.6,1381.3,1383.4,46590
1771836900,1383.2,1384.3,1381.8,1384.0,31655
1771837200,1383.6,1386.8,1383.1,1385.1,49674
1771837500,1385.1,1385.8,1383.0,1383.0,52046
1771837800,1383.4,1385.1,1382.6,1383.1,39323
1771838100,1383.1,1385.1,1383.1,1384.8,35629
1771838400,1384.8,1386.9,1384.7,1386.2,81178
1771838700,1386.1,1387.0,1385.3,1385.5,154131
1771839000,1385.9,1386.9,1385.6,1386.2,111412
1771839300,1386.2,1386.8,1385.7,1385.7,86270
1771839600,1386.2,1387.0,1385.7,1386.6,103328
1771839900,1386.7,1388.0,1386.4,1386.9,159289
1771840200,1386.8,1387.1,1386.4,1386.7,112748
1771840500,1387.0,1389.0,1382.0,1385.9,146596
1771904700,1398.0,1398.0,1384.2,1388.5,646964
1771905000,1389.0,1390.6,1388.0,1388.6,231409
1771905300,1389.0,1391.1,1387.5,1387.7,131962
1771905600,1388.0,1389.1,1387.5,1387.9,89408
1771905900,1388.4,1391.0,1387.8,1390.3,91236
1771906200,1390.9,1391.3,1389.6,1391.3,49447
1771906500,1391.3,1391.8,1389.4,1391.3,79832
1771906800,1391.0,1391.8,1389.9,1390.8,55313
1771907100,1391.4,1391.6,1390.7,1390.9,50012
1771907400,1391.3,1392.4,1389.1,1390.0,101982
1771907700,1390.0,1390.9,1387.5,1388.0,86572
1771908000,1388.2,1388.7,1385.5,1386.3,101277
1771908300,1386.1,1387.9,1385.6,1386.7,64809
1771908600,1386.7,1388.4,1386.7,1387.9,306996
1771908900,1387.6,1389.0,1387.3,1388.2,41005
1771909200,1388.7,1391.4,1388.0,1389.8,46228
1771909500,1389.8,1390.2,1388.9,1389.6,41348
1771909800,1389.6,1391.4,1388.9,1390.3,51309
1771910100,1390.8,1391.5,1388.9,1389.4,42664
1771910400,1389.4,1391.5,1389.4,1391.3,62517
1771910700,1391.4,1392.2,1391.1,1392.2,73115
1771911000,1391.8,1392.4,1391.8,1392.0,50922
1771911300,1392.0,1394.5,1391.9,1393.4,90182
1771911600,1393.4,1393.8,1392.4,1392.7,70906
1771911900,1392.7,1393.7,1392.3,1393.4,63439
1771912200,1393.4,1393.5,1392.7,1393.0,51639
1771912500,1393.0,1393.4,1391.1,1392.2,52814
1771912800,1392.2,1392.3,1391.2,1391.7,37894
1771913100,1391.9,1394.5,1391.3,1394.2,70221
1771913400,1394.5,1395.7,1393.6,1394.4,53184
1771913700,1394.0,1394.8,1393.5,1394.6,34363
1771914000,1394.6,1394.9,1392.7,1393.3,41228
1771914300,1393.3,1393.9,1392.0,1392.0,47601
1771914600,1392.5,1393.1,1391.5,1393.0,76939
1771914900,1393.0,1394.6,1392.8,1394.1,82318
1771915200,1394.1,1396.1,1393.3,1395.9,56896
1771915500,1395.7,1396.1,1394.0,1394.9,47930
1771915800,1394.5,1394.9,1390.1,1390.4,58067
1771916100,1390.0,1391.4,1389.1,1390.1,70398
1771916400,1390.0,1390.8,1387.0,1388.0,64240
1771916700,1388.3,1389.2,1387.6,1389.1,86562
1771917000,1389.1,1389.3,1386.3,1387.3,94450
1771917300,1387.4,1387.8,1385.3,1386.9,146918
1771917600,1386.9,1387.6,1386.0,1386.8,122280
1771917900,1386.8,1388.8,1386.5,1387.8,66645
1771918200,1388.1,1391.7,1387.1,1391.5,81028
1771918500,1391.5,1391.8,1388.6,1389.5,62356
1771918800,1389.7,1391.1,1388.9,1390.3,70427
1771919100,1389.9,1390.3,1388.5,1389.9,57923
1771919400,1390.0,1390.0,1388.1,1388.7,61321
1771919700,1388.7,1390.8,1387.8,1388.2,63806
1771920000,1388.2,1388.7,1384.9,1385.4,85665
1771920300,1385.6,1388.1,1384.7,1387.9,94663
1771920600,1387.7,1388.2,1385.0,1387.1,69788
1771920900,1386.8,1387.1,1385.2,1386.1,64146
1771921200,1386.1,1387.3,1385.6,1386.6,52416
1771921500,1386.7,1389.4,1386.0,1388.9,129686
1771921800,1388.9,1389.8,1388.1,1388.8,123145
1771922100,1388.8,1389.7,1387.9,1389.5,62888
1771922400,1389.6,1390.9,1388.6,1390.6,70443
1771922700,1390.5,1391.2,1389.5,1390.5,110722
1771923000,1390.5,1390.9,1386.6,1387.4,136183
1771923300,1387.4,1388.2,1386.6,1387.3,64675
1771923600,1387.3,1388.6,1386.9,1387.5,86011
1771923900,1387.9,1390.4,1387.5,1388.1,149587
1771924200,1388.1,1389.9,1387.0,1387.1,108423
1771924500,1386.9,1389.2,1386.3,1388.4,87829
1771924800,1388.8,1390.3,1388.2,1389.8,70474
1771925100,1390.0,1391.6,1389.1,1389.9,195486
1771925400,1390.0,1391.0,1388.4,1389.3,283386
1771925700,1389.3,1389.3,1387.2,1388.2,242025
1771926000,1388.1,1389.1,1386.3,1387.0,321836
1771926300,1387.2,1387.5,1386.8,1387.2,223717
1771926600,1387.1,1387.2,1383.5,1386.0,269702
1771926900,1386.1,1386.3,1383.8,1386.0,206893
1771991100,1394.0,1394.6,1387.6,1389.3,154600
1771991400,1389.3,1390.8,1389.1,1390.8,41022
1771991700,1390.7,1395.0,1390.6,1393.2,70358
1771992000,1393.2,1394.6,1392.7,1394.2,47874
1771992300,1394.2,1397.4,1393.3,1396.3,40322
1771992600,1396.3,1396.6,1393.5,1394.3,23190
1771992900,1394.3,1394.3,1392.7,1393.2,13301
1771993200,1393.2,1393.7,1391.0,1391.7,17897
1771993500,1391.5,1392.9,1391.3,1391.5,12224
1771993800,1391.5,1392.7,1391.4,1392.7,13704
1771994100,1392.6,1394.4,1391.7,1392.4,26632
1771994400,1392.4,1393.1,1390.5,1392.5,16387
1771994700,1392.6,1395.0,1392.3,1393.9,17362
1771995000,1393.9,1394.2,1393.1,1393.7,11498
1771995300,1393.7,1396.0,1393.4,1395.9,26390
1771995600,1395.9,1396.0,1395.0,1395.4,11370
1771995900,1395.4,1396.6,1394.7,1396.6,19264
1771996200,1396.6,1397.0,1395.9,1396.2,23420
1771996500,1395.9,1396.1,1392.2,1393.7,26414
1771996800,1393.5,1395.9,1393.3,1394.4,25127
1771997100,1394.5,1396.2,1393.8,1395.7,274210
1771997400,1395.6,1397.0,1395.4,1395.4,14421
1771997700,1395.5,1395.6,1394.6,1394.8,15142
1771998000,1395.0,1396.8,1394.5,1396.3,16870
1771998300,1396.8,1398.0,1396.3,1397.6,19773
1771998600,1397.7,1399.0,1396.5,1399.0,74302
1771998900,1398.9,1399.5,1398.9,1399.0,20859
1771999200,1399.0,1399.2,1397.8,1398.4,24719
1771999500,1398.5,1398.5,1397.6,1398.0,13339
1771999800,1397.9,1397.9,1396.0,1396.6,25563
1772000100,1397.2,1400.0,1396.8,1398.9,22947
1772000400,1399.3,1399.4,1398.1,1398.6,12530
1772000700,1398.5,1398.6,1396.8,1397.8,15178
1772001000,1397.8,1398.3,1397.0,1397.7,14695
1772001300,1397.7,1399.8,1397.7,1399.8,35710
1772001600,1399.8,1400.0,1398.1,1399.2,36238
1772001900,1399.1,1399.1,1397.6,1398.2,29572
1772002200,1398.1,1398.2,1397.3,1397.5,19789
1772002500,1397.5,1397.9,1397.2,1397.7,19541
1772002800,1397.7,1397.7,1396.2,1397.0,25156
1772003100,1397.1,1397.1,1393.5,1396.3,46772
1772003400,1396.3,1396.8,1395.4,1395.6,146949
1772003700,1395.7,1396.5,1393.7,1393.8,141790
1772004000,1393.7,1395.7,1393.5,1394.7,39459
1772004300,1394.7,1395.6,1394.4,1395.2,30768
1772004600,1395.2,1395.6,1393.0,1394.9,170183
1772004900,1394.9,1395.2,1394.1,1394.4,23200
1772005200,1394.4,1394.6,1394.1,1394.2,23586
1772005500,1394.2,1395.7,1393.4,1395.6,720431
1772005800,1395.5,1396.4,1394.8,1396.3,25018
1772006100,1396.3,1397.9,1395.9,1397.2,28547
1772006400,1397.2,1399.2,1396.9,1398.9,65244
1772006700,1398.8,1400.0,1398.7,1399.4,27142
1772007000,1399.4,1399.5,1398.2,1398.6,25997
1772007300,1399.0,1399.6,1397.5,1399.1,23980
1772007600,1399.1,1400.0,1398.8,1400.0,81559
1772007900,1399.9,1400.8,1398.9,1399.9,129917
1772008200,1400.0,1400.0,1397.4,1398.9,24956
1772008500,1398.9,1399.3,1394.9,1397.0,84426
1772008800,1397.3,1398.8,1397.0,1398.3,22206
1772009100,1398.4,1399.1,1396.8,1398.0,38885
1772009400,1398.0,1398.0,1397.0,1397.9,24064
1772009700,1398.0,1399.1,1396.6,1398.9,34409
1772010000,1399.1,1400.0,1398.5,1399.9,27195
1772010300,1400.0,1400.0,1399.0,1399.5,44078
1772010600,1399.8,1401.9,1398.7,1401.8,97461
1772010900,1401.9,1402.0,1399.0,1399.5,54600
1772011200,1399.5,1399.6,1398.1,1399.6,28078
1772011500,1399.6,1400.1,1398.9,1399.6,37323
1772011800,1400.0,1404.3,1400.0,1403.6,130643
1772012100,1403.6,1404.2,1402.5,1403.4,119213
1772012400,1403.5,1404.0,1403.3,1403.6,116573
1772012700,1403.5,1403.6,1402.5,1402.7,113789
1772013000,1402.7,1402.8,1401.9,1402.2,148697
1772013300,1401.9,1403.6,1400.0,1402.5,92039
1772077500,1403.0,1405.7,1395.4,1395.6,155838
1772077800,1395.6,1397.1,1390.5,1395.7,277087
1772078100,1395.6,1397.9,1395.0,1397.2,44147
1772078400,1397.6,1399.6,1395.0,1395.6,66309
1772078700,1395.8,1398.5,1394.6,1398.5,340601
1772079000,1398.5,1399.5,1396.8,1397.0,40242
1772079300,1397.2,1398.5,1396.5,1397.3,1137219
1772079600,1397.3,1397.9,1396.0,1396.3,26784
1772079900,1396.3,1397.2,1395.6,1396.7,36743
1772080200,1396.7,1397.8,1396.3,1397.5,20883
1772080500,1397.6,1399.5,1397.0,1399.2,35522
1772080800,1399.5,1400.3,1398.6,1400.2,24404
1772081100,1400.4,1402.0,1400.1,1401.8,44568
1772081400,1401.5,1402.1,1400.8,1400.8,28489
1772081700,1401.2,1401.2,1397.6,1397.9,37286
1772082000,1398.0,1398.9,1397.5,1398.0,28561
1772082300,1398.0,1399.3,1397.0,1398.3,134583
1772082600,1398.2,1400.6,1398.0,1399.3,212405
1772082900,1399.3,1399.3,1397.5,1397.8,32599
1772083200,1397.5,1398.2,1397.0,1397.4,33462
1772083500,1397.4,1399.0,1397.0,1397.0,29773
1772083800,1397.4,1397.6,1397.0,1397.1,26836
1772084100,1397.1,1397.7,1396.6,1396.9,52212
1772084400,1397.2,1397.6,1396.5,1397.2,45965
1772084700,1397.0,1397.4,1396.5,1397.3,32669
1772085000,1397.3,1397.5,1396.8,1397.2,20596
1772085300,1397.4,1398.6,1397.2,1398.0,32650
1772085600,1397.9,1398.5,1397.2,1398.5,82264
1772085900,1398.5,1398.7,1397.9,1398.1,29446
1772086200,1398.1,1399.0,1396.9,1398.7,43246
1772086500,1398.7,1402.2,1396.8,1397.2,145157
1772086800,1396.8,1397.9,1396.1,1397.5,146479
1772087100,1397.6,1398.0,1393.8,1397.4,158814
1772087400,1397.4,1398.8,1397.0,1398.2,33003
1772087700,1398.2,1398.4,1395.9,1396.2,46102
1772088000,1396.2,1396.9,1393.9,1396.2,175992
1772088300,1396.2,1396.4,1393.0,1395.1,158408
1772088600,1394.5,1395.2,1391.1,1393.5,427278
1772088900,1393.5,1395.4,1388.9,1389.5,438440
1772089200,1389.5,1390.2,1386.0,1390.1,628895
1772089500,1390.0,1390.2,1388.8,1390.1,57626
1772089800,1390.1,1390.4,1389.2,1390.1,103670
1772090100,1390.1,1393.6,1390.0,1393.6,94878
1772090400,1393.7,1393.7,1391.5,1392.2,51957
1772090700,1392.6,1394.3,1391.9,1394.3,40425
1772091000,1394.2,1398.0,1393.9,1397.2,56214
1772091300,1397.6,1397.6,1394.9,1395.5,22497
1772091600,1395.5,1396.3,1394.9,1395.5,22397
1772091900,1395.5,1395.5,1393.3,1395.3,25802
1772092200,1395.3,1396.5,1394.2,1396.5,31942
1772092500,1396.5,1397.5,1394.2,1394.5,91247
1772092800,1394.6,1394.6,1393.6,1393.6,16544
1772093100,1394.0,1394.7,1393.1,1393.8,20077
1772093400,1394.0,1394.0,1392.3,1392.3,49896
1772093700,1392.5,1393.2,1390.3,1390.3,92822
1772094000,1390.4,1391.1,1389.9,1389.9,88455
1772094300,1390.0,1390.5,1388.1,1388.5,65847
1772094600,1388.5,1390.9,1388.1,1390.5,59092
1772094900,1390.9,1391.8,1390.0,1391.6,77290
1772095200,1391.6,1393.1,1391.4,1392.6,31714
1772095500,1393.0,1393.5,1391.8,1392.9,35364
1772095800,1392.7,1393.7,1391.6,1392.9,50059
1772096100,1392.6,1393.9,1391.9,1393.6,57323
1772096400,1393.9,1397.6,1393.0,1397.2,123326
1772096700,1397.2,1397.9,1395.4,1396.0,58913
1772097000,1395.8,1399.0,1395.8,1397.9,120612
1772097300,1397.9,1398.8,1395.0,1395.3,152782
1772097600,1395.7,1397.7,1395.0,1397.3,137876
1772097900,1397.2,1398.2,1396.3,1397.1,94229
1772098200,1396.6,1398.3,1392.1,1394.6,373386
1772098500,1394.4,1397.5,1393.8,1396.6,272942
1772098800,1396.3,1396.6,1393.6,1395.0,282180
1772099100,1395.2,1396.8,1395.1,1395.1,214082
1772099400,1395.2,1397.3,1395.1,1396.5,208961
1772099700,1396.6,1398.9,1395.0,1395.1,171378
1772163900,1387.0,1395.5,1383.3,1388.0,365089
1772164200,1388.0,1391.8,1387.5,1390.0,89129
1772164500,1390.0,1391.4,1388.0,1388.4,121852
1772164800,1388.2,1389.1,1388.0,1388.5,49290
1772165100,1388.5,1388.5,1386.3,1387.2,36166
1772165400,1387.7,1388.2,1386.1,1387.9,30004
1772165700,1387.3,1389.4,1386.8,1388.7,30594
1772166000,1388.3,1389.9,1387.5,1387.8,40222
1772166300,1387.7,1389.0,1387.1,1387.4,21257
1772166600,1387.1,1387.1,1385.4,1386.5,37143
1772166900,1386.7,1388.4,1386.3,1387.6,19716
1772167200,1387.6,1387.6,1387.0,1387.6,13913
1772167500,1387.3,1387.7,1386.5,1387.5,50423
1772167800,1387.5,1390.2,1387.3,1388.5,23328
1772168100,1388.9,1389.8,1388.5,1388.7,23990
1772168400,1388.7,1390.0,1388.4,1388.9,15493
1772168700,1388.9,1389.0,1387.9,1388.4,15882
1772169000,1388.6,1389.3,1388.0,1389.1,15312
1772169300,1389.3,1390.9,1389.0,1390.0,28989
1772169600,1390.2,1390.3,1386.8,1387.4,23643
1772169900,1387.4,1388.0,1386.2,1387.8,17271
1772170200,1388.0,1388.3,1387.6,1388.0,37786
1772170500,1388.0,1388.0,1387.5,1387.7,22791
1772170800,1387.7,1390.0,1387.0,1389.9,19734
1772171100,1390.0,1390.0,1389.0,1390.0,15626
1772171400,1390.0,1390.0,1388.5,1388.5,15435
1772171700,1389.1,1389.9,1388.0,1389.8,16051
1772172000,1389.8,1389.9,1388.3,1389.0,21733
1772172300,1389.0,1389.5,1388.1,1389.5,18858
1772172600,1389.5,1390.0,1389.0,1389.7,20029
1772172900,1389.7,1392.0,1389.6,1391.9,23318
1772173200,1392.0,1392.1,1390.8,1391.3,19513
1772173500,1391.3,1391.7,1389.6,1391.0,19544
1772173800,1391.1,1391.7,1388.2,1388.5,23292
1772174100,1389.0,1389.0,1386.0,1386.6,35873
1772174400,1385.6,1387.4,1385.5,1385.9,115183
1772174700,1386.0,1387.1,1384.9,1385.4,113358
1772175000,1385.3,1386.5,1384.6,1385.2,42561
1772175300,1385.4,1389.0,1385.4,1387.1,38774
1772175600,1387.1,1388.7,1386.4,1388.1,33116
1772175900,1388.3,1389.8,1388.0,1388.5,56464
1772176200,1388.5,1389.0,1387.9,1388.7,34963
1772176500,1388.8,1389.8,1388.5,1389.1,38131
1772176800,1389.1,1389.8,1388.8,1389.1,36069
1772177100,1389.3,1389.4,1388.3,1388.7,42825
1772177400,1388.9,1389.0,1387.3,1388.4,38528
1772177700,1388.4,1389.4,1388.2,1388.5,33301
1772178000,1388.6,1388.8,1384.3,1384.8,86513
1772178300,1384.8,1384.9,1382.1,1382.3,48693
1772178600,1382.2,1383.4,1382.2,1382.5,55018
1772178900,1382.8,1385.4,1382.4,1385.1,177634
1772179200,1384.9,1385.1,1383.8,1384.3,43656
1772179500,1384.2,1384.2,1382.1,1383.5,35682
1772179800,1383.5,1387.6,1382.7,1386.5,107474
1772180100,1386.3,1388.2,1386.1,1387.9,57525
1772180400,1387.9,1388.2,1386.7,1387.5,69590
1772180700,1387.5,1389.8,1387.0,1389.2,73850
1772181000,1389.4,1389.9,1386.8,1388.0,75528
1772181300,1388.0,1390.4,1387.4,1390.1,59952
1772181600,1390.1,1390.7,1389.1,1390.0,55964
1772181900,1390.0,1391.0,1388.9,1390.1,60008
1772182200,1390.1,1391.0,1389.5,1390.3,61048
1772182500,1390.3,1390.8,1388.7,1389.4,57051
1772182800,1389.2,1390.8,1388.0,1388.3,65541
1772183100,1388.1,1389.3,1388.0,1388.7,66233
1772183400,1388.7,1389.5,1388.3,1388.8,60119
1772183700,1388.7,1389.7,1388.4,1389.5,66440
1772184000,1389.2,1389.6,1388.0,1388.8,70157
1772184300,1388.7,1389.3,1387.3,1387.7,63001
1772184600,1388.4,1388.4,1383.2,1385.4,448254
1772184900,1385.4,1385.4,1381.0,1383.8,455728
1772185200,1383.8,1384.8,1382.3,1383.6,339754
1772185500,1383.6,1385.2,1383.3,1383.6,381468
1772185800,1384.0,1385.5,1382.4,1383.5,377499
1772186100,1383.6,1386.7,1382.7,1384.0,272760
1772423100,1369.1,1384.7,1369.0,1379.2,448398
1772423400,1379.2,1379.7,1374.2,1374.3,158745
1772423700,1374.3,1374.3,1368.1,1370.1,102844
1772424000,1370.2,1372.4,1369.5,1372.2,49282
1772424300,1372.2,1373.1,1369.5,1369.7,38265
1772424600,1369.7,1370.7,1365.5,1366.2,43586
1772424900,1366.1,1368.3,1365.7,1365.7,73930
1772425200,1365.8,1366.6,1362.9,1365.8,89885
1772425500,1365.8,1366.9,1361.4,1363.0,82810
1772425800,1363.2,1363.5,1361.2,1363.2,53077
1772426100,1363.2,1366.4,1362.5,1365.0,34234
1772426400,1365.2,1366.5,1363.8,1365.6,44307
1772426700,1365.4,1368.0,1364.0,1367.0,35383
1772427000,1367.0,1367.0,1364.6,1365.3,25966
1772427300,1365.2,1366.8,1365.0,1365.3,23996
1772427600,1365.3,1366.3,1364.5,1366.1,11935
1772427900,1366.0,1366.4,1363.2,1364.0,22827
1772428200,1364.0,1365.6,1363.2,1364.6,39700
1772428500,1364.5,1367.0,1364.4,1365.3,37479
1772428800,1365.0,1367.0,1365.0,1367.0,25543
1772429100,1367.0,1369.3,1366.9,1367.6,25033
1772429400,1367.5,1370.0,1366.5,1369.7,59817
1772429700,1370.0,1370.0,1369.0,1369.5,65350
1772430000,1368.9,1370.1,1367.6,1369.8,28960
1772430300,1369.3,1370.5,1368.1,1368.6,24027
1772430600,1368.0,1369.9,1367.6,1369.6,14621
1772430900,1369.8,1370.0,1369.1,1370.0,14299
1772431200,1370.0,1370.0,1368.2,1369.1,23228
1772431500,1369.0,1369.9,1368.4,1369.4,27489
1772431800,1369.0,1370.5,1367.8,1370.1,31994
1772432100,1370.5,1371.4,1370.0,1370.0,146474
1772432400,1370.0,1370.9,1368.5,1368.6,54173
1772432700,1368.5,1370.5,1367.5,1370.0,20332
1772433000,1369.9,1371.1,1368.8,1371.1,21383
1772433300,1371.3,1371.8,1370.2,1371.2,18287
1772433600,1370.9,1372.6,1368.8,1369.0,23523
1772433900,1369.1,1370.0,1367.4,1368.4,50479
1772434200,1368.4,1369.5,1367.8,1369.2,13869
1772434500,1369.4,1370.6,1367.7,1369.4,66975
1772434800,1369.5,1370.4,1369.0,1370.0,14879
1772435100,1369.9,1370.8,1366.6,1367.5,41852
1772435400,1367.6,1367.9,1365.0,1365.0,45157
1772435700,1365.0,1366.8,1365.0,1365.6,26795
1772436000,1365.6,1367.7,1365.0,1366.5,34903
1772436300,1366.1,1367.3,1365.2,1366.6,22563
1772436600,1366.3,1366.6,1364.1,1365.6,136143
1772436900,1365.5,1365.6,1362.7,1362.7,22790
1772437200,1362.6,1363.7,1362.3,1363.7,29084
1772437500,1363.7,1365.6,1363.2,1365.2,45947
1772437800,1364.7,1365.9,1364.2,1364.4,22429
1772438100,1364.9,1365.1,1363.8,1365.0,34529
1772438400,1364.8,1366.5,1364.5,1365.0,26179
1772438700,1365.4,1366.5,1364.3,1364.4,29359
1772439000,1364.9,1364.9,1361.7,1364.3,41369
1772439300,1364.5,1365.1,1363.7,1363.9,34876
1772439600,1363.9,1364.0,1360.1,1360.8,50623
1772439900,1360.8,1360.8,1355.1,1355.2,100765
1772440200,1355.7,1362.7,1353.6,1361.1,143194
1772440500,1361.0,1366.0,1360.8,1364.1,77392
1772440800,1364.1,1366.0,1363.0,1363.2,42295
1772441100,1363.2,1364.1,1361.2,1363.7,37258
1772441400,1363.7,1365.0,1362.1,1364.8,31088
1772441700,1364.8,1365.0,1361.5,1363.3,72462
1772442000,1363.4,1365.0,1361.9,1365.0,60982
1772442300,1365.0,1370.3,1364.9,1370.1,206996
1772442600,1370.1,1374.0,1370.1,1372.8,90611
1772442900,1372.8,1373.3,1369.3,1370.7,68692
1772443200,1370.7,1371.6,1369.5,1370.8,30778
1772443500,1370.9,1371.7,1367.2,1368.0,25562
1772443800,1368.0,1372.7,1367.5,1372.5,160618
1772444100,1371.9,1373.4,1370.1,1370.4,247430
1772444400,1371.4,1375.0,1370.3,1374.3,276220
1772444700,1374.4,1376.4,1371.5,1372.7,275823
1772445000,1373.3,1373.5,1369.7,1370.6,144915
1772445300,1370.6,1372.4,1367.1,1367.2,151433
1772595900,1344.5,1355.8,1339.9,1343.3,535564
1772596200,1343.3,1345.6,1341.1,1342.1,112899
1772596500,1342.1,1343.3,1338.0,1338.4,84218
1772596800,1338.4,1340.7,1336.6,1337.0,82142
1772597100,1336.7,1340.6,1335.5,1338.8,77539
1772597400,1338.2,1339.6,1338.2,1339.5,35428
1772597700,1339.6,1341.4,1335.0,1336.0,60646
1772598000,1336.0,1336.6,1334.5,1335.8,35082
1772598300,1335.8,1335.8,1331.5,1332.5,72165
1772598600,1332.4,1336.1,1332.4,1335.6,59553
1772598900,1335.9,1336.0,1334.6,1335.8,23297
1772599200,1335.8,1337.7,1335.0,1337.4,37740
1772599500,1337.5,1337.5,1335.0,1335.4,23453
1772599800,1335.4,1336.4,1333.5,1334.5,41253
1772600100,1334.5,1334.5,1330.0,1330.4,53564
1772600400,1330.2,1331.3,1329.0,1329.4,47863
1772600700,1329.3,1329.4,1327.0,1329.1,73411
1772601000,1329.1,1329.8,1328.5,1329.3,43083
1772601300,1329.3,1331.3,1329.1,1330.9,38344
1772601600,1330.8,1330.9,1328.0,1330.0,41209
1772601900,1330.0,1330.2,1328.3,1330.0,32155
1772602200,1329.9,1332.8,1329.6,1331.9,55480
1772602500,1331.9,1333.2,1331.5,1333.2,39596
1772602800,1333.2,1333.2,1331.4,1332.5,29980
1772603100,1332.5,1332.7,1331.5,1332.0,25147
1772603400,1332.1,1333.1,1331.0,1331.5,51066
1772603700,1331.5,1331.5,1330.1,1330.5,29679
1772604000,1330.4,1331.0,1330.0,1331.0,32727
1772604300,1330.9,1331.8,1330.8,1331.7,40375
1772604600,1331.7,1332.0,1331.4,1332.0,35054
1772604900,1331.9,1332.0,1330.4,1330.9,45031
1772605200,1330.9,1332.3,1330.2,1332.3,58533
1772605500,1332.3,1333.4,1332.2,1333.1,77081
1772605800,1333.1,1334.8,1332.7,1334.3,80355
1772606100,1334.3,1334.7,1333.8,1334.6,58431
1772606400,1334.5,1334.8,1333.5,1333.7,51550
1772606700,1333.9,1334.5,1333.0,1333.5,38303
1772607000,1333.5,1333.7,1331.9,1332.9,53542
1772607300,1332.9,1333.2,1331.4,1332.9,70205
1772607600,1332.9,1333.3,1332.6,1333.2,52802
1772607900,1333.2,1333.5,1332.8,1333.0,43378
1772608200,1333.0,1333.2,1332.3,1333.2,63028
1772608500,1333.2,1333.3,1332.6,1333.2,47254
1772608800,1333.2,1335.0,1333.0,1334.9,70126
1772609100,1334.8,1336.0,1334.8,1335.9,45556
1772609400,1336.0,1336.5,1335.0,1335.9,50796
1772609700,1335.9,1336.5,1335.5,1336.4,33873
1772610000,1336.4,1337.2,1335.8,1336.5,72654
1772610300,1336.5,1337.2,1336.2,1336.9,39293
1772610600,1336.9,1338.1,1336.0,1338.0,46751
1772610900,1338.1,1340.3,1338.1,1339.8,98400
1772611200,1339.4,1339.4,1337.7,1338.0,156608
1772611500,1338.1,1339.0,1337.5,1339.0,43960
1772611800,1339.0,1339.4,1337.9,1339.4,98162
1772612100,1339.4,1339.8,1338.7,1339.0,43440
1772612400,1339.1,1340.0,1339.0,1339.9,71610
1772612700,1339.8,1340.4,1339.0,1340.4,41564
1772613000,1340.5,1342.5,1340.4,1341.3,38379
1772613300,1341.4,1344.1,1340.7,1343.3,38950
1772613600,1343.6,1349.1,1342.6,1349.1,75573
1772613900,1349.0,1354.6,1349.0,1352.7,98811
1772614200,1352.7,1354.0,1350.1,1351.1,83916
1772614500,1351.1,1352.1,1349.6,1350.2,66483
1772614800,1350.1,1352.2,1349.3,1351.1,50112
1772615100,1351.1,1353.5,1349.9,1353.0,103337
1772615400,1353.0,1355.0,1352.5,1354.5,34661
1772615700,1354.5,1357.6,1353.1,1355.8,54504
1772616000,1355.8,1356.6,1354.3,1355.0,42977
1772616300,1355.1,1356.8,1353.9,1354.7,67304
1772616600,1354.9,1356.3,1352.6,1353.2,251710
1772616900,1353.2,1353.6,1350.0,1350.6,186073
1772617200,1350.6,1351.0,1349.0,1350.3,198104
1772617500,1350.3,1350.4,1349.3,1350.1,228074
1772617800,1350.1,1351.2,1348.1,1350.5,221859
1772618100,1350.5,1351.9,1350.0,1350.0,132787
1772682300,1354.9,1355.8,1345.0,1350.8,235184
1772682600,1350.7,1352.2,1346.4,1351.0,80644
1772682900,1351.4,1352.5,1349.3,1350.4,51414
1772683200,1350.5,1350.6,1348.1,1348.1,30480
1772683500,1348.4,1348.4,1346.1,1348.0,44984
1772683800,1347.3,1352.4,1346.9,1352.4,34505
1772684100,1352.4,1354.6,1352.4,1354.1,28235
1772684400,1354.0,1354.2,1351.2,1352.8,25935
1772684700,1352.9,1353.1,1350.9,1351.3,18403
1772685000,1351.0,1352.4,1350.7,1350.7,20104
1772685300,1351.0,1351.7,1350.0,1351.3,27850
1772685600,1351.0,1351.0,1347.3,1347.7,109834
1772685900,1347.2,1347.7,1344.3,1344.5,33883
1772686200,1344.6,1345.0,1343.0,1344.3,42438
1772686500,1344.3,1345.0,1341.9,1344.8,64437
1772686800,1344.8,1345.7,1343.3,1343.9,50136
1772687100,1343.7,1345.8,1342.4,1345.0,47919
1772687400,1345.0,1346.4,1344.7,1345.0,132391
1772687700,1345.5,1346.8,1344.6,1345.7,30732
1772688000,1345.2,1347.7,1345.0,1346.1,42599
1772688300,1346.8,1347.4,1344.5,1345.6,194297
1772688600,1345.6,1346.0,1344.1,1345.7,25700
1772688900,1345.6,1348.7,1344.6,1348.1,284227
1772689200,1348.1,1350.0,1347.7,1349.0,67005
1772689500,1348.8,1351.6,1348.1,1351.0,45483
1772689800,1351.2,1351.4,1349.2,1349.7,32188
1772690100,1349.7,1350.7,1348.1,1348.3,20648
1772690400,1348.4,1349.2,1347.0,1348.7,19568
1772690700,1348.8,1350.0,1347.2,1349.9,38205
1772691000,1349.8,1349.8,1346.7,1347.8,14442
1772691300,1347.9,1347.9,1345.0,1346.2,16192
1772691600,1346.2,1347.2,1345.1,1347.0,22652
1772691900,1347.0,1347.4,1345.0,1345.0,18667
1772692200,1345.1,1346.3,1344.5,1345.5,42707
1772692500,1345.6,1346.1,1343.8,1344.9,82023
1772692800,1344.9,1347.5,1344.9,1347.2,20557
1772693100,1347.2,1347.3,1345.0,1345.7,30497
1772693400,1345.2,1346.8,1345.0,1345.8,76599
1772693700,1345.7,1345.7,1344.3,1344.8,62590
1772694000,1344.8,1346.9,1344.2,1346.4,25188
1772694300,1346.3,1346.3,1345.0,1345.8,7010
1772694600,1345.7,1345.8,1344.9,1344.9,9567
1772694900,1344.8,1344.9,1342.4,1343.4,33384
1772695200,1343.3,1345.9,1342.9,1345.8,14202
1772695500,1345.9,1346.3,1345.2,1346.0,14650
1772695800,1346.0,1347.0,1344.7,1344.8,14380
1772696100,1345.2,1347.0,1344.7,1346.4,20643
1772696400,1346.5,1348.2,1346.1,1347.3,27316
1772696700,1347.3,1347.4,1345.5,1345.9,18249
1772697000,1346.0,1347.2,1345.9,1347.2,18466
1772697300,1347.1,1348.2,1346.1,1348.2,20358
1772697600,1348.2,1348.3,1343.0,1343.4,31765
1772697900,1343.8,1343.9,1341.2,1341.8,32316
1772698200,1341.7,1342.1,1340.0,1341.2,32682
1772698500,1341.2,1341.5,1339.7,1341.1,17343
1772698800,1341.4,1341.5,1338.6,1339.3,18899
1772699100,1339.5,1339.6,1335.9,1337.3,234035
1772699400,1337.4,1339.3,1337.0,1339.0,48081
1772699700,1339.2,1339.7,1338.0,1338.0,30855
1772700000,1338.2,1338.7,1337.2,1337.7,17907
1772700300,1338.0,1339.5,1336.6,1337.0,51856
1772700600,1337.1,1340.3,1336.9,1340.3,170965
1772700900,1339.7,1340.5,1337.7,1339.6,82892
1772701200,1339.9,1340.0,1335.9,1336.1,83737
1772701500,1335.9,1338.9,1335.3,1338.3,126844
1772701800,1338.2,1342.2,1337.8,1340.5,134311
1772702100,1340.5,1344.2,1340.2,1343.6,165864
1772702400,1343.7,1354.1,1343.3,1352.6,388565
1772702700,1352.5,1355.0,1350.9,1354.8,203496
1772703000,1355.0,1355.0,1349.3,1351.8,488005
1772703300,1351.6,1353.1,1351.1,1352.1,265687
1772703600,1352.2,1352.2,1344.4,1344.7,217864
1772703900,1344.5,1347.5,1342.1,1345.6,246622
1772704200,1345.5,1346.7,1344.3,1345.1,205908
1772704500,1345.5,1349.4,1344.8,1349.4,217672
1772768700,1347.0,1347.9,1336.5,1343.5,177403
1772769000,1343.3,1343.5,1340.8,1340.9,85044
1772769300,1341.2,1341.7,1335.8,1336.7,108923
1772769600,1336.5,1336.5,1333.0,1333.0,87246
1772769900,1333.2,1336.9,1331.4,1334.1,54447
1772770200,1334.4,1338.0,1333.4,1337.3,53506
1772770500,1337.2,1340.7,1332.9,1332.9,276270
1772770800,1333.0,1333.4,1328.5,1329.0,273257
1772771100,1329.1,1329.1,1324.0,1324.6,230431
1772771400,1324.6,1325.0,1320.0,1320.8,282425
1772771700,1320.8,1324.8,1320.2,1324.0,148965
1772772000,1324.0,1324.2,1321.4,1321.4,316621
1772772300,1321.3,1323.8,1321.0,1323.7,49831
1772772600,1323.8,1324.0,1321.5,1322.2,22399
1772772900,1322.2,1322.7,1320.1,1321.0,34672
1772773200,1321.0,1321.1,1318.5,1318.9,145708
1772773500,1318.9,1322.7,1318.2,1319.3,303721
1772773800,1319.2,1323.0,1318.8,1322.6,513748
1772774100,1322.3,1324.3,1322.3,1323.0,121509
1772774400,1323.0,1325.8,1322.5,1324.4,96411
1772774700,1324.5,1324.6,1323.1,1323.4,57939
1772775000,1323.1,1325.0,1321.6,1323.2,132432
1772775300,1323.2,1324.0,1322.2,1323.0,42922
1772775600,1323.0,1323.0,1321.0,1321.4,26199
1772775900,1321.4,1322.4,1320.4,1322.0,32506
1772776200,1322.1,1323.5,1322.1,1322.8,27990
1772776500,1322.7,1322.7,1321.2,1322.4,29289
1772776800,1322.3,1323.0,1321.8,1322.7,21864
1772777100,1322.6,1322.8,1320.4,1320.7,31042
1772777400,1320.6,1323.0,1319.8,1322.3,50941
1772777700,1322.2,1322.8,1321.6,1321.8,172487
1772778000,1321.8,1326.0,1321.6,1325.0,257689
1772778300,1325.0,1326.4,1324.1,1325.6,1148632
1772778600,1325.6,1325.6,1323.9,1324.5,61804
1772778900,1324.6,1327.1,1324.1,1326.1,133400
1772779200,1326.3,1329.0,1325.5,1326.8,1569635
1772779500,1327.0,1328.7,1326.3,1328.0,39670
1772779800,1328.0,1328.3,1326.1,1326.9,35522
1772780100,1326.9,1327.0,1324.6,1324.8,67561
1772780400,1324.8,1328.2,1324.8,1328.2,46973
1772780700,1328.3,1328.3,1325.9,1326.0,49166
1772781000,1326.1,1327.1,1325.4,1326.5,93615
1772781300,1326.2,1327.0,1325.9,1326.0,72645
1772781600,1326.0,1326.5,1325.4,1325.7,69742
1772781900,1325.7,1326.6,1325.2,1325.9,95360
1772782200,1325.9,1327.0,1325.7,1326.7,161524
1772782500,1326.6,1326.7,1325.1,1325.2,27745
1772782800,1325.2,1327.0,1325.0,1326.9,27968
1772783100,1326.9,1328.5,1325.6,1328.0,1086122
1772783400,1328.0,1330.4,1327.9,1328.3,53710
1772783700,1328.3,1329.1,1327.5,1328.0,88114
1772784000,1328.0,1328.8,1327.6,1328.0,37781
1772784300,1328.0,1331.0,1327.0,1328.8,99252
1772784600,1328.8,1329.4,1327.8,1327.8,157497
1772784900,1328.4,1328.4,1326.5,1327.1,99309
1772785200,1327.1,1328.5,1326.3,1327.2,68038
1772785500,1327.2,1328.9,1327.1,1328.7,34883
1772785800,1328.8,1329.0,1325.5,1325.7,32894
1772786100,1325.8,1327.2,1325.5,1327.2,36633
1772786400,1327.1,1328.5,1326.0,1326.0,70195
1772786700,1326.0,1327.7,1326.0,1327.2,34274
1772787000,1327.4,1327.4,1326.0,1326.6,59747
1772787300,1326.6,1327.0,1325.2,1325.5,69642
1772787600,1325.5,1326.4,1324.7,1325.7,43849
1772787900,1325.6,1325.7,1322.4,1323.4,71613
1772788200,1323.4,1324.2,1321.2,1322.0,85101
1772788500,1322.0,1323.9,1317.2,1319.3,161838
1772788800,1318.6,1323.0,1318.6,1321.8,36721
1772789100,1322.0,1322.5,1319.9,1320.7,43315
1772789400,1320.7,1321.0,1316.8,1317.4,120023
1772789700,1317.4,1318.0,1314.4,1316.7,173395
1772790000,1316.4,1317.6,1313.9,1316.2,195780
1772790300,1316.2,1316.6,1313.6,1313.9,199969
1772790600,1314.1,1316.3,1313.5,1315.7,280582
1772790900,1315.7,1319.7,1314.1,1314.9,188640
1773027900,1282.2,1287.4,1268.2,1270.7,520106
1773028200,1271.3,1273.0,1267.1,1268.9,207780
1773028500,1268.9,1268.9,1261.5,1263.8,229643
1773028800,1263.8,1267.4,1261.0,1263.9,306863
1773029100,1264.0,1265.7,1260.8,1262.6,275417
1773029400,1262.5,1268.0,1260.8,1265.0,206419
1773029700,1265.0,1266.2,1261.0,1265.8,101343
1773030000,1265.8,1269.3,1265.5,1266.4,72751
1773030300,1266.0,1266.9,1264.3,1264.4,55149
1773030600,1264.4,1266.2,1263.7,1265.2,45021
1773030900,1265.2,1272.4,1265.0,1271.5,141799
1773031200,1271.3,1273.5,1270.0,1272.6,122441
1773031500,1272.6,1272.7,1269.2,1269.8,144545
1773031800,1270.1,1271.7,1268.4,1270.3,178552
1773032100,1270.2,1271.0,1269.3,1270.5,42609
1773032400,1270.5,1270.7,1267.0,1268.3,142657
1773032700,1267.8,1272.0,1266.5,1270.0,533805
1773033000,1270.0,1270.0,1267.0,1267.5,35653
1773033300,1267.5,1267.9,1265.5,1267.0,28887
1773033600,1267.0,1274.7,1266.2,1273.7,86625
1773033900,1273.4,1277.5,1271.7,1277.3,71375
1773034200,1277.3,1277.5,1273.7,1276.5,42499
1773034500,1276.5,1276.7,1272.0,1272.0,39767
1773034800,1272.0,1272.7,1269.8,1270.5,35515
1773035100,1270.5,1270.5,1268.2,1269.6,33367
1773035400,1269.6,1275.0,1269.1,1273.7,62929
1773035700,1273.7,1276.0,1272.5,1274.8,41122
1773036000,1274.8,1277.2,1273.4,1273.9,86014
1773036300,1273.9,1277.1,1273.8,1276.4,42581
1773036600,1276.4,1279.0,1275.5,1276.2,65899
1773036900,1276.2,1277.6,1275.0,1276.8,29114
1773037200,1276.9,1277.6,1275.1,1277.6,36068
1773037500,1277.7,1278.9,1277.0,1278.9,83038
1773037800,1279.4,1279.5,1276.5,1278.7,120149
1773038100,1278.7,1279.0,1276.5,1276.9,46707
1773038400,1276.9,1279.4,1276.4,1277.0,46289
1773038700,1277.2,1279.4,1276.9,1277.1,64412
1773039000,1277.4,1278.6,1276.6,1278.3,49470
1773039300,1278.3,1279.0,1277.4,1278.6,46827
1773039600,1278.6,1281.5,1278.6,1280.2,44551
1773039900,1280.3,1283.0,1279.6,1282.3,55716
1773040200,1282.3,1283.5,1280.0,1281.7,90224
1773040500,1281.8,1283.7,1281.6,1282.0,51646
1773040800,1282.2,1284.0,1281.9,1283.6,95435
1773041100,1283.6,1284.7,1282.8,1283.1,28982
1773041400,1283.2,1284.7,1282.5,1283.4,55914
1773041700,1283.6,1283.7,1280.0,1280.2,80310
1773042000,1280.3,1281.0,1279.3,1280.4,46973
1773042300,1280.4,1280.9,1279.8,1280.9,27024
1773042600,1281.0,1282.7,1280.0,1280.0,58138
1773042900,1280.4,1282.0,1279.0,1280.9,110298
1773043200,1281.1,1285.5,1280.9,1283.7,241638
1773043500,1283.6,1283.9,1282.0,1282.5,48484
1773043800,1282.5,1283.8,1281.2,1282.7,30379
1773044100,1282.6,1283.3,1281.0,1281.2,27069
1773044400,1281.3,1282.9,1280.7,1282.0,21966
1773044700,1282.3,1282.7,1280.8,1281.1,21712
1773045000,1281.1,1281.2,1280.1,1280.2,24789
1773045300,1280.6,1281.9,1280.3,1281.4,25784
1773045600,1281.2,1283.0,1281.2,1282.1,47605
1773045900,1282.4,1282.9,1281.0,1281.5,113425
1773046200,1281.3,1283.8,1281.1,1282.2,55058
1773046500,1282.4,1283.0,1281.5,1281.8,65307
1773046800,1281.8,1282.7,1281.0,1281.6,30196
1773047100,1281.7,1283.0,1281.2,1283.0,40445
1773047400,1283.0,1284.5,1282.4,1282.7,109937
1773047700,1282.8,1286.2,1281.7,1285.1,284071
1773048000,1285.0,1287.7,1284.4,1287.2,299598
1773048300,1287.0,1287.9,1285.3,1286.1,80126
1773048600,1286.0,1288.9,1283.1,1288.0,169090
1773048900,1288.1,1290.0,1287.2,1289.1,350433
1773049200,1289.0,1290.6,1288.2,1289.2,84025
1773049500,1289.2,1289.8,1287.7,1289.1,85509
1773049800,1289.1,1290.0,1289.0,1289.3,164415
1773050100,1289.4,1291.0,1286.2,1287.0,179365
1773114300,1295.2,1298.5,1284.6,1292.1,315460
1773114600,1292.1,1293.4,1286.8,1286.8,108642
1773114900,1287.3,1289.3,1285.3,1288.5,89131
1773115200,1288.5,1295.1,1288.5,1294.2,140578
1773115500,1294.2,1295.0,1290.8,1291.9,76842
1773115800,1291.5,1295.1,1291.1,1295.1,58131
1773116100,1295.1,1297.1,1293.1,1293.5,73849
1773116400,1293.3,1295.5,1291.0,1295.4,67198
1773116700,1295.7,1296.0,1292.5,1294.1,44527
1773117000,1293.4,1296.9,1293.4,1295.8,96929
1773117300,1295.8,1300.0,1295.0,1299.8,119881
1773117600,1299.2,1302.6,1298.1,1301.9,65302
1773117900,1301.8,1306.9,1301.6,1305.3,126507
1773118200,1305.3,1306.0,1303.0,1305.0,66334
1773118500,1305.0,1305.5,1303.6,1304.4,17514
1773118800,1304.5,1307.3,1303.9,1306.5,55547
1773119100,1306.5,1308.0,1306.2,1306.7,40269
1773119400,1306.1,1310.6,1305.8,1307.7,51692
1773119700,1307.8,1309.0,1306.1,1307.5,34182
1773120000,1307.4,1309.6,1306.2,1306.8,40295
1773120300,1306.6,1307.0,1304.6,1305.9,38460
1773120600,1305.5,1308.4,1304.1,1308.0,65760
1773120900,1307.9,1310.3,1306.9,1310.3,60876
1773121200,1310.0,1311.6,1309.0,1309.8,189324
1773121500,1309.5,1313.6,1309.3,1310.7,221157
1773121800,1311.0,1313.0,1309.8,1312.5,56030
1773122100,1312.5,1314.4,1311.9,1313.4,36015
1773122400,1313.2,1314.6,1312.5,1313.2,39294
1773122700,1313.2,1316.9,1313.0,1316.0,56702
1773123000,1315.9,1317.0,1315.0,1315.5,34574
1773123300,1315.5,1318.4,1313.1,1313.6,82900
1773123600,1313.1,1315.2,1312.6,1313.1,51477
1773123900,1313.2,1315.6,1313.2,1314.2,36637
1773124200,1314.4,1314.5,1312.5,1313.5,39201
1773124500,1313.5,1316.0,1311.0,1311.5,73953
1773124800,1311.5,1313.2,1310.5,1311.0,57191
1773125100,1311.1,1311.8,1310.0,1311.0,60104
1773125400,1311.0,1311.4,1306.5,1307.4,40254
1773125700,1307.5,1308.0,1305.7,1307.0,33495
1773126000,1306.7,1307.5,1305.6,1305.8,44603
1773126300,1306.0,1308.9,1305.2,1307.5,38377
1773126600,1307.4,1309.0,1307.0,1307.3,30549
1773126900,1307.3,1310.0,1306.9,1309.2,31623
1773127200,1309.2,1312.0,1309.0,1311.0,36666
1773127500,1311.0,1313.5,1310.6,1311.8,36275
1773127800,1311.8,1313.6,1310.4,1311.6,114198
1773128100,1311.6,1311.8,1309.4,1310.1,57916
1773128400,1309.4,1313.0,1309.4,1312.8,61151
1773128700,1312.8,1313.3,1311.7,1312.3,47452
1773129000,1312.3,1312.8,1309.5,1310.4,52295
1773129300,1310.7,1312.0,1310.1,1312.0,41438
1773129600,1312.0,1314.0,1311.3,1312.6,44400
1773129900,1312.6,1314.0,1310.7,1313.1,66871
1773130200,1312.6,1313.7,1311.3,1312.0,33724
1773130500,1311.7,1312.0,1310.4,1311.7,41538
1773130800,1311.2,1313.0,1311.1,1311.9,47216
1773131100,1312.2,1313.0,1311.3,1311.6,48854
1773131400,1311.9,1312.9,1310.3,1312.9,47634
1773131700,1313.0,1315.2,1311.5,1314.8,65046
1773132000,1314.9,1317.0,1314.4,1316.7,87819
1773132300,1316.6,1317.0,1313.5,1314.1,65640
1773132600,1314.1,1315.4,1312.3,1312.7,74449
1773132900,1312.7,1313.8,1312.0,1313.2,49779
1773133200,1313.4,1313.7,1308.4,1309.2,60318
1773133500,1309.2,1311.5,1308.8,1309.0,52012
1773133800,1308.9,1309.6,1307.1,1309.1,104008
1773134100,1309.2,1312.9,1308.0,1312.2,130370
1773134400,1312.3,1315.4,1310.6,1313.7,185849
1773134700,1312.9,1313.1,1310.1,1312.6,171920
1773135000,1312.3,1315.5,1310.8,1314.0,494293
1773135300,1313.8,1316.2,1313.0,1315.4,128100
1773135600,1315.6,1317.1,1314.8,1315.3,214915
1773135900,1315.1,1317.0,1314.8,1315.7,155691
1773136200,1315.9,1318.8,1314.8,1317.2,205988
1773136500,1317.2,1319.5,1316.1,1318.1,128211
1773200700,1310.0,1317.5,1307.3,1308.5,128127
1773201000,1308.5,1309.0,1304.0,1304.4,42780
1773201300,1304.0,1304.2,1301.4,1303.6,38287
1773201600,1304.0,1304.0,1302.0,1303.4,29002
1773201900,1303.4,1304.8,1302.0,1304.3,43741
1773202200,1304.2,1306.1,1302.0,1302.0,59592
1773202500,1302.1,1303.3,1300.1,1302.6,59460
1773202800,1302.6,1302.8,1298.5,1299.0,57100
1773203100,1298.9,1299.3,1296.7,1298.6,69649
1773203400,1298.5,1299.1,1297.0,1298.0,47090
1773203700,1298.0,1298.1,1296.4,1297.0,38646
1773204000,1297.0,1297.0,1295.0,1295.1,38289
1773204300,1295.0,1295.3,1293.3,1293.8,45021
1773204600,1293.8,1294.3,1291.0,1291.6,130431
1773204900,1291.6,1291.8,1289.3,1290.1,50741
1773205200,1290.2,1290.9,1287.6,1287.8,70142
1773205500,1287.9,1288.4,1285.2,1285.8,81005
1773205800,1285.8,1287.0,1285.0,1285.0,67965
1773206100,1285.0,1285.8,1284.0,1285.6,46268
1773206400,1285.4,1287.0,1284.8,1285.5,56568
1773206700,1285.3,1288.1,1285.0,1288.0,65028
1773207000,1288.0,1290.5,1287.1,1289.9,104809
1773207300,1289.8,1291.3,1289.5,1290.0,283525
1773207600,1290.1,1290.1,1285.2,1285.4,140700
1773207900,1285.5,1285.8,1283.0,1283.5,42301
1773208200,1283.4,1283.4,1280.1,1280.3,49534
1773208500,1280.4,1281.9,1279.5,1280.0,130656
1773208800,1279.8,1280.9,1276.8,1277.7,129715
1773209100,1277.3,1277.5,1275.7,1276.2,61113
1773209400,1276.1,1279.0,1273.8,1277.0,115615
1773209700,1277.0,1277.0,1274.6,1274.9,91499
1773210000,1275.1,1277.1,1274.6,1275.8,48791
1773210300,1275.7,1276.0,1275.0,1275.7,49469
1773210600,1275.8,1277.3,1275.0,1275.7,44669
1773210900,1275.9,1275.9,1272.4,1274.4,95486
1773211200,1274.4,1275.6,1273.8,1274.6,50882
1773211500,1274.5,1275.6,1274.1,1275.6,21888
1773211800,1275.6,1277.9,1274.6,1277.3,35884
1773212100,1277.2,1278.6,1275.6,1276.8,96109
1773212400,1276.8,1277.7,1274.8,1275.2,40593
1773212700,1275.2,1275.7,1274.6,1275.0,33180
1773213000,1275.0,1276.2,1274.1,1275.8,37726
1773213300,1275.8,1275.8,1274.1,1274.8,31318
1773213600,1274.8,1275.5,1273.7,1274.2,76611
1773213900,1274.2,1274.3,1271.1,1271.9,98494
1773214200,1271.7,1272.5,1268.8,1269.2,161563
1773214500,1269.0,1269.7,1268.6,1269.1,75570
1773214800,1269.1,1269.2,1266.2,1267.0,96496
1773215100,1267.0,1267.1,1265.5,1266.4,93920
1773215400,1266.8,1269.4,1266.1,1268.6,58382
1773215700,1268.6,1270.8,1268.0,1270.8,113534
1773216000,1270.8,1273.0,1269.0,1269.6,110187
1773216300,1269.6,1270.0,1268.6,1269.2,128293
1773216600,1269.1,1269.5,1266.8,1267.6,146244
1773216900,1267.6,1267.8,1264.1,1265.3,190158
1773217200,1265.2,1267.0,1265.0,1266.8,67419
1773217500,1266.8,1267.8,1265.5,1267.8,60719
1773217800,1267.8,1267.8,1266.5,1267.5,33154
1773218100,1267.5,1267.5,1265.7,1265.8,44040
1773218400,1265.7,1267.3,1265.5,1266.9,46452
1773218700,1266.9,1267.2,1265.0,1265.9,53691
1773219000,1266.0,1266.5,1263.6,1264.2,203410
1773219300,1263.7,1268.6,1263.5,1268.2,104452
1773219600,1268.5,1268.5,1263.7,1263.7,107726
1773219900,1264.2,1264.9,1262.1,1263.5,105835
1773220200,1263.2,1264.9,1261.6,1263.7,135091
1773220500,1263.8,1265.0,1263.1,1264.4,63089
1773220800,1264.5,1265.0,1262.7,1263.7,95825
1773221100,1263.4,1263.8,1260.0,1260.7,81351
1773221400,1260.5,1262.1,1258.1,1258.2,150562
1773221700,1258.8,1259.7,1256.0,1257.6,160128
1773222000,1257.7,1257.7,1253.3,1254.2,197691
1773222300,1254.5,1256.5,1252.8,1255.6,424707
1773222600,1255.0,1255.5,1252.8,1254.5,174033
1773222900,1253.5,1257.0,1252.7,1253.9,188083
1773287100,1243.2,1244.0,1236.0,1240.0,388172
1773287400,1240.0,1245.8,1238.5,1245.8,424197
1773287700,1246.0,1246.7,1241.9,1245.7,170231
1773288000,1246.5,1246.8,1242.9,1243.5,137901
1773288300,1243.3,1243.3,1239.5,1240.0,131197
1773288600,1239.8,1241.5,1239.3,1239.9,155782
1773288900,1240.1,1242.0,1239.6,1240.3,150473
1773289200,1240.1,1240.3,1239.3,1240.0,68617
1773289500,1240.3,1248.6,1239.7,1248.5,106837
1773289800,1248.4,1250.0,1246.5,1247.4,94850
1773290100,1247.0,1247.4,1243.6,1245.9,823020
1773290400,1245.9,1247.8,1245.0,1245.8,63601
1773290700,1245.6,1247.0,1244.0,1246.5,84711
1773291000,1246.5,1247.9,1243.3,1244.2,61009
1773291300,1244.7,1248.0,1244.5,1246.5,50950
1773291600,1246.5,1246.9,1243.1,1245.4,40429
1773291900,1245.4,1248.7,1244.4,1247.9,50132
1773292200,1247.6,1248.0,1244.5,1245.0,73521
1773292500,1245.4,1245.8,1244.0,1244.5,36074
1773292800,1244.5,1246.3,1243.4,1245.0,59436
1773293100,1245.2,1247.5,1243.7,1246.9,46114
1773293400,1246.9,1247.7,1246.0,1247.0,42009
1773293700,1247.0,1248.0,1243.3,1243.9,62119
1773294000,1244.0,1245.0,1241.1,1241.5,42786
1773294300,1241.1,1242.2,1239.0,1240.3,54455
1773294600,1240.3,1240.3,1237.0,1239.3,44154
1773294900,1239.0,1239.0,1237.3,1238.7,29571
1773295200,1238.8,1238.8,1235.5,1237.7,79136
1773295500,1237.8,1239.5,1237.1,1238.7,31114
1773295800,1238.8,1239.8,1237.9,1238.9,24586
1773296100,1238.9,1239.7,1235.8,1236.0,73550
1773296400,1236.2,1238.0,1234.5,1237.2,146816
1773296700,1237.4,1239.9,1237.2,1239.0,43532
1773297000,1239.0,1240.0,1238.5,1239.2,37417
1773297300,1239.2,1239.4,1237.6,1238.3,29231
1773297600,1238.2,1241.7,1237.1,1241.4,204102
1773297900,1241.6,1241.6,1239.7,1239.9,41721
1773298200,1240.0,1244.3,1239.9,1242.7,78038
1773298500,1242.8,1244.4,1241.7,1242.4,47934
1773298800,1242.4,1243.2,1240.1,1240.9,53707
1773299100,1240.8,1242.4,1239.9,1240.4,60995
1773299400,1240.5,1241.0,1238.6,1239.2,41911
1773299700,1239.0,1240.0,1237.6,1237.6,30854
1773300000,1237.8,1238.6,1237.2,1237.4,32523
1773300300,1237.4,1238.5,1236.5,1237.3,35057
1773300600,1237.4,1238.1,1236.1,1237.4,33569
1773300900,1237.5,1237.5,1235.2,1236.4,76883
1773301200,1236.4,1239.4,1235.0,1238.8,150041
1773301500,1239.0,1239.0,1237.0,1237.5,51774
1773301800,1237.6,1240.9,1236.9,1240.6,69092
1773302100,1240.6,1244.7,1239.6,1242.8,82576
1773302400,1242.8,1246.0,1242.4,1245.6,171676
1773302700,1245.6,1248.2,1244.7,1248.2,82764
1773303000,1249.0,1251.1,1245.7,1246.4,82208
1773303300,1246.5,1247.6,1245.5,1246.0,60316
1773303600,1246.2,1247.1,1244.3,1245.1,54922
1773303900,1245.2,1245.2,1242.2,1242.4,54009
1773304200,1242.7,1245.3,1242.0,1245.1,48725
1773304500,1245.1,1246.7,1242.3,1243.0,134990
1773304800,1243.0,1245.7,1241.4,1245.2,168036
1773305100,1245.2,1245.5,1242.6,1244.3,192846
1773305400,1244.3,1245.8,1243.8,1244.1,140773
1773305700,1244.2,1244.9,1242.1,1242.2,81508
1773306000,1242.1,1243.7,1241.0,1242.7,67290
1773306300,1242.7,1242.9,1240.9,1241.7,147291
1773306600,1241.6,1241.7,1237.5,1238.3,98917
1773306900,1238.5,1239.4,1236.5,1236.9,113779
1773307200,1236.9,1236.9,1232.1,1235.4,288843
1773307500,1235.4,1238.3,1234.4,1237.1,135430
1773307800,1237.1,1237.5,1233.0,1237.0,493323
1773308100,1237.0,1238.0,1234.2,1235.4,470982
1773308400,1235.0,1236.5,1232.0,1232.4,463441
1773308700,1232.9,1236.2,1231.8,1234.8,416847
1773309000,1234.5,1234.9,1233.0,1233.7,350182
1773309300,1233.7,1237.0,1232.1,1234.9,265159
1773373500,1224.0,1234.5,1222.9,1226.0,396177
1773373800,1226.0,1228.6,1224.6,1225.6,142803
1773374100,1225.9,1229.5,1224.8,1226.6,144701
1773374400,1226.6,1227.1,1224.8,1225.4,62447
1773374700,1225.5,1225.9,1222.7,1223.4,61171
1773375000,1222.9,1224.1,1222.1,1223.4,65249
1773375300,1223.3,1224.2,1220.3,1221.1,90788
1773375600,1221.2,1221.2,1219.0,1220.2,235121
1773375900,1220.3,1222.4,1218.6,1218.9,266850
1773376200,1219.0,1219.9,1217.6,1218.5,102996
1773376500,1218.4,1218.7,1214.2,1215.0,265610
1773376800,1215.1,1216.0,1214.3,1215.0,57541
1773377100,1215.0,1216.1,1213.1,1213.6,73623
1773377400,1213.8,1214.3,1212.5,1213.1,62024
1773377700,1213.1,1214.3,1212.0,1214.2,47489
1773378000,1214.2,1215.0,1212.2,1212.5,62031
1773378300,1212.1,1214.5,1211.2,1213.8,72178
1773378600,1213.8,1213.9,1211.5,1212.2,45442
1773378900,1212.2,1212.4,1209.4,1210.1,70866
1773379200,1210.0,1214.4,1210.0,1213.5,61348
1773379500,1213.2,1213.7,1211.6,1212.2,65306
1773379800,1212.3,1212.4,1210.0,1211.1,93987
1773380100,1210.9,1211.7,1209.5,1210.0,90132
1773380400,1210.0,1210.7,1209.0,1209.2,92236
1773380700,1209.2,1210.8,1208.1,1208.2,167411
1773381000,1208.2,1208.7,1206.1,1206.2,82608
1773381300,1206.5,1209.7,1206.0,1209.3,94126
1773381600,1209.2,1210.6,1208.2,1209.2,90141
1773381900,1209.0,1209.8,1207.2,1208.5,84938
1773382200,1208.6,1208.6,1206.5,1207.0,80472
1773382500,1207.0,1207.8,1205.6,1206.6,77829
1773382800,1206.7,1208.9,1206.3,1206.6,242244
1773383100,1206.5,1206.6,1202.8,1203.5,137666
1773383400,1203.5,1203.5,1200.9,1202.4,207631
1773383700,1202.4,1204.0,1201.7,1203.1,143612
1773384000,1203.1,1204.1,1202.2,1202.8,161601
1773384300,1202.8,1203.3,1200.5,1202.1,175107
1773384600,1202.4,1203.6,1199.8,1200.3,140802
1773384900,1200.4,1202.9,1199.7,1202.1,131861
1773385200,1202.2,1202.4,1198.6,1199.6,80454
1773385500,1199.5,1199.8,1196.8,1197.8,96191
1773385800,1197.7,1198.0,1196.0,1197.3,90156
1773386100,1197.3,1198.8,1196.3,1197.4,103372
1773386400,1197.5,1200.0,1196.9,1200.0,146748
1773386700,1200.0,1206.0,1199.5,1203.8,178210
1773387000,1203.6,1204.1,1201.2,1201.6,68779
1773387300,1201.6,1202.5,1200.1,1200.7,68971
1773387600,1200.8,1201.0,1198.4,1199.2,65852
1773387900,1199.2,1200.7,1198.8,1200.2,48412
1773388200,1200.1,1200.7,1197.3,1197.4,57005
1773388500,1197.5,1200.4,1197.3,1200.0,59045
1773388800,1200.0,1200.9,1198.0,1198.3,50243
1773389100,1197.8,1198.4,1196.5,1197.2,46323
1773389400,1197.2,1197.8,1196.0,1197.2,47696
1773389700,1197.2,1197.9,1196.5,1197.1,60750
1773390000,1196.8,1197.2,1194.3,1195.9,113617
1773390300,1195.9,1196.7,1194.5,1194.5,64952
1773390600,1194.5,1198.7,1194.5,1198.4,74335
1773390900,1198.2,1200.0,1197.8,1198.5,97816
1773391200,1199.1,1200.6,1198.3,1200.0,117849
1773391500,1199.8,1202.0,1198.4,1201.9,121280
1773391800,1201.9,1203.0,1199.6,1200.0,151339
1773392100,1199.6,1200.9,1198.6,1199.0,114719
1773392400,1199.0,1204.3,1198.9,1203.0,236754
1773392700,1203.1,1203.1,1200.0,1200.5,151489
1773393000,1200.0,1201.8,1200.0,1200.8,135571
1773393300,1200.7,1201.7,1199.2,1199.6,136166
1773393600,1199.8,1201.1,1198.3,1198.4,152565
1773393900,1198.7,1199.8,1197.0,1198.3,128197
1773394200,1198.6,1200.0,1197.4,1197.7,229452
1773394500,1197.7,1198.1,1196.2,1197.0,209025
1773394800,1196.9,1198.0,1195.7,1197.0,241811
1773395100,1197.0,1197.8,1195.9,1197.5,189312
1773395400,1196.9,1198.4,1195.8,1196.6,250856
1773395700,1196.4,1199.1,1196.1,1199.1,142966
1773632700,1199.2,1204.2,1195.1,1197.1,319591
1773633000,1197.8,1199.9,1194.0,1194.5,126872
1773633300,1195.1,1196.0,1191.1,1191.1,89258
1773633600,1191.2,1198.1,1191.2,1197.8,77944
1773633900,1197.6,1199.2,1195.2,1196.0,70743
1773634200,1196.0,1199.8,1195.0,1196.5,99457
1773634500,1196.7,1198.2,1196.3,1197.2,160406
1773634800,1197.2,1197.3,1192.8,1193.0,104719
1773635100,1193.0,1193.7,1190.1,1190.8,91714
1773635400,1190.8,1194.8,1189.6,1194.8,188134
1773635700,1194.8,1196.4,1192.0,1192.4,53827
1773636000,1192.4,1193.3,1188.6,1189.9,115402
1773636300,1190.2,1190.2,1188.0,1189.8,151833
1773636600,1189.8,1189.8,1187.0,1188.0,55438
1773636900,1187.7,1188.0,1185.4,1185.8,46664
1773637200,1186.1,1188.6,1185.7,1187.2,75102
1773637500,1187.6,1188.3,1186.0,1186.1,57468
1773637800,1186.5,1186.5,1184.0,1184.8,52698
1773638100,1184.8,1185.4,1182.1,1182.7,52583
1773638400,1182.4,1183.1,1181.0,1181.5,48577
1773638700,1181.5,1183.1,1180.1,1182.6,109974
1773639000,1182.9,1184.1,1180.5,1183.8,95821
1773639300,1183.3,1185.6,1183.3,1185.3,115194
1773639600,1185.2,1188.6,1185.0,1188.4,99509
1773639900,1188.4,1193.6,1187.7,1192.9,153645
1773640200,1192.9,1195.0,1191.5,1194.5,72641
1773640500,1194.4,1195.2,1192.7,1193.9,58994
1773640800,1193.8,1198.4,1193.4,1198.3,135964
1773641100,1198.3,1199.9,1197.3,1198.3,82024
1773641400,1198.3,1200.7,1197.2,1200.2,221610
1773641700,1200.1,1201.8,1200.0,1200.6,119420
1773642000,1200.6,1200.9,1200.0,1200.7,22109
1773642300,1200.6,1201.4,1200.0,1201.3,47225
1773642600,1201.2,1202.7,1201.2,1202.0,61806
1773642900,1202.2,1202.8,1201.6,1202.6,22763
1773643200,1202.6,1203.7,1201.5,1202.4,39900
1773643500,1202.5,1202.5,1201.3,1202.2,45390
1773643800,1202.1,1202.4,1201.4,1202.1,25031
1773644100,1202.1,1203.4,1201.6,1202.9,30634
1773644400,1202.9,1202.9,1199.1,1200.0,33457
1773644700,1200.0,1200.7,1197.9,1199.1,68483
1773645000,1199.1,1200.7,1198.1,1200.7,156691
1773645300,1200.7,1200.8,1196.6,1198.0,180923
1773645600,1198.0,1198.6,1197.6,1198.1,33344
1773645900,1198.1,1198.2,1197.6,1198.1,21350
1773646200,1198.0,1199.9,1197.6,1198.6,67968
1773646500,1198.7,1200.2,1197.5,1199.3,63848
1773646800,1199.3,1199.4,1197.0,1197.6,46612
1773647100,1197.6,1199.1,1197.6,1198.7,57602
1773647400,1198.6,1200.0,1198.4,1199.2,55702
1773647700,1199.3,1199.8,1197.9,1198.3,62610
1773648000,1198.4,1199.2,1197.5,1198.3,24289
1773648300,1198.2,1199.7,1197.8,1199.6,75799
1773648600,1199.6,1201.8,1199.0,1199.0,35835
1773648900,1199.1,1199.1,1197.2,1198.1,60176
1773649200,1198.2,1199.5,1197.4,1199.0,29011
1773649500,1198.7,1199.5,1198.0,1199.3,20708
1773649800,1199.3,1199.4,1198.1,1198.7,21480
1773650100,1198.8,1199.5,1198.4,1199.5,16989
1773650400,1199.5,1202.0,1199.4,1201.4,48652
1773650700,1201.5,1207.2,1201.1,1206.9,100456
1773651000,1207.0,1211.9,1206.7,1211.1,304433
1773651300,1211.5,1213.9,1208.8,1211.2,358125
1773651600,1211.5,1214.3,1209.6,1213.3,300012
1773651900,1213.4,1216.5,1212.3,1215.4,310074
1773652200,1215.5,1218.9,1214.4,1216.4,376123
1773652500,1216.3,1219.5,1215.3,1218.7,262175
1773652800,1218.8,1219.9,1216.6,1217.1,282661
1773653100,1217.3,1218.1,1215.1,1216.7,270607
1773653400,1217.0,1217.2,1212.1,1212.7,319553
1773653700,1212.5,1218.0,1212.5,1217.7,261653
1773654000,1217.9,1219.7,1215.6,1216.5,274457
1773654300,1216.4,1216.8,1211.3,1211.8,176300
1773654600,1212.0,1212.9,1211.3,1211.4,181299
1773654900,1211.0,1214.5,1210.8,1214.0,147228
1773719100,1219.7,1222.7,1214.0,1215.6,205640
1773719400,1215.6,1218.0,1212.0,1214.6,116938
1773719700,1214.7,1214.7,1210.0,1213.4,73309
1773720000,1213.5,1214.9,1212.0,1212.1,29246
1773720300,1212.1,1216.0,1211.9,1216.0,34139
1773720600,1215.8,1217.0,1214.0,1214.9,34222
1773720900,1215.1,1215.9,1213.2,1215.7,23272
1773721200,1215.6,1215.6,1213.0,1214.1,30917
1773721500,1214.1,1216.0,1212.7,1215.1,32886
1773721800,1215.1,1217.0,1214.8,1216.5,31875
1773722100,1216.3,1219.6,1215.5,1219.2,37139
1773722400,1219.2,1219.3,1216.3,1217.9,33277
1773722700,1217.9,1221.3,1217.9,1220.7,30538
1773723000,1221.0,1226.4,1220.2,1223.7,58176
1773723300,1223.7,1224.9,1221.0,1221.0,70668
1773723600,1221.0,1221.5,1216.1,1217.1,63925
1773723900,1216.4,1220.4,1216.1,1220.4,22879
1773724200,1220.4,1222.0,1218.8,1221.7,31085
1773724500,1221.4,1224.9,1221.4,1224.2,45787
1773724800,1224.8,1227.5,1224.7,1226.6,48854
1773725100,1226.6,1228.4,1225.9,1225.9,49659
1773725400,1225.7,1226.0,1224.4,1225.3,43538
1773725700,1225.2,1226.7,1223.1,1223.7,28787
1773726000,1223.7,1225.2,1221.5,1221.7,23950
1773726300,1222.1,1222.3,1219.7,1219.7,33625
1773726600,1220.0,1220.8,1217.4,1218.3,43861
1773726900,1218.3,1220.0,1216.8,1219.8,62127
1773727200,1219.8,1220.9,1217.5,1218.3,173852
1773727500,1218.3,1220.3,1217.6,1219.6,67954
1773727800,1219.6,1222.6,1219.5,1221.5,44108
1773728100,1221.5,1222.1,1220.1,1220.5,47131
1773728400,1220.3,1223.6,1220.0,1221.9,112097
1773728700,1221.8,1222.1,1219.7,1221.9,28320
1773729000,1221.9,1222.9,1220.5,1222.2,30017
1773729300,1222.2,1224.4,1221.8,1223.0,32453
1773729600,1223.0,1224.5,1222.5,1223.3,24703
1773729900,1223.2,1223.9,1220.0,1220.0,31377
1773730200,1220.2,1222.1,1220.0,1220.0,22963
1773730500,1220.0,1222.0,1220.0,1221.9,26492
1773730800,1221.9,1222.0,1220.1,1221.6,26938
1773731100,1221.8,1222.5,1220.9,1221.9,22351
1773731400,1221.8,1224.7,1221.5,1224.6,41198
1773731700,1224.5,1226.5,1224.3,1226.2,63335
1773732000,1226.3,1226.7,1224.0,1224.9,39570
1773732300,1224.9,1226.5,1224.1,1226.0,30325
1773732600,1225.6,1229.5,1224.8,1225.8,119803
1773732900,1225.9,1228.9,1225.1,1228.9,48675
1773733200,1228.9,1231.6,1228.7,1230.5,63885
1773733500,1230.5,1231.4,1229.3,1230.4,62132
1773733800,1230.6,1231.5,1229.5,1230.0,56868
1773734100,1230.0,1230.8,1228.4,1228.7,125278
1773734400,1228.8,1231.4,1228.0,1228.8,69329
1773734700,1228.8,1229.1,1226.5,1226.7,94951
1773735000,1226.7,1227.7,1226.0,1226.3,108682
1773735300,1226.4,1228.0,1226.2,1227.9,47425
1773735600,1227.9,1228.8,1227.1,1227.1,45663
1773735900,1227.0,1227.8,1224.4,1225.1,92306
1773736200,1225.1,1226.5,1224.4,1226.0,54435
1773736500,1226.0,1227.0,1224.4,1227.0,50853
1773736800,1227.0,1228.9,1225.4,1225.9,68374
1773737100,1225.9,1226.4,1223.2,1224.1,52348
1773737400,1224.3,1224.8,1222.3,1222.8,81718
1773737700,1222.8,1224.2,1221.2,1223.2,49517
1773738000,1223.4,1225.5,1223.4,1225.1,43662
1773738300,1225.1,1226.2,1224.0,1225.8,63039
1773738600,1225.9,1226.6,1223.6,1223.9,46217
1773738900,1223.9,1225.1,1222.1,1223.7,99287
1773739200,1224.0,1226.2,1223.4,1225.9,256417
1773739500,1225.9,1230.5,1225.0,1230.5,324817
1773739800,1230.0,1230.4,1225.8,1226.8,250852
1773740100,1226.7,1227.4,1225.5,1226.7,283995
1773740400,1226.7,1231.9,1226.0,1231.7,312034
1773740700,1231.9,1232.3,1228.0,1228.7,234358
1773741000,1228.5,1229.5,1228.0,1228.3,130375
1773741300,1228.3,1229.5,1226.1,1228.0,123376
1773805500,1228.0,1239.6,1224.2,1239.3,220764
1773805800,1239.2,1244.1,1238.3,1242.1,219170
1773806100,1241.7,1245.6,1240.7,1245.3,175944
1773806400,1245.5,1248.7,1244.8,1247.8,128676
1773806700,1247.4,1247.8,1244.6,1245.5,158626
1773807000,1245.5,1246.5,1245.0,1245.5,73739
1773807300,1245.6,1245.9,1243.2,1245.6,92449
1773807600,1245.6,1246.8,1242.5,1243.5,60309
1773807900,1243.6,1245.0,1241.5,1243.0,81151
1773808200,1242.8,1243.4,1241.4,1241.6,79437
1773808500,1241.6,1243.0,1240.5,1240.7,85092
1773808800,1240.5,1242.6,1240.1,1242.5,58249
1773809100,1242.5,1246.8,1242.4,1246.8,47167
1773809400,1246.8,1249.4,1245.6,1248.4,85092
1773809700,1248.4,1249.6,1244.2,1244.6,90949
1773810000,1244.6,1246.7,1244.5,1246.2,45671
1773810300,1245.6,1246.5,1244.0,1244.1,44238
1773810600,1244.1,1245.6,1243.5,1244.3,82576
1773810900,1244.1,1245.5,1243.9,1245.4,45423
1773811200,1245.4,1246.4,1244.6,1246.0,33151
1773811500,1246.4,1247.3,1245.2,1245.7,55815
1773811800,1245.7,1246.5,1245.0,1246.4,35438
1773812100,1246.3,1246.3,1244.6,1245.0,33036
1773812400,1245.1,1247.7,1244.0,1247.4,77105
1773812700,1247.3,1247.4,1245.0,1246.0,55102
1773813000,1246.0,1246.8,1245.3,1246.3,40816
1773813300,1246.3,1248.0,1245.0,1247.0,50598
1773813600,1247.1,1248.9,1246.1,1248.9,65348
1773813900,1248.9,1251.6,1247.5,1251.2,75854
1773814200,1251.0,1252.6,1250.6,1251.2,34130
1773814500,1251.3,1251.5,1249.3,1250.1,29728
1773814800,1249.9,1250.9,1249.1,1250.9,41845
1773815100,1250.9,1251.5,1249.7,1250.2,31165
1773815400,1250.3,1250.5,1249.3,1249.5,32820
1773815700,1249.7,1251.2,1249.0,1250.3,38066
1773816000,1250.3,1251.8,1249.9,1250.9,48082
1773816300,1250.8,1251.6,1249.9,1251.5,31968
1773816600,1251.5,1252.5,1250.1,1251.7,99423
1773816900,1251.6,1251.6,1248.9,1249.8,82307
1773817200,1249.8,1251.3,1249.7,1250.3,35187
1773817500,1250.2,1250.5,1248.0,1249.0,43671
1773817800,1249.1,1249.5,1247.4,1247.5,65389
1773818100,1247.8,1248.0,1246.5,1248.0,91677
1773818400,1248.0,1248.7,1247.1,1248.5,54935
1773818700,1248.5,1249.8,1248.2,1248.4,65401
1773819000,1248.4,1250.9,1247.5,1249.9,59723
1773819300,1249.9,1251.0,1249.0,1250.6,286161
1773819600,1250.5,1255.0,1250.1,1254.7,109070
1773819900,1254.7,1256.8,1253.1,1253.7,162995
1773820200,1253.7,1256.7,1253.3,1256.7,116155
1773820500,1256.7,1257.8,1255.9,1257.3,48983
1773820800,1257.4,1258.4,1255.7,1258.1,87515
1773821100,1257.9,1258.2,1255.0,1255.5,38815
1773821400,1255.6,1256.6,1254.9,1256.5,43943
1773821700,1256.5,1256.6,1255.0,1255.7,39851
1773822000,1255.8,1256.5,1255.2,1256.1,47372
1773822300,1256.0,1258.6,1256.0,1258.1,192267
1773822600,1258.1,1259.3,1255.7,1257.0,143449
1773822900,1256.9,1257.3,1254.1,1255.4,64904
1773823200,1255.4,1256.3,1253.3,1254.4,56792
1773823500,1254.3,1254.9,1253.0,1254.3,44849
1773823800,1254.3,1257.4,1254.0,1257.2,69409
1773824100,1257.0,1260.0,1256.4,1257.6,61713
1773824400,1257.7,1258.0,1254.2,1254.4,97652
1773824700,1254.7,1254.9,1252.6,1252.9,42398
1773825000,1253.1,1255.2,1252.1,1252.8,78619
1773825300,1252.8,1255.4,1252.5,1255.1,49073
1773825600,1254.8,1255.2,1252.6,1252.9,52201
1773825900,1253.5,1254.2,1251.6,1252.9,49624
1773826200,1253.0,1255.7,1251.0,1255.1,142943
1773826500,1255.1,1255.8,1254.0,1254.6,133021
1773826800,1254.7,1255.2,1253.7,1254.0,95366
1773827100,1254.1,1254.1,1251.2,1251.7,117688
1773827400,1251.7,1252.3,1249.9,1251.5,152069
1773827700,1251.4,1253.3,1249.0,1250.9,93390
1773891900,1221.0,1241.5,1208.7,1213.9,1151253
1773892200,1213.8,1219.6,1213.0,1219.2,415508
1773892500,1218.8,1222.3,1217.1,1218.5,378411
1773892800,1218.5,1219.3,1216.5,1217.7,204877
1773893100,1217.9,1223.0,1216.7,1219.7,496221
1773893400,1219.9,1220.9,1216.6,1217.5,321279
1773893700,1217.5,1218.0,1211.4,1211.7,203851
1773894000,1211.5,1213.1,1209.2,1210.1,306607
1773894300,1210.1,1211.8,1210.0,1211.1,39121
1773894600,1210.8,1213.0,1210.2,1212.8,31667
1773894900,1212.7,1214.9,1212.3,1213.3,38958
1773895200,1213.4,1213.4,1211.0,1212.2,48531
1773895500,1212.0,1212.0,1209.7,1210.6,69150
1773895800,1210.2,1212.6,1210.0,1212.2,53048
1773896100,1212.4,1214.5,1211.6,1212.8,53311
1773896400,1212.7,1217.4,1212.7,1216.4,83286
1773896700,1216.4,1219.5,1216.1,1219.0,79006
1773897000,1219.4,1221.0,1218.6,1220.4,43425
1773897300,1220.5,1220.8,1217.2,1217.2,42530
1773897600,1217.6,1219.2,1216.6,1218.5,42310
1773897900,1218.0,1220.7,1217.7,1218.0,52898
1773898200,1217.9,1218.9,1217.1,1218.6,24806
1773898500,1218.6,1218.6,1216.2,1216.5,43609
1773898800,1216.5,1218.9,1214.3,1215.0,220268
1773899100,1214.5,1215.1,1213.0,1214.9,38660
1773899400,1214.9,1217.4,1214.5,1217.0,36669
1773899700,1216.8,1216.8,1214.0,1215.0,20419
1773900000,1216.2,1216.2,1214.4,1216.0,76682
1773900300,1215.8,1216.9,1215.3,1216.4,42683
1773900600,1216.4,1220.0,1215.7,1219.7,82824
1773900900,1219.7,1220.4,1218.0,1219.5,74221
1773901200,1219.7,1220.4,1218.9,1220.0,66050
1773901500,1220.0,1220.1,1218.2,1219.0,17927
1773901800,1219.3,1222.4,1218.6,1221.9,47452
1773902100,1221.9,1223.6,1221.0,1222.4,28916
1773902400,1222.5,1224.9,1222.2,1224.7,30918
1773902700,1224.7,1225.4,1223.4,1224.2,45908
1773903000,1224.1,1224.6,1222.5,1223.3,24690
1773903300,1223.3,1224.2,1222.4,1223.5,44180
1773903600,1223.6,1224.6,1222.0,1223.1,20202
1773903900,1223.1,1224.1,1222.6,1222.9,34656
1773904200,1222.6,1223.2,1220.0,1220.3,39841
1773904500,1220.1,1223.6,1219.8,1223.3,33737
1773904800,1223.3,1224.8,1222.5,1224.8,42099
1773905100,1224.5,1225.0,1223.3,1223.7,23404
1773905400,1223.7,1224.2,1220.8,1221.5,30988
1773905700,1221.5,1223.0,1221.0,1222.3,29404
1773906000,1222.4,1224.2,1220.2,1221.4,58773
1773906300,1221.0,1222.9,1220.8,1222.5,34594
1773906600,1222.6,1224.0,1221.7,1222.4,42664
1773906900,1222.4,1223.3,1220.0,1220.4,35868
1773907200,1220.4,1222.0,1218.4,1218.4,52227
1773907500,1218.4,1219.6,1218.1,1219.0,33848
1773907800,1219.1,1219.4,1215.1,1215.4,39863
1773908100,1215.4,1215.8,1211.2,1212.7,118635
1773908400,1212.7,1215.6,1212.4,1215.6,232168
1773908700,1215.5,1216.0,1213.3,1214.6,61246
1773909000,1214.2,1215.5,1211.4,1212.6,60707
1773909300,1212.9,1214.0,1211.4,1213.1,32061
1773909600,1213.0,1213.6,1210.0,1210.8,65338
1773909900,1211.0,1212.2,1209.8,1210.6,42377
1773910200,1210.3,1212.0,1209.1,1211.4,44397
1773910500,1211.2,1211.5,1209.5,1210.0,52328
1773910800,1209.7,1211.8,1209.6,1211.0,32673
1773911100,1211.0,1211.3,1208.0,1209.0,82262
1773911400,1209.0,1210.6,1207.0,1210.1,99542
1773911700,1210.1,1211.7,1206.9,1208.1,102675
1773912000,1207.8,1209.8,1207.2,1208.0,58135
1773912300,1208.0,1208.4,1202.0,1202.8,174022
1773912600,1202.4,1208.3,1202.1,1207.1,268846
1773912900,1207.2,1207.7,1203.1,1204.1,181468
1773913200,1203.9,1206.0,1203.0,1204.2,289648
1773913500,1204.3,1209.6,1203.9,1209.0,184353
1773913800,1208.6,1215.3,1208.6,1212.6,248551
1773914100,1212.6,1213.6,1207.7,1209.1,87989
1773978300,1208.6,1225.0,1206.7,1225.0,291461
1773978600,1224.9,1226.0,1219.7,1223.4,319411
1773978900,1223.5,1224.5,1221.4,1221.7,82965
1773979200,1221.7,1231.1,1221.1,1230.6,223891
1773979500,1230.9,1231.8,1225.0,1225.5,135633
1773979800,1225.5,1226.7,1223.9,1223.9,73952
1773980100,1224.2,1224.9,1221.6,1223.4,67349
1773980400,1223.8,1224.3,1220.7,1221.5,37984
1773980700,1221.4,1224.0,1221.4,1223.0,45274
1773981000,1223.1,1223.4,1220.7,1222.0,41686
1773981300,1222.5,1223.3,1218.8,1220.6,54536
1773981600,1220.8,1221.7,1219.0,1219.2,64587
1773981900,1219.3,1219.9,1215.3,1217.2,64797
1773982200,1217.3,1219.6,1215.0,1219.2,63236
1773982500,1218.9,1220.1,1217.4,1219.1,168082
1773982800,1219.1,1221.3,1218.8,1220.6,77581
1773983100,1220.5,1220.9,1219.2,1220.4,34483
1773983400,1220.9,1222.6,1220.2,1222.2,55337
1773983700,1222.4,1223.0,1220.2,1221.2,40890
1773984000,1221.4,1222.3,1220.5,1221.4,56504
1773984300,1221.4,1222.2,1218.6,1219.5,57688
1773984600,1219.6,1220.8,1217.0,1217.7,50037
1773984900,1217.8,1219.8,1217.2,1218.8,39762
1773985200,1218.8,1218.9,1216.0,1217.4,82672
1773985500,1217.3,1221.0,1217.2,1219.2,49109
1773985800,1219.3,1222.6,1219.3,1221.0,45576
1773986100,1221.0,1221.9,1219.1,1219.4,33559
1773986400,1219.7,1220.4,1218.0,1218.1,43482
1773986700,1218.1,1219.2,1216.9,1217.1,39863
1773987000,1217.2,1218.1,1214.9,1215.7,52722
1773987300,1215.8,1216.8,1215.1,1216.6,43598
1773987600,1216.9,1218.2,1214.2,1217.5,47670
1773987900,1217.6,1217.7,1214.8,1215.6,38044
1773988200,1215.5,1216.3,1212.6,1212.8,53097
1773988500,1213.0,1214.1,1211.1,1211.6,37642
1773988800,1211.7,1212.8,1210.7,1212.5,51386
1773989100,1212.7,1212.7,1209.3,1209.8,72685
1773989400,1209.8,1210.4,1206.4,1207.0,67956
1773989700,1207.0,1207.3,1204.0,1205.1,176205
1773990000,1205.1,1207.6,1201.7,1207.2,105967
1773990300,1207.2,1208.3,1206.8,1207.7,48674
1773990600,1207.7,1210.6,1207.5,1210.1,120005
1773990900,1210.1,1211.4,1208.7,1210.1,77677
1773991200,1210.2,1211.3,1208.7,1210.3,68085
1773991500,1210.2,1212.7,1209.6,1209.6,72954
1773991800,1209.8,1210.9,1209.2,1210.6,80630
1773992100,1210.6,1212.8,1210.5,1212.0,93339
1773992400,1211.7,1212.2,1209.2,1209.8,50857
1773992700,1210.0,1212.5,1209.8,1210.8,58522
1773993000,1210.9,1212.3,1209.7,1210.9,48575
1773993300,1211.0,1213.2,1209.9,1210.9,54303
1773993600,1211.0,1212.2,1210.1,1210.4,62280
1773993900,1210.4,1211.8,1209.3,1210.4,74275
1773994200,1210.7,1210.7,1208.0,1208.1,86101
1773994500,1208.2,1208.2,1206.6,1207.0,61860
1773994800,1207.0,1208.4,1206.3,1207.7,59594
1773995100,1207.8,1209.5,1205.4,1205.5,83500
1773995400,1205.6,1208.5,1205.0,1208.3,81735
1773995700,1208.6,1209.3,1206.6,1207.4,59068
1773996000,1207.4,1207.9,1205.6,1206.0,51049
1773996300,1206.3,1206.6,1204.7,1206.0,101019
1773996600,1206.2,1206.5,1203.1,1204.2,59637
1773996900,1204.3,1204.5,1202.2,1203.2,50484
1773997200,1203.2,1205.3,1202.7,1204.8,64158
1773997500,1204.8,1205.2,1201.7,1203.7,84277
1773997800,1203.8,1203.9,1200.4,1200.7,71579
1773998100,1200.6,1203.2,1200.1,1202.3,81474
1773998400,1202.4,1202.7,1200.2,1201.1,75761
1773998700,1201.2,1201.7,1199.7,1200.6,66293
1773999000,1200.3,1207.5,1200.0,1205.6,469802
1773999300,1205.6,1206.2,1203.8,1204.4,407077
1773999600,1204.5,1204.7,1200.9,1201.4,401761
1773999900,1201.5,1203.4,1200.7,1202.9,365198
1774000200,1202.9,1206.0,1202.9,1205.0,318969
1774000500,1205.0,1206.7,1204.4,1205.7,290818
1774237500,1181.0,1183.9,1172.2,1179.9,317469
1774237800,1179.9,1182.0,1178.0,1180.7,91895
1774238100,1180.3,1182.9,1179.2,1182.7,65998
1774238400,1182.6,1183.2,1179.0,1179.1,76536
1774238700,1179.3,1185.0,1179.0,1182.6,99779
1774239000,1182.1,1185.1,1181.7,1183.2,39481
1774239300,1183.0,1183.0,1178.5,1179.7,69646
1774239600,1180.3,1180.8,1178.3,1178.9,53599
1774239900,1178.9,1180.1,1176.6,1178.2,53695
1774240200,1178.2,1181.3,1177.4,1180.7,45194
1774240500,1180.7,1183.8,1180.4,1182.3,39409
1774240800,1182.3,1183.1,1181.2,1182.0,75133
1774241100,1181.8,1182.7,1179.9,1180.5,67226
1774241400,1180.4,1180.9,1177.9,1178.3,78484
1774241700,1178.3,1179.2,1177.9,1178.2,49293
1774242000,1178.0,1180.0,1177.6,1178.7,57700
1774242300,1178.7,1180.5,1178.3,1178.5,146858
1774242600,1178.5,1178.6,1174.6,1175.0,145499
1774242900,1174.9,1175.7,1173.9,1175.6,80540
1774243200,1175.6,1175.6,1172.8,1174.3,28981
1774243500,1174.3,1176.0,1173.4,1174.9,42062
1774243800,1175.0,1175.0,1172.9,1174.8,27273
1774244100,1174.8,1176.6,1173.3,1175.0,72430
1774244400,1175.0,1176.3,1174.1,1175.4,28000
1774244700,1175.1,1176.4,1174.1,1175.8,28160
1774245000,1175.5,1178.4,1175.4,1176.9,113283
1774245300,1178.3,1179.0,1176.7,1178.9,76164
1774245600,1178.9,1181.6,1177.5,1178.9,40352
1774245900,1179.0,1179.9,1177.6,1179.8,19257
1774246200,1179.8,1181.8,1178.1,1179.1,19369
1774246500,1178.9,1180.5,1178.4,1180.5,17547
1774246800,1180.1,1182.0,1179.2,1180.6,26493
1774247100,1180.9,1182.0,1180.0,1181.7,30697
1774247400,1181.8,1183.2,1181.0,1182.1,30393
1774247700,1182.1,1182.1,1180.3,1182.0,32660
1774248000,1182.2,1182.2,1179.1,1179.2,27858
1774248300,1179.2,1179.9,1177.8,1179.7,66558
1774248600,1179.6,1179.8,1176.4,1176.9,37924
1774248900,1176.9,1180.0,1176.4,1179.6,57667
1774249200,1179.8,1180.1,1178.0,1178.5,80076
1774249500,1178.4,1180.2,1177.1,1178.1,128753
1774249800,1178.2,1179.3,1177.2,1178.3,63342
1774250100,1178.3,1179.2,1176.7,1177.7,39419
1774250400,1177.8,1178.0,1173.3,1173.7,52747
1774250700,1173.8,1173.9,1172.0,1173.3,62009
1774251000,1172.9,1174.6,1172.2,1173.1,87083
1774251300,1173.4,1174.3,1172.0,1172.8,41992
1774251600,1172.7,1173.6,1171.3,1173.6,39382
1774251900,1173.6,1173.6,1171.7,1171.9,59424
1774252200,1171.7,1173.5,1170.7,1173.3,54018
1774252500,1173.3,1175.6,1171.9,1173.8,103809
1774252800,1173.9,1177.5,1173.6,1177.5,47376
1774253100,1177.4,1178.3,1176.2,1177.1,48615
1774253400,1177.1,1178.8,1175.6,1178.3,55142
1774253700,1178.6,1179.8,1176.8,1178.8,83480
1774254000,1178.8,1180.3,1176.7,1177.6,105443
1774254300,1177.6,1178.0,1176.1,1176.7,93409
1774254600,1176.7,1182.0,1176.1,1181.6,131914
1774254900,1181.4,1182.6,1179.2,1181.0,131887
1774255200,1181.1,1182.4,1180.0,1180.4,93734
1774255500,1180.7,1182.2,1180.0,1181.4,85139
1774255800,1181.5,1182.1,1179.7,1179.7,84328
1774256100,1179.6,1181.0,1178.0,1178.9,124549
1774256400,1178.8,1178.8,1171.8,1173.0,197549
1774256700,1173.1,1178.2,1172.1,1176.4,166855
1774257000,1176.2,1178.7,1174.1,1177.8,160176
1774257300,1177.9,1178.3,1175.5,1177.1,138263
1774257600,1177.4,1180.0,1176.8,1177.4,156853
1774257900,1177.4,1177.9,1174.9,1176.0,135422
1774258200,1176.0,1176.0,1171.4,1171.4,240591
1774258500,1171.8,1172.9,1169.6,1171.5,268860
1774258800,1171.3,1173.0,1168.7,1169.6,244897
1774259100,1169.5,1170.3,1168.0,1168.6,221047
1774259400,1168.6,1169.3,1165.6,1168.8,228007
1774259700,1168.7,1169.4,1165.0,1169.2,115432
1774323900,1187.0,1189.8,1180.2,1182.9,354040
1774324200,1184.0,1185.3,1180.0,1182.2,81833
1774324500,1182.2,1183.8,1180.5,1182.1,74031
1774324800,1181.8,1183.8,1179.0,1179.6,62597
1774325100,1180.0,1180.6,1175.2,1175.9,78585
1774325400,1175.9,1178.4,1174.1,1174.4,397699
1774325700,1174.6,1175.5,1172.2,1172.8,79811
1774326000,1172.7,1175.0,1172.7,1174.5,36360
1774326300,1174.5,1178.0,1174.2,1176.2,30460
1774326600,1176.4,1176.5,1174.1,1174.1,25717
1774326900,1174.3,1174.8,1173.0,1173.0,41074
1774327200,1173.0,1176.8,1172.1,1175.6,65031
1774327500,1175.4,1179.4,1175.4,1177.5,80114
1774327800,1177.6,1179.9,1177.5,1179.4,47843
1774328100,1179.4,1179.4,1176.0,1176.1,64856
1774328400,1176.3,1176.3,1173.4,1174.2,34064
1774328700,1173.9,1174.7,1170.7,1170.7,127960
1774329000,1170.8,1173.0,1170.1,1172.4,52270
1774329300,1172.3,1177.0,1171.0,1174.9,48944
1774329600,1174.8,1175.9,1171.1,1171.5,43216
1774329900,1171.5,1173.7,1169.6,1170.5,181020
1774330200,1170.5,1173.4,1170.5,1173.1,44271
1774330500,1173.1,1173.2,1171.0,1172.6,72332
1774330800,1173.0,1174.8,1172.1,1173.8,53528
1774331100,1173.8,1176.1,1173.8,1175.7,204824
1774331400,1175.8,1175.8,1173.0,1173.1,39603
1774331700,1173.0,1174.7,1172.4,1174.4,24140
1774332000,1174.5,1175.7,1173.5,1173.9,26031
1774332300,1173.8,1175.5,1173.8,1175.2,72611
1774332600,1175.0,1175.8,1173.8,1175.6,41157
1774332900,1175.5,1178.0,1174.5,1176.8,93122
1774333200,1176.9,1178.1,1175.0,1177.9,73288
1774333500,1178.0,1182.6,1177.9,1179.0,89662
1774333800,1179.0,1180.4,1177.7,1178.3,44603
1774334100,1178.3,1178.7,1176.4,1176.9,61808
1774334400,1176.8,1178.5,1176.1,1177.1,53765
1774334700,1177.0,1179.3,1176.6,1179.2,95229
1774335000,1179.2,1184.5,1178.7,1184.5,74232
1774335300,1184.5,1188.9,1183.2,1186.4,358560
1774335600,1186.3,1192.7,1185.5,1192.5,133099
1774335900,1192.6,1194.8,1190.6,1194.4,135434
1774336200,1194.7,1196.0,1193.0,1193.7,94839
1774336500,1193.9,1197.9,1193.3,1197.3,61643
1774336800,1197.3,1198.9,1195.3,1198.9,78884
1774337100,1198.8,1198.9,1194.2,1194.8,66251
1774337400,1194.7,1195.5,1191.8,1192.0,89535
1774337700,1191.9,1194.7,1190.2,1193.3,136829
1774338000,1193.3,1196.1,1192.6,1196.1,62572
1774338300,1196.4,1196.4,1194.1,1194.6,114201
1774338600,1194.5,1196.1,1193.6,1194.1,61405
1774338900,1194.3,1197.9,1193.7,1197.8,91392
1774339200,1197.7,1197.7,1195.8,1197.0,203831
1774339500,1197.0,1198.2,1195.5,1196.3,113473
1774339800,1196.2,1198.4,1195.5,1196.3,70533
1774340100,1196.3,1197.3,1193.2,1193.2,133248
1774340400,1193.2,1196.1,1193.1,1195.4,103094
1774340700,1195.4,1196.3,1194.0,1194.8,84310
1774341000,1194.9,1197.2,1193.6,1195.9,174838
1774341300,1196.0,1199.4,1195.8,1197.1,65616
1774341600,1197.4,1200.1,1197.4,1200.0,63445
1774341900,1200.5,1202.8,1197.0,1197.1,96658
1774342200,1197.6,1199.0,1195.0,1197.5,85222
1774342500,1197.3,1198.9,1196.8,1198.1,83022
1774342800,1198.1,1198.8,1197.0,1198.6,89232
1774343100,1198.6,1199.9,1195.9,1195.9,121419
1774343400,1196.0,1197.0,1193.6,1195.3,206131
1774343700,1195.2,1195.8,1193.4,1195.0,211065
1774344000,1194.9,1195.0,1192.3,1194.4,140675
1774344300,1193.9,1196.5,1193.7,1195.3,109403
1774344600,1195.1,1195.6,1192.0,1194.6,313165
1774344900,1194.6,1195.5,1191.5,1193.5,228765
1774345200,1193.3,1193.6,1189.7,1190.3,344041
1774345500,1190.3,1194.0,1189.7,1193.2,249803
1774345800,1193.1,1193.2,1191.2,1192.3,163814
1774346100,1192.3,1195.0,1191.8,1194.8,153739
1774410300,1200.0,1213.5,1198.0,1213.5,229403
1774410600,1213.5,1215.8,1212.0,1213.4,92459
1774410900,1212.8,1216.7,1212.3,1214.5,64587
1774411200,1214.6,1217.6,1213.0,1216.4,87443
1774411500,1216.4,1216.8,1213.3,1214.5,77603
1774411800,1214.8,1221.1,1214.4,1219.9,95788
1774412100,1220.0,1222.3,1219.1,1219.3,86967
1774412400,1219.3,1219.4,1217.1,1217.4,110594
1774412700,1217.3,1218.6,1216.2,1216.8,187825
1774413000,1216.7,1217.5,1213.1,1213.5,103042
1774413300,1213.6,1214.1,1210.2,1212.1,137556
1774413600,1212.1,1214.3,1211.4,1213.7,149047
1774413900,1213.7,1216.2,1212.4,1214.7,142172
1774414200,1214.7,1218.0,1214.5,1215.7,87413
1774414500,1215.9,1219.7,1215.6,1219.3,119794
1774414800,1219.3,1220.5,1217.4,1218.3,132987
1774415100,1218.3,1218.4,1216.2,1216.8,83057
1774415400,1216.6,1223.3,1216.2,1222.3,92711
1774415700,1222.2,1225.1,1221.9,1223.8,63734
1774416000,1223.9,1226.7,1223.4,1224.9,88274
1774416300,1224.9,1225.3,1223.5,1224.6,56288
1774416600,1224.7,1225.9,1223.6,1224.2,75622
1774416900,1224.3,1225.3,1222.6,1223.0,106147
1774417200,1223.4,1227.0,1222.6,1227.0,50176
1774417500,1227.0,1229.0,1226.6,1228.6,58259
1774417800,1228.6,1228.7,1226.6,1227.0,50859
1774418100,1227.2,1228.5,1226.3,1227.2,46033
1774418400,1227.5,1228.4,1225.2,1226.1,208581
1774418700,1226.2,1226.2,1219.3,1220.6,92705
1774419000,1220.2,1222.2,1220.2,1221.3,59548
1774419300,1221.3,1227.3,1221.2,1225.9,190873
1774419600,1226.0,1230.0,1225.9,1230.0,107897
1774419900,1230.0,1231.1,1228.2,1228.7,71540
1774420200,1228.6,1231.5,1228.2,1231.0,53488
1774420500,1230.9,1232.0,1229.7,1230.0,56430
1774420800,1230.0,1234.5,1229.8,1234.3,140517
1774421100,1234.3,1236.8,1232.8,1236.0,105432
1774421400,1236.6,1237.4,1235.0,1235.0,168553
1774421700,1235.3,1236.0,1232.6,1234.3,118629
1774422000,1234.3,1239.0,1232.7,1236.7,96660
1774422300,1237.0,1237.1,1235.4,1235.6,63933
1774422600,1235.9,1237.3,1234.9,1235.6,79937
1774422900,1236.0,1236.5,1232.2,1232.8,88169
1774423200,1232.9,1233.5,1231.0,1231.0,107999
1774423500,1231.2,1232.6,1230.1,1230.5,77911
1774423800,1230.5,1234.7,1230.1,1233.6,83618
1774424100,1234.0,1235.5,1233.5,1233.9,87143
1774424400,1234.0,1235.0,1233.5,1234.0,74175
1774424700,1234.2,1234.9,1230.0,1230.0,115050
1774425000,1230.1,1231.8,1229.9,1231.1,94396
1774425300,1231.7,1234.3,1231.1,1233.6,115022
1774425600,1233.5,1234.6,1231.1,1234.0,126744
1774425900,1234.4,1234.9,1232.9,1233.7,129367
1774426200,1233.7,1234.0,1232.0,1233.3,128520
1774426500,1233.6,1238.2,1232.6,1237.4,155835
1774426800,1237.5,1238.1,1232.3,1232.8,186813
1774427100,1233.4,1234.0,1232.4,1232.5,87188
1774427400,1232.7,1235.2,1232.1,1234.2,144103
1774427700,1234.6,1235.3,1232.1,1232.3,128718
1774428000,1232.3,1233.3,1230.1,1230.2,112105
1774428300,1230.2,1231.4,1229.5,1230.2,125371
1774428600,1230.2,1231.9,1228.5,1229.5,202330
1774428900,1229.7,1231.1,1228.7,1230.0,231064
1774429200,1230.0,1230.6,1227.1,1227.7,130408
1774429500,1227.7,1229.2,1227.0,1227.4,116093
1774429800,1227.3,1230.0,1227.0,1228.4,128484
1774430100,1228.5,1230.2,1227.2,1228.3,132790
1774430400,1228.4,1229.1,1225.1,1225.7,124799
1774430700,1225.6,1226.4,1225.0,1225.6,109190
1774431000,1225.4,1227.5,1221.7,1225.5,417489
1774431300,1225.4,1225.5,1222.8,1223.0,224129
1774431600,1223.1,1223.1,1220.0,1220.3,304274
1774431900,1220.2,1221.4,1220.0,1220.1,332437
1774432200,1220.1,1222.7,1219.4,1221.0,414545
1774432500,1220.9,1222.4,1220.1,1221.0,276326
1774583100,1209.5,1213.5,1202.0,1206.5,484359
1774583400,1206.5,1207.3,1204.1,1205.2,110545
1774583700,1205.6,1206.4,1203.9,1205.4,71003
1774584000,1205.4,1205.4,1203.2,1204.3,89839
1774584300,1203.8,1205.5,1203.3,1204.2,68400
1774584600,1204.3,1206.3,1204.3,1205.1,45981
1774584900,1205.4,1207.2,1204.6,1206.9,42422
1774585200,1206.9,1208.4,1205.2,1206.5,111081
1774585500,1206.7,1206.8,1204.2,1205.4,217290
1774585800,1205.5,1207.7,1204.3,1207.6,38664
1774586100,1207.6,1207.9,1205.3,1207.8,39598
1774586400,1208.3,1208.3,1206.1,1206.4,354995
1774586700,1206.8,1209.4,1206.4,1209.4,66943
1774587000,1208.9,1212.0,1208.4,1208.8,180233
1774587300,1208.3,1208.6,1206.0,1207.8,118256
1774587600,1207.8,1210.2,1207.0,1207.7,79596
1774587900,1207.7,1212.4,1207.7,1212.4,68294
1774588200,1212.4,1212.9,1209.0,1210.0,109806
1774588500,1210.0,1210.0,1207.7,1207.9,35119
1774588800,1207.9,1208.5,1206.1,1207.2,43550
1774589100,1207.2,1209.0,1206.0,1207.6,109502
1774589400,1207.5,1209.3,1206.1,1206.9,71759
1774589700,1206.6,1208.5,1206.2,1207.7,48953
1774590000,1207.9,1209.9,1206.6,1209.5,85355
1774590300,1209.3,1210.5,1207.1,1207.3,89688
1774590600,1207.5,1209.9,1207.1,1208.5,59826
1774590900,1208.5,1209.0,1205.5,1206.3,105841
1774591200,1206.3,1209.5,1205.9,1208.8,205946
1774591500,1208.7,1209.5,1207.8,1208.7,82144
1774591800,1208.6,1210.3,1206.2,1207.2,78343
1774592100,1207.2,1208.0,1206.1,1206.9,50540
1774592400,1206.9,1210.0,1206.5,1209.8,42486
1774592700,1209.8,1210.5,1208.7,1210.0,58180
1774593000,1209.9,1209.9,1207.6,1209.4,94978
1774593300,1209.7,1210.3,1208.3,1209.2,48488
1774593600,1209.2,1209.2,1207.5,1207.6,38662
1774593900,1207.5,1208.4,1207.0,1207.4,73838
1774594200,1207.7,1209.5,1206.9,1209.5,52287
1774594500,1209.5,1211.4,1209.2,1211.2,64742
1774594800,1210.9,1211.1,1209.1,1209.4,57818
1774595100,1209.4,1209.6,1209.0,1209.4,46951
1774595400,1209.4,1210.3,1208.4,1209.3,75859
1774595700,1209.5,1210.0,1208.4,1209.3,89423
1774596000,1209.3,1209.9,1208.2,1209.7,79533
1774596300,1209.9,1210.0,1209.0,1209.3,58953
1774596600,1209.4,1209.8,1208.8,1209.0,67766
1774596900,1208.9,1210.2,1208.9,1209.4,89172
1774597200,1209.3,1209.9,1208.2,1209.8,51329
1774597500,1209.9,1212.2,1209.3,1211.2,67235
1774597800,1210.8,1211.1,1209.8,1210.9,83233
1774598100,1211.0,1211.5,1210.0,1210.2,55539
1774598400,1210.4,1210.4,1208.9,1210.2,67374
1774598700,1210.0,1210.6,1208.9,1209.2,62121
1774599000,1209.2,1210.8,1209.0,1209.6,69017
1774599300,1209.8,1210.6,1207.8,1208.0,300161
1774599600,1208.0,1209.0,1207.8,1208.4,83205
1774599900,1208.4,1210.0,1208.2,1209.6,111981
1774600200,1209.2,1211.9,1209.1,1211.1,96605
1774600500,1211.1,1211.2,1208.9,1210.0,63340
1774600800,1210.2,1210.8,1208.5,1210.3,99203
1774601100,1210.0,1210.4,1208.8,1209.4,103527
1774601400,1209.5,1211.0,1209.2,1210.2,112790
1774601700,1210.0,1211.4,1209.5,1210.1,105406
1774602000,1210.2,1210.6,1208.8,1210.3,88924
1774602300,1210.4,1211.0,1209.1,1209.8,118820
1774602600,1209.7,1212.3,1209.2,1211.2,143283
1774602900,1211.2,1211.8,1210.0,1211.4,94988
1774603200,1211.3,1212.8,1210.8,1212.4,134676
1774603500,1212.3,1212.9,1210.8,1211.0,95168
1774603800,1210.2,1210.2,1204.6,1206.9,440964
1774604100,1206.7,1206.8,1203.6,1203.6,393021
1774604400,1203.6,1206.7,1203.3,1205.1,461660
1774604700,1205.1,1205.6,1203.7,1205.4,376693
1774605000,1205.1,1206.3,1202.0,1202.5,450331
1774605300,1202.6,1205.0,1202.3,1203.8,258027
1774842300,1185.1,1188.8,1157.5,1158.0,1426853
1774842600,1158.1,1160.0,1155.2,1155.9,406174
1774842900,1155.9,1162.6,1153.9,1161.8,378707
1774843200,1162.1,1171.8,1160.9,1171.5,350450
1774843500,1171.2,1171.7,1168.2,1168.2,123627
1774843800,1168.2,1175.7,1168.0,1171.7,184326
1774844100,1171.9,1174.8,1170.0,1170.5,87054
1774844400,1170.3,1171.8,1168.2,1168.8,136873
1774844700,1169.2,1172.4,1168.8,1171.6,110716
1774845000,1171.6,1176.1,1170.7,1175.4,716544
1774845300,1175.0,1175.6,1172.3,1173.7,400598
1774845600,1173.5,1173.9,1171.2,1173.8,272903
1774845900,1173.9,1173.9,1170.0,1170.3,74005
1774846200,1170.4,1171.9,1169.0,1171.2,71057
1774846500,1171.7,1172.3,1168.0,1168.0,106564
1774846800,1168.2,1169.6,1165.5,1166.0,105626
1774847100,1166.6,1166.7,1164.0,1164.5,93321
1774847400,1164.5,1166.5,1163.3,1163.9,267603
1774847700,1163.7,1165.4,1162.3,1164.2,160964
1774848000,1164.6,1166.2,1161.4,1161.6,176312
1774848300,1161.8,1163.0,1158.0,1158.1,192150
1774848600,1158.0,1159.5,1157.2,1158.6,116155
1774848900,1158.7,1160.6,1157.3,1157.3,91751
1774849200,1157.3,1157.8,1154.1,1155.6,244328
1774849500,1155.8,1157.0,1154.4,1156.2,103597
1774849800,1156.0,1159.8,1154.5,1159.8,141123
1774850100,1159.7,1162.0,1158.9,1161.3,108238
1774850400,1161.3,1165.0,1160.0,1163.9,173868
1774850700,1163.4,1166.1,1163.4,1165.8,98125
1774851000,1165.2,1166.6,1163.5,1165.8,93000
1774851300,1165.7,1166.3,1163.6,1165.0,46815
1774851600,1165.4,1165.8,1161.8,1162.5,97210
1774851900,1162.5,1162.6,1159.2,1160.3,218587
1774852200,1160.4,1163.1,1160.4,1161.1,206995
1774852500,1161.3,1165.3,1160.1,1165.0,171335
1774852800,1165.0,1166.3,1164.7,1166.2,59616
1774853100,1166.2,1167.0,1164.9,1165.3,46076
1774853400,1165.5,1168.4,1163.1,1163.8,54876
1774853700,1164.1,1166.0,1163.3,1165.8,93622
1774854000,1165.6,1166.7,1165.1,1165.6,67514
1774854300,1165.7,1166.3,1165.0,1165.9,299357
1774854600,1165.7,1166.0,1164.3,1165.5,65911
1774854900,1165.7,1165.8,1164.0,1164.2,41516
1774855200,1164.1,1165.0,1161.5,1162.5,48584
1774855500,1162.5,1163.0,1159.1,1159.2,58089
1774855800,1159.0,1161.8,1158.1,1160.6,44416
1774856100,1160.6,1162.2,1159.1,1161.3,110449
1774856400,1161.3,1161.8,1159.7,1161.3,39370
1774856700,1161.2,1162.3,1160.4,1161.2,49447
1774857000,1161.2,1163.0,1160.7,1161.6,50065
1774857300,1161.7,1162.9,1160.3,1162.0,60249
1774857600,1161.9,1163.5,1161.5,1163.3,50554
1774857900,1163.3,1165.9,1163.3,1165.6,65700
1774858200,1165.6,1166.1,1164.7,1165.5,81728
1774858500,1165.6,1166.0,1164.3,1164.7,123083
1774858800,1164.6,1165.2,1162.3,1164.0,187642
1774859100,1163.9,1165.7,1162.4,1162.7,229508
1774859400,1162.6,1166.0,1162.2,1164.8,87485
1774859700,1164.8,1166.0,1163.4,1163.5,70488
1774860000,1163.4,1165.6,1163.0,1164.8,166282
1774860300,1165.0,1165.3,1162.6,1162.7,253081
1774860600,1162.7,1165.7,1161.7,1163.4,125226
1774860900,1163.4,1164.1,1160.7,1161.3,106262
1774861200,1161.3,1163.7,1161.2,1162.1,176165
1774861500,1162.0,1162.8,1161.0,1162.6,135579
1774861800,1162.4,1163.5,1161.7,1163.3,95401
1774862100,1163.3,1163.9,1161.5,1163.6,424556
1774862400,1163.6,1164.9,1160.2,1161.4,288353
1774862700,1161.4,1161.8,1159.1,1160.1,183647
1774863000,1159.8,1161.5,1154.7,1156.2,1562762
1774863300,1156.3,1159.7,1154.0,1159.5,884292
1774863600,1159.6,1162.7,1157.7,1161.4,1085772
1774863900,1161.4,1163.1,1159.7,1163.1,1079373
1774864200,1163.6,1167.4,1163.0,1167.3,1326891
1774864500,1167.3,1172.3,1167.3,1168.4,713934
1775015100,1175.0,1202.5,1175.0,1198.2,479644
1775015400,1196.7,1199.5,1193.1,1195.7,244043
1775015700,1195.7,1203.8,1195.2,1200.9,123868
1775016000,1200.9,1200.9,1193.9,1194.7,100487
1775016300,1194.4,1197.1,1192.7,1195.6,111566
1775016600,1195.0,1199.1,1195.0,1197.7,122489
1775016900,1197.6,1200.0,1197.0,1199.5,44557
1775017200,1199.2,1207.1,1198.8,1202.7,161142
1775017500,1203.5,1204.9,1201.9,1202.5,54770
1775017800,1202.5,1205.6,1202.4,1204.0,71051
1775018100,1203.7,1204.8,1197.4,1198.0,55776
1775018400,1197.7,1198.6,1195.4,1197.0,28899
1775018700,1197.0,1197.4,1194.6,1196.9,61686
1775019000,1196.9,1197.4,1193.1,1193.9,108838
1775019300,1193.7,1193.9,1188.7,1190.2,186356
1775019600,1190.4,1190.7,1186.7,1186.8,137442
1775019900,1186.6,1186.8,1185.0,1186.1,62896
1775020200,1186.3,1187.4,1185.2,1186.0,69771
1775020500,1186.0,1188.5,1185.1,1187.9,31212
1775020800,1187.6,1189.1,1187.3,1188.5,18359
1775021100,1188.7,1188.7,1183.3,1184.9,43206
1775021400,1185.0,1185.2,1183.3,1184.5,47300
1775021700,1184.7,1186.7,1183.6,1185.5,30628
1775022000,1185.4,1188.1,1184.9,1187.4,23327
1775022300,1187.4,1188.1,1185.6,1186.6,55569
1775022600,1186.8,1190.5,1186.7,1189.9,56498
1775022900,1190.0,1190.3,1186.9,1188.6,51663
1775023200,1188.4,1190.4,1187.6,1189.1,75573
1775023500,1189.1,1191.4,1187.8,1191.1,95128
1775023800,1191.1,1193.3,1190.0,1191.8,45275
1775024100,1191.8,1191.8,1188.2,1188.9,37171
1775024400,1189.0,1190.9,1188.3,1189.1,38125
1775024700,1188.8,1192.9,1187.6,1192.7,41040
1775025000,1192.6,1198.9,1192.4,1198.4,109863
1775025300,1198.4,1198.4,1195.9,1197.7,132082
1775025600,1197.3,1199.9,1195.2,1199.7,41659
1775025900,1199.5,1200.5,1197.0,1198.0,92671
1775026200,1197.9,1198.6,1196.5,1197.2,34409
1775026500,1197.2,1198.4,1195.7,1197.4,67792
1775026800,1197.4,1198.3,1194.6,1196.2,59166
1775027100,1196.1,1198.6,1195.3,1197.1,56088
1775027400,1197.1,1198.8,1196.5,1197.7,68053
1775027700,1197.7,1203.1,1197.2,1202.5,52768
1775028000,1202.5,1206.7,1202.1,1205.9,48331
1775028300,1205.7,1206.4,1203.8,1205.3,35511
1775028600,1205.7,1207.0,1205.3,1205.9,62712
1775028900,1205.9,1206.8,1204.9,1206.5,41128
1775029200,1206.1,1207.9,1203.5,1207.4,46825
1775029500,1207.4,1208.0,1203.7,1203.7,59414
1775029800,1203.7,1203.7,1195.6,1196.5,82239
1775030100,1196.5,1198.4,1195.9,1197.6,47731
1775030400,1197.6,1197.6,1192.5,1193.4,61136
1775030700,1193.4,1196.5,1191.2,1195.6,52332
1775031000,1195.2,1195.2,1188.2,1190.0,86831
1775031300,1190.2,1193.9,1188.5,1193.2,90627
1775031600,1193.2,1195.2,1192.5,1195.1,38547
1775031900,1195.1,1196.5,1193.1,1193.9,34991
1775032200,1193.9,1197.8,1191.7,1197.1,40889
1775032500,1196.8,1198.9,1196.7,1198.9,36051
1775032800,1198.8,1201.7,1197.7,1200.3,49145
1775033100,1200.8,1201.0,1198.0,1200.0,40304
1775033400,1200.0,1201.3,1196.2,1196.7,54144
1775033700,1197.4,1198.6,1196.5,1197.5,49293
1775034000,1197.9,1198.0,1194.8,1195.9,61586
1775034300,1195.5,1197.2,1194.0,1194.5,66982
1775034600,1194.3,1194.6,1191.5,1192.2,90885
1775034900,1191.8,1192.3,1188.0,1189.3,83223
1775035200,1189.1,1192.3,1189.1,1192.3,94534
1775035500,1191.9,1194.6,1190.3,1191.2,130268
1775035800,1191.2,1193.6,1189.5,1192.8,262424
1775036100,1193.0,1193.9,1191.5,1193.1,183804
1775036400,1193.1,1196.9,1191.7,1192.2,250803
1775036700,1192.7,1193.7,1191.5,1192.2,164460
1775037000,1192.6,1194.6,1192.3,1194.0,157846
1775037300,1194.0,1200.0,1193.1,1200.0,167898
1775101500,1174.6,1177.9,1156.1,1159.0,409613
1775101800,1159.1,1162.8,1158.0,1162.6,160404
1775102100,1162.7,1163.0,1158.4,1159.7,102298
1775102400,1159.8,1165.3,1159.7,1165.1,131975
1775102700,1165.1,1166.0,1163.3,1164.7,110223
1775103000,1164.4,1165.5,1162.0,1162.5,75737
1775103300,1162.5,1164.9,1161.9,1164.3,81965
1775103600,1163.8,1164.1,1160.1,1162.9,57179
1775103900,1163.2,1165.9,1162.7,1164.2,48733
1775104200,1164.2,1165.5,1162.3,1163.6,53726
1775104500,1163.9,1167.0,1163.6,1166.7,47921
1775104800,1166.6,1168.9,1163.8,1168.2,78072
1775105100,1168.2,1168.4,1165.0,1165.1,43975
1775105400,1165.2,1167.0,1164.1,1164.2,67876
1775105700,1164.4,1166.0,1162.9,1164.5,53422
1775106000,1164.6,1164.7,1162.1,1162.9,59571
1775106300,1162.9,1163.7,1161.2,1161.2,66469
1775106600,1161.5,1163.4,1160.2,1160.8,129640
1775106900,1160.8,1161.0,1158.0,1158.5,120767
1775107200,1159.0,1159.0,1153.3,1157.0,116799
1775107500,1156.9,1159.7,1156.0,1158.7,76773
1775107800,1159.0,1164.0,1159.0,1163.4,262472
1775108100,1163.9,1163.9,1161.0,1162.4,74676
1775108400,1162.5,1163.5,1161.1,1163.0,90499
1775108700,1163.0,1164.0,1162.6,1163.1,342432
1775109000,1163.1,1164.9,1161.2,1163.2,132097
1775109300,1163.2,1164.0,1160.2,1160.8,59907
1775109600,1160.2,1161.1,1158.7,1160.4,114966
1775109900,1160.4,1162.4,1159.3,1161.3,130202
1775110200,1161.3,1161.6,1159.3,1159.8,80016
1775110500,1159.5,1161.2,1159.0,1159.3,67140
1775110800,1159.3,1160.4,1157.5,1158.8,85830
1775111100,1159.1,1159.6,1154.2,1154.4,246776
1775111400,1154.5,1156.2,1151.0,1153.5,239726
1775111700,1153.9,1153.9,1151.2,1153.7,54079
1775112000,1153.7,1157.2,1153.2,1155.0,70600
1775112300,1154.8,1155.8,1151.0,1152.6,152570
1775112600,1152.5,1155.2,1150.3,1154.9,131621
1775112900,1154.9,1159.5,1154.6,1159.1,145211
1775113200,1159.2,1163.2,1158.8,1162.9,76549
1775113500,1163.2,1166.5,1162.2,1166.1,108359
1775113800,1166.1,1168.8,1165.7,1168.5,43553
1775114100,1168.4,1168.9,1166.4,1167.1,75409
1775114400,1167.6,1168.3,1164.3,1164.3,104112
1775114700,1164.4,1170.3,1164.3,1170.0,124093
1775115000,1170.0,1172.1,1167.9,1168.6,118017
1775115300,1168.6,1169.3,1165.2,1168.9,114764
1775115600,1168.9,1169.0,1166.1,1168.0,80370
1775115900,1168.2,1169.7,1166.2,1168.8,56864
1775116200,1169.4,1173.5,1169.0,1173.1,69959
1775116500,1173.0,1179.0,1172.2,1178.6,60703
1775116800,1178.9,1179.6,1175.6,1179.0,46787
1775117100,1179.4,1181.8,1176.9,1180.4,35714
1775117400,1180.4,1184.3,1180.3,1182.7,32913
1775117700,1182.7,1185.3,1182.2,1183.8,36508
1775118000,1183.6,1184.7,1181.3,1182.9,41677
1775118300,1182.9,1183.6,1179.5,1183.4,94631
1775118600,1183.6,1186.5,1182.8,1185.8,35947
1775118900,1185.8,1186.5,1184.1,1186.4,44513
1775119200,1186.2,1190.3,1185.7,1190.1,70880
1775119500,1190.1,1193.7,1187.5,1191.4,111764
1775119800,1191.4,1192.8,1190.0,1192.6,48863
1775120100,1192.5,1193.4,1189.4,1190.1,66945
1775120400,1190.3,1195.3,1190.1,1193.7,106842
1775120700,1193.8,1194.0,1189.5,1190.2,108620
1775121000,1190.8,1191.2,1187.0,1187.5,286125
1775121300,1188.2,1191.7,1186.6,1190.0,142792
1775121600,1190.1,1195.4,1189.5,1194.7,176513
1775121900,1194.6,1195.6,1192.9,1193.7,114886
1775122200,1193.7,1198.3,1192.9,1197.5,557993
1775122500,1197.4,1201.8,1196.5,1201.5,482384
1775122800,1201.7,1202.3,1198.5,1199.7,305158
1775123100,1200.1,1202.1,1197.9,1198.4,374788
1775123400,1198.9,1199.2,1194.2,1196.7,344937
1775123700,1196.9,1201.0,1195.2,1198.1,208582
1775447100,1202.1,1211.3,1196.4,1205.7,652099
1775447400,1205.8,1209.2,1201.1,1201.1,262363
1775447700,1201.5,1205.7,1199.0,1199.0,100714
1775448000,1199.3,1203.6,1199.1,1203.4,62479
1775448300,1203.4,1213.0,1203.0,1211.3,134217
1775448600,1211.3,1213.0,1204.8,1207.0,116072
1775448900,1207.2,1210.6,1204.5,1205.5,70300
1775449200,1205.5,1205.5,1201.0,1202.0,147799
1775449500,1201.7,1203.2,1200.3,1201.1,41138
1775449800,1201.1,1204.3,1200.9,1202.8,75374
1775450100,1202.6,1204.4,1201.0,1201.0,25459
1775450400,1201.1,1205.7,1200.0,1204.8,91706
1775450700,1204.8,1206.9,1203.0,1205.4,52274
1775451000,1205.4,1208.8,1205.0,1206.5,46327
1775451300,1206.0,1206.2,1202.0,1205.2,23298
1775451600,1204.9,1207.8,1202.2,1207.8,76253
1775451900,1207.2,1211.5,1206.8,1211.5,50009
1775452200,1211.5,1211.6,1208.5,1210.8,35805
1775452500,1210.8,1212.0,1210.0,1211.4,44792
1775452800,1211.4,1212.1,1208.4,1209.9,36826
1775453100,1209.9,1212.9,1209.7,1212.7,72520
1775453400,1212.8,1212.8,1210.0,1210.5,65350
1775453700,1210.7,1212.0,1209.5,1210.9,99304
1775454000,1210.8,1211.8,1208.1,1211.7,77403
1775454300,1211.7,1214.9,1211.0,1214.9,180746
1775454600,1214.8,1215.9,1212.8,1214.7,82184
1775454900,1214.7,1216.7,1213.5,1216.4,79056
1775455200,1216.4,1216.6,1214.0,1215.2,30502
1775455500,1215.2,1217.6,1214.5,1214.9,70882
1775455800,1214.9,1217.0,1214.2,1216.4,67791
1775456100,1216.6,1221.6,1215.3,1219.0,141094
1775456400,1219.3,1221.0,1218.7,1220.8,43723
1775456700,1220.9,1223.5,1220.0,1220.1,115061
1775457000,1220.2,1221.7,1220.1,1221.0,50396
1775457300,1221.0,1223.0,1220.1,1220.7,87461
1775457600,1221.2,1222.0,1220.0,1220.1,80591
1775457900,1220.0,1222.2,1219.9,1220.7,62935
1775458200,1221.1,1225.0,1220.9,1222.9,105892
1775458500,1222.9,1225.0,1222.5,1222.5,63268
1775458800,1223.1,1223.3,1219.2,1220.1,132504
1775459100,1220.1,1220.5,1217.1,1220.0,140749
1775459400,1220.4,1222.0,1219.2,1221.9,245187
1775459700,1221.9,1225.4,1221.7,1225.4,67429
1775460000,1225.4,1230.0,1224.9,1226.0,106994
1775460300,1226.0,1227.2,1225.1,1225.5,66060
1775460600,1225.9,1226.5,1221.1,1222.0,57065
1775460900,1222.0,1225.0,1221.8,1224.8,58575
1775461200,1224.7,1229.7,1224.7,1229.7,52294
1775461500,1229.7,1234.0,1228.9,1233.0,76205
1775461800,1233.4,1237.4,1233.2,1236.0,102769
1775462100,1236.1,1237.2,1232.3,1233.5,124851
1775462400,1234.1,1235.3,1233.5,1234.7,43486
1775462700,1234.7,1236.7,1232.4,1232.6,67763
1775463000,1232.7,1234.0,1230.9,1231.8,51354
1775463300,1232.0,1234.5,1229.1,1229.3,99252
1775463600,1229.5,1234.0,1229.1,1233.4,61326
1775463900,1233.4,1234.5,1231.3,1232.0,68252
1775464200,1232.0,1236.8,1232.0,1236.3,62045
1775464500,1236.6,1238.8,1235.0,1236.3,60207
1775464800,1236.6,1239.7,1236.0,1238.7,48398
1775465100,1238.7,1239.9,1236.8,1239.5,97471
1775465400,1239.6,1242.0,1238.6,1238.8,114602
1775465700,1239.1,1240.4,1237.1,1240.1,82384
1775466000,1240.1,1246.0,1240.0,1245.4,123668
1775466300,1245.4,1245.4,1242.4,1243.5,90956
1775466600,1243.5,1245.1,1241.6,1243.4,131919
1775466900,1243.2,1243.9,1242.1,1243.5,120451
1775467200,1243.8,1244.3,1242.8,1243.4,73351
1775467500,1243.5,1246.6,1239.6,1245.0,308424
1775467800,1245.0,1247.5,1245.0,1247.5,420164
1775468100,1247.5,1249.8,1246.1,1248.0,145042
1775468400,1248.0,1249.3,1246.1,1247.1,101541
1775468700,1247.2,1247.7,1244.0,1245.6,118175
1775469000,1245.5,1245.5,1241.6,1242.7,238216
1775469300,1242.7,1244.5,1237.6,1237.6,104812
1775533500,1237.8,1237.8,1222.3,1224.8,194440
1775533800,1224.7,1225.5,1221.0,1223.7,192574
1775534100,1223.6,1230.4,1223.1,1230.3,138419
1775534400,1230.3,1231.3,1225.5,1226.3,67383
1775534700,1226.7,1228.8,1226.0,1227.2,58080
1775535000,1227.3,1229.6,1225.0,1225.7,120065
1775535300,1226.1,1230.0,1225.8,1226.4,69326
1775535600,1226.4,1231.7,1225.8,1230.5,64174
1775535900,1230.3,1232.9,1230.0,1232.1,88821
1775536200,1232.2,1233.3,1230.6,1232.2,62912
1775536500,1231.7,1233.0,1229.8,1230.2,28905
1775536800,1230.2,1231.9,1229.8,1231.9,21161
1775537100,1232.0,1233.5,1229.3,1233.5,77575
1775537400,1233.5,1236.3,1232.6,1233.8,79397
1775537700,1233.9,1235.7,1233.6,1234.9,35788
1775538000,1234.9,1235.1,1232.2,1233.2,54866
1775538300,1233.2,1234.4,1231.7,1234.4,51309
1775538600,1234.4,1238.7,1234.0,1237.0,153707
1775538900,1237.0,1237.0,1232.4,1233.5,121632
1775539200,1233.5,1233.7,1229.3,1230.5,116880
1775539500,1230.5,1231.8,1225.0,1225.3,124827
1775539800,1225.3,1225.8,1224.0,1224.0,97186
1775540100,1224.4,1226.6,1223.4,1225.1,105147
1775540400,1225.4,1225.4,1222.0,1223.6,183947
1775540700,1223.5,1226.3,1222.0,1225.5,73260
1775541000,1225.5,1228.2,1225.2,1228.1,32594
1775541300,1228.1,1228.9,1226.5,1228.5,49425
1775541600,1228.4,1228.4,1227.0,1227.4,37132
1775541900,1227.6,1228.0,1225.7,1226.9,40871
1775542200,1227.2,1227.3,1225.0,1226.5,50808
1775542500,1227.1,1229.0,1226.5,1228.5,35560
1775542800,1228.8,1229.6,1227.9,1229.4,29198
1775543100,1229.3,1231.7,1228.6,1231.7,70189
1775543400,1231.7,1231.9,1229.4,1229.7,44812
1775543700,1229.6,1230.3,1228.4,1230.1,22190
1775544000,1230.3,1230.3,1227.0,1229.1,33595
1775544300,1228.8,1229.8,1226.6,1227.0,29248
1775544600,1227.2,1227.2,1226.0,1227.0,30541
1775544900,1227.2,1229.3,1226.6,1229.3,26148
1775545200,1229.3,1230.9,1229.0,1230.2,33173
1775545500,1230.2,1232.0,1230.2,1231.6,49780
1775545800,1231.9,1232.8,1231.5,1232.4,25099
1775546100,1232.2,1233.5,1230.8,1232.7,34033
1775546400,1232.6,1234.4,1231.9,1233.8,42133
1775546700,1233.9,1234.4,1231.7,1232.3,49075
1775547000,1232.3,1233.4,1231.4,1232.2,59446
1775547300,1232.3,1232.4,1230.4,1231.6,33561
1775547600,1231.6,1234.8,1230.8,1234.7,66682
1775547900,1234.5,1236.7,1234.3,1236.7,55545
1775548200,1236.7,1236.7,1234.6,1234.8,41713
1775548500,1234.8,1236.0,1233.6,1236.0,34617
1775548800,1236.3,1241.6,1236.1,1239.7,161013
1775549100,1239.7,1241.8,1239.2,1241.7,92523
1775549400,1241.8,1243.9,1240.5,1243.1,73211
1775549700,1243.0,1244.3,1240.5,1241.0,69417
1775550000,1241.0,1243.2,1239.6,1242.6,86820
1775550300,1242.6,1242.6,1236.2,1237.4,67455
1775550600,1237.4,1241.6,1236.5,1240.9,81395
1775550900,1240.9,1241.9,1239.2,1240.2,45103
1775551200,1240.8,1241.5,1238.2,1240.6,67974
1775551500,1240.8,1242.8,1240.1,1242.8,201267
1775551800,1242.7,1244.7,1242.4,1244.3,167359
1775552100,1244.3,1245.9,1243.7,1244.2,123804
1775552400,1244.7,1245.6,1243.2,1243.5,105970
1775552700,1243.7,1243.7,1239.6,1240.4,75815
1775553000,1240.6,1243.3,1239.9,1242.8,147824
1775553300,1242.7,1245.5,1241.6,1245.4,113524
1775553600,1245.5,1246.1,1243.8,1245.0,229973
1775553900,1245.0,1253.9,1244.9,1252.1,414826
1775554200,1252.4,1252.8,1249.1,1249.4,663544
1775554500,1250.0,1252.9,1247.5,1250.8,690409
1775554800,1251.3,1252.4,1250.1,1250.9,473801
1775555100,1251.5,1255.5,1248.4,1248.6,772421
1775555400,1249.2,1250.0,1245.1,1247.4,553696
1775555700,1247.7,1249.9,1245.0,1247.0,313209
1775619900,1300.1,1317.4,1300.1,1312.2,1958623
1775620200,1312.2,1318.1,1309.5,1311.6,674216
1775620500,1311.8,1316.0,1310.7,1313.1,285113
1775620800,1313.1,1315.6,1312.1,1313.6,225261
1775621100,1313.8,1316.0,1313.4,1315.7,170723
1775621400,1315.7,1315.9,1310.0,1314.6,682004
1775621700,1314.6,1318.5,1314.6,1316.4,144747
1775622000,1316.4,1318.1,1313.3,1316.6,210177
1775622300,1316.6,1318.1,1314.0,1315.4,165446
1775622600,1315.2,1319.0,1314.0,1314.9,238730
1775622900,1315.0,1318.4,1314.9,1315.9,187971
1775623200,1316.1,1317.8,1314.9,1316.0,165677
1775623500,1315.9,1318.2,1314.6,1317.0,97474
1775623800,1317.0,1317.3,1313.1,1313.9,105885
1775624100,1313.9,1317.7,1313.0,1317.7,379137
1775624400,1318.0,1318.8,1314.4,1318.5,157664
1775624700,1318.3,1318.9,1316.6,1318.7,85605
1775625000,1318.8,1320.5,1317.7,1320.3,150040
1775625300,1320.3,1322.5,1319.0,1322.0,74919
1775625600,1322.4,1322.9,1320.0,1321.9,99922
1775625900,1322.0,1329.2,1321.7,1324.2,380847
1775626200,1324.2,1324.9,1322.2,1322.7,67473
1775626500,1322.9,1324.6,1322.5,1323.7,46921
1775626800,1323.8,1327.0,1323.8,1326.4,117275
1775627100,1326.5,1327.0,1324.6,1326.8,75486
1775627400,1326.7,1327.0,1324.5,1326.5,65712
1775627700,1326.5,1327.0,1324.9,1325.1,60361
1775628000,1325.4,1326.4,1324.0,1326.3,122894
1775628300,1326.3,1327.0,1325.1,1326.6,107002
1775628600,1326.6,1327.7,1325.9,1326.6,109629
1775628900,1326.4,1328.3,1326.0,1328.3,107570
1775629200,1328.3,1328.4,1325.3,1327.1,145524
1775629500,1327.2,1327.2,1324.2,1325.8,124252
1775629800,1325.8,1330.5,1324.8,1330.1,159174
1775630100,1330.3,1331.9,1328.9,1331.3,154316
1775630400,1331.4,1331.6,1328.8,1329.7,119185
1775630700,1330.6,1330.8,1325.0,1325.7,113399
1775631000,1325.7,1327.5,1324.7,1325.1,87198
1775631300,1325.5,1325.7,1323.2,1323.5,94813
1775631600,1323.8,1323.9,1320.0,1321.7,113870
1775631900,1322.0,1323.2,1320.3,1321.5,81570
1775632200,1320.9,1322.6,1320.1,1322.1,92980
1775632500,1322.1,1322.3,1320.1,1321.4,91671
1775632800,1321.4,1322.9,1320.7,1322.4,107255
1775633100,1322.7,1323.9,1322.4,1323.6,98844
1775633400,1323.6,1323.6,1319.6,1320.4,105839
1775633700,1320.4,1320.6,1317.9,1319.2,99652
1775634000,1319.1,1320.4,1318.7,1319.9,97446
1775634300,1319.8,1321.4,1318.1,1320.1,111765
1775634600,1320.2,1323.0,1319.3,1322.6,97590
1775634900,1322.5,1324.5,1322.3,1323.3,96510
1775635200,1323.3,1324.4,1322.4,1324.0,75918
1775635500,1323.9,1327.4,1323.5,1327.4,164496
1775635800,1327.4,1327.5,1324.4,1325.8,123195
1775636100,1325.7,1326.8,1324.9,1325.9,79181
1775636400,1325.9,1327.8,1324.4,1325.8,137134
1775636700,1325.8,1329.0,1325.7,1328.6,110765
1775637000,1328.6,1329.0,1326.4,1327.1,136093
1775637300,1327.1,1328.2,1320.7,1322.1,274647
1775637600,1322.2,1325.6,1320.0,1321.9,98762
1775637900,1321.9,1323.9,1321.7,1323.3,88328
1775638200,1323.3,1325.7,1323.2,1325.1,59816
1775638500,1325.1,1326.0,1323.6,1325.3,93138
1775638800,1325.2,1327.6,1324.6,1324.8,60615
1775639100,1324.8,1327.4,1324.8,1327.3,95732
1775639400,1327.3,1331.1,1327.2,1329.8,283976
1775639700,1329.8,1332.9,1329.8,1330.2,191695
1775640000,1330.4,1331.3,1328.5,1330.8,127119
1775640300,1330.8,1331.0,1327.1,1329.1,88531
1775640600,1329.2,1331.2,1327.0,1331.0,148758
1775640900,1330.9,1334.5,1330.8,1333.9,303964
1775641200,1333.9,1335.6,1332.2,1333.3,266217
1775641500,1333.3,1334.0,1330.9,1333.1,265321
1775641800,1333.1,1334.5,1332.2,1332.4,187422
1775642100,1332.5,1335.0,1332.1,1333.4,172834
1775706300,1322.3,1327.1,1316.0,1321.0,209631
1775706600,1321.6,1323.5,1319.2,1322.1,114364
1775706900,1322.7,1326.3,1322.0,1323.4,89496
1775707200,1324.0,1326.0,1321.4,1322.2,103920
1775707500,1322.2,1325.4,1322.2,1325.0,70343
1775707800,1325.0,1326.6,1323.2,1325.1,53947
1775708100,1325.4,1326.9,1323.3,1323.7,37808
1775708400,1323.7,1328.0,1322.1,1327.2,53085
1775708700,1327.2,1328.0,1323.5,1324.9,67610
1775709000,1324.9,1327.5,1323.2,1326.3,66055
1775709300,1326.2,1329.4,1325.9,1329.2,45485
1775709600,1329.2,1333.6,1329.2,1332.5,76853
1775709900,1332.7,1334.2,1331.0,1332.9,50815
1775710200,1332.9,1333.7,1330.6,1333.7,83647
1775710500,1333.7,1334.3,1330.4,1332.7,57058
1775710800,1333.5,1337.1,1333.5,1335.9,71551
1775711100,1335.9,1338.6,1330.9,1330.9,82455
1775711400,1330.7,1331.1,1327.2,1327.9,119719
1775711700,1327.9,1331.7,1327.3,1329.5,63985
1775712000,1329.8,1330.8,1328.6,1330.2,29587
1775712300,1330.7,1332.3,1329.6,1330.7,28971
1775712600,1330.7,1334.6,1330.5,1333.2,64493
1775712900,1333.2,1333.9,1330.8,1332.9,18509
1775713200,1332.9,1333.7,1330.3,1330.8,26905
1775713500,1330.8,1332.0,1329.1,1329.6,26302
1775713800,1329.6,1330.7,1327.3,1330.0,68569
1775714100,1330.0,1332.0,1329.7,1331.0,50644
1775714400,1331.0,1332.1,1328.6,1329.0,59428
1775714700,1329.5,1330.0,1328.8,1329.3,21670
1775715000,1329.2,1330.8,1328.4,1329.4,22349
1775715300,1329.5,1329.5,1328.2,1329.5,42608
1775715600,1329.5,1330.7,1327.5,1329.3,109028
1775715900,1329.4,1330.7,1327.8,1328.8,31932
1775716200,1328.8,1330.0,1325.0,1325.7,78338
1775716500,1325.7,1326.9,1323.2,1326.5,112649
1775716800,1326.3,1328.9,1325.8,1328.9,75171
1775717100,1328.8,1330.7,1328.4,1330.1,30406
1775717400,1330.2,1330.3,1325.3,1326.7,191232
1775717700,1326.7,1327.4,1323.9,1326.0,60574
1775718000,1325.9,1327.3,1323.1,1323.8,124058
1775718300,1323.8,1324.5,1321.8,1322.8,25712
1775718600,1322.8,1324.4,1322.2,1322.9,25506
1775718900,1322.9,1323.0,1320.1,1321.0,32325
1775719200,1321.2,1325.6,1320.4,1324.8,42183
1775719500,1324.6,1325.3,1322.5,1323.1,34146
1775719800,1323.1,1323.1,1322.1,1322.5,20652
1775720100,1322.0,1322.8,1320.1,1321.8,59880
1775720400,1321.8,1322.2,1320.9,1322.1,31639
1775720700,1322.0,1322.3,1321.0,1321.9,25371
1775721000,1321.8,1324.3,1319.6,1324.2,54468
1775721300,1324.1,1324.3,1321.9,1322.2,22119
1775721600,1322.3,1324.5,1321.9,1323.9,34195
1775721900,1324.1,1324.7,1321.9,1323.1,35810
1775722200,1323.1,1323.4,1322.3,1323.0,16115
1775722500,1323.2,1324.5,1321.7,1324.2,40601
1775722800,1324.0,1325.4,1322.2,1324.5,33479
1775723100,1324.5,1326.2,1324.0,1324.8,22934
1775723400,1325.1,1325.9,1324.0,1325.2,24517
1775723700,1324.8,1327.3,1324.1,1325.6,27025
1775724000,1325.6,1325.7,1322.8,1323.8,52778
1775724300,1323.8,1324.8,1323.6,1323.7,27592
1775724600,1323.8,1324.5,1321.1,1321.3,74092
1775724900,1321.5,1321.5,1318.0,1319.0,60464
1775725200,1318.9,1318.9,1313.9,1314.5,91728
1775725500,1314.4,1315.0,1312.8,1314.7,66355
1775725800,1315.0,1318.9,1314.0,1317.6,84721
1775726100,1317.2,1318.7,1315.6,1317.1,114217
1775726400,1317.1,1318.9,1314.4,1318.0,96478
1775726700,1318.6,1319.5,1316.8,1318.6,175866
1775727000,1318.6,1322.7,1315.1,1317.9,661187
1775727300,1318.1,1321.8,1317.0,1320.1,520380
1775727600,1319.7,1320.1,1317.1,1319.7,325555
1775727900,1319.8,1320.0,1315.6,1315.6,275841
1775728200,1316.2,1319.4,1315.0,1317.8,359246
1775728500,1317.8,1319.6,1315.3,1319.6,131356
1775792700,1328.8,1345.8,1326.1,1340.6,292060
1775793000,1340.6,1346.8,1340.2,1342.8,150730
1775793300,1343.8,1346.5,1341.3,1345.8,109310
1775793600,1345.7,1350.0,1345.7,1346.5,115746
1775793900,1346.1,1348.7,1343.9,1348.5,112911
1775794200,1348.5,1351.0,1347.7,1350.2,142561
1775794500,1350.2,1350.2,1347.7,1349.6,88704
1775794800,1349.5,1351.2,1348.0,1348.0,58342
1775795100,1347.9,1351.7,1345.5,1351.6,71272
1775795400,1351.7,1354.8,1348.5,1349.5,116142
1775795700,1349.7,1350.6,1347.2,1350.4,66802
1775796000,1350.2,1354.0,1350.2,1353.9,83221
1775796300,1354.0,1357.7,1353.9,1356.9,155928
1775796600,1356.9,1358.6,1354.9,1355.4,105029
1775796900,1355.7,1357.4,1353.3,1355.0,139834
1775797200,1355.0,1356.8,1353.7,1355.5,85087
1775797500,1355.5,1356.3,1351.1,1351.6,97781
1775797800,1351.6,1353.2,1351.4,1351.5,49345
1775798100,1351.5,1354.0,1351.0,1352.9,43178
1775798400,1353.0,1354.0,1352.1,1352.7,27759
1775798700,1352.4,1355.8,1351.3,1355.8,48786
1775799000,1355.4,1358.4,1355.4,1356.0,97515
1775799300,1356.3,1357.0,1355.1,1356.6,33935
1775799600,1356.7,1357.8,1354.5,1355.6,79003
1775799900,1355.7,1355.7,1352.7,1353.5,51552
1775800200,1353.8,1354.0,1352.5,1352.5,54825
1775800500,1352.6,1355.0,1352.1,1352.7,61939
1775800800,1352.9,1354.5,1352.3,1353.3,43635
1775801100,1353.7,1354.0,1351.9,1351.9,51176
1775801400,1352.0,1353.6,1351.8,1352.4,26564
1775801700,1352.8,1352.9,1350.4,1351.3,51015
1775802000,1351.4,1352.9,1350.8,1350.9,69054
1775802300,1351.1,1352.3,1350.7,1351.8,33417
1775802600,1352.0,1352.9,1351.1,1352.7,28437
1775802900,1352.7,1352.9,1350.7,1352.1,125456
1775803200,1352.1,1352.7,1350.2,1350.5,46280
1775803500,1350.6,1351.1,1350.1,1351.0,23803
1775803800,1351.1,1351.1,1350.0,1351.0,96721
1775804100,1351.1,1351.8,1349.6,1350.7,116287
1775804400,1350.3,1351.4,1348.0,1348.0,138895
1775804700,1348.1,1351.3,1348.1,1351.3,83067
1775805000,1351.3,1352.5,1351.0,1351.0,70067
1775805300,1351.1,1352.2,1349.6,1350.3,66738
1775805600,1350.4,1350.6,1347.8,1348.6,131898
1775805900,1349.0,1350.1,1348.0,1349.2,85146
1775806200,1349.4,1349.9,1348.4,1349.9,46546
1775806500,1349.8,1350.6,1349.3,1349.8,51073
1775806800,1349.8,1350.0,1348.7,1349.1,39346
1775807100,1349.1,1349.9,1348.5,1349.2,42300
1775807400,1349.4,1349.8,1349.0,1349.6,31848
1775807700,1349.5,1349.8,1349.0,1349.1,42333
1775808000,1349.1,1349.5,1347.5,1348.8,58539
1775808300,1348.8,1349.1,1347.3,1348.7,43730
1775808600,1348.8,1350.7,1348.4,1350.3,158460
1775808900,1350.3,1351.2,1347.8,1348.2,92564
1775809200,1348.1,1349.5,1348.0,1349.2,45451
1775809500,1349.0,1349.9,1348.3,1349.5,166705
1775809800,1349.5,1351.4,1349.4,1350.4,74437
1775810100,1350.4,1351.5,1350.3,1351.4,42167
1775810400,1351.4,1352.2,1348.5,1349.6,96788
1775810700,1349.5,1349.6,1344.1,1347.2,140592
1775811000,1347.3,1348.2,1343.9,1344.3,75863
1775811300,1344.3,1345.9,1343.6,1345.3,65556
1775811600,1345.1,1346.9,1344.8,1346.0,92364
1775811900,1346.0,1346.8,1344.8,1346.4,58219
1775812200,1346.4,1346.9,1345.4,1346.4,53530
1775812500,1346.2,1348.6,1345.2,1348.3,67113
1775812800,1348.3,1349.2,1347.7,1348.1,55713
1775813100,1348.1,1348.9,1348.0,1348.1,38548
1775813400,1348.2,1349.4,1347.2,1349.4,163666
1775813700,1349.2,1351.5,1348.7,1351.3,234352
1775814000,1351.0,1352.4,1350.4,1351.3,222010
1775814300,1351.2,1351.5,1349.9,1350.2,180035
1775814600,1350.2,1352.5,1350.0,1351.8,294659
1775814900,1351.9,1353.0,1350.0,1351.1,109461
1776051900,1318.0,1330.5,1315.3,1322.5,667937
1776052200,1322.5,1325.0,1321.2,1324.8,148829
1776052500,1324.8,1326.6,1323.8,1324.3,170827
1776052800,1324.6,1326.3,1322.1,1324.8,152636
1776053100,1324.2,1327.9,1323.6,1327.0,63345
1776053400,1327.1,1331.0,1327.0,1329.6,277084
1776053700,1330.0,1331.0,1328.0,1330.0,152332
1776054000,1330.0,1330.9,1329.0,1329.2,41235
1776054300,1329.3,1331.0,1327.9,1327.9,56237
1776054600,1328.1,1330.2,1326.7,1329.6,67801
1776054900,1329.6,1329.8,1327.7,1328.7,49385
1776055200,1328.8,1329.9,1328.0,1329.3,62710
1776055500,1329.3,1332.0,1329.0,1332.0,108235
1776055800,1331.9,1336.3,1331.9,1336.3,76965
1776056100,1336.2,1339.2,1336.0,1336.7,68544
1776056400,1336.8,1337.3,1332.6,1334.6,98448
1776056700,1334.4,1336.6,1332.8,1336.0,107987
1776057000,1336.0,1340.0,1335.0,1339.3,89597
1776057300,1339.0,1341.7,1339.0,1340.0,184485
1776057600,1340.3,1341.0,1339.0,1339.6,75890
1776057900,1339.7,1341.0,1338.3,1339.1,216104
1776058200,1339.4,1340.6,1338.0,1340.2,63891
1776058500,1340.2,1341.9,1340.2,1341.3,29551
1776058800,1341.3,1342.5,1340.4,1341.0,39508
1776059100,1340.8,1341.8,1340.1,1340.2,57432
1776059400,1340.3,1341.5,1339.2,1340.0,78470
1776059700,1340.0,1341.5,1339.3,1339.3,57508
1776060000,1339.7,1341.0,1339.1,1339.9,42588
1776060300,1339.9,1343.7,1339.9,1343.2,83767
1776060600,1343.2,1343.3,1341.8,1343.2,40290
1776060900,1342.6,1345.9,1342.2,1344.1,83283
1776061200,1344.2,1346.2,1344.1,1345.0,106027
1776061500,1345.0,1346.9,1344.6,1344.6,77046
1776061800,1344.6,1346.1,1344.6,1346.0,36770
1776062100,1345.9,1347.5,1345.8,1345.9,77356
1776062400,1346.2,1348.5,1345.9,1348.1,56462
1776062700,1348.2,1349.9,1348.2,1349.9,29733
1776063000,1349.9,1351.4,1349.0,1350.2,143673
1776063300,1350.0,1353.5,1350.0,1353.2,65529
1776063600,1353.2,1353.5,1350.7,1351.0,94713
1776063900,1351.0,1353.6,1350.9,1353.1,69233
1776064200,1353.1,1355.6,1352.2,1355.6,90588
1776064500,1355.4,1355.5,1353.3,1354.7,68910
1776064800,1354.8,1355.5,1353.1,1353.4,111381
1776065100,1353.4,1353.8,1350.1,1351.7,129187
1776065400,1351.7,1353.8,1350.7,1352.7,114307
1776065700,1352.6,1355.0,1352.6,1354.4,83905
1776066000,1354.4,1355.1,1353.0,1354.7,92221
1776066300,1354.5,1355.2,1352.0,1354.9,157848
1776066600,1354.9,1355.4,1353.7,1355.0,104419
1776066900,1355.0,1355.5,1353.3,1353.9,61437
1776067200,1354.4,1356.7,1353.5,1356.1,80279
1776067500,1356.5,1356.5,1354.4,1355.6,104247
1776067800,1355.7,1356.0,1353.4,1355.1,100796
1776068100,1355.1,1356.6,1354.0,1356.3,69934
1776068400,1356.4,1361.0,1355.1,1360.6,142225
1776068700,1360.8,1363.8,1360.2,1362.6,171912
1776069000,1362.6,1364.4,1362.2,1363.9,135926
1776069300,1364.0,1364.5,1361.6,1363.3,171424
1776069600,1362.4,1363.0,1360.3,1361.4,149482
1776069900,1361.5,1362.4,1358.5,1361.0,189053
1776070200,1361.6,1363.3,1360.6,1363.1,134654
1776070500,1363.1,1365.4,1362.7,1363.4,124658
1776070800,1363.4,1365.1,1362.7,1364.4,106428
1776071100,1364.0,1366.9,1363.0,1363.2,233226
1776071400,1363.9,1364.3,1360.8,1362.3,110561
1776071700,1362.0,1363.0,1360.9,1362.2,153403
1776072000,1362.2,1362.2,1360.0,1360.7,93230
1776072300,1360.3,1361.6,1358.4,1358.4,90821
1776072600,1358.5,1358.5,1352.2,1354.1,270961
1776072900,1354.2,1355.6,1350.9,1354.5,183488
1776073200,1354.5,1357.5,1352.9,1354.6,236923
1776073500,1354.6,1355.3,1351.6,1351.9,185877
1776073800,1352.3,1354.0,1351.5,1353.3,118500
1776074100,1353.2,1354.7,1349.2,1352.8,240441
1776224700,1367.0,1384.5,1366.7,1374.5,375241
1776225000,1373.5,1373.5,1367.3,1367.4,135217
1776225300,1367.0,1368.5,1364.1,1366.4,128210
1776225600,1366.3,1366.4,1362.0,1363.0,103896
1776225900,1362.9,1363.1,1359.7,1360.8,79766
1776226200,1360.9,1365.6,1360.8,1365.6,72722
1776226500,1365.3,1365.7,1363.6,1363.7,47665
1776226800,1363.7,1368.6,1363.1,1367.7,114831
1776227100,1367.7,1369.2,1367.1,1367.9,44242
1776227400,1367.9,1367.9,1364.5,1367.1,69718
1776227700,1367.3,1367.5,1365.2,1365.5,67421
1776228000,1365.5,1370.0,1364.7,1370.0,113188
1776228300,1369.8,1371.9,1369.8,1370.5,77113
1776228600,1370.4,1372.8,1369.4,1371.2,125867
1776228900,1371.4,1371.4,1368.2,1368.8,58260
1776229200,1368.7,1370.6,1368.4,1370.1,36804
1776229500,1370.4,1370.8,1368.2,1368.7,55150
1776229800,1368.8,1369.0,1367.2,1368.0,33111
1776230100,1368.0,1368.5,1367.4,1367.4,23532
1776230400,1367.5,1368.2,1366.3,1366.8,127390
1776230700,1366.9,1367.4,1364.9,1364.9,62276
1776231000,1365.3,1365.5,1362.2,1364.0,115845
1776231300,1363.8,1364.0,1360.3,1360.5,47984
1776231600,1360.6,1362.0,1360.0,1360.4,46899
1776231900,1360.5,1360.5,1358.0,1358.9,127318
1776232200,1359.0,1360.0,1357.3,1358.9,67934
1776232500,1358.0,1358.2,1355.8,1357.0,51910
1776232800,1356.9,1358.0,1356.2,1357.6,41182
1776233100,1357.6,1358.9,1357.6,1358.9,37920
1776233400,1358.8,1358.9,1357.2,1357.6,24246
1776233700,1357.5,1358.5,1357.1,1358.5,16771
1776234000,1358.4,1359.6,1358.0,1358.8,27113
1776234300,1358.7,1359.7,1358.0,1358.0,32585
1776234600,1358.0,1358.4,1355.9,1358.2,55989
1776234900,1358.2,1358.3,1356.6,1358.0,23777
1776235200,1358.0,1359.1,1357.5,1358.2,30714
1776235500,1357.9,1358.7,1357.1,1357.9,37556
1776235800,1357.9,1358.4,1354.1,1355.3,55287
1776236100,1355.5,1357.0,1353.4,1353.4,62641
1776236400,1353.5,1354.5,1350.6,1353.2,74139
1776236700,1352.7,1354.7,1351.0,1353.9,105341
1776237000,1353.9,1354.7,1353.0,1354.1,36261
1776237300,1354.1,1354.7,1353.1,1353.8,50157
1776237600,1354.2,1354.4,1351.5,1352.4,38313
1776237900,1352.4,1353.5,1351.1,1352.3,31169
1776238200,1352.3,1354.0,1351.6,1353.2,37336
1776238500,1353.2,1354.0,1351.5,1353.6,41879
1776238800,1353.6,1355.9,1353.2,1355.5,48644
1776239100,1355.9,1356.0,1354.0,1354.3,40205
1776239400,1354.4,1355.0,1352.5,1352.6,39377
1776239700,1352.6,1354.2,1351.7,1352.3,36337
1776240000,1352.3,1353.7,1351.6,1352.5,31368
1776240300,1352.6,1353.1,1350.7,1351.0,54954
1776240600,1351.0,1353.5,1350.1,1352.9,37555
1776240900,1352.8,1353.8,1352.0,1352.6,69609
1776241200,1352.6,1352.6,1349.9,1350.9,81377
1776241500,1351.2,1351.9,1350.6,1351.3,32697
1776241800,1351.4,1354.0,1350.8,1353.0,38106
1776242100,1352.9,1354.3,1352.6,1353.0,39530
1776242400,1353.0,1353.4,1351.4,1352.1,40697
1776242700,1352.1,1352.3,1349.0,1351.9,72937
1776243000,1351.9,1352.7,1351.0,1351.4,58612
1776243300,1351.3,1354.3,1351.2,1353.1,73661
1776243600,1353.2,1353.5,1351.4,1352.1,99162
1776243900,1352.1,1352.4,1349.1,1350.1,82598
1776244200,1350.1,1350.8,1349.8,1350.3,47578
1776244500,1350.2,1352.0,1350.2,1352.0,55718
1776244800,1352.7,1358.2,1352.7,1357.8,271221
1776245100,1357.8,1360.2,1355.1,1355.1,337922
1776245400,1355.7,1357.2,1354.6,1356.4,236138
1776245700,1356.4,1356.6,1352.2,1353.9,273081
1776246000,1354.3,1359.0,1353.3,1358.1,396206
1776246300,1358.2,1358.2,1353.9,1355.1,394691
1776246600,1355.3,1355.8,1354.2,1355.0,209757
1776246900,1355.2,1355.2,1351.0,1351.5,200331
1776311100,1362.0,1364.1,1353.3,1363.0,251908
1776311400,1362.9,1364.5,1358.6,1361.0,92394
1776311700,1361.0,1363.0,1359.5,1360.5,64917
1776312000,1360.8,1361.3,1356.3,1357.3,96087
1776312300,1357.9,1358.3,1353.3,1356.3,97544
1776312600,1356.6,1356.9,1352.1,1352.1,40624
1776312900,1352.1,1357.6,1351.5,1357.0,63579
1776313200,1357.2,1357.5,1350.3,1352.0,100601
1776313500,1352.0,1352.0,1348.6,1349.1,59501
1776313800,1349.1,1351.8,1348.3,1351.6,55692
1776314100,1351.0,1351.6,1348.5,1350.8,66590
1776314400,1350.9,1353.3,1350.5,1352.8,63869
1776314700,1353.1,1354.4,1349.0,1349.6,92347
1776315000,1349.6,1350.0,1348.2,1348.8,40439
1776315300,1348.7,1349.5,1345.6,1347.6,70559
1776315600,1347.4,1348.3,1345.3,1347.5,34369
1776315900,1347.4,1349.7,1344.1,1344.9,57626
1776316200,1344.9,1346.0,1344.9,1345.7,28031
1776316500,1345.7,1347.8,1344.6,1347.3,83299
1776316800,1347.3,1348.1,1346.5,1348.1,27838
1776317100,1348.1,1350.0,1346.2,1350.0,71096
1776317400,1350.0,1352.3,1349.6,1351.9,99806
1776317700,1351.3,1354.3,1351.2,1354.3,79935
1776318000,1353.4,1354.6,1352.0,1354.5,83925
1776318300,1354.5,1356.1,1353.6,1355.6,94842
1776318600,1355.9,1357.6,1355.3,1357.3,137523
1776318900,1357.3,1357.4,1354.2,1355.0,65910
1776319200,1355.0,1356.1,1354.0,1354.9,47583
1776319500,1354.6,1355.1,1352.0,1353.1,40127
1776319800,1353.0,1353.6,1350.6,1351.2,57607
1776320100,1351.4,1351.6,1349.3,1350.5,54973
1776320400,1350.6,1351.7,1349.1,1351.7,53214
1776320700,1351.7,1351.7,1347.5,1348.0,53604
1776321000,1348.2,1348.3,1346.2,1347.2,49016
1776321300,1347.2,1349.4,1346.6,1348.3,39456
1776321600,1348.3,1349.8,1347.3,1348.6,39345
1776321900,1348.5,1349.5,1347.3,1349.4,54130
1776322200,1349.5,1349.6,1345.1,1346.8,47531
1776322500,1346.5,1347.3,1344.8,1346.3,63821
1776322800,1346.3,1347.5,1345.1,1345.2,28902
1776323100,1345.0,1347.0,1344.8,1346.5,20855
1776323400,1346.9,1347.7,1346.2,1346.4,20277
1776323700,1346.5,1347.1,1345.2,1345.8,22808
1776324000,1345.9,1346.9,1343.0,1344.9,37825
1776324300,1344.4,1346.7,1344.4,1346.7,21589
1776324600,1346.6,1347.9,1346.4,1346.8,22065
1776324900,1346.8,1347.0,1345.0,1345.9,30631
1776325200,1345.4,1347.0,1344.5,1346.8,49079
1776325500,1346.8,1347.4,1345.0,1346.8,26531
1776325800,1347.4,1347.4,1345.5,1345.6,16907
1776326100,1345.5,1346.7,1345.3,1345.8,13404
1776326400,1345.9,1346.1,1345.0,1345.7,18926
1776326700,1345.8,1345.9,1345.0,1345.3,13441
1776327000,1345.3,1347.8,1345.0,1347.3,19305
1776327300,1347.2,1349.4,1347.0,1348.8,17965
1776327600,1348.9,1351.7,1348.6,1351.1,71267
1776327900,1351.2,1351.8,1349.6,1350.7,23479
1776328200,1350.7,1350.7,1347.5,1348.2,40152
1776328500,1348.0,1351.6,1347.5,1350.8,44594
1776328800,1351.0,1352.3,1350.1,1351.4,50970
1776329100,1351.4,1352.3,1350.6,1351.2,46638
1776329400,1351.1,1352.7,1350.5,1352.0,32574
1776329700,1352.2,1354.0,1351.7,1353.8,36128
1776330000,1354.0,1357.0,1353.6,1356.6,74317
1776330300,1356.8,1358.0,1355.2,1357.0,94749
1776330600,1357.0,1357.5,1353.6,1353.6,108328
1776330900,1354.1,1355.5,1353.0,1353.7,85533
1776331200,1353.7,1355.9,1352.0,1353.6,85619
1776331500,1353.6,1353.7,1349.2,1350.3,65147
1776331800,1350.3,1350.8,1347.5,1348.5,260521
1776332100,1348.5,1349.7,1347.5,1347.5,238026
1776332400,1347.6,1353.4,1347.6,1351.7,245928
1776332700,1351.8,1352.8,1347.5,1348.4,251260
1776333000,1348.1,1350.3,1347.9,1350.0,152885
1776333300,1350.2,1351.9,1347.2,1350.0,97351
1776397500,1353.0,1353.3,1346.0,1347.1,185504
1776397800,1346.9,1347.9,1344.1,1344.2,103428
1776398100,1344.2,1349.8,1344.2,1348.1,51866
1776398400,1348.1,1348.7,1345.1,1347.0,59996
1776398700,1346.5,1350.6,1346.3,1349.7,68652
1776399000,1349.5,1352.6,1348.0,1349.0,61572
1776399300,1349.0,1351.0,1349.0,1350.6,27963
1776399600,1350.6,1351.3,1347.6,1348.4,35507
1776399900,1348.4,1349.6,1347.1,1347.8,28607
1776400200,1347.8,1349.5,1347.2,1348.6,33660
1776400500,1348.6,1351.5,1348.6,1349.5,40040
1776400800,1349.5,1350.3,1347.6,1348.9,40139
1776401100,1349.0,1351.4,1349.0,1351.2,32423
1776401400,1351.5,1351.8,1350.6,1351.7,28190
1776401700,1351.7,1354.2,1351.5,1352.4,56862
1776402000,1352.3,1352.6,1347.7,1347.8,70423
1776402300,1348.4,1352.1,1347.8,1351.3,43629
1776402600,1351.2,1351.6,1348.1,1348.8,52672
1776402900,1348.8,1349.9,1346.7,1347.0,49913
1776403200,1346.7,1347.0,1345.6,1346.4,41676
1776403500,1346.4,1348.2,1346.1,1346.8,52400
1776403800,1346.6,1348.2,1345.7,1347.3,68357
1776404100,1347.3,1349.3,1346.4,1347.8,38462
1776404400,1347.8,1348.4,1346.4,1346.5,48014
1776404700,1346.5,1347.8,1346.3,1346.8,42107
1776405000,1346.8,1347.9,1346.2,1346.8,37073
1776405300,1346.6,1347.9,1346.2,1347.3,33519
1776405600,1347.2,1349.0,1347.2,1348.6,52821
1776405900,1348.7,1350.3,1348.4,1349.3,65636
1776406200,1349.3,1352.4,1348.8,1351.5,64577
1776406500,1351.5,1351.5,1350.0,1350.9,49503
1776406800,1350.5,1351.4,1350.0,1351.0,38735
1776407100,1350.9,1353.2,1350.2,1350.3,67459
1776407400,1350.5,1352.9,1350.0,1350.6,69643
1776407700,1350.8,1351.0,1349.3,1349.8,30561
1776408000,1349.8,1351.8,1348.7,1351.6,34977
1776408300,1351.6,1353.0,1351.0,1351.7,39895
1776408600,1352.0,1352.7,1350.7,1352.2,56712
1776408900,1352.2,1353.3,1351.6,1353.0,29700
1776409200,1352.7,1353.0,1350.0,1350.0,38205
1776409500,1350.4,1351.9,1350.0,1351.4,27191
1776409800,1351.7,1352.8,1351.2,1351.6,33961
1776410100,1351.2,1352.7,1350.7,1352.0,33210
1776410400,1352.0,1352.0,1350.1,1351.5,33313
1776410700,1351.5,1352.8,1351.0,1352.2,30509
1776411000,1352.2,1352.2,1350.5,1350.7,28412
1776411300,1351.2,1352.9,1350.5,1352.5,34371
1776411600,1352.6,1353.5,1352.1,1352.5,34973
1776411900,1352.5,1353.9,1352.0,1353.0,36494
1776412200,1353.0,1353.0,1351.1,1351.6,33771
1776412500,1351.6,1352.7,1350.2,1352.5,46628
1776412800,1352.5,1356.3,1352.2,1356.3,87659
1776413100,1356.4,1356.9,1355.0,1355.8,43037
1776413400,1355.8,1357.8,1355.2,1355.3,59632
1776413700,1355.3,1356.2,1354.0,1354.0,36476
1776414000,1354.4,1354.5,1352.8,1353.9,32981
1776414300,1353.7,1354.9,1352.2,1353.1,37138
1776414600,1353.4,1355.6,1353.2,1354.6,33406
1776414900,1354.8,1357.4,1354.0,1356.2,45058
1776415200,1356.2,1357.3,1355.5,1356.5,29547
1776415500,1356.3,1360.0,1356.1,1360.0,57702
1776415800,1360.0,1362.0,1359.7,1361.0,54366
1776416100,1360.6,1361.5,1359.6,1360.4,100831
1776416400,1360.4,1361.8,1359.4,1361.2,44138
1776416700,1361.2,1361.9,1360.7,1361.6,34914
1776417000,1361.2,1363.0,1360.0,1362.2,58813
1776417300,1362.6,1363.9,1360.0,1360.3,78400
1776417600,1361.0,1361.2,1358.7,1359.3,48830
1776417900,1359.6,1360.7,1358.4,1359.7,55691
1776418200,1359.6,1359.9,1357.7,1358.5,86957
1776418500,1358.5,1360.6,1356.9,1359.0,163555
1776418800,1358.4,1359.0,1357.4,1357.9,100817
1776419100,1357.9,1361.0,1357.1,1360.0,114802
1776419400,1360.0,1361.3,1358.5,1360.0,97519
1776419700,1360.7,1364.3,1359.8,1364.0,102141
1776656700,1359.5,1367.4,1358.0,1362.1,331749
1776657000,1363.7,1367.7,1362.8,1366.7,95461
1776657300,1364.6,1371.3,1363.9,1370.4,124058
1776657600,1370.5,1371.9,1368.2,1371.2,110644
1776657900,1371.1,1374.0,1368.3,1369.7,112235
1776658200,1369.8,1371.9,1364.7,1366.0,61787
1776658500,1365.6,1367.2,1363.0,1365.2,46377
1776658800,1365.2,1367.3,1364.4,1367.3,30795
1776659100,1367.3,1367.8,1364.4,1364.5,37920
1776659400,1364.6,1368.8,1364.0,1367.9,33402
1776659700,1367.9,1369.2,1367.6,1368.6,44587
1776660000,1368.4,1369.5,1366.8,1368.6,37455
1776660300,1368.2,1368.6,1366.1,1366.1,31193
1776660600,1366.2,1369.0,1366.2,1368.2,27993
1776660900,1368.3,1368.8,1367.1,1367.1,31320
1776661200,1367.2,1368.0,1366.3,1366.4,45427
1776661500,1366.3,1366.4,1363.5,1364.8,55943
1776661800,1364.8,1365.9,1364.5,1365.3,25400
1776662100,1365.3,1365.5,1361.5,1364.0,58844
1776662400,1364.0,1364.3,1361.5,1363.8,22425
1776662700,1363.8,1365.3,1363.0,1365.1,31611
1776663000,1365.1,1366.5,1364.5,1365.7,108017
1776663300,1365.9,1366.5,1364.0,1364.2,66922
1776663600,1364.2,1365.9,1362.2,1362.2,140844
1776663900,1362.3,1364.4,1362.1,1362.7,38338
1776664200,1362.7,1364.6,1362.6,1363.9,20008
1776664500,1363.9,1365.0,1362.9,1364.7,27463
1776664800,1364.6,1365.5,1364.2,1364.2,33211
1776665100,1364.6,1364.9,1362.3,1362.6,24418
1776665400,1362.6,1362.8,1360.5,1361.0,47878
1776665700,1361.1,1361.7,1359.1,1359.4,46051
1776666000,1359.5,1362.0,1358.0,1361.8,64177
1776666300,1361.5,1363.6,1360.7,1363.0,66338
1776666600,1363.2,1363.7,1361.0,1361.3,40177
1776666900,1361.3,1361.6,1359.2,1359.5,25990
1776667200,1359.6,1359.6,1356.8,1356.8,35465
1776667500,1356.8,1357.4,1355.3,1356.4,38868
1776667800,1356.4,1358.3,1355.8,1357.8,29907
1776668100,1357.8,1359.2,1357.7,1358.2,29124
1776668400,1358.5,1359.1,1357.0,1358.8,24595
1776668700,1358.8,1360.1,1358.3,1359.4,27434
1776669000,1359.4,1360.0,1358.1,1358.6,28582
1776669300,1358.3,1360.0,1358.0,1358.6,28585
1776669600,1358.6,1360.0,1358.0,1358.4,36401
1776669900,1358.4,1359.6,1357.2,1357.4,39914
1776670200,1357.4,1357.8,1354.3,1357.4,52445
1776670500,1357.5,1357.8,1353.7,1353.7,64496
1776670800,1354.1,1355.0,1350.9,1353.2,49324
1776671100,1353.3,1354.4,1352.2,1352.9,41990
1776671400,1353.1,1353.8,1349.3,1350.6,76397
1776671700,1350.7,1351.7,1348.0,1350.9,69468
1776672000,1351.0,1351.9,1349.4,1351.8,45112
1776672300,1351.8,1352.0,1350.1,1350.9,35502
1776672600,1350.9,1353.7,1350.3,1352.4,35811
1776672900,1352.3,1352.4,1349.6,1349.6,52621
1776673200,1349.7,1352.5,1349.6,1352.4,54639
1776673500,1352.4,1352.9,1349.5,1352.8,66123
1776673800,1352.9,1353.9,1351.0,1353.3,64932
1776674100,1353.5,1354.0,1352.1,1354.0,30923
1776674400,1354.0,1357.2,1353.9,1356.8,85603
1776674700,1356.9,1357.9,1356.0,1356.4,42413
1776675000,1356.4,1359.0,1356.3,1358.0,42768
1776675300,1358.3,1359.1,1357.1,1357.2,70018
1776675600,1357.2,1357.6,1354.7,1355.1,52859
1776675900,1355.1,1357.0,1354.7,1356.3,44223
1776676200,1356.3,1357.4,1354.3,1355.6,53378
1776676500,1355.9,1356.0,1352.6,1354.5,57621
1776676800,1354.5,1355.6,1353.7,1354.9,30048
1776677100,1354.8,1356.2,1354.1,1355.4,69139
1776677400,1355.4,1356.9,1355.1,1356.7,115328
1776677700,1356.8,1357.0,1355.0,1355.1,124939
1776678000,1355.1,1356.8,1355.0,1355.3,154916
1776678300,1355.4,1355.4,1351.6,1351.7,165890
1776678600,1352.4,1353.6,1351.4,1351.9,221290
1776678900,1351.9,1357.8,1351.7,1355.0,301646
1776743100,1361.0,1371.0,1354.7,1370.1,272167
1776743400,1370.1,1374.0,1370.1,1371.6,108636
1776743700,1371.4,1372.2,1369.4,1369.4,73591
1776744000,1369.5,1372.5,1369.0,1371.6,47166
1776744300,1371.6,1373.5,1370.6,1372.0,74689
1776744600,1371.7,1372.4,1370.1,1371.4,34514
1776744900,1371.3,1374.9,1371.1,1374.6,63098
1776745200,1374.9,1376.5,1373.9,1374.2,59924
1776745500,1374.3,1375.0,1373.2,1374.3,30829
1776745800,1374.4,1376.1,1372.2,1373.4,67192
1776746100,1373.4,1373.9,1371.5,1372.7,41761
1776746400,1372.7,1373.5,1371.6,1373.1,25676
1776746700,1373.1,1374.2,1368.6,1368.8,84627
1776747000,1368.8,1370.6,1368.2,1370.1,42274
1776747300,1370.5,1371.9,1369.6,1369.8,51422
1776747600,1370.2,1372.5,1369.1,1372.2,70906
1776747900,1372.2,1373.4,1371.2,1373.0,31287
1776748200,1372.9,1373.0,1370.3,1372.1,29907
1776748500,1372.1,1373.7,1372.1,1373.3,17979
1776748800,1373.3,1373.9,1372.9,1373.9,26657
1776749100,1373.6,1373.9,1372.1,1372.5,49050
1776749400,1373.0,1373.0,1371.0,1371.4,43196
1776749700,1371.3,1371.5,1369.2,1369.8,63730
1776750000,1369.8,1370.2,1368.6,1369.2,31661
1776750300,1369.2,1369.7,1368.2,1369.3,26631
1776750600,1369.3,1369.6,1368.7,1369.4,23134
1776750900,1369.5,1370.7,1368.2,1370.3,39273
1776751200,1370.3,1371.0,1368.5,1368.9,36794
1776751500,1368.9,1369.4,1368.2,1368.9,37377
1776751800,1368.9,1369.0,1368.2,1368.2,47911
1776752100,1368.2,1368.3,1365.8,1366.1,74721
1776752400,1366.0,1366.1,1365.1,1365.5,26130
1776752700,1365.6,1366.5,1365.5,1366.3,23715
1776753000,1366.7,1369.1,1365.5,1369.1,68736
1776753300,1369.2,1370.4,1368.5,1369.8,22799
1776753600,1370.0,1372.0,1369.0,1371.6,72301
1776753900,1371.6,1371.7,1369.5,1371.5,34899
1776754200,1371.5,1373.6,1371.0,1372.8,53373
1776754500,1372.0,1372.8,1371.2,1371.7,38669
1776754800,1371.7,1372.7,1370.0,1370.1,20420
1776755100,1369.8,1372.9,1369.4,1372.8,37453
1776755400,1372.6,1372.9,1371.7,1372.9,31000
1776755700,1372.9,1372.9,1371.2,1372.7,37064
1776756000,1372.7,1373.3,1370.5,1372.0,95187
1776756300,1372.0,1374.0,1371.9,1372.3,77254
1776756600,1372.7,1374.0,1371.7,1371.9,74837
1776756900,1371.9,1373.2,1370.6,1372.0,78230
1776757200,1371.5,1373.1,1371.2,1373.1,39662
1776757500,1373.1,1374.9,1372.7,1374.1,180341
1776757800,1374.2,1374.8,1373.3,1374.6,34282
1776758100,1374.6,1376.8,1374.2,1375.9,74189
1776758400,1375.9,1377.0,1375.2,1376.9,47925
1776758700,1376.8,1377.3,1374.4,1375.7,88547
1776759000,1376.3,1376.4,1372.9,1374.6,66598
1776759300,1374.6,1374.8,1373.3,1374.7,63351
1776759600,1374.5,1376.0,1374.2,1375.5,25679
1776759900,1376.0,1376.6,1375.3,1376.4,28458
1776760200,1376.4,1377.0,1375.0,1376.0,133556
1776760500,1376.0,1376.0,1374.7,1375.0,45184
1776760800,1375.0,1376.5,1374.5,1376.5,46489
1776761100,1376.5,1379.0,1376.0,1377.9,134770
1776761400,1377.9,1379.0,1377.4,1378.3,67797
1776761700,1378.4,1380.3,1376.4,1376.5,186180
1776762000,1376.9,1376.9,1375.2,1375.6,43928
1776762300,1375.3,1376.2,1374.3,1376.2,52235
1776762600,1376.2,1376.3,1373.4,1373.7,63955
1776762900,1374.0,1375.8,1373.2,1375.8,44984
1776763200,1375.6,1377.4,1375.5,1377.4,32380
1776763500,1377.6,1379.4,1377.3,1378.2,79342
1776763800,1378.2,1379.5,1376.3,1377.9,285859
1776764100,1378.2,1378.4,1375.3,1377.4,142088
1776764400,1377.5,1378.9,1376.3,1377.9,160339
1776764700,1377.9,1380.1,1376.1,1376.7,180387
1776765000,1376.6,1378.2,1376.0,1377.0,149972
1776765300,1376.8,1380.0,1375.0,1375.5,76077
1776829500,1370.0,1377.0,1370.0,1374.2,133976
1776829800,1374.6,1376.9,1373.7,1375.8,83442
1776830100,1375.2,1375.8,1373.0,1373.5,46046
1776830400,1373.5,1373.5,1371.2,1373.1,52809
1776830700,1373.0,1374.0,1372.6,1372.8,27945
1776831000,1372.9,1372.9,1369.1,1369.2,56300
1776831300,1369.4,1370.1,1368.5,1369.2,37871
1776831600,1369.3,1371.9,1368.0,1370.8,50019
1776831900,1370.7,1371.7,1370.0,1370.3,33926
1776832200,1370.2,1370.2,1366.0,1369.4,56574
1776832500,1369.4,1370.1,1368.1,1368.1,26918
1776832800,1368.3,1369.3,1368.0,1368.3,27971
1776833100,1368.3,1371.1,1368.2,1370.8,32396
1776833400,1370.8,1371.0,1368.0,1368.9,30086
1776833700,1369.0,1370.1,1368.7,1369.5,29802
1776834000,1369.3,1372.0,1369.0,1371.6,32224
1776834300,1371.5,1374.5,1370.5,1374.5,73490
1776834600,1374.5,1378.4,1374.4,1376.9,73446
1776834900,1376.8,1379.8,1376.4,1377.1,68762
1776835200,1377.2,1379.4,1377.0,1378.8,52008
1776835500,1379.2,1382.4,1378.8,1382.2,55232
1776835800,1382.0,1382.7,1380.8,1382.7,34734
1776836100,1382.3,1382.4,1381.0,1381.5,30805
1776836400,1381.6,1383.0,1380.5,1383.0,38486
1776836700,1382.8,1387.1,1382.8,1386.7,55828
1776837000,1386.7,1389.0,1386.7,1387.7,43703
1776837300,1387.7,1388.9,1387.4,1387.8,34606
1776837600,1387.7,1390.5,1385.6,1390.0,217440
1776837900,1390.0,1390.6,1389.0,1389.5,260558
1776838200,1389.1,1390.1,1387.8,1387.9,37291
1776838500,1387.9,1388.1,1384.4,1385.1,55675
1776838800,1385.1,1388.7,1385.0,1388.3,35765
1776839100,1388.3,1388.8,1387.0,1387.6,33068
1776839400,1387.4,1388.0,1385.9,1388.0,33547
1776839700,1387.8,1389.0,1387.8,1388.7,22072
1776840000,1388.7,1388.7,1384.8,1385.5,37779
1776840300,1385.5,1386.9,1384.1,1384.5,52777
1776840600,1384.5,1386.4,1384.5,1385.9,27505
1776840900,1385.9,1388.0,1385.4,1387.8,25242
1776841200,1387.8,1388.9,1387.0,1387.8,35376
1776841500,1387.8,1388.9,1386.5,1388.5,21944
1776841800,1387.9,1388.8,1387.2,1388.0,20790
1776842100,1388.0,1388.8,1386.7,1387.3,34071
1776842400,1387.3,1388.5,1386.7,1388.2,19106
1776842700,1388.2,1388.9,1387.9,1388.8,21598
1776843000,1388.6,1389.1,1387.3,1388.9,28614
1776843300,1388.7,1389.3,1386.9,1387.4,27748
1776843600,1387.4,1387.4,1386.1,1387.4,23944
1776843900,1387.2,1387.9,1386.0,1387.0,28411
1776844200,1387.4,1387.6,1383.6,1384.5,66347
1776844500,1384.4,1387.0,1383.9,1386.1,30797
1776844800,1385.7,1387.0,1385.7,1387.0,27696
1776845100,1387.0,1388.7,1386.6,1387.5,28229
1776845400,1387.0,1388.7,1386.5,1387.1,26262
1776845700,1387.4,1389.0,1386.5,1388.7,46304
1776846000,1388.5,1389.0,1386.5,1387.1,35401
1776846300,1387.4,1390.8,1387.3,1390.1,70821
1776846600,1390.1,1391.0,1389.2,1389.2,87824
1776846900,1389.2,1389.9,1388.0,1389.2,38860
1776847200,1389.1,1389.5,1387.9,1388.3,29059
1776847500,1388.5,1388.5,1384.2,1385.8,62885
1776847800,1385.4,1386.6,1384.9,1386.0,26742
1776848100,1386.0,1388.3,1385.9,1386.9,44253
1776848400,1386.9,1387.0,1384.6,1386.2,77006
1776848700,1386.2,1387.2,1385.2,1385.9,48414
1776849000,1385.9,1386.9,1385.1,1385.1,50406
1776849300,1385.0,1385.3,1383.5,1384.0,73496
1776849600,1384.0,1384.0,1382.1,1382.3,84656
1776849900,1382.1,1383.5,1381.2,1382.8,63399
1776850200,1383.3,1383.3,1380.6,1380.6,83972
1776850500,1380.8,1381.1,1379.0,1380.1,89063
1776850800,1380.7,1381.4,1378.5,1379.5,113500
1776851100,1379.8,1380.3,1378.4,1378.8,81861
1776851400,1378.5,1379.5,1377.4,1377.5,81036
1776851700,1377.7,1378.3,1371.2,1375.0,84849
1776915900,1369.0,1375.5,1365.4,1371.2,195097
1776916200,1371.4,1376.2,1370.4,1373.4,80765
1776916500,1373.7,1375.5,1371.9,1375.4,58207
1776916800,1375.0,1378.5,1373.5,1375.6,62769
1776917100,1375.1,1376.7,1374.7,1375.9,55119
1776917400,1376.2,1379.6,1375.5,1379.4,29427
1776917700,1379.4,1381.4,1377.6,1380.7,55914
1776918000,1380.9,1382.4,1380.1,1380.1,59214
1776918300,1380.5,1382.8,1379.2,1379.7,63215
1776918600,1380.0,1382.0,1378.3,1381.0,111047
1776918900,1381.0,1381.6,1379.7,1380.0,119427
1776919200,1380.2,1381.9,1378.9,1381.3,50388
1776919500,1381.6,1384.0,1381.2,1383.8,57099
1776919800,1383.7,1384.2,1381.2,1381.2,49105
1776920100,1381.1,1382.3,1380.1,1380.5,32026
1776920400,1380.5,1381.0,1378.6,1381.0,51907
1776920700,1381.0,1381.9,1378.0,1378.7,64897
1776921000,1378.8,1379.4,1375.7,1376.0,46410
1776921300,1376.2,1377.9,1375.2,1376.6,69432
1776921600,1376.6,1377.9,1375.1,1376.0,42940
1776921900,1376.1,1376.2,1372.7,1373.2,50002
1776922200,1373.2,1375.0,1372.0,1372.4,51838
1776922500,1372.5,1373.3,1371.6,1371.8,32266
1776922800,1372.0,1372.4,1368.8,1369.3,80605
1776923100,1369.1,1370.9,1368.2,1369.4,38661
1776923400,1369.6,1371.3,1369.1,1369.5,34476
1776923700,1369.5,1373.7,1369.3,1372.9,48153
1776924000,1373.0,1373.9,1371.8,1373.4,23453
1776924300,1373.8,1374.1,1371.8,1372.2,39804
1776924600,1372.8,1373.1,1371.0,1371.7,28543
1776924900,1371.2,1372.7,1370.0,1370.1,27932
1776925200,1370.4,1374.0,1369.9,1373.7,20796
1776925500,1373.7,1374.0,1371.0,1372.9,60672
1776925800,1372.8,1373.8,1371.6,1372.8,30957
1776926100,1373.0,1374.2,1372.3,1373.1,22898
1776926400,1373.7,1374.5,1373.0,1374.0,42646
1776926700,1374.0,1374.5,1370.2,1371.1,36044
1776927000,1371.3,1374.0,1370.2,1370.7,49393
1776927300,1370.8,1372.8,1369.6,1370.6,45604
1776927600,1370.7,1370.7,1367.1,1369.4,86801
1776927900,1369.2,1371.6,1368.9,1371.2,24813
1776928200,1371.3,1373.9,1371.0,1373.4,57345
1776928500,1373.4,1374.4,1372.7,1373.9,59816
1776928800,1373.9,1377.0,1373.8,1376.8,30490
1776929100,1376.9,1378.8,1376.6,1378.2,64033
1776929400,1378.3,1378.5,1375.7,1376.8,38375
1776929700,1376.9,1377.0,1374.3,1376.2,86245
1776930000,1376.4,1378.9,1375.1,1378.9,65805
1776930300,1379.0,1381.5,1377.4,1381.2,85372
1776930600,1381.2,1382.8,1380.0,1382.2,129757
1776930900,1382.2,1382.5,1380.0,1381.2,86060
1776931200,1381.2,1381.2,1379.1,1380.4,57837
1776931500,1380.4,1380.8,1376.9,1377.9,109535
1776931800,1377.9,1378.1,1376.4,1376.8,70658
1776932100,1376.8,1377.7,1374.7,1375.0,91566
1776932400,1375.0,1375.4,1373.5,1375.0,93190
1776932700,1375.0,1375.5,1374.1,1374.9,67626
1776933000,1374.8,1376.0,1373.2,1374.9,69629
1776933300,1374.8,1375.0,1371.6,1372.4,83275
1776933600,1372.6,1374.0,1371.1,1372.5,101960
1776933900,1373.0,1374.4,1372.0,1372.6,90605
1776934200,1372.3,1374.1,1370.6,1371.1,125935
1776934500,1371.2,1372.1,1369.6,1369.7,96556
1776934800,1369.7,1370.6,1369.0,1369.6,61660
1776935100,1369.6,1372.5,1368.6,1372.2,100989
1776935400,1372.3,1372.3,1370.0,1370.3,70190
1776935700,1370.4,1374.5,1370.2,1373.7,89800
1776936000,1373.8,1374.3,1369.9,1370.3,93015
1776936300,1370.4,1371.1,1369.0,1369.6,73412
1776936600,1369.3,1371.9,1367.6,1368.7,208322
1776936900,1368.8,1370.3,1367.4,1369.4,273897
1776937200,1369.5,1370.4,1368.0,1369.6,229473
1776937500,1369.8,1371.4,1368.0,1369.7,217369
1776937800,1370.1,1372.0,1369.3,1370.9,117534
1776938100,1371.0,1372.5,1368.0,1369.2,103993
1777002300,1369.0,1374.4,1366.0,1370.2,203856
1777002600,1370.2,1375.0,1370.2,1370.9,56798
1777002900,1371.0,1371.2,1367.5,1367.5,47229
1777003200,1367.1,1368.3,1364.4,1365.3,39405
1777003500,1365.1,1366.0,1363.2,1364.3,27685
1777003800,1364.3,1364.7,1360.3,1360.3,29042
1777004100,1360.3,1360.3,1357.3,1359.5,44679
1777004400,1359.7,1359.9,1357.9,1358.4,19453
1777004700,1358.0,1358.3,1356.0,1357.3,27585
1777005000,1357.5,1363.0,1357.5,1361.9,88318
1777005300,1361.7,1361.9,1358.8,1358.9,11172
1777005600,1359.1,1362.0,1358.3,1360.8,23739
1777005900,1360.8,1361.3,1358.8,1358.8,15507
1777006200,1358.8,1359.7,1357.5,1358.8,25522
1777006500,1358.4,1360.7,1355.4,1355.6,21433
1777006800,1355.4,1357.0,1355.0,1356.0,17015
1777007100,1356.0,1356.2,1353.6,1355.0,46666
1777007400,1354.9,1354.9,1352.6,1353.6,19438
1777007700,1353.6,1354.8,1352.5,1353.0,17302
1777008000,1352.9,1356.1,1352.9,1355.5,99836
1777008300,1356.0,1356.7,1353.0,1353.3,15960
1777008600,1353.3,1354.1,1350.0,1351.2,39304
1777008900,1351.2,1352.3,1350.5,1350.7,61408
1777009200,1350.9,1353.9,1350.2,1353.6,27703
1777009500,1353.6,1355.3,1353.2,1355.2,40945
1777009800,1355.2,1358.2,1355.2,1356.8,29028
1777010100,1356.6,1360.1,1356.6,1358.2,103024
1777010400,1358.2,1361.9,1358.0,1360.1,31955
1777010700,1360.1,1361.4,1359.0,1359.1,39415
1777011000,1359.5,1359.7,1357.2,1357.2,38996
1777011300,1357.4,1357.8,1355.8,1355.9,19078
1777011600,1356.4,1358.1,1355.3,1357.4,31499
1777011900,1357.1,1358.2,1355.9,1357.2,21419
1777012200,1357.3,1359.9,1356.9,1358.7,28012
1777012500,1358.7,1359.1,1356.7,1358.7,12942
1777012800,1358.8,1361.7,1357.5,1361.4,20502
1777013100,1360.9,1361.9,1359.8,1361.1,21708
1777013400,1361.1,1361.4,1359.3,1360.4,28928
1777013700,1360.4,1361.0,1357.5,1357.9,38351
1777014000,1357.5,1360.3,1357.5,1359.8,33624
1777014300,1359.7,1362.2,1359.4,1360.5,39603
1777014600,1360.3,1361.4,1358.1,1358.4,30904
1777014900,1358.4,1359.0,1358.0,1358.5,27685
1777015200,1358.6,1359.0,1357.9,1358.2,46294
1777015500,1358.3,1359.0,1356.8,1357.7,21167
1777015800,1357.7,1357.9,1355.7,1356.6,36368
1777016100,1356.9,1359.0,1356.3,1357.4,24398
1777016400,1357.2,1358.0,1355.1,1357.0,15137
1777016700,1357.0,1358.9,1355.8,1358.7,94522
1777017000,1358.6,1358.8,1357.3,1357.8,12109
1777017300,1358.1,1359.4,1357.8,1359.1,17208
1777017600,1359.7,1359.9,1358.2,1359.0,16611
1777017900,1358.8,1359.9,1356.1,1357.0,20001
1777018200,1356.7,1357.0,1353.4,1354.1,17743
1777018500,1354.2,1356.2,1354.2,1355.7,21889
1777018800,1355.6,1358.1,1355.3,1358.1,46638
1777019100,1357.9,1357.9,1356.1,1356.8,31140
1777019400,1357.2,1357.3,1353.9,1354.9,36560
1777019700,1355.4,1357.2,1354.7,1356.0,27899
1777020000,1356.4,1357.8,1355.8,1356.8,30039
1777020300,1356.8,1361.2,1356.5,1360.7,33848
1777020600,1360.7,1361.4,1359.0,1360.3,44714
1777020900,1360.3,1361.5,1358.7,1361.0,42850
1777021200,1360.6,1364.6,1360.5,1363.9,63143
1777021500,1364.2,1365.7,1362.9,1364.6,70187
1777021800,1364.3,1365.8,1362.9,1365.8,79252
1777022100,1365.6,1367.1,1363.5,1364.0,67650
1777022400,1364.0,1366.8,1361.3,1366.8,81814
1777022700,1366.2,1369.0,1365.1,1368.4,74254
1777023000,1368.4,1369.0,1365.1,1365.4,141648
1777023300,1365.5,1367.3,1365.2,1366.1,109351
1777023600,1366.3,1367.4,1365.7,1366.2,96203
1777023900,1366.3,1369.4,1365.8,1368.6,98791
1777024200,1369.1,1369.5,1367.4,1368.3,84939
1777024500,1368.3,1369.9,1362.0,1362.0,367195
1777261500,1325.0,1325.0,1299.9,1310.3,1138128
1777261800,1310.3,1314.9,1301.2,1302.3,397052
1777262100,1302.4,1311.0,1300.4,1308.9,481503
1777262400,1309.2,1312.0,1307.2,1311.4,346595
1777262700,1311.4,1316.9,1311.2,1314.8,192083
1777263000,1314.9,1315.3,1309.3,1313.2,592973
1777263300,1313.2,1319.0,1310.8,1318.7,283548
1777263600,1318.6,1319.6,1314.0,1314.6,224781
1777263900,1314.6,1318.5,1311.5,1318.5,719460
1777264200,1318.3,1319.9,1316.2,1317.5,187321
1777264500,1317.5,1320.9,1316.6,1319.7,177627
1777264800,1319.7,1322.2,1318.6,1319.7,90020
1777265100,1319.6,1321.9,1319.2,1320.1,105414
1777265400,1320.1,1320.2,1316.8,1318.9,105847
1777265700,1318.7,1319.8,1315.0,1316.0,148116
1777266000,1316.1,1316.2,1312.4,1314.3,195123
1777266300,1314.3,1314.4,1311.4,1313.0,147752
1777266600,1313.0,1314.0,1311.6,1313.4,73768
1777266900,1313.4,1316.4,1313.3,1315.7,67568
1777267200,1315.6,1319.0,1315.1,1317.6,78730
1777267500,1317.6,1317.8,1315.2,1315.8,46869
1777267800,1315.8,1316.4,1313.8,1315.3,61617
1777268100,1315.6,1316.8,1315.0,1315.6,46403
1777268400,1315.6,1316.7,1314.6,1316.1,69997
1777268700,1316.1,1318.9,1315.7,1317.9,49674
1777269000,1317.9,1318.6,1317.1,1318.6,51274
1777269300,1318.7,1318.8,1315.0,1315.3,68555
1777269600,1315.1,1316.1,1314.4,1315.4,110174
1777269900,1315.4,1315.4,1313.1,1314.1,124117
1777270200,1314.2,1315.9,1313.5,1314.8,199728
1777270500,1314.6,1317.3,1314.3,1317.3,122493
1777270800,1317.3,1317.3,1315.0,1316.6,57844
1777271100,1316.5,1317.6,1316.2,1317.4,46509
1777271400,1317.4,1317.7,1314.2,1316.6,96456
1777271700,1316.7,1317.9,1315.8,1316.3,72268
1777272000,1316.3,1317.6,1315.9,1316.6,50812
1777272300,1316.6,1319.3,1316.2,1318.4,56879
1777272600,1318.3,1319.4,1317.3,1318.8,57406
1777272900,1318.9,1319.0,1317.1,1317.7,58332
1777273200,1317.7,1318.5,1317.0,1318.3,46805
1777273500,1318.6,1319.9,1318.1,1318.7,74258
1777273800,1318.7,1319.1,1317.5,1318.2,45660
1777274100,1318.2,1318.8,1317.4,1318.1,66521
1777274400,1318.1,1320.0,1317.5,1319.6,57397
1777274700,1319.6,1319.8,1318.3,1319.3,50585
1777275000,1319.3,1320.7,1319.0,1319.0,61907
1777275300,1319.0,1320.3,1318.7,1319.8,49546
1777275600,1319.9,1320.3,1319.2,1320.3,42866
1777275900,1320.3,1321.0,1319.3,1319.6,52751
1777276200,1319.5,1319.8,1318.3,1319.8,58088
1777276500,1319.9,1320.3,1319.1,1319.8,50264
1777276800,1319.8,1320.6,1319.5,1320.5,49727
1777277100,1320.6,1320.8,1319.9,1320.3,36073
1777277400,1320.4,1320.7,1318.8,1318.8,87516
1777277700,1318.9,1320.4,1318.9,1319.5,48496
1777278000,1319.5,1319.5,1317.2,1318.3,71712
1777278300,1318.3,1320.0,1317.5,1320.0,66936
1777278600,1320.0,1321.6,1318.9,1320.3,148550
1777278900,1320.0,1320.6,1319.4,1320.4,48535
1777279200,1320.4,1323.5,1320.2,1323.1,71752
1777279500,1323.1,1325.9,1322.6,1325.2,116480
1777279800,1325.2,1325.8,1323.1,1323.7,81667
1777280100,1323.6,1324.1,1322.4,1323.8,93894
1777280400,1323.8,1324.0,1321.7,1323.2,96764
1777280700,1323.2,1324.0,1322.2,1323.7,115182
1777281000,1323.7,1324.9,1322.6,1324.9,130155
1777281300,1324.8,1326.3,1323.6,1326.0,140161
1777281600,1326.0,1326.1,1325.4,1325.9,104374
1777281900,1325.9,1327.3,1325.0,1325.5,133885
1777282200,1325.5,1325.9,1322.3,1323.0,174138
1777282500,1322.9,1323.9,1322.0,1323.3,166102
1777282800,1323.3,1325.3,1322.6,1325.3,173010
1777283100,1325.2,1325.4,1324.5,1325.4,198774
1777283400,1325.6,1326.2,1324.2,1324.2,238519
1777283700,1324.1,1325.4,1322.0,1325.4,144822
1777347900,1312.0,1317.5,1310.2,1317.0,517917
1777348200,1317.1,1318.8,1316.7,1318.1,95778
1777348500,1318.1,1319.7,1317.0,1318.5,128532
1777348800,1318.5,1319.9,1317.6,1319.3,86732
1777349100,1319.2,1321.4,1316.6,1317.2,56583
1777349400,1317.2,1317.6,1314.6,1314.6,64794
1777349700,1315.2,1316.9,1314.7,1315.1,67250
1777350000,1315.4,1315.6,1313.3,1315.1,59679
1777350300,1315.4,1315.9,1315.0,1315.6,28234
1777350600,1315.5,1315.9,1313.4,1314.6,55617
1777350900,1314.7,1315.4,1314.1,1314.9,37352
1777351200,1314.9,1314.9,1311.4,1312.2,71846
1777351500,1312.2,1313.7,1311.1,1311.3,206132
1777351800,1311.3,1311.6,1309.6,1310.0,82699
1777352100,1310.0,1310.0,1305.8,1306.1,115298
1777352400,1306.5,1306.7,1304.0,1305.6,115036
1777352700,1305.7,1305.7,1302.1,1303.0,96742
1777353000,1303.0,1305.0,1302.5,1304.3,167328
1777353300,1304.1,1305.4,1303.9,1304.9,102897
1777353600,1304.8,1305.7,1303.6,1303.6,121495
1777353900,1304.2,1305.0,1303.7,1304.9,103231
1777354200,1304.7,1304.7,1302.5,1302.9,70332
1777354500,1303.0,1303.0,1300.9,1301.8,378619
1777354800,1301.9,1302.6,1301.2,1301.3,61195
1777355100,1301.4,1301.4,1300.1,1300.3,96119
1777355400,1300.4,1300.9,1295.8,1297.5,159632
1777355700,1297.6,1297.6,1294.1,1294.4,115275
1777356000,1294.5,1294.5,1290.0,1291.9,177577
1777356300,1291.9,1294.9,1291.0,1294.5,138614
1777356600,1294.6,1295.0,1293.2,1294.7,134227
1777356900,1294.7,1295.5,1293.2,1294.3,185300
1777357200,1294.3,1294.9,1294.0,1294.2,53134
1777357500,1294.1,1295.6,1293.5,1295.2,78249
1777357800,1295.2,1295.5,1294.1,1294.9,60353
1777358100,1295.0,1296.4,1293.8,1296.0,70250
1777358400,1296.0,1297.6,1295.1,1296.0,453424
1777358700,1296.0,1299.0,1296.0,1296.2,108591
1777359000,1296.0,1296.7,1293.7,1294.7,66375
1777359300,1294.8,1295.5,1293.5,1293.6,61087
1777359600,1293.9,1293.9,1292.1,1293.3,60595
1777359900,1293.2,1294.0,1291.6,1292.4,72397
1777360200,1292.3,1293.4,1292.2,1293.0,36388
1777360500,1293.0,1293.8,1292.7,1293.5,44365
1777360800,1293.5,1295.1,1291.1,1291.5,154650
1777361100,1291.6,1292.3,1290.5,1291.3,51184
1777361400,1291.3,1293.1,1291.1,1292.6,55373
1777361700,1292.7,1293.2,1291.7,1292.9,94082
1777362000,1292.9,1292.9,1291.3,1291.6,33993
1777362300,1291.6,1293.0,1291.5,1292.6,28702
1777362600,1292.6,1294.5,1292.5,1294.3,233200
1777362900,1294.3,1294.5,1292.0,1292.3,38026
1777363200,1292.3,1292.4,1291.1,1292.4,40761
1777363500,1292.5,1292.7,1288.8,1290.0,107771
1777363800,1290.5,1292.8,1290.0,1291.3,51230
1777364100,1291.4,1292.5,1290.7,1292.2,46436
1777364400,1291.9,1293.3,1291.4,1291.9,49974
1777364700,1292.0,1293.5,1290.6,1290.6,71755
1777365000,1290.9,1291.7,1290.4,1290.9,34866
1777365300,1290.9,1291.8,1290.2,1290.7,56412
1777365600,1290.5,1291.6,1290.0,1291.0,60591
1777365900,1291.0,1292.0,1290.0,1291.5,53063
1777366200,1291.4,1292.3,1290.7,1291.6,61924
1777366500,1291.6,1292.4,1289.9,1290.4,185387
1777366800,1290.8,1291.3,1289.6,1289.8,114934
1777367100,1290.0,1290.8,1287.7,1288.0,108519
1777367400,1288.4,1290.7,1287.8,1290.5,127503
1777367700,1290.5,1291.0,1289.2,1290.1,115989
1777368000,1290.1,1290.9,1289.5,1290.6,218544
1777368300,1290.6,1291.0,1289.4,1290.0,119265
1777368600,1289.9,1290.1,1287.0,1289.2,390720
1777368900,1289.0,1290.5,1287.6,1289.0,526938
1777369200,1288.7,1291.2,1288.3,1291.0,366489
1777369500,1290.8,1291.2,1285.5,1288.0,423249
1777369800,1287.6,1289.9,1286.8,1289.4,279522
1777370100,1289.4,1291.0,1288.1,1290.0,458840
1777434300,1295.0,1297.5,1279.0,1282.1,322324
1777434600,1282.1,1286.8,1281.9,1283.3,120089
1777434900,1283.3,1287.0,1283.0,1285.8,46190
1777435200,1285.9,1287.0,1284.7,1284.7,51394
1777435500,1284.8,1285.3,1283.2,1283.9,39865
1777435800,1284.0,1286.2,1282.1,1285.7,49064
1777436100,1286.3,1287.2,1284.0,1285.9,73450
1777436400,1285.7,1285.7,1283.6,1283.9,63586
1777436700,1284.0,1284.0,1281.0,1282.0,114358
1777437000,1282.0,1285.8,1281.6,1285.6,140100
1777437300,1286.2,1286.6,1284.3,1285.0,93485
1777437600,1285.1,1286.1,1284.2,1285.0,222256
1777437900,1285.0,1287.5,1285.0,1285.8,294638
1777438200,1285.6,1287.9,1284.9,1287.5,184619
1777438500,1287.5,1289.8,1286.4,1289.3,89005
1777438800,1289.5,1290.5,1287.2,1290.2,93986
1777439100,1290.5,1290.5,1287.3,1288.9,67755
1777439400,1288.9,1290.0,1288.0,1288.5,38482
1777439700,1288.5,1291.3,1287.4,1291.3,158928
1777440000,1290.8,1291.5,1289.3,1289.9,34862
1777440300,1289.9,1290.3,1288.2,1290.0,54745
1777440600,1290.0,1290.4,1288.8,1289.2,29812
1777440900,1289.4,1291.1,1289.2,1290.7,64652
1777441200,1290.9,1291.5,1290.0,1290.7,54047
1777441500,1291.1,1291.2,1288.8,1289.0,44680
1777441800,1289.0,1290.8,1289.0,1289.7,82737
1777442100,1290.0,1291.8,1289.7,1291.0,98676
1777442400,1291.1,1296.0,1291.1,1295.3,239841
1777442700,1295.3,1295.5,1293.7,1295.0,83936
1777443000,1295.0,1295.5,1293.3,1293.8,59019
1777443300,1293.6,1293.8,1290.8,1291.5,38030
1777443600,1291.5,1292.4,1291.1,1292.0,22487
1777443900,1292.0,1293.0,1291.5,1292.8,29772
1777444200,1293.0,1294.9,1292.6,1294.7,33568
1777444500,1294.8,1295.2,1293.7,1295.2,54836
1777444800,1295.2,1297.2,1294.5,1295.6,131832
1777445100,1295.7,1296.6,1295.4,1296.5,21068
1777445400,1296.5,1299.0,1296.2,1298.8,55001
1777445700,1298.9,1300.0,1297.6,1298.6,77497
1777446000,1299.1,1299.8,1298.3,1299.7,87914
1777446300,1299.8,1305.9,1299.8,1305.6,131897
1777446600,1305.6,1307.8,1304.3,1307.1,47786
1777446900,1307.4,1309.2,1306.2,1308.0,62097
1777447200,1308.2,1308.2,1305.3,1305.7,44878
1777447500,1305.8,1306.0,1303.5,1303.9,34610
1777447800,1304.0,1307.0,1303.4,1306.9,37547
1777448100,1307.0,1307.3,1304.7,1305.1,28062
1777448400,1305.2,1307.6,1303.1,1304.2,88450
1777448700,1304.4,1305.1,1303.2,1304.8,23479
1777449000,1304.9,1305.1,1302.8,1303.8,25208
1777449300,1304.0,1304.6,1302.0,1302.4,37088
1777449600,1302.6,1304.0,1302.4,1303.7,22882
1777449900,1303.8,1303.9,1301.4,1302.7,77516
1777450200,1302.8,1305.1,1302.4,1303.7,398689
1777450500,1303.7,1304.1,1301.9,1302.6,21733
1777450800,1302.6,1304.0,1301.3,1301.5,112363
1777451100,1301.7,1302.4,1300.1,1300.3,31308
1777451400,1299.9,1301.1,1296.3,1297.3,64125
1777451700,1297.4,1298.0,1296.3,1296.7,64086
1777452000,1296.8,1297.5,1294.5,1296.6,37700
1777452300,1296.6,1297.4,1295.2,1295.7,30836
1777452600,1296.0,1299.1,1295.9,1298.3,35990
1777452900,1298.5,1299.1,1297.5,1298.2,24318
1777453200,1298.4,1299.7,1298.1,1299.4,25547
1777453500,1299.4,1299.6,1298.0,1299.1,27634
1777453800,1299.3,1300.6,1298.5,1300.6,36620
1777454100,1300.4,1300.7,1298.4,1299.0,50819
1777454400,1298.9,1299.1,1297.7,1297.9,32822
1777454700,1298.0,1298.0,1297.1,1297.7,38576
1777455000,1297.7,1298.6,1297.0,1297.4,182086
1777455300,1297.2,1300.2,1296.7,1299.1,202620
1777455600,1299.3,1299.3,1295.3,1296.0,125786
1777455900,1295.8,1296.3,1294.4,1294.4,147691
1777456200,1294.3,1294.9,1293.1,1293.4,107875
1777456500,1293.3,1296.1,1290.3,1290.6,83966
1777520700,1288.0,1288.0,1266.6,1273.6,987918
1777521000,1273.4,1274.1,1265.0,1265.1,202886
1777521300,1265.2,1267.9,1264.0,1265.9,152790
1777521600,1265.9,1271.5,1265.1,1270.6,308301
1777521900,1270.6,1271.4,1267.2,1271.3,682979
1777522200,1271.3,1273.5,1269.8,1272.3,124890
1777522500,1272.3,1272.8,1269.1,1269.2,61679
1777522800,1268.5,1268.6,1262.9,1263.4,184461
1777523100,1263.0,1264.5,1262.5,1263.5,87051
1777523400,1263.1,1263.3,1261.1,1262.1,91865
1777523700,1262.2,1264.0,1261.1,1263.2,110612
1777524000,1263.3,1264.5,1262.3,1263.9,1239183
1777524300,1263.9,1264.4,1262.0,1263.0,148061
1777524600,1263.1,1263.6,1260.0,1260.7,382131
1777524900,1260.6,1261.5,1257.5,1261.2,125678
1777525200,1261.3,1262.3,1261.1,1262.0,124602
1777525500,1261.8,1264.4,1261.6,1264.0,637502
1777525800,1264.2,1264.7,1261.8,1262.9,75064
1777526100,1262.8,1262.9,1261.5,1262.1,118885
1777526400,1262.1,1262.2,1260.5,1260.8,74108
1777526700,1260.6,1262.0,1259.9,1261.5,122398
1777527000,1261.5,1262.1,1258.3,1259.0,274310
1777527300,1259.0,1259.0,1257.3,1258.9,111655
1777527600,1258.7,1260.0,1258.7,1259.7,67453
1777527900,1259.8,1260.0,1258.8,1259.2,46250
1777528200,1259.1,1260.0,1258.2,1259.3,40233
1777528500,1259.3,1260.0,1259.2,1259.9,75628
1777528800,1259.9,1261.9,1259.5,1261.8,392920
1777529100,1261.8,1262.2,1260.0,1260.5,99342
1777529400,1260.5,1261.1,1259.6,1260.2,1148179
1777529700,1260.1,1261.7,1259.9,1261.0,84529
1777530000,1260.9,1261.0,1258.3,1259.0,76864
1777530300,1259.0,1260.0,1258.8,1259.5,67549
1777530600,1259.5,1261.3,1259.2,1261.3,519348
1777530900,1261.0,1264.3,1260.5,1264.2,169976
1777531200,1264.3,1265.7,1262.7,1265.7,105566
1777531500,1266.0,1266.3,1261.9,1261.9,84892
1777531800,1262.0,1264.3,1260.5,1264.3,94707
1777532100,1264.2,1266.0,1263.5,1264.0,104360
1777532400,1264.0,1265.1,1263.8,1264.8,96888
1777532700,1264.6,1264.8,1262.0,1262.1,84614
1777533000,1262.1,1263.6,1261.1,1261.8,95292
1777533300,1262.1,1263.5,1261.7,1261.8,52049
1777533600,1261.8,1262.8,1261.4,1262.7,58091
1777533900,1262.7,1265.5,1262.1,1264.9,107163
1777534200,1264.9,1267.2,1264.8,1265.3,120145
1777534500,1265.3,1267.2,1265.0,1266.2,84744
1777534800,1266.5,1267.5,1265.4,1265.6,95440
1777535100,1265.7,1265.7,1264.2,1264.2,82789
1777535400,1264.4,1267.1,1264.2,1266.5,84874
1777535700,1266.5,1267.8,1265.7,1267.2,109888
1777536000,1267.1,1267.7,1265.9,1266.7,61372
1777536300,1266.7,1271.3,1266.7,1270.7,351827
1777536600,1270.7,1275.0,1268.7,1274.9,308298
1777536900,1275.0,1275.1,1272.1,1274.1,204785
1777537200,1274.1,1275.0,1270.6,1271.3,141349
1777537500,1271.2,1273.3,1271.1,1272.8,82696
1777537800,1272.9,1274.8,1272.5,1273.6,89079
1777538100,1273.5,1274.2,1271.4,1273.9,92613
1777538400,1273.9,1274.2,1271.1,1272.1,127152
1777538700,1272.1,1272.4,1269.6,1270.7,116582
1777539000,1270.8,1272.7,1269.4,1271.3,145035
1777539300,1271.7,1272.6,1270.8,1271.7,121748
1777539600,1271.7,1273.9,1271.1,1273.7,112225
1777539900,1273.7,1275.0,1272.5,1274.5,174577
1777540200,1274.5,1274.9,1273.0,1273.6,165968
1777540500,1273.7,1274.1,1271.6,1272.2,114689
1777540800,1272.0,1273.8,1271.3,1272.3,225698
1777541100,1272.2,1274.0,1271.5,1273.4,128272
1777541400,1273.8,1273.8,1269.2,1269.2,392592
1777541700,1269.4,1269.5,1266.5,1266.8,461307
1777542000,1266.9,1267.6,1264.4,1266.9,602107
1777542300,1266.8,1271.9,1265.4,1269.4,577342
1777542600,1269.2,1271.3,1267.5,1269.6,547411
1777542900,1269.7,1275.5,1268.5,1275.5,436656
1777866300,1268.3,1286.9,1268.3,1274.0,943515
1777866600,1273.7,1278.4,1273.7,1276.6,376328
1777866900,1276.5,1286.4,1276.3,1285.7,668890
1777867200,1285.9,1290.9,1285.0,1289.1,309555
1777867500,1289.0,1292.2,1287.2,1289.6,268920
1777867800,1289.5,1294.4,1289.1,1290.2,243065
1777868100,1290.2,1291.4,1288.7,1289.3,122468
1777868400,1289.7,1289.7,1279.9,1280.1,186049
1777868700,1280.6,1283.5,1279.9,1282.2,84007
1777869000,1282.6,1283.0,1280.8,1281.4,82931
1777869300,1281.3,1283.4,1281.3,1282.3,137826
1777869600,1282.5,1282.6,1278.7,1279.4,91151
1777869900,1279.3,1280.0,1278.1,1279.7,52118
1777870200,1279.7,1280.0,1277.3,1278.1,82400
1777870500,1278.6,1279.9,1277.8,1279.9,83719
1777870800,1279.4,1283.0,1279.2,1279.8,114130
1777871100,1279.8,1281.4,1277.3,1277.6,137968
1777871400,1278.1,1278.1,1273.8,1276.6,120052
1777871700,1276.6,1278.4,1275.3,1277.1,154995
1777872000,1277.3,1278.2,1276.7,1277.5,49087
1777872300,1277.7,1277.7,1274.5,1274.5,49221
1777872600,1274.4,1275.9,1272.4,1274.5,121415
1777872900,1274.9,1277.1,1273.9,1276.3,112648
1777873200,1276.7,1278.6,1276.2,1278.2,38056
1777873500,1278.1,1278.7,1277.2,1278.3,227342
1777873800,1278.6,1280.8,1277.8,1279.6,36631
1777874100,1280.0,1282.2,1278.3,1281.2,365734
1777874400,1281.2,1282.2,1280.5,1281.5,72166
1777874700,1281.5,1281.5,1279.0,1279.1,109705
1777875000,1279.6,1279.8,1277.1,1277.7,55907
1777875300,1277.7,1279.8,1277.7,1278.3,41819
1777875600,1278.3,1279.5,1278.0,1279.0,14942
1777875900,1279.2,1279.3,1274.5,1275.1,47942
1777876200,1275.3,1275.8,1274.2,1275.5,35167
1777876500,1275.0,1275.8,1274.4,1275.2,41699
1777876800,1275.2,1275.3,1270.0,1270.9,112458
1777877100,1270.5,1271.0,1269.0,1270.6,121455
1777877400,1270.6,1271.4,1268.8,1270.0,47858
1777877700,1270.1,1270.8,1269.3,1269.9,169115
1777878000,1269.4,1270.9,1266.8,1267.6,87419
1777878300,1267.6,1269.4,1264.7,1269.4,146356
1777878600,1269.2,1270.3,1267.1,1267.5,54267
1777878900,1267.2,1269.5,1266.5,1267.5,64974
1777879200,1267.3,1269.3,1266.6,1268.3,65022
1777879500,1268.5,1270.6,1267.6,1267.7,169759
1777879800,1268.2,1269.0,1267.0,1268.9,54234
1777880100,1269.0,1269.7,1268.0,1269.6,61901
1777880400,1269.7,1270.4,1268.6,1269.3,34495
1777880700,1269.3,1270.0,1268.0,1269.8,33868
1777881000,1269.8,1269.9,1267.6,1268.8,38555
1777881300,1269.0,1270.0,1266.0,1266.4,47344
1777881600,1266.4,1267.1,1264.5,1265.6,44658
1777881900,1265.6,1267.7,1264.9,1267.6,36643
1777882200,1267.7,1270.5,1267.4,1270.0,76110
1777882500,1269.7,1272.0,1269.3,1271.2,114484
1777882800,1271.6,1272.7,1270.2,1271.9,148740
1777883100,1272.3,1272.4,1269.3,1270.1,105373
1777883400,1270.6,1271.2,1269.1,1270.3,26417
1777883700,1270.3,1271.2,1269.8,1270.9,28073
1777884000,1270.9,1272.6,1270.8,1271.7,61857
1777884300,1271.8,1275.1,1270.2,1274.4,136291
1777884600,1274.9,1275.0,1273.5,1274.2,32405
1777884900,1273.9,1274.7,1272.2,1273.1,50207
1777885200,1272.9,1273.4,1270.1,1271.2,157982
1777885500,1271.0,1272.6,1270.8,1272.3,128902
1777885800,1272.8,1273.9,1271.4,1272.9,102230
1777886100,1272.4,1273.2,1271.4,1272.4,100306
1777886400,1272.3,1273.2,1270.9,1272.5,153481
1777886700,1272.6,1274.2,1271.9,1272.8,106079
1777887000,1272.8,1274.6,1271.6,1272.9,172973
1777887300,1273.4,1277.0,1272.7,1276.2,223326
1777887600,1276.7,1277.0,1274.9,1275.1,199262
1777887900,1275.2,1276.5,1274.5,1276.2,185701
1777888200,1276.1,1277.1,1273.2,1274.3,202064
1777888500,1273.8,1277.5,1273.8,1277.5,138259
1777952700,1268.0,1270.9,1263.1,1270.7,149044
1777953000,1270.8,1271.5,1265.7,1267.0,111413
1777953300,1267.5,1267.5,1264.0,1265.1,112659
1777953600,1264.7,1271.8,1264.6,1271.7,83199
1777953900,1271.4,1271.7,1268.0,1268.0,86928
1777954200,1268.2,1269.1,1266.3,1267.6,99774
1777954500,1267.6,1270.4,1267.2,1269.0,558659
1777954800,1269.0,1270.0,1268.4,1269.4,94641
1777955100,1268.9,1270.0,1268.5,1269.8,32404
1777955400,1270.0,1270.0,1267.1,1267.4,68700
1777955700,1267.0,1267.9,1263.5,1263.9,72628
1777956000,1264.1,1264.2,1260.6,1261.4,77219
1777956300,1260.9,1265.2,1260.2,1264.6,62393
1777956600,1264.7,1265.0,1263.2,1264.6,42729
1777956900,1264.8,1264.8,1261.6,1262.3,36874
1777957200,1262.5,1263.7,1261.8,1262.0,32982
1777957500,1262.3,1263.2,1261.5,1262.4,37893
1777957800,1262.5,1263.7,1261.5,1263.0,19409
1777958100,1263.0,1263.8,1262.2,1263.2,11900
1777958400,1262.6,1263.4,1260.1,1262.3,43415
1777958700,1262.0,1262.4,1260.3,1260.9,47990
1777959000,1260.9,1262.7,1260.0,1262.7,85979
1777959300,1262.4,1262.8,1260.7,1261.7,171574
1777959600,1261.7,1262.6,1260.6,1261.9,125854
1777959900,1261.9,1263.6,1261.4,1261.4,73444
1777960200,1261.8,1262.4,1260.9,1261.7,36610
1777960500,1261.6,1261.8,1260.9,1261.2,25475
1777960800,1261.2,1263.1,1261.0,1262.3,142956
1777961100,1262.3,1263.1,1261.8,1262.9,86779
1777961400,1263.0,1263.0,1261.6,1262.2,30440
1777961700,1261.8,1262.2,1261.0,1261.6,27097
1777962000,1261.7,1262.5,1260.2,1260.4,46438
1777962300,1260.4,1261.5,1260.1,1260.9,28436
1777962600,1260.7,1262.4,1260.5,1260.7,42999
1777962900,1261.0,1261.5,1260.5,1260.9,20995
1777963200,1260.9,1262.5,1260.4,1261.8,45079
1777963500,1262.0,1262.7,1261.7,1262.7,29939
1777963800,1262.7,1263.7,1262.4,1263.4,61797
1777964100,1263.5,1263.6,1261.1,1261.4,49943
1777964400,1262.1,1262.7,1260.7,1261.6,204941
1777964700,1261.6,1263.3,1261.4,1262.6,105222
1777965000,1262.9,1263.7,1261.9,1262.9,78696
1777965300,1262.6,1263.8,1262.5,1262.9,79603
1777965600,1262.9,1267.0,1262.9,1265.3,586560
1777965900,1265.3,1267.9,1265.0,1267.9,90570
1777966200,1268.0,1270.9,1267.0,1268.7,355700
1777966500,1268.9,1273.3,1267.2,1272.8,164673
1777966800,1272.5,1273.7,1267.4,1270.0,269844
1777967100,1269.9,1272.5,1265.8,1266.7,384376
1777967400,1266.1,1267.6,1264.5,1266.5,105646
1777967700,1266.5,1270.6,1265.5,1268.9,157929
1777968000,1268.8,1270.4,1265.7,1269.7,719128
1777968300,1269.7,1270.8,1267.9,1268.3,81231
1777968600,1268.3,1270.4,1266.8,1270.0,134292
1777968900,1269.7,1270.1,1266.6,1267.2,129586
1777969200,1266.6,1268.4,1265.9,1266.3,86232
1777969500,1266.3,1268.2,1265.4,1266.5,155996
1777969800,1266.1,1266.9,1265.3,1265.7,44318
1777970100,1265.7,1266.7,1264.5,1265.6,24604
1777970400,1265.6,1266.5,1265.0,1265.9,56833
1777970700,1265.9,1267.9,1265.4,1267.2,101692
1777971000,1267.8,1268.4,1265.5,1266.6,544898
1777971300,1266.6,1267.9,1265.6,1267.2,61498
1777971600,1267.1,1267.9,1265.8,1266.9,77132
1777971900,1266.2,1267.3,1264.5,1265.6,187438
1777972200,1265.4,1266.3,1264.2,1265.5,61696
1777972500,1265.5,1267.2,1261.5,1261.8,98393
1777972800,1261.8,1263.8,1260.1,1260.7,158465
1777973100,1260.6,1262.6,1260.5,1261.4,63084
1777973400,1261.8,1261.8,1258.8,1260.4,204130
1777973700,1261.1,1262.2,1259.1,1262.1,248531
1777974000,1262.0,1263.8,1260.2,1263.0,219764
1777974300,1263.6,1265.3,1261.0,1261.1,117040
1777974600,1261.5,1262.6,1258.0,1258.3,829960
1777974900,1258.8,1259.7,1252.0,1257.8,148952
1778039100,1275.0,1286.3,1269.4,1272.3,712087
1778039400,1272.4,1276.2,1271.0,1273.4,206419
1778039700,1273.4,1275.3,1272.0,1272.8,60639
1778040000,1273.0,1273.5,1271.1,1271.2,36953
1778040300,1271.2,1274.6,1270.4,1273.6,90987
1778040600,1273.6,1274.2,1270.9,1271.2,54330
1778040900,1271.2,1271.2,1267.9,1268.9,59564
1778041200,1268.9,1268.9,1265.3,1268.1,44708
1778041500,1268.2,1269.0,1267.0,1267.1,47362
1778041800,1267.1,1267.1,1265.6,1266.1,47135
1778042100,1266.3,1266.3,1264.3,1265.2,38122
1778042400,1265.2,1267.4,1265.0,1266.7,37605
1778042700,1266.6,1268.8,1266.1,1268.6,49075
1778043000,1269.0,1271.1,1268.2,1269.8,50741
1778043300,1269.6,1270.2,1266.8,1266.9,41125
1778043600,1266.8,1268.0,1266.2,1266.9,44515
1778043900,1266.8,1267.7,1265.7,1267.3,30641
1778044200,1267.3,1269.8,1266.9,1268.5,57609
1778044500,1268.5,1269.0,1267.2,1267.7,44407
1778044800,1267.3,1267.6,1264.1,1264.1,33793
1778045100,1264.1,1266.3,1263.8,1265.9,90267
1778045400,1265.7,1266.9,1263.1,1263.5,76921
1778045700,1263.0,1264.3,1263.0,1263.8,33041
1778046000,1263.9,1264.3,1261.5,1261.9,46437
1778046300,1261.7,1261.9,1259.8,1259.8,39100
1778046600,1260.0,1261.6,1259.7,1260.2,61053
1778046900,1260.1,1261.6,1259.7,1260.7,41816
1778047200,1260.6,1262.6,1260.5,1262.2,155312
1778047500,1262.1,1263.3,1260.2,1261.5,89799
1778047800,1261.6,1263.0,1260.5,1261.8,30871
1778048100,1261.8,1262.4,1261.1,1261.9,18371
1778048400,1262.0,1262.0,1260.5,1261.7,17136
1778048700,1261.7,1262.1,1260.1,1260.6,28749
1778049000,1260.5,1261.5,1258.7,1261.1,110692
1778049300,1260.8,1261.2,1259.2,1259.5,30725
1778049600,1259.4,1260.2,1257.9,1258.9,49160
1778049900,1258.7,1260.7,1258.4,1260.4,48713
1778050200,1260.1,1260.5,1256.7,1258.1,73417
1778050500,1258.1,1258.9,1256.2,1258.0,33629
1778050800,1258.0,1258.6,1257.3,1257.8,20300
1778051100,1258.1,1258.1,1256.1,1256.6,38092
1778051400,1256.5,1258.3,1256.0,1258.2,71669
1778051700,1257.8,1258.4,1255.7,1255.7,56980
1778052000,1256.4,1256.9,1255.3,1255.8,47822
1778052300,1255.3,1257.1,1255.2,1256.1,52581
1778052600,1256.2,1257.2,1255.3,1256.1,51454
1778052900,1256.0,1259.3,1255.6,1258.7,57851
1778053200,1258.7,1259.2,1258.1,1258.8,25899
1778053500,1258.9,1261.5,1258.3,1260.7,65854
1778053800,1260.7,1262.7,1260.4,1262.4,40481
1778054100,1262.4,1265.0,1261.8,1264.9,150412
1778054400,1264.4,1268.8,1264.4,1268.4,81818
1778054700,1268.7,1270.7,1268.2,1268.9,47919
1778055000,1268.6,1269.5,1268.0,1268.2,23589
1778055300,1268.1,1270.9,1268.1,1270.4,49730
1778055600,1270.8,1276.7,1270.6,1276.5,85374
1778055900,1276.0,1277.5,1276.0,1276.1,123814
1778056200,1276.0,1278.1,1275.9,1276.1,83258
1778056500,1276.0,1276.0,1273.2,1275.3,90663
1778056800,1275.2,1277.8,1275.0,1277.8,55145
1778057100,1278.0,1279.5,1277.1,1277.7,49231
1778057400,1277.7,1290.9,1277.2,1289.7,222999
1778057700,1290.0,1294.9,1289.7,1292.7,168134
1778058000,1293.0,1295.9,1292.6,1295.9,163776
1778058300,1295.9,1297.6,1291.4,1291.7,191868
1778058600,1291.8,1294.9,1291.3,1293.7,128610
1778058900,1293.6,1295.1,1293.1,1294.6,196298
1778059200,1294.6,1295.5,1289.2,1289.6,196219
1778059500,1289.6,1291.5,1288.0,1291.4,264945
1778059800,1291.3,1293.3,1287.8,1293.2,306504
1778060100,1293.3,1293.3,1288.4,1289.3,211146
1778060400,1289.3,1295.0,1289.1,1294.3,242804
1778060700,1294.3,1299.1,1294.0,1299.0,248329
1778061000,1299.1,1300.0,1295.2,1299.1,311912
1778061300,1299.5,1301.0,1297.2,1300.6,165028
1778125500,1299.0,1308.1,1285.2,1295.0,401245
1778125800,1294.7,1299.0,1294.0,1297.8,100662
1778126100,1297.8,1300.7,1294.6,1299.7,99786
1778126400,1299.7,1301.7,1298.5,1300.5,76599
1778126700,1300.5,1304.1,1300.3,1303.0,80185
1778127000,1303.3,1306.2,1302.9,1305.1,98031
1778127300,1304.7,1305.3,1301.4,1301.8,85794
1778127600,1302.0,1305.1,1300.6,1304.7,349614
1778127900,1304.6,1305.0,1302.3,1303.1,83566
1778128200,1303.2,1304.0,1302.6,1302.7,78607
1778128500,1302.5,1303.0,1297.6,1298.9,61325
1778128800,1298.7,1299.0,1296.9,1298.5,50563
1778129100,1298.5,1298.9,1296.7,1297.8,45923
1778129400,1297.8,1298.5,1297.1,1298.3,43318
1778129700,1298.3,1298.8,1297.1,1297.5,39942
1778130000,1297.6,1300.0,1297.5,1299.7,47774
1778130300,1299.6,1300.0,1299.0,1300.0,40360
1778130600,1300.0,1300.0,1299.2,1300.0,40599
1778130900,1300.0,1300.0,1298.3,1299.0,33482
1778131200,1298.9,1300.9,1297.5,1300.9,272673
1778131500,1300.8,1300.8,1299.3,1300.6,79020
1778131800,1300.6,1300.6,1297.8,1298.3,31879
1778132100,1298.3,1298.3,1295.1,1295.8,45909
1778132400,1295.9,1296.8,1295.0,1296.2,41150
1778132700,1296.2,1296.9,1295.5,1296.1,39166
1778133000,1296.0,1296.1,1295.1,1295.7,23255
1778133300,1295.7,1295.7,1293.2,1293.7,19504
1778133600,1293.8,1294.3,1292.2,1292.7,35826
1778133900,1292.2,1294.0,1292.0,1293.2,60705
1778134200,1293.2,1293.9,1291.0,1291.1,22767
1778134500,1291.2,1291.6,1290.1,1290.3,34121
1778134800,1290.3,1291.5,1288.6,1289.1,91945
1778135100,1289.2,1290.0,1288.2,1289.3,97365
1778135400,1289.3,1291.3,1289.0,1289.9,52359
1778135700,1289.9,1290.0,1287.5,1288.1,94859
1778136000,1287.6,1288.6,1287.0,1287.6,49925
1778136300,1287.7,1289.2,1287.5,1288.3,44528
1778136600,1288.2,1289.9,1287.6,1289.2,61320
1778136900,1289.5,1290.0,1288.3,1288.3,30806
1778137200,1288.6,1288.6,1285.2,1286.0,31498
1778137500,1286.6,1294.5,1285.2,1294.5,230350
1778137800,1294.5,1298.2,1293.7,1296.0,130542
1778138100,1296.0,1297.2,1294.0,1294.1,36771
1778138400,1294.4,1294.9,1288.2,1290.2,44146
1778138700,1290.0,1290.5,1287.6,1289.3,60359
1778139000,1289.3,1290.2,1287.5,1289.4,27130
1778139300,1289.4,1290.0,1287.8,1288.0,44032
1778139600,1288.0,1288.2,1286.5,1287.4,23902
1778139900,1287.2,1288.0,1282.1,1283.6,57261
1778140200,1283.6,1285.0,1281.7,1282.3,57270
1778140500,1282.8,1283.7,1281.3,1282.5,27470
1778140800,1282.5,1283.9,1282.2,1283.5,27116
1778141100,1283.2,1283.8,1281.3,1281.4,23240
1778141400,1281.4,1283.8,1281.2,1283.0,25155
1778141700,1282.8,1285.5,1281.5,1285.0,91405
1778142000,1285.0,1285.4,1283.5,1284.7,35927
1778142300,1284.7,1285.5,1284.1,1285.5,27915
1778142600,1285.5,1287.0,1284.8,1285.1,33293
1778142900,1285.2,1290.0,1284.2,1289.1,113785
1778143200,1288.9,1291.3,1288.5,1290.6,137877
1778143500,1290.7,1291.0,1289.5,1290.1,99010
1778143800,1290.0,1291.5,1287.2,1291.5,118223
1778144100,1291.5,1293.5,1290.7,1293.3,173506
1778144400,1293.0,1294.0,1292.8,1293.0,153061
1778144700,1293.0,1293.3,1292.4,1293.1,58066
1778145000,1291.4,1291.9,1289.9,1290.8,72627
1778145300,1290.4,1292.3,1289.7,1291.3,83252
1778145600,1291.3,1293.0,1290.8,1292.6,68747
1778145900,1292.5,1296.6,1292.2,1296.6,133198
1778146200,1296.3,1296.6,1292.8,1293.2,299714
1778146500,1293.3,1294.8,1290.4,1291.5,254256
1778146800,1291.6,1291.6,1289.8,1290.7,214266
1778147100,1291.0,1293.8,1290.6,1292.1,326711
1778147400,1292.1,1293.0,1291.1,1292.7,168669
1778147700,1292.7,1296.0,1292.4,1296.0,164858
1778211900,1280.0,1282.0,1272.3,1276.6,364384
1778212200,1276.2,1280.6,1275.0,1277.6,80610
1778212500,1277.6,1278.5,1275.0,1277.4,216433
1778212800,1277.4,1277.4,1274.0,1275.5,78151
1778213100,1275.3,1275.5,1274.1,1274.9,25924
1778213400,1275.0,1275.0,1273.2,1273.6,35519
1778213700,1273.2,1276.2,1272.1,1275.9,63718
1778214000,1276.0,1276.8,1274.3,1275.7,26681
1778214300,1275.8,1276.6,1275.0,1275.4,22177
1778214600,1275.4,1275.6,1273.5,1274.0,24208
1778214900,1274.2,1275.0,1271.2,1272.2,55122
1778215200,1272.0,1273.0,1270.3,1273.0,43372
1778215500,1273.0,1273.0,1270.0,1271.8,68034
1778215800,1271.9,1273.1,1271.5,1272.9,51146
1778216100,1273.2,1274.6,1272.9,1274.5,27199
1778216400,1274.4,1274.7,1271.6,1273.2,44641
1778216700,1273.2,1274.0,1272.6,1273.0,26705
1778217000,1273.2,1273.9,1272.7,1272.8,20732
1778217300,1272.8,1273.4,1272.3,1272.7,21873
1778217600,1272.7,1272.7,1271.0,1271.1,34054
1778217900,1271.1,1271.9,1271.0,1271.3,22673
1778218200,1271.2,1273.4,1271.0,1273.4,40824
1778218500,1273.4,1274.8,1273.1,1273.7,43779
1778218800,1273.7,1274.4,1273.0,1273.7,31666
1778219100,1273.8,1274.5,1273.1,1273.4,19312
1778219400,1273.4,1273.9,1272.0,1273.4,36291
1778219700,1273.5,1273.8,1272.0,1273.6,39702
1778220000,1273.6,1274.3,1272.7,1273.8,26867
1778220300,1273.9,1274.2,1273.6,1273.7,21679
1778220600,1273.7,1274.7,1273.6,1273.7,127076
1778220900,1273.8,1274.2,1272.7,1272.8,33167
1778221200,1272.8,1273.6,1272.5,1273.2,20114
1778221500,1273.0,1275.4,1272.4,1275.0,110139
1778221800,1275.1,1277.5,1274.4,1275.7,70099
1778222100,1275.7,1275.8,1273.4,1273.4,25582
1778222400,1273.7,1275.8,1273.3,1275.4,34956
1778222700,1275.4,1275.5,1273.0,1273.7,42958
1778223000,1273.7,1275.2,1273.6,1274.4,34431
1778223300,1274.4,1275.8,1274.1,1275.0,25817
1778223600,1275.0,1275.1,1271.1,1272.5,66669
1778223900,1272.2,1273.3,1270.3,1271.0,68811
1778224200,1271.0,1271.1,1268.2,1268.2,105560
1778224500,1268.1,1269.1,1267.5,1268.3,74863
1778224800,1268.5,1268.8,1267.2,1268.2,46343
1778225100,1268.1,1269.8,1267.2,1268.5,37565
1778225400,1268.7,1269.9,1268.5,1269.0,30862
1778225700,1269.2,1270.7,1268.8,1270.4,30053
1778226000,1270.5,1270.5,1269.1,1270.1,38448
1778226300,1269.6,1270.0,1267.7,1268.5,33152
1778226600,1268.6,1270.4,1268.5,1269.3,443058
1778226900,1269.3,1272.8,1269.1,1272.3,34681
1778227200,1272.8,1272.9,1270.2,1270.3,332678
1778227500,1270.7,1270.8,1268.1,1268.9,37089
1778227800,1269.1,1269.9,1268.3,1268.4,37146
1778228100,1268.5,1269.0,1267.2,1267.5,62795
1778228400,1268.0,1268.1,1265.8,1267.2,63258
1778228700,1267.3,1268.0,1265.5,1265.7,107281
1778229000,1265.8,1266.9,1264.6,1266.7,110657
1778229300,1266.7,1268.9,1266.5,1267.6,67893
1778229600,1267.7,1268.8,1265.1,1265.5,56467
1778229900,1265.6,1268.2,1265.3,1267.2,59957
1778230200,1267.5,1268.5,1266.7,1267.3,130386
1778230500,1267.2,1268.7,1266.2,1266.8,76417
1778230800,1267.3,1269.0,1266.6,1268.8,84087
1778231100,1268.1,1269.2,1267.4,1268.0,68482
1778231400,1268.1,1271.1,1268.1,1270.0,177603
1778231700,1270.0,1270.5,1269.1,1269.7,70776
1778232000,1269.7,1270.7,1269.2,1270.0,57981
1778232300,1270.4,1272.0,1269.2,1269.7,88095
1778232600,1269.7,1269.7,1266.4,1267.8,244308
1778232900,1267.7,1268.8,1265.8,1266.6,238418
1778233200,1266.7,1268.0,1266.0,1267.8,224125
1778233500,1268.0,1270.2,1267.5,1269.9,236877
1778233800,1270.1,1270.1,1268.7,1269.3,278280
1778234100,1269.3,1271.0,1269.1,1270.0,170596
1778471100,1258.7,1261.5,1252.1,1259.6,128969
1778471400,1259.6,1262.1,1258.2,1260.6,97647
1778471700,1260.6,1262.4,1259.5,1260.0,53010
1778472000,1260.0,1260.1,1256.3,1256.9,60236
1778472300,1257.3,1257.3,1253.4,1254.6,57596
1778472600,1254.8,1255.0,1251.7,1252.6,61610
1778472900,1252.5,1255.2,1252.4,1254.6,49217
1778473200,1254.6,1255.9,1253.1,1254.0,56664
1778473500,1254.0,1254.5,1252.4,1253.0,43385
1778473800,1252.9,1254.9,1252.2,1254.4,55554
1778474100,1254.0,1254.9,1253.4,1254.6,41923
1778474400,1254.6,1255.4,1253.8,1254.9,44785
1778474700,1255.1,1257.6,1255.0,1256.5,45897
1778475000,1256.4,1259.8,1256.0,1259.6,48892
1778475300,1259.6,1261.0,1259.2,1260.9,55792
1778475600,1260.7,1261.9,1260.3,1261.5,48218
1778475900,1261.5,1262.2,1260.6,1261.4,75451
1778476200,1261.5,1263.4,1261.4,1263.0,63227
1778476500,1263.0,1265.0,1262.8,1264.8,80734
1778476800,1264.8,1269.6,1264.6,1269.3,114386
1778477100,1269.3,1271.0,1268.5,1269.7,119449
1778477400,1269.7,1271.7,1269.2,1269.7,125700
1778477700,1269.7,1270.9,1268.5,1268.8,89500
1778478000,1268.9,1271.0,1268.4,1270.6,89929
1778478300,1270.7,1271.5,1269.7,1271.4,78488
1778478600,1271.2,1273.1,1271.1,1272.1,91237
1778478900,1272.1,1273.6,1271.3,1271.9,105199
1778479200,1271.9,1273.7,1270.4,1271.2,193672
1778479500,1270.9,1275.2,1269.9,1274.6,259175
1778479800,1274.6,1276.6,1273.8,1276.2,182953
1778480100,1276.1,1277.1,1275.0,1275.1,162911
1778480400,1275.2,1276.7,1275.1,1276.2,78514
1778480700,1276.2,1276.8,1275.1,1276.4,101501
1778481000,1276.6,1279.9,1276.4,1278.3,199654
1778481300,1278.4,1279.5,1277.7,1277.8,94489
1778481600,1277.8,1277.8,1275.6,1276.2,132158
1778481900,1276.3,1276.9,1275.1,1275.5,109700
1778482200,1275.5,1276.0,1274.4,1274.7,75068
1778482500,1274.7,1275.8,1273.0,1273.6,88763
1778482800,1273.8,1275.4,1271.4,1274.8,212665
1778483100,1275.0,1276.2,1274.8,1275.8,69849
1778483400,1276.0,1278.3,1275.2,1277.9,56950
1778483700,1278.3,1278.4,1276.8,1277.9,62980
1778484000,1278.2,1278.8,1276.6,1276.9,63263
1778484300,1276.9,1279.0,1276.9,1277.7,107387
1778484600,1277.9,1278.4,1276.6,1277.4,107166
1778484900,1277.7,1278.2,1275.4,1276.3,137797
1778485200,1276.3,1277.2,1276.2,1276.7,64385
1778485500,1276.6,1277.3,1276.1,1276.7,77598
1778485800,1276.7,1277.2,1276.1,1276.3,67072
1778486100,1276.3,1279.4,1275.6,1278.2,79398
1778486400,1278.2,1278.5,1277.3,1277.9,55592
1778486700,1278.0,1280.9,1277.9,1278.6,142306
1778487000,1278.5,1281.0,1278.5,1280.1,73068
1778487300,1279.6,1283.0,1279.6,1282.3,156712
1778487600,1282.2,1282.5,1281.1,1282.0,82293
1778487900,1282.1,1282.7,1280.7,1281.0,80144
1778488200,1281.0,1282.0,1280.3,1280.7,56904
1778488500,1280.7,1282.4,1280.5,1280.8,58064
1778488800,1280.9,1281.6,1280.0,1280.1,47577
1778489100,1280.0,1280.9,1279.1,1280.1,59079
1778489400,1280.1,1282.0,1280.1,1281.0,57878
1778489700,1281.3,1281.5,1279.7,1279.7,59958
1778490000,1279.7,1280.2,1278.7,1279.0,100517
1778490300,1279.0,1279.0,1276.2,1276.7,85994
1778490600,1276.8,1277.9,1276.5,1277.4,72589
1778490900,1277.3,1277.9,1273.5,1274.0,106880
1778491200,1274.0,1277.3,1274.0,1276.5,62377
1778491500,1276.8,1277.6,1276.5,1277.3,62652
1778491800,1277.2,1277.3,1272.7,1275.6,370911
1778492100,1275.7,1276.7,1273.1,1273.3,254558
1778492400,1273.4,1273.4,1269.5,1269.8,138377
1778492700,1269.7,1271.3,1267.4,1267.8,130149
1778493000,1267.6,1269.3,1266.4,1267.2,155536
1778493300,1267.2,1267.9,1266.2,1267.9,82366
1778557500,1270.4,1272.3,1265.5,1269.8,292950
1778557800,1270.1,1271.2,1267.8,1269.4,106696
1778558100,1268.6,1268.6,1263.2,1263.8,141993
1778558400,1264.0,1264.1,1261.0,1263.9,102235
1778558700,1264.5,1267.6,1263.9,1265.5,240284
1778559000,1265.4,1267.9,1264.6,1266.1,48353
1778559300,1266.2,1266.5,1264.7,1265.8,45777
1778559600,1265.7,1267.5,1264.9,1266.2,57030
1778559900,1266.6,1267.9,1266.1,1266.9,48166
1778560200,1267.0,1268.2,1265.2,1268.1,42161
1778560500,1268.2,1269.2,1267.2,1268.4,45774
1778560800,1268.4,1270.0,1267.8,1269.5,58944
1778561100,1269.8,1272.6,1268.7,1272.2,67962
1778561400,1272.6,1274.0,1270.3,1270.7,55739
1778561700,1270.7,1270.7,1268.0,1269.0,54545
1778562000,1269.0,1269.5,1268.3,1268.5,28643
1778562300,1268.5,1269.1,1266.9,1267.8,49400
1778562600,1267.8,1270.6,1267.7,1269.3,41618
1778562900,1269.5,1270.3,1267.9,1267.9,53373
1778563200,1268.4,1269.2,1267.4,1268.5,43665
1778563500,1268.7,1269.6,1267.4,1267.5,40676
1778563800,1267.6,1268.0,1264.2,1266.1,58224
1778564100,1266.1,1267.4,1263.9,1265.4,65129
1778564400,1265.5,1266.4,1264.9,1265.6,37602
1778564700,1265.6,1266.8,1264.2,1266.1,62989
1778565000,1266.4,1267.3,1264.5,1264.5,81205
1778565300,1264.5,1264.7,1262.2,1262.7,64832
1778565600,1262.7,1265.6,1262.0,1265.4,55362
1778565900,1265.6,1266.9,1264.1,1266.4,39345
1778566200,1266.2,1267.0,1265.4,1266.6,30101
1778566500,1266.7,1267.3,1265.1,1266.2,50423
1778566800,1266.3,1268.6,1265.9,1268.0,22900
1778567100,1268.0,1268.8,1266.8,1267.4,48034
1778567400,1267.4,1267.7,1266.7,1267.5,39166
1778567700,1267.6,1267.6,1266.5,1267.5,42290
1778568000,1267.5,1268.9,1266.3,1267.9,61451
1778568300,1267.9,1269.0,1266.4,1268.2,65253
1778568600,1268.3,1269.5,1267.6,1269.1,78628
1778568900,1269.2,1269.2,1267.8,1267.9,75903
1778569200,1268.0,1268.0,1265.4,1265.7,62325
1778569500,1265.6,1265.6,1263.9,1264.7,63576
1778569800,1264.5,1265.5,1263.7,1264.2,43940
1778570100,1264.2,1265.2,1262.0,1262.8,92518
1778570400,1262.8,1264.3,1262.1,1263.2,38414
1778570700,1263.2,1264.6,1263.1,1264.2,39262
1778571000,1264.3,1266.5,1263.8,1266.1,35482
1778571300,1266.2,1266.5,1265.4,1265.7,44712
1778571600,1265.7,1266.9,1264.4,1266.4,102877
1778571900,1266.5,1268.2,1266.4,1267.0,39048
1778572200,1267.2,1268.2,1266.4,1267.0,77850
1778572500,1267.0,1268.5,1266.4,1267.8,98945
1778572800,1267.8,1269.3,1267.5,1267.5,72915
1778573100,1267.6,1268.0,1266.2,1266.7,55333
1778573400,1266.7,1267.0,1265.0,1266.1,46632
1778573700,1266.4,1266.4,1264.4,1265.1,38407
1778574000,1265.4,1266.1,1265.0,1265.4,30077
1778574300,1265.4,1265.5,1261.2,1261.5,83788
1778574600,1261.5,1262.3,1259.5,1260.2,65225
1778574900,1260.1,1261.0,1259.0,1260.9,58494
1778575200,1261.0,1261.9,1260.2,1260.6,35733
1778575500,1260.7,1261.9,1260.2,1261.3,40191
1778575800,1261.3,1263.6,1261.2,1263.6,29659
1778576100,1263.7,1264.6,1263.3,1264.0,59248
1778576400,1264.0,1264.1,1260.8,1261.0,60456
1778576700,1261.1,1263.2,1260.7,1262.9,44926
1778577000,1262.9,1263.2,1261.9,1262.6,38298
1778577300,1262.6,1264.0,1262.4,1263.2,86022
1778577600,1263.3,1264.7,1262.7,1263.2,107673
1778577900,1263.2,1263.2,1261.1,1261.3,57605
1778578200,1261.7,1261.7,1258.9,1259.6,278039
1778578500,1260.2,1260.4,1257.6,1258.7,356797
1778578800,1258.7,1259.9,1256.9,1259.4,235623
1778579100,1259.4,1263.3,1259.2,1262.8,193422
1778579400,1262.8,1263.1,1261.9,1262.9,131700
1778579700,1262.9,1263.8,1259.1,1263.5,110385
1778643900,1256.1,1266.2,1254.8,1255.2,155241
1778644200,1254.9,1256.2,1252.0,1255.5,104733
1778644500,1255.3,1256.2,1253.6,1254.3,129217
1778644800,1254.3,1255.1,1251.6,1251.6,73422
1778645100,1251.6,1251.7,1248.2,1249.3,97789
1778645400,1249.3,1250.0,1247.5,1249.1,66512
1778645700,1249.0,1250.6,1248.4,1249.0,55851
1778646000,1249.0,1251.1,1248.9,1250.5,52108
1778646300,1250.8,1252.5,1250.1,1252.5,74547
1778646600,1252.5,1259.4,1251.0,1259.4,101966
1778646900,1259.4,1262.6,1257.3,1260.3,167334
1778647200,1260.5,1260.5,1257.9,1259.0,57625
1778647500,1259.0,1262.3,1258.3,1260.7,59250
1778647800,1260.8,1263.9,1257.4,1260.0,130403
1778648100,1260.2,1263.0,1260.0,1260.4,45807
1778648400,1260.8,1263.7,1260.1,1263.7,42351
1778648700,1263.5,1263.5,1260.1,1260.3,42650
1778649000,1260.3,1263.9,1260.2,1263.8,90275
1778649300,1263.8,1264.9,1261.2,1261.2,36946
1778649600,1261.2,1261.6,1258.4,1259.3,52806
1778649900,1259.3,1259.3,1254.9,1255.1,51453
1778650200,1255.3,1257.3,1254.9,1256.7,40615
1778650500,1256.6,1257.3,1255.4,1256.4,251768
1778650800,1256.4,1257.9,1255.9,1257.8,40356
1778651100,1257.9,1258.2,1256.3,1256.8,37918
1778651400,1256.8,1257.5,1256.0,1257.5,34558
1778651700,1257.5,1257.7,1255.9,1256.9,30299
1778652000,1256.8,1258.7,1256.7,1257.4,31425
1778652300,1257.4,1264.3,1257.4,1264.2,77400
1778652600,1264.2,1267.2,1263.4,1267.2,83220
1778652900,1267.1,1269.8,1266.8,1267.6,105132
1778653200,1267.6,1269.6,1267.2,1268.0,79925
1778653500,1268.0,1272.8,1267.9,1272.2,150823
1778653800,1272.3,1274.3,1272.0,1272.6,74744
1778654100,1272.6,1273.6,1272.0,1273.1,47944
1778654400,1273.0,1273.7,1272.0,1273.7,49205
1778654700,1273.8,1275.3,1271.3,1273.7,126583
1778655000,1273.7,1273.9,1271.6,1272.1,46658
1778655300,1272.2,1272.2,1270.6,1271.0,72227
1778655600,1270.9,1271.2,1268.1,1269.1,88407
1778655900,1269.1,1270.0,1266.2,1266.5,78257
1778656200,1266.5,1266.6,1262.2,1263.9,92785
1778656500,1263.9,1266.5,1263.5,1266.5,65323
1778656800,1266.5,1269.3,1266.4,1269.1,46384
1778657100,1269.1,1274.4,1269.1,1274.2,70364
1778657400,1274.4,1274.4,1272.2,1272.5,51194
1778657700,1272.7,1273.1,1270.2,1271.6,43596
1778658000,1271.6,1271.8,1270.0,1270.5,36888
1778658300,1270.5,1270.8,1268.0,1269.2,71512
1778658600,1269.1,1269.9,1268.4,1269.2,39064
1778658900,1269.2,1269.8,1266.5,1267.5,45022
1778659200,1267.5,1271.0,1267.1,1270.3,166080
1778659500,1270.3,1270.4,1267.7,1269.0,108137
1778659800,1269.0,1269.1,1266.7,1268.0,51230
1778660100,1267.6,1269.4,1266.9,1268.0,48783
1778660400,1268.0,1268.7,1267.0,1267.0,35751
1778660700,1267.0,1267.2,1264.8,1266.0,61416
1778661000,1265.9,1266.4,1264.0,1264.6,36986
1778661300,1264.6,1266.1,1264.0,1266.1,38404
1778661600,1266.1,1266.8,1265.0,1266.0,36171
1778661900,1266.0,1266.4,1262.8,1263.1,40849
1778662200,1263.0,1265.4,1262.0,1264.8,55560
1778662500,1264.4,1265.0,1262.5,1263.3,49836
1778662800,1263.4,1264.1,1262.7,1263.7,40433
1778663100,1264.0,1264.3,1262.8,1264.1,42413
1778663400,1264.1,1264.1,1260.4,1260.7,64890
1778663700,1260.9,1262.5,1258.7,1262.2,88314
1778664000,1262.2,1262.7,1260.4,1260.9,55531
1778664300,1260.9,1260.9,1259.2,1259.9,50683
1778664600,1259.8,1259.8,1256.2,1257.4,158410
1778664900,1257.4,1257.4,1255.0,1256.9,189856
1778665200,1257.0,1257.0,1253.6,1256.9,207573
1778665500,1256.9,1257.0,1254.2,1254.5,257692
1778665800,1254.6,1255.6,1253.5,1255.6,226523
1778666100,1255.0,1258.3,1254.9,1255.2,117751
1778730300,1256.6,1265.1,1256.6,1262.0,135592
1778730600,1263.1,1265.2,1262.0,1264.4,46064
1778730900,1264.5,1267.7,1263.0,1263.4,51833
1778731200,1263.4,1263.5,1258.3,1258.3,79884
1778731500,1258.6,1259.2,1255.6,1256.5,171753
1778731800,1257.0,1257.5,1250.8,1251.7,83879
1778732100,1251.9,1254.2,1251.2,1252.3,33928
1778732400,1252.3,1253.4,1251.0,1251.1,48957
1778732700,1250.6,1251.6,1249.6,1250.8,60406
1778733000,1250.9,1253.0,1250.5,1252.8,43566
1778733300,1252.7,1252.9,1250.3,1252.5,23528
1778733600,1252.1,1252.9,1251.3,1252.6,16802
1778733900,1252.7,1254.9,1251.5,1254.9,29720
1778734200,1254.6,1254.6,1251.6,1252.7,24913
1778734500,1252.9,1254.0,1252.3,1253.4,14750
1778734800,1253.4,1254.9,1252.5,1254.4,17862
1778735100,1254.9,1254.9,1253.4,1253.6,15916
1778735400,1253.6,1254.3,1251.9,1252.1,21125
1778735700,1248.0,1248.0,1238.6,1238.6,899876
1778736000,1239.0,1242.4,1237.9,1241.4,162611
1778736300,1241.6,1243.3,1235.8,1236.9,132010
1778736600,1237.3,1239.2,1236.4,1237.7,39083
1778736900,1237.7,1239.2,1236.3,1237.9,32796
1778737200,1238.0,1241.5,1237.5,1241.2,68854
1778737500,1241.2,1244.0,1240.9,1244.0,50590
1778737800,1244.0,1247.4,1242.6,1246.3,70376
1778738100,1246.7,1251.8,1246.0,1250.6,68804
1778738400,1251.0,1255.3,1251.0,1255.3,74061
1778738700,1255.3,1262.5,1255.1,1261.0,244608
1778739000,1261.5,1263.0,1258.3,1262.6,122110
1778739300,1263.0,1264.0,1260.3,1263.5,85369
1778739600,1263.3,1267.3,1262.4,1264.0,103630
1778739900,1264.3,1266.4,1263.3,1265.6,29861
1778740200,1265.9,1266.0,1262.8,1263.3,28688
1778740500,1263.3,1266.2,1262.5,1265.0,36683
1778740800,1265.2,1266.0,1263.7,1265.6,20429
1778741100,1265.8,1269.0,1265.5,1267.7,29998
1778741400,1267.6,1268.0,1265.1,1267.2,21805
1778741700,1267.3,1267.9,1265.5,1266.1,23604
1778742000,1266.1,1266.4,1264.3,1265.4,18812
1778742300,1265.3,1266.9,1263.6,1264.3,18666
1778742600,1264.8,1265.1,1263.1,1264.6,32638
1778742900,1264.6,1264.8,1262.2,1263.5,20121
1778743200,1263.5,1264.2,1260.8,1262.2,83360
1778743500,1261.9,1264.3,1261.5,1263.0,12402
1778743800,1263.4,1265.9,1262.4,1265.7,15676
1778744100,1265.9,1267.2,1263.4,1263.4,47655
1778744400,1263.9,1264.6,1261.9,1263.6,20350
1778744700,1263.6,1264.3,1262.6,1263.5,29885
1778745000,1263.5,1263.5,1261.6,1262.1,18700
1778745300,1262.1,1264.0,1262.0,1262.4,21109
1778745600,1262.9,1263.5,1262.1,1262.4,18271
1778745900,1262.8,1263.3,1261.6,1262.1,24211
1778746200,1262.0,1263.0,1261.5,1261.7,34708
1778746500,1262.1,1262.1,1257.4,1257.5,57387
1778746800,1258.0,1258.1,1256.0,1257.6,72494
1778747100,1257.6,1259.8,1256.4,1259.1,25213
1778747400,1259.1,1259.5,1258.0,1259.0,22575
1778747700,1259.0,1260.3,1257.5,1258.4,70436
1778748000,1258.4,1259.6,1257.5,1259.6,52249
1778748300,1258.9,1261.4,1258.5,1259.7,82982
1778748600,1259.6,1260.0,1258.1,1258.9,65722
1778748900,1259.0,1262.0,1258.7,1261.4,29147
1778749200,1261.5,1261.8,1258.2,1260.6,101942
1778749500,1260.6,1261.0,1258.6,1259.4,108457
1778749800,1259.4,1260.1,1256.9,1257.3,85778
1778750100,1257.5,1257.7,1254.6,1255.9,85747
1778750400,1256.0,1257.3,1255.2,1255.9,105379
1778750700,1255.9,1257.9,1255.4,1256.6,66722
1778751000,1256.5,1256.9,1254.0,1255.5,225403
1778751300,1255.5,1256.6,1253.4,1255.6,190172
1778751600,1255.5,1255.5,1252.7,1254.2,159978
1778751900,1254.0,1255.7,1252.4,1255.2,147834
1778752200,1254.8,1254.8,1252.5,1254.0,165142
1778752500,1254.0,1257.5,1253.5,1255.1,194751
1778816700,1259.6,1259.9,1244.1,1249.2,169390
1778817000,1249.6,1250.6,1245.6,1246.7,76805
1778817300,1247.0,1252.0,1247.0,1252.0,67984
1778817600,1252.0,1253.0,1248.0,1250.0,71417
1778817900,1249.9,1251.6,1248.2,1251.4,31985
1778818200,1251.8,1255.1,1251.6,1254.9,39766
1778818500,1255.1,1256.0,1252.8,1254.4,40281
1778818800,1253.9,1254.6,1249.6,1251.2,47175
1778819100,1251.4,1253.2,1251.4,1252.6,31367
1778819400,1252.5,1252.5,1248.6,1249.7,42923
1778819700,1250.1,1250.8,1248.3,1249.2,33776
1778820000,1249.0,1252.9,1249.0,1252.8,24367
1778820300,1252.9,1253.9,1251.0,1251.9,53750
1778820600,1252.0,1252.3,1250.2,1250.7,43416
1778820900,1251.1,1253.1,1250.9,1251.9,27822
1778821200,1252.0,1252.6,1250.4,1252.6,32780
1778821500,1252.7,1253.5,1251.3,1252.1,31672
1778821800,1252.2,1253.3,1251.8,1252.3,27026
1778822100,1252.3,1253.8,1252.1,1253.8,25932
1778822400,1253.8,1254.6,1252.1,1252.4,50703
1778822700,1252.5,1253.0,1248.8,1251.0,71056
1778823000,1250.9,1251.2,1248.0,1248.7,34846
1778823300,1248.5,1248.6,1245.8,1246.0,42229
1778823600,1246.0,1247.8,1245.4,1246.7,39954
1778823900,1246.6,1248.9,1245.5,1247.9,82292
1778824200,1247.9,1248.6,1246.0,1246.9,61421
1778824500,1246.5,1247.1,1245.3,1245.8,36996
1778824800,1245.7,1247.5,1243.1,1247.0,61579
1778825100,1246.8,1248.4,1245.2,1247.8,32973
1778825400,1248.0,1249.2,1246.1,1249.2,33763
1778825700,1249.0,1251.7,1249.0,1250.3,32084
1778826000,1250.3,1251.6,1250.1,1250.6,19809
1778826300,1250.2,1251.7,1250.2,1251.1,26401
1778826600,1251.3,1254.8,1250.1,1254.7,30012
1778826900,1254.7,1256.9,1254.4,1255.3,41220
1778827200,1255.5,1256.0,1253.4,1253.6,26479
1778827500,1253.6,1255.0,1253.2,1254.4,36027
1778827800,1254.5,1254.6,1253.2,1254.3,24818
1778828100,1254.3,1254.9,1252.4,1252.8,169791
1778828400,1253.0,1253.6,1252.0,1252.6,40102
1778828700,1252.8,1254.5,1252.4,1254.4,47222
1778829000,1254.5,1257.7,1254.1,1256.4,83033
1778829300,1256.4,1258.0,1256.4,1257.7,44625
1778829600,1257.7,1259.0,1257.3,1257.7,62824
1778829900,1257.8,1258.8,1257.2,1257.8,41646
1778830200,1258.6,1260.4,1258.4,1259.4,60043
1778830500,1259.5,1261.4,1259.5,1260.8,42125
1778830800,1260.8,1261.2,1259.4,1260.6,35052
1778831100,1260.7,1263.0,1260.0,1263.0,51277
1778831400,1263.2,1263.4,1261.2,1261.5,43170
1778831700,1261.4,1261.5,1257.4,1258.5,68411
1778832000,1258.3,1258.9,1257.3,1258.5,45667
1778832300,1258.2,1258.9,1256.1,1256.2,49453
1778832600,1256.3,1256.8,1255.5,1256.0,40562
1778832900,1256.1,1257.5,1254.8,1255.5,34594
1778833200,1255.3,1257.4,1254.8,1257.0,245666
1778833500,1257.0,1257.4,1255.1,1255.9,34526
1778833800,1256.0,1256.1,1253.7,1254.2,49310
1778834100,1254.3,1254.9,1253.9,1254.4,42589
1778834400,1254.5,1255.0,1253.8,1254.8,55380
1778834700,1255.0,1255.2,1253.3,1254.3,99691
1778835000,1254.3,1254.8,1253.3,1254.2,49265
1778835300,1254.2,1254.4,1253.1,1254.3,58248
1778835600,1254.1,1254.5,1251.2,1251.9,206982
1778835900,1252.1,1252.7,1250.2,1250.5,88944
1778836200,1250.6,1252.6,1250.6,1251.1,74077
1778836500,1251.1,1251.1,1247.0,1247.0,93755
1778836800,1247.0,1247.0,1244.5,1246.3,131524
1778837100,1246.4,1247.5,1245.0,1246.2,88173
1778837400,1246.6,1247.5,1244.5,1247.0,147023
1778837700,1247.1,1247.1,1244.2,1244.4,113984
1778838000,1244.8,1245.5,1244.3,1244.9,125506
1778838300,1244.9,1245.2,1242.0,1244.7,158061
1778838600,1244.7,1245.2,1243.3,1243.9,186757
1778838900,1244.2,1246.9,1244.0,1245.5,86163
1779075900,1239.0,1239.0,1230.0,1233.2,99442
1779076200,1233.2,1235.7,1231.7,1234.9,38409
1779076500,1235.1,1235.9,1231.9,1232.9,26422
1779076800,1232.9,1237.2,1232.8,1235.9,22648
1779077100,1235.7,1235.9,1231.8,1232.5,26700
1779077400,1232.5,1232.6,1231.1,1232.0,23726
1779077700,1232.0,1233.0,1228.8,1230.4,30423
1779078000,1230.4,1231.3,1229.2,1229.9,16424
1779078300,1229.8,1232.5,1229.8,1231.9,23321
1779078600,1232.2,1232.5,1230.7,1231.7,23033
1779078900,1231.7,1231.9,1231.0,1231.4,26413
1779079200,1231.7,1231.9,1230.5,1231.4,24369
1779079500,1231.4,1234.2,1230.5,1233.2,35402
1779079800,1233.3,1234.2,1231.9,1232.6,24482
1779080100,1232.6,1232.9,1231.7,1232.3,48116
1779080400,1232.1,1233.7,1230.3,1233.4,58802
1779080700,1233.7,1234.5,1232.8,1233.0,28919
1779081000,1233.0,1233.8,1232.0,1232.8,18273
1779081300,1232.7,1234.0,1232.0,1233.4,24566
1779081600,1233.4,1235.2,1233.3,1235.2,17129
1779081900,1235.2,1236.8,1234.3,1236.3,23715
1779082200,1236.2,1236.7,1233.9,1233.9,23765
1779082500,1234.0,1235.5,1233.7,1235.0,21683
1779082800,1235.1,1235.1,1233.2,1234.3,25117
1779083100,1234.7,1234.9,1233.5,1233.7,36189
1779083400,1233.8,1235.9,1233.0,1235.1,55767
1779083700,1235.5,1235.6,1233.3,1233.6,22890
1779084000,1233.7,1238.5,1233.7,1237.8,110726
1779084300,1237.8,1238.1,1236.0,1237.5,22578
1779084600,1237.4,1237.7,1234.0,1235.5,19020
1779084900,1235.5,1235.8,1232.0,1232.9,41416
1779085200,1232.9,1233.0,1229.6,1229.7,78257
1779085500,1229.8,1230.6,1227.1,1227.1,75168
1779085800,1227.2,1227.4,1223.9,1224.0,181931
1779086100,1224.2,1225.2,1222.1,1223.5,160275
1779086400,1223.6,1226.2,1223.5,1225.6,135992
1779086700,1225.3,1225.8,1223.1,1224.1,201391
1779087000,1224.1,1226.8,1223.8,1226.1,73767
1779087300,1226.1,1228.6,1225.5,1228.5,175916
1779087600,1228.5,1229.1,1227.5,1227.7,96105
1779087900,1227.8,1229.3,1227.7,1228.6,92102
1779088200,1228.7,1229.5,1227.2,1228.4,92564
1779088500,1228.4,1230.5,1228.1,1230.0,162920
1779088800,1230.2,1231.7,1230.0,1231.5,52598
1779089100,1231.6,1235.5,1231.5,1234.3,263504
1779089400,1234.2,1235.7,1234.0,1234.1,258401
1779089700,1234.0,1235.1,1232.0,1232.8,140893
1779090000,1232.6,1235.6,1231.2,1235.5,108845
1779090300,1235.5,1237.7,1235.1,1237.1,36265
1779090600,1237.2,1237.2,1233.8,1236.2,168171
1779090900,1236.2,1236.7,1234.3,1236.2,27463
1779091200,1235.7,1238.0,1235.7,1237.4,49777
1779091500,1237.6,1237.7,1234.9,1235.6,31899
1779091800,1235.5,1236.7,1234.0,1235.7,68109
1779092100,1235.9,1236.0,1234.2,1235.6,42665
1779092400,1235.9,1237.7,1234.9,1237.4,42265
1779092700,1237.4,1239.4,1237.2,1238.5,61008
1779093000,1238.6,1241.0,1238.0,1240.3,101831
1779093300,1240.4,1240.4,1238.4,1239.0,78509
1779093600,1238.9,1240.0,1238.6,1240.0,82606
1779093900,1240.0,1240.0,1238.5,1240.0,44516
1779094200,1239.7,1240.0,1238.5,1238.6,57320
1779094500,1238.5,1240.0,1238.2,1238.6,153236
1779094800,1239.1,1239.3,1237.5,1237.9,66686
1779095100,1238.0,1238.0,1236.0,1236.1,58956
1779095400,1236.0,1238.9,1235.5,1238.6,50792
1779095700,1238.6,1238.8,1235.5,1235.5,61958
1779096000,1235.6,1236.9,1234.3,1236.6,78538
1779096300,1236.6,1236.6,1235.0,1235.9,112863
1779096600,1236.0,1242.0,1235.6,1240.8,243830
1779096900,1240.9,1241.5,1237.3,1238.0,242804
1779097200,1238.3,1238.9,1237.7,1238.5,195435
1779097500,1238.5,1238.5,1233.1,1233.2,241833
1779097800,1233.8,1236.2,1233.7,1236.2,151416
1779098100,1236.1,1236.2,1233.2,1234.9,104605
1779162300,1238.5,1242.2,1236.2,1238.0,369003
1779162600,1238.0,1240.0,1234.9,1239.6,218741
1779162900,1240.0,1240.9,1238.1,1238.7,154367
1779163200,1238.7,1238.9,1234.0,1234.8,75104
1779163500,1234.9,1239.0,1231.3,1238.4,116837
1779163800,1238.3,1244.4,1238.2,1242.4,145879
1779164100,1242.6,1244.8,1239.0,1239.5,72116
1779164400,1239.6,1241.5,1235.3,1236.6,94263
1779164700,1237.1,1237.1,1234.6,1234.8,68200
1779165000,1234.7,1238.8,1234.4,1234.8,135510
1779165300,1235.6,1240.0,1235.0,1239.1,95658
1779165600,1239.3,1242.3,1238.9,1241.1,66432
1779165900,1241.2,1243.1,1241.0,1241.1,70660
1779166200,1241.2,1242.8,1240.8,1242.4,51808
1779166500,1242.6,1245.0,1242.3,1244.0,61308
1779166800,1244.0,1245.1,1242.4,1242.5,99983
1779167100,1242.5,1246.0,1242.5,1244.9,136347
1779167400,1245.0,1245.8,1243.6,1245.8,133617
1779167700,1245.3,1246.3,1244.8,1245.7,69766
1779168000,1245.8,1247.7,1243.6,1245.0,126599
1779168300,1245.2,1249.8,1244.7,1248.5,79302
1779168600,1248.5,1248.6,1246.9,1247.4,74656
1779168900,1247.4,1247.4,1244.6,1244.9,69764
1779169200,1244.9,1245.4,1242.7,1242.7,70368
1779169500,1242.8,1244.1,1242.0,1244.0,64585
1779169800,1244.0,1244.8,1243.7,1244.2,56760
1779170100,1244.2,1244.7,1242.7,1244.2,62645
1779170400,1244.6,1244.6,1241.7,1243.1,74794
1779170700,1243.1,1243.3,1242.0,1242.7,56489
1779171000,1242.8,1244.9,1242.7,1243.8,99881
1779171300,1243.9,1245.0,1243.2,1243.8,58350
1779171600,1243.9,1245.4,1243.7,1244.2,46220
1779171900,1244.6,1246.0,1243.4,1243.5,56278
1779172200,1243.7,1243.7,1241.2,1242.4,98017
1779172500,1242.6,1244.7,1242.4,1244.1,60310
1779172800,1244.1,1244.8,1243.5,1244.2,48626
1779173100,1244.2,1244.2,1241.5,1243.1,57775
1779173400,1243.2,1243.9,1241.3,1241.8,77450
1779173700,1241.9,1243.0,1241.0,1242.0,144457
1779174000,1242.4,1243.4,1241.9,1242.1,50292
1779174300,1242.2,1242.2,1241.3,1241.6,62533
1779174600,1241.7,1241.9,1240.1,1241.4,84937
1779174900,1241.2,1243.2,1241.0,1242.2,84910
1779175200,1242.2,1242.2,1240.1,1241.1,109067
1779175500,1240.8,1241.1,1240.0,1240.2,58988
1779175800,1240.3,1240.8,1238.8,1239.1,66907
1779176100,1239.2,1240.4,1238.6,1240.1,86846
1779176400,1240.1,1240.3,1238.3,1239.1,72995
1779176700,1239.1,1241.3,1238.6,1240.8,88066
1779177000,1240.8,1241.4,1240.0,1241.0,59581
1779177300,1241.1,1243.5,1240.9,1242.2,96256
1779177600,1242.7,1244.5,1242.4,1243.2,110079
1779177900,1243.2,1243.9,1240.7,1242.6,127540
1779178200,1242.5,1242.7,1241.2,1241.5,51877
1779178500,1241.5,1243.8,1241.2,1242.3,116505
1779178800,1242.3,1242.9,1236.9,1238.3,254693
1779179100,1237.9,1238.0,1234.0,1237.2,309203
1779179400,1237.3,1239.9,1236.5,1237.9,282692
1779179700,1238.0,1239.0,1235.4,1235.6,136889
1779180000,1235.9,1239.7,1235.1,1238.9,169423
1779180300,1238.9,1242.0,1238.8,1239.3,98797
1779180600,1239.7,1240.9,1238.0,1240.6,156930
1779180900,1240.5,1242.0,1239.6,1239.9,166636
1779181200,1239.9,1240.5,1238.4,1238.9,108994
1779181500,1239.6,1239.6,1237.2,1237.2,78153
1779181800,1237.2,1237.6,1235.0,1235.2,99756
1779182100,1235.3,1235.9,1232.7,1235.1,196624
1779182400,1235.2,1237.3,1233.5,1235.8,313371
1779182700,1235.9,1240.3,1235.8,1240.0,192243
1779183000,1239.9,1240.3,1237.8,1238.0,393272
1779183300,1238.4,1243.6,1237.3,1238.8,408821
1779183600,1238.9,1238.9,1236.5,1237.1,195715
1779183900,1237.1,1237.4,1234.6,1236.4,216700
1779184200,1236.4,1237.9,1234.6,1237.2,225766
1779184500,1237.2,1240.0,1235.3,1237.9,139292
1779248700,1234.0,1234.0,1226.6,1231.7,166552
1779249000,1231.7,1233.8,1230.6,1233.1,53685
1779249300,1233.2,1236.0,1232.2,1235.5,56584
1779249600,1235.5,1238.1,1234.5,1236.6,44586
1779249900,1236.7,1236.7,1234.4,1234.8,42332
1779250200,1235.1,1235.2,1233.0,1234.8,39437
1779250500,1234.8,1235.7,1233.0,1234.1,45878
1779250800,1234.2,1235.9,1233.8,1235.1,21907
1779251100,1235.2,1237.6,1234.4,1237.2,24508
1779251400,1237.2,1237.3,1235.7,1236.6,23351
1779251700,1236.7,1238.5,1236.0,1238.0,31425
1779252000,1238.0,1240.0,1237.8,1238.4,44064
1779252300,1238.4,1238.4,1235.6,1236.5,44041
1779252600,1236.8,1236.8,1233.5,1233.5,32441
1779252900,1233.7,1235.8,1233.3,1235.8,25653
1779253200,1235.8,1240.5,1235.7,1239.8,49238
1779253500,1239.8,1241.0,1238.7,1239.0,39695
1779253800,1239.4,1240.0,1238.6,1238.7,18417
1779254100,1238.9,1238.9,1237.1,1237.1,32218
1779254400,1237.3,1239.0,1237.1,1238.7,29194
1779254700,1238.7,1239.7,1238.2,1239.7,19719
1779255000,1239.7,1242.9,1239.7,1242.1,46210
1779255300,1242.1,1245.8,1242.0,1244.5,73906
1779255600,1244.6,1245.7,1243.5,1244.2,38698
1779255900,1244.2,1244.6,1242.5,1243.4,35981
1779256200,1243.4,1246.6,1243.1,1244.1,51242
1779256500,1244.6,1247.9,1244.1,1247.2,38053
1779256800,1247.2,1248.2,1245.7,1248.0,37830
1779257100,1247.9,1249.0,1247.2,1248.3,52452
1779257400,1248.2,1248.5,1246.9,1248.0,35118
1779257700,1248.2,1249.8,1248.2,1249.2,42037
1779258000,1249.4,1249.9,1247.9,1249.4,37427
1779258300,1249.4,1249.6,1247.8,1248.6,32397
1779258600,1248.7,1249.0,1247.2,1247.6,29154
1779258900,1247.8,1247.9,1245.4,1245.4,29702
1779259200,1245.4,1246.8,1245.2,1245.5,34630
1779259500,1245.4,1246.6,1242.6,1242.6,37340
1779259800,1242.9,1245.0,1242.4,1244.8,29566
1779260100,1244.9,1244.9,1241.4,1242.0,32000
1779260400,1242.1,1243.1,1241.6,1242.2,23666
1779260700,1242.5,1243.7,1242.2,1243.3,19987
1779261000,1243.3,1243.9,1242.1,1242.4,27283
1779261300,1242.5,1243.4,1242.0,1242.3,21080
1779261600,1242.5,1243.0,1241.3,1241.8,27678
1779261900,1241.9,1243.0,1241.5,1242.4,24371
1779262200,1242.5,1242.6,1240.0,1240.3,33963
1779262500,1240.5,1242.0,1240.1,1241.9,19512
1779262800,1242.0,1243.0,1241.1,1242.0,40068
1779263100,1242.1,1242.4,1240.2,1240.9,32704
1779263400,1241.2,1242.4,1240.5,1241.0,27611
1779263700,1241.1,1242.1,1239.7,1241.0,26262
1779264000,1240.9,1242.9,1239.8,1242.6,40669
1779264300,1242.3,1245.6,1242.1,1243.8,83926
1779264600,1244.1,1244.5,1242.9,1243.5,17287
1779264900,1243.6,1244.1,1242.2,1242.9,23801
1779265200,1243.1,1246.0,1243.1,1246.0,29340
1779265500,1246.0,1248.1,1245.2,1248.1,42878
1779265800,1248.9,1251.4,1248.3,1250.0,52076
1779266100,1250.4,1252.5,1248.9,1251.7,53075
1779266400,1251.9,1252.3,1249.7,1250.5,28286
1779266700,1250.5,1251.5,1250.4,1250.9,33732
1779267000,1251.2,1253.9,1250.7,1253.1,64346
1779267300,1252.7,1253.1,1251.5,1252.3,32576
1779267600,1252.1,1254.1,1252.0,1252.6,42887
1779267900,1252.6,1253.5,1251.7,1253.3,59173
1779268200,1253.3,1254.0,1252.1,1252.1,39302
1779268500,1252.2,1252.9,1251.2,1252.2,63247
1779268800,1252.2,1252.7,1251.1,1252.6,51319
1779269100,1252.7,1253.8,1252.0,1252.7,56999
1779269400,1252.7,1252.7,1248.5,1249.4,132687
1779269700,1249.4,1250.7,1249.0,1249.4,135715
1779270000,1249.8,1250.6,1248.4,1250.0,136159
1779270300,1250.0,1251.0,1248.4,1249.1,144220
1779270600,1249.1,1251.2,1248.0,1250.0,145858
1779270900,1250.0,1252.0,1248.5,1251.2,99824
1779335100,1256.9,1260.6,1252.3,1253.1,177367
1779335400,1252.6,1254.5,1251.6,1252.5,93344
1779335700,1252.8,1255.9,1252.8,1253.8,61324
1779336000,1254.0,1254.9,1252.7,1253.0,38969
1779336300,1253.1,1256.9,1252.8,1256.6,39452
1779336600,1256.9,1258.6,1255.5,1258.3,57764
1779336900,1258.2,1259.9,1257.8,1259.4,42181
1779337200,1259.4,1262.7,1259.2,1261.8,58734
1779337500,1262.2,1262.4,1258.8,1259.3,44532
1779337800,1259.1,1260.7,1258.6,1259.9,41183
1779338100,1259.9,1259.9,1255.8,1257.6,38040
1779338400,1257.6,1258.4,1256.7,1257.9,20470
1779338700,1257.8,1259.5,1257.8,1258.9,20884
1779339000,1258.8,1260.4,1258.6,1259.9,25193
1779339300,1259.8,1260.6,1258.7,1260.3,34021
1779339600,1260.1,1261.8,1258.9,1259.7,59421
1779339900,1259.4,1259.7,1255.9,1256.5,52683
1779340200,1256.5,1258.8,1256.5,1258.6,33056
1779340500,1258.6,1260.0,1258.4,1259.7,51269
1779340800,1259.8,1260.0,1256.3,1258.7,57063
1779341100,1258.8,1258.8,1256.6,1257.3,39211
1779341400,1257.2,1257.2,1254.8,1255.1,64556
1779341700,1255.2,1256.6,1254.7,1256.6,36449
1779342000,1256.5,1256.8,1254.8,1255.4,40075
1779342300,1255.4,1255.8,1253.1,1255.5,59933
1779342600,1255.5,1258.7,1255.3,1258.3,38830
1779342900,1258.4,1260.0,1258.0,1260.0,46862
1779343200,1260.0,1260.7,1259.1,1260.1,44935
1779343500,1260.2,1260.2,1258.1,1258.5,18270
1779343800,1258.5,1259.6,1258.0,1259.6,30037
1779344100,1259.6,1259.8,1258.1,1258.4,20900
1779344400,1258.4,1260.4,1258.1,1259.2,130732
1779344700,1259.2,1259.9,1258.0,1258.8,54450
1779345000,1258.8,1259.8,1258.5,1258.7,28567
1779345300,1259.1,1260.5,1258.1,1260.2,92477
1779345600,1260.2,1260.9,1258.8,1259.3,201910
1779345900,1259.3,1260.2,1258.0,1259.3,65649
1779346200,1259.3,1260.3,1258.0,1258.2,173618
1779346500,1258.0,1258.3,1254.1,1255.2,109336
1779346800,1255.0,1255.6,1253.8,1255.1,59123
1779347100,1255.3,1255.3,1250.1,1250.5,110949
1779347400,1250.7,1250.8,1246.7,1249.2,89566
1779347700,1249.3,1249.4,1247.1,1249.4,30370
1779348000,1249.4,1250.4,1248.9,1249.6,27196
1779348300,1249.7,1249.8,1247.1,1247.8,29466
1779348600,1247.8,1248.2,1244.8,1246.9,84697
1779348900,1247.0,1248.3,1246.2,1248.0,29182
1779349200,1248.2,1249.6,1248.0,1248.7,20615
1779349500,1248.8,1249.4,1248.2,1248.8,28148
1779349800,1248.8,1249.8,1247.7,1247.8,44707
1779350100,1248.0,1248.3,1247.3,1247.6,53621
1779350400,1247.5,1250.0,1246.0,1249.9,60672
1779350700,1249.9,1251.6,1249.4,1250.7,102098
1779351000,1250.7,1252.0,1250.3,1251.6,27553
1779351300,1251.6,1252.7,1250.7,1251.1,50848
1779351600,1250.9,1251.1,1249.3,1250.1,48479
1779351900,1250.5,1251.3,1249.2,1251.1,36756
1779352200,1251.0,1251.0,1249.1,1249.4,27385
1779352500,1249.4,1250.6,1249.1,1250.6,28355
1779352800,1250.6,1251.6,1249.7,1251.1,107231
1779353100,1251.0,1251.0,1249.8,1250.7,23318
1779353400,1250.7,1252.3,1250.6,1251.9,27793
1779353700,1252.0,1253.0,1250.3,1250.6,40309
1779354000,1250.8,1252.7,1250.7,1252.7,43468
1779354300,1252.6,1253.4,1251.2,1252.5,89875
1779354600,1252.8,1255.1,1252.0,1252.8,64149
1779354900,1252.8,1254.3,1252.1,1253.2,65384
1779355200,1253.3,1254.6,1252.5,1253.7,64963
1779355500,1253.8,1255.0,1253.0,1254.4,77488
1779355800,1254.0,1255.9,1253.4,1254.5,200988
1779356100,1254.6,1255.4,1252.5,1253.6,255886
1779356400,1253.5,1255.8,1251.3,1251.5,283228
1779356700,1251.6,1252.6,1250.5,1251.6,180861
1779357000,1251.8,1253.1,1251.8,1252.5,137077
1779357300,1252.5,1254.1,1250.0,1252.0,153128
1779421500,1254.1,1259.5,1254.1,1258.1,74125
1779421800,1258.7,1263.8,1258.2,1263.1,64871
1779422100,1263.1,1264.4,1261.9,1262.4,34896
1779422400,1262.8,1267.2,1262.8,1266.0,50631
1779422700,1266.6,1267.0,1264.1,1265.5,38128
1779423000,1265.6,1267.9,1264.2,1267.0,38732
1779423300,1267.3,1269.6,1266.8,1268.6,56330
1779423600,1268.7,1271.3,1268.7,1271.0,53580
1779423900,1271.3,1271.8,1269.3,1271.0,42647
1779424200,1271.3,1272.7,1270.1,1272.3,76521
1779424500,1272.5,1272.6,1271.2,1272.3,53737
1779424800,1271.8,1276.0,1271.8,1275.9,74551
1779425100,1275.9,1276.4,1274.4,1275.0,38644
1779425400,1275.0,1276.9,1274.5,1275.3,44901
1779425700,1275.5,1275.6,1274.3,1275.2,29810
1779426000,1275.4,1276.5,1274.9,1276.2,28498
1779426300,1276.2,1278.5,1276.1,1277.7,39002
1779426600,1277.7,1280.4,1277.5,1279.8,46897
1779426900,1279.8,1280.2,1277.5,1278.8,46109
1779427200,1278.7,1279.0,1277.3,1278.6,79323
1779427500,1278.5,1278.6,1277.3,1277.7,51199
1779427800,1277.7,1278.4,1276.4,1278.4,32518
1779428100,1278.4,1278.5,1275.5,1276.2,48171
1779428400,1276.2,1276.2,1275.0,1275.3,59123
1779428700,1275.3,1275.8,1273.7,1274.6,160868
1779429000,1274.5,1276.6,1274.0,1276.5,102150
1779429300,1276.5,1276.7,1274.2,1275.3,133648
1779429600,1275.3,1276.9,1274.5,1276.3,36561
1779429900,1276.3,1276.6,1275.4,1276.5,22912
1779430200,1276.5,1278.4,1276.0,1278.2,27097
1779430500,1278.0,1279.0,1277.3,1278.9,18684
1779430800,1278.9,1278.9,1277.4,1278.0,22581
1779431100,1278.0,1278.1,1275.9,1276.2,21257
1779431400,1276.5,1277.6,1276.1,1277.4,30049
1779431700,1277.4,1279.0,1276.6,1278.8,27141
1779432000,1278.6,1280.0,1278.0,1279.7,31932
1779432300,1279.7,1281.0,1279.2,1280.1,67127
1779432600,1280.4,1280.5,1278.8,1279.2,94754
1779432900,1279.5,1280.6,1279.0,1279.2,36848
1779433200,1279.1,1279.5,1277.8,1279.1,33527
1779433500,1279.1,1280.5,1279.1,1280.4,28834
1779433800,1280.3,1281.7,1280.0,1281.6,39575
1779434100,1281.6,1283.1,1281.2,1282.6,135105
1779434400,1282.6,1286.5,1282.5,1285.9,106806
1779434700,1285.9,1285.9,1283.1,1284.3,77841
1779435000,1284.2,1284.5,1282.8,1284.0,141229
1779435300,1284.0,1287.1,1283.6,1286.5,161208
1779435600,1286.5,1287.1,1285.7,1286.0,52110
1779435900,1286.0,1286.4,1285.3,1285.6,36387
1779436200,1285.6,1286.5,1285.0,1285.6,55520
1779436500,1285.6,1286.0,1285.0,1285.3,37511
1779436800,1285.4,1286.7,1285.0,1286.3,42288
1779437100,1286.3,1286.4,1285.3,1285.8,43397
1779437400,1285.8,1287.0,1285.6,1286.2,86056
1779437700,1286.0,1287.4,1285.9,1286.0,62448
1779438000,1286.0,1286.9,1283.5,1284.7,86770
1779438300,1284.7,1285.5,1283.8,1284.9,74275
1779438600,1284.9,1286.3,1283.8,1283.9,74795
1779438900,1283.9,1285.2,1282.2,1284.8,67367
1779439200,1284.8,1285.0,1283.1,1284.4,69114
1779439500,1284.3,1286.8,1284.3,1286.1,70218
1779439800,1286.1,1286.1,1284.7,1284.7,43911
1779440100,1284.7,1285.2,1283.2,1283.4,41416
1779440400,1283.4,1284.5,1282.0,1284.2,65772
1779440700,1284.2,1284.3,1282.0,1283.0,60405
1779441000,1283.0,1283.0,1281.5,1281.9,64086
1779441300,1281.5,1284.2,1281.5,1283.8,55857
1779441600,1283.8,1284.8,1283.7,1284.5,39380
1779441900,1284.7,1285.0,1283.7,1284.3,59460
1779442200,1284.3,1284.7,1283.0,1284.3,130339
1779442500,1284.4,1284.5,1283.1,1283.1,148826
1779442800,1283.0,1285.3,1283.0,1285.1,144579
1779443100,1285.0,1286.7,1284.9,1286.4,197696
1779443400,1286.1,1288.8,1286.0,1288.6,171687
1779443700,1288.6,1288.6,1285.0,1287.0,167799
1779680700,1300.4,1304.5,1295.6,1299.2,296875
1779681000,1298.9,1302.2,1297.6,1301.5,85263
1779681300,1301.4,1301.4,1297.9,1298.2,101122
1779681600,1298.3,1299.8,1297.6,1297.8,101303
1779681900,1297.7,1298.8,1296.3,1296.7,102216
1779682200,1296.7,1298.0,1295.9,1297.8,82469
1779682500,1298.0,1298.5,1293.9,1296.7,151892
1779682800,1296.7,1298.0,1296.3,1298.0,65118
1779683100,1298.2,1300.5,1298.1,1300.2,47300
1779683400,1300.4,1303.0,1299.6,1302.3,63826
1779683700,1302.3,1303.0,1301.1,1301.8,46029
1779684000,1301.8,1304.9,1300.8,1303.3,89105
1779684300,1303.3,1303.6,1301.1,1302.0,38248
1779684600,1302.0,1302.3,1300.7,1301.3,30407
1779684900,1301.3,1302.9,1301.1,1301.9,21668
1779685200,1302.0,1305.8,1302.0,1305.5,184462
1779685500,1305.6,1306.0,1304.7,1305.2,86590
1779685800,1305.2,1306.4,1304.8,1305.6,134543
1779686100,1305.6,1306.0,1303.7,1304.7,99671
1779686400,1304.8,1305.1,1303.3,1303.4,61873
1779686700,1303.7,1303.8,1302.3,1303.5,49114
1779687000,1303.6,1304.1,1302.6,1303.8,87688
1779687300,1303.8,1304.0,1302.1,1303.4,76950
1779687600,1303.1,1304.0,1302.6,1303.5,51695
1779687900,1303.5,1304.0,1302.6,1302.8,48902
1779688200,1302.8,1303.0,1302.0,1302.4,50933
1779688500,1302.4,1302.7,1301.4,1302.6,90690
1779688800,1302.6,1302.7,1301.6,1302.2,78615
1779689100,1301.6,1303.9,1301.6,1303.9,81235
1779689400,1303.9,1305.2,1303.2,1305.2,67183
1779689700,1305.1,1305.5,1303.2,1303.9,83602
1779690000,1303.9,1304.4,1302.0,1302.4,65983
1779690300,1302.4,1303.3,1301.3,1303.0,60694
1779690600,1303.0,1303.2,1301.4,1301.5,37456
1779690900,1301.8,1301.8,1299.7,1300.1,60209
1779691200,1300.1,1301.0,1299.9,1300.8,23629
1779691500,1300.8,1301.7,1300.4,1301.5,29077
1779691800,1301.5,1301.7,1300.6,1301.4,23659
1779692100,1301.4,1301.8,1301.1,1301.2,40676
1779692400,1301.2,1302.6,1301.1,1302.6,44382
1779692700,1302.6,1302.7,1302.1,1302.2,40297
1779693000,1302.2,1302.6,1302.0,1302.6,34494
1779693300,1302.6,1303.3,1301.6,1302.3,77548
1779693600,1302.3,1304.0,1301.7,1303.9,45912
1779693900,1304.0,1305.0,1303.3,1305.0,33498
1779694200,1305.5,1307.0,1304.3,1306.3,89029
1779694500,1306.0,1306.5,1305.3,1305.9,51016
1779694800,1306.2,1306.3,1305.0,1305.3,42845
1779695100,1305.4,1305.4,1302.9,1303.7,46198
1779695400,1303.7,1305.4,1303.6,1305.1,33665
1779695700,1305.2,1306.4,1305.1,1306.4,34847
1779696000,1306.2,1307.0,1305.6,1306.4,41302
1779696300,1306.4,1306.5,1305.3,1305.7,37808
1779696600,1305.5,1305.8,1304.8,1305.3,23160
1779696900,1305.2,1306.0,1305.2,1305.8,30985
1779697200,1306.0,1306.6,1305.5,1306.3,26554
1779697500,1306.3,1306.3,1305.0,1305.2,32413
1779697800,1305.4,1305.4,1304.6,1305.2,32444
1779698100,1305.2,1305.5,1304.6,1305.2,43425
1779698400,1305.1,1305.6,1303.8,1303.9,70875
1779698700,1304.0,1305.9,1303.8,1305.4,64426
1779699000,1305.4,1306.9,1304.5,1306.7,47790
1779699300,1306.7,1308.3,1306.5,1307.4,111624
1779699600,1307.5,1307.7,1307.0,1307.7,62685
1779699900,1307.6,1308.9,1307.2,1308.4,163759
1779700200,1308.4,1309.3,1308.0,1309.2,92891
1779700500,1309.2,1311.6,1309.0,1310.5,182817
1779700800,1310.6,1311.4,1309.4,1310.3,119688
1779701100,1309.9,1311.5,1309.9,1311.5,169880
1779701400,1311.5,1311.5,1310.4,1311.0,138547
1779701700,1310.5,1311.4,1310.4,1311.0,86147
1779702000,1310.8,1312.0,1310.5,1311.6,111515
1779702300,1311.6,1311.9,1310.8,1311.1,122158
1779702600,1310.9,1311.6,1310.1,1311.2,143200
1779702900,1311.1,1314.5,1310.2,1311.0,103820
1779767100,1309.8,1310.9,1304.0,1307.1,106538
1779767400,1307.4,1308.7,1306.8,1308.0,69674
1779767700,1308.0,1310.6,1308.0,1310.5,64678
1779768000,1310.3,1312.5,1309.1,1310.0,57206
1779768300,1310.0,1316.5,1309.3,1316.5,53186
1779768600,1315.9,1317.0,1313.5,1315.0,56427
1779768900,1315.1,1315.5,1314.0,1314.0,27844
1779769200,1314.1,1314.6,1306.4,1308.8,199765
1779769500,1308.6,1308.8,1303.9,1306.9,76207
1779769800,1307.0,1310.3,1305.4,1307.6,55348
1779770100,1307.8,1310.3,1307.3,1308.8,53728
1779770400,1308.8,1312.4,1308.8,1312.0,53384
1779770700,1312.0,1312.4,1310.1,1311.5,55774
1779771000,1311.3,1312.7,1309.9,1312.3,85283
1779771300,1312.6,1313.2,1308.9,1310.2,60940
1779771600,1310.4,1310.6,1309.1,1310.2,46173
1779771900,1310.2,1311.5,1308.1,1308.5,142976
1779772200,1309.3,1309.6,1308.5,1309.5,53331
1779772500,1309.4,1309.9,1309.0,1309.5,36667
1779772800,1309.6,1309.9,1308.6,1309.4,82333
1779773100,1309.2,1309.6,1307.6,1308.6,64585
1779773400,1308.2,1309.4,1307.8,1309.0,60395
1779773700,1308.4,1309.3,1304.0,1304.5,114558
1779774000,1304.5,1307.6,1302.6,1307.4,95753
1779774300,1307.4,1308.0,1306.1,1306.2,44628
1779774600,1306.1,1306.9,1305.0,1305.0,96541
1779774900,1305.0,1305.9,1303.3,1303.3,57136
1779775200,1303.3,1304.4,1302.3,1304.1,44508
1779775500,1304.1,1304.6,1302.6,1302.7,72676
1779775800,1302.7,1302.7,1302.2,1302.6,49275
1779776100,1302.6,1302.6,1301.0,1302.0,53011
1779776400,1302.5,1302.9,1301.2,1302.8,57174
1779776700,1302.8,1303.4,1301.0,1301.5,68264
1779777000,1301.5,1301.9,1299.8,1301.9,42591
1779777300,1302.0,1302.8,1300.0,1300.6,30576
1779777600,1300.2,1301.4,1300.1,1300.8,26477
1779777900,1300.8,1301.7,1299.4,1301.5,57508
1779778200,1301.5,1302.0,1297.7,1298.3,57146
1779778500,1298.4,1298.8,1296.0,1297.0,50610
1779778800,1297.0,1300.0,1295.9,1296.6,66209
1779779100,1296.6,1298.2,1295.2,1298.2,41854
1779779400,1298.2,1298.5,1296.2,1296.9,35179
1779779700,1296.9,1297.4,1295.0,1296.8,55682
1779780000,1296.8,1296.8,1291.5,1295.9,106322
1779780300,1295.9,1296.9,1294.3,1296.9,43437
1779780600,1296.9,1297.5,1295.1,1296.2,72780
1779780900,1296.2,1297.4,1295.7,1296.6,25537
1779781200,1296.6,1298.4,1296.2,1296.9,42304
1779781500,1296.9,1298.5,1295.8,1297.9,39211
1779781800,1298.0,1298.7,1296.8,1298.1,26365
1779782100,1298.0,1298.7,1297.1,1297.6,41069
1779782400,1297.7,1298.5,1296.3,1297.8,92596
1779782700,1297.8,1298.0,1296.5,1296.8,26017
1779783000,1296.9,1298.2,1296.1,1296.9,94936
1779783300,1296.9,1299.0,1296.9,1299.0,68650
1779783600,1298.9,1299.4,1297.3,1298.4,89156
1779783900,1298.4,1299.8,1298.0,1298.6,193487
1779784200,1298.4,1299.3,1296.5,1297.4,117407
1779784500,1297.4,1299.2,1296.5,1298.0,115908
1779784800,1298.4,1300.0,1296.1,1299.5,223979
1779785100,1299.5,1300.4,1297.9,1300.2,156490
1779785400,1299.8,1300.5,1298.2,1299.4,162815
1779785700,1299.4,1300.5,1297.8,1299.6,96291
1779786000,1299.6,1299.8,1298.0,1298.5,131757
1779786300,1298.5,1298.9,1297.3,1298.6,90359
1779786600,1298.5,1298.9,1296.4,1296.5,131047
1779786900,1296.5,1297.3,1294.8,1296.7,127058
1779787200,1297.0,1297.4,1296.0,1296.4,54226
1779787500,1296.4,1298.3,1296.0,1297.6,35495
1779787800,1297.1,1300.7,1296.7,1299.2,426876
1779788100,1299.4,1300.3,1297.9,1299.1,291435
1779788400,1299.3,1300.5,1298.3,1298.9,190595
1779788700,1299.0,1300.6,1298.5,1299.3,173096
1779789000,1299.3,1300.3,1299.2,1299.5,96038
1779789300,1299.5,1302.0,1299.0,1301.5,83361
1779853500,1296.3,1307.9,1296.3,1301.0,152010
1779853800,1301.0,1303.2,1300.4,1301.5,42055
1779854100,1301.5,1301.5,1294.8,1295.5,80836
1779854400,1294.7,1296.0,1293.1,1295.8,48602
1779854700,1295.9,1297.0,1294.8,1295.7,30887
1779855000,1295.6,1298.4,1295.6,1298.0,27265
1779855300,1298.0,1298.0,1295.3,1297.0,27832
1779855600,1297.1,1297.2,1295.3,1296.6,28089
1779855900,1297.0,1297.4,1295.2,1295.8,29151
1779856200,1295.3,1297.7,1294.5,1297.7,65953
1779856500,1297.8,1301.7,1297.6,1301.2,141318
1779856800,1301.3,1301.7,1300.0,1301.0,34672
1779857100,1301.5,1308.0,1301.0,1307.4,118011
1779857400,1307.9,1310.1,1306.5,1310.0,79097
1779857700,1310.4,1314.5,1310.0,1312.5,112512
1779858000,1312.5,1312.9,1310.5,1311.2,35509
1779858300,1311.2,1312.1,1309.6,1311.5,38035
1779858600,1311.0,1311.7,1309.6,1309.7,29488
1779858900,1309.9,1310.8,1308.0,1310.6,61386
1779859200,1310.8,1313.6,1309.7,1313.3,31587
1779859500,1313.4,1314.5,1312.3,1313.0,31733
1779859800,1313.1,1313.9,1311.3,1311.6,30398
1779860100,1311.6,1313.0,1310.6,1311.6,36468
1779860400,1311.6,1312.0,1310.5,1311.5,25578
1779860700,1311.5,1313.5,1311.0,1313.3,22464
1779861000,1313.4,1313.8,1312.6,1312.7,18580
1779861300,1312.9,1313.5,1311.8,1313.3,20852
1779861600,1313.4,1314.0,1311.3,1314.0,149541
1779861900,1313.8,1314.0,1311.0,1312.1,48004
1779862200,1312.2,1313.0,1311.3,1311.5,17019
1779862500,1311.7,1311.7,1310.8,1310.8,24602
1779862800,1310.8,1311.7,1310.8,1311.0,25326
1779863100,1311.0,1312.5,1311.0,1312.3,32641
1779863400,1312.3,1313.5,1311.2,1311.6,33702
1779863700,1311.9,1312.7,1311.6,1312.0,18532
1779864000,1312.0,1312.1,1310.2,1311.0,27520
1779864300,1311.0,1312.0,1310.4,1311.9,29058
1779864600,1312.0,1313.1,1311.0,1313.0,23387
1779864900,1313.0,1313.0,1311.6,1311.7,20389
1779865200,1312.0,1312.0,1310.9,1311.0,26942
1779865500,1310.4,1312.8,1310.0,1312.7,44508
1779865800,1312.5,1312.8,1311.5,1312.8,11899
1779866100,1312.6,1312.6,1312.1,1312.4,14634
1779866400,1312.2,1312.4,1310.1,1311.1,18049
1779866700,1310.9,1311.9,1310.0,1310.2,19829
1779867000,1310.4,1311.6,1309.2,1311.2,30623
1779867300,1311.2,1311.5,1306.6,1306.7,39687
1779867600,1306.5,1308.4,1306.5,1307.3,858236
1779867900,1307.4,1307.4,1306.1,1306.4,33354
1779868200,1306.5,1307.2,1305.0,1307.1,27102
1779868500,1307.1,1307.2,1300.2,1300.8,99099
1779868800,1300.7,1301.0,1298.0,1299.1,1801103
1779869100,1299.2,1299.9,1298.6,1299.6,45629
1779869400,1299.9,1302.6,1299.6,1302.0,58254
1779869700,1302.4,1302.5,1301.2,1301.8,24197
1779870000,1301.8,1302.9,1301.2,1302.1,19283
1779870300,1302.6,1302.7,1301.3,1301.8,16601
1779870600,1302.0,1303.6,1301.0,1301.9,116059
1779870900,1302.3,1303.4,1301.3,1303.0,68494
1779871200,1303.0,1303.5,1302.2,1302.7,39195
1779871500,1302.8,1304.4,1302.1,1303.7,51611
1779871800,1303.7,1306.0,1303.3,1305.5,42702
1779872100,1305.3,1305.6,1303.9,1304.6,55800
1779872400,1304.3,1305.0,1302.9,1303.3,62558
1779872700,1303.6,1303.6,1300.3,1301.5,87478
1779873000,1301.8,1303.2,1300.8,1302.1,59418
1779873300,1302.3,1303.0,1299.7,1302.1,77413
1779873600,1302.1,1303.0,1299.7,1302.6,215016
1779873900,1302.9,1304.9,1302.0,1304.3,65315
1779874200,1304.3,1304.3,1301.2,1302.5,192416
1779874500,1302.6,1304.5,1301.0,1304.3,148510
1779874800,1304.4,1305.0,1301.6,1303.6,320453
1779875100,1303.6,1306.0,1302.5,1303.9,216762
1779875400,1304.0,1305.7,1303.7,1305.1,131547
1779875700,1305.1,1307.6,1303.5,1304.5,244718
1780026300,1296.1,1309.8,1296.1,1308.3,319240
1780026600,1309.0,1309.4,1306.7,1307.7,110976
1780026900,1307.7,1308.8,1304.5,1306.1,95535
1780027200,1306.1,1310.3,1303.6,1303.8,104381
1780027500,1303.7,1307.1,1302.2,1304.0,158848
1780027800,1304.2,1304.3,1295.9,1296.0,174270
1780028100,1296.2,1299.0,1296.2,1297.4,38455
1780028400,1297.3,1299.5,1297.0,1298.5,28723
1780028700,1298.4,1299.3,1297.0,1298.3,57458
1780029000,1299.2,1299.3,1295.2,1298.7,55316
1780029300,1298.5,1302.4,1298.3,1301.6,29917
1780029600,1301.3,1303.9,1301.3,1303.9,27566
1780029900,1304.8,1305.5,1303.1,1304.3,47858
1780030200,1304.0,1306.7,1304.0,1306.5,67513
1780030500,1306.5,1307.0,1304.3,1305.1,35462
1780030800,1305.1,1305.4,1304.3,1304.6,92503
1780031100,1305.1,1306.6,1304.4,1306.0,41544
1780031400,1305.7,1306.2,1305.4,1306.0,17174
1780031700,1305.9,1306.7,1305.0,1305.2,29302
1780032000,1305.4,1305.9,1304.7,1305.8,43139
1780032300,1305.7,1307.7,1305.4,1307.6,38057
1780032600,1307.7,1308.6,1307.4,1308.6,32058
1780032900,1308.7,1308.9,1307.9,1308.2,24745
1780033200,1308.1,1308.2,1305.5,1306.5,36279
1780033500,1306.5,1308.1,1305.9,1306.7,34294
1780033800,1306.7,1306.8,1304.8,1306.8,58876
1780034100,1306.8,1307.2,1306.0,1306.4,16008
1780034400,1306.4,1309.6,1306.4,1307.0,149258
1780034700,1307.0,1307.4,1305.8,1306.3,31177
1780035000,1306.4,1308.5,1306.0,1308.4,32832
1780035300,1308.5,1310.0,1307.7,1309.2,48220
1780035600,1309.3,1312.6,1309.2,1311.6,68283
1780035900,1311.3,1311.6,1308.5,1308.7,23433
1780036200,1308.6,1308.7,1305.1,1305.6,67101
1780036500,1305.6,1305.7,1304.3,1305.0,19141
1780036800,1304.9,1305.0,1300.7,1301.6,117106
1780037100,1301.7,1301.8,1299.4,1301.3,35258
1780037400,1300.8,1302.0,1300.0,1301.6,26030
1780037700,1301.6,1301.6,1299.1,1300.5,42422
1780038000,1300.3,1301.2,1297.9,1298.0,34324
1780038300,1298.0,1299.7,1297.6,1299.0,32087
1780038600,1298.9,1300.0,1298.5,1299.6,20308
1780038900,1299.3,1299.6,1298.2,1298.3,20279
1780039200,1298.2,1298.7,1298.1,1298.6,25914
1780039500,1298.5,1300.5,1298.0,1300.5,47883
1780039800,1300.5,1300.5,1298.5,1299.0,20027
1780040100,1299.3,1299.3,1296.0,1296.2,27135
1780040400,1296.1,1296.6,1294.1,1295.6,72947
1780040700,1295.5,1296.3,1293.4,1295.8,41605
1780041000,1295.8,1297.8,1294.5,1296.5,70563
1780041300,1296.5,1298.4,1295.6,1297.0,47253
1780041600,1297.0,1297.7,1295.1,1295.2,21885
1780041900,1295.3,1295.4,1294.0,1294.6,19114
1780042200,1294.7,1295.9,1294.2,1295.2,26588
1780042500,1295.2,1295.4,1293.1,1293.2,22721
1780042800,1293.5,1297.2,1293.0,1295.2,60591
1780043100,1295.2,1297.6,1295.0,1296.2,24073
1780043400,1296.2,1297.0,1295.3,1295.5,20972
1780043700,1295.3,1296.7,1295.0,1295.6,30831
1780044000,1295.7,1296.0,1295.2,1295.2,16894
1780044300,1295.4,1295.4,1292.7,1293.2,66700
1780044600,1293.1,1295.2,1292.7,1294.3,45195
1780044900,1294.3,1296.4,1293.6,1296.2,31791
1780045200,1296.2,1298.7,1296.1,1297.5,27580
1780045500,1297.6,1299.6,1297.1,1298.5,47568
1780045800,1298.2,1298.4,1296.6,1297.3,19301
1780046100,1297.3,1299.2,1296.4,1297.3,31007
1780046400,1297.1,1297.4,1295.9,1296.8,32368
1780046700,1296.8,1298.1,1295.6,1298.1,43987
1780047000,1297.6,1297.6,1281.2,1282.7,2697244
1780047300,1282.8,1285.9,1282.7,1284.4,2313003
1780047600,1284.2,1284.6,1283.8,1284.6,1595502
1780047900,1284.5,1289.7,1284.5,1289.6,2048639
1780048200,1289.7,1289.9,1289.6,1289.8,1608290
1780048500,1289.7,1296.6,1277.4,1286.5,1368370
1780285500,1289.0,1293.2,1275.6,1284.6,242112
1780285800,1284.8,1288.3,1284.8,1286.1,35321
1780286100,1286.9,1289.5,1286.0,1287.9,36243
1780286400,1288.9,1290.6,1287.5,1288.8,45569
1780286700,1288.9,1290.8,1287.1,1290.6,41691
1780287000,1290.6,1292.5,1287.1,1287.4,30323
1780287300,1287.4,1288.2,1284.8,1287.0,42739
1780287600,1287.8,1289.4,1287.4,1288.5,18603
1780287900,1287.2,1288.4,1284.1,1284.7,45417
1780288200,1284.9,1285.4,1282.1,1283.2,54583
1780288500,1283.2,1283.8,1282.1,1283.4,31036
1780288800,1283.5,1283.9,1281.3,1281.8,38084
1780289100,1281.2,1281.6,1278.6,1279.5,25400
1780289400,1279.8,1280.0,1278.0,1278.8,25579
1780289700,1279.1,1281.3,1278.0,1279.0,18403
1780290000,1279.0,1279.8,1278.1,1278.5,15676
1780290300,1278.9,1283.1,1278.5,1280.5,14303
1780290600,1280.6,1280.8,1278.8,1279.0,18181
1780290900,1278.6,1281.9,1278.6,1281.2,15349
1780291200,1280.8,1283.0,1280.7,1283.0,17723
1780291500,1282.9,1283.6,1281.6,1281.8,19443
1780291800,1281.9,1282.8,1280.3,1280.8,17465
1780292100,1280.8,1283.4,1280.4,1283.1,13612
1780292400,1283.4,1283.4,1281.7,1281.9,17984
1780292700,1282.0,1284.1,1281.7,1283.5,34154
1780293000,1283.5,1283.8,1281.4,1281.7,13854
1780293300,1281.6,1281.6,1280.1,1280.2,16320
1780293600,1280.3,1281.0,1277.0,1278.4,25396
1780293900,1278.4,1279.7,1277.5,1278.7,18889
1780294200,1279.2,1279.5,1277.0,1277.1,12334
1780294500,1277.2,1279.0,1276.0,1278.7,16608
1780294800,1278.9,1279.5,1278.2,1279.5,12307
1780295100,1279.6,1279.6,1275.7,1275.7,15235
1780295400,1275.7,1276.3,1273.3,1275.9,49425
1780295700,1275.9,1276.5,1272.5,1272.9,47643
1780296000,1272.9,1273.6,1271.1,1273.0,77548
1780296300,1272.8,1273.2,1272.0,1272.7,15442
1780296600,1272.5,1272.5,1271.2,1271.8,19678
1780296900,1271.9,1273.1,1271.3,1271.7,27646
1780297200,1271.9,1273.3,1271.7,1272.7,15664
1780297500,1272.7,1273.3,1271.8,1272.0,16732
1780297800,1272.0,1272.2,1270.4,1271.4,23701
1780298100,1271.6,1274.0,1271.5,1272.9,22161
1780298400,1273.2,1273.2,1272.0,1272.0,15742
1780298700,1272.3,1273.7,1269.9,1271.5,40146
1780299000,1271.4,1271.8,1269.7,1270.9,21344
1780299300,1270.5,1270.8,1269.0,1269.2,22796
1780299600,1269.2,1269.2,1267.0,1268.6,32213
1780299900,1268.5,1270.8,1267.9,1269.5,32942
1780300200,1269.6,1272.9,1269.5,1272.0,33400
1780300500,1272.0,1274.8,1270.7,1274.5,43556
1780300800,1274.8,1276.6,1274.0,1275.3,49732
1780301100,1275.3,1275.5,1273.5,1274.7,40010
1780301400,1274.7,1275.0,1273.4,1273.8,41554
1780301700,1273.8,1274.2,1272.0,1272.6,75586
1780302000,1272.5,1273.8,1271.2,1273.5,209316
1780302300,1273.5,1273.9,1271.8,1272.6,77668
1780302600,1272.6,1274.6,1271.9,1273.6,58321
1780302900,1273.8,1274.2,1272.1,1272.3,53740
1780303200,1272.4,1273.5,1272.1,1272.1,48998
1780303500,1272.3,1275.3,1271.8,1274.8,70081
1780303800,1275.0,1275.0,1272.5,1273.3,80599
1780304100,1273.0,1274.2,1272.2,1273.7,43789
1780304400,1273.2,1274.6,1269.0,1271.0,128434
1780304700,1271.1,1274.7,1271.1,1274.6,52521
1780305000,1274.6,1275.2,1274.0,1275.2,49280
1780305300,1275.2,1276.9,1274.3,1275.3,56606
1780305600,1275.5,1275.5,1273.1,1273.5,64885
1780305900,1273.5,1274.0,1272.1,1273.5,96318
1780306200,1273.4,1275.9,1272.4,1275.9,216348
1780306500,1275.8,1278.4,1275.0,1278.2,167290
1780306800,1278.2,1278.4,1276.0,1276.9,180390
1780307100,1276.9,1277.1,1272.6,1274.8,262085
1780307400,1274.8,1276.6,1274.1,1276.5,187376
1780307700,1276.5,1277.5,1275.1,1277.5,385966
1780371900,1263.0,1270.4,1260.1,1269.2,295612
1780372200,1269.3,1271.5,1267.1,1270.1,98157
1780372500,1270.1,1271.6,1268.8,1269.5,62095
1780372800,1269.5,1270.9,1267.8,1270.9,38398
1780373100,1271.4,1273.2,1271.0,1272.0,30665
1780373400,1271.8,1272.3,1269.1,1271.4,40988
1780373700,1271.4,1271.4,1269.1,1271.0,20789
1780374000,1271.1,1273.6,1269.6,1272.5,22086
1780374300,1272.6,1274.7,1272.2,1274.3,30917
1780374600,1274.5,1275.8,1273.4,1273.9,49336
1780374900,1273.8,1274.9,1268.0,1268.0,51133
1780375200,1267.6,1268.1,1263.3,1263.4,39173
1780375500,1263.7,1265.8,1262.0,1265.5,81773
1780375800,1265.2,1269.3,1265.2,1268.7,24334
1780376100,1268.5,1268.7,1265.7,1265.8,42216
1780376400,1265.8,1266.9,1261.7,1262.7,57123
1780376700,1262.7,1263.3,1260.0,1260.8,60914
1780377000,1260.8,1261.4,1259.6,1260.1,53826
1780377300,1260.0,1261.1,1254.2,1254.5,120005
1780377600,1254.2,1255.8,1252.3,1253.5,93382
1780377900,1254.0,1254.8,1251.4,1253.8,339603
1780378200,1253.8,1255.7,1251.3,1251.9,166641
1780378500,1252.0,1252.8,1250.8,1251.9,76164
1780378800,1251.9,1253.6,1251.6,1253.2,87149
1780379100,1253.1,1253.3,1251.4,1251.6,58570
1780379400,1252.6,1256.2,1251.6,1255.9,199836
1780379700,1255.9,1255.9,1253.0,1253.5,69024
1780380000,1253.3,1254.5,1252.6,1253.1,97023
1780380300,1253.3,1254.4,1251.0,1251.6,124349
1780380600,1251.5,1252.4,1251.0,1251.3,59792
1780380900,1251.3,1252.1,1250.2,1250.7,46825
1780381200,1250.7,1251.0,1248.8,1250.1,165498
1780381500,1250.0,1251.0,1249.7,1250.6,84365
1780381800,1250.6,1251.5,1249.7,1250.1,95461
1780382100,1250.1,1251.5,1249.2,1251.0,127870
1780382400,1250.8,1252.1,1247.8,1248.9,206721
1780382700,1248.8,1250.7,1247.7,1249.4,110705
1780383000,1249.2,1249.6,1247.0,1248.1,145275
1780383300,1248.1,1248.5,1245.9,1246.3,155724
1780383600,1246.2,1252.0,1244.9,1251.4,433925
1780383900,1251.3,1252.0,1249.8,1251.4,408035
1780384200,1251.3,1254.0,1251.0,1253.4,444023
1780384500,1253.0,1260.9,1253.0,1259.3,794606
1780384800,1259.6,1264.2,1259.0,1260.0,478924
1780385100,1260.2,1263.3,1259.4,1261.4,162777
1780385400,1261.7,1261.7,1259.4,1260.2,97945
1780385700,1260.3,1260.8,1259.2,1260.2,86292
1780386000,1260.3,1264.4,1259.3,1262.5,228883
1780386300,1262.5,1265.4,1262.4,1263.1,173033
1780386600,1263.1,1265.5,1262.6,1264.1,136237
1780386900,1265.0,1265.6,1262.4,1264.1,47457
1780387200,1264.1,1265.3,1262.5,1264.3,126590
1780387500,1264.2,1264.6,1261.7,1262.3,94993
1780387800,1262.0,1263.3,1261.4,1261.8,65655
1780388100,1261.9,1264.1,1261.7,1263.3,100736
1780388400,1263.3,1263.4,1261.0,1261.3,78363
1780388700,1261.3,1261.6,1259.2,1259.2,83250
1780389000,1259.7,1259.7,1256.7,1257.1,73856
1780389300,1257.1,1259.5,1256.5,1259.2,210040
1780389600,1259.1,1259.2,1258.0,1258.1,91807
1780389900,1258.1,1258.5,1255.3,1255.7,107105
1780390200,1255.3,1258.9,1255.3,1257.5,210849
1780390500,1257.5,1258.4,1255.3,1255.3,415273
1780390800,1255.4,1255.9,1253.8,1254.8,289712
1780391100,1254.6,1255.0,1251.5,1251.8,117069
1780391400,1251.7,1252.6,1250.1,1251.7,178897
1780391700,1251.8,1251.9,1248.2,1249.9,138119
1780392000,1249.9,1251.2,1248.8,1250.7,176098
1780392300,1250.4,1251.6,1249.5,1249.7,81636
1780392600,1249.6,1250.9,1246.8,1249.8,509697
1780392900,1250.1,1252.3,1249.9,1251.5,363282
1780393200,1251.5,1252.3,1250.9,1251.5,192056
1780393500,1251.2,1252.5,1251.0,1252.3,271723
1780393800,1252.4,1253.2,1251.5,1252.3,304497
1780394100,1252.4,1253.4,1251.1,1253.4,307202
1780458300,1245.1,1250.5,1236.0,1236.7,284372
1780458600,1236.7,1238.6,1233.4,1235.9,158359
1780458900,1236.2,1236.2,1232.4,1235.3,101760
1780459200,1235.4,1235.4,1231.8,1232.0,50368
1780459500,1231.8,1236.0,1231.0,1234.5,63862
1780459800,1234.9,1235.2,1233.4,1234.3,48630
1780460100,1234.3,1234.9,1232.4,1234.4,55109
1780460400,1234.4,1237.2,1232.4,1232.4,63669
1780460700,1232.5,1235.8,1231.2,1234.2,64680
1780461000,1234.2,1236.9,1232.9,1236.9,43469
1780461300,1237.0,1237.1,1234.8,1235.4,63446
1780461600,1235.4,1235.5,1232.2,1233.1,45110
1780461900,1233.1,1236.7,1232.1,1235.4,56660
1780462200,1235.4,1236.8,1234.1,1234.5,55152
1780462500,1234.5,1236.0,1234.0,1234.1,52251
1780462800,1234.1,1234.6,1230.3,1231.4,46286
1780463100,1231.5,1234.3,1231.5,1234.0,41001
1780463400,1233.9,1236.6,1233.3,1234.6,39321
1780463700,1234.6,1236.8,1233.4,1236.7,42523
1780464000,1236.7,1237.8,1235.4,1236.5,34164
1780464300,1236.5,1237.5,1235.2,1237.0,31955
1780464600,1237.0,1238.0,1235.8,1236.0,48168
1780464900,1236.0,1236.2,1234.3,1234.7,33513
1780465200,1234.9,1237.5,1234.7,1237.1,41169
1780465500,1237.2,1241.0,1236.7,1240.6,47132
1780465800,1240.4,1243.8,1240.1,1242.6,73625
1780466100,1242.9,1243.8,1241.4,1243.6,42687
1780466400,1243.8,1245.8,1242.7,1245.3,41377
1780466700,1245.1,1245.4,1243.3,1244.8,33080
1780467000,1244.8,1244.8,1243.0,1244.1,35953
1780467300,1244.0,1245.0,1243.2,1244.8,30080
1780467600,1245.0,1247.0,1244.8,1246.5,30737
1780467900,1246.5,1246.6,1244.8,1245.4,30400
1780468200,1245.4,1246.8,1242.1,1243.5,37185
1780468500,1243.2,1245.7,1243.2,1245.4,33682
1780468800,1245.3,1245.4,1243.6,1244.7,30405
1780469100,1244.7,1244.7,1241.8,1242.4,41885
1780469400,1242.5,1244.2,1242.2,1243.5,37838
1780469700,1243.5,1246.2,1241.1,1246.1,81117
1780470000,1246.0,1252.8,1246.0,1252.7,157903
1780470300,1252.4,1256.4,1250.3,1252.2,501568
1780470600,1252.3,1255.2,1251.0,1252.0,356869
1780470900,1252.2,1253.6,1249.9,1250.7,146272
1780471200,1251.0,1253.4,1249.6,1250.6,206684
1780471500,1250.2,1252.4,1250.0,1251.4,57316
1780471800,1251.0,1253.9,1251.0,1253.2,48539
1780472100,1253.7,1253.7,1250.1,1251.7,53756
1780472400,1251.8,1252.3,1250.4,1252.2,26192
1780472700,1252.8,1256.6,1252.2,1255.8,71537
1780473000,1255.8,1258.9,1255.4,1258.0,69148
1780473300,1258.0,1259.7,1256.7,1259.4,187479
1780473600,1259.4,1260.0,1257.4,1259.4,77742
1780473900,1258.8,1260.0,1257.1,1259.1,47999
1780474200,1258.8,1259.3,1257.0,1257.9,45582
1780474500,1257.8,1264.8,1257.5,1261.6,111117
1780474800,1261.9,1262.1,1259.6,1261.5,40752
1780475100,1261.6,1261.7,1259.4,1260.5,45348
1780475400,1260.4,1261.4,1260.3,1261.3,30171
1780475700,1261.4,1262.0,1258.0,1259.0,750630
1780476000,1259.0,1259.4,1257.1,1259.4,124410
1780476300,1259.5,1261.0,1258.8,1259.5,46231
1780476600,1260.0,1263.5,1259.1,1262.3,89037
1780476900,1262.3,1262.3,1258.0,1258.1,55319
1780477200,1258.2,1260.4,1258.1,1260.1,85646
1780477500,1260.0,1260.2,1257.1,1258.2,76416
1780477800,1258.4,1259.7,1257.7,1258.3,139027
1780478100,1258.3,1258.8,1257.2,1257.8,66001
1780478400,1258.0,1258.9,1255.9,1256.5,120269
1780478700,1256.6,1256.6,1252.3,1255.2,220262
1780479000,1255.3,1257.4,1253.1,1257.0,221300
1780479300,1257.0,1258.4,1251.5,1252.5,287560
1780479600,1252.5,1254.4,1252.2,1253.9,160644
1780479900,1254.0,1255.5,1253.7,1254.2,206276
1780480200,1254.2,1257.7,1253.7,1255.6,212575
1780480500,1256.0,1258.5,1252.8,1257.5,595609
1780544700,1246.0,1257.0,1246.0,1253.1,149597
1780545000,1253.1,1253.1,1248.1,1248.9,50513
1780545300,1248.8,1249.4,1247.2,1248.5,54087
1780545600,1248.5,1248.5,1246.0,1247.6,48187
1780545900,1247.6,1253.6,1247.1,1250.7,49546
1780546200,1250.8,1254.2,1249.2,1253.3,28545
1780546500,1253.2,1256.5,1253.2,1255.6,50038
1780546800,1256.1,1256.2,1254.0,1256.0,43405
1780547100,1256.1,1259.9,1255.3,1256.6,53453
1780547400,1256.6,1257.0,1254.7,1255.8,23163
1780547700,1255.9,1258.3,1255.8,1256.5,32040
1780548000,1256.5,1257.5,1255.6,1255.6,26559
1780548300,1256.0,1257.3,1254.6,1256.8,27521
1780548600,1256.9,1258.3,1256.3,1257.2,24872
1780548900,1257.2,1257.6,1255.3,1255.3,10920
1780549200,1255.6,1255.8,1250.0,1250.0,58898
1780549500,1250.0,1251.9,1249.2,1251.1,45916
1780549800,1251.4,1254.0,1251.4,1254.0,24352
1780550100,1254.0,1257.2,1253.6,1253.9,173741
1780550400,1254.0,1255.6,1252.5,1253.5,26555
1780550700,1253.7,1253.7,1252.2,1252.2,18463
1780551000,1252.6,1253.6,1251.0,1252.8,942858
1780551300,1253.0,1253.1,1250.1,1250.1,19969
1780551600,1250.5,1251.9,1250.0,1250.7,1038497
1780551900,1251.3,1251.4,1250.0,1250.1,49967
1780552200,1250.1,1251.2,1249.6,1250.5,193589
1780552500,1250.5,1253.0,1250.1,1252.5,47196
1780552800,1252.5,1253.0,1249.1,1252.9,22875
1780553100,1253.0,1256.2,1252.4,1256.0,51966
1780553400,1256.2,1256.8,1254.4,1254.8,39687
1780553700,1255.0,1255.4,1252.1,1252.2,72981
1780554000,1252.5,1252.8,1248.2,1248.3,77099
1780554300,1248.6,1250.0,1247.7,1249.8,41606
1780554600,1249.4,1253.4,1248.6,1253.0,53275
1780554900,1252.8,1256.4,1252.8,1256.0,83723
1780555200,1256.4,1257.3,1255.6,1256.7,37329
1780555500,1256.7,1258.0,1256.0,1256.2,31009
1780555800,1256.2,1256.8,1254.5,1255.5,54238
1780556100,1255.5,1256.2,1254.6,1256.1,31632
1780556400,1256.0,1256.2,1253.1,1253.6,15170
1780556700,1253.6,1253.6,1251.1,1252.8,20398
1780557000,1253.5,1253.7,1249.1,1249.3,126721
1780557300,1249.7,1251.3,1248.5,1250.5,150796
1780557600,1250.5,1251.6,1250.0,1251.0,25065
1780557900,1251.2,1253.2,1250.6,1252.2,89168
1780558200,1252.2,1252.7,1250.5,1251.0,25990
1780558500,1250.9,1250.9,1248.6,1250.5,31298
1780558800,1250.4,1251.9,1247.4,1247.5,125318
1780559100,1247.3,1248.3,1244.1,1246.5,87933
1780559400,1246.6,1250.0,1246.0,1249.3,51219
1780559700,1249.2,1249.5,1245.6,1246.8,44523
1780560000,1246.5,1247.0,1245.9,1246.9,16646
1780560300,1246.9,1247.4,1246.1,1246.9,72289
1780560600,1246.9,1247.0,1245.3,1246.2,22887
1780560900,1246.3,1247.0,1245.6,1246.7,21865
1780561200,1246.6,1247.0,1245.4,1246.2,25983
1780561500,1246.1,1247.0,1245.0,1246.6,20208
1780561800,1246.2,1251.6,1246.2,1250.0,132675
1780562100,1250.5,1250.8,1249.0,1250.1,22670
1780562400,1250.0,1251.4,1249.2,1250.8,27688
1780562700,1250.8,1252.5,1250.5,1251.3,50039
1780563000,1251.4,1253.1,1250.7,1252.1,47429
1780563300,1252.1,1253.3,1251.7,1252.1,18198
1780563600,1252.2,1253.3,1251.5,1252.0,22090
1780563900,1252.2,1253.7,1251.7,1253.1,21966
1780564200,1253.6,1254.0,1252.5,1253.6,16959
1780564500,1253.8,1256.1,1253.7,1254.5,46036
1780564800,1254.5,1254.9,1251.6,1252.3,25284
1780565100,1252.4,1253.2,1251.3,1253.2,32112
1780565400,1253.1,1253.1,1250.0,1252.0,142191
1780565700,1251.5,1252.9,1250.5,1250.9,128939
1780566000,1250.9,1253.7,1250.7,1252.8,160761
1780566300,1252.7,1253.7,1251.4,1252.8,158978
1780566600,1252.9,1256.7,1251.8,1254.0,274235
1780566900,1254.0,1256.2,1254.0,1255.0,153606
1780631100,1260.0,1262.7,1252.1,1252.1,251858
1780631400,1252.2,1256.5,1252.2,1254.5,189589
1780631700,1254.6,1254.6,1252.2,1254.3,70782
1780632000,1254.1,1256.9,1254.1,1256.1,34372
1780632300,1256.3,1257.9,1252.3,1252.5,126548
1780632600,1252.5,1258.0,1252.5,1257.1,45491
1780632900,1257.1,1257.1,1255.0,1256.0,24532
1780633200,1255.7,1256.8,1255.1,1255.9,47815
1780633500,1255.9,1257.7,1254.9,1255.8,46582
1780633800,1255.9,1259.2,1255.2,1258.6,62192
1780634100,1258.3,1262.9,1255.8,1262.1,77325
1780634400,1262.3,1263.4,1257.8,1258.2,87843
1780634700,1258.7,1266.0,1258.3,1264.7,102999
1780635000,1265.0,1266.9,1262.4,1266.5,69861
1780635300,1266.3,1272.0,1266.3,1271.1,165757
1780635600,1271.1,1272.0,1266.7,1266.7,54546
1780635900,1266.4,1267.8,1255.2,1255.8,130054
1780636200,1256.0,1257.2,1253.3,1255.1,78787
1780636500,1255.5,1256.8,1253.5,1256.6,51266
1780636800,1256.0,1260.7,1256.0,1257.6,109369
1780637100,1257.6,1263.0,1257.2,1262.3,81030
1780637400,1262.3,1266.3,1261.6,1266.2,73291
1780637700,1266.1,1269.1,1260.9,1267.8,1208688
1780638000,1267.8,1270.0,1264.6,1265.0,126588
1780638300,1264.4,1266.5,1263.3,1265.5,211248
1780638600,1265.4,1265.4,1261.4,1263.1,382698
1780638900,1262.5,1264.2,1261.3,1263.8,50271
1780639200,1263.3,1265.3,1262.2,1264.0,67078
1780639500,1264.4,1265.8,1263.8,1264.5,59432
1780639800,1264.5,1266.8,1264.5,1265.1,45236
1780640100,1265.1,1266.8,1264.8,1265.7,43821
1780640400,1265.7,1265.7,1263.6,1263.7,36754
1780640700,1263.7,1264.8,1262.6,1263.8,74270
1780641000,1264.3,1266.4,1263.2,1265.0,47737
1780641300,1265.0,1266.4,1264.7,1265.3,40580
1780641600,1265.0,1266.1,1263.6,1266.1,48334
1780641900,1266.1,1269.3,1265.0,1268.2,86513
1780642200,1268.3,1269.5,1267.8,1268.9,45075
1780642500,1269.2,1271.1,1268.9,1269.8,75247
1780642800,1270.0,1270.0,1266.0,1266.0,37997
1780643100,1266.5,1266.9,1263.7,1264.2,49510
1780643400,1264.2,1265.7,1262.7,1263.8,52167
1780643700,1263.8,1264.1,1262.1,1262.5,47306
1780644000,1262.4,1264.7,1261.3,1263.3,67897
1780644300,1263.7,1265.0,1263.0,1264.1,43591
1780644600,1264.3,1265.0,1263.0,1264.8,52899
1780644900,1264.6,1265.0,1263.1,1263.6,36197
1780645200,1263.6,1264.2,1262.2,1262.6,47370
1780645500,1262.2,1263.9,1261.5,1263.5,34840
1780645800,1263.7,1264.7,1262.4,1263.5,58525
1780646100,1263.5,1265.2,1262.2,1262.6,50997
1780646400,1262.5,1263.4,1261.0,1262.0,102230
1780646700,1262.2,1266.0,1261.6,1265.4,114159
1780647000,1265.5,1265.9,1261.1,1262.6,80632
1780647300,1262.6,1265.3,1261.4,1265.1,61612
1780647600,1265.2,1265.7,1264.1,1265.0,40300
1780647900,1265.2,1266.2,1264.5,1266.2,45773
1780648200,1266.3,1268.5,1266.3,1267.9,68649
1780648500,1268.0,1269.8,1267.9,1268.3,64433
1780648800,1268.8,1268.9,1264.7,1265.6,46535
1780649100,1265.9,1266.5,1264.3,1265.3,29909
1780649400,1265.3,1267.0,1264.4,1266.9,32582
1780649700,1267.0,1268.5,1266.8,1268.0,50189
1780650000,1268.0,1268.9,1264.8,1264.8,216541
1780650300,1265.0,1267.0,1264.2,1266.6,217242
1780650600,1266.8,1271.6,1265.9,1270.7,121787
1780650900,1270.9,1272.5,1267.8,1268.7,130076
1780651200,1268.7,1270.6,1268.7,1269.8,66740
1780651500,1270.0,1271.5,1268.5,1270.7,107437
1780651800,1270.7,1272.0,1266.0,1270.7,159934
1780652100,1271.2,1273.5,1270.4,1272.7,151404
1780652400,1272.9,1273.3,1271.4,1271.5,142228
1780652700,1271.6,1274.0,1271.2,1272.5,240168
1780653000,1272.7,1273.7,1272.6,1273.0,132512
1780653300,1273.0,1276.0,1272.2,1273.3,181256
1780890300,1262.0,1272.2,1262.0,1271.9,225650
1780890600,1271.9,1277.0,1270.9,1276.9,129008
1780890900,1276.9,1279.2,1274.9,1276.5,84048
1780891200,1276.5,1279.0,1275.8,1277.3,88688
1780891500,1277.8,1277.9,1272.5,1274.9,63119
1780891800,1274.9,1275.8,1273.1,1274.9,22692
1780892100,1275.0,1275.2,1271.5,1271.5,29404
1780892400,1271.5,1274.4,1270.7,1274.3,39406
1780892700,1274.2,1276.4,1273.6,1275.5,61579
1780893000,1275.5,1276.9,1274.4,1274.5,171175
1780893300,1274.0,1275.7,1272.9,1275.4,39000
1780893600,1275.7,1275.7,1274.5,1274.5,25936
1780893900,1274.8,1276.4,1274.4,1275.5,35903
1780894200,1275.5,1275.8,1274.5,1275.5,22277
1780894500,1275.5,1275.7,1274.5,1275.6,30544
1780894800,1275.8,1277.8,1275.1,1275.9,30093
1780895100,1276.4,1276.7,1275.0,1275.1,45230
1780895400,1275.2,1276.1,1275.0,1275.2,63967
1780895700,1275.2,1275.2,1272.6,1274.6,211915
1780896000,1275.1,1275.2,1272.9,1273.5,47778
1780896300,1273.4,1274.2,1271.7,1273.1,53547
1780896600,1273.6,1273.6,1271.9,1271.9,47577
1780896900,1272.0,1272.3,1270.4,1270.7,69051
1780897200,1270.7,1271.0,1267.3,1268.3,115918
1780897500,1268.0,1269.6,1266.6,1268.2,65962
1780897800,1268.3,1268.6,1262.9,1264.1,84046
1780898100,1264.0,1267.0,1263.0,1266.2,54751
1780898400,1266.3,1268.4,1265.2,1267.7,35065
1780898700,1267.7,1268.0,1266.0,1267.3,37541
1780899000,1267.6,1268.7,1267.2,1268.0,18977
1780899300,1268.1,1269.0,1267.6,1268.2,19077
1780899600,1268.4,1269.0,1267.0,1267.7,25204
1780899900,1268.3,1271.4,1268.0,1270.3,46569
1780900200,1270.0,1271.2,1269.6,1269.8,98564
1780900500,1270.0,1270.7,1269.7,1270.0,42517
1780900800,1270.0,1271.3,1269.8,1270.8,35457
1780901100,1270.8,1271.2,1270.0,1271.0,24265
1780901400,1271.3,1272.3,1270.6,1272.0,36879
1780901700,1272.3,1272.3,1271.0,1271.9,17448
1780902000,1272.0,1273.1,1271.3,1272.4,27368
1780902300,1272.9,1275.5,1272.4,1274.9,39522
1780902600,1275.0,1278.5,1274.5,1276.7,41167
1780902900,1277.0,1277.8,1275.8,1277.0,30515
1780903200,1277.0,1278.9,1276.3,1278.0,33552
1780903500,1277.6,1278.5,1276.9,1277.6,36342
1780903800,1277.6,1278.0,1275.5,1275.9,54516
1780904100,1275.7,1276.9,1274.8,1276.4,27963
1780904400,1276.5,1277.1,1275.0,1275.6,23889
1780904700,1275.8,1275.8,1274.1,1274.8,33219
1780905000,1274.8,1275.5,1274.0,1275.2,67622
1780905300,1275.2,1276.5,1274.9,1276.3,85299
1780905600,1276.5,1277.2,1274.3,1274.8,80365
1780905900,1274.9,1275.0,1272.8,1273.9,22910
1780906200,1274.2,1274.2,1271.0,1271.5,21413
1780906500,1271.6,1271.6,1269.9,1271.1,29066
1780906800,1271.6,1272.3,1269.5,1270.1,59628
1780907100,1270.1,1270.8,1269.2,1270.3,145438
1780907400,1270.2,1271.6,1269.5,1270.8,73337
1780907700,1271.0,1271.5,1269.0,1270.1,130296
1780908000,1270.1,1270.4,1268.0,1270.4,184806
1780908300,1270.4,1271.0,1268.7,1270.4,49785
1780908600,1270.4,1270.7,1268.0,1269.1,58902
1780908900,1269.1,1269.5,1268.4,1269.2,20050
1780909200,1269.2,1270.4,1268.2,1269.2,49329
1780909500,1269.3,1270.0,1265.8,1267.1,144563
1780909800,1267.1,1270.2,1266.7,1270.2,102397
1780910100,1270.2,1270.3,1268.2,1269.5,90243
1780910400,1269.8,1271.3,1269.1,1271.3,91303
1780910700,1271.3,1272.8,1269.4,1271.4,140874
1780911000,1271.1,1271.4,1267.9,1268.7,154200
1780911300,1269.2,1270.1,1266.8,1268.0,85017
1780911600,1268.4,1270.8,1267.5,1269.2,106809
1780911900,1269.3,1269.5,1267.7,1267.9,69137
1780912200,1267.9,1268.9,1264.2,1265.2,123784
1780912500,1265.2,1267.3,1264.2,1267.3,89632
1780976700,1275.9,1282.6,1271.5,1279.0,206035
1780977000,1279.0,1287.0,1278.9,1285.1,112814
1780977300,1285.1,1287.1,1283.4,1286.0,55888
1780977600,1286.2,1292.9,1285.1,1290.0,127847
1780977900,1290.0,1290.1,1287.4,1288.6,82816
1780978200,1288.6,1289.8,1286.0,1286.0,92015
1780978500,1285.8,1287.1,1284.0,1284.1,49408
1780978800,1284.4,1285.6,1282.8,1284.2,98585
1780979100,1284.2,1284.2,1278.3,1278.5,68083
1780979400,1278.6,1279.1,1276.5,1277.8,92053
1780979700,1277.8,1278.5,1277.1,1277.3,23668
1780980000,1277.5,1277.5,1276.2,1276.8,45804
1780980300,1276.7,1277.2,1276.1,1277.1,39190
1780980600,1277.4,1277.8,1275.0,1276.5,62912
1780980900,1276.5,1278.1,1276.1,1276.6,47492
1780981200,1276.9,1277.4,1275.9,1276.7,26221
1780981500,1276.7,1277.4,1276.0,1276.6,19196
1780981800,1276.6,1281.1,1276.6,1280.7,86855
1780982100,1280.7,1283.7,1280.0,1280.2,119493
1780982400,1280.4,1282.0,1280.0,1282.0,85803
1780982700,1282.0,1282.0,1280.6,1281.0,21118
1780983000,1280.1,1281.5,1280.0,1280.4,217557
1780983300,1280.8,1281.3,1278.3,1278.8,127436
1780983600,1279.0,1279.8,1276.5,1276.5,56823
1780983900,1276.4,1279.0,1275.5,1278.9,44597
1780984200,1278.9,1279.0,1275.4,1275.7,62471
1780984500,1275.9,1277.9,1275.9,1277.1,43205
1780984800,1277.0,1277.5,1276.1,1276.8,32392
1780985100,1276.8,1277.6,1276.1,1277.0,36414
1780985400,1277.0,1278.0,1276.4,1277.7,31197
1780985700,1277.8,1280.1,1277.7,1279.2,83859
1780986000,1279.3,1279.6,1277.4,1278.5,38864
1780986300,1277.9,1279.2,1277.3,1278.3,53152
1780986600,1278.6,1283.2,1278.2,1281.5,155426
1780986900,1281.5,1282.8,1280.4,1281.3,50651
1780987200,1281.3,1282.0,1280.5,1281.1,43936
1780987500,1281.6,1284.7,1280.9,1284.3,70907
1780987800,1284.4,1284.9,1282.6,1283.0,79338
1780988100,1283.2,1284.5,1283.2,1284.1,52442
1780988400,1284.2,1284.9,1283.2,1283.9,77284
1780988700,1284.2,1285.0,1283.0,1283.5,71798
1780989000,1283.7,1283.8,1281.4,1282.6,79163
1780989300,1282.8,1283.0,1281.5,1281.9,80025
1780989600,1282.0,1282.0,1280.6,1280.9,59357
1780989900,1280.9,1281.0,1278.3,1278.7,114618
1780990200,1278.7,1282.3,1278.6,1282.1,109819
1780990500,1281.8,1283.9,1281.7,1283.2,83664
1780990800,1283.1,1283.4,1282.1,1282.7,63413
1780991100,1283.1,1285.8,1282.9,1285.4,90097
1780991400,1285.4,1287.0,1285.0,1286.5,67654
1780991700,1286.5,1288.4,1286.3,1287.9,92467
1780992000,1288.1,1288.5,1285.4,1286.5,166053
1780992300,1286.8,1287.6,1285.4,1287.3,78591
1780992600,1287.6,1288.6,1286.1,1287.9,63500
1780992900,1288.4,1288.5,1286.8,1287.4,63739
1780993200,1287.3,1287.5,1285.0,1285.8,106914
1780993500,1285.4,1286.8,1285.2,1286.8,76146
1780993800,1286.9,1288.0,1285.9,1288.0,69640
1780994100,1288.0,1289.2,1287.6,1289.2,62575
1780994400,1289.2,1289.7,1288.1,1288.4,89284
1780994700,1288.5,1289.0,1287.6,1288.5,89554
1780995000,1288.5,1288.9,1287.6,1288.5,95574
1780995300,1288.8,1290.0,1288.5,1289.9,143470
1780995600,1290.0,1291.0,1288.8,1290.7,117515
1780995900,1291.0,1294.9,1290.6,1294.9,205537
1780996200,1294.9,1296.6,1294.4,1296.0,168785
1780996500,1296.0,1298.4,1295.5,1296.4,172255
1780996800,1297.0,1298.0,1296.1,1297.0,203283
1780997100,1297.0,1298.0,1295.6,1295.9,219183
1780997400,1295.3,1296.0,1291.9,1292.8,234009
1780997700,1293.1,1293.5,1291.5,1291.7,316507
1780998000,1292.1,1293.5,1290.5,1293.0,260355
1780998300,1293.2,1293.2,1290.4,1290.7,270175
1780998600,1290.5,1293.3,1290.4,1291.6,227966
1780998900,1291.8,1295.0,1291.3,1294.4,135593
1781063100,1283.5,1301.4,1283.5,1299.3,458878
1781063400,1299.3,1301.8,1295.0,1296.5,127453
1781063700,1296.5,1298.0,1295.3,1297.3,78116
1781064000,1297.2,1301.7,1296.6,1298.3,114759
1781064300,1298.4,1298.4,1295.0,1298.4,148995
1781064600,1298.4,1300.8,1297.3,1299.9,115065
1781064900,1299.9,1301.0,1298.2,1300.2,128822
1781065200,1300.1,1300.3,1298.7,1299.6,84097
1781065500,1299.6,1300.4,1298.0,1298.4,94670
1781065800,1298.4,1299.3,1298.4,1298.7,71073
1781066100,1298.6,1305.0,1298.1,1305.0,455187
1781066400,1305.0,1305.8,1300.8,1300.8,144071
1781066700,1300.9,1303.7,1299.1,1303.5,90632
1781067000,1303.5,1303.6,1301.8,1303.1,53688
1781067300,1302.8,1303.8,1302.0,1303.1,43988
1781067600,1303.1,1303.9,1302.0,1303.5,49876
1781067900,1303.2,1304.9,1302.7,1304.8,67773
1781068200,1304.9,1306.7,1304.1,1305.0,76009
1781068500,1305.0,1309.0,1304.4,1308.4,153534
1781068800,1308.0,1310.5,1307.6,1309.4,104811
1781069100,1309.5,1311.7,1308.3,1311.2,92356
1781069400,1311.2,1311.3,1309.5,1310.9,64546
1781069700,1310.6,1311.0,1309.4,1309.6,55987
1781070000,1309.7,1311.0,1307.9,1310.7,142612
1781070300,1310.6,1311.1,1308.5,1309.3,98545
1781070600,1309.2,1310.3,1308.7,1309.3,83863
1781070900,1309.3,1313.9,1309.0,1313.7,175230
1781071200,1313.6,1315.2,1312.1,1314.1,219900
1781071500,1314.7,1317.0,1313.3,1317.0,414398
1781071800,1317.0,1318.6,1315.3,1318.5,198781
1781072100,1318.4,1319.5,1317.5,1319.1,201405
1781072400,1319.1,1321.0,1319.0,1320.4,204202
1781072700,1320.4,1322.0,1320.1,1320.6,132622
1781073000,1320.5,1321.7,1319.4,1320.4,229121
1781073300,1320.4,1322.0,1320.2,1320.3,122644
1781073600,1320.3,1321.3,1320.1,1321.1,87048
1781073900,1321.3,1321.9,1320.0,1320.7,260304
1781074200,1320.6,1321.9,1320.0,1320.3,219060
1781074500,1320.4,1320.7,1319.6,1320.1,110382
1781074800,1320.1,1320.6,1319.1,1319.7,138161
1781075100,1319.7,1321.9,1319.3,1321.9,101898
1781075400,1321.9,1321.9,1319.9,1320.5,160872
1781075700,1320.2,1326.0,1317.9,1321.3,250471
1781076000,1321.3,1324.2,1320.7,1323.6,130376
1781076300,1323.7,1324.1,1321.0,1323.6,118649
1781076600,1323.6,1326.4,1323.1,1325.8,176788
1781076900,1325.9,1326.5,1324.6,1325.2,134343
1781077200,1325.2,1325.6,1323.0,1324.0,170564
1781077500,1324.3,1324.6,1321.3,1321.6,79378
1781077800,1321.6,1322.0,1319.9,1320.4,91715
1781078100,1320.4,1320.4,1319.4,1319.8,81695
1781078400,1320.0,1320.0,1313.8,1315.0,255858
1781078700,1315.0,1317.3,1314.3,1316.0,243645
1781079000,1316.0,1317.0,1314.2,1314.9,114084
1781079300,1314.9,1316.5,1314.8,1316.2,113564
1781079600,1316.3,1318.7,1315.6,1318.0,98012
1781079900,1318.3,1319.2,1317.6,1318.7,80077
1781080200,1318.5,1319.8,1318.0,1319.4,92910
1781080500,1319.4,1319.9,1317.8,1318.5,111590
1781080800,1318.5,1319.9,1317.6,1317.9,173985
1781081100,1317.9,1320.7,1317.1,1320.5,209896
1781081400,1320.5,1323.8,1320.1,1322.8,129027
1781081700,1322.9,1324.9,1322.5,1324.1,251834
1781082000,1324.1,1324.9,1322.1,1324.5,327720
1781082300,1324.5,1325.0,1321.1,1321.7,190816
1781082600,1321.9,1322.9,1317.4,1317.9,263588
1781082900,1317.5,1319.6,1316.4,1317.6,198484
1781083200,1317.5,1318.6,1316.4,1316.7,228224
1781083500,1316.7,1317.3,1315.1,1315.8,165432
1781083800,1316.1,1316.2,1314.3,1315.2,193264
1781084100,1315.0,1315.9,1314.8,1315.1,155479
1781084400,1315.5,1315.9,1313.3,1314.0,337230
1781084700,1313.8,1316.2,1313.7,1315.9,269887
1781085000,1315.5,1316.0,1312.1,1312.9,349871
1781085300,1312.9,1315.4,1312.0,1314.0,272731
1781149500,1308.8,1317.6,1307.3,1315.9,152832
1781149800,1315.8,1318.0,1314.7,1316.2,60419
1781150100,1315.8,1317.7,1313.7,1315.8,61923
1781150400,1316.0,1316.6,1314.3,1315.5,26601
1781150700,1315.5,1319.2,1314.8,1318.4,65247
1781151000,1318.2,1318.7,1313.1,1315.7,77468
1781151300,1315.7,1316.9,1315.0,1316.5,53532
1781151600,1316.5,1325.0,1316.0,1322.6,285493
1781151900,1322.3,1322.6,1320.0,1320.7,82110
1781152200,1320.9,1322.0,1318.2,1318.2,99591
1781152500,1318.7,1322.9,1318.0,1322.2,267562
1781152800,1322.2,1322.9,1320.4,1320.5,72966
1781153100,1320.5,1322.5,1320.3,1322.5,32502
1781153400,1322.5,1324.5,1320.5,1321.0,69138
1781153700,1321.2,1325.5,1321.0,1324.8,57514
1781154000,1324.8,1324.9,1323.1,1323.9,35234
1781154300,1323.9,1325.5,1323.2,1324.1,54298
1781154600,1324.4,1325.0,1321.0,1324.8,84861
1781154900,1324.8,1327.5,1323.6,1325.6,104442
1781155200,1325.3,1325.8,1323.2,1324.1,92760
1781155500,1324.3,1325.9,1323.6,1324.5,53634
1781155800,1324.5,1327.0,1324.0,1326.4,77816
1781156100,1326.4,1327.5,1325.0,1327.1,133682
1781156400,1327.3,1327.3,1325.6,1326.6,68397
1781156700,1326.5,1326.6,1325.6,1325.7,47343
1781157000,1325.8,1328.5,1325.7,1327.4,79240
1781157300,1327.5,1328.7,1327.1,1328.7,40748
1781157600,1328.4,1330.5,1327.7,1329.7,100299
1781157900,1329.8,1330.5,1328.7,1330.0,63110
1781158200,1330.4,1334.0,1330.3,1333.6,86458
1781158500,1333.6,1334.0,1332.4,1332.7,57767
1781158800,1332.6,1334.9,1332.6,1333.8,69869
1781159100,1333.8,1334.5,1333.2,1333.6,55140
1781159400,1333.6,1334.7,1333.1,1334.2,56043
1781159700,1334.2,1336.4,1333.5,1335.5,97914
1781160000,1335.5,1335.6,1333.9,1335.4,72802
1781160300,1335.6,1336.5,1333.3,1333.7,82047
1781160600,1333.6,1334.0,1331.6,1332.7,142024
1781160900,1333.2,1336.4,1332.6,1336.0,130917
1781161200,1336.0,1337.6,1335.8,1337.6,80576
1781161500,1337.7,1338.0,1336.0,1338.0,133816
1781161800,1338.0,1338.8,1337.0,1338.7,167314
1781162100,1338.8,1339.5,1335.7,1335.8,131818
1781162400,1335.8,1336.3,1334.0,1335.0,94924
1781162700,1335.3,1337.0,1334.6,1336.7,86769
1781163000,1336.8,1337.8,1335.0,1335.6,95937
1781163300,1335.8,1335.8,1334.0,1334.0,62551
1781163600,1334.3,1334.9,1330.0,1330.7,214997
1781163900,1330.7,1330.7,1326.5,1327.5,129836
1781164200,1327.8,1328.4,1324.6,1325.5,177420
1781164500,1325.5,1327.2,1325.3,1327.0,53305
1781164800,1327.1,1328.7,1325.9,1326.5,132043
1781165100,1326.5,1327.5,1322.1,1322.7,85811
1781165400,1322.7,1323.4,1319.7,1320.7,130821
1781165700,1320.9,1323.0,1320.2,1321.9,62767
1781166000,1322.0,1322.3,1320.7,1321.7,55580
1781166300,1321.7,1323.9,1320.6,1322.8,55139
1781166600,1322.7,1323.6,1322.0,1322.4,62405
1781166900,1322.6,1322.9,1319.4,1320.2,67667
1781167200,1320.2,1323.3,1319.5,1323.0,71090
1781167500,1323.0,1323.0,1321.6,1322.8,62059
1781167800,1322.8,1323.9,1322.0,1322.0,71246
1781168100,1322.2,1324.6,1322.2,1323.1,77179
1781168400,1323.1,1325.0,1322.4,1324.0,116649
1781168700,1324.8,1325.5,1322.2,1322.8,245420
1781169000,1323.3,1323.8,1318.6,1318.8,163006
1781169300,1319.0,1320.0,1316.5,1318.6,164418
1781169600,1318.9,1319.5,1317.3,1318.3,141676
1781169900,1318.6,1319.6,1317.7,1318.3,140044
1781170200,1318.7,1320.0,1317.4,1317.7,279386
1781170500,1317.7,1317.7,1314.6,1316.0,359047
1781170800,1316.0,1318.6,1315.1,1318.4,254216
1781171100,1318.6,1319.5,1316.7,1318.8,267965
1781171400,1318.4,1319.2,1317.2,1318.0,177054
1781171700,1318.0,1319.0,1315.0,1317.0,151309
1781235900,1332.0,1333.2,1327.5,1331.2,288982
1781236200,1331.5,1334.0,1330.0,1331.1,162639
1781236500,1331.1,1332.6,1331.0,1332.2,77773
1781236800,1333.4,1333.8,1330.5,1330.6,79945
1781237100,1330.7,1331.1,1330.0,1330.0,58570
1781237400,1330.2,1331.0,1329.9,1330.5,80067
1781237700,1330.4,1331.5,1330.0,1330.1,32994
1781238000,1330.3,1330.6,1328.8,1330.0,58168
1781238300,1329.9,1330.0,1325.2,1325.6,61793
1781238600,1325.8,1326.8,1323.3,1324.0,122840
1781238900,1324.0,1325.6,1323.3,1324.6,25830
1781239200,1325.2,1326.5,1323.8,1324.7,44435
1781239500,1325.0,1325.1,1321.3,1321.6,58251
1781239800,1321.6,1323.0,1321.5,1323.0,38975
1781240100,1323.0,1323.9,1322.0,1322.6,28297
1781240400,1323.1,1323.8,1322.0,1322.7,24168
1781240700,1322.9,1323.1,1321.1,1321.6,18139
1781241000,1322.0,1322.3,1318.7,1320.0,75820
1781241300,1320.0,1320.6,1318.5,1319.7,38132
1781241600,1319.9,1322.5,1318.6,1322.4,28448
1781241900,1322.4,1324.6,1322.0,1324.5,28952
1781242200,1324.9,1324.9,1322.8,1323.4,19813
1781242500,1323.7,1325.6,1323.4,1325.2,70744
1781242800,1325.6,1326.0,1324.5,1325.8,49452
1781243100,1325.9,1327.0,1325.5,1326.2,32909
1781243400,1326.0,1331.0,1326.0,1330.4,169256
1781243700,1330.3,1332.7,1330.0,1332.5,216961
1781244000,1332.7,1333.0,1330.9,1332.0,147832
1781244300,1332.1,1332.1,1330.9,1332.0,75947
1781244600,1331.9,1332.3,1331.3,1331.5,30532
1781244900,1331.5,1332.0,1330.0,1331.1,54875
1781245200,1331.1,1331.8,1330.0,1331.8,88951
1781245500,1331.8,1332.7,1331.6,1332.3,39999
1781245800,1332.2,1332.3,1331.4,1332.0,31846
1781246100,1332.3,1332.4,1331.5,1331.8,33862
1781246400,1331.8,1332.0,1330.0,1330.8,115093
1781246700,1330.5,1332.6,1330.5,1331.9,56896
1781247000,1331.9,1335.9,1331.9,1335.8,148288
1781247300,1335.8,1338.0,1335.0,1337.9,242658
1781247600,1338.0,1338.5,1334.9,1336.6,201128
1781247900,1336.6,1337.2,1335.2,1337.1,142736
1781248200,1337.1,1337.1,1335.0,1335.0,69532
1781248500,1335.0,1335.4,1333.7,1333.8,83883
1781248800,1334.2,1336.6,1333.7,1336.6,144135
1781249100,1336.4,1337.0,1334.7,1334.7,64766
1781249400,1335.2,1336.0,1334.2,1335.9,44780
1781249700,1335.6,1336.2,1334.0,1335.0,61855
1781250000,1335.3,1336.1,1334.8,1336.0,40525
1781250300,1336.1,1339.7,1335.9,1339.2,133486
1781250600,1339.1,1339.8,1338.1,1338.1,81989
1781250900,1338.4,1343.0,1338.0,1342.0,211151
1781251200,1342.1,1346.3,1341.1,1346.0,246202
1781251500,1346.0,1346.7,1342.3,1344.3,332754
1781251800,1344.5,1346.4,1344.0,1346.1,137119
1781252100,1346.1,1346.4,1342.5,1343.2,49084
1781252400,1343.4,1344.0,1342.0,1342.7,26698
1781252700,1342.7,1343.7,1342.0,1343.1,42279
1781253000,1343.1,1344.0,1341.7,1344.0,44441
1781253300,1344.0,1345.1,1343.3,1344.8,49388
1781253600,1344.8,1345.5,1343.4,1345.4,48961
1781253900,1345.4,1346.9,1345.0,1346.7,63694
1781254200,1346.9,1348.0,1345.6,1347.4,92037
1781254500,1347.8,1350.0,1346.8,1349.6,170460
1781254800,1349.6,1350.5,1348.4,1349.9,279277
1781255100,1350.1,1350.4,1348.0,1350.0,202077
1781255400,1350.0,1351.4,1349.1,1350.0,160520
1781255700,1351.2,1354.7,1351.0,1354.6,181221
1781256000,1354.7,1357.4,1354.5,1355.7,237982
1781256300,1356.1,1356.9,1354.6,1356.0,261205
1781256600,1355.8,1357.6,1353.6,1357.3,323852
1781256900,1357.3,1357.6,1355.7,1356.2,342029
1781257200,1356.0,1358.5,1355.2,1358.3,329767
1781257500,1358.3,1358.3,1356.0,1356.0,210477
1781257800,1356.3,1357.3,1353.4,1354.3,236029
1781258100,1354.3,1355.3,1352.2,1353.0,116855
1781495100,1372.0,1378.0,1366.0,1368.0,900516
1781495400,1367.3,1372.1,1366.8,1371.3,563268
1781495700,1371.3,1371.7,1365.0,1366.7,206747
1781496000,1367.0,1368.5,1363.3,1364.3,127587
1781496300,1364.7,1366.4,1364.0,1364.7,74576
1781496600,1365.2,1365.8,1361.7,1363.2,68074
1781496900,1363.8,1364.9,1362.2,1362.2,222530
1781497200,1362.2,1363.6,1361.4,1362.9,61335
1781497500,1363.1,1366.2,1362.2,1366.0,89366
1781497800,1366.0,1367.2,1364.4,1365.3,88477
1781498100,1365.3,1365.5,1363.6,1365.2,35695
1781498400,1365.2,1365.8,1364.3,1365.1,113414
1781498700,1365.0,1365.6,1364.1,1365.4,32625
1781499000,1364.9,1367.0,1363.8,1364.2,35491
1781499300,1364.6,1366.3,1364.0,1365.5,49343
1781499600,1365.9,1367.1,1365.4,1367.1,50414
1781499900,1367.1,1367.6,1365.6,1367.6,56726
1781500200,1367.5,1368.3,1367.0,1367.6,39431
1781500500,1367.7,1368.9,1367.0,1368.4,41959
1781500800,1368.9,1369.8,1367.0,1367.0,46025
1781501100,1367.1,1367.8,1366.1,1366.6,53241
1781501400,1366.7,1366.9,1365.0,1365.0,38308
1781501700,1365.3,1367.4,1363.8,1366.9,90005
1781502000,1366.9,1369.4,1366.0,1369.0,98779
1781502300,1369.0,1370.4,1369.0,1369.7,235239
1781502600,1369.7,1370.4,1368.6,1368.9,60140
1781502900,1368.8,1369.9,1368.8,1369.8,36653
1781503200,1369.9,1370.2,1369.0,1369.9,49689
1781503500,1369.9,1370.1,1369.5,1370.0,29925
1781503800,1369.8,1370.6,1369.1,1369.1,34096
1781504100,1369.2,1369.7,1368.4,1369.2,47526
1781504400,1369.1,1370.0,1369.0,1369.6,26917
1781504700,1369.4,1370.5,1368.6,1369.0,43839
1781505000,1369.0,1369.7,1366.6,1366.9,42810
1781505300,1366.5,1366.8,1364.0,1364.3,79969
1781505600,1364.2,1365.4,1363.9,1364.2,40974
1781505900,1364.2,1365.5,1363.4,1365.0,156048
1781506200,1365.0,1367.3,1365.0,1366.6,42319
1781506500,1366.6,1368.7,1366.3,1367.0,62420
1781506800,1366.8,1367.9,1366.1,1367.9,38334
1781507100,1367.9,1369.1,1367.9,1368.3,30182
1781507400,1368.2,1369.4,1367.0,1369.3,47264
1781507700,1369.3,1369.7,1367.7,1368.5,59621
1781508000,1368.6,1369.6,1367.8,1367.9,36605
1781508300,1367.8,1368.7,1367.3,1368.4,23253
1781508600,1368.4,1368.5,1367.0,1367.9,30681
1781508900,1367.8,1369.6,1367.8,1369.3,27761
1781509200,1369.3,1370.0,1369.3,1369.7,39669
1781509500,1369.6,1370.4,1368.6,1369.2,54844
1781509800,1368.7,1369.1,1367.3,1368.4,16773
1781510100,1368.4,1369.0,1367.3,1368.0,29475
1781510400,1367.9,1368.2,1367.0,1367.8,19678
1781510700,1367.6,1368.0,1366.9,1367.6,24467
1781511000,1367.4,1367.8,1365.8,1366.0,49956
1781511300,1366.0,1367.5,1365.3,1365.3,33184
1781511600,1365.5,1365.7,1363.2,1364.8,46693
1781511900,1365.1,1365.9,1364.1,1365.1,53660
1781512200,1365.6,1365.8,1364.0,1364.0,56674
1781512500,1364.6,1364.6,1360.6,1361.5,107098
1781512800,1362.0,1363.9,1361.5,1362.3,39998
1781513100,1362.2,1363.3,1361.5,1362.5,63184
1781513400,1362.5,1364.8,1361.7,1364.3,111810
1781513700,1364.4,1364.8,1363.4,1364.5,76067
1781514000,1364.6,1366.0,1364.1,1365.0,79895
1781514300,1365.0,1368.7,1364.8,1368.1,187406
1781514600,1368.2,1369.5,1365.9,1369.1,207937
1781514900,1369.3,1371.4,1368.2,1369.9,177143
1781515200,1369.8,1370.4,1367.0,1368.3,168376
1781515500,1368.6,1369.2,1367.0,1368.5,146662
1781515800,1368.4,1369.6,1367.5,1368.5,209678
1781516100,1368.6,1369.8,1367.5,1368.2,255172
1781516400,1368.0,1370.0,1367.1,1369.9,308446
1781516700,1369.6,1370.8,1368.3,1369.3,210385
1781517000,1369.3,1369.5,1366.7,1367.5,166088
1781517300,1367.5,1367.5,1363.2,1365.1,94888
1781581500,1363.5,1371.5,1360.6,1361.3,167768
1781581800,1361.1,1362.2,1355.0,1356.1,139458
1781582100,1356.1,1358.5,1355.9,1358.0,84776
1781582400,1358.5,1359.6,1357.3,1358.5,37280
1781582700,1359.1,1359.1,1353.5,1354.1,110556
1781583000,1354.2,1354.9,1352.1,1353.4,67818
1781583300,1352.8,1357.5,1352.8,1357.5,67350
1781583600,1356.9,1357.6,1352.0,1353.1,140124
1781583900,1353.1,1357.5,1353.1,1356.9,61875
1781584200,1356.9,1357.5,1350.7,1351.8,102859
1781584500,1351.8,1352.9,1349.2,1349.6,206117
1781584800,1349.8,1357.3,1349.2,1356.7,530667
1781585100,1356.7,1358.6,1356.1,1357.7,52735
1781585400,1357.7,1358.5,1357.0,1357.6,35945
1781585700,1357.6,1358.5,1356.9,1358.0,23831
1781586000,1358.0,1360.4,1357.5,1360.2,49945
1781586300,1360.4,1362.8,1360.0,1361.4,61020
1781586600,1361.4,1364.0,1361.0,1362.4,55676
1781586900,1362.2,1366.0,1361.8,1366.0,128224
1781587200,1366.0,1366.4,1361.2,1361.7,93475
1781587500,1361.7,1362.0,1359.6,1360.1,96185
1781587800,1360.7,1360.9,1359.6,1359.7,59790
1781588100,1359.7,1360.1,1358.6,1358.9,37819
1781588400,1359.3,1359.8,1358.0,1359.6,24709
1781588700,1359.2,1360.9,1358.4,1359.1,57816
1781589000,1359.2,1359.5,1357.3,1358.7,41819
1781589300,1358.9,1359.9,1358.1,1359.4,48253
1781589600,1359.2,1359.5,1357.4,1358.8,26867
1781589900,1358.7,1359.0,1357.1,1357.8,65297
1781590200,1357.8,1360.8,1356.2,1360.7,65594
1781590500,1360.7,1361.0,1358.3,1359.2,138479
1781590800,1359.3,1362.2,1358.8,1361.3,88149
1781591100,1361.5,1363.5,1360.1,1363.5,74996
1781591400,1363.3,1365.0,1362.7,1364.4,61085
1781591700,1364.9,1365.1,1363.5,1364.0,69769
1781592000,1364.1,1364.7,1362.4,1363.4,54239
1781592300,1363.4,1366.0,1363.1,1365.0,103587
1781592600,1364.9,1366.0,1362.9,1363.3,76201
1781592900,1363.0,1366.7,1362.8,1365.5,78239
1781593200,1366.0,1366.2,1365.0,1365.0,45404
1781593500,1365.3,1366.6,1363.8,1365.2,85644
1781593800,1365.2,1366.0,1364.0,1365.0,88498
1781594100,1365.2,1365.4,1364.0,1365.1,64329
1781594400,1365.1,1366.2,1364.0,1364.7,52913
1781594700,1364.7,1367.1,1364.3,1366.5,61427
1781595000,1366.5,1367.0,1365.0,1365.0,36862
1781595300,1365.0,1366.0,1365.0,1365.4,52801
1781595600,1366.0,1366.0,1365.0,1365.7,35346
1781595900,1365.7,1366.1,1363.8,1363.8,93531
1781596200,1364.2,1366.9,1363.8,1365.9,74512
1781596500,1365.8,1367.2,1365.8,1367.0,246067
1781596800,1367.4,1367.4,1366.0,1366.5,48976
1781597100,1366.7,1367.9,1366.3,1367.1,80786
1781597400,1367.1,1367.9,1365.8,1366.1,119848
1781597700,1366.2,1367.5,1366.0,1366.9,78581
1781598000,1366.9,1367.0,1365.4,1366.2,77278
1781598300,1366.4,1368.0,1366.3,1367.0,58824
1781598600,1367.0,1367.7,1366.1,1366.9,217112
1781598900,1366.9,1367.6,1365.4,1367.3,96052
1781599200,1367.3,1368.6,1367.1,1368.0,90344
1781599500,1368.0,1368.8,1366.5,1366.9,286126
1781599800,1367.0,1367.0,1365.4,1367.0,64209
1781600100,1367.0,1367.1,1365.5,1366.0,81529
1781600400,1365.9,1366.9,1365.2,1366.0,164126
1781600700,1366.1,1367.0,1365.6,1366.2,160475
1781601000,1366.8,1367.0,1363.9,1364.0,183356
1781601300,1364.4,1367.7,1363.2,1367.5,125256
1781601600,1367.0,1367.5,1365.1,1366.3,88767
1781601900,1366.4,1366.7,1364.0,1365.4,136417
1781602200,1365.4,1366.4,1364.8,1366.2,111227
1781602500,1366.5,1366.5,1365.0,1365.3,278882
1781602800,1365.3,1365.9,1364.7,1365.2,132119
1781603100,1365.3,1366.2,1364.6,1365.3,117872
1781603400,1365.7,1367.4,1365.3,1365.8,360771
1781603700,1365.8,1366.6,1363.2,1363.4,77841
1781667900,1364.1,1365.7,1357.3,1358.2,181068
1781668200,1358.5,1359.9,1355.1,1356.4,74343
1781668500,1356.4,1358.9,1356.3,1356.6,70513
1781668800,1356.4,1358.0,1356.0,1356.9,33226
1781669100,1356.8,1358.0,1356.3,1358.0,26497
1781669400,1357.9,1359.8,1357.7,1359.1,51181
1781669700,1359.1,1359.4,1357.0,1358.3,29059
1781670000,1358.0,1358.7,1357.6,1358.0,26117
1781670300,1357.8,1359.0,1357.5,1357.9,60865
1781670600,1357.9,1358.6,1357.0,1357.3,20586
1781670900,1357.4,1359.5,1357.3,1359.3,15691
1781671200,1359.4,1359.4,1357.7,1357.8,18908
1781671500,1357.9,1359.0,1357.8,1358.9,13924
1781671800,1359.2,1360.9,1358.9,1360.5,27158
1781672100,1360.8,1361.1,1358.2,1358.4,35311
1781672400,1358.2,1358.7,1356.9,1358.3,24596
1781672700,1358.3,1359.5,1358.0,1358.0,45688
1781673000,1358.0,1359.7,1357.8,1358.6,31473
1781673300,1358.6,1359.4,1357.3,1357.4,24342
1781673600,1357.6,1358.2,1357.0,1357.0,16687
1781673900,1357.2,1358.2,1355.3,1355.8,40838
1781674200,1355.8,1355.9,1354.0,1355.2,57389
1781674500,1355.0,1355.0,1354.0,1355.0,33506
1781674800,1354.9,1355.0,1354.1,1354.5,35025
1781675100,1354.8,1354.8,1353.0,1353.3,39050
1781675400,1353.4,1353.6,1351.3,1351.3,48529
1781675700,1351.7,1354.4,1351.3,1354.0,43006
1781676000,1354.0,1355.0,1354.0,1354.6,32186
1781676300,1354.6,1355.0,1351.0,1351.0,66694
1781676600,1351.0,1353.9,1351.0,1353.6,57987
1781676900,1353.9,1355.0,1353.3,1354.1,34356
1781677200,1354.5,1355.0,1352.6,1354.2,146557
1781677500,1354.5,1355.0,1353.5,1353.5,37027
1781677800,1353.6,1354.7,1353.3,1354.1,17677
1781678100,1354.4,1355.0,1353.4,1353.9,19986
1781678400,1354.7,1354.7,1353.0,1353.3,15991
1781678700,1353.5,1354.0,1353.0,1353.9,12143
1781679000,1354.0,1354.2,1351.6,1352.0,66746
1781679300,1352.5,1352.6,1351.5,1351.9,33152
1781679600,1352.0,1354.9,1351.5,1354.8,86362
1781679900,1354.8,1357.0,1354.8,1355.4,48350
1781680200,1355.6,1358.2,1355.0,1357.5,69630
1781680500,1357.5,1357.5,1355.1,1355.9,130302
1781680800,1355.9,1356.2,1355.9,1355.9,21842
1781681100,1355.9,1356.1,1355.9,1355.9,23731
1781681400,1355.9,1358.2,1355.9,1357.0,91060
1781681700,1357.0,1357.4,1355.8,1357.2,141187
1781682000,1357.4,1358.0,1355.9,1356.5,28752
1781682300,1356.3,1356.9,1355.5,1355.9,15812
1781682600,1356.3,1356.6,1355.9,1355.9,9736
1781682900,1356.0,1356.5,1355.6,1356.4,12707
1781683200,1356.4,1357.5,1356.0,1357.2,16075
1781683500,1357.3,1359.0,1356.9,1358.2,33089
1781683800,1358.2,1358.5,1356.7,1356.9,32353
1781684100,1356.9,1357.4,1356.9,1357.0,30890
1781684400,1357.0,1357.4,1356.7,1356.9,105926
1781684700,1357.0,1357.3,1356.9,1357.3,24992
1781685000,1357.0,1358.3,1356.9,1358.3,56564
1781685300,1358.3,1359.8,1357.7,1358.0,47275
1781685600,1357.7,1358.2,1357.2,1357.7,30467
1781685900,1358.0,1358.1,1355.5,1356.4,94373
1781686200,1356.4,1357.4,1356.0,1357.1,133675
1781686500,1357.1,1357.4,1356.6,1356.8,108837
1781686800,1356.6,1357.2,1356.5,1356.9,83883
1781687100,1356.9,1357.4,1356.6,1356.9,66473
1781687400,1357.0,1357.3,1356.5,1356.9,121583
1781687700,1357.0,1357.3,1353.6,1353.9,106062
1781688000,1354.0,1354.4,1352.6,1352.8,93069
1781688300,1353.0,1353.2,1349.8,1350.0,163609
1781688600,1350.0,1351.0,1349.8,1350.1,329399
1781688900,1350.0,1350.4,1349.8,1349.9,141219
1781689200,1350.1,1350.4,1349.7,1350.0,129023
1781689500,1349.9,1354.3,1349.3,1353.7,186415
1781689800,1353.7,1354.2,1351.5,1352.5,115590
1781690100,1352.2,1353.8,1350.9,1351.9,157374
1781754300,1347.6,1357.1,1347.6,1355.2,154684
1781754600,1354.5,1354.6,1351.7,1352.0,35467
1781754900,1352.0,1353.8,1351.3,1352.9,28859
1781755200,1353.2,1354.8,1351.8,1352.0,23589
1781755500,1352.0,1352.1,1350.3,1351.0,22941
1781755800,1351.3,1352.5,1348.5,1349.0,47087
1781756100,1349.0,1349.5,1346.7,1347.8,123811
1781756400,1347.9,1348.0,1346.8,1347.6,36273
1781756700,1347.7,1347.9,1345.4,1346.1,80464
1781757000,1346.1,1346.8,1345.0,1345.3,35217
1781757300,1345.4,1348.0,1345.3,1347.7,20974
1781757600,1347.7,1351.0,1347.0,1348.9,32787
1781757900,1349.0,1349.9,1347.8,1348.3,22449
1781758200,1348.6,1350.4,1348.2,1350.1,16202
1781758500,1350.1,1350.6,1349.1,1350.2,11573
1781758800,1350.3,1351.2,1350.0,1350.9,16911
1781759100,1350.9,1352.7,1350.3,1350.9,28529
1781759400,1350.9,1350.9,1349.1,1349.7,32322
1781759700,1349.1,1351.4,1349.1,1350.8,26204
1781760000,1350.9,1352.5,1350.8,1351.8,18219
1781760300,1351.9,1353.2,1351.7,1352.9,26615
1781760600,1353.3,1353.3,1350.3,1350.8,22059
1781760900,1350.9,1351.4,1349.6,1350.1,18695
1781761200,1350.2,1350.9,1348.5,1349.4,26076
1781761500,1349.4,1356.9,1349.4,1355.2,77120
1781761800,1355.2,1358.1,1354.0,1357.5,76792
1781762100,1357.7,1357.7,1355.4,1355.4,26269
1781762400,1355.8,1357.2,1354.3,1356.8,23798
1781762700,1356.9,1359.5,1356.8,1358.9,34187
1781763000,1359.1,1359.7,1356.1,1357.8,36079
1781763300,1357.2,1357.9,1355.5,1356.8,40479
1781763600,1356.5,1358.0,1356.3,1357.6,33414
1781763900,1358.0,1358.3,1356.0,1356.9,34771
1781764200,1357.0,1357.8,1355.5,1357.1,42759
1781764500,1357.0,1358.5,1356.9,1358.4,47972
1781764800,1358.6,1358.6,1357.0,1357.1,24448
1781765100,1357.4,1359.1,1356.8,1359.1,24958
1781765400,1359.1,1359.2,1357.2,1358.1,21359
1781765700,1358.3,1359.1,1357.1,1358.8,25382
1781766000,1359.0,1361.7,1358.6,1361.1,74852
1781766300,1361.2,1361.8,1359.6,1360.7,81393
1781766600,1360.8,1362.9,1360.3,1360.8,60194
1781766900,1360.8,1361.5,1359.7,1360.1,29871
1781767200,1360.2,1363.2,1360.0,1361.0,39119
1781767500,1360.8,1362.0,1360.2,1362.0,18294
1781767800,1362.0,1363.6,1360.3,1363.0,859247
1781768100,1363.0,1363.9,1363.0,1363.3,40959
1781768400,1363.6,1365.8,1362.4,1365.5,53546
1781768700,1365.8,1365.9,1362.6,1362.6,70864
1781769000,1362.6,1363.0,1360.3,1360.5,200608
1781769300,1360.6,1360.9,1357.7,1360.0,55602
1781769600,1360.0,1360.9,1358.7,1360.2,43626
1781769900,1360.2,1360.7,1358.9,1359.6,36724
1781770200,1359.7,1361.0,1358.8,1360.3,35996
1781770500,1360.4,1361.7,1360.4,1361.0,58241
1781770800,1361.0,1362.0,1360.8,1361.9,72250
1781771100,1362.0,1362.0,1359.5,1360.0,39916
1781771400,1360.1,1360.9,1359.9,1360.1,38152
1781771700,1360.2,1360.5,1359.1,1359.3,30184
1781772000,1359.4,1360.4,1359.0,1360.0,30573
1781772300,1360.0,1360.5,1359.4,1360.1,26549
1781772600,1360.2,1361.0,1359.0,1360.8,34770
1781772900,1360.9,1361.0,1359.2,1359.3,41648
1781773200,1359.4,1359.4,1357.3,1357.5,36769
1781773500,1357.6,1358.0,1356.6,1357.4,65794
1781773800,1357.5,1359.0,1357.4,1358.0,28641
1781774100,1358.1,1359.2,1356.7,1357.2,74127
1781774400,1357.2,1359.1,1357.0,1358.4,57288
1781774700,1358.5,1360.4,1357.8,1360.3,43843
1781775000,1360.2,1361.6,1357.7,1360.2,312409
1781775300,1360.3,1361.0,1360.0,1360.9,177213
1781775600,1360.9,1361.8,1359.3,1360.6,245148
1781775900,1361.0,1361.0,1359.7,1360.0,172346
1781776200,1360.0,1361.0,1358.0,1360.7,294426
1781776500,1360.8,1360.9,1358.1,1359.0,118533
1781840700,1356.8,1363.0,1355.0,1359.9,199241
1781841000,1359.9,1359.9,1356.1,1356.2,31254
1781841300,1356.2,1358.1,1355.7,1355.9,41869
1781841600,1355.9,1356.0,1353.8,1355.0,62560
1781841900,1354.9,1356.9,1354.6,1355.8,42478
1781842200,1355.8,1357.0,1355.0,1356.0,71111
1781842500,1356.3,1358.0,1355.9,1357.5,24234
1781842800,1357.8,1358.0,1355.4,1355.8,42867
1781843100,1355.8,1356.3,1355.5,1355.7,24012
1781843400,1356.0,1356.0,1353.9,1355.0,48769
1781843700,1355.0,1355.0,1354.3,1354.5,31679
1781844000,1354.5,1354.9,1353.2,1353.9,58045
1781844300,1354.4,1354.5,1353.7,1354.1,15082
1781844600,1354.4,1355.0,1352.5,1355.0,27250
1781844900,1354.2,1355.4,1353.1,1353.5,109980
1781845200,1353.6,1354.1,1352.4,1353.2,19327
1781845500,1353.5,1354.2,1352.8,1352.8,31335
1781845800,1352.9,1353.3,1352.3,1353.1,12075
1781846100,1353.1,1353.2,1351.5,1352.0,21879
1781846400,1352.0,1353.2,1351.8,1352.2,22460
1781846700,1352.4,1353.1,1352.1,1352.4,17022
1781847000,1352.5,1352.6,1351.6,1351.7,11792
1781847300,1351.8,1353.0,1351.1,1352.8,23232
1781847600,1352.9,1354.0,1352.5,1353.9,18794
1781847900,1353.9,1354.2,1352.9,1353.3,20105
1781848200,1353.4,1353.4,1351.2,1352.0,20962
1781848500,1352.0,1353.6,1352.0,1353.1,8740
1781848800,1353.0,1353.0,1351.6,1352.6,18751
1781849100,1352.3,1353.3,1351.3,1351.9,41218
1781849400,1351.7,1353.0,1351.0,1351.7,38983
1781849700,1351.7,1352.2,1351.4,1351.9,13394
1781850000,1351.7,1352.5,1351.2,1351.6,17617
1781850300,1351.6,1352.4,1351.3,1351.8,7201
1781850600,1351.8,1352.3,1350.9,1351.0,12348
1781850900,1351.1,1351.3,1350.5,1350.6,6657
1781851200,1350.7,1351.2,1350.5,1350.8,8593
1781851500,1351.0,1352.1,1350.8,1351.9,15465
1781851800,1352.0,1354.2,1351.7,1353.9,20134
1781852100,1353.9,1354.5,1352.8,1353.5,38595
1781852400,1353.6,1356.0,1353.5,1355.0,77941
1781852700,1355.1,1355.1,1353.5,1353.7,34751
1781853000,1354.1,1354.1,1351.0,1352.8,23115
1781853300,1352.8,1353.5,1352.0,1352.2,6887
1781853600,1352.1,1352.9,1351.5,1351.6,7340
1781853900,1351.6,1352.0,1351.0,1351.6,15053
1781854200,1351.6,1352.7,1351.5,1351.8,7560
1781854500,1352.2,1355.1,1351.8,1354.1,37275
1781854800,1354.5,1355.1,1354.0,1355.0,12414
1781855100,1355.0,1355.1,1354.4,1354.4,11227
1781855400,1354.6,1354.8,1353.3,1353.6,12449
1781855700,1353.7,1354.0,1353.4,1353.9,21834
1781856000,1354.0,1354.6,1353.7,1354.0,44241
1781856300,1354.0,1356.0,1353.8,1355.6,114615
1781856600,1355.7,1356.0,1354.1,1354.8,22107
1781856900,1354.9,1355.3,1353.0,1353.7,21572
1781857200,1354.0,1354.3,1353.4,1353.4,9752
1781857500,1353.5,1354.3,1352.9,1354.0,32061
1781857800,1354.5,1354.9,1353.7,1354.0,88422
1781858100,1354.0,1355.0,1353.1,1353.8,171100
1781858400,1354.0,1354.6,1353.7,1354.5,83239
1781858700,1354.0,1354.6,1353.8,1353.9,41602
1781859000,1354.1,1356.4,1353.8,1355.9,40677
1781859300,1355.6,1357.9,1355.1,1357.4,31766
1781859600,1357.4,1359.0,1357.2,1358.5,48086
1781859900,1358.4,1359.0,1357.9,1358.3,23812
1781860200,1358.3,1358.5,1356.5,1357.0,13216
1781860500,1357.5,1358.2,1356.1,1357.4,51167
1781860800,1357.4,1358.0,1355.1,1355.6,201234
1781861100,1355.5,1355.6,1354.1,1354.6,44629
1781861400,1354.4,1359.5,1353.5,1359.4,343234
1781861700,1359.4,1360.0,1358.3,1358.6,261745
1781862000,1358.4,1360.0,1357.2,1358.2,236710
1781862300,1358.6,1358.8,1356.5,1357.8,285515
1781862600,1357.9,1359.9,1356.3,1358.3,479988
1781862900,1358.5,1361.0,1355.6,1360.1,376929
1782099900,1361.0,1362.4,1355.2,1358.2,103886
1782100200,1359.3,1361.1,1359.3,1361.0,37978
1782100500,1361.0,1361.0,1359.4,1361.0,14422
1782100800,1361.0,1361.1,1358.7,1360.5,26321
1782101100,1360.7,1361.0,1358.4,1360.9,27882
1782101400,1360.8,1361.0,1358.6,1359.6,31678
1782101700,1359.5,1361.0,1359.5,1361.0,19902
1782102000,1360.9,1361.0,1360.1,1360.8,11646
1782102300,1360.6,1361.0,1359.8,1360.9,45531
1782102600,1361.0,1361.0,1359.0,1360.6,14667
1782102900,1360.5,1360.9,1359.8,1360.6,4857
1782103200,1360.4,1361.0,1359.5,1360.0,8471
1782103500,1360.3,1360.5,1359.5,1360.0,9037
1782103800,1360.0,1361.0,1359.8,1360.3,12988
1782104100,1360.5,1361.0,1360.0,1360.9,15626
1782104400,1361.1,1363.9,1360.9,1362.7,169431
1782104700,1362.8,1364.8,1362.5,1364.8,138050
1782105000,1364.8,1365.0,1363.4,1364.0,32938
1782105300,1363.4,1364.9,1363.4,1364.9,17636
1782105600,1364.6,1366.1,1363.9,1364.1,39468
1782105900,1364.5,1365.5,1364.0,1365.0,12547
1782106200,1365.1,1365.5,1361.7,1362.0,32755
1782106500,1362.3,1363.4,1362.0,1362.8,18140
1782106800,1363.0,1363.0,1362.0,1362.1,12300
1782107100,1362.6,1362.8,1361.5,1362.5,18532
1782107400,1362.5,1364.9,1362.2,1364.9,24959
1782107700,1364.9,1364.9,1363.1,1363.2,53743
1782108000,1363.8,1364.0,1363.1,1363.7,12421
1782108300,1363.8,1364.2,1362.3,1362.3,11874
1782108600,1362.9,1363.4,1361.5,1361.5,9887
1782108900,1361.9,1362.0,1360.6,1361.0,29702
1782109200,1361.0,1361.0,1359.8,1360.0,10144
1782109500,1360.0,1360.8,1359.0,1360.7,15017
1782109800,1360.8,1360.8,1360.1,1360.8,12015
1782110100,1360.8,1364.0,1360.7,1362.0,28672
1782110400,1362.2,1362.2,1361.3,1361.7,85306
1782110700,1361.9,1362.0,1361.6,1362.0,65876
1782111000,1362.0,1362.6,1361.9,1362.4,14882
1782111300,1362.4,1362.6,1361.8,1362.1,27873
1782111600,1362.1,1362.5,1361.0,1362.1,52557
1782111900,1362.2,1362.2,1361.7,1362.1,21788
1782112200,1362.0,1362.1,1361.5,1362.0,18475
1782112500,1362.0,1362.0,1360.1,1361.2,30571
1782112800,1361.1,1362.0,1361.1,1361.9,25128
1782113100,1361.9,1362.0,1360.5,1361.4,16988
1782113400,1361.4,1361.4,1360.4,1360.8,21965
1782113700,1360.8,1360.8,1358.8,1359.1,30360
1782114000,1359.1,1360.4,1358.8,1360.0,13943
1782114300,1360.2,1361.0,1359.7,1360.5,18355
1782114600,1360.5,1361.0,1359.7,1360.4,16510
1782114900,1360.4,1360.8,1359.2,1359.2,21208
1782115200,1359.6,1360.2,1359.2,1359.8,23583
1782115500,1359.9,1360.0,1359.0,1359.2,17772
1782115800,1359.3,1360.0,1357.8,1359.7,66181
1782116100,1359.7,1359.9,1358.9,1359.3,14962
1782116400,1359.4,1360.0,1359.1,1359.9,27711
1782116700,1360.0,1360.0,1358.3,1359.1,41302
1782117000,1359.7,1360.0,1359.1,1359.9,37144
1782117300,1360.0,1360.0,1359.4,1359.9,20586
1782117600,1359.9,1360.0,1357.5,1357.6,25185
1782117900,1358.2,1359.2,1357.3,1358.5,28246
1782118200,1358.2,1360.0,1358.2,1359.8,16728
1782118500,1359.6,1362.3,1359.0,1361.0,540849
1782118800,1361.0,1361.0,1360.2,1360.8,89563
1782119100,1361.0,1361.9,1360.7,1361.3,32955
1782119400,1361.3,1361.6,1360.6,1361.0,27447
1782119700,1360.9,1361.9,1360.5,1361.1,47102
1782120000,1361.5,1361.9,1360.7,1361.0,28227
1782120300,1361.0,1362.5,1360.6,1361.8,39147
1782120600,1361.8,1362.1,1358.8,1359.4,60785
1782120900,1359.4,1360.0,1356.6,1358.6,142928
1782121200,1358.6,1359.5,1358.5,1358.5,60419
1782121500,1358.5,1359.0,1357.4,1358.0,64238
1782121800,1358.0,1358.7,1357.3,1357.3,46992
1782122100,1357.3,1359.9,1356.6,1357.5,73723
1782186300,1358.6,1365.0,1356.5,1359.0,61912
1782186600,1359.1,1361.4,1359.1,1361.0,37055
1782186900,1361.3,1363.0,1361.0,1362.5,34494
1782187200,1362.3,1362.5,1361.4,1362.0,26175
1782187500,1362.0,1366.6,1361.5,1365.9,131496
1782187800,1366.0,1367.2,1364.8,1365.7,88209
1782188100,1365.7,1366.0,1364.1,1364.4,46506
1782188400,1364.4,1364.6,1363.3,1363.8,47343
1782188700,1363.8,1363.8,1362.8,1363.3,21769
1782189000,1363.3,1364.0,1362.3,1363.8,25667
1782189300,1363.9,1365.0,1363.0,1364.6,88022
1782189600,1365.0,1365.0,1364.2,1364.3,21088
1782189900,1364.6,1365.3,1363.5,1363.9,38756
1782190200,1364.0,1364.0,1362.8,1363.7,13061
1782190500,1363.8,1364.8,1363.3,1364.8,44250
1782190800,1364.8,1365.3,1363.3,1364.8,97504
1782191100,1365.0,1366.1,1364.8,1365.6,33821
1782191400,1365.5,1367.0,1365.3,1366.0,44479
1782191700,1366.0,1367.8,1365.5,1366.8,52579
1782192000,1367.0,1368.5,1366.2,1368.1,36902
1782192300,1368.1,1369.0,1366.6,1366.9,28012
1782192600,1367.0,1368.4,1365.4,1367.5,70882
1782192900,1367.6,1369.9,1367.5,1368.7,36133
1782193200,1368.7,1371.5,1368.3,1370.9,55069
1782193500,1370.9,1371.9,1369.9,1370.1,48912
1782193800,1370.3,1370.7,1369.4,1370.3,30841
1782194100,1370.2,1370.5,1369.8,1369.8,17334
1782194400,1370.0,1370.0,1367.9,1368.4,20001
1782194700,1368.4,1370.0,1367.8,1368.6,37466
1782195000,1368.4,1368.9,1365.8,1367.0,28797
1782195300,1366.8,1366.8,1362.7,1363.0,34093
1782195600,1363.0,1365.1,1362.2,1363.7,54224
1782195900,1364.0,1364.0,1361.7,1362.0,26315
1782196200,1362.2,1362.7,1360.6,1361.1,29516
1782196500,1361.4,1362.3,1359.7,1361.2,40108
1782196800,1360.9,1361.6,1359.8,1361.1,46275
1782197100,1361.1,1361.9,1360.6,1361.0,44341
1782197400,1361.0,1361.6,1356.5,1357.1,63805
1782197700,1357.5,1360.9,1357.1,1360.4,34387
1782198000,1360.5,1360.7,1359.5,1360.0,15542
1782198300,1360.0,1361.0,1359.6,1360.2,34614
1782198600,1360.6,1361.8,1360.2,1361.0,31953
1782198900,1361.0,1361.0,1357.6,1358.2,39565
1782199200,1358.2,1359.4,1358.0,1359.3,13619
1782199500,1359.2,1360.1,1358.6,1359.6,21338
1782199800,1359.6,1360.0,1358.2,1360.0,16740
1782200100,1359.6,1361.0,1359.2,1360.7,51760
1782200400,1361.0,1361.2,1359.8,1359.8,23334
1782200700,1359.7,1360.1,1358.6,1359.4,18827
1782201000,1359.0,1360.1,1358.0,1358.6,25026
1782201300,1359.0,1360.6,1357.9,1360.5,25315
1782201600,1360.4,1360.4,1356.7,1357.2,43164
1782201900,1357.1,1361.4,1356.1,1360.8,405672
1782202200,1360.8,1362.2,1360.2,1361.8,79739
1782202500,1361.9,1363.6,1361.3,1363.0,41817
1782202800,1362.8,1362.8,1360.0,1361.9,71882
1782203100,1362.2,1362.3,1360.5,1361.5,48546
1782203400,1361.7,1364.7,1361.0,1364.3,56031
1782203700,1364.6,1366.0,1364.1,1365.6,53071
1782204000,1365.6,1366.3,1364.9,1366.0,44286
1782204300,1365.7,1370.4,1365.6,1368.2,356867
1782204600,1367.9,1369.9,1367.6,1368.7,111351
1782204900,1369.0,1370.0,1367.4,1369.4,121025
1782205200,1369.4,1370.7,1369.3,1370.6,78754
1782205500,1370.4,1370.6,1367.8,1368.9,148537
1782205800,1368.9,1370.5,1367.9,1370.0,125291
1782206100,1370.1,1370.6,1368.9,1369.4,173051
1782206400,1369.7,1370.2,1368.2,1369.3,144995
1782206700,1369.5,1371.4,1369.1,1369.5,150971
1782207000,1370.0,1370.0,1363.3,1365.4,270968
1782207300,1365.1,1366.1,1363.7,1364.6,265595
1782207600,1364.5,1366.9,1362.1,1363.1,321450
1782207900,1363.2,1363.2,1359.5,1360.8,161239
1782208200,1360.8,1363.1,1360.2,1360.4,234646
1782208500,1360.4,1361.6,1357.2,1358.0,124459
1782272700,1356.0,1364.9,1356.0,1363.1,200590
1782273000,1363.1,1365.6,1362.8,1365.5,43870
1782273300,1365.5,1368.0,1364.1,1367.8,39897
1782273600,1367.8,1370.4,1367.4,1368.3,119275
1782273900,1368.3,1371.2,1366.6,1371.1,96458
1782274200,1371.1,1371.4,1368.1,1370.4,53735
1782274500,1370.0,1370.6,1366.4,1366.4,66467
1782274800,1365.6,1366.5,1362.0,1363.0,63774
1782275100,1363.0,1364.4,1361.6,1363.3,63257
1782275400,1363.3,1368.0,1363.0,1366.4,46865
1782275700,1366.4,1368.0,1365.5,1368.0,31054
1782276000,1368.0,1370.6,1366.9,1370.1,60601
1782276300,1370.1,1372.0,1369.0,1369.3,50791
1782276600,1370.0,1371.5,1369.8,1371.1,36136
1782276900,1370.7,1372.9,1370.0,1370.7,40618
1782277200,1370.2,1372.8,1370.2,1372.5,34934
1782277500,1372.1,1373.0,1371.0,1371.8,56824
1782277800,1372.0,1372.8,1371.0,1372.3,74159
1782278100,1372.2,1374.0,1371.2,1371.7,72647
1782278400,1371.9,1372.7,1371.0,1372.7,126744
1782278700,1372.5,1374.8,1371.0,1373.8,70172
1782279000,1373.5,1379.7,1373.5,1378.6,536534
1782279300,1378.6,1382.3,1378.6,1382.0,400193
1782279600,1382.0,1382.4,1380.0,1381.7,187918
1782279900,1381.7,1381.7,1376.9,1378.5,128453
1782280200,1378.8,1379.5,1377.5,1379.4,144147
1782280500,1379.4,1381.9,1379.1,1380.5,111523
1782280800,1380.7,1381.8,1380.6,1381.6,51432
1782281100,1381.6,1381.6,1377.9,1380.0,76497
1782281400,1380.1,1380.3,1378.4,1379.8,39641
1782281700,1379.8,1380.3,1378.8,1379.9,40856
1782282000,1380.0,1381.0,1379.4,1379.7,78507
1782282300,1380.2,1381.0,1379.8,1380.7,53077
1782282600,1380.7,1382.0,1379.9,1381.5,73921
1782282900,1381.2,1381.7,1379.6,1380.0,58141
1782283200,1380.1,1380.8,1377.0,1377.8,81391
1782283500,1377.4,1379.5,1377.4,1379.2,47819
1782283800,1379.0,1379.5,1378.1,1379.1,62141
1782284100,1379.1,1379.3,1377.3,1378.2,60003
1782284400,1378.2,1378.7,1374.9,1376.1,94644
1782284700,1376.2,1378.3,1374.8,1377.9,84458
1782285000,1378.2,1381.7,1378.0,1381.7,55786
1782285300,1381.8,1381.9,1380.9,1381.6,52161
1782285600,1381.1,1381.8,1380.8,1381.4,48009
1782285900,1381.5,1381.8,1381.0,1381.5,44213
1782286200,1381.5,1381.5,1379.2,1379.9,59800
1782286500,1380.3,1380.6,1378.9,1380.0,51672
1782286800,1380.1,1380.3,1378.6,1379.8,62650
1782287100,1379.8,1381.5,1379.4,1380.9,60366
1782287400,1380.9,1381.5,1380.0,1380.2,35930
1782287700,1380.2,1381.8,1379.3,1381.0,52808
1782288000,1381.0,1383.0,1381.0,1382.7,63808
1782288300,1382.9,1385.0,1381.7,1383.7,121171
1782288600,1383.7,1384.0,1381.8,1382.2,80219
1782288900,1382.4,1384.1,1382.2,1383.0,57697
1782289200,1383.1,1383.7,1381.7,1382.0,69947
1782289500,1382.0,1382.0,1379.0,1380.0,54582
1782289800,1380.0,1380.1,1378.7,1379.0,101305
1782290100,1379.1,1379.3,1377.1,1378.8,77832
1782290400,1378.5,1379.3,1377.8,1378.2,58315
1782290700,1378.2,1379.0,1377.9,1378.8,62516
1782291000,1378.9,1379.6,1377.8,1378.6,72487
1782291300,1378.8,1379.1,1377.0,1377.4,67024
1782291600,1377.3,1379.1,1377.0,1378.0,85651
1782291900,1378.0,1378.8,1376.6,1377.1,71474
1782292200,1377.4,1379.8,1377.1,1378.8,164493
1782292500,1378.4,1379.3,1378.4,1378.8,491226
1782292800,1378.8,1382.4,1378.7,1382.4,169587
1782293100,1382.1,1382.5,1380.6,1381.9,159804
1782293400,1382.0,1385.9,1380.9,1385.7,525165
1782293700,1385.8,1385.9,1384.8,1385.6,350538
1782294000,1385.3,1386.1,1383.8,1385.1,383800
1782294300,1385.0,1385.1,1383.2,1383.5,227925
1782294600,1383.4,1385.0,1383.2,1383.5,240870
1782294900,1383.5,1384.9,1382.4,1384.0,172209
1782359100,1386.9,1389.4,1382.3,1387.4,167551
1782359400,1387.9,1390.8,1386.4,1389.5,97622
1782359700,1389.9,1390.8,1388.6,1388.6,177128
1782360000,1388.7,1390.2,1387.6,1389.5,56551
1782360300,1389.5,1390.0,1388.3,1388.8,36484
1782360600,1389.0,1389.1,1387.4,1387.5,26325
1782360900,1387.2,1388.0,1386.5,1387.3,44150
1782361200,1387.5,1391.0,1386.7,1389.3,68855
1782361500,1389.3,1395.5,1388.8,1392.2,751046
1782361800,1392.5,1394.7,1391.7,1393.9,116179
1782362100,1394.0,1395.3,1392.9,1395.0,115305
1782362400,1395.0,1396.3,1395.0,1395.9,102410
1782362700,1395.5,1400.1,1395.1,1396.2,639255
1782363000,1396.2,1396.4,1392.6,1394.8,58207
1782363300,1394.8,1395.6,1391.3,1391.7,65591
1782363600,1391.7,1393.6,1390.5,1391.2,68292
1782363900,1391.1,1391.8,1389.6,1389.6,50579
1782364200,1389.8,1390.2,1387.6,1388.7,84541
1782364500,1388.7,1389.9,1388.0,1389.3,63630
1782364800,1389.7,1389.7,1386.6,1387.0,106963
1782365100,1387.0,1387.6,1386.0,1386.5,73639
1782365400,1386.6,1389.5,1384.9,1389.0,148186
1782365700,1389.4,1389.6,1387.7,1388.0,30060
1782366000,1388.3,1388.3,1386.6,1387.9,32064
1782366300,1387.7,1388.6,1387.0,1387.4,24367
1782366600,1387.2,1387.5,1386.2,1386.8,34640
1782366900,1387.1,1388.0,1386.7,1388.0,15697
1782367200,1388.0,1388.3,1386.6,1387.5,21167
1782367500,1387.5,1388.3,1386.9,1388.0,18357
1782367800,1387.9,1388.3,1387.0,1388.1,26154
1782368100,1388.3,1388.6,1387.1,1387.8,19051
1782368400,1387.8,1389.9,1387.7,1388.6,31429
1782368700,1388.6,1393.6,1388.3,1393.2,138813
1782369000,1393.7,1394.7,1393.0,1393.5,88314
1782369300,1393.5,1394.5,1393.0,1393.8,45738
1782369600,1393.9,1395.0,1393.5,1394.8,40882
1782369900,1394.9,1395.9,1394.4,1394.9,37743
1782370200,1395.3,1395.8,1393.1,1393.5,219742
1782370500,1393.5,1393.5,1387.7,1388.5,66302
1782370800,1388.5,1389.9,1387.0,1387.5,53576
1782371100,1387.9,1388.9,1387.0,1388.5,33599
1782371400,1388.7,1388.9,1386.9,1387.2,30971
1782371700,1387.3,1388.3,1387.0,1387.6,54413
1782372000,1387.6,1388.0,1387.0,1387.1,102011
1782372300,1387.1,1388.0,1387.0,1387.2,35828
1782372600,1387.2,1388.1,1386.8,1387.1,48797
1782372900,1387.7,1387.9,1384.7,1385.4,57616
1782373200,1385.3,1385.9,1381.4,1382.1,84690
1782373500,1382.2,1382.8,1380.5,1382.2,51898
1782373800,1382.4,1382.4,1381.0,1381.1,55672
1782374100,1381.4,1382.0,1380.0,1380.6,61073
1782374400,1380.5,1381.6,1380.3,1380.5,50875
1782374700,1380.6,1381.6,1380.1,1380.9,49074
1782375000,1381.0,1382.2,1380.9,1380.9,49452
1782375300,1381.5,1382.5,1380.5,1380.8,42680
1782375600,1381.2,1381.8,1380.5,1380.6,41172
1782375900,1381.0,1381.8,1379.3,1380.3,79817
1782376200,1380.2,1380.5,1379.1,1379.4,45247
1782376500,1379.4,1379.7,1378.0,1378.0,40236
1782376800,1378.2,1378.3,1375.4,1376.7,89842
1782377100,1376.5,1377.3,1375.0,1376.9,56852
1782377400,1377.2,1379.2,1376.1,1376.7,99310
1782377700,1376.7,1377.0,1375.0,1375.7,64259
1782378000,1376.2,1377.0,1375.1,1376.2,72090
1782378300,1376.2,1378.3,1375.3,1375.9,157594
1782378600,1376.2,1378.0,1373.9,1374.4,191641
1782378900,1374.5,1376.3,1374.0,1374.3,110853
1782379200,1374.6,1378.7,1374.0,1377.6,102936
1782379500,1377.7,1377.8,1376.0,1376.5,105820
1782379800,1376.5,1376.5,1372.7,1374.8,361642
1782380100,1374.8,1379.2,1373.3,1377.0,363616
1782380400,1377.3,1379.7,1376.6,1379.3,347059
1782380700,1379.3,1379.7,1376.9,1379.4,313881
1782381000,1379.3,1379.9,1377.4,1377.6,269227
1782381300,1377.5,1379.9,1375.2,1377.2,194564
1782704700,1392.6,1392.6,1371.5,1382.6,210247
1782705000,1382.6,1387.1,1382.6,1386.6,149590
1782705300,1387.4,1387.4,1382.8,1384.0,38968
1782705600,1384.0,1384.5,1381.5,1381.5,54389
1782705900,1381.7,1385.1,1381.4,1384.2,55277
1782706200,1384.2,1384.2,1381.0,1381.8,85415
1782706500,1382.0,1383.2,1380.5,1380.8,79583
1782706800,1380.8,1382.9,1380.3,1381.0,65742
1782707100,1381.0,1383.4,1380.7,1383.2,26608
1782707400,1383.3,1384.2,1381.7,1382.1,34752
1782707700,1382.8,1386.9,1382.0,1386.3,46965
1782708000,1386.4,1386.4,1382.5,1382.5,50967
1782708300,1382.0,1382.9,1380.8,1381.4,444966
1782708600,1381.3,1391.2,1381.1,1390.3,423770
1782708900,1390.8,1392.5,1390.0,1391.1,70151
1782709200,1391.3,1391.3,1388.5,1389.3,82768
1782709500,1389.6,1390.8,1388.4,1389.8,63883
1782709800,1389.8,1390.7,1388.9,1390.0,75164
1782710100,1390.0,1390.6,1386.8,1387.9,80767
1782710400,1387.9,1387.9,1381.8,1387.4,1576457
1782710700,1387.4,1387.5,1385.8,1386.0,46438
1782711000,1386.0,1388.6,1385.0,1388.3,96322
1782711300,1388.1,1390.6,1387.6,1390.0,53624
1782711600,1390.0,1390.0,1387.4,1387.5,47806
1782711900,1387.6,1387.7,1385.0,1385.5,54965
1782712200,1385.6,1386.7,1385.0,1385.9,37881
1782712500,1386.0,1386.0,1383.1,1384.3,47231
1782712800,1384.3,1384.7,1378.0,1378.7,681447
1782713100,1379.2,1380.3,1378.5,1379.3,65282
1782713400,1379.6,1381.2,1379.1,1379.4,56887
1782713700,1379.2,1379.8,1377.6,1377.6,69463
1782714000,1377.8,1377.8,1374.1,1374.2,93985
1782714300,1374.6,1376.6,1373.9,1375.9,67005
1782714600,1376.2,1379.6,1375.9,1378.4,81546
1782714900,1378.9,1379.7,1378.2,1379.0,98162
1782715200,1379.2,1379.6,1376.6,1376.8,89082
1782715500,1377.2,1377.2,1374.0,1374.0,49126
1782715800,1374.2,1374.3,1372.2,1372.3,59386
1782716100,1372.5,1374.2,1372.1,1372.6,45134
1782716400,1372.6,1373.4,1370.5,1372.2,61267
1782716700,1372.4,1372.4,1370.8,1370.8,42809
1782717000,1370.6,1373.8,1370.6,1373.4,46475
1782717300,1373.5,1374.2,1371.9,1372.5,62431
1782717600,1372.6,1375.6,1372.3,1375.0,72031
1782717900,1375.0,1377.2,1374.9,1376.8,57156
1782718200,1376.8,1377.5,1376.0,1377.4,84457
1782718500,1377.4,1379.5,1376.6,1379.0,59400
1782718800,1379.5,1379.9,1378.6,1379.0,62115
1782719100,1379.2,1379.3,1376.7,1377.0,68154
1782719400,1377.1,1378.0,1376.8,1377.9,55777
1782719700,1378.0,1378.8,1377.5,1378.5,55914
1782720000,1378.3,1379.9,1376.7,1376.8,78671
1782720300,1376.8,1377.6,1372.8,1373.4,75494
1782720600,1373.5,1374.1,1372.1,1372.3,78800
1782720900,1372.5,1374.0,1372.0,1372.1,413278
1782721200,1372.1,1374.5,1370.0,1373.8,133535
1782721500,1374.0,1376.0,1371.9,1372.2,74059
1782721800,1372.7,1375.5,1371.3,1372.7,176881
1782722100,1372.7,1373.3,1371.0,1371.0,36781
1782722400,1371.4,1372.0,1370.2,1370.6,48376
1782722700,1370.6,1370.8,1366.9,1368.6,64609
1782723000,1369.1,1370.0,1368.0,1368.0,36072
1782723300,1368.5,1369.6,1367.3,1369.1,40814
1782723600,1369.1,1370.0,1367.9,1368.4,104668
1782723900,1368.4,1368.4,1364.5,1365.0,114828
1782724200,1365.3,1366.0,1364.1,1365.0,94097
1782724500,1365.5,1367.0,1364.0,1364.8,115716
1782724800,1365.0,1365.0,1360.3,1360.6,106006
1782725100,1360.8,1361.4,1358.4,1360.0,109570
1782725400,1359.6,1360.6,1353.9,1354.9,662537
1782725700,1354.7,1358.9,1353.4,1357.0,730695
1782726000,1356.9,1357.0,1352.2,1353.8,721376
1782726300,1353.6,1358.1,1353.5,1356.5,823019
1782726600,1356.3,1361.8,1355.9,1361.8,775953
1782726900,1361.5,1373.2,1360.0,1368.0,552776
1782791100,1357.7,1371.9,1355.1,1370.7,322680
1782791400,1370.0,1373.9,1366.7,1372.6,245700
1782791700,1372.6,1373.4,1367.0,1368.3,164649
1782792000,1368.0,1369.0,1366.1,1367.4,104218
1782792300,1367.3,1375.0,1367.1,1371.1,159696
1782792600,1370.5,1373.0,1367.0,1367.9,74981
1782792900,1367.4,1368.8,1361.6,1363.9,149837
1782793200,1363.3,1367.7,1361.3,1364.6,83786
1782793500,1364.4,1367.5,1362.8,1363.0,61645
1782793800,1363.0,1366.3,1362.2,1366.2,33797
1782794100,1365.6,1366.4,1362.6,1363.9,62116
1782794400,1364.0,1368.6,1364.0,1366.0,174301
1782794700,1366.4,1366.4,1363.5,1364.0,304749
1782795000,1363.6,1363.9,1356.3,1358.8,88068
1782795300,1358.5,1360.1,1357.6,1358.4,92318
1782795600,1358.2,1358.5,1356.2,1357.7,37658
1782795900,1357.7,1360.4,1357.2,1357.2,94002
1782796200,1357.1,1358.0,1354.7,1357.5,47772
1782796500,1357.3,1359.9,1357.3,1359.3,89989
1782796800,1359.3,1360.1,1357.7,1357.7,24193
1782797100,1357.5,1358.1,1355.2,1355.3,38936
1782797400,1355.0,1356.9,1354.0,1355.9,31235
1782797700,1355.8,1359.5,1355.6,1358.3,40350
1782798000,1357.6,1360.5,1356.8,1359.9,51534
1782798300,1360.0,1360.3,1358.1,1358.6,50090
1782798600,1358.6,1364.9,1358.5,1363.0,108978
1782798900,1363.0,1363.7,1360.0,1360.4,52275
1782799200,1360.4,1361.0,1356.4,1356.7,71772
1782799500,1356.7,1357.7,1354.7,1357.0,79750
1782799800,1357.0,1358.8,1355.5,1355.5,20491
1782800100,1355.5,1357.5,1355.2,1355.8,20112
1782800400,1355.6,1357.2,1355.4,1356.7,19984
1782800700,1356.7,1356.8,1355.4,1355.7,15922
1782801000,1355.7,1356.6,1355.3,1356.2,18380
1782801300,1356.2,1356.8,1355.8,1356.1,15299
1782801600,1356.1,1357.9,1353.3,1355.3,44432
1782801900,1355.3,1356.0,1354.5,1355.9,18894
1782802200,1355.3,1356.4,1354.7,1356.2,31675
1782802500,1355.7,1356.9,1355.4,1355.8,17934
1782802800,1356.2,1356.7,1353.8,1355.1,37675
1782803100,1355.1,1357.0,1354.4,1356.2,27985
1782803400,1356.2,1359.0,1355.9,1358.4,33508
1782803700,1358.4,1360.0,1358.0,1359.4,62922
1782804000,1359.4,1360.2,1358.2,1359.4,25807
1782804300,1359.0,1360.3,1358.8,1358.9,28724
1782804600,1358.9,1360.7,1358.5,1360.0,46799
1782804900,1360.0,1360.5,1358.8,1359.3,32975
1782805200,1359.3,1360.6,1359.0,1359.6,49731
1782805500,1359.5,1360.8,1357.5,1357.8,81373
1782805800,1357.7,1359.1,1356.4,1357.0,64984
1782806100,1357.0,1360.7,1356.8,1359.6,54992
1782806400,1359.7,1360.2,1358.2,1359.6,72106
1782806700,1359.6,1360.1,1358.0,1358.8,63069
1782807000,1358.2,1359.9,1357.4,1357.6,48925
1782807300,1358.0,1358.0,1354.5,1354.9,41657
1782807600,1354.5,1355.0,1353.7,1353.8,39420
1782807900,1353.7,1354.9,1353.0,1353.6,35718
1782808200,1353.6,1354.8,1350.6,1351.8,117078
1782808500,1351.3,1352.9,1350.1,1352.7,71317
1782808800,1352.0,1352.9,1350.0,1351.9,131807
1782809100,1351.8,1352.3,1348.9,1349.8,144122
1782809400,1349.8,1354.6,1349.0,1354.6,58738
1782809700,1354.5,1355.0,1351.7,1352.6,138816
1782810000,1352.6,1353.4,1350.8,1352.7,69111
1782810300,1352.6,1352.9,1348.5,1349.2,92416
1782810600,1349.2,1350.0,1348.1,1348.7,75435
1782810900,1348.3,1349.9,1347.1,1349.4,68121
1782811200,1349.6,1350.7,1347.5,1350.1,50128
1782811500,1350.1,1351.3,1347.8,1348.2,90372
1782811800,1348.3,1348.7,1343.8,1345.0,488382
1782812100,1345.1,1346.4,1343.6,1345.4,593022
1782812400,1345.7,1347.1,1344.7,1345.4,405004
1782812700,1345.5,1345.5,1344.9,1345.2,378155
1782813000,1345.2,1347.1,1344.8,1345.4,427910
1782813300,1345.6,1352.9,1345.5,1351.5,306802
1782877500,1345.7,1360.8,1345.7,1351.8,100802
1782877800,1351.8,1352.1,1349.6,1350.4,23510
1782878100,1350.4,1351.0,1348.2,1350.1,20376
1782878400,1350.1,1351.6,1348.0,1349.1,19134
1782878700,1348.5,1350.0,1348.5,1349.8,6175
1782879000,1350.0,1353.0,1349.9,1352.9,42799
1782879300,1353.0,1354.0,1352.3,1352.5,14488
1782879600,1353.0,1356.3,1351.6,1356.3,15110
1782879900,1356.7,1359.9,1355.5,1359.7,34551
1782880200,1359.1,1362.3,1358.5,1358.5,28396
1782880500,1358.8,1358.8,1355.2,1358.5,41862
1782880800,1358.5,1364.4,1357.2,1364.0,64677
1782881100,1363.9,1365.0,1362.8,1364.0,31951
1782881400,1363.8,1367.3,1363.1,1365.5,50461
1782881700,1365.5,1365.9,1363.0,1364.9,19668
1782882000,1365.0,1365.7,1363.5,1363.8,12899
1782882300,1364.2,1364.9,1361.2,1362.2,24333
1782882600,1362.2,1363.0,1360.8,1361.9,17541
1782882900,1361.9,1362.5,1360.8,1362.0,14567
1782883200,1361.8,1363.2,1360.7,1362.8,16674
1782883500,1362.5,1362.5,1361.1,1362.4,7983
1782883800,1362.4,1363.7,1362.2,1362.9,21293
1782884100,1362.9,1363.8,1362.5,1363.8,6217
1782884400,1364.0,1368.0,1364.0,1368.0,53502
1782884700,1368.4,1372.0,1367.5,1371.8,54607
1782885000,1371.8,1372.5,1370.2,1370.6,34423
1782885300,1370.6,1371.0,1368.9,1370.8,44730
1782885600,1370.8,1371.2,1368.8,1369.9,15357
1782885900,1369.8,1369.9,1368.0,1369.3,23348
1782886200,1369.3,1371.0,1369.2,1371.0,15823
1782886500,1371.0,1372.0,1370.5,1371.9,22203
1782886800,1371.9,1373.0,1371.4,1371.5,37179
1782887100,1371.5,1373.0,1370.7,1372.8,39889
1782887400,1372.8,1374.2,1372.7,1374.1,25626
1782887700,1374.1,1375.6,1373.7,1375.3,29670
1782888000,1375.1,1375.6,1373.0,1374.7,37761
1782888300,1374.6,1376.1,1374.5,1375.5,29694
1782888600,1375.2,1376.9,1373.9,1376.3,41696
1782888900,1376.3,1376.5,1372.7,1375.0,57407
1782889200,1375.0,1377.7,1375.0,1376.7,42761
1782889500,1376.6,1377.5,1376.1,1376.5,22427
1782889800,1376.4,1376.7,1374.9,1375.5,55651
1782890100,1375.8,1375.9,1374.7,1375.9,28800
1782890400,1375.9,1376.7,1375.4,1376.2,30195
1782890700,1376.3,1377.4,1375.9,1376.3,34638
1782891000,1376.9,1377.4,1374.9,1375.2,35136
1782891300,1375.5,1376.1,1374.0,1374.1,46407
1782891600,1374.3,1377.0,1373.7,1376.5,32232
1782891900,1376.9,1377.0,1375.1,1375.6,25142
1782892200,1375.1,1376.9,1375.0,1376.0,23855
1782892500,1376.0,1377.2,1374.9,1375.4,27179
1782892800,1375.4,1376.5,1374.3,1375.8,29633
1782893100,1375.9,1377.0,1374.4,1374.9,48660
1782893400,1374.9,1375.3,1372.1,1374.9,65911
1782893700,1374.9,1375.1,1373.5,1374.4,30017
1782894000,1374.4,1375.5,1374.2,1374.8,21504
1782894300,1374.9,1376.3,1374.2,1374.2,25937
1782894600,1374.2,1374.2,1372.1,1373.8,30009
1782894900,1373.8,1374.8,1372.6,1373.8,66690
1782895200,1373.9,1375.1,1373.2,1374.8,25658
1782895500,1374.6,1374.9,1372.3,1372.5,36313
1782895800,1372.5,1374.0,1372.5,1373.0,24284
1782896100,1373.6,1373.8,1372.4,1372.4,24347
1782896400,1372.4,1373.5,1371.1,1372.0,60819
1782896700,1372.0,1373.5,1369.6,1369.6,54635
1782897000,1370.0,1371.1,1368.0,1370.2,48007
1782897300,1370.2,1370.5,1369.0,1369.0,35943
1782897600,1369.0,1372.2,1369.0,1371.3,88965
1782897900,1371.3,1372.8,1371.0,1372.4,112375
1782898200,1372.3,1373.0,1368.3,1368.9,106401
1782898500,1368.4,1369.2,1367.5,1368.6,112394
1782898800,1368.6,1371.9,1368.2,1369.1,189944
1782899100,1369.0,1369.3,1367.8,1368.5,98528
1782899400,1368.5,1369.7,1367.2,1368.5,92474
1782899700,1368.5,1369.3,1363.0,1363.9,144662
1782963900,1374.0,1374.4,1363.9,1365.5,78334
1782964200,1365.5,1370.1,1365.0,1370.1,46545
1782964500,1370.0,1371.4,1368.4,1370.2,26061
1782964800,1370.1,1371.4,1370.0,1371.2,48592
1782965100,1371.2,1373.4,1370.5,1372.7,58933
1782965400,1373.2,1375.5,1372.8,1374.5,82684
1782965700,1374.6,1374.6,1371.4,1372.1,41614
1782966000,1372.3,1372.3,1369.7,1370.2,46103
1782966300,1369.8,1369.8,1366.5,1368.6,33766
1782966600,1368.4,1369.6,1367.7,1369.1,12618
1782966900,1368.7,1369.1,1365.7,1367.8,30110
1782967200,1367.0,1368.5,1365.6,1366.0,17980
1782967500,1366.0,1367.6,1365.4,1367.1,20483
1782967800,1367.1,1368.4,1366.5,1367.3,19541
1782968100,1367.9,1368.5,1366.8,1368.1,11601
1782968400,1367.6,1368.1,1365.6,1366.5,23989
1782968700,1365.9,1366.8,1365.7,1366.5,21423
1782969000,1366.5,1366.9,1365.3,1366.4,81178
1782969300,1366.5,1367.0,1366.0,1366.5,14843
1782969600,1366.4,1368.0,1366.3,1366.9,76023
1782969900,1366.9,1367.0,1361.9,1363.0,104175
1782970200,1363.4,1363.4,1361.9,1363.4,34716
1782970500,1363.5,1364.4,1363.2,1363.6,24666
1782970800,1363.6,1364.7,1362.0,1364.7,20887
1782971100,1364.2,1364.8,1363.2,1363.9,21219
1782971400,1363.9,1364.0,1361.0,1362.8,25037
1782971700,1362.8,1363.7,1362.0,1362.6,25263
1782972000,1362.6,1363.2,1361.2,1362.7,20371
1782972300,1362.7,1362.7,1358.3,1358.5,67030
1782972600,1358.5,1361.6,1358.1,1360.9,38474
1782972900,1360.9,1361.9,1360.0,1360.7,28600
1782973200,1361.3,1365.0,1360.0,1363.3,132881
1782973500,1363.3,1364.6,1361.6,1362.5,138733
1782973800,1362.5,1366.9,1361.9,1366.1,193249
1782974100,1366.1,1367.7,1365.1,1367.0,250355
1782974400,1366.6,1368.0,1366.1,1367.1,211982
1782974700,1367.1,1368.0,1366.0,1366.8,20895
1782975000,1366.8,1367.7,1366.0,1367.2,13244
1782975300,1367.2,1370.8,1366.5,1369.9,27879
1782975600,1369.9,1369.9,1368.1,1369.2,16284
1782975900,1369.2,1369.5,1367.0,1368.9,24356
1782976200,1368.9,1369.6,1366.2,1366.5,30727
1782976500,1366.5,1367.7,1365.4,1366.8,25284
1782976800,1366.8,1366.8,1364.0,1365.0,29611
1782977100,1365.0,1365.0,1362.1,1363.2,20300
1782977400,1363.0,1363.9,1361.7,1363.9,44013
1782977700,1363.8,1365.0,1363.2,1364.0,11856
1782978000,1363.5,1364.0,1362.3,1363.7,12995
1782978300,1363.4,1364.6,1363.0,1363.7,48709
1782978600,1363.7,1364.3,1362.5,1363.3,58614
1782978900,1363.8,1364.0,1361.5,1362.3,34485
1782979200,1362.2,1362.6,1361.2,1362.6,17415
1782979500,1362.1,1363.1,1361.4,1362.6,37850
1782979800,1362.5,1363.4,1360.6,1361.8,25170
1782980100,1361.8,1362.9,1361.0,1362.8,25970
1782980400,1362.5,1364.2,1362.0,1362.1,24395
1782980700,1362.1,1362.2,1360.4,1360.8,37363
1782981000,1360.8,1362.7,1360.6,1361.7,13684
1782981300,1362.2,1362.8,1361.0,1361.1,11462
1782981600,1361.6,1362.2,1361.0,1361.2,28307
1782981900,1361.3,1361.8,1360.3,1360.8,17167
1782982200,1360.7,1363.2,1360.5,1362.1,24045
1782982500,1362.1,1362.8,1360.5,1361.5,32750
1782982800,1361.5,1363.5,1360.8,1362.0,15065
1782983100,1362.4,1366.7,1362.4,1366.4,58864
1782983400,1366.2,1366.8,1365.0,1365.6,44578
1782983700,1365.7,1366.8,1364.7,1365.6,76044
1782984000,1365.5,1367.1,1364.4,1365.7,73058
1782984300,1365.7,1367.7,1364.7,1367.2,50072
1782984600,1367.5,1367.5,1362.1,1364.2,144400
1782984900,1364.4,1366.9,1362.7,1365.9,163160
1782985200,1366.1,1366.1,1361.6,1362.2,151943
1782985500,1362.3,1362.6,1360.6,1360.7,122407
1782985800,1360.8,1361.6,1358.9,1359.8,156001
1782986100,1360.0,1361.3,1358.8,1359.2,95045
1783050300,1373.0,1373.0,1360.4,1362.7,152351
1783050600,1363.3,1366.0,1361.0,1364.2,134470
1783050900,1364.2,1366.6,1364.2,1365.3,33317
1783051200,1365.0,1367.5,1364.5,1367.4,129422
1783051500,1367.4,1368.4,1366.3,1367.2,134638
1783051800,1367.0,1368.5,1365.1,1365.3,55313
1783052100,1365.3,1369.0,1364.8,1367.5,86253
1783052400,1367.4,1369.6,1367.0,1369.0,77412
1783052700,1369.0,1369.5,1367.0,1368.1,46388
1783053000,1368.2,1369.0,1365.8,1366.4,12572
1783053300,1366.7,1367.2,1365.0,1365.8,12600
1783053600,1366.0,1366.0,1358.5,1359.4,53487
1783053900,1359.8,1360.8,1358.5,1359.5,22342
1783054200,1359.5,1361.5,1359.0,1359.3,30246
1783054500,1359.4,1360.8,1359.1,1359.8,11829
1783054800,1359.8,1360.4,1358.5,1358.6,27793
1783055100,1358.5,1359.9,1357.3,1359.3,21261
1783055400,1359.0,1359.7,1359.0,1359.4,12418
1783055700,1359.7,1360.5,1358.5,1359.1,41539
1783056000,1359.6,1359.8,1357.4,1358.5,15796
1783056300,1358.0,1358.5,1357.1,1357.6,13474
1783056600,1357.7,1359.2,1357.5,1358.7,11155
1783056900,1358.8,1359.6,1355.0,1355.1,62504
1783057200,1355.1,1355.5,1352.8,1353.9,253253
1783057500,1353.9,1354.5,1352.9,1354.2,21306
1783057800,1354.8,1355.2,1353.9,1354.7,34714
1783058100,1355.1,1356.6,1354.6,1355.9,18577
1783058400,1355.7,1356.4,1354.1,1354.1,16926
1783058700,1354.0,1355.5,1353.9,1355.0,15679
1783059000,1355.0,1356.9,1354.8,1356.7,15842
1783059300,1356.7,1357.7,1355.0,1355.2,23864
1783059600,1355.2,1355.9,1354.9,1355.3,12221
1783059900,1355.4,1356.4,1355.0,1356.4,16566
1783060200,1356.6,1356.8,1355.5,1356.4,13680
1783060500,1356.4,1357.0,1355.1,1356.4,31301
1783060800,1356.7,1358.2,1355.5,1357.4,27828
1783061100,1357.4,1358.0,1357.1,1357.7,15023
1783061400,1357.7,1358.0,1357.1,1357.9,14169
1783061700,1357.8,1358.7,1356.0,1356.9,28678
1783062000,1356.9,1357.4,1355.6,1357.1,17130
1783062300,1357.1,1357.7,1355.7,1357.2,20344
1783062600,1357.2,1357.4,1356.3,1357.3,18933
1783062900,1357.5,1357.8,1355.8,1356.4,21824
1783063200,1356.4,1356.6,1354.6,1354.6,23605
1783063500,1354.7,1356.6,1353.6,1355.7,31057
1783063800,1355.7,1355.9,1353.3,1353.5,29578
1783064100,1353.6,1353.7,1351.5,1353.1,46601
1783064400,1352.8,1353.8,1352.0,1353.0,23590
1783064700,1353.0,1353.4,1352.0,1353.3,20505
1783065000,1353.3,1354.0,1352.4,1353.2,23683
1783065300,1353.2,1353.9,1352.4,1352.5,18162
1783065600,1352.9,1352.9,1350.8,1351.2,23284
1783065900,1351.6,1351.7,1350.0,1350.9,58223
1783066200,1351.2,1352.6,1350.7,1351.8,43430
1783066500,1351.9,1352.4,1350.9,1352.4,24020
1783066800,1352.3,1353.0,1351.3,1351.9,33369
1783067100,1351.9,1352.1,1350.9,1351.6,25426
1783067400,1351.7,1352.6,1348.8,1349.7,40841
1783067700,1349.7,1350.0,1349.2,1349.8,30874
1783068000,1349.8,1349.8,1345.0,1345.3,55933
1783068300,1345.3,1345.6,1341.4,1341.9,55924
1783068600,1341.9,1343.1,1341.5,1342.2,30670
1783068900,1342.3,1342.5,1338.4,1339.1,46885
1783069200,1339.4,1342.6,1338.9,1341.8,52622
1783069500,1342.3,1342.7,1339.0,1340.2,37255
1783069800,1340.5,1342.9,1339.5,1342.1,57249
1783070100,1342.3,1343.0,1341.5,1342.3,47182
1783070400,1341.9,1342.3,1340.7,1341.7,84686
1783070700,1341.3,1341.8,1340.0,1340.5,45657
1783071000,1340.9,1343.4,1340.9,1341.7,88498
1783071300,1341.7,1342.6,1340.0,1340.2,83778
1783071600,1340.3,1342.4,1340.0,1341.4,125906
1783071900,1341.4,1342.5,1341.1,1341.9,103598
1783072200,1342.1,1344.0,1341.8,1343.2,96129
1783072500,1343.5,1344.3,1341.5,1342.0,142402
1783309500,1355.7,1371.0,1353.3,1365.7,457340
1783309800,1365.6,1369.5,1362.1,1362.1,136728
1783310100,1362.8,1363.1,1359.0,1362.2,117194
1783310400,1362.3,1365.0,1361.1,1362.9,46294
1783310700,1363.0,1366.0,1362.6,1365.6,67379
1783311000,1365.7,1367.0,1364.2,1364.7,65076
1783311300,1364.7,1367.1,1364.4,1364.6,288369
1783311600,1364.8,1366.3,1364.0,1365.3,23761
1783311900,1365.3,1365.7,1364.0,1365.7,14603
1783312200,1365.7,1366.3,1364.6,1365.2,17516
1783312500,1365.4,1365.7,1362.8,1363.9,33622
1783312800,1364.4,1366.0,1363.5,1363.8,25727
1783313100,1363.5,1363.9,1358.2,1358.4,90569
1783313400,1358.8,1359.6,1357.2,1358.2,42491
1783313700,1358.7,1359.0,1356.3,1356.7,53971
1783314000,1356.7,1357.0,1354.1,1354.9,123463
1783314300,1354.9,1354.9,1351.2,1351.4,135854
1783314600,1352.0,1352.0,1348.1,1348.9,147460
1783314900,1349.1,1352.6,1348.7,1352.5,78197
1783315200,1352.5,1352.7,1349.3,1350.1,68140
1783315500,1350.7,1353.6,1349.7,1352.8,56556
1783315800,1352.5,1353.5,1351.4,1352.0,37229
1783316100,1352.0,1352.0,1349.9,1350.6,38103
1783316400,1350.6,1353.8,1350.0,1352.9,46623
1783316700,1352.9,1353.1,1350.7,1351.4,36936
1783317000,1351.2,1352.9,1350.5,1352.7,31673
1783317300,1352.6,1355.0,1350.8,1351.6,41758
1783317600,1351.8,1351.8,1349.3,1349.8,41206
1783317900,1349.9,1350.3,1348.0,1348.1,48195
1783318200,1347.9,1347.9,1342.0,1343.2,179038
1783318500,1343.2,1346.0,1342.2,1344.5,72336
1783318800,1344.4,1348.7,1344.4,1348.7,43206
1783319100,1348.8,1349.6,1347.8,1349.2,19606
1783319400,1349.3,1349.6,1346.7,1347.9,54752
1783319700,1348.0,1348.0,1347.8,1348.0,18315
1783320000,1348.0,1351.3,1347.3,1349.9,65133
1783320300,1349.5,1351.1,1348.3,1351.0,41055
1783320600,1350.8,1351.0,1348.8,1350.3,65350
1783320900,1350.4,1350.9,1349.3,1349.7,29254
1783321200,1349.7,1351.8,1348.9,1351.1,27443
1783321500,1351.1,1351.7,1348.4,1348.8,27503
1783321800,1348.8,1350.5,1348.3,1349.5,65397
1783322100,1349.5,1349.7,1347.5,1349.3,67844
1783322400,1349.2,1349.2,1346.9,1347.3,55874
1783322700,1347.6,1348.3,1345.6,1347.8,48774
1783323000,1348.0,1348.0,1341.1,1347.3,111235
1783323300,1347.4,1350.8,1347.0,1350.5,34779
1783323600,1350.2,1352.1,1350.0,1350.4,38104
1783323900,1350.6,1351.0,1348.4,1348.7,28371
1783324200,1348.7,1348.8,1346.9,1347.3,56407
1783324500,1347.7,1347.7,1344.9,1346.6,36932
1783324800,1346.7,1346.8,1345.5,1346.4,15260
1783325100,1346.7,1347.6,1346.4,1346.4,31540
1783325400,1346.9,1347.3,1345.5,1345.6,16452
1783325700,1345.6,1346.5,1344.5,1345.0,30842
1783326000,1345.0,1345.9,1342.3,1343.2,56566
1783326300,1343.3,1343.3,1340.6,1341.2,74416
1783326600,1341.4,1341.9,1339.4,1341.5,49323
1783326900,1341.5,1341.5,1339.6,1340.4,41803
1783327200,1340.5,1341.7,1339.0,1339.0,49583
1783327500,1339.2,1340.9,1338.8,1339.5,115346
1783327800,1339.9,1340.1,1337.4,1338.1,73025
1783328100,1338.1,1338.3,1336.6,1337.3,39098
1783328400,1337.5,1337.8,1335.5,1337.1,47059
1783328700,1337.1,1339.0,1336.0,1338.2,44347
1783329000,1338.2,1338.4,1336.2,1336.5,28327
1783329300,1336.9,1338.2,1336.1,1336.9,37870
1783329600,1336.8,1338.3,1336.0,1337.9,38010
1783329900,1338.0,1339.0,1336.7,1337.3,43851
1783330200,1337.3,1339.7,1337.3,1339.3,72562
1783330500,1339.3,1342.1,1338.7,1340.9,118827
1783330800,1340.9,1341.9,1340.2,1341.1,101611
1783331100,1341.1,1341.5,1338.9,1339.7,133434
1783331400,1339.6,1339.8,1337.5,1338.1,153570
1783331700,1338.2,1338.8,1337.1,1338.5,81153
1783395900,1346.8,1348.0,1338.6,1342.8,161686
1783396200,1343.2,1345.5,1342.8,1344.6,59740
1783396500,1344.6,1346.6,1343.5,1345.8,51149
1783396800,1345.7,1352.6,1344.3,1351.0,1618997
1783397100,1351.0,1356.9,1349.2,1349.9,150506
1783397400,1349.9,1352.1,1347.7,1348.9,57331
1783397700,1348.5,1350.6,1348.5,1349.2,46862
1783398000,1349.4,1350.8,1347.1,1347.2,53723
1783398300,1347.2,1347.8,1345.9,1347.3,46432
1783398600,1347.5,1347.9,1346.1,1346.4,47872
1783398900,1346.9,1347.3,1344.7,1345.9,57198
1783399200,1345.8,1346.6,1344.8,1345.5,84421
1783399500,1345.6,1348.3,1345.5,1348.1,43418
1783399800,1348.2,1348.5,1345.6,1348.2,82290
1783400100,1348.2,1348.2,1345.6,1347.5,35153
1783400400,1347.5,1349.3,1347.4,1347.7,42931
1783400700,1347.7,1352.5,1347.2,1352.3,63768
1783401000,1352.3,1352.8,1347.4,1347.7,117388
1783401300,1347.7,1350.7,1346.9,1350.5,85205
1783401600,1350.5,1350.5,1347.6,1348.4,38818
1783401900,1347.8,1348.3,1345.9,1347.0,41138
1783402200,1346.8,1347.7,1344.7,1346.2,125871
1783402500,1346.2,1347.5,1345.9,1347.2,39505
1783402800,1347.2,1348.2,1346.2,1347.8,71695
1783403100,1347.8,1348.0,1346.6,1347.5,35405
1783403400,1347.6,1349.8,1347.4,1349.0,52916
1783403700,1349.0,1350.5,1346.5,1347.4,45546
1783404000,1347.4,1348.0,1346.8,1347.3,37304
1783404300,1347.3,1351.5,1346.6,1347.2,166592
1783404600,1347.7,1347.7,1345.5,1346.7,51544
1783404900,1346.2,1349.0,1345.6,1346.4,96717
1783405200,1346.4,1347.8,1346.1,1347.5,45749
1783405500,1347.8,1349.5,1347.4,1348.6,49005
1783405800,1348.3,1349.0,1346.3,1346.6,57880
1783406100,1346.6,1347.1,1345.5,1345.6,49371
1783406400,1345.6,1347.4,1344.7,1346.1,97741
1783406700,1345.7,1346.5,1343.6,1344.4,63395
1783407000,1344.4,1345.5,1343.6,1344.0,48193
1783407300,1344.2,1345.0,1343.9,1344.9,22183
1783407600,1344.6,1345.0,1343.1,1344.3,37114
1783407900,1344.3,1344.9,1342.4,1344.1,97540
1783408200,1344.2,1345.0,1343.6,1344.2,26390
1783408500,1344.3,1345.0,1343.5,1344.6,39366
1783408800,1344.7,1345.0,1342.8,1344.1,68046
1783409100,1344.1,1344.8,1343.0,1344.7,54443
1783409400,1344.5,1345.7,1344.4,1345.4,34736
1783409700,1345.4,1345.5,1344.5,1344.8,23524
1783410000,1344.9,1345.2,1344.1,1345.0,26359
1783410300,1344.9,1345.0,1344.4,1344.6,18131
1783410600,1344.6,1345.0,1344.3,1344.3,21847
1783410900,1344.6,1344.8,1342.8,1343.3,33891
1783411200,1343.3,1344.4,1342.3,1342.7,32543
1783411500,1342.7,1343.5,1340.3,1341.1,48076
1783411800,1341.1,1342.1,1340.8,1341.6,38806
1783412100,1341.6,1342.8,1341.5,1341.9,38395
1783412400,1342.2,1343.1,1341.3,1341.5,38560
1783412700,1341.5,1342.1,1341.2,1341.6,36077
1783413000,1341.6,1342.1,1341.2,1341.3,26558
1783413300,1341.2,1343.6,1341.2,1342.5,68496
1783413600,1342.5,1342.8,1341.7,1342.5,33412
1783413900,1342.5,1344.9,1342.4,1344.3,39391
1783414200,1344.5,1344.5,1342.6,1342.6,35887
1783414500,1342.9,1344.5,1342.5,1343.7,37402
1783414800,1343.7,1345.2,1343.5,1344.3,33416
1783415100,1344.7,1345.0,1344.0,1344.8,80245
1783415400,1344.7,1345.4,1344.1,1345.0,39186
1783415700,1345.1,1346.5,1344.4,1344.8,72822
1783416000,1344.6,1345.4,1344.3,1344.7,49323
1783416300,1345.0,1345.4,1343.8,1344.6,55206
1783416600,1344.8,1345.0,1342.0,1342.9,114470
1783416900,1342.8,1343.5,1342.0,1342.7,186758
1783417200,1342.7,1343.0,1339.0,1339.7,133639
1783417500,1339.7,1341.4,1339.5,1340.2,123539
1783417800,1340.2,1340.4,1339.2,1339.3,104429
1783418100,1339.3,1339.6,1336.2,1336.2,92996
1783482300,1344.0,1344.0,1330.3,1331.0,239485
1783482600,1331.0,1333.8,1329.7,1332.2,77328
1783482900,1332.5,1333.7,1331.9,1333.1,47993
1783483200,1332.8,1332.8,1328.5,1330.7,81976
1783483500,1330.7,1331.9,1330.0,1331.3,33599
1783483800,1331.5,1331.8,1330.2,1331.3,30941
1783484100,1331.3,1333.7,1331.0,1333.0,71833
1783484400,1333.0,1335.8,1332.0,1333.6,97843
1783484700,1333.8,1333.8,1330.4,1330.7,49858
1783485000,1330.7,1331.5,1330.1,1330.6,28910
1783485300,1330.9,1332.6,1330.5,1331.4,50643
1783485600,1331.4,1333.6,1330.9,1331.9,44038
1783485900,1331.5,1333.7,1331.0,1333.0,48995
1783486200,1333.6,1333.6,1330.9,1331.2,21258
1783486500,1331.3,1332.3,1330.6,1331.7,23983
1783486800,1332.0,1332.4,1331.4,1332.1,36857
1783487100,1332.1,1334.9,1331.6,1334.3,63609
1783487400,1334.3,1334.7,1332.6,1333.0,34064
1783487700,1333.0,1333.0,1331.3,1332.0,29487
1783488000,1332.0,1333.8,1331.5,1332.7,48666
1783488300,1332.7,1333.2,1331.6,1332.1,17659
1783488600,1332.1,1332.8,1331.0,1331.3,27624
1783488900,1331.2,1332.3,1331.1,1331.7,25010
1783489200,1331.7,1331.7,1330.1,1330.8,61509
1783489500,1330.9,1330.9,1328.2,1329.8,78146
1783489800,1329.9,1330.6,1329.0,1330.5,102236
1783490100,1330.6,1330.8,1329.2,1329.8,20595
1783490400,1329.8,1330.3,1324.1,1329.0,107984
1783490700,1329.0,1329.3,1324.5,1324.8,90561
1783491000,1325.1,1325.1,1319.1,1320.4,164028
1783491300,1320.8,1322.7,1318.2,1319.1,117048
1783491600,1319.1,1319.3,1314.4,1315.0,158682
1783491900,1315.0,1320.9,1314.5,1318.7,276634
1783492200,1318.6,1323.0,1317.8,1322.2,125584
1783492500,1322.3,1324.4,1322.2,1323.8,113387
1783492800,1323.0,1325.2,1319.0,1319.0,110047
1783493100,1319.6,1320.6,1317.3,1319.5,69266
1783493400,1319.5,1320.5,1318.0,1318.2,23675
1783493700,1318.3,1319.3,1316.5,1317.0,30936
1783494000,1317.1,1321.2,1316.1,1320.0,197671
1783494300,1320.0,1324.8,1320.0,1323.9,122308
1783494600,1324.3,1325.3,1323.0,1323.3,45866
1783494900,1323.4,1325.0,1323.3,1323.9,54060
1783495200,1324.0,1324.7,1323.7,1324.4,50288
1783495500,1324.4,1329.1,1323.9,1327.0,183975
1783495800,1326.9,1336.7,1326.9,1336.4,179810
1783496100,1336.5,1339.0,1335.6,1337.7,62968
1783496400,1337.9,1337.9,1332.5,1333.0,357736
1783496700,1333.2,1334.8,1331.4,1333.9,65515
1783497000,1334.0,1334.5,1332.1,1333.0,55781
1783497300,1333.1,1333.5,1331.9,1332.2,36420
1783497600,1332.3,1333.3,1330.9,1331.6,35739
1783497900,1331.6,1332.8,1331.2,1332.1,33103
1783498200,1332.4,1332.7,1330.6,1332.5,40597
1783498500,1332.2,1333.8,1326.8,1329.4,60370
1783498800,1329.3,1330.0,1322.1,1322.8,103360
1783499100,1322.8,1324.8,1322.0,1322.5,47698
1783499400,1323.1,1324.1,1322.0,1322.4,122852
1783499700,1322.2,1322.4,1317.3,1317.9,170072
1783500000,1317.9,1317.9,1309.5,1311.4,134421
1783500300,1311.5,1315.2,1309.1,1312.1,77785
1783500600,1312.1,1314.3,1311.1,1313.4,34869
1783500900,1313.3,1313.9,1306.4,1306.9,87597
1783501200,1307.1,1311.1,1306.0,1308.5,92322
1783501500,1308.8,1310.0,1306.3,1308.3,73228
1783501800,1308.6,1308.9,1305.2,1306.6,121554
1783502100,1306.4,1307.1,1304.2,1307.0,135600
1783502400,1307.0,1308.3,1304.0,1306.4,126618
1783502700,1306.5,1308.4,1305.6,1307.0,98031
1783503000,1307.6,1311.6,1305.9,1306.2,211943
1783503300,1306.2,1308.4,1305.3,1307.4,148476
1783503600,1307.4,1310.3,1306.5,1309.3,175567
1783503900,1309.3,1312.8,1309.3,1310.6,144415
1783504200,1310.7,1314.0,1310.6,1312.0,166308
1783504500,1312.0,1312.6,1309.8,1311.0,79623
1783568700,1312.9,1321.1,1310.0,1320.5,158653
1783569000,1320.8,1321.6,1318.7,1320.2,34763
1783569300,1321.0,1321.5,1318.0,1318.1,32944
1783569600,1318.1,1319.7,1314.8,1316.7,34103
1783569900,1316.7,1317.0,1313.5,1314.8,30685
1783570200,1315.1,1315.6,1311.7,1313.1,27608
1783570500,1313.3,1316.5,1313.0,1314.9,20923
1783570800,1314.9,1315.3,1313.2,1313.2,13245
1783571100,1313.0,1315.8,1313.0,1314.9,21349
1783571400,1314.6,1318.3,1314.6,1315.6,32225
1783571700,1315.6,1316.2,1315.0,1315.0,16616
1783572000,1315.5,1315.9,1314.5,1315.7,13261
1783572300,1315.4,1315.6,1314.0,1314.7,10398
1783572600,1314.5,1315.0,1313.1,1313.9,18334
1783572900,1313.9,1314.4,1310.7,1311.6,29410
1783573200,1311.6,1311.7,1308.2,1308.4,25007
1783573500,1307.9,1308.8,1305.3,1305.9,29324
1783573800,1306.6,1315.7,1306.2,1309.7,322167
1783574100,1309.7,1309.7,1303.8,1304.3,60323
1783574400,1304.2,1306.3,1303.3,1305.9,33364
1783574700,1306.1,1306.1,1303.9,1303.9,34206
1783575000,1303.9,1306.1,1301.7,1305.6,41362
1783575300,1305.7,1306.1,1304.0,1305.0,23128
1783575600,1305.0,1306.0,1303.8,1305.3,46968
1783575900,1305.3,1309.5,1303.3,1309.5,44775
1783576200,1309.5,1313.5,1308.4,1312.7,201128
1783576500,1312.6,1320.0,1312.0,1317.9,361825
1783576800,1318.0,1318.0,1313.0,1316.2,73835
1783577100,1316.4,1316.7,1313.3,1314.0,30503
1783577400,1314.0,1316.9,1313.3,1315.2,46912
1783577700,1315.4,1315.4,1312.6,1313.6,19401
1783578000,1314.1,1314.1,1311.5,1312.0,23950
1783578300,1312.2,1314.1,1310.7,1311.3,51435
1783578600,1311.3,1313.4,1310.3,1312.0,31240
1783578900,1312.0,1312.0,1309.6,1309.6,23137
1783579200,1309.8,1310.5,1308.1,1309.7,31341
1783579500,1309.7,1310.2,1306.5,1306.5,32679
1783579800,1306.6,1308.3,1306.0,1308.1,35264
1783580100,1308.3,1310.6,1306.9,1307.8,76996
1783580400,1307.9,1307.9,1305.3,1305.3,36785
1783580700,1305.7,1305.7,1304.3,1304.6,33745
1783581000,1304.7,1304.9,1300.4,1302.6,266493
1783581300,1303.0,1303.8,1300.1,1301.8,301158
1783581600,1301.7,1305.6,1301.1,1304.6,74505
1783581900,1304.4,1305.1,1303.8,1304.3,51198
1783582200,1304.3,1305.4,1303.2,1304.1,81010
1783582500,1304.1,1305.4,1303.5,1304.7,38127
1783582800,1304.6,1305.1,1304.3,1305.0,37651
1783583100,1304.9,1305.0,1303.9,1304.3,28009
1783583400,1304.2,1304.4,1301.9,1301.9,44539
1783583700,1301.5,1303.9,1301.0,1303.6,46583
1783584000,1303.4,1305.0,1303.4,1305.0,36612
1783584300,1305.0,1306.5,1304.3,1305.3,89213
1783584600,1305.7,1305.7,1303.3,1304.6,86733
1783584900,1304.6,1305.4,1303.4,1303.9,30346
1783585200,1303.9,1304.7,1303.1,1304.3,36386
1783585500,1304.3,1304.8,1303.3,1304.1,34803
1783585800,1304.1,1304.2,1302.3,1302.8,48952
1783586100,1302.9,1304.0,1302.4,1303.0,56590
1783586400,1303.0,1303.9,1301.8,1303.5,60304
1783586700,1303.6,1304.6,1302.6,1303.3,35609
1783587000,1303.3,1304.1,1302.0,1304.1,37452
1783587300,1304.0,1304.5,1302.3,1303.6,51859
1783587600,1303.3,1304.7,1303.1,1304.0,71563
1783587900,1304.0,1304.3,1301.3,1302.5,131468
1783588200,1302.3,1302.7,1298.8,1299.0,282588
1783588500,1299.2,1300.1,1298.1,1299.2,66622
1783588800,1298.7,1299.9,1298.7,1299.5,43859
1783589100,1299.6,1300.0,1298.4,1299.4,44321
1783589400,1298.3,1298.6,1294.7,1294.9,189247
1783589700,1294.9,1296.7,1292.2,1296.0,223393
1783590000,1295.8,1296.1,1294.8,1295.1,103780
1783590300,1295.1,1298.5,1295.1,1297.0,174412
1783590600,1296.9,1302.0,1296.6,1301.5,242325
1783590900,1301.2,1303.0,1300.5,1301.9,163574
1783655100,1304.0,1312.3,1303.9,1309.1,116806
1783655400,1309.1,1314.7,1309.0,1313.2,39593
1783655700,1313.0,1314.3,1312.2,1313.8,27461
1783656000,1314.0,1318.8,1313.9,1318.8,75751
1783656300,1318.9,1323.0,1318.5,1320.0,84938
1783656600,1320.0,1321.1,1318.1,1319.0,29705
1783656900,1319.3,1320.3,1318.7,1320.1,38570
1783657200,1320.2,1320.2,1318.5,1319.4,14040
1783657500,1319.4,1320.3,1319.0,1320.2,31383
1783657800,1320.2,1321.9,1318.2,1318.3,45401
1783658100,1318.7,1320.0,1318.4,1318.9,19569
1783658400,1318.9,1318.9,1317.0,1317.7,19524
1783658700,1317.7,1318.3,1316.4,1318.3,19214
1783659000,1318.3,1318.9,1318.0,1318.6,16058
1783659300,1318.6,1318.8,1317.2,1318.5,17261
1783659600,1318.9,1318.9,1317.6,1318.0,15087
1783659900,1318.0,1318.9,1317.7,1318.8,12958
1783660200,1318.8,1319.0,1317.7,1317.9,29366
1783660500,1317.8,1320.1,1317.1,1320.1,29700
1783660800,1320.0,1323.9,1319.2,1319.2,65761
1783661100,1319.2,1320.6,1317.9,1318.9,37017
1783661400,1318.8,1319.7,1317.4,1319.0,51027
1783661700,1319.5,1320.7,1319.1,1320.6,59163
1783662000,1320.1,1321.5,1318.9,1319.4,158574
1783662300,1319.0,1320.0,1317.0,1317.0,55739
1783662600,1317.3,1318.3,1316.9,1317.4,28677
1783662900,1317.6,1318.1,1315.3,1315.6,38323
1783663200,1316.0,1317.5,1315.6,1317.3,22253
1783663500,1317.2,1317.4,1315.6,1316.3,37295
1783663800,1316.3,1316.4,1315.2,1315.7,15962
1783664100,1316.0,1317.0,1315.5,1316.6,15235
1783664400,1316.4,1316.8,1315.1,1315.5,20325
1783664700,1315.7,1317.1,1315.2,1315.8,21375
1783665000,1316.0,1318.2,1315.7,1317.2,40048
1783665300,1317.1,1317.8,1316.5,1317.6,15204
1783665600,1317.5,1317.7,1315.6,1315.7,15982
1783665900,1315.9,1316.0,1314.3,1315.0,26104
1783666200,1315.0,1316.8,1315.0,1316.8,41389
1783666500,1316.8,1317.7,1316.5,1316.5,28583
1783666800,1316.5,1317.5,1315.4,1317.0,23538
1783667100,1317.0,1317.1,1315.7,1316.9,28292
1783667400,1316.9,1318.0,1316.1,1317.2,28013
1783667700,1317.3,1318.1,1316.5,1318.1,20790
1783668000,1318.1,1322.6,1317.6,1321.5,138438
1783668300,1321.5,1323.3,1319.6,1321.4,201888
1783668600,1321.7,1322.0,1319.1,1320.7,32897
1783668900,1320.5,1322.1,1319.7,1319.7,26299
1783669200,1319.9,1321.0,1318.2,1319.8,19752
1783669500,1319.9,1320.0,1319.3,1319.3,11278
1783669800,1319.4,1319.4,1317.5,1318.9,23894
1783670100,1318.9,1321.2,1318.9,1320.2,33691
1783670400,1320.5,1321.0,1319.2,1320.3,21388
1783670700,1320.3,1320.7,1319.5,1320.2,29537
1783671000,1320.3,1321.1,1320.2,1320.8,13627
1783671300,1321.0,1322.6,1320.1,1320.3,76832
1783671600,1320.5,1321.3,1318.3,1320.5,36448
1783671900,1320.5,1321.0,1318.5,1319.5,18871
1783672200,1319.6,1320.0,1317.9,1318.6,16582
1783672500,1318.6,1318.8,1317.3,1318.0,16403
1783672800,1318.2,1319.7,1317.9,1319.7,15045
1783673100,1319.7,1320.0,1318.8,1319.3,14894
1783673400,1319.1,1320.0,1318.9,1319.3,15322
1783673700,1319.4,1320.0,1318.6,1320.0,22248
1783674000,1320.0,1320.2,1318.4,1319.1,27511
1783674300,1319.3,1319.6,1318.1,1319.6,23758
1783674600,1319.6,1319.6,1318.2,1318.8,23085
1783674900,1318.7,1322.0,1318.4,1320.7,35900
1783675200,1320.8,1320.8,1319.1,1320.4,35064
1783675500,1320.3,1326.6,1320.1,1324.9,240656
1783675800,1324.9,1325.5,1322.3,1322.5,144469
1783676100,1322.3,1324.3,1322.3,1324.2,103900
1783676400,1324.2,1325.5,1323.7,1324.2,107637
1783676700,1324.0,1324.5,1322.4,1324.5,97145
1783677000,1324.5,1325.3,1322.7,1325.2,200950
1783677300,1325.0,1325.2,1322.5,1323.7,137386
1783914300,1315.9,1322.5,1313.5,1318.5,113810
1783914600,1318.2,1319.0,1317.2,1317.5,50581
1783914900,1317.5,1320.4,1317.5,1318.1,54476
1783915200,1318.0,1321.3,1317.4,1320.9,50069
1783915500,1320.8,1327.4,1320.8,1326.0,89465
1783915800,1325.9,1328.6,1325.8,1328.5,91475
1783916100,1328.5,1329.8,1326.9,1329.3,53372
1783916400,1329.8,1329.9,1327.0,1327.6,43872
1783916700,1327.6,1328.9,1327.2,1328.6,23755
1783917000,1328.6,1328.9,1326.5,1326.9,83225
1783917300,1326.8,1327.1,1325.0,1325.0,34201
1783917600,1325.1,1326.1,1324.7,1325.8,33400
1783917900,1325.9,1326.3,1323.5,1325.8,112279
1783918200,1325.9,1327.0,1325.3,1325.9,34828
1783918500,1325.6,1327.2,1325.6,1326.7,23441
1783918800,1326.8,1327.2,1325.1,1327.1,21064
1783919100,1326.8,1327.2,1324.7,1325.1,25463
1783919400,1325.1,1325.4,1323.5,1324.1,16014
1783919700,1324.0,1324.4,1322.1,1322.5,27341
1783920000,1322.9,1322.9,1319.8,1320.2,37669
1783920300,1320.2,1322.0,1319.5,1321.8,18957
1783920600,1322.1,1323.0,1320.4,1323.0,33474
1783920900,1323.0,1323.2,1321.9,1322.1,19498
1783921200,1322.1,1323.6,1321.6,1323.2,23164
1783921500,1322.8,1323.1,1320.7,1321.1,26127
1783921800,1321.1,1323.4,1321.0,1321.4,13772
1783922100,1321.2,1322.4,1320.5,1321.5,34242
1783922400,1321.9,1322.3,1319.5,1320.1,54953
1783922700,1320.2,1320.4,1318.4,1318.4,33612
1783923000,1318.4,1319.2,1315.2,1316.5,52727
1783923300,1316.5,1317.6,1316.0,1317.2,22930
1783923600,1317.2,1318.1,1316.5,1317.6,30517
1783923900,1317.1,1317.7,1314.1,1315.1,51204
1783924200,1315.0,1317.0,1315.0,1315.8,22632
1783924500,1315.6,1318.1,1315.6,1317.8,16348
1783924800,1317.9,1320.1,1316.1,1319.3,40223
1783925100,1319.3,1323.8,1318.6,1322.9,91869
1783925400,1322.9,1322.9,1320.0,1321.5,49585
1783925700,1321.1,1322.7,1320.5,1322.6,23055
1783926000,1322.7,1323.0,1321.2,1322.3,28434
1783926300,1322.3,1322.6,1320.7,1322.0,15717
1783926600,1322.2,1322.9,1321.4,1322.3,26544
1783926900,1322.0,1323.0,1321.8,1322.9,20455
1783927200,1323.0,1326.4,1322.4,1322.8,75241
1783927500,1322.7,1322.8,1319.6,1320.6,40618
1783927800,1320.4,1320.6,1318.2,1318.8,19214
1783928100,1318.6,1321.3,1318.2,1320.3,35731
1783928400,1320.3,1321.4,1319.9,1320.7,25764
1783928700,1320.7,1320.9,1318.8,1320.4,38209
1783929000,1320.4,1320.7,1318.0,1318.4,35454
1783929300,1318.4,1318.8,1315.7,1316.7,22607
1783929600,1316.6,1318.0,1316.5,1316.8,29445
1783929900,1317.0,1318.2,1316.4,1317.6,51470
1783930200,1317.4,1318.0,1316.4,1317.0,25696
1783930500,1317.0,1317.8,1316.8,1317.7,16872
1783930800,1317.8,1318.0,1316.4,1316.6,18264
1783931100,1316.2,1317.4,1316.0,1317.2,20504
1783931400,1317.2,1317.6,1315.8,1316.7,32074
1783931700,1316.6,1317.8,1316.5,1317.3,44134
1783932000,1317.3,1318.0,1316.6,1317.5,34181
1783932300,1317.4,1318.8,1317.4,1318.8,24242
1783932600,1318.8,1320.4,1318.2,1320.0,59918
1783932900,1320.3,1321.6,1319.4,1321.3,34040
1783933200,1321.3,1321.5,1320.0,1321.5,30919
1783933500,1321.4,1321.5,1319.6,1320.3,37123
1783933800,1320.0,1321.4,1319.7,1320.7,31169
1783934100,1320.8,1321.5,1320.4,1320.9,19615
1783934400,1320.9,1322.7,1320.9,1322.3,35457
1783934700,1322.5,1322.5,1320.1,1320.5,39865
1783935000,1320.4,1320.7,1319.5,1320.2,217939
1783935300,1320.0,1320.8,1319.7,1319.8,138752
1783935600,1319.7,1319.8,1318.5,1319.4,184132
1783935900,1319.5,1319.7,1318.4,1318.5,124154
1783936200,1318.3,1319.8,1318.1,1318.9,192347
1783936500,1318.8,1322.1,1318.5,1321.2,156130
1784000700,1320.1,1321.8,1314.8,1317.0,147960
1784001000,1317.1,1318.4,1313.6,1314.4,51885
1784001300,1314.2,1314.3,1311.1,1311.8,59632
1784001600,1311.8,1311.8,1309.1,1309.1,53622
1784001900,1309.7,1309.7,1305.8,1309.3,59537
1784002200,1309.1,1309.8,1306.0,1307.0,31128
1784002500,1306.8,1306.9,1303.1,1304.0,54919
1784002800,1303.8,1305.0,1303.0,1304.0,31870
1784003100,1304.0,1306.2,1303.9,1305.8,32401
1784003400,1305.9,1306.0,1304.1,1305.6,26667
1784003700,1305.7,1306.9,1304.3,1306.1,21393
1784004000,1306.0,1306.6,1304.6,1305.0,15283
1784004300,1305.0,1305.4,1301.0,1301.5,45131
1784004600,1301.5,1302.4,1300.0,1300.8,33697
1784004900,1301.0,1301.0,1299.1,1300.1,50576
1784005200,1300.1,1302.5,1299.7,1302.1,41284
1784005500,1302.0,1302.4,1299.2,1300.0,14679
1784005800,1300.0,1300.9,1299.6,1300.9,46204
1784006100,1300.6,1305.9,1298.6,1304.9,156283
1784006400,1304.7,1306.8,1303.0,1303.0,34105
1784006700,1303.2,1305.8,1303.0,1303.1,30109
1784007000,1303.0,1305.1,1302.9,1303.3,30428
1784007300,1303.4,1304.7,1302.5,1304.3,15613
1784007600,1304.3,1306.3,1303.8,1305.4,17938
1784007900,1305.5,1305.8,1304.1,1304.9,12721
1784008200,1305.0,1310.9,1304.8,1310.2,56032
1784008500,1310.2,1310.9,1309.1,1310.3,20715
1784008800,1310.8,1311.9,1310.2,1311.5,23965
1784009100,1312.1,1312.6,1310.5,1311.4,21771
1784009400,1311.6,1312.0,1309.6,1311.4,27738
1784009700,1311.5,1311.7,1309.7,1311.1,17061
1784010000,1311.4,1312.2,1310.0,1310.4,13856
1784010300,1310.8,1311.4,1310.2,1310.4,27423
1784010600,1310.9,1312.5,1310.4,1311.8,12445
1784010900,1312.0,1312.0,1310.1,1310.8,29512
1784011200,1310.8,1312.6,1310.4,1311.3,23884
1784011500,1311.5,1311.5,1307.4,1309.6,35044
1784011800,1309.9,1311.4,1308.2,1310.3,13800
1784012100,1310.8,1311.2,1307.3,1307.8,11203
1784012400,1308.0,1309.0,1306.3,1307.0,32899
1784012700,1307.5,1310.2,1306.6,1309.8,19247
1784013000,1309.5,1311.6,1309.5,1311.0,15677
1784013300,1310.9,1312.0,1310.5,1311.3,17819
1784013600,1311.7,1312.3,1310.5,1311.8,19727
1784013900,1311.7,1313.3,1311.0,1311.5,37075
1784014200,1311.4,1311.8,1309.6,1309.9,51903
1784014500,1309.9,1311.5,1309.6,1310.9,33634
1784014800,1311.0,1311.6,1309.8,1310.6,66966
1784015100,1310.4,1311.4,1307.0,1310.1,241557
1784015400,1310.1,1314.0,1310.1,1313.1,78155
1784015700,1313.3,1313.3,1310.0,1311.3,33108
1784016000,1310.8,1311.5,1308.5,1309.3,31141
1784016300,1309.4,1309.6,1305.5,1306.8,47254
1784016600,1305.9,1308.0,1305.6,1306.5,71801
1784016900,1306.8,1308.8,1306.2,1306.9,42793
1784017200,1306.9,1309.8,1304.4,1308.0,40011
1784017500,1308.5,1310.9,1308.2,1310.4,55096
1784017800,1310.4,1311.6,1310.0,1311.3,40661
1784018100,1310.6,1311.9,1310.0,1310.9,55896
1784018400,1310.9,1317.3,1310.3,1315.8,210064
1784018700,1315.7,1318.3,1315.5,1317.2,122259
1784019000,1317.1,1317.1,1315.0,1316.3,70280
1784019300,1316.5,1316.7,1315.1,1315.7,125048
1784019600,1315.7,1318.1,1315.0,1317.7,64532
1784019900,1317.5,1318.4,1316.0,1318.0,59577
1784020200,1318.0,1319.8,1317.4,1319.7,138495
1784020500,1319.6,1320.0,1316.9,1319.1,189946
1784020800,1319.1,1320.6,1317.0,1318.5,173040
1784021100,1319.0,1320.4,1317.2,1319.1,132564
1784021400,1319.2,1320.8,1319.0,1319.0,168050
1784021700,1319.5,1321.3,1318.9,1320.2,597085
1784022000,1320.5,1323.7,1315.8,1317.2,251333
1784022300,1317.5,1317.5,1313.5,1315.7,480470
1784022600,1315.7,1318.7,1314.0,1318.6,571644
1784022900,1318.5,1319.3,1314.0,1318.5,117300
1784087100,1328.0,1337.5,1323.3,1336.5,690925
1784087400,1336.5,1341.7,1334.8,1339.4,716056
1784087700,1339.4,1343.9,1338.3,1342.0,422370
1784088000,1342.0,1348.0,1341.8,1342.1,589278
1784088300,1342.1,1343.4,1338.4,1339.3,172059
1784088600,1339.2,1341.7,1338.5,1340.0,141995
1784088900,1340.4,1342.8,1339.5,1339.9,104615
1784089200,1340.0,1342.9,1339.6,1342.8,51290
1784089500,1342.8,1344.7,1341.4,1342.0,112483
1784089800,1341.9,1342.1,1340.1,1341.2,85085
1784090100,1341.2,1341.9,1339.7,1341.3,46101
1784090400,1340.9,1341.9,1339.8,1339.9,65677
1784090700,1340.0,1340.0,1336.6,1336.7,154509
1784091000,1336.4,1339.8,1336.3,1338.2,56212
1784091300,1338.2,1339.8,1337.2,1338.0,42815
1784091600,1338.2,1338.9,1337.4,1337.4,29979
1784091900,1337.5,1338.5,1336.4,1337.9,27654
1784092200,1337.9,1338.0,1337.0,1337.7,19711
1784092500,1337.8,1339.2,1337.5,1338.4,51446
1784092800,1338.6,1338.8,1335.7,1336.3,39179
1784093100,1336.0,1336.8,1335.3,1336.0,34335
1784093400,1336.0,1336.0,1334.4,1335.2,48648
1784093700,1335.3,1335.5,1332.5,1333.5,56712
1784094000,1333.6,1336.2,1332.6,1335.8,62294
1784094300,1335.6,1345.0,1335.6,1344.0,229218
1784094600,1343.6,1346.4,1341.5,1346.4,390812
1784094900,1346.5,1347.9,1343.0,1343.7,154227
1784095200,1343.4,1345.1,1340.8,1341.2,99381
1784095500,1341.2,1341.7,1325.5,1327.9,126796
1784095800,1328.1,1329.0,1308.1,1309.3,277435
1784096100,1309.7,1319.0,1309.7,1314.8,170681
1784096400,1314.8,1324.9,1310.5,1323.4,177518
1784096700,1323.5,1330.2,1323.3,1329.7,98127
1784097000,1330.4,1331.8,1327.1,1329.6,61373
1784097300,1329.2,1330.7,1328.2,1329.0,57148
1784097600,1329.2,1329.7,1326.1,1326.1,34822
1784097900,1326.0,1328.3,1322.5,1322.6,52565
1784098200,1322.7,1324.5,1322.0,1323.6,21980
1784098500,1323.7,1324.4,1318.3,1318.9,64862
1784098800,1319.3,1323.2,1318.3,1323.2,67834
1784099100,1323.2,1324.0,1321.0,1322.4,235633
1784099400,1322.2,1323.5,1318.7,1320.5,79553
1784099700,1320.8,1322.2,1318.5,1320.2,59396
1784100000,1320.3,1321.9,1317.8,1318.1,26803
1784100300,1318.1,1319.4,1310.5,1315.3,185772
1784100600,1314.8,1315.3,1312.0,1313.9,73341
1784100900,1313.6,1315.0,1309.9,1309.9,68342
1784101200,1310.0,1312.8,1309.0,1312.5,66659
1784101500,1312.2,1316.3,1311.2,1315.0,58790
1784101800,1314.9,1315.5,1313.5,1313.7,35379
1784102100,1314.1,1314.6,1311.4,1312.5,24389
1784102400,1312.5,1313.4,1311.1,1312.6,32241
1784102700,1312.8,1313.8,1309.7,1310.2,38164
1784103000,1310.3,1310.6,1307.6,1309.5,38738
1784103300,1309.5,1311.2,1309.3,1311.0,28362
1784103600,1311.2,1311.9,1306.2,1306.4,185263
1784103900,1306.7,1309.9,1306.1,1309.8,37726
1784104200,1310.0,1310.0,1307.0,1307.8,34469
1784104500,1308.1,1309.5,1306.6,1308.1,63012
1784104800,1308.0,1308.2,1305.1,1307.5,487513
1784105100,1307.5,1308.2,1303.3,1305.6,171362
1784105400,1305.7,1308.4,1305.2,1307.0,84073
1784105700,1307.0,1307.9,1306.0,1307.6,41031
1784106000,1307.6,1308.8,1306.3,1307.1,125274
1784106300,1307.6,1311.7,1306.3,1310.6,68749
1784106600,1310.8,1312.0,1308.9,1311.7,73510
1784106900,1311.8,1313.2,1309.7,1310.2,70786
1784107200,1310.2,1312.3,1309.7,1311.6,377292
1784107500,1311.8,1311.8,1309.6,1309.9,41141
1784107800,1309.8,1312.9,1309.3,1312.1,96555
1784108100,1311.9,1312.8,1311.2,1311.7,74356
1784108400,1311.6,1312.5,1311.0,1312.4,73771
1784108700,1312.2,1313.9,1311.9,1313.9,100197
1784109000,1314.0,1314.4,1312.4,1313.3,112290
1784109300,1313.3,1313.9,1310.1,1311.9,76748
1784173500,1315.1,1315.5,1304.9,1305.8,231787
1784173800,1305.7,1307.9,1303.4,1306.8,65172
1784174100,1307.0,1307.6,1306.1,1307.3,32802
1784174400,1307.6,1307.8,1306.2,1306.5,64268
1784174700,1307.0,1307.6,1305.0,1305.4,48545
1784175000,1305.4,1307.5,1304.5,1307.5,28251
1784175300,1307.5,1307.6,1305.9,1306.0,27695
1784175600,1306.1,1307.3,1306.0,1306.9,14848
1784175900,1306.8,1308.4,1306.5,1307.8,35656
1784176200,1307.8,1307.9,1306.5,1306.9,26998
1784176500,1307.0,1307.8,1306.2,1307.4,43093
1784176800,1307.7,1308.4,1306.4,1306.5,34143
1784177100,1306.6,1306.8,1306.0,1306.7,30591
1784177400,1306.7,1307.2,1305.3,1305.4,22216
1784177700,1305.6,1305.9,1302.5,1305.9,73844
1784178000,1305.8,1305.9,1303.8,1304.8,30681
1784178300,1304.8,1305.4,1301.0,1302.0,110850
1784178600,1302.0,1302.9,1300.9,1302.2,58818
1784178900,1302.1,1302.8,1301.5,1302.0,35005
1784179200,1302.0,1303.0,1301.6,1302.9,23440
1784179500,1303.0,1304.9,1302.6,1304.8,29746
1784179800,1305.1,1309.2,1305.0,1308.7,89724
1784180100,1308.7,1309.4,1306.5,1307.1,47900
1784180400,1307.5,1308.3,1306.1,1306.9,35992
1784180700,1306.9,1307.0,1304.6,1304.8,27156
1784181000,1304.8,1306.2,1304.2,1304.7,36530
1784181300,1304.7,1304.7,1301.8,1303.0,33494
1784181600,1303.3,1304.0,1302.1,1302.1,65447
1784181900,1302.3,1304.0,1301.6,1303.6,29109
1784182200,1303.8,1304.2,1301.5,1301.6,43653
1784182500,1302.0,1302.6,1301.5,1301.7,30675
1784182800,1301.6,1301.7,1300.4,1301.3,27385
1784183100,1300.5,1301.4,1299.5,1300.3,121382
1784183400,1300.4,1300.4,1299.5,1300.1,61262
1784183700,1300.3,1303.4,1300.0,1302.0,111097
1784184000,1302.0,1302.9,1299.6,1300.0,163963
1784184300,1300.1,1300.9,1299.9,1300.9,52827
1784184600,1300.9,1300.9,1299.6,1300.4,67163
1784184900,1300.7,1304.0,1300.7,1303.6,34925
1784185200,1303.2,1303.6,1302.4,1303.2,20453
1784185500,1303.3,1304.6,1302.7,1303.9,24660
1784185800,1304.0,1304.2,1301.8,1303.6,21754
1784186100,1303.6,1304.7,1303.0,1304.2,21750
1784186400,1304.2,1304.6,1303.3,1303.6,14861
1784186700,1303.7,1305.0,1303.6,1305.0,14596
1784187000,1304.7,1305.6,1303.4,1305.5,21579
1784187300,1305.7,1306.2,1304.5,1304.7,22792
1784187600,1304.6,1304.9,1303.4,1303.6,11977
1784187900,1303.6,1304.0,1302.7,1303.7,36951
1784188200,1303.7,1304.0,1303.0,1303.2,11017
1784188500,1303.2,1303.2,1301.4,1302.3,26652
1784188800,1302.3,1302.5,1300.1,1301.9,30808
1784189100,1301.9,1301.9,1299.4,1299.9,20557
1784189400,1300.0,1300.7,1299.4,1299.7,21121
1784189700,1299.8,1301.8,1299.6,1299.6,60886
1784190000,1300.0,1301.0,1299.6,1300.4,14851
1784190300,1300.5,1302.2,1299.7,1301.4,48267
1784190600,1301.4,1301.6,1300.8,1301.2,11224
1784190900,1301.2,1301.8,1300.7,1301.5,25918
1784191200,1301.0,1301.5,1300.0,1300.6,17621
1784191500,1300.6,1302.5,1300.0,1302.1,19445
1784191800,1302.2,1302.2,1300.2,1300.5,49990
1784192100,1300.5,1301.2,1300.0,1301.0,27770
1784192400,1301.1,1303.6,1301.0,1303.0,130450
1784192700,1303.1,1304.5,1303.0,1304.5,85284
1784193000,1304.5,1305.5,1303.0,1305.4,76365
1784193300,1305.5,1306.7,1305.1,1305.1,54526
1784193600,1305.2,1305.7,1304.2,1305.6,38619
1784193900,1305.7,1309.9,1305.5,1309.0,82988
1784194200,1309.0,1310.8,1306.7,1306.9,288549
1784194500,1306.9,1308.8,1306.3,1308.3,220814
1784194800,1308.3,1309.5,1307.2,1308.0,358786
1784195100,1308.1,1308.4,1305.5,1305.9,141018
1784195400,1305.8,1306.9,1303.1,1303.3,262078
1784195700,1303.7,1311.5,1303.0,1308.5,509434
1784259900,1307.0,1314.8,1305.0,1311.7,237881
1784260200,1311.5,1312.2,1309.1,1310.4,71755
1784260500,1310.7,1312.7,1309.4,1312.6,55820
1784260800,1313.2,1319.5,1312.8,1318.9,97802
1784261100,1318.8,1323.4,1318.6,1323.4,134872
1784261400,1323.4,1324.1,1320.1,1321.2,105724
1784261700,1321.4,1323.7,1318.7,1320.2,115898
1784262000,1320.3,1320.3,1317.1,1318.0,107352
1784262300,1318.0,1318.0,1315.2,1316.9,67135
1784262600,1317.0,1317.8,1315.6,1316.0,47860
1784262900,1316.0,1317.2,1314.3,1317.2,68210
1784263200,1317.1,1320.7,1316.9,1319.8,68042
1784263500,1319.8,1326.5,1319.8,1326.5,130273
1784263800,1326.3,1328.4,1324.8,1327.5,76017
1784264100,1327.6,1331.7,1327.1,1327.6,402503
1784264400,1327.6,1332.5,1327.1,1332.1,132770
1784264700,1332.2,1332.6,1327.3,1328.9,136162
1784265000,1328.7,1329.6,1327.5,1329.0,268184
1784265300,1329.0,1329.0,1324.9,1326.4,160446
1784265600,1326.4,1327.9,1325.6,1326.7,93699
1784265900,1326.4,1328.5,1325.6,1326.7,86387
1784266200,1326.8,1327.8,1325.8,1326.1,84142
1784266500,1326.1,1327.5,1325.0,1326.0,68044
1784266800,1326.0,1326.9,1323.5,1324.1,104155
1784267100,1323.9,1324.2,1321.3,1322.0,37562
1784267400,1322.0,1323.4,1320.7,1322.2,67576
1784267700,1322.1,1323.5,1320.4,1322.7,71918
1784268000,1322.7,1324.0,1322.3,1324.0,38954
1784268300,1323.9,1326.0,1323.0,1323.7,37553
1784268600,1323.6,1325.2,1322.5,1324.8,38437
1784268900,1324.9,1326.1,1324.8,1325.8,38535
1784269200,1325.8,1327.5,1324.7,1326.7,267390
1784269500,1326.7,1326.8,1324.5,1325.9,55528
1784269800,1325.8,1328.0,1325.1,1327.9,275931
1784270100,1327.9,1328.3,1325.1,1326.2,89320
1784270400,1326.2,1326.2,1324.5,1325.3,64245
1784270700,1325.3,1325.4,1320.7,1320.9,154124
1784271000,1321.2,1321.6,1318.7,1319.9,82201
1784271300,1319.6,1321.2,1319.6,1321.0,61863
1784271600,1321.1,1321.7,1320.6,1321.2,44148
1784271900,1321.1,1322.0,1320.4,1321.6,30099
1784272200,1321.9,1324.7,1321.5,1322.2,53951
1784272500,1322.2,1324.0,1322.0,1323.5,38846
1784272800,1324.1,1324.1,1322.0,1322.5,60384
1784273100,1322.5,1323.5,1322.2,1323.0,45959
1784273400,1323.0,1323.7,1322.3,1322.6,49326
1784273700,1322.7,1322.8,1321.1,1321.2,47470
1784274000,1321.2,1321.9,1319.2,1320.8,52993
1784274300,1320.8,1320.8,1319.6,1319.7,40479
1784274600,1319.7,1319.8,1318.1,1318.6,44696
1784274900,1318.4,1319.9,1317.9,1319.3,41834
1784275200,1319.2,1320.5,1319.2,1320.0,27842
1784275500,1320.3,1321.0,1319.4,1319.8,52598
1784275800,1319.7,1320.0,1318.2,1319.8,50117
1784276100,1319.8,1319.8,1317.9,1318.2,48715
1784276400,1318.2,1318.3,1315.6,1318.2,53377
1784276700,1317.9,1318.6,1316.1,1318.2,42932
1784277000,1317.4,1317.6,1314.3,1316.5,76413
1784277300,1316.5,1317.4,1316.0,1316.6,58797
1784277600,1316.1,1320.0,1316.1,1320.0,83666
1784277900,1319.9,1326.0,1319.5,1319.9,302340
1784278200,1319.2,1321.2,1317.0,1317.7,84686
1784278500,1317.7,1321.2,1317.2,1319.2,132721
1784278800,1319.2,1323.5,1319.0,1322.5,61392
1784279100,1322.4,1322.5,1320.4,1322.3,62696
1784279400,1322.3,1328.5,1322.2,1326.0,484978
1784279700,1325.7,1331.1,1325.0,1327.6,962575
1784280000,1327.5,1330.9,1326.5,1328.0,287641
1784280300,1327.8,1329.5,1326.8,1327.3,333262
1784280600,1327.5,1328.0,1325.8,1327.2,193097
1784280900,1327.3,1329.5,1326.6,1327.9,514844
1784281200,1327.7,1329.0,1326.7,1328.7,598473
1784281500,1328.7,1331.6,1327.5,1330.6,442611
1784281800,1330.4,1331.9,1326.5,1328.9,1013641
1784282100,1329.2,1333.0,1327.9,1329.4,354856
1784519100,1275.0,1284.0,1262.7,1271.4,2914862
1784519400,1271.1,1272.2,1261.0,1267.0,856125
1784519700,1266.7,1269.2,1261.8,1262.1,837328
1784520000,1262.1,1262.7,1258.6,1259.5,705587
1784520300,1259.9,1260.0,1256.0,1256.7,472746
1784520600,1256.5,1260.7,1255.3,1258.0,496348
1784520900,1257.6,1258.1,1253.0,1253.5,438716
1784521200,1253.5,1254.4,1249.1,1253.7,730044
1784521500,1252.9,1260.0,1252.8,1259.4,767946
1784521800,1259.2,1263.8,1257.0,1263.5,459276
1784522100,1263.5,1265.1,1261.4,1263.3,369676
1784522400,1264.4,1265.6,1263.2,1264.6,423935
1784522700,1264.6,1266.5,1263.6,1265.1,2833897
1784523000,1265.2,1265.8,1263.7,1265.3,904393
1784523300,1265.3,1267.6,1265.0,1266.8,162076
1784523600,1266.7,1268.1,1265.5,1265.5,213552
1784523900,1265.5,1266.0,1264.9,1265.3,350231
1784524200,1265.1,1266.0,1262.5,1264.2,253561
1784524500,1264.5,1265.0,1263.1,1263.9,69337
1784524800,1264.2,1264.5,1261.3,1261.5,90980
1784525100,1261.2,1262.0,1261.0,1261.3,86679
1784525400,1261.1,1264.3,1261.0,1261.4,162261
1784525700,1261.2,1263.4,1261.0,1263.1,78729
1784526000,1263.1,1263.1,1261.0,1262.0,88153
1784526300,1261.9,1262.0,1259.1,1259.9,241874
1784526600,1259.8,1260.7,1258.8,1259.7,147202
1784526900,1259.6,1259.7,1257.1,1257.3,168340
1784527200,1257.4,1257.4,1255.3,1256.5,181347
1784527500,1256.4,1257.1,1255.2,1256.9,138056
1784527800,1256.9,1257.3,1255.5,1255.8,128955
1784528100,1255.7,1258.0,1255.6,1257.7,125168
1784528400,1257.7,1262.7,1256.1,1257.7,574201
1784528700,1257.7,1258.9,1257.4,1258.2,145721
1784529000,1258.3,1258.8,1257.0,1257.9,130769
1784529300,1257.8,1258.4,1255.8,1256.0,140528
1784529600,1256.0,1257.6,1255.2,1256.7,94943
1784529900,1256.6,1258.5,1256.5,1257.7,102891
1784530200,1257.7,1258.0,1256.0,1256.0,85408
1784530500,1256.0,1256.9,1255.0,1256.4,98768
1784530800,1256.2,1257.3,1256.2,1256.6,86108
1784531100,1256.7,1256.9,1253.3,1253.8,226613
1784531400,1253.8,1253.8,1252.1,1252.5,155699
1784531700,1252.9,1253.1,1251.5,1252.0,139625
1784532000,1251.9,1252.9,1250.1,1252.9,158524
1784532300,1252.9,1254.1,1251.5,1253.6,162744
1784532600,1253.5,1255.4,1253.5,1254.7,128026
1784532900,1254.9,1254.9,1251.2,1251.8,227300
1784533200,1251.8,1255.5,1251.7,1255.4,234591
1784533500,1255.4,1255.7,1253.6,1255.0,192005
1784533800,1255.0,1258.3,1254.8,1256.9,534193
1784534100,1256.9,1256.9,1255.4,1256.3,192247
1784534400,1256.0,1256.3,1255.0,1255.5,192869
1784534700,1255.8,1256.8,1255.0,1256.5,268093
1784535000,1256.5,1257.6,1256.1,1257.2,170169
1784535300,1257.3,1258.8,1257.1,1258.8,347937
1784535600,1258.8,1259.0,1257.1,1257.7,189361
1784535900,1257.8,1258.9,1257.7,1258.8,166885
1784536200,1258.9,1259.5,1258.0,1258.5,206164
1784536500,1258.5,1260.3,1258.1,1259.9,287568
1784536800,1259.9,1260.2,1257.6,1257.8,255159
1784537100,1257.6,1258.0,1257.0,1258.0,146926
1784537400,1258.0,1258.6,1257.2,1258.4,78244
1784537700,1258.4,1258.5,1257.0,1258.2,126836
1784538000,1258.1,1258.7,1257.0,1258.2,340317
1784538300,1258.1,1258.4,1257.7,1258.2,177148
1784538600,1258.2,1258.2,1256.9,1257.7,147462
1784538900,1257.7,1257.7,1256.2,1256.7,141924
1784539200,1256.7,1258.6,1256.6,1258.6,166810
1784539500,1258.6,1259.0,1256.0,1256.4,122318
1784539800,1256.5,1257.4,1254.1,1254.8,213762
1784540100,1254.6,1255.5,1253.8,1255.2,239943
1784540400,1255.3,1255.8,1254.9,1255.8,211833
1784540700,1255.8,1257.4,1254.9,1257.0,372319
1784541000,1257.5,1257.5,1256.2,1256.3,288762
1784541300,1256.4,1257.5,1255.9,1257.0,314010
1784605500,1246.4,1258.5,1246.4,1256.4,889137
1784605800,1256.8,1256.8,1249.1,1249.3,564357
1784606100,1249.3,1249.4,1246.1,1247.3,498514
1784606400,1247.3,1248.5,1245.0,1245.0,245468
1784606700,1245.3,1249.8,1244.5,1249.3,327322
1784607000,1249.3,1255.7,1249.0,1255.0,747429
1784607300,1255.0,1263.0,1254.0,1260.8,611695
1784607600,1260.5,1262.3,1257.3,1257.5,423705
1784607900,1258.1,1266.0,1257.4,1263.6,385263
1784608200,1264.0,1264.0,1261.9,1263.1,149218
1784608500,1263.5,1267.7,1262.6,1264.0,364102
1784608800,1263.6,1266.7,1262.7,1262.7,284433
1784609100,1263.0,1264.3,1260.4,1261.4,95807
1784609400,1261.4,1262.8,1260.1,1260.2,68423
1784609700,1260.6,1261.3,1260.0,1260.8,114951
1784610000,1261.1,1261.1,1257.5,1258.2,156463
1784610300,1258.6,1260.0,1258.0,1259.5,100780
1784610600,1259.5,1260.0,1258.8,1259.7,101096
1784610900,1260.0,1260.1,1258.2,1258.2,138140
1784611200,1258.4,1258.4,1256.0,1256.1,148837
1784611500,1256.4,1257.5,1255.5,1256.6,129002
1784611800,1256.8,1259.0,1256.6,1258.1,173059
1784612100,1258.3,1261.0,1257.1,1257.1,192781
1784612400,1257.5,1259.2,1256.0,1257.4,157585
1784612700,1257.2,1257.4,1256.1,1256.5,137779
1784613000,1256.6,1257.8,1255.7,1256.6,148261
1784613300,1256.6,1257.1,1254.6,1255.8,160204
1784613600,1255.4,1256.5,1255.0,1256.0,113908
1784613900,1256.1,1256.6,1255.3,1255.4,117039
1784614200,1255.5,1255.6,1253.2,1253.6,133595
1784614500,1253.7,1254.7,1253.3,1253.7,122423
1784614800,1254.0,1255.4,1253.5,1255.0,148221
1784615100,1254.8,1255.0,1253.7,1254.3,119440
1784615400,1254.4,1255.3,1254.1,1255.0,128958
1784615700,1255.0,1255.3,1253.4,1253.9,128319
1784616000,1254.0,1254.6,1253.4,1253.6,100193
1784616300,1253.6,1255.3,1253.4,1254.9,123899
1784616600,1255.0,1255.5,1253.3,1253.8,148445
1784616900,1253.8,1254.4,1253.2,1253.9,91919
1784617200,1254.2,1256.5,1253.9,1255.3,200234
1784617500,1255.3,1255.3,1253.7,1253.8,125663
1784617800,1254.0,1254.0,1251.8,1253.4,178684
1784618100,1253.4,1254.2,1252.5,1253.2,158360
1784618400,1253.2,1253.2,1251.6,1252.5,184732
1784618700,1252.5,1253.6,1251.5,1253.6,137257
1784619000,1253.6,1254.4,1252.4,1253.3,137008
1784619300,1253.3,1258.4,1252.9,1258.1,175512
1784619600,1258.2,1259.7,1255.9,1256.7,135063
1784619900,1256.7,1257.1,1256.0,1256.8,85206
1784620200,1256.9,1259.2,1256.1,1258.3,116939
1784620500,1258.4,1259.1,1257.8,1258.1,100681
1784620800,1258.2,1258.9,1257.3,1258.9,94089
1784621100,1258.9,1260.5,1258.0,1260.2,123029
1784621400,1260.2,1260.2,1258.1,1260.0,91640
1784621700,1260.0,1260.2,1257.9,1258.7,123325
1784622000,1259.3,1259.8,1257.9,1258.8,110678
1784622300,1259.0,1259.0,1257.8,1258.4,133545
1784622600,1258.5,1259.7,1258.2,1259.2,113433
1784622900,1259.2,1260.0,1258.7,1259.0,98271
1784623200,1259.0,1259.2,1258.0,1258.5,118778
1784623500,1258.5,1260.4,1258.3,1259.0,204639
1784623800,1259.1,1260.2,1258.6,1259.0,113074
1784624100,1259.3,1259.9,1258.5,1259.7,135712
1784624400,1259.8,1259.8,1258.5,1259.2,172309
1784624700,1259.3,1259.5,1257.1,1258.0,218894
1784625000,1257.9,1258.6,1257.1,1257.9,184429
1784625300,1257.9,1258.8,1256.3,1257.4,261558
1784625600,1257.7,1258.1,1257.1,1257.8,194752
1784625900,1257.9,1262.3,1257.7,1260.7,144906
1784626200,1260.8,1262.0,1259.2,1259.4,227352
1784626500,1259.8,1260.1,1258.5,1258.5,275562
1784626800,1258.9,1259.0,1256.3,1256.5,254155
1784627100,1256.5,1258.2,1256.4,1256.7,289303
1784627400,1256.7,1258.2,1256.5,1257.0,237025
1784627700,1257.0,1258.3,1256.4,1256.5,202828
1784691900,1258.2,1258.2,1242.4,1243.6,269993
1784692200,1244.0,1245.3,1242.7,1244.0,132175
1784692500,1244.3,1244.7,1239.2,1239.4,165523
1784692800,1239.4,1241.1,1238.0,1240.6,99599
1784693100,1240.6,1241.6,1240.0,1241.5,79059
1784693400,1241.6,1242.0,1239.1,1241.7,84795
1784693700,1241.7,1241.7,1239.0,1241.2,83398
1784694000,1241.3,1243.7,1241.2,1243.0,65795
1784694300,1243.3,1243.3,1241.6,1242.5,27574
1784694600,1242.6,1243.7,1241.1,1241.5,65337
1784694900,1241.8,1243.7,1240.9,1243.7,47171
1784695200,1243.6,1243.6,1241.8,1242.1,87502
1784695500,1242.2,1243.7,1241.6,1243.3,81499
1784695800,1243.3,1243.9,1239.3,1239.8,74600
1784696100,1240.0,1240.3,1237.4,1240.1,103562
1784696400,1240.3,1241.4,1239.5,1239.8,34638
1784696700,1240.0,1240.1,1239.5,1239.5,22983
1784697000,1239.7,1239.7,1237.6,1237.8,68608
1784697300,1238.0,1238.7,1237.6,1238.0,58196
1784697600,1238.1,1238.6,1237.5,1238.0,51123
1784697900,1238.2,1238.6,1237.9,1238.0,48610
1784698200,1238.3,1238.3,1237.6,1237.6,37185
1784698500,1237.9,1237.9,1236.5,1236.9,56881
1784698800,1237.0,1237.3,1236.4,1237.0,44892
1784699100,1237.0,1237.8,1236.6,1237.2,35431
1784699400,1237.4,1237.8,1236.8,1237.1,46135
1784699700,1237.1,1238.1,1237.1,1237.5,39824
1784700000,1237.3,1238.5,1237.0,1238.1,36375
1784700300,1238.3,1238.7,1237.7,1237.7,32663
1784700600,1237.7,1238.1,1237.3,1237.7,25982
1784700900,1237.3,1238.6,1237.1,1237.8,50796
1784701200,1238.0,1238.2,1236.4,1236.4,46173
1784701500,1236.7,1236.7,1236.2,1236.2,29432
1784701800,1236.4,1236.4,1235.0,1235.2,80472
1784702100,1235.2,1237.5,1235.1,1236.8,83659
1784702400,1237.0,1239.5,1237.0,1238.6,72514
1784702700,1238.7,1238.8,1236.3,1236.3,47877
1784703000,1236.4,1238.9,1235.3,1238.5,51335
1784703300,1238.6,1238.7,1237.3,1237.4,40354
1784703600,1237.4,1237.6,1236.5,1236.9,31656
1784703900,1236.5,1237.0,1235.7,1236.2,58802
1784704200,1236.2,1238.3,1236.1,1237.8,44571
1784704500,1237.8,1240.6,1237.8,1240.6,50543
1784704800,1240.3,1240.5,1239.7,1240.0,53424
1784705100,1240.2,1240.5,1240.0,1240.0,92814
1784705400,1240.0,1240.1,1237.3,1237.4,47471
1784705700,1237.6,1238.2,1237.2,1237.9,34610
1784706000,1238.1,1238.7,1237.6,1238.0,57229
1784706300,1238.3,1239.1,1237.9,1238.7,34188
1784706600,1238.7,1239.1,1238.5,1238.5,22576
1784706900,1238.5,1238.7,1237.9,1238.0,32235
1784707200,1237.9,1239.0,1237.8,1238.5,1539434
1784707500,1238.5,1240.0,1238.3,1238.9,897104
1784707800,1238.9,1239.1,1237.8,1238.8,41535
1784708100,1238.9,1238.9,1237.9,1238.0,29414
1784708400,1238.2,1238.4,1236.3,1236.7,65384
1784708700,1237.0,1237.0,1235.7,1236.1,104593
1784709000,1236.4,1237.2,1236.0,1237.1,74317
1784709300,1236.8,1237.3,1236.1,1236.7,48218
1784709600,1236.9,1237.5,1236.6,1237.2,52485
1784709900,1237.1,1237.6,1236.6,1237.0,70439
1784710200,1237.1,1238.0,1236.9,1237.0,62094
1784710500,1237.0,1237.8,1236.7,1237.2,58885
1784710800,1237.2,1238.6,1236.9,1237.9,47977
1784711100,1238.0,1238.5,1237.7,1238.1,46006
1784711400,1238.1,1238.3,1237.9,1238.0,43959
1784711700,1238.1,1238.1,1237.9,1238.1,51092
1784712000,1238.0,1238.3,1237.8,1237.8,56022
1784712300,1237.8,1238.0,1236.1,1236.8,79966
1784712600,1236.7,1237.2,1236.2,1236.3,81410
1784712900,1236.4,1237.5,1236.2,1237.2,165597
1784713200,1237.1,1240.0,1237.0,1239.1,215239
1784713500,1239.3,1242.5,1238.5,1240.8,276857
1784713800,1241.1,1243.0,1239.0,1240.0,420682
1784714100,1239.6,1240.0,1230.5,1233.5,640173
1784778300,1231.5,1233.8,1226.8,1233.3,258775
1784778600,1233.2,1239.1,1233.1,1237.5,141331
1784778900,1237.6,1238.0,1235.3,1236.0,62838
1784779200,1235.7,1237.4,1232.8,1233.4,130859
1784779500,1233.4,1233.9,1227.5,1230.3,127361
1784779800,1230.3,1232.6,1229.8,1231.5,127451
1784780100,1231.5,1233.6,1231.0,1232.2,56685
1784780400,1232.2,1235.0,1232.2,1234.7,121823
1784780700,1234.7,1238.0,1234.2,1237.7,122206
1784781000,1237.7,1238.2,1236.2,1236.2,54585
1784781300,1236.2,1236.2,1233.4,1234.7,71051
1784781600,1234.7,1235.0,1233.2,1233.3,48667
1784781900,1233.4,1234.1,1231.4,1233.8,62456
1784782200,1233.7,1234.2,1232.2,1232.8,23348
1784782500,1232.9,1236.2,1231.4,1236.1,68470
1784782800,1236.2,1237.2,1234.3,1234.5,45373
1784783100,1234.5,1235.4,1234.0,1234.6,61940
1784783400,1234.8,1235.4,1234.2,1234.3,32988
1784783700,1234.3,1235.4,1233.4,1234.7,38059
1784784000,1234.9,1235.2,1233.5,1234.5,103451
1784784300,1234.5,1235.5,1234.0,1235.0,126413
1784784600,1235.0,1236.9,1235.0,1236.7,55350
1784784900,1236.8,1236.9,1235.1,1235.4,53397
1784785200,1235.5,1236.0,1232.8,1233.0,30243
1784785500,1233.2,1233.2,1230.5,1230.7,29467
1784785800,1230.8,1232.5,1230.5,1231.5,33331
1784786100,1231.7,1233.1,1231.1,1232.6,31528
1784786400,1232.7,1234.1,1232.3,1233.1,62240
1784786700,1233.4,1234.2,1233.0,1233.5,49909
1784787000,1233.7,1233.9,1232.4,1233.0,32537
1784787300,1232.8,1232.8,1230.0,1230.4,56581
1784787600,1230.4,1230.9,1228.7,1229.9,53366
1784787900,1229.9,1230.8,1228.1,1229.9,205018
1784788200,1230.1,1232.3,1229.9,1230.3,164909
1784788500,1230.3,1230.3,1228.3,1229.0,74619
1784788800,1229.0,1229.5,1227.8,1228.4,99752
1784789100,1228.7,1230.4,1228.0,1230.2,96957
1784789400,1230.4,1230.5,1228.4,1229.1,88829
1784789700,1228.8,1229.4,1227.5,1227.5,77041
1784790000,1227.9,1227.9,1223.7,1224.1,219906
1784790300,1224.6,1225.4,1223.4,1223.6,131698
1784790600,1223.6,1224.1,1222.8,1222.8,117864
1784790900,1223.0,1223.5,1220.2,1220.5,227408
1784791200,1220.6,1223.2,1220.5,1222.7,99222
1784791500,1222.7,1223.4,1221.8,1222.3,90187
1784791800,1222.4,1224.0,1221.8,1223.4,123653
1784792100,1223.2,1224.2,1222.4,1222.5,103268
1784792400,1222.4,1224.3,1222.1,1222.7,117278
1784792700,1223.0,1223.7,1222.1,1223.4,100241
1784793000,1223.2,1223.8,1222.4,1223.6,119477
1784793300,1223.7,1224.8,1222.6,1224.1,132828
1784793600,1224.3,1225.2,1223.8,1224.0,104832
1784793900,1223.8,1225.4,1222.9,1225.2,179092
1784794200,1225.2,1225.6,1224.0,1224.9,101780
1784794500,1224.9,1225.7,1224.3,1224.6,52881
1784794800,1224.8,1225.0,1223.5,1224.0,85232
1784795100,1224.0,1224.5,1222.7,1223.8,59342
1784795400,1224.0,1224.9,1223.6,1223.8,53173
1784795700,1223.7,1225.0,1223.4,1223.7,71571
1784796000,1223.9,1224.3,1222.9,1223.3,66329
1784796300,1223.5,1224.0,1222.9,1223.1,64853
1784796600,1223.2,1225.5,1223.0,1224.6,72224
1784796900,1224.5,1226.2,1224.2,1225.1,146576
1784797200,1225.2,1226.8,1224.4,1226.4,122928
1784797500,1226.2,1226.3,1224.3,1225.1,158537
1784797800,1225.1,1225.9,1221.4,1221.6,130668
1784798100,1221.6,1221.8,1219.9,1220.0,208979
1784798400,1220.3,1221.9,1219.2,1221.2,230079
1784798700,1221.4,1222.5,1220.9,1222.0,149843
1784799000,1222.1,1223.2,1221.1,1222.6,205754
1784799300,1222.7,1224.7,1222.6,1222.6,213721
1784799600,1222.7,1223.6,1222.2,1222.7,221792
1784799900,1222.8,1224.0,1221.8,1222.8,300850
1784800200,1222.9,1224.9,1222.1,1223.9,298599
1784800500,1224.0,1224.6,1222.0,1223.8,165839
1784864700,1216.8,1221.7,1210.6,1220.0,300810
1784865000,1220.4,1220.9,1218.3,1218.4,530212
1784865300,1218.9,1219.2,1217.2,1218.8,50957
1784865600,1218.8,1219.4,1215.5,1215.7,171781
1784865900,1215.7,1216.7,1214.5,1216.2,51968
1784866200,1216.2,1217.5,1214.0,1215.3,76834
1784866500,1214.5,1215.3,1214.2,1215.1,53304
1784866800,1215.1,1216.7,1214.7,1216.7,82515
1784867100,1216.7,1218.3,1216.2,1216.9,63301
1784867400,1216.9,1217.3,1215.4,1216.2,42092
1784867700,1216.2,1219.0,1216.1,1217.6,215676
1784868000,1217.6,1217.7,1214.8,1216.0,128091
1784868300,1216.5,1217.9,1216.0,1217.0,81445
1784868600,1217.0,1218.9,1216.8,1217.8,145839
1784868900,1218.0,1218.7,1217.3,1218.1,86374
1784869200,1218.5,1219.5,1217.8,1218.9,109891
1784869500,1218.9,1219.5,1217.0,1217.5,209874
1784869800,1217.5,1219.5,1217.1,1219.2,83674
1784870100,1219.1,1219.7,1218.4,1218.6,46602
1784870400,1218.6,1218.7,1217.0,1217.2,60855
1784870700,1217.2,1218.2,1216.0,1217.6,86519
1784871000,1217.8,1218.4,1216.0,1218.2,73772
1784871300,1218.2,1218.4,1217.0,1217.7,190295
1784871600,1217.7,1217.8,1216.3,1216.7,57783
1784871900,1217.0,1218.0,1216.3,1216.9,59686
1784872200,1216.7,1217.7,1216.3,1217.2,44243
1784872500,1217.2,1217.9,1215.5,1216.0,60303
1784872800,1216.0,1216.7,1215.5,1215.9,52957
1784873100,1216.3,1216.3,1214.5,1215.8,92191
1784873400,1216.1,1217.2,1215.7,1216.9,38633
1784873700,1217.1,1219.9,1216.9,1219.6,62860
1784874000,1219.7,1223.5,1219.6,1223.0,70720
1784874300,1223.2,1223.7,1221.9,1222.7,54217
1784874600,1222.6,1225.4,1222.4,1225.4,62006
1784874900,1225.6,1226.5,1224.2,1226.0,91550
1784875200,1226.0,1226.1,1223.1,1223.5,99227
1784875500,1223.3,1224.6,1222.4,1222.5,102079
1784875800,1222.8,1224.4,1222.0,1224.3,68988
1784876100,1224.2,1231.0,1224.2,1230.0,116551
1784876400,1230.2,1230.7,1226.7,1227.0,81211
1784876700,1227.0,1229.0,1226.7,1228.8,69132
1784877000,1228.8,1230.5,1228.1,1230.1,101165
1784877300,1230.1,1231.8,1229.2,1231.0,63825
1784877600,1231.2,1231.3,1229.1,1229.3,52904
1784877900,1229.2,1230.0,1228.1,1228.2,41615
1784878200,1228.3,1228.5,1224.4,1225.5,96797
1784878500,1225.2,1225.4,1223.1,1223.3,80181
1784878800,1223.5,1226.6,1223.2,1226.3,97598
1784879100,1226.6,1227.8,1224.7,1227.2,108910
1784879400,1227.2,1228.2,1227.0,1227.5,77637
1784879700,1227.5,1229.2,1227.0,1227.2,80414
1784880000,1227.1,1228.5,1227.0,1227.6,76663
1784880300,1227.7,1228.3,1227.0,1227.6,80827
1784880600,1227.5,1227.7,1225.0,1226.2,106929
1784880900,1226.3,1227.2,1225.1,1227.0,108460
1784881200,1227.0,1228.8,1226.4,1228.5,88581
1784881500,1228.5,1229.3,1227.3,1229.1,92857
1784881800,1229.1,1230.3,1227.8,1230.0,92215
1784882100,1229.6,1233.2,1229.3,1232.7,161948
1784882400,1232.4,1233.9,1232.0,1232.6,74187
1784882700,1232.7,1233.2,1232.0,1232.1,68764
1784883000,1232.0,1233.0,1231.8,1232.1,90684
1784883300,1232.1,1232.7,1232.0,1232.2,69104
1784883600,1232.1,1233.1,1231.2,1232.3,136952
1784883900,1232.3,1232.3,1230.0,1230.1,198343
1784884200,1230.2,1230.9,1229.0,1230.3,103306
1784884500,1230.2,1230.6,1227.6,1228.9,228290
1784884800,1228.8,1230.9,1228.7,1230.2,129330
1784885100,1230.2,1231.0,1229.1,1229.5,148346
1784885400,1229.6,1229.6,1226.1,1227.1,227605
1784885700,1227.0,1227.2,1225.6,1226.2,233787
1784886000,1226.4,1228.1,1225.4,1227.9,208769
1784886300,1227.8,1230.4,1227.7,1227.7,111535
1784886600,1227.7,1229.0,1227.7,1228.3,125863
1784886900,1228.4,1230.0,1228.1,1228.9,84691
1785123900,1237.0,1237.0,1230.0,1231.1,146802
1785124200,1231.0,1233.4,1230.0,1233.0,116889
1785124500,1232.8,1233.3,1231.4,1232.7,59503
1785124800,1232.7,1233.2,1231.6,1233.0,49392
1785125100,1232.7,1233.3,1232.1,1232.5,57892
1785125400,1232.7,1232.9,1231.5,1232.5,21609
1785125700,1232.5,1233.9,1232.4,1233.4,28036
1785126000,1233.5,1234.3,1233.0,1233.5,89086
1785126300,1233.7,1233.8,1231.3,1231.6,93443
1785126600,1232.5,1233.0,1229.0,1232.1,166152
1785126900,1232.1,1232.9,1231.2,1231.7,44162
1785127200,1231.6,1231.7,1228.3,1229.7,63813
1785127500,1229.6,1230.0,1228.7,1229.4,30577
1785127800,1229.4,1229.6,1227.7,1228.0,80213
1785128100,1228.1,1229.2,1227.4,1228.0,58780
1785128400,1227.5,1228.6,1226.6,1227.4,48124
1785128700,1227.4,1227.7,1226.3,1226.4,29617
1785129000,1226.3,1228.8,1226.3,1228.7,37820
1785129300,1228.7,1229.3,1228.0,1229.0,25697
1785129600,1228.8,1228.8,1226.5,1226.9,36876
1785129900,1226.9,1228.7,1226.3,1227.7,35285
1785130200,1227.8,1229.3,1226.7,1227.6,39676
1785130500,1227.4,1227.6,1226.0,1227.3,84241
1785130800,1227.8,1228.0,1225.3,1226.0,43208
1785131100,1226.0,1227.5,1225.1,1227.5,34432
1785131400,1227.5,1227.5,1225.7,1226.1,49061
1785131700,1226.6,1227.3,1225.8,1226.3,52196
1785132000,1226.0,1226.5,1223.8,1224.0,148944
1785132300,1224.3,1224.3,1223.4,1224.1,50695
1785132600,1223.7,1225.4,1223.4,1225.1,60788
1785132900,1225.1,1225.8,1224.4,1224.5,52620
1785133200,1224.9,1225.6,1224.2,1225.4,62620
1785133500,1225.3,1226.2,1224.5,1225.0,86769
1785133800,1225.0,1225.8,1224.4,1224.8,109222
1785134100,1224.7,1225.3,1224.1,1224.7,44122
1785134400,1224.6,1225.4,1224.1,1225.1,49426
1785134700,1224.6,1226.9,1224.3,1226.4,39203
1785135000,1226.0,1226.3,1225.0,1225.2,33563
1785135300,1225.4,1225.9,1224.0,1224.2,35382
1785135600,1224.0,1225.3,1224.0,1224.6,58265
1785135900,1224.8,1224.8,1223.0,1223.5,48105
1785136200,1223.3,1224.3,1223.0,1223.2,43206
1785136500,1223.2,1225.2,1223.1,1223.8,45666
1785136800,1223.8,1225.2,1222.7,1224.5,66559
1785137100,1224.4,1225.6,1223.4,1225.0,74101
1785137400,1225.1,1227.3,1224.9,1226.6,63747
1785137700,1226.7,1227.0,1225.4,1225.5,43732
1785138000,1225.4,1226.7,1225.1,1226.1,29057
1785138300,1226.2,1226.9,1226.0,1226.1,25855
1785138600,1226.0,1227.0,1225.8,1226.0,36767
1785138900,1226.4,1226.4,1223.0,1223.3,58700
1785139200,1223.2,1224.6,1223.0,1224.1,41824
1785139500,1224.1,1225.1,1223.0,1223.2,51615
1785139800,1223.5,1224.0,1221.6,1222.1,635373
1785140100,1222.2,1223.8,1221.9,1223.1,48099
1785140400,1223.0,1223.6,1222.8,1223.0,59824
1785140700,1223.3,1224.5,1222.7,1224.0,79699
1785141000,1224.0,1225.7,1223.6,1224.9,74934
1785141300,1225.0,1226.5,1224.3,1226.0,186935
1785141600,1226.3,1228.8,1225.5,1228.7,285665
1785141900,1228.0,1228.6,1226.4,1226.5,91415
1785142200,1226.3,1228.7,1226.1,1228.6,89760
1785142500,1228.4,1230.2,1227.8,1230.1,86430
1785142800,1230.2,1230.2,1227.7,1228.3,59960
1785143100,1228.2,1229.3,1226.8,1228.2,78770
1785143400,1228.2,1228.3,1226.5,1227.4,48122
1785143700,1227.4,1227.8,1226.4,1226.5,61735
1785144000,1227.0,1228.1,1226.1,1226.6,77858
1785144300,1226.6,1227.5,1226.0,1226.4,42102
1785144600,1226.6,1228.6,1226.0,1227.5,76329
1785144900,1227.4,1228.5,1227.0,1227.3,135112
1785145200,1227.3,1227.7,1227.0,1227.1,83432
1785145500,1227.0,1228.1,1225.7,1226.9,265650
1785145800,1227.4,1227.8,1226.7,1227.5,160719
1785146100,1227.6,1229.3,1227.2,1229.0,146428
1785210300,1222.5,1230.5,1219.7,1229.0,193254
1785210600,1229.0,1229.7,1226.4,1226.9,73369
1785210900,1226.8,1227.2,1225.6,1226.6,51854
1785211200,1226.4,1226.8,1222.8,1223.8,101719
1785211500,1224.0,1225.8,1223.8,1225.1,105129
1785211800,1224.9,1224.9,1223.0,1223.0,80732
1785212100,1223.2,1223.6,1222.4,1223.5,130501
1785212400,1223.0,1224.9,1222.8,1224.4,126052
1785212700,1224.3,1228.0,1224.3,1227.9,114534
1785213000,1227.9,1230.7,1226.9,1229.3,80891
1785213300,1229.4,1230.5,1227.9,1228.2,52421
1785213600,1228.4,1232.7,1228.3,1232.2,73115
1785213900,1232.4,1233.9,1232.4,1233.3,45402
1785214200,1233.1,1233.4,1231.1,1232.1,30661
1785214500,1232.1,1233.0,1227.3,1227.6,53513
1785214800,1227.6,1231.0,1227.4,1230.4,41157
1785215100,1230.3,1231.5,1228.0,1228.6,30480
1785215400,1228.6,1230.5,1228.1,1230.5,46950
1785215700,1230.4,1231.0,1229.0,1229.0,40722
1785216000,1229.3,1230.8,1229.1,1229.5,67917
1785216300,1229.5,1230.4,1229.2,1229.6,32846
1785216600,1229.6,1231.2,1229.5,1231.1,34029
1785216900,1230.8,1231.9,1230.6,1231.0,26837
1785217200,1231.1,1231.2,1229.8,1230.4,75204
1785217500,1230.4,1231.5,1230.4,1231.3,39444
1785217800,1231.2,1231.3,1230.2,1230.3,21026
1785218100,1230.2,1230.3,1228.5,1230.0,102194
1785218400,1229.9,1229.9,1227.9,1228.7,51180
1785218700,1228.7,1229.1,1227.3,1229.1,35770
1785219000,1229.1,1230.2,1228.8,1229.6,178244
1785219300,1229.6,1231.2,1229.0,1229.3,40326
1785219600,1229.3,1229.5,1228.1,1228.5,36137
1785219900,1228.5,1229.5,1228.3,1229.2,22061
1785220200,1229.2,1231.0,1228.9,1230.8,28305
1785220500,1230.8,1231.4,1230.0,1230.3,27170
1785220800,1230.3,1230.9,1230.0,1230.6,25210
1785221100,1230.3,1231.0,1229.7,1230.2,58769
1785221400,1230.2,1230.5,1228.1,1228.5,76151
1785221700,1228.4,1228.9,1227.9,1228.0,58432
1785222000,1228.4,1228.6,1228.0,1228.1,33784
1785222300,1228.2,1228.2,1225.9,1226.2,53594
1785222600,1226.3,1227.0,1225.6,1226.9,51003
1785222900,1226.9,1227.7,1226.0,1226.2,42556
1785223200,1226.5,1227.4,1226.2,1227.3,44560
1785223500,1227.4,1227.8,1226.0,1226.4,65967
1785223800,1226.5,1227.2,1224.7,1226.0,174937
1785224100,1225.7,1226.3,1224.6,1224.7,29693
1785224400,1224.7,1226.2,1224.0,1225.0,97921
1785224700,1225.1,1225.2,1224.0,1224.7,32621
1785225000,1224.9,1225.5,1224.6,1225.2,29084
1785225300,1225.1,1225.6,1224.6,1225.1,22133
1785225600,1225.4,1225.6,1224.7,1225.2,24470
1785225900,1225.2,1226.0,1224.9,1225.5,27887
1785226200,1225.5,1225.9,1225.1,1225.6,27080
1785226500,1225.3,1226.1,1225.1,1225.3,28038
1785226800,1225.4,1226.8,1225.1,1225.3,83495
1785227100,1225.3,1226.4,1225.0,1225.4,38360
1785227400,1225.5,1225.8,1224.6,1224.7,45086
1785227700,1225.1,1225.5,1224.5,1225.1,37900
1785228000,1225.1,1225.5,1224.5,1225.1,25583
1785228300,1225.1,1226.5,1224.5,1226.4,87019
1785228600,1226.4,1228.8,1226.4,1227.9,62880
1785228900,1227.7,1228.6,1227.4,1228.3,63093
1785229200,1228.4,1228.4,1226.2,1226.4,51948
1785229500,1226.5,1228.4,1226.4,1227.4,38329
1785229800,1227.3,1228.1,1226.9,1227.0,79505
1785230100,1227.1,1227.3,1225.6,1226.6,95700
1785230400,1226.4,1227.1,1225.5,1226.2,91619
1785230700,1226.2,1227.0,1225.3,1225.9,38145
1785231000,1226.0,1226.0,1223.4,1223.6,228765
1785231300,1223.6,1224.9,1222.8,1223.0,171219
1785231600,1223.2,1223.3,1222.6,1222.7,114138
1785231900,1222.7,1227.0,1221.4,1224.8,703905
1785232200,1224.9,1225.3,1221.2,1222.4,552518
1785232500,1222.4,1224.9,1222.2,1223.3,177228
1785296700,1229.5,1233.0,1220.0,1220.2,324385
1785297000,1220.5,1223.7,1220.4,1221.9,61555
1785297300,1222.2,1223.0,1219.0,1221.1,769501
1785297600,1221.1,1221.5,1218.3,1220.3,57239
1785297900,1220.2,1220.4,1217.3,1219.7,172480
1785298200,1219.7,1220.1,1216.3,1217.8,223399
1785298500,1217.8,1218.1,1217.0,1217.5,96964
1785298800,1217.4,1218.0,1216.5,1217.3,79277
1785299100,1217.3,1218.3,1216.6,1217.0,92436
1785299400,1217.2,1219.0,1216.5,1218.9,121960
1785299700,1219.0,1220.9,1218.7,1220.5,105514
1785300000,1220.5,1221.6,1220.0,1221.6,137695
1785300300,1221.5,1221.6,1219.2,1219.2,266312
1785300600,1219.2,1220.0,1214.4,1217.3,515251
1785300900,1217.0,1218.0,1215.9,1216.0,143597
1785301200,1216.1,1218.3,1215.9,1217.6,87226
1785301500,1217.6,1218.3,1217.1,1217.9,94220
1785301800,1217.9,1219.4,1217.6,1218.7,76229
1785302100,1218.7,1219.9,1218.4,1219.0,62409
1785302400,1218.9,1219.4,1218.4,1219.2,59776
1785302700,1219.2,1220.4,1219.0,1220.2,26273
1785303000,1220.2,1221.0,1219.5,1220.0,40261
1785303300,1220.2,1221.0,1220.0,1221.0,56000
1785303600,1221.0,1221.0,1220.4,1220.4,43106
1785303900,1220.5,1221.0,1220.3,1220.7,55521
1785304200,1220.6,1221.0,1219.5,1220.6,80850
1785304500,1220.6,1222.0,1220.1,1220.9,652050
1785304800,1220.9,1224.9,1219.6,1223.3,300238
1785305100,1223.7,1224.0,1221.8,1222.9,210872
1785305400,1223.2,1223.2,1221.5,1222.2,102328
1785305700,1222.2,1223.7,1221.7,1223.4,274654
1785306000,1223.1,1223.4,1221.6,1222.8,71609
1785306300,1222.8,1224.5,1221.7,1224.1,502359
1785306600,1224.1,1225.2,1222.8,1223.2,256549
1785306900,1223.3,1225.6,1222.8,1224.9,186136
1785307200,1224.9,1226.8,1224.7,1226.3,125767
1785307500,1226.3,1226.6,1224.1,1225.3,66732
1785307800,1225.3,1226.1,1225.0,1225.3,81022
1785308100,1225.3,1226.7,1223.7,1226.5,127326
1785308400,1226.6,1227.7,1226.2,1227.2,47704
1785308700,1227.2,1229.0,1227.0,1227.9,55337
1785309000,1227.9,1228.7,1226.8,1227.8,49925
1785309300,1228.0,1228.3,1227.1,1227.1,53165
1785309600,1227.1,1227.1,1225.0,1226.0,45458
1785309900,1226.0,1226.3,1225.2,1225.7,44567
1785310200,1225.8,1226.7,1225.7,1226.1,30498
1785310500,1226.2,1226.9,1225.7,1226.4,39274
1785310800,1226.3,1228.1,1226.3,1228.0,33293
1785311100,1228.1,1228.1,1227.2,1228.0,48284
1785311400,1227.9,1228.1,1227.2,1227.3,50000
1785311700,1227.3,1228.0,1227.3,1227.6,26773
1785312000,1227.5,1228.1,1227.4,1228.0,29076
1785312300,1228.0,1228.9,1227.1,1227.9,52954
1785312600,1227.9,1228.4,1226.6,1227.5,63164
1785312900,1227.5,1229.5,1226.8,1228.5,374361
1785313200,1228.5,1230.4,1228.2,1230.4,50584
1785313500,1230.5,1233.5,1230.0,1233.2,299005
1785313800,1233.3,1234.9,1233.1,1234.3,202903
1785314100,1234.4,1234.4,1233.3,1233.4,44029
1785314400,1233.5,1233.8,1233.4,1233.7,33253
1785314700,1233.8,1234.5,1233.1,1234.3,70003
1785315000,1234.3,1235.4,1233.6,1233.7,55830
1785315300,1233.9,1236.0,1233.7,1235.5,43910
1785315600,1235.6,1236.6,1235.4,1236.5,54302
1785315900,1236.5,1236.6,1235.0,1235.0,34518
1785316200,1235.1,1235.6,1233.2,1234.6,66878
1785316500,1235.0,1236.6,1234.5,1235.2,107629
1785316800,1235.2,1235.5,1234.9,1235.4,40912
1785317100,1235.4,1235.5,1235.0,1235.3,40897
1785317400,1235.4,1236.7,1233.5,1234.1,167289
1785317700,1234.1,1235.9,1233.6,1235.7,123674
1785318000,1235.7,1235.7,1235.0,1235.1,191907
1785318300,1235.1,1236.1,1233.5,1235.5,210604
1785318600,1235.7,1237.1,1235.0,1235.7,274351
1785318900,1235.9,1236.4,1233.2,1235.9,124872
1785383100,1229.0,1231.4,1222.7,1227.1,189880
1785383400,1226.9,1226.9,1225.0,1226.1,59593
1785383700,1226.1,1226.2,1224.1,1225.4,39291
1785384000,1225.4,1225.7,1223.5,1223.9,40950
1785384300,1223.9,1224.8,1222.8,1222.8,32322
1785384600,1222.9,1222.9,1221.1,1221.5,34343
1785384900,1221.8,1223.0,1220.6,1221.9,38675
1785385200,1222.9,1223.2,1222.1,1223.2,14568
1785385500,1223.2,1225.4,1222.9,1224.9,40343
1785385800,1224.6,1229.0,1224.6,1228.8,59131
1785386100,1228.9,1231.1,1227.5,1227.6,99477
1785386400,1227.5,1227.7,1225.3,1225.6,115387
1785386700,1225.4,1226.7,1225.0,1226.3,42151
1785387000,1226.3,1226.3,1225.0,1225.6,38686
1785387300,1225.6,1226.0,1225.0,1225.1,24915
1785387600,1225.1,1225.1,1224.5,1224.6,23115
1785387900,1224.6,1226.4,1223.4,1226.3,58730
1785388200,1226.2,1227.1,1224.6,1227.0,112562
1785388500,1226.9,1228.7,1226.3,1228.6,47131
1785388800,1228.6,1228.9,1228.0,1228.4,56813
1785389100,1228.5,1230.1,1228.1,1230.1,87530
1785389400,1230.0,1230.0,1225.0,1228.0,317636
1785389700,1228.1,1228.2,1225.1,1226.4,114763
1785390000,1226.4,1226.9,1224.7,1225.2,92661
1785390300,1225.1,1225.5,1224.5,1224.5,120453
1785390600,1224.6,1225.5,1224.4,1224.5,19561
1785390900,1224.5,1226.0,1224.1,1225.0,34880
1785391200,1225.0,1225.7,1224.3,1225.3,28318
1785391500,1225.3,1225.3,1224.0,1224.3,31129
1785391800,1224.3,1225.0,1224.1,1224.9,23753
1785392100,1224.8,1225.2,1223.9,1224.1,32085
1785392400,1224.1,1224.4,1223.1,1223.3,64500
1785392700,1223.2,1224.0,1222.4,1222.4,63771
1785393000,1222.5,1222.8,1222.3,1222.8,54202
1785393300,1222.6,1222.8,1222.3,1222.5,52172
1785393600,1222.5,1223.0,1222.3,1222.8,180061
1785393900,1222.6,1223.2,1221.3,1221.7,177846
1785394200,1221.7,1222.4,1221.5,1222.0,63039
1785394500,1221.6,1222.9,1221.5,1222.4,69331
1785394800,1222.8,1228.6,1222.8,1227.0,152958
1785395100,1227.2,1227.5,1224.8,1225.2,92084
1785395400,1225.4,1227.2,1224.8,1227.2,69951
1785395700,1227.2,1227.5,1225.5,1227.1,86512
1785396000,1227.2,1227.2,1225.6,1226.9,63307
1785396300,1226.8,1226.9,1225.3,1226.2,96753
1785396600,1226.0,1226.2,1223.8,1224.4,102529
1785396900,1224.4,1224.5,1223.4,1224.1,85986
1785397200,1224.2,1224.4,1222.5,1223.9,101525
1785397500,1223.9,1224.7,1223.5,1224.4,83437
1785397800,1224.5,1225.5,1224.2,1224.8,83312
1785398100,1224.8,1225.9,1224.5,1224.6,82727
1785398400,1224.6,1224.6,1222.9,1223.3,111286
1785398700,1223.4,1224.0,1222.9,1223.3,98331
1785399000,1223.4,1224.0,1223.3,1223.4,93118
1785399300,1223.8,1223.8,1222.8,1222.8,93143
1785399600,1222.6,1224.2,1222.5,1223.7,101743
1785399900,1223.8,1224.2,1222.5,1222.6,104854
1785400200,1222.5,1223.1,1222.2,1222.8,110157
1785400500,1222.8,1222.8,1221.0,1221.1,117327
1785400800,1221.0,1222.1,1220.2,1221.7,121182
1785401100,1221.7,1222.2,1221.4,1221.9,65010
1785401400,1221.4,1222.5,1221.2,1222.1,82387
1785401700,1222.1,1223.0,1221.6,1222.5,81633
1785402000,1222.1,1225.1,1222.0,1224.4,75173
1785402300,1224.4,1224.8,1223.4,1224.4,65887
1785402600,1224.3,1224.5,1223.0,1223.8,113845
1785402900,1223.8,1225.7,1223.4,1225.2,107541
1785403200,1225.3,1225.9,1225.0,1225.5,75754
1785403500,1225.6,1226.3,1225.2,1225.7,71637
1785403800,1225.9,1228.5,1225.9,1228.2,172478
1785404100,1228.2,1228.8,1226.7,1227.3,287164
1785404400,1227.5,1228.8,1227.5,1228.4,122416
1785404700,1228.3,1228.3,1227.5,1228.2,137931
1785405000,1228.2,1232.2,1228.2,1231.2,346194
1785405300,1231.4,1231.7,1228.8,1230.8,212511
1785469500,1226.2,1239.3,1226.2,1238.5,308327
1785469800,1238.5,1239.7,1237.0,1238.4,144857
1785470100,1237.5,1238.5,1233.8,1233.8,74037
1785470400,1234.2,1234.2,1229.0,1229.6,93531
1785470700,1229.7,1230.7,1228.1,1230.4,81611
1785471000,1230.3,1230.8,1228.1,1229.6,136675
1785471300,1229.6,1230.6,1228.2,1228.4,137587
1785471600,1228.8,1229.5,1228.3,1229.2,58641
1785471900,1229.1,1229.2,1228.2,1228.6,60757
1785472200,1228.7,1230.7,1228.1,1228.4,1301799
1785472500,1228.4,1228.5,1227.4,1228.4,79895
1785472800,1228.3,1230.8,1228.2,1228.9,159623
1785473100,1228.9,1229.8,1228.2,1229.6,82916
1785473400,1229.8,1231.0,1229.2,1229.8,143988
1785473700,1229.7,1229.7,1227.5,1228.1,40903
1785474000,1228.2,1228.2,1226.3,1227.0,72179
1785474300,1227.0,1228.5,1226.0,1228.5,77176
1785474600,1228.8,1228.9,1227.6,1227.9,56393
1785474900,1227.9,1229.2,1227.6,1228.0,59574
1785475200,1228.0,1228.1,1226.9,1227.5,53742
1785475500,1227.4,1229.6,1227.3,1229.1,56980
1785475800,1229.2,1229.8,1228.6,1228.8,51661
1785476100,1228.8,1229.1,1227.5,1227.8,48049
1785476400,1227.7,1228.7,1227.4,1228.3,40990
1785476700,1228.4,1229.2,1228.2,1228.3,47725
1785477000,1228.3,1229.3,1228.2,1229.3,42991
1785477300,1229.3,1229.8,1228.5,1229.4,50300
1785477600,1229.5,1229.5,1227.8,1228.8,47491
1785477900,1228.2,1229.4,1228.2,1228.6,34628
1785478200,1228.5,1229.3,1227.5,1228.0,66929
1785478500,1228.1,1229.8,1227.1,1229.5,81669
1785478800,1229.5,1229.9,1228.0,1228.8,52070
1785479100,1228.8,1229.4,1228.5,1229.2,19960
1785479400,1229.0,1229.3,1228.5,1229.3,28271
1785479700,1229.1,1229.6,1228.6,1228.9,66809
1785480000,1228.9,1232.2,1228.5,1231.4,337064
1785480300,1231.3,1231.5,1229.4,1230.2,107703
1785480600,1230.1,1230.5,1229.3,1229.4,23111
1785480900,1229.6,1230.0,1228.7,1229.8,54399
1785481200,1229.9,1230.9,1229.4,1230.9,34624
1785481500,1231.0,1231.4,1229.7,1230.0,240921
1785481800,1230.4,1230.5,1229.8,1229.9,24322
1785482100,1230.0,1230.0,1229.0,1229.7,67618
1785482400,1229.8,1229.8,1228.1,1228.9,35211
1785482700,1229.0,1229.3,1228.5,1228.9,29000
1785483000,1228.8,1229.8,1228.2,1229.5,53279
1785483300,1229.7,1230.0,1228.8,1229.5,44079
1785483600,1229.6,1229.9,1229.1,1229.3,25217
1785483900,1229.7,1230.0,1229.4,1229.7,28711
1785484200,1229.9,1230.0,1229.7,1230.0,34843
1785484500,1230.0,1230.6,1229.9,1230.1,49335
1785484800,1230.3,1230.5,1229.6,1229.9,86528
1785485100,1230.0,1230.2,1229.9,1230.0,71256
1785485400,1230.0,1230.0,1229.6,1229.9,43315
1785485700,1229.9,1230.7,1229.6,1230.3,29335
1785486000,1230.2,1231.0,1229.9,1230.6,125368
1785486300,1230.4,1230.9,1230.0,1230.6,26414
1785486600,1230.7,1231.0,1230.1,1230.2,42864
1785486900,1230.4,1230.4,1228.7,1228.7,64474
1785487200,1229.1,1229.5,1228.8,1229.0,17279
1785487500,1229.2,1229.5,1228.8,1229.5,17270
1785487800,1229.5,1231.1,1229.0,1229.7,23746
1785488100,1229.8,1230.4,1229.3,1229.4,30284
1785488400,1229.4,1229.7,1229.0,1229.5,32140
1785488700,1229.8,1229.8,1228.0,1229.2,81774
1785489000,1229.5,1229.7,1227.7,1227.9,61369
1785489300,1228.1,1228.9,1227.6,1228.6,58315
1785489600,1228.6,1229.3,1227.7,1229.3,63350
1785489900,1229.4,1229.4,1228.5,1228.6,85703
1785490200,1228.7,1229.9,1228.1,1229.9,209666
1785490500,1229.9,1230.1,1229.3,1229.9,190447
1785490800,1229.9,1230.8,1229.5,1230.0,261193
1785491100,1229.9,1230.8,1229.5,1229.6,325369
1785491400,1229.7,1229.7,1227.5,1229.4,188495
1785491700,1229.4,1229.7,1227.0,1227.1,167891
1785728700,1236.9,1238.1,1230.5,1236.4,182215
1785729000,1236.3,1237.4,1234.3,1237.2,86896
1785729300,1237.2,1242.9,1236.7,1242.0,433671
1785729600,1241.4,1242.0,1237.7,1238.3,68866
1785729900,1238.4,1240.6,1238.0,1240.5,77953
1785730200,1240.9,1246.0,1240.5,1245.8,213223
1785730500,1245.5,1246.4,1243.7,1244.2,201473
1785730800,1244.7,1245.3,1243.6,1245.3,90712
1785731100,1245.4,1245.9,1243.8,1245.0,76693
1785731400,1244.8,1245.7,1242.1,1243.3,110402
1785731700,1243.4,1243.4,1241.1,1241.5,105511
1785732000,1241.5,1243.0,1240.1,1242.4,150855
1785732300,1242.4,1242.8,1241.0,1242.4,63395
1785732600,1242.4,1242.4,1241.5,1242.0,26957
1785732900,1241.8,1244.8,1241.1,1244.0,99000
1785733200,1243.5,1244.7,1242.2,1243.1,96588
1785733500,1243.0,1243.1,1241.5,1242.0,47686
1785733800,1241.5,1245.0,1241.5,1244.6,70999
1785734100,1244.7,1245.5,1244.5,1245.4,74074
1785734400,1245.4,1245.5,1245.0,1245.4,28303
1785734700,1245.4,1245.7,1242.9,1244.0,85837
1785735000,1244.0,1245.0,1243.5,1244.7,56423
1785735300,1244.8,1245.5,1244.5,1245.2,58921
1785735600,1245.2,1245.9,1244.4,1244.5,48333
1785735900,1244.9,1245.9,1244.7,1245.5,87654
1785736200,1245.4,1245.9,1244.9,1245.3,32720
1785736500,1245.5,1246.0,1244.8,1246.0,45711
1785736800,1245.9,1248.0,1245.7,1246.5,62686
1785737100,1246.2,1248.5,1246.0,1247.8,76405
1785737400,1247.8,1247.8,1246.7,1247.3,52779
1785737700,1247.3,1251.1,1247.0,1251.0,228966
1785738000,1251.0,1253.7,1248.6,1249.2,127895
1785738300,1248.9,1249.7,1248.3,1249.7,45231
1785738600,1249.6,1250.5,1248.4,1249.5,51199
1785738900,1249.9,1251.6,1249.5,1251.0,62735
1785739200,1250.6,1251.0,1249.5,1251.0,44430
1785739500,1251.2,1251.4,1249.6,1250.0,45942
1785739800,1250.0,1250.8,1249.2,1250.6,72063
1785740100,1250.7,1251.0,1250.0,1251.0,48167
1785740400,1251.0,1252.2,1250.3,1250.8,81815
1785740700,1250.9,1251.5,1250.0,1251.4,103939
1785741000,1251.5,1253.5,1251.1,1253.2,182932
1785741300,1253.4,1254.0,1249.6,1250.5,167542
1785741600,1250.5,1251.1,1249.8,1250.6,54704
1785741900,1250.7,1251.0,1250.0,1250.6,53974
1785742200,1250.8,1251.5,1250.0,1251.4,49586
1785742500,1251.4,1251.5,1250.0,1250.5,56486
1785742800,1250.7,1251.8,1250.0,1251.4,54856
1785743100,1250.9,1251.8,1250.6,1251.2,48705
1785743400,1251.7,1251.8,1250.5,1251.0,52203
1785743700,1251.0,1251.3,1250.4,1251.0,50251
1785744000,1250.9,1251.8,1250.4,1251.6,47630
1785744300,1251.8,1252.6,1251.4,1252.0,70568
1785744600,1252.0,1252.3,1250.0,1251.3,74253
1785744900,1251.2,1252.3,1250.5,1251.3,58373
1785745200,1251.3,1251.9,1250.5,1251.9,54468
1785745500,1251.9,1253.3,1250.8,1252.7,73261
1785745800,1252.7,1252.7,1251.5,1252.0,52714
1785746100,1252.0,1252.7,1251.4,1251.8,50767
1785746400,1251.9,1252.2,1251.3,1251.9,57195
1785746700,1251.9,1252.8,1250.3,1251.3,66750
1785747000,1251.3,1252.2,1250.2,1250.8,108638
1785747300,1250.8,1251.2,1250.0,1250.0,53404
1785747600,1250.3,1250.5,1250.0,1250.0,53387
1785747900,1250.0,1252.1,1250.0,1252.0,78635
1785748200,1252.1,1252.9,1251.5,1252.6,60621
1785748500,1252.9,1253.8,1252.5,1253.6,59509
1785748800,1253.4,1255.1,1252.9,1254.8,232301
1785749100,1254.6,1255.0,1252.9,1254.0,126015
1785749400,1254.0,1254.6,1253.2,1253.6,120157
1785749700,1253.7,1254.8,1252.6,1254.5,207100
1785750000,1254.6,1255.1,1253.0,1253.0,193855
1785750300,1253.0,1253.0,1253.0,1253.0,0
1785750600,1253.0,1253.0,1253.0,1253.0,0
1785750900,1253.0,1272.0,1253.0,1272.0,201971
1785815100,1264.0,1264.0,1248.5,1260.4,270770
1785815400,1260.4,1261.0,1255.8,1255.8,160576
1785815700,1255.8,1256.3,1254.0,1254.6,61604
1785816000,1254.6,1254.6,1251.5,1252.1,44814
1785816300,1251.8,1252.8,1251.8,1252.6,42436
1785816600,1252.6,1254.6,1252.1,1253.3,23233
1785816900,1253.6,1254.6,1253.3,1254.1,21786
1785817200,1254.1,1254.4,1252.6,1253.1,58014
1785817500,1253.6,1256.6,1253.5,1256.0,206336
1785817800,1256.4,1260.0,1256.0,1258.2,226828
1785818100,1257.8,1258.8,1256.4,1256.7,215032
1785818400,1256.4,1259.0,1256.4,1258.5,72286
1785818700,1258.9,1259.3,1258.1,1258.3,24358
1785819000,1258.3,1258.6,1257.5,1257.9,26136
1785819300,1257.6,1260.3,1257.6,1258.7,243184
1785819600,1258.7,1259.0,1257.0,1257.7,278270
1785819900,1257.8,1257.9,1256.6,1257.5,84862
1785820200,1257.7,1259.5,1257.5,1258.6,46597
1785820500,1258.6,1259.6,1256.8,1257.5,47551
1785820800,1257.0,1257.8,1254.1,1254.1,115262
1785821100,1254.1,1254.7,1252.6,1252.8,39588
1785821400,1252.5,1254.5,1252.5,1254.0,26840
1785821700,1253.8,1254.3,1252.6,1253.0,21692
1785822000,1253.0,1254.3,1252.6,1253.3,21190
1785822300,1253.0,1255.2,1253.0,1254.8,46621
1785822600,1254.9,1254.9,1253.4,1254.1,18351
1785822900,1253.7,1254.5,1253.5,1254.0,17821
1785823200,1253.6,1254.0,1252.2,1252.8,23173
1785823500,1253.0,1253.4,1252.0,1252.9,43267
1785823800,1252.7,1253.2,1251.8,1252.5,34201
1785824100,1252.1,1253.1,1251.0,1251.2,55565
1785824400,1251.2,1252.1,1251.1,1252.0,18869
1785824700,1251.6,1252.1,1251.0,1251.7,82958
1785825000,1251.2,1251.7,1250.0,1250.5,64971
1785825300,1250.2,1250.6,1247.1,1247.7,80166
1785825600,1247.7,1249.6,1246.9,1249.0,40363
1785825900,1248.7,1252.2,1248.4,1252.0,77194
1785826200,1252.1,1252.2,1252.0,1252.1,57598
1785826500,1252.1,1252.1,1251.0,1251.0,171265
1785826800,1251.0,1251.1,1250.1,1250.8,90396
1785827100,1250.3,1250.8,1250.0,1250.0,58457
1785827400,1250.1,1250.4,1247.4,1248.2,145468
1785827700,1248.0,1249.0,1248.0,1248.9,20294
1785828000,1248.7,1249.0,1248.1,1248.3,18174
1785828300,1248.1,1248.8,1247.7,1247.7,28247
1785828600,1247.7,1247.9,1246.4,1247.0,41840
1785828900,1247.1,1247.3,1246.4,1246.7,24316
1785829200,1246.5,1246.7,1245.5,1245.8,22250
1785829500,1245.8,1247.0,1245.4,1245.9,46888
1785829800,1245.6,1246.3,1244.0,1245.7,65516
1785830100,1245.7,1246.3,1245.7,1245.9,41488
1785830400,1246.0,1247.4,1245.5,1246.0,62139
1785830700,1246.0,1246.5,1245.3,1246.1,49244
1785831000,1245.8,1246.4,1245.4,1246.0,39312
1785831300,1245.4,1246.0,1245.0,1245.0,40262
1785831600,1245.2,1246.0,1244.3,1244.7,71923
1785831900,1244.6,1246.3,1244.3,1246.3,135462
1785832200,1246.0,1246.6,1245.4,1246.4,35260
1785832500,1246.0,1248.2,1246.0,1247.2,54333
1785832800,1247.5,1248.1,1246.6,1247.1,38618
1785833100,1246.9,1249.4,1246.9,1249.3,85639
1785833400,1249.2,1250.0,1248.0,1248.8,67346
1785833700,1248.8,1249.6,1248.3,1248.5,42721
1785834000,1248.5,1249.8,1248.1,1249.2,53451
1785834300,1248.7,1249.6,1248.1,1248.5,39286
1785834600,1248.5,1249.4,1248.0,1248.0,44132
1785834900,1248.3,1250.3,1248.0,1249.1,56110
1785835200,1249.2,1250.9,1249.1,1249.3,130116
1785835500,1249.6,1251.5,1248.8,1249.4,182113
1785835800,1249.9,1250.1,1248.8,1249.1,86922
1785836100,1249.4,1250.3,1248.1,1248.8,188458
1785836400,1248.8,1250.1,1248.0,1248.0,152279
1785836700,1248.0,1248.0,1248.0,1248.0,0
1785837000,1248.0,1248.0,1248.0,1248.0,0
1785837300,1248.0,1261.8,1248.0,1261.8,178353
1785901500,1260.0,1263.0,1252.5,1261.2,241075
1785901800,1261.4,1261.7,1258.0,1258.0,79190
1785902100,1257.8,1259.0,1256.0,1256.8,72685
1785902400,1256.8,1256.9,1253.0,1253.3,104814
1785902700,1253.3,1254.9,1252.0,1254.8,144699
1785903000,1254.8,1257.1,1254.0,1256.8,74109
1785903300,1256.8,1257.1,1255.8,1255.9,39213
1785903600,1256.1,1256.4,1253.0,1253.0,61088
1785903900,1253.5,1254.9,1253.1,1254.6,49445
1785904200,1255.0,1257.6,1254.3,1256.8,58559
1785904500,1256.6,1256.8,1254.0,1255.1,117508
1785904800,1255.1,1256.1,1254.8,1255.0,24044
1785905100,1255.0,1255.5,1254.0,1254.7,28620
1785905400,1254.7,1255.5,1253.4,1253.5,46705
1785905700,1253.5,1253.6,1248.7,1249.6,86620
1785906000,1249.1,1250.2,1247.0,1250.0,78115
1785906300,1250.1,1251.6,1249.5,1250.6,39340
1785906600,1250.6,1251.9,1250.2,1251.1,37272
1785906900,1251.4,1253.0,1251.1,1253.0,38663
1785907200,1252.9,1254.8,1252.2,1254.5,42717
1785907500,1254.4,1257.6,1254.2,1256.9,94221
1785907800,1256.9,1257.2,1255.2,1255.2,58944
1785908100,1255.6,1256.5,1253.5,1253.5,85750
1785908400,1253.9,1255.1,1253.1,1254.9,36534
1785908700,1254.9,1255.8,1254.6,1255.3,29796
1785909000,1255.0,1255.1,1253.6,1253.9,24594
1785909300,1254.0,1254.0,1253.0,1253.8,39402
1785909600,1253.6,1254.0,1253.0,1253.3,18094
1785909900,1253.1,1253.7,1252.8,1253.4,29766
1785910200,1253.5,1253.6,1253.0,1253.0,22037
1785910500,1253.1,1253.5,1252.3,1252.3,20937
1785910800,1252.3,1252.7,1251.4,1252.0,16897
1785911100,1252.0,1252.0,1251.0,1252.0,41920
1785911400,1252.0,1252.0,1251.5,1251.5,19858
1785911700,1251.8,1251.8,1250.5,1250.8,19450
1785912000,1250.4,1251.0,1250.1,1250.7,36500
1785912300,1250.6,1250.6,1249.5,1249.6,48365
1785912600,1249.7,1251.0,1249.5,1250.9,56602
1785912900,1250.4,1251.4,1249.8,1251.0,40180
1785913200,1251.0,1251.0,1249.2,1249.4,28634
1785913500,1249.2,1249.9,1248.6,1249.5,27258
1785913800,1249.7,1250.1,1248.7,1249.1,19435
1785914100,1249.4,1249.6,1248.6,1248.7,14711
1785914400,1248.9,1249.0,1248.0,1248.2,27631
1785914700,1248.0,1248.6,1247.1,1247.1,29700
1785915000,1247.4,1247.8,1247.0,1247.5,26363
1785915300,1247.8,1248.1,1246.2,1247.6,68712
1785915600,1247.6,1248.0,1246.5,1246.9,28217
1785915900,1246.8,1248.9,1246.8,1248.8,26900
1785916200,1248.9,1249.2,1248.3,1248.9,79021
1785916500,1248.6,1248.6,1247.1,1247.6,78947
1785916800,1247.6,1248.6,1246.5,1247.2,93151
1785917100,1247.5,1248.1,1246.9,1247.2,34957
1785917400,1247.2,1247.6,1246.3,1246.7,42188
1785917700,1246.9,1248.7,1246.5,1248.7,55984
1785918000,1248.8,1249.0,1247.5,1248.4,50816
1785918300,1248.4,1249.5,1247.6,1249.1,31582
1785918600,1249.4,1249.4,1248.4,1248.7,24976
1785918900,1248.9,1249.7,1248.5,1249.0,25730
1785919200,1249.2,1250.9,1249.0,1249.0,34144
1785919500,1249.4,1249.6,1247.6,1249.0,26077
1785919800,1248.7,1249.0,1248.2,1248.7,79882
1785920100,1248.5,1249.0,1247.8,1248.3,46354
1785920400,1248.3,1248.8,1247.5,1247.8,72665
1785920700,1247.8,1250.2,1247.3,1248.9,79303
1785921000,1249.3,1249.6,1248.2,1249.5,58906
1785921300,1249.5,1250.7,1249.3,1250.5,59208
1785921600,1250.4,1251.5,1249.6,1250.7,96566
1785921900,1250.7,1252.5,1250.0,1252.5,143671
1785922200,1252.1,1253.2,1251.3,1252.1,129914
1785922500,1252.3,1253.9,1252.0,1253.3,148162
1785922800,1253.4,1255.0,1252.0,1255.0,141212
1785923100,1255.0,1255.0,1255.0,1255.0,1789
1785923400,1255.0,1255.0,1255.0,1255.0,0
1785923700,1255.0,1255.0,1253.9,1253.9,122492
1785987900,1256.1,1259.9,1254.1,1257.7,135701
1785988200,1257.7,1257.7,1255.6,1256.2,52636
1785988500,1256.3,1258.9,1255.4,1255.5,54710
1785988800,1255.5,1256.0,1253.7,1253.9,39367
1785989100,1254.1,1255.3,1253.5,1255.0,31338
1785989400,1255.0,1255.8,1254.0,1254.6,27699
1785989700,1254.8,1255.6,1254.1,1254.4,19244
1785990000,1254.4,1255.2,1252.2,1254.4,38901
1785990300,1254.5,1255.3,1251.2,1251.3,36720
1785990600,1251.3,1251.3,1248.9,1249.7,69288
1785990900,1249.6,1249.7,1248.3,1248.8,38944
1785991200,1248.8,1250.2,1248.6,1249.5,34961
1785991500,1249.6,1250.0,1249.1,1249.3,43638
1785991800,1249.4,1254.4,1249.3,1253.8,69536
1785992100,1253.9,1253.9,1252.4,1253.5,66379
1785992400,1253.4,1256.4,1253.1,1254.5,80969
1785992700,1254.4,1254.8,1253.5,1254.1,36007
1785993000,1254.1,1254.4,1253.5,1254.3,17990
1785993300,1254.2,1255.0,1253.4,1254.5,32574
1785993600,1254.6,1255.4,1254.4,1255.2,31377
1785993900,1255.3,1256.7,1254.8,1255.8,37651
1785994200,1255.6,1256.5,1255.2,1256.3,22174
1785994500,1256.2,1256.7,1255.8,1256.6,26022
1785994800,1256.5,1257.2,1255.6,1256.4,52500
1785995100,1256.6,1257.5,1255.5,1256.8,24038
1785995400,1256.8,1257.6,1256.7,1257.4,37296
1785995700,1257.3,1257.7,1255.9,1256.8,49983
1785996000,1256.8,1257.3,1255.8,1256.4,38755
1785996300,1256.3,1256.8,1255.7,1256.1,44970
1785996600,1256.1,1256.4,1253.8,1253.9,46733
1785996900,1253.8,1255.3,1253.7,1254.6,53396
1785997200,1254.5,1256.4,1254.5,1256.3,23529
1785997500,1256.1,1257.5,1255.9,1256.7,60853
1785997800,1256.6,1257.4,1256.0,1256.2,33481
1785998100,1256.3,1256.4,1255.1,1255.6,30522
1785998400,1255.5,1257.6,1255.3,1257.5,83296
1785998700,1257.2,1258.5,1257.1,1257.8,58716
1785999000,1257.7,1258.4,1257.5,1258.4,29856
1785999300,1258.3,1258.4,1258.0,1258.3,15719
1785999600,1258.2,1258.8,1257.5,1258.5,43018
1785999900,1258.4,1259.4,1258.0,1258.4,40050
1786000200,1258.7,1258.9,1258.0,1258.5,26510
1786000500,1258.4,1258.8,1257.9,1258.2,27743
1786000800,1258.1,1258.7,1257.2,1257.7,55724
1786001100,1257.9,1258.0,1257.2,1257.9,52506
1786001400,1257.9,1257.9,1256.9,1257.1,42570
1786001700,1257.0,1257.7,1256.2,1257.1,46538
1786002000,1257.2,1258.0,1256.4,1256.5,77555
1786002300,1256.4,1258.4,1255.8,1257.8,141940
1786002600,1257.8,1258.4,1255.0,1255.0,212258
1786002900,1255.0,1255.6,1254.0,1254.3,70713
1786003200,1254.5,1255.1,1253.7,1254.7,34750
1786003500,1255.0,1256.6,1254.1,1255.7,103508
1786003800,1255.9,1256.3,1255.6,1255.6,25937
1786004100,1256.1,1256.1,1254.5,1255.3,83441
1786004400,1255.4,1256.6,1254.8,1255.6,76780
1786004700,1255.8,1256.5,1254.2,1255.4,129514
1786005000,1255.4,1256.5,1255.2,1255.8,59014
1786005300,1255.7,1256.9,1255.5,1256.4,40611
1786005600,1256.6,1256.9,1255.9,1256.1,41198
1786005900,1256.2,1257.3,1256.0,1256.8,47405
1786006200,1256.8,1257.0,1255.1,1256.1,70918
1786006500,1256.3,1256.5,1255.3,1256.0,47324
1786006800,1256.3,1257.1,1253.5,1255.1,300295
1786007100,1255.2,1255.5,1253.5,1253.6,81787
1786007400,1253.9,1255.7,1253.9,1255.1,141472
1786007700,1255.1,1255.4,1254.8,1255.1,39493
1786008000,1255.0,1255.7,1254.9,1255.6,51627
1786008300,1255.4,1256.1,1254.1,1255.5,110695
1786008600,1255.2,1255.5,1253.8,1254.2,210076
1786008900,1254.6,1257.2,1253.8,1255.6,201932
1786009200,1255.6,1256.6,1254.6,1254.6,116825
1786009500,1256.0,1256.0,1256.0,1256.0,57
1786009800,1256.0,1256.0,1256.0,1256.0,0
1786010100,1256.0,1256.0,1256.0,1256.0,235817
1786074300,1252.1,1256.0,1248.1,1249.4,101228
1786074600,1249.5,1250.5,1248.4,1249.1,35680
1786074900,1249.0,1250.0,1248.0,1249.0,25664
1786075200,1248.6,1249.0,1246.0,1246.5,47065
1786075500,1246.5,1247.4,1246.1,1247.0,25960
1786075800,1247.1,1247.9,1246.3,1247.9,26696
1786076100,1247.9,1248.4,1247.2,1248.4,16845
1786076400,1248.4,1248.6,1247.1,1247.1,26270
1786076700,1247.1,1248.6,1247.0,1248.5,27281
1786077000,1248.5,1248.5,1246.5,1246.6,20578
1786077300,1246.6,1248.1,1246.5,1247.5,11798
1786077600,1247.5,1248.8,1247.4,1248.2,22118
1786077900,1248.6,1248.8,1246.3,1246.6,58085
1786078200,1246.5,1247.7,1246.5,1247.2,14819
1786078500,1247.4,1247.6,1245.1,1245.7,59922
1786078800,1245.8,1246.1,1244.2,1245.0,56572
1786079100,1245.0,1246.0,1244.5,1246.0,17927
1786079400,1246.0,1246.3,1245.7,1246.0,10994
1786079700,1246.1,1246.5,1245.8,1246.0,15862
1786080000,1246.0,1246.2,1245.0,1245.2,14614
1786080300,1245.4,1246.2,1245.1,1245.6,20215
1786080600,1245.8,1246.0,1244.5,1245.2,42950
1786080900,1245.1,1246.7,1244.7,1246.7,30167
1786081200,1246.6,1247.0,1246.3,1246.3,11546
1786081500,1246.4,1246.7,1244.9,1245.6,24315
1786081800,1245.7,1246.3,1245.5,1245.7,14251
1786082100,1245.6,1246.0,1245.1,1245.3,16531
1786082400,1245.5,1245.8,1244.8,1244.8,16740
1786082700,1245.2,1245.8,1244.5,1245.2,14750
1786083000,1245.2,1245.6,1245.0,1245.0,10502
1786083300,1245.3,1245.5,1244.6,1244.7,10586
1786083600,1245.0,1245.0,1243.1,1243.7,28710
1786083900,1243.8,1243.8,1243.0,1243.5,34571
1786084200,1243.8,1244.6,1243.2,1243.7,32504
1786084500,1244.1,1244.3,1242.5,1242.5,34735
1786084800,1242.5,1244.2,1241.9,1243.0,52288
1786085100,1243.5,1243.7,1242.7,1242.8,34857
1786085400,1243.1,1244.5,1242.7,1244.2,53126
1786085700,1244.3,1246.4,1243.3,1246.0,132237
1786086000,1246.0,1246.4,1245.6,1246.1,38250
1786086300,1246.0,1246.4,1245.8,1246.0,22248
1786086600,1246.3,1246.7,1246.0,1246.0,28392
1786086900,1246.5,1247.3,1246.0,1246.7,23289
1786087200,1247.1,1247.6,1246.7,1246.7,22069
1786087500,1246.8,1248.0,1246.7,1246.8,47201
1786087800,1246.9,1248.5,1246.7,1247.3,131973
1786088100,1247.5,1247.5,1244.0,1244.2,54445
1786088400,1244.0,1244.4,1243.1,1243.3,53189
1786088700,1243.6,1244.3,1243.2,1243.7,41406
1786089000,1243.8,1244.9,1243.6,1243.8,40537
1786089300,1243.8,1245.1,1243.8,1244.2,46657
1786089600,1244.2,1244.5,1242.0,1242.0,56926
1786089900,1242.1,1243.6,1242.0,1242.9,48695
1786090200,1243.5,1243.5,1242.4,1242.4,37816
1786090500,1242.4,1244.5,1242.4,1243.5,97042
1786090800,1243.6,1245.0,1243.1,1243.2,50576
1786091100,1243.5,1243.8,1242.1,1242.4,50257
1786091400,1242.5,1243.7,1240.5,1241.0,75803
1786091700,1241.2,1241.4,1240.0,1240.4,53174
1786092000,1240.2,1241.0,1239.1,1240.4,71491
1786092300,1240.8,1241.5,1239.8,1240.5,44120
1786092600,1240.8,1241.4,1240.2,1240.6,50961
1786092900,1240.7,1241.8,1240.4,1240.4,73166
1786093200,1240.7,1242.9,1239.8,1241.6,127992
1786093500,1241.8,1242.8,1241.4,1241.6,80503
1786093800,1241.6,1242.4,1240.3,1242.0,58755
1786094100,1242.0,1242.8,1241.3,1242.2,54966
1786094400,1242.2,1242.6,1242.1,1242.4,50904
1786094700,1242.5,1244.0,1242.4,1243.9,82350
1786095000,1244.0,1245.0,1243.0,1243.6,105558
1786095300,1243.9,1245.9,1242.9,1245.5,154927
1786095600,1245.8,1246.7,1242.1,1243.0,171331
1786095900,1242.0,1242.0,1242.0,1242.0,337
1786096200,1242.0,1242.0,1242.0,1242.0,0
1786096500,1242.0,1242.0,1238.0,1238.0,211271
1786333500,1235.0,1248.0,1235.0,1247.3,180807
1786333800,1247.1,1248.6,1244.7,1245.5,52986
1786334100,1245.1,1245.8,1243.6,1244.2,32136
1786334400,1243.7,1243.9,1240.7,1241.4,42284
1786334700,1241.0,1241.2,1240.1,1241.1,58327
1786335000,1241.0,1241.5,1238.5,1240.4,57038
1786335300,1240.6,1243.0,1240.6,1241.8,39848
1786335600,1241.3,1242.6,1240.1,1241.5,41966
1786335900,1241.1,1244.8,1241.0,1243.5,85559
1786336200,1243.9,1245.3,1243.7,1243.8,106860
1786336500,1243.9,1243.9,1240.2,1240.5,33410
1786336800,1240.4,1241.3,1239.8,1240.6,31732
1786337100,1240.8,1241.7,1240.3,1241.2,21683
1786337400,1241.4,1242.0,1241.0,1241.7,23507
1786337700,1241.6,1241.6,1240.4,1240.6,18144
1786338000,1240.8,1241.8,1240.0,1240.4,37892
1786338300,1240.4,1240.9,1240.0,1240.3,18178
1786338600,1240.3,1241.9,1240.2,1241.2,41966
1786338900,1241.5,1242.8,1241.0,1241.4,45033
1786339200,1241.0,1242.1,1241.0,1241.6,28846
1786339500,1241.1,1241.7,1240.5,1241.0,35241
1786339800,1241.3,1242.4,1240.9,1242.0,35403
1786340100,1241.8,1242.0,1240.8,1240.9,23040
1786340400,1240.9,1242.5,1240.6,1241.6,38520
1786340700,1241.8,1243.5,1241.3,1242.4,37664
1786341000,1242.5,1243.3,1241.2,1241.4,41305
1786341300,1241.5,1242.9,1241.1,1241.9,28921
1786341600,1242.2,1242.6,1241.6,1241.8,25064
1786341900,1242.1,1243.0,1241.4,1242.6,45939
1786342200,1243.0,1243.0,1241.7,1241.9,21600
1786342500,1242.0,1244.0,1241.4,1243.1,25008
1786342800,1243.1,1244.0,1242.5,1242.5,26749
1786343100,1242.5,1244.1,1242.4,1243.4,30645
1786343400,1243.4,1244.9,1243.0,1244.4,28964
1786343700,1244.7,1244.9,1243.2,1244.5,27534
1786344000,1244.2,1245.9,1243.4,1244.7,49504
1786344300,1244.2,1246.9,1244.2,1245.4,31686
1786344600,1245.7,1246.6,1244.9,1245.1,32290
1786344900,1245.4,1246.0,1243.5,1245.9,63630
1786345200,1245.7,1248.0,1245.6,1246.8,33342
1786345500,1246.6,1247.4,1246.2,1246.2,27776
1786345800,1246.2,1247.2,1245.0,1245.1,25708
1786346100,1245.5,1245.7,1244.0,1244.0,27871
1786346400,1244.3,1244.5,1242.8,1243.9,23030
1786346700,1243.2,1244.2,1242.9,1243.4,21348
1786347000,1243.6,1244.4,1242.7,1243.7,18492
1786347300,1244.0,1244.0,1241.7,1242.4,45238
1786347600,1242.2,1242.7,1241.5,1242.7,17487
1786347900,1242.5,1244.3,1242.5,1243.3,29349
1786348200,1243.6,1244.2,1243.3,1243.9,19869
1786348500,1244.0,1245.4,1243.9,1245.4,23160
1786348800,1245.2,1246.9,1244.6,1246.4,102595
1786349100,1246.7,1247.5,1245.6,1246.5,45734
1786349400,1246.5,1247.2,1246.1,1246.5,25136
1786349700,1246.5,1247.3,1245.0,1245.0,111564
1786350000,1245.0,1246.3,1245.0,1245.3,26578
1786350300,1245.3,1246.1,1245.0,1245.3,34669
1786350600,1245.3,1247.0,1245.2,1246.5,40883
1786350900,1246.5,1246.9,1245.7,1246.5,30585
1786351200,1246.9,1247.3,1246.5,1246.5,26068
1786351500,1246.8,1247.5,1246.4,1246.5,23173
1786351800,1246.5,1247.2,1246.2,1247.0,20237
1786352100,1246.5,1247.0,1246.5,1246.5,24365
1786352400,1246.7,1247.3,1245.9,1246.5,125825
1786352700,1246.5,1246.7,1245.0,1245.5,86902
1786353000,1245.1,1245.8,1245.0,1245.6,59606
1786353300,1245.4,1245.7,1243.8,1244.4,94017
1786353600,1244.7,1245.0,1244.0,1244.7,71348
1786353900,1244.7,1245.8,1244.5,1245.5,95110
1786354200,1245.4,1248.0,1245.1,1247.1,141937
1786354500,1247.0,1248.3,1246.7,1247.1,117327
1786354800,1247.0,1250.0,1245.7,1246.6,160699
1786355100,1246.5,1246.5,1246.5,1246.5,59
1786355400,1246.5,1246.5,1246.5,1246.5,0
1786355700,1246.5,1247.3,1246.5,1247.3,149057
1786419900,1242.0,1243.0,1235.1,1236.5,162496
1786420200,1236.5,1236.7,1233.4,1234.0,76839
1786420500,1234.0,1234.5,1231.8,1232.2,144910
1786420800,1231.5,1231.5,1228.7,1229.9,103502
1786421100,1230.5,1231.0,1228.5,1229.6,44089
1786421400,1229.6,1230.3,1229.1,1230.3,37883
1786421700,1230.1,1230.9,1229.5,1229.7,31975
1786422000,1229.8,1230.8,1229.5,1230.3,28192
1786422300,1230.4,1231.9,1230.2,1231.5,39245
1786422600,1231.3,1231.7,1230.1,1231.3,50946
1786422900,1231.3,1231.6,1230.6,1231.2,22283
1786423200,1231.1,1232.4,1230.7,1231.5,40657
1786423500,1231.6,1231.6,1230.1,1230.1,28143
1786423800,1230.1,1230.2,1228.1,1228.5,86908
1786424100,1228.5,1231.9,1228.5,1231.0,88249
1786424400,1231.0,1231.9,1230.6,1231.7,31117
1786424700,1231.7,1232.7,1231.3,1232.2,50292
1786425000,1232.2,1232.8,1231.8,1232.4,49603
1786425300,1232.4,1232.4,1231.5,1232.2,35148
1786425600,1232.1,1232.7,1231.9,1232.3,37419
1786425900,1232.3,1232.6,1231.5,1232.1,28188
1786426200,1232.1,1232.6,1231.5,1231.9,27184
1786426500,1231.9,1232.4,1231.8,1232.0,34938
1786426800,1231.9,1232.2,1230.6,1231.8,63425
1786427100,1231.7,1231.7,1231.0,1231.4,21610
1786427400,1231.2,1231.8,1231.0,1231.1,20181
1786427700,1231.0,1232.2,1231.0,1231.2,23351
1786428000,1231.4,1231.4,1231.0,1231.0,13664
1786428300,1231.0,1231.9,1230.9,1231.7,20098
1786428600,1231.7,1232.7,1231.7,1232.1,36459
1786428900,1232.1,1232.6,1231.3,1231.6,44402
1786429200,1231.7,1232.0,1230.0,1230.4,41461
1786429500,1230.2,1230.7,1230.1,1230.5,31210
1786429800,1230.5,1231.0,1229.4,1230.2,66127
1786430100,1230.2,1230.7,1229.8,1230.0,41215
1786430400,1230.2,1230.8,1230.0,1230.6,48421
1786430700,1230.5,1230.6,1229.8,1230.3,38631
1786431000,1230.2,1230.9,1229.7,1229.8,71387
1786431300,1229.9,1230.8,1229.8,1230.1,47926
1786431600,1230.0,1230.2,1229.3,1229.4,26876
1786431900,1229.4,1229.8,1227.3,1228.0,85686
1786432200,1227.6,1229.8,1226.1,1228.4,212719
1786432500,1228.4,1230.9,1227.2,1230.1,81890
1786432800,1230.1,1230.8,1229.8,1230.0,43498
1786433100,1230.1,1230.1,1229.9,1230.1,57910
1786433400,1230.0,1231.5,1230.0,1230.9,92308
1786433700,1230.9,1233.0,1228.4,1231.3,378972
1786434000,1231.3,1231.7,1228.8,1229.2,72750
1786434300,1228.8,1229.0,1226.5,1227.0,275922
1786434600,1227.4,1227.5,1225.4,1227.1,285709
1786434900,1227.1,1231.5,1226.7,1231.0,117623
1786435200,1231.0,1232.0,1230.6,1231.1,73428
1786435500,1230.9,1231.5,1229.1,1229.3,48025
1786435800,1229.6,1230.4,1229.3,1230.1,50005
1786436100,1230.2,1231.0,1229.6,1229.8,40845
1786436400,1229.7,1230.2,1229.0,1229.5,46240
1786436700,1229.5,1230.2,1228.8,1228.8,34224
1786437000,1229.2,1230.1,1228.1,1228.5,59342
1786437300,1228.5,1229.9,1228.0,1229.6,105055
1786437600,1229.6,1230.5,1228.7,1229.3,106787
1786437900,1229.7,1231.3,1229.0,1230.5,65471
1786438200,1230.5,1231.9,1230.0,1230.0,60716
1786438500,1230.1,1231.6,1229.1,1229.8,219559
1786438800,1229.6,1230.2,1229.0,1229.3,57712
1786439100,1229.2,1230.4,1229.0,1229.6,95159
1786439400,1229.6,1230.0,1229.2,1229.4,43573
1786439700,1229.4,1229.9,1228.9,1229.2,47181
1786440000,1229.2,1231.3,1229.1,1230.6,109753
1786440300,1230.5,1232.3,1230.2,1231.9,174340
1786440600,1231.8,1232.0,1229.7,1231.4,168809
1786440900,1231.0,1231.9,1229.0,1229.6,177457
1786441200,1229.8,1231.0,1229.4,1229.5,131743
1786441500,1230.5,1230.5,1230.5,1230.5,187
1786441800,1230.5,1230.5,1230.5,1230.5,0
1786442100,1230.5,1230.5,1229.8,1229.8,158520
1786506300,1230.0,1231.9,1226.3,1226.4,139559
1786506600,1226.3,1231.8,1226.2,1231.0,171332
1786506900,1231.4,1234.2,1231.0,1232.9,142401
1786507200,1233.0,1233.0,1230.7,1232.6,103350
1786507500,1232.6,1234.7,1232.0,1232.5,67511
1786507800,1232.6,1233.3,1231.4,1232.0,51368
1786508100,1232.1,1232.1,1231.0,1231.6,28094
1786508400,1231.2,1233.4,1230.8,1233.0,51718
1786508700,1233.3,1233.3,1231.2,1231.4,42817
1786509000,1231.8,1231.8,1230.5,1230.6,40277
1786509300,1230.8,1231.3,1230.2,1230.9,52104
1786509600,1231.0,1232.5,1230.4,1231.3,58837
1786509900,1231.7,1232.5,1231.1,1231.4,69214
1786510200,1231.9,1232.2,1231.0,1231.8,48178
1786510500,1231.9,1232.4,1231.3,1231.4,30702
1786510800,1231.7,1234.9,1231.3,1232.6,96292
1786511100,1232.8,1232.8,1231.2,1231.2,43818
1786511400,1231.3,1231.5,1229.6,1230.2,42781
1786511700,1229.9,1230.3,1228.4,1229.7,45531
1786512000,1229.7,1230.1,1229.0,1229.1,19959
1786512300,1229.1,1229.4,1226.3,1227.6,49761
1786512600,1227.3,1227.6,1223.6,1225.0,376151
1786512900,1225.0,1226.8,1224.8,1226.3,77681
1786513200,1226.9,1227.6,1225.5,1227.1,307132
1786513500,1226.9,1226.9,1224.7,1225.7,41188
1786513800,1225.9,1226.9,1225.1,1225.1,41718
1786514100,1225.2,1225.7,1223.7,1224.4,37087
1786514400,1224.4,1224.6,1223.0,1224.0,38189
1786514700,1224.1,1224.1,1222.3,1222.4,29612
1786515000,1222.4,1224.4,1222.1,1224.3,28566
1786515300,1224.3,1224.4,1221.7,1223.3,585268
1786515600,1223.1,1223.9,1222.3,1223.3,44990
1786515900,1223.5,1223.5,1222.3,1222.6,43393
1786516200,1222.6,1222.7,1222.0,1222.2,17650
1786516500,1222.2,1223.2,1222.0,1222.7,28223
1786516800,1222.8,1223.4,1221.4,1221.9,43159
1786517100,1222.1,1223.4,1221.8,1221.9,371416
1786517400,1221.9,1222.1,1221.6,1221.6,27009
1786517700,1221.6,1223.0,1221.5,1222.6,22073
1786518000,1223.0,1223.0,1221.5,1222.5,141524
1786518300,1222.7,1222.7,1221.1,1221.9,87032
1786518600,1221.9,1222.1,1220.0,1220.1,97820
1786518900,1220.3,1220.9,1218.6,1219.0,100735
1786519200,1218.8,1219.4,1218.5,1218.8,27186
1786519500,1218.6,1219.3,1217.7,1218.1,199799
1786519800,1218.3,1219.7,1216.9,1219.6,212282
1786520100,1219.5,1219.7,1218.3,1218.7,71360
1786520400,1218.5,1219.4,1218.5,1219.3,62197
1786520700,1219.4,1220.3,1219.0,1219.5,99585
1786521000,1219.3,1220.0,1219.1,1219.2,71087
1786521300,1219.6,1220.0,1218.9,1219.3,116349
1786521600,1219.8,1220.0,1219.2,1219.4,65543
1786521900,1219.6,1220.0,1219.1,1220.0,52134
1786522200,1219.9,1219.9,1219.0,1219.2,62482
1786522500,1219.3,1219.5,1218.0,1218.0,75157
1786522800,1218.5,1218.9,1217.9,1218.3,180078
1786523100,1218.4,1218.8,1218.0,1218.2,34914
1786523400,1218.1,1219.0,1217.6,1217.7,48824
1786523700,1218.2,1218.8,1217.7,1218.0,51806
1786524000,1218.0,1218.0,1217.5,1217.6,44405
1786524300,1217.6,1218.4,1217.5,1218.3,79236
1786524600,1218.1,1218.6,1217.2,1217.4,73046
1786524900,1217.5,1218.0,1217.1,1217.7,52710
1786525200,1217.6,1220.4,1217.3,1220.0,263033
1786525500,1220.1,1220.9,1219.0,1219.1,90000
1786525800,1219.1,1220.4,1218.9,1219.1,82802
1786526100,1219.6,1220.9,1219.1,1220.1,87286
1786526400,1220.3,1222.7,1219.8,1222.5,165295
1786526700,1222.7,1223.8,1221.1,1223.3,201282
1786527000,1223.3,1225.9,1223.3,1225.0,157784
1786527300,1225.0,1225.5,1222.8,1223.7,164034
1786527600,1223.8,1226.0,1223.4,1225.0,198771
1786527900,1225.0,1225.0,1225.0,1225.0,88
1786528200,1225.0,1225.0,1225.0,1225.0,0
1786528500,1225.0,1230.0,1225.0,1230.0,134120
1786592700,1224.5,1224.5,1217.3,1223.0,270504
1786593000,1223.0,1223.2,1220.8,1222.2,62434
1786593300,1222.5,1223.0,1221.8,1222.6,28259
1786593600,1222.6,1222.9,1221.0,1222.0,41812
1786593900,1221.8,1223.0,1221.2,1223.0,20380
1786594200,1222.7,1224.6,1222.7,1223.9,28778
1786594500,1224.0,1224.8,1222.0,1222.5,34541
1786594800,1222.6,1223.2,1221.7,1222.0,26968
1786595100,1222.0,1222.7,1220.4,1220.4,47781
1786595400,1220.6,1221.6,1219.3,1219.6,80547
1786595700,1219.8,1220.0,1219.1,1219.4,47869
1786596000,1219.5,1219.5,1218.1,1218.3,118939
1786596300,1218.2,1218.4,1217.5,1217.5,42779
1786596600,1217.6,1218.3,1216.8,1217.0,110886
1786596900,1217.0,1218.3,1216.9,1217.3,49283
1786597200,1217.3,1218.0,1216.7,1217.7,60949
1786597500,1217.6,1217.7,1216.5,1216.8,42839
1786597800,1217.0,1217.5,1216.3,1216.9,62859
1786598100,1217.3,1217.4,1216.5,1217.1,47834
1786598400,1217.3,1217.9,1217.1,1217.1,44255
1786598700,1217.5,1217.6,1216.9,1217.0,44823
1786599000,1217.0,1217.4,1216.6,1217.1,35294
1786599300,1217.1,1217.1,1216.5,1216.5,29929
1786599600,1216.5,1216.6,1216.0,1216.0,26154
1786599900,1216.1,1216.1,1215.6,1215.6,36833
1786600200,1215.7,1216.6,1215.6,1216.2,83180
1786600500,1216.1,1216.9,1216.0,1216.8,25802
1786600800,1216.7,1217.0,1216.5,1216.5,21448
1786601100,1217.0,1219.8,1216.7,1219.4,213848
1786601400,1219.5,1219.6,1218.6,1219.2,36643
1786601700,1219.2,1220.6,1218.6,1219.1,61398
1786602000,1219.1,1219.3,1218.4,1218.9,29012
1786602300,1218.6,1220.0,1218.2,1219.9,66323
1786602600,1220.0,1222.2,1219.9,1221.1,92354
1786602900,1221.1,1221.2,1220.2,1220.8,43944
1786603200,1220.6,1221.4,1220.5,1221.2,45004
1786603500,1221.3,1221.5,1220.5,1220.6,57781
1786603800,1220.8,1222.0,1220.6,1221.7,46295
1786604100,1221.8,1223.6,1221.7,1223.0,80698
1786604400,1223.0,1223.1,1222.3,1222.8,42489
1786604700,1222.8,1223.1,1222.2,1222.4,36831
1786605000,1222.4,1223.4,1222.3,1222.6,40045
1786605300,1222.7,1222.8,1221.1,1221.1,33528
1786605600,1221.1,1221.3,1220.8,1221.2,38914
1786605900,1221.1,1221.5,1220.2,1220.5,60829
1786606200,1220.6,1220.7,1219.6,1219.9,33512
1786606500,1220.0,1220.0,1219.6,1219.8,37468
1786606800,1219.9,1220.3,1219.8,1220.0,45782
1786607100,1220.1,1221.2,1219.2,1219.3,158891
1786607400,1219.2,1220.1,1219.1,1219.2,37362
1786607700,1219.3,1219.7,1218.8,1218.9,53914
1786608000,1219.0,1219.4,1218.2,1218.7,83164
1786608300,1218.9,1219.1,1218.6,1218.7,40485
1786608600,1218.8,1219.9,1218.6,1219.7,65465
1786608900,1219.7,1220.8,1218.8,1219.4,84268
1786609200,1219.5,1219.9,1218.8,1219.7,51012
1786609500,1219.8,1220.6,1219.7,1220.0,61814
1786609800,1220.1,1220.4,1218.6,1218.7,34701
1786610100,1218.8,1219.1,1218.2,1218.3,31498
1786610400,1218.4,1218.6,1217.6,1218.1,48999
1786610700,1218.1,1218.1,1217.5,1217.9,59050
1786611000,1217.9,1218.0,1217.4,1217.5,140058
1786611300,1217.5,1217.9,1217.1,1217.5,80942
1786611600,1217.5,1218.5,1217.5,1217.7,79940
1786611900,1217.7,1218.0,1217.4,1217.7,88596
1786612200,1217.8,1218.9,1217.7,1218.2,92954
1786612500,1218.2,1219.4,1218.1,1219.1,63422
1786612800,1219.1,1220.9,1219.0,1219.2,320049
1786613100,1219.4,1219.8,1218.5,1218.7,91331
1786613400,1218.7,1221.8,1218.6,1219.7,306804
1786613700,1219.8,1220.3,1218.9,1219.8,145570
1786614000,1219.8,1221.9,1219.0,1221.5,139256
1786614300,1221.5,1221.5,1221.5,1221.5,202
1786614600,1221.5,1221.5,1221.5,1221.5,0
1786614900,1221.5,1221.8,1221.5,1221.8,161673
1786679100,1216.0,1218.7,1212.1,1214.6,353976
1786679400,1214.6,1215.0,1213.0,1213.3,212509
1786679700,1213.2,1213.2,1210.1,1210.3,173001
1786680000,1210.4,1211.0,1209.6,1209.7,142333
1786680300,1209.6,1211.4,1209.6,1211.0,313731
1786680600,1211.0,1213.8,1210.1,1212.1,161846
1786680900,1212.0,1213.0,1211.2,1211.7,186685
1786681200,1211.7,1212.5,1211.7,1211.8,75775
1786681500,1211.8,1212.0,1211.3,1212.0,61066
1786681800,1211.9,1212.6,1211.6,1212.6,97892
1786682100,1212.6,1213.2,1212.1,1212.9,74500
1786682400,1212.9,1213.8,1211.5,1211.6,95864
1786682700,1211.7,1211.9,1210.4,1210.5,63618
1786683000,1210.7,1210.9,1210.4,1210.7,75877
1786683300,1210.7,1210.9,1210.3,1210.6,32064
1786683600,1210.8,1211.2,1208.7,1208.8,91457
1786683900,1208.9,1210.4,1208.6,1209.8,80113
1786684200,1209.8,1210.2,1209.6,1209.6,27345
1786684500,1209.7,1212.0,1209.6,1211.8,60287
1786684800,1211.8,1212.8,1211.5,1212.3,56847
1786685100,1212.3,1212.3,1211.4,1211.6,26894
1786685400,1211.5,1211.7,1211.0,1211.2,23839
1786685700,1211.3,1211.4,1211.0,1211.1,27396
1786686000,1211.3,1212.3,1211.1,1211.2,58133
1786686300,1211.2,1211.5,1211.0,1211.3,17924
1786686600,1212.5,1212.7,1211.8,1212.3,74568
1786686900,1212.2,1212.4,1210.8,1210.8,28308
1786687200,1210.9,1211.8,1210.2,1211.8,51352
1786687500,1211.7,1212.1,1210.0,1210.9,40832
1786687800,1210.9,1211.3,1210.5,1210.5,22472
1786688100,1210.7,1211.0,1210.2,1210.6,17838
1786688400,1210.7,1211.5,1210.2,1210.6,38543
1786688700,1210.6,1211.3,1210.5,1211.1,20057
1786689000,1211.2,1211.5,1210.9,1210.9,13716
1786689300,1211.0,1213.4,1210.9,1212.8,61033
1786689600,1212.8,1213.7,1212.6,1213.2,37786
1786689900,1213.5,1214.3,1213.1,1214.2,43283
1786690200,1214.2,1214.9,1214.0,1214.4,33513
1786690500,1214.7,1215.0,1214.0,1214.2,26863
1786690800,1214.3,1214.8,1213.3,1214.6,44771
1786691100,1214.5,1214.7,1213.2,1213.4,33053
1786691400,1213.5,1213.9,1212.5,1212.7,37846
1786691700,1212.6,1213.5,1212.4,1213.2,46372
1786692000,1213.3,1214.2,1212.9,1214.2,27533
1786692300,1214.2,1214.8,1214.1,1214.6,32746
1786692600,1214.6,1215.2,1214.2,1214.4,48313
1786692900,1214.4,1215.0,1213.8,1214.5,39591
1786693200,1214.5,1215.4,1214.4,1214.9,36316
1786693500,1214.9,1215.2,1213.2,1214.0,41452
1786693800,1214.0,1215.4,1214.0,1215.3,45980
1786694100,1215.3,1215.7,1214.5,1215.0,42431
1786694400,1215.1,1215.2,1214.3,1214.5,28204
1786694700,1214.3,1215.3,1214.3,1215.2,39822
1786695000,1215.2,1216.3,1215.0,1216.0,45525
1786695300,1216.0,1218.1,1215.9,1216.5,79980
1786695600,1216.3,1216.8,1216.0,1216.1,27541
1786695900,1216.6,1217.5,1215.7,1216.6,55166
1786696200,1216.6,1217.7,1216.5,1217.3,46496
1786696500,1217.4,1217.7,1216.0,1216.6,84525
1786696800,1216.6,1217.1,1216.0,1216.2,46987
1786697100,1216.2,1217.3,1216.2,1216.5,44328
1786697400,1217.0,1217.0,1214.6,1215.1,87790
1786697700,1215.3,1215.7,1214.5,1215.2,61963
1786698000,1215.2,1216.3,1214.8,1216.1,56741
1786698300,1216.2,1217.0,1215.0,1215.5,228053
1786698600,1215.5,1218.3,1215.2,1217.2,93315
1786698900,1217.2,1217.4,1215.6,1215.6,76371
1786699200,1215.7,1216.7,1215.6,1216.3,84268
1786699500,1216.4,1217.1,1215.6,1216.3,134171
1786699800,1216.3,1217.4,1216.1,1217.4,116834
1786700100,1216.4,1218.6,1216.4,1217.9,206388
1786700400,1217.9,1218.4,1216.9,1217.7,161786
1786700700,1216.0,1216.0,1216.0,1216.0,268
1786701000,1216.0,1216.0,1216.0,1216.0,0
1786701300,1216.0,1217.4,1216.0,1217.4,151822
1786938300,1220.0,1224.4,1217.4,1221.1,216119
1786938600,1220.9,1220.9,1217.0,1218.7,79517
1786938900,1218.7,1219.8,1217.0,1217.6,56315
1786939200,1217.3,1217.6,1213.6,1214.6,88765
1786939500,1214.2,1216.1,1214.2,1215.9,91971
1786939800,1216.4,1227.1,1216.4,1222.5,248429
1786940100,1222.5,1224.5,1221.0,1222.0,164602
1786940400,1222.0,1222.9,1221.0,1221.4,54653
1786940700,1221.6,1224.2,1220.5,1223.5,110943
1786941000,1223.3,1229.0,1222.6,1225.1,159926
1786941300,1225.1,1225.2,1221.8,1221.8,66641
1786941600,1222.0,1222.3,1219.6,1220.4,95207
1786941900,1220.4,1220.4,1216.3,1216.5,100436
1786942200,1216.5,1216.8,1214.5,1214.6,61341
1786942500,1214.5,1215.9,1214.5,1215.5,44098
1786942800,1215.0,1215.5,1214.7,1215.0,40013
1786943100,1215.1,1215.5,1214.5,1214.9,37839
1786943400,1214.7,1216.1,1214.6,1215.3,61454
1786943700,1215.2,1216.8,1214.8,1216.0,58047
1786944000,1215.8,1216.7,1215.4,1215.8,60548
1786944300,1216.0,1218.2,1215.0,1217.6,105120
1786944600,1217.3,1218.3,1217.0,1218.2,37853
1786944900,1218.2,1218.3,1217.2,1217.7,31479
1786945200,1217.8,1218.2,1217.0,1217.2,36678
1786945500,1217.2,1217.6,1216.6,1217.0,47550
1786945800,1217.0,1217.4,1216.0,1216.4,39128
1786946100,1216.1,1216.8,1215.7,1215.9,34009
1786946400,1215.8,1216.7,1215.4,1215.6,37685
1786946700,1215.7,1216.0,1213.9,1214.1,109019
1786947000,1214.1,1214.7,1213.8,1213.9,57784
1786947300,1213.8,1215.9,1213.6,1214.6,106266
1786947600,1214.4,1217.6,1214.3,1216.1,129505
1786947900,1215.8,1217.5,1214.9,1217.0,76670
1786948200,1217.2,1217.7,1216.5,1216.5,61707
1786948500,1216.5,1216.6,1215.4,1215.5,49181
1786948800,1215.5,1217.2,1215.4,1216.8,71033
1786949100,1217.0,1219.9,1216.7,1219.1,73503
1786949400,1219.2,1219.9,1218.5,1219.0,110623
1786949700,1219.0,1219.2,1218.0,1218.1,44804
1786950000,1218.0,1222.0,1218.0,1221.8,104267
1786950300,1221.7,1222.2,1220.2,1220.5,74690
1786950600,1220.5,1222.2,1220.5,1221.8,51629
1786950900,1221.8,1224.2,1221.7,1223.5,69604
1786951200,1223.3,1226.0,1223.3,1225.9,75702
1786951500,1225.9,1226.9,1225.8,1226.3,75277
1786951800,1226.3,1228.0,1226.3,1226.4,74842
1786952100,1226.4,1228.0,1225.8,1226.0,58301
1786952400,1225.9,1228.6,1225.9,1228.4,68823
1786952700,1228.3,1228.8,1227.1,1227.6,60650
1786953000,1227.6,1228.9,1225.7,1225.7,104528
1786953300,1225.7,1228.4,1225.4,1228.0,60878
1786953600,1228.1,1229.5,1227.4,1229.0,60609
1786953900,1229.1,1230.0,1228.6,1229.9,59130
1786954200,1229.9,1232.1,1229.0,1231.5,135715
1786954500,1231.5,1231.9,1229.7,1229.9,53069
1786954800,1229.8,1230.0,1228.6,1228.7,43219
1786955100,1228.7,1230.4,1227.7,1230.2,66909
1786955400,1230.2,1230.2,1229.0,1229.2,28188
1786955700,1229.4,1229.6,1228.9,1229.0,22439
1786956000,1228.9,1230.0,1228.8,1229.6,35304
1786956300,1229.5,1231.4,1229.2,1230.8,49884
1786956600,1230.8,1231.1,1229.6,1230.6,73516
1786956900,1230.6,1231.1,1229.9,1230.6,38842
1786957200,1230.6,1230.9,1230.0,1230.7,36361
1786957500,1230.7,1232.7,1230.4,1232.1,61814
1786957800,1232.0,1234.9,1231.5,1234.4,105051
1786958100,1234.5,1235.0,1233.1,1234.0,90937
1786958400,1234.0,1234.7,1233.4,1234.7,88672
1786958700,1234.7,1235.0,1233.9,1234.6,90181
1786959000,1234.6,1234.6,1231.2,1232.3,158111
1786959300,1232.2,1232.4,1229.9,1232.2,314351
1786959600,1232.7,1234.8,1231.5,1233.0,237565
1786959900,1234.0,1234.0,1234.0,1234.0,21
1786960200,1234.0,1234.0,1234.0,1234.0,0
1786960500,1234.0,1234.0,1227.3,1227.3,154133
1787024700,1223.9,1233.9,1223.4,1231.7,145263
1787025000,1231.7,1231.7,1229.3,1231.1,38223
1787025300,1231.0,1233.6,1230.7,1233.3,40877
1787025600,1233.0,1234.0,1231.5,1232.8,44746
1787025900,1232.8,1235.8,1232.8,1235.6,63471
1787026200,1235.8,1236.9,1234.3,1235.2,62019
1787026500,1235.5,1236.0,1234.1,1236.0,29235
1787026800,1236.0,1236.0,1233.9,1235.2,24285
1787027100,1235.0,1235.1,1233.1,1233.4,36544
1787027400,1233.3,1234.0,1232.1,1233.7,52622
1787027700,1233.8,1235.7,1233.8,1233.9,55867
1787028000,1233.9,1234.6,1233.5,1234.3,15220
1787028300,1234.5,1234.5,1232.8,1233.5,27902
1787028600,1233.5,1234.6,1233.0,1234.0,28696
1787028900,1234.5,1237.0,1233.5,1236.8,42162
1787029200,1236.6,1238.4,1235.7,1238.0,75337
1787029500,1237.9,1238.2,1236.9,1237.2,28698
1787029800,1236.9,1237.3,1235.0,1236.0,37837
1787030100,1235.7,1236.1,1234.5,1235.6,32753
1787030400,1235.9,1235.9,1233.3,1234.9,45324
1787030700,1235.0,1236.3,1234.6,1236.0,30500
1787031000,1235.5,1236.8,1235.0,1236.8,36613
1787031300,1236.6,1238.4,1235.8,1238.1,40851
1787031600,1238.2,1238.9,1236.9,1238.5,38898
1787031900,1238.5,1239.0,1236.3,1236.3,66597
1787032200,1236.3,1237.6,1236.0,1237.6,44006
1787032500,1237.6,1238.7,1236.7,1237.0,67051
1787032800,1236.9,1237.0,1236.0,1236.7,34586
1787033100,1236.9,1240.0,1236.4,1239.6,128357
1787033400,1239.5,1239.8,1238.0,1239.5,70338
1787033700,1239.5,1239.8,1238.5,1239.2,85629
1787034000,1239.0,1239.6,1237.4,1238.8,65348
1787034300,1238.8,1238.8,1237.6,1237.8,59691
1787034600,1237.9,1239.6,1237.9,1239.6,73929
1787034900,1239.6,1240.0,1239.1,1239.4,95299
1787035200,1239.3,1239.8,1237.2,1239.0,94675
1787035500,1238.5,1239.6,1238.3,1239.5,47793
1787035800,1239.5,1239.8,1238.5,1239.0,50076
1787036100,1239.0,1239.6,1238.2,1238.5,40814
1787036400,1238.1,1238.8,1237.4,1238.5,35367
1787036700,1238.5,1238.8,1237.0,1237.7,28452
1787037000,1237.3,1237.7,1235.6,1236.6,39320
1787037300,1236.6,1238.0,1236.1,1237.7,41891
1787037600,1237.7,1238.2,1236.7,1237.4,30107
1787037900,1237.4,1237.6,1236.2,1236.9,22902
1787038200,1236.7,1237.2,1236.0,1237.2,35372
1787038500,1237.2,1237.4,1236.0,1237.0,37315
1787038800,1237.3,1237.7,1236.7,1237.2,43012
1787039100,1237.0,1237.2,1236.2,1236.8,35480
1787039400,1236.8,1237.0,1235.6,1236.3,48610
1787039700,1236.3,1236.8,1235.7,1236.5,37456
1787040000,1236.6,1236.7,1235.8,1236.1,23128
1787040300,1236.0,1237.7,1235.7,1237.6,48280
1787040600,1237.4,1238.0,1237.1,1237.6,41708
1787040900,1237.9,1238.4,1237.3,1238.3,42664
1787041200,1238.3,1238.5,1237.4,1238.1,39168
1787041500,1237.8,1238.4,1237.7,1238.4,38471
1787041800,1238.3,1248.0,1238.2,1248.0,361218
1787042100,1247.4,1250.5,1245.9,1245.9,184568
1787042400,1246.3,1247.9,1245.5,1245.9,51726
1787042700,1245.7,1246.0,1243.1,1243.7,59434
1787043000,1244.0,1245.8,1243.6,1245.4,121571
1787043300,1245.4,1245.4,1242.8,1243.5,169713
1787043600,1243.4,1245.0,1243.2,1244.7,69540
1787043900,1244.6,1245.0,1243.0,1244.3,61616
1787044200,1243.9,1247.0,1243.6,1246.7,139845
1787044500,1246.5,1247.9,1245.9,1247.0,72983
1787044800,1247.4,1247.6,1246.3,1246.7,80284
1787045100,1246.7,1248.4,1246.4,1248.3,103713
1787045400,1248.1,1248.9,1246.6,1246.7,106658
1787045700,1246.7,1246.7,1245.2,1246.3,152407
1787046000,1246.3,1246.9,1245.6,1246.1,188728
1787046300,1245.0,1245.0,1245.0,1245.0,4989
1787046600,1245.0,1245.0,1245.0,1245.0,0
1787046900,1245.0,1245.0,1245.0,1245.0,0
