timestamp,open,high,low,close,volume
1767239100,4090.0,4106.4,4088.3,4102.0,37842
1767239400,4100.7,4108.6,4099.0,4107.9,17237
1767239700,4107.0,4114.8,4103.1,4114.1,20697
1767240000,4114.1,4117.8,4110.0,4111.0,20232
1767240300,4111.0,4113.5,4106.0,4108.3,10504
1767240600,4108.3,4114.0,4106.5,4111.4,21535
1767240900,4110.6,4122.3,4106.2,4120.5,34186
1767241200,4122.1,4123.0,4118.7,4121.0,12709
1767241500,4121.0,4122.6,4113.4,4113.8,11866
1767241800,4114.8,4124.8,4114.3,4124.5,17077
1767242100,4124.4,4132.0,4122.7,4126.0,42151
1767242400,4125.5,4127.4,4122.1,4123.0,14523
1767242700,4122.0,4123.0,4115.5,4116.3,9345
1767243000,4116.3,4117.8,4111.3,4115.9,9473
1767243300,4114.4,4122.0,4113.6,4121.5,8764
1767243600,4120.1,4123.0,4117.7,4122.6,15806
1767243900,4122.5,4123.0,4120.7,4122.8,7245
1767244200,4122.8,4123.0,4120.0,4120.1,4880
1767244500,4120.5,4130.0,4118.5,4129.0,15718
1767244800,4129.5,4133.0,4129.0,4130.4,19017
1767245100,4130.4,4131.0,4128.0,4128.0,13492
1767245400,4129.2,4129.2,4124.0,4127.4,9110
1767245700,4125.6,4129.8,4125.5,4128.0,5342
1767246000,4128.0,4129.8,4126.6,4129.4,4087
1767246300,4129.0,4129.8,4126.0,4127.0,4888
1767246600,4126.6,4128.0,4124.0,4127.0,4938
1767246900,4127.0,4129.8,4125.5,4128.6,6145
1767247200,4128.8,4128.8,4123.5,4127.4,9412
1767247500,4127.5,4129.8,4126.0,4129.3,6253
1767247800,4129.1,4130.0,4125.0,4126.0,8200
1767248100,4126.0,4128.0,4124.8,4127.5,8915
1767248400,4127.9,4130.0,4125.7,4129.6,8249
1767248700,4130.0,4130.0,4126.9,4129.0,6577
1767249000,4129.0,4129.0,4126.1,4128.4,6574
1767249300,4128.4,4129.0,4124.2,4125.9,7314
1767249600,4125.9,4128.9,4123.7,4128.9,11968
1767249900,4128.4,4131.9,4126.0,4128.9,17991
1767250200,4129.0,4130.0,4126.2,4127.5,7005
1767250500,4127.5,4128.9,4125.1,4127.3,5456
1767250800,4126.9,4128.0,4125.4,4127.9,5312
1767251100,4127.7,4128.0,4124.0,4124.8,6417
1767251400,4124.7,4128.0,4121.3,4127.9,15122
1767251700,4128.0,4129.7,4125.7,4127.6,16643
1767252000,4127.6,4130.0,4125.3,4129.7,11761
1767252300,4129.9,4131.0,4128.6,4130.5,5924
1767252600,4131.0,4131.2,4130.0,4131.2,4997
1767252900,4130.7,4138.0,4130.0,4137.9,24810
1767253200,4138.0,4140.9,4132.5,4135.0,28297
1767253500,4134.8,4137.0,4133.0,4136.8,7891
1767253800,4136.8,4141.0,4134.2,4135.0,44160
1767254100,4135.0,4144.6,4134.3,4143.6,46036
1767254400,4143.7,4146.2,4140.1,4142.0,32706
1767254700,4141.5,4144.1,4135.7,4136.1,13915
1767255000,4136.1,4138.7,4135.0,4138.0,7629
1767255300,4137.9,4138.0,4135.0,4136.0,17350
1767255600,4135.0,4140.5,4135.0,4140.4,19058
1767255900,4140.4,4140.9,4136.0,4138.0,7148
1767256200,4137.8,4139.2,4135.1,4138.0,8847
1767256500,4137.0,4139.0,4135.1,4137.8,11350
1767256800,4136.2,4139.2,4135.0,4138.8,12826
1767257100,4138.8,4140.0,4136.2,4140.0,6599
1767257400,4139.9,4140.0,4134.2,4138.4,23463
1767257700,4138.4,4138.9,4135.1,4136.5,7157
1767258000,4135.3,4141.0,4135.1,4140.0,18277
1767258300,4141.0,4141.1,4139.0,4140.2,25972
1767258600,4140.0,4143.4,4140.0,4142.3,32423
1767258900,4141.7,4143.5,4139.8,4143.5,12378
1767259200,4141.9,4145.9,4141.2,4145.0,61390
1767259500,4145.7,4146.1,4139.3,4140.5,27059
1767259800,4141.8,4144.0,4135.4,4142.0,30099
1767260100,4142.0,4146.8,4141.8,4145.3,88415
1767260400,4144.1,4145.3,4138.2,4141.0,62271
1767260700,4141.0,4141.0,4135.2,4140.5,53407
1767261000,4140.5,4140.7,4135.0,4137.6,37353
1767261300,4137.2,4140.0,4135.4,4136.0,22120
1767325500,4138.1,4158.0,4127.1,4147.4,35110
1767325800,4147.3,4159.6,4143.2,4159.1,24412
1767326100,4159.0,4162.3,4152.2,4158.4,14328
1767326400,4158.2,4158.2,4154.3,4157.0,6997
1767326700,4157.0,4158.0,4154.0,4157.0,6293
1767327000,4157.0,4160.0,4155.6,4160.0,9182
1767327300,4160.0,4164.2,4153.0,4154.2,22799
1767327600,4154.7,4157.0,4152.0,4155.0,17465
1767327900,4154.9,4156.0,4152.0,4155.0,10069
1767328200,4155.0,4155.0,4145.1,4147.4,8768
1767328500,4146.0,4148.8,4143.1,4145.0,9604
1767328800,4145.0,4150.0,4143.6,4149.9,3932
1767329100,4149.9,4152.4,4144.3,4146.0,5963
1767329400,4146.1,4148.0,4141.1,4145.7,8836
1767329700,4145.7,4148.1,4144.1,4147.3,5324
1767330000,4146.1,4147.4,4141.2,4143.3,4091
1767330300,4143.3,4145.0,4141.1,4144.0,2704
1767330600,4142.8,4147.0,4137.3,4145.0,36152
1767330900,4144.2,4153.0,4143.0,4150.3,19532
1767331200,4149.0,4152.0,4145.8,4146.7,16717
1767331500,4147.5,4154.0,4146.5,4152.2,9721
1767331800,4151.8,4154.7,4149.1,4154.3,8099
1767332100,4154.3,4155.0,4152.1,4154.6,10195
1767332400,4153.0,4157.0,4148.6,4149.6,26237
1767332700,4148.8,4152.0,4143.2,4145.0,6557
1767333000,4143.5,4145.9,4135.8,4135.8,21740
1767333300,4138.9,4140.8,4136.4,4139.9,10336
1767333600,4139.9,4141.9,4135.5,4138.1,14716
1767333900,4139.1,4139.4,4131.9,4137.0,17589
1767334200,4137.0,4142.1,4133.8,4140.0,19226
1767334500,4140.0,4141.6,4136.1,4136.9,8338
1767334800,4136.1,4141.5,4132.1,4140.4,14838
1767335100,4141.0,4143.2,4140.0,4143.0,5375
1767335400,4143.0,4144.8,4141.1,4144.4,10329
1767335700,4144.4,4145.0,4140.5,4144.9,5773
1767336000,4144.8,4145.0,4142.1,4143.1,5491
1767336300,4143.0,4144.4,4140.6,4141.7,6999
1767336600,4141.7,4152.9,4140.9,4151.0,12654
1767336900,4152.0,4162.8,4151.0,4162.1,21774
1767337200,4162.1,4167.4,4160.6,4164.9,28468
1767337500,4164.2,4168.0,4164.0,4166.9,13550
1767337800,4166.8,4171.5,4166.1,4167.0,21348
1767338100,4166.9,4171.0,4165.1,4170.0,9775
1767338400,4169.3,4171.0,4167.2,4168.9,5723
1767338700,4167.8,4169.0,4166.1,4168.7,6794
1767339000,4168.7,4169.0,4164.1,4167.7,16705
1767339300,4167.8,4168.1,4165.0,4167.6,6787
1767339600,4167.6,4168.0,4165.7,4167.0,4159
1767339900,4166.9,4169.0,4166.3,4168.5,5278
1767340200,4169.0,4169.7,4165.9,4168.0,10026
1767340500,4168.0,4171.0,4166.4,4170.5,14080
1767340800,4170.5,4171.0,4167.0,4169.4,4593
1767341100,4170.0,4171.6,4168.6,4171.1,7106
1767341400,4171.1,4172.7,4170.2,4172.0,11423
1767341700,4172.0,4172.0,4168.0,4169.8,5337
1767342000,4168.4,4169.9,4163.0,4164.0,15634
1767342300,4162.7,4165.0,4161.2,4163.4,8747
1767342600,4163.4,4164.0,4160.8,4163.0,3731
1767342900,4163.0,4163.0,4161.3,4163.0,4169
1767343200,4163.0,4164.0,4161.0,4161.9,4330
1767343500,4161.9,4163.7,4158.5,4162.0,7430
1767343800,4162.0,4164.9,4161.1,4163.2,7824
1767344100,4163.2,4164.3,4159.0,4160.0,6419
1767344400,4160.0,4161.0,4154.0,4157.3,13684
1767344700,4157.3,4158.1,4153.2,4155.3,26022
1767345000,4155.2,4156.0,4153.0,4155.0,8954
1767345300,4153.9,4155.0,4151.9,4153.4,8832
1767345600,4152.2,4156.0,4151.8,4155.5,9203
1767345900,4155.5,4156.0,4154.1,4155.5,11517
1767346200,4156.3,4160.6,4156.3,4160.0,17493
1767346500,4159.0,4164.9,4158.1,4164.5,24852
1767346800,4163.0,4165.0,4161.5,4163.5,22410
1767347100,4164.9,4168.5,4162.0,4165.0,49064
1767347400,4164.7,4165.1,4161.4,4164.8,30033
1767347700,4164.8,4165.0,4160.0,4164.7,24897
1767584700,4162.9,4180.7,4156.9,4169.1,55784
1767585000,4169.5,4171.2,4164.8,4167.0,16904
1767585300,4167.0,4177.0,4166.7,4169.9,12592
1767585600,4169.9,4174.8,4168.5,4172.5,10882
1767585900,4174.0,4175.0,4172.3,4174.1,9554
1767586200,4173.5,4175.0,4169.6,4170.0,12583
1767586500,4170.1,4174.8,4169.5,4173.2,7888
1767586800,4173.8,4193.7,4173.8,4190.1,23544
1767587100,4189.4,4192.0,4187.4,4191.8,13617
1767587400,4191.9,4193.0,4185.6,4187.2,11793
1767587700,4185.3,4191.3,4184.0,4189.9,13842
1767588000,4189.9,4192.0,4187.3,4189.8,7227
1767588300,4189.1,4190.7,4184.0,4186.3,18520
1767588600,4186.1,4195.0,4184.0,4195.0,13567
1767588900,4195.0,4195.0,4181.5,4182.0,11321
1767589200,4182.4,4185.0,4180.0,4181.0,13873
1767589500,4180.5,4182.3,4180.0,4180.8,5851
1767589800,4181.0,4181.6,4177.4,4178.0,17392
1767590100,4177.5,4181.9,4176.6,4178.8,17203
1767590400,4179.0,4180.0,4176.0,4179.0,18766
1767590700,4179.0,4180.0,4177.8,4179.1,8077
1767591000,4179.1,4185.0,4177.8,4183.9,14484
1767591300,4183.9,4184.5,4178.3,4180.0,9512
1767591600,4180.0,4181.0,4179.3,4180.8,6627
1767591900,4180.6,4181.0,4178.9,4179.9,7902
1767592200,4179.3,4179.8,4171.8,4172.0,14624
1767592500,4172.0,4175.0,4170.4,4174.5,7775
1767592800,4174.5,4174.9,4170.0,4171.6,12401
1767593100,4172.0,4175.0,4169.2,4174.0,8691
1767593400,4175.0,4180.0,4174.1,4179.9,10751
1767593700,4180.0,4180.0,4174.8,4175.0,7843
1767594000,4175.0,4175.9,4168.8,4171.8,11616
1767594300,4171.3,4174.9,4170.9,4174.0,6903
1767594600,4172.8,4174.0,4169.7,4170.5,6983
1767594900,4171.0,4171.0,4168.9,4169.8,5998
1767595200,4170.0,4171.9,4169.6,4169.6,7273
1767595500,4170.0,4171.2,4169.5,4169.9,5638
1767595800,4170.5,4172.0,4169.8,4171.9,8542
1767596100,4172.0,4172.0,4171.9,4172.0,6925
1767596400,4171.9,4173.0,4168.0,4169.9,27337
1767596700,4168.7,4170.0,4167.2,4168.4,7916
1767597000,4168.9,4169.1,4164.2,4164.5,11892
1767597300,4165.0,4166.5,4161.5,4162.3,11476
1767597600,4162.6,4168.3,4162.1,4165.7,10654
1767597900,4165.7,4168.8,4164.1,4165.7,5801
1767598200,4165.7,4167.0,4164.2,4165.2,10433
1767598500,4165.0,4165.5,4163.4,4164.0,6857
1767598800,4164.0,4164.9,4161.8,4161.8,9260
1767599100,4160.4,4161.7,4157.2,4157.9,11719
1767599400,4158.0,4158.3,4156.0,4156.0,10428
1767599700,4156.1,4157.8,4152.7,4153.8,14200
1767600000,4153.9,4158.0,4150.1,4154.5,18030
1767600300,4154.5,4156.2,4143.7,4148.9,23946
1767600600,4148.6,4153.1,4146.4,4152.3,16744
1767600900,4149.8,4151.6,4144.6,4144.6,12057
1767601200,4144.9,4145.0,4140.0,4140.2,12816
1767601500,4141.0,4144.0,4141.0,4142.5,9825
1767601800,4142.7,4142.7,4137.0,4137.0,12387
1767602100,4137.0,4137.5,4132.8,4134.7,20639
1767602400,4134.4,4140.4,4134.3,4140.0,13332
1767602700,4140.0,4142.7,4138.4,4138.4,11407
1767603000,4138.6,4148.4,4137.0,4147.1,20451
1767603300,4147.7,4151.8,4146.6,4151.2,17606
1767603600,4151.1,4154.7,4151.1,4153.7,14864
1767603900,4153.7,4159.0,4153.2,4158.0,18835
1767604200,4158.1,4162.3,4156.8,4161.4,27150
1767604500,4161.0,4161.4,4153.0,4154.2,20769
1767604800,4154.2,4158.3,4153.4,4157.4,31939
1767605100,4157.3,4157.4,4151.0,4153.3,23118
1767605400,4154.4,4156.0,4153.2,4155.8,34810
1767605700,4155.8,4155.9,4152.1,4152.7,36894
1767606000,4152.7,4152.8,4148.9,4149.2,39432
1767606300,4149.2,4149.4,4145.3,4145.5,38898
1767606600,4145.5,4147.3,4144.5,4147.2,41751
1767606900,4147.2,4152.0,4146.9,4151.0,25871
1767671100,4153.0,4160.6,4136.5,4145.8,38522
1767671400,4146.2,4148.1,4138.1,4140.0,34344
1767671700,4140.0,4149.0,4137.9,4146.3,5128
1767672000,4146.5,4162.0,4145.2,4159.2,14555
1767672300,4159.3,4162.5,4152.2,4152.9,16358
1767672600,4152.8,4158.0,4152.5,4155.8,6178
1767672900,4155.8,4160.8,4155.0,4160.8,8293
1767673200,4160.8,4163.3,4159.0,4159.7,8015
1767673500,4160.8,4163.0,4159.7,4161.3,5622
1767673800,4162.5,4167.6,4162.0,4167.6,12791
1767674100,4167.4,4174.0,4162.2,4173.1,11572
1767674400,4174.0,4182.0,4172.9,4182.0,18914
1767674700,4182.0,4185.0,4167.0,4168.6,35469
1767675000,4168.5,4169.0,4160.0,4162.7,23143
1767675300,4163.1,4165.0,4159.1,4160.0,9517
1767675600,4160.1,4164.3,4157.2,4159.9,8376
1767675900,4159.9,4160.0,4151.1,4151.9,13407
1767676200,4151.8,4156.2,4151.8,4152.2,6720
1767676500,4152.0,4153.0,4148.1,4148.1,6995
1767676800,4148.1,4151.3,4148.0,4149.2,29856
1767677100,4149.1,4152.0,4149.1,4150.4,9808
1767677400,4150.4,4157.1,4148.6,4155.7,26212
1767677700,4154.6,4157.0,4152.1,4155.0,4065
1767678000,4154.9,4155.0,4151.3,4153.1,3983
1767678300,4153.0,4155.0,4151.1,4153.1,9500
1767678600,4152.9,4155.0,4151.4,4155.0,6131
1767678900,4155.0,4156.8,4153.5,4156.8,3940
1767679200,4156.8,4160.0,4155.0,4160.0,3793
1767679500,4159.9,4160.0,4157.8,4160.0,4215
1767679800,4160.0,4166.0,4159.6,4165.0,26544
1767680100,4164.9,4165.9,4158.7,4163.9,16476
1767680400,4163.4,4165.0,4158.0,4160.0,13705
1767680700,4160.0,4160.0,4155.6,4157.8,8752
1767681000,4157.8,4160.0,4154.4,4157.3,14748
1767681300,4157.2,4159.8,4155.3,4158.2,5163
1767681600,4158.2,4161.0,4157.5,4159.8,11904
1767681900,4160.0,4165.0,4159.4,4159.4,22967
1767682200,4160.0,4161.0,4157.3,4158.0,5447
1767682500,4158.3,4160.7,4156.1,4157.8,8947
1767682800,4158.3,4158.9,4156.0,4157.0,4759
1767683100,4157.0,4158.1,4155.1,4156.2,4045
1767683400,4156.2,4157.6,4155.2,4155.3,4265
1767683700,4156.0,4156.1,4155.0,4156.0,4304
1767684000,4156.0,4157.6,4155.0,4156.0,15630
1767684300,4156.0,4157.4,4155.1,4155.6,5251
1767684600,4155.5,4156.0,4155.1,4155.8,4433
1767684900,4156.0,4157.4,4155.0,4155.6,8262
1767685200,4155.4,4157.6,4155.1,4156.0,5671
1767685500,4155.8,4156.6,4155.0,4155.4,5315
1767685800,4156.0,4156.0,4155.0,4155.5,4051
1767686100,4155.5,4156.0,4149.1,4151.8,18709
1767686400,4153.0,4157.6,4151.4,4156.0,9753
1767686700,4156.0,4156.0,4153.9,4155.9,5763
1767687000,4155.9,4156.0,4154.6,4155.0,4600
1767687300,4154.9,4155.0,4152.2,4154.2,3191
1767687600,4154.3,4156.0,4150.5,4152.6,4548
1767687900,4152.2,4154.1,4150.0,4153.3,7689
1767688200,4153.3,4155.1,4150.0,4152.5,23993
1767688500,4152.5,4155.0,4149.9,4152.5,13642
1767688800,4152.4,4153.2,4147.3,4150.3,20160
1767689100,4150.3,4154.4,4149.6,4151.0,13609
1767689400,4150.3,4151.5,4145.6,4146.4,7127
1767689700,4147.0,4147.1,4141.1,4145.9,9902
1767690000,4146.4,4146.4,4140.0,4140.4,13298
1767690300,4141.0,4143.6,4139.0,4142.1,25597
1767690600,4143.3,4143.9,4140.6,4141.3,4543
1767690900,4141.4,4143.0,4140.6,4142.2,6582
1767691200,4142.2,4146.9,4141.1,4142.6,16420
1767691500,4141.3,4148.3,4141.3,4148.3,13338
1767691800,4148.0,4151.8,4143.8,4146.5,60278
1767692100,4145.9,4149.3,4142.8,4145.9,62460
1767692400,4145.9,4147.9,4139.6,4142.6,54574
1767692700,4142.7,4143.9,4139.1,4143.3,47373
1767693000,4143.2,4143.4,4130.0,4141.9,94775
1767693300,4141.2,4142.1,4129.9,4141.0,74613
1767757500,4106.0,4155.0,4106.0,4124.9,47874
1767757800,4124.9,4125.9,4116.6,4122.0,19309
1767758100,4120.5,4123.4,4112.3,4115.5,22875
1767758400,4115.0,4116.8,4110.1,4112.5,14985
1767758700,4111.9,4117.1,4110.5,4115.3,9715
1767759000,4116.9,4120.6,4108.7,4110.0,16348
1767759300,4109.9,4112.1,4103.7,4104.9,27594
1767759600,4100.9,4103.9,4094.0,4096.3,37781
1767759900,4096.8,4115.6,4095.2,4114.5,24515
1767760200,4114.2,4119.3,4110.6,4119.2,11842
1767760500,4119.2,4132.2,4119.0,4130.6,21549
1767760800,4130.6,4131.3,4128.4,4130.0,11734
1767761100,4131.0,4134.0,4127.6,4127.6,17733
1767761400,4129.9,4130.0,4120.0,4123.7,11062
1767761700,4123.4,4127.0,4122.7,4124.0,8197
1767762000,4124.0,4126.4,4121.9,4124.1,7655
1767762300,4123.5,4130.5,4121.7,4130.5,15489
1767762600,4130.5,4132.3,4127.8,4129.7,12863
1767762900,4129.4,4131.8,4126.7,4131.5,15376
1767763200,4131.6,4139.1,4131.0,4139.0,17897
1767763500,4139.0,4139.2,4135.1,4137.4,6408
1767763800,4137.6,4143.9,4137.3,4142.9,16379
1767764100,4141.6,4144.0,4140.3,4141.2,15086
1767764400,4141.0,4141.0,4132.3,4133.1,18094
1767764700,4133.5,4135.3,4130.1,4131.4,17209
1767765000,4131.4,4133.6,4129.4,4132.2,10215
1767765300,4131.7,4135.2,4130.9,4132.6,7175
1767765600,4133.2,4135.7,4132.2,4134.8,7739
1767765900,4134.8,4136.9,4132.8,4134.1,18899
1767766200,4133.9,4137.5,4133.5,4136.6,8589
1767766500,4136.6,4137.3,4131.2,4137.0,34606
1767766800,4136.7,4138.4,4133.5,4136.2,13178
1767767100,4136.2,4137.6,4134.6,4136.8,9218
1767767400,4136.8,4137.3,4133.5,4134.7,6904
1767767700,4134.7,4135.0,4132.0,4133.6,7390
1767768000,4133.6,4134.6,4130.5,4132.1,7355
1767768300,4132.1,4133.7,4131.0,4131.9,4171
1767768600,4131.9,4135.0,4130.0,4133.8,5220
1767768900,4133.9,4134.9,4131.2,4132.7,5990
1767769200,4132.7,4137.2,4132.6,4136.6,12465
1767769500,4136.6,4139.1,4132.8,4138.0,11091
1767769800,4138.0,4139.1,4128.3,4132.8,11881
1767770100,4132.8,4134.0,4131.3,4133.2,9091
1767770400,4133.2,4133.2,4130.9,4132.8,5376
1767770700,4134.0,4136.2,4133.1,4135.7,5574
1767771000,4135.5,4138.5,4135.0,4137.8,13829
1767771300,4137.6,4139.1,4136.3,4139.1,8585
1767771600,4139.0,4142.5,4139.0,4141.3,11573
1767771900,4141.3,4145.0,4140.3,4143.4,8287
1767772200,4143.4,4145.0,4141.8,4143.9,12886
1767772500,4141.8,4144.0,4139.7,4141.7,10018
1767772800,4141.7,4143.2,4139.0,4142.1,10693
1767773100,4142.1,4144.0,4141.0,4143.4,9076
1767773400,4143.6,4144.4,4142.0,4142.2,10058
1767773700,4142.8,4144.3,4142.0,4143.7,8702
1767774000,4142.4,4144.2,4142.0,4143.3,5394
1767774300,4142.5,4144.0,4136.5,4143.7,33158
1767774600,4143.5,4144.8,4140.7,4144.0,8300
1767774900,4144.0,4144.1,4140.0,4140.4,4801
1767775200,4141.0,4144.8,4140.0,4144.4,5381
1767775500,4143.8,4146.0,4142.0,4145.4,10014
1767775800,4145.0,4146.5,4142.1,4143.9,11575
1767776100,4143.9,4152.0,4142.0,4151.1,21151
1767776400,4151.1,4152.4,4146.6,4147.5,11204
1767776700,4148.5,4150.2,4146.6,4147.2,13875
1767777000,4147.2,4150.8,4146.5,4148.2,17663
1767777300,4147.9,4150.9,4146.0,4146.4,19836
1767777600,4146.4,4150.9,4146.0,4150.0,19461
1767777900,4150.0,4150.3,4147.5,4148.0,15911
1767778200,4150.2,4151.7,4148.3,4150.4,29245
1767778500,4150.3,4150.9,4149.2,4149.3,25616
1767778800,4147.4,4152.0,4147.1,4152.0,24185
1767779100,4152.0,4155.0,4151.9,4155.0,28633
1767779400,4155.0,4159.0,4153.4,4155.5,47324
1767779700,4155.4,4180.0,4150.1,4150.1,95490
1767843900,4160.0,4169.9,4151.0,4156.8,21054
1767844200,4156.0,4163.8,4154.0,4161.0,10004
1767844500,4162.0,4162.0,4155.1,4157.3,6986
1767844800,4157.3,4161.9,4155.0,4157.7,23409
1767845100,4157.7,4160.3,4155.1,4156.7,3220
1767845400,4157.3,4160.0,4156.8,4160.0,3668
1767845700,4160.0,4161.0,4156.6,4160.9,5074
1767846000,4160.1,4167.0,4159.0,4165.9,4306
1767846300,4165.4,4166.2,4160.0,4161.6,2312
1767846600,4161.9,4164.2,4156.8,4160.5,12622
1767846900,4160.0,4164.9,4156.5,4161.4,8326
1767847200,4161.4,4161.8,4158.1,4159.8,6293
1767847500,4159.8,4161.0,4155.9,4158.3,6329
1767847800,4157.6,4161.9,4153.5,4161.6,12876
1767848100,4161.9,4168.8,4160.4,4167.9,6691
1767848400,4167.4,4168.9,4164.4,4167.0,5869
1767848700,4166.8,4168.2,4165.8,4167.2,7635
1767849000,4167.8,4169.6,4165.2,4166.2,10369
1767849300,4166.2,4167.4,4160.5,4163.0,8536
1767849600,4163.0,4164.1,4154.5,4158.5,19082
1767849900,4158.6,4158.6,4152.4,4153.9,22012
1767850200,4154.9,4155.3,4150.2,4154.3,23357
1767850500,4153.8,4155.0,4146.9,4153.0,22386
1767850800,4152.6,4154.4,4150.3,4153.4,12913
1767851100,4152.1,4154.3,4146.1,4149.0,19824
1767851400,4148.8,4149.0,4140.0,4144.2,24303
1767851700,4144.3,4147.4,4141.3,4142.0,19399
1767852000,4142.0,4142.9,4136.0,4136.3,52445
1767852300,4136.7,4137.1,4132.6,4136.7,26899
1767852600,4137.0,4138.6,4135.1,4135.9,6538
1767852900,4136.7,4139.5,4134.0,4136.1,16382
1767853200,4136.1,4137.1,4133.4,4134.1,22908
1767853500,4134.4,4138.1,4132.0,4136.5,18343
1767853800,4136.7,4137.3,4126.0,4126.9,43811
1767854100,4127.3,4127.3,4119.4,4122.1,12418
1767854400,4122.1,4126.9,4121.0,4124.7,14817
1767854700,4124.5,4128.1,4120.7,4124.1,8144
1767855000,4125.5,4127.0,4118.0,4120.8,20579
1767855300,4120.8,4124.3,4118.0,4123.3,8958
1767855600,4124.2,4129.1,4120.0,4120.0,4464
1767855900,4120.0,4120.1,4111.6,4113.2,13160
1767856200,4113.1,4115.0,4111.0,4113.9,11392
1767856500,4113.9,4114.0,4105.9,4109.9,13002
1767856800,4109.9,4111.9,4107.7,4111.9,6812
1767857100,4111.9,4114.9,4111.6,4113.0,7797
1767857400,4112.8,4112.8,4107.7,4111.8,10486
1767857700,4112.0,4114.8,4108.0,4111.5,13759
1767858000,4111.7,4115.2,4108.5,4112.0,12873
1767858300,4112.0,4112.7,4110.0,4111.7,7952
1767858600,4111.7,4111.7,4105.0,4108.8,6550
1767858900,4108.7,4108.9,4102.4,4103.9,8472
1767859200,4103.9,4106.1,4100.1,4105.8,7555
1767859500,4105.9,4107.6,4098.5,4100.7,11177
1767859800,4100.8,4103.5,4098.3,4103.5,12536
1767860100,4103.5,4106.6,4100.6,4104.3,16903
1767860400,4104.3,4105.0,4100.1,4102.1,11139
1767860700,4102.5,4105.0,4101.1,4104.1,11022
1767861000,4104.9,4108.0,4102.3,4103.4,11710
1767861300,4103.8,4108.4,4099.1,4100.8,32329
1767861600,4101.2,4102.9,4098.0,4102.0,8396
1767861900,4102.0,4106.0,4100.1,4105.9,17439
1767862200,4106.0,4112.5,4105.2,4110.9,30099
1767862500,4110.9,4112.6,4107.7,4108.1,25641
1767862800,4108.2,4113.1,4107.5,4112.9,40828
1767863100,4113.0,4118.0,4109.0,4109.6,38496
1767863400,4109.6,4109.6,4075.2,4082.3,94336
1767863700,4082.5,4087.8,4064.6,4072.7,74967
1767864000,4072.7,4072.7,4029.9,4036.0,159336
1767864300,4035.1,4038.0,4010.0,4015.1,153615
1767864600,4018.0,4019.8,3998.6,4002.7,82272
1767864900,4002.0,4009.2,3991.3,4006.4,95096
1767865200,4006.5,4032.1,4005.3,4029.6,303294
1767865500,4028.3,4047.8,4027.3,4046.0,145377
1767865800,4045.1,4050.0,4040.4,4044.0,162129
1767866100,4044.4,4045.5,4032.1,4044.7,78985
1767930300,4029.0,4067.6,4029.0,4065.6,67226
1767930600,4065.7,4068.6,4050.0,4050.2,39384
1767930900,4050.2,4051.0,4026.8,4046.1,160023
1767931200,4046.1,4058.0,4035.9,4035.9,41724
1767931500,4035.7,4037.9,4025.1,4027.3,29043
1767931800,4027.5,4035.0,4024.6,4034.9,20755
1767932100,4034.9,4035.0,4025.0,4031.7,18711
1767932400,4031.9,4049.1,4020.2,4049.1,64399
1767932700,4048.9,4070.0,4044.7,4069.0,95525
1767933000,4067.9,4073.7,4056.8,4066.0,51141
1767933300,4066.2,4068.3,4058.9,4063.6,16919
1767933600,4063.6,4064.2,4056.3,4058.9,11331
1767933900,4059.9,4080.0,4057.2,4074.8,27843
1767934200,4074.9,4090.6,4073.3,4081.8,27227
1767934500,4082.0,4094.0,4078.0,4086.8,26636
1767934800,4085.5,4089.4,4072.6,4073.0,23216
1767935100,4073.0,4076.8,4064.1,4070.0,16302
1767935400,4069.1,4071.5,4060.5,4061.1,8578
1767935700,4061.0,4064.2,4050.0,4052.0,17524
1767936000,4052.1,4054.9,4046.2,4048.0,10328
1767936300,4047.7,4049.6,4038.0,4042.6,20348
1767936600,4041.5,4042.4,4034.1,4036.2,11048
1767936900,4036.2,4039.2,4033.7,4036.4,10278
1767937200,4036.4,4043.1,4032.8,4033.7,9789
1767937500,4033.7,4034.6,4024.0,4025.2,48024
1767937800,4025.2,4026.6,4023.0,4023.8,9458
1767938100,4023.7,4029.3,4022.0,4026.0,10894
1767938400,4026.0,4027.3,4015.4,4017.8,16324
1767938700,4017.2,4017.2,4012.0,4014.3,16283
1767939000,4012.7,4019.1,4011.2,4013.0,19232
1767939300,4013.8,4019.0,4010.4,4019.0,7057
1767939600,4017.9,4020.9,4012.5,4016.1,10148
1767939900,4015.9,4027.4,4015.8,4024.0,17542
1767940200,4023.5,4026.9,4021.0,4026.9,3720
1767940500,4026.9,4027.0,4019.0,4019.0,13753
1767940800,4018.0,4018.2,4008.0,4009.5,24226
1767941100,4009.5,4018.9,4008.5,4015.0,32745
1767941400,4015.8,4016.0,4011.8,4015.6,14205
1767941700,4015.4,4019.9,4014.0,4015.5,15905
1767942000,4014.5,4019.9,4014.5,4017.1,6582
1767942300,4016.1,4017.4,4008.3,4012.7,12220
1767942600,4012.3,4013.2,4006.2,4012.5,16508
1767942900,4012.5,4013.1,4009.9,4012.1,6334
1767943200,4011.1,4019.8,4010.4,4016.4,5456
1767943500,4016.5,4020.8,4013.5,4015.2,16279
1767943800,4016.3,4017.0,4013.0,4015.8,5116
1767944100,4016.6,4017.1,4015.0,4015.0,5492
1767944400,4015.1,4017.9,4015.0,4017.9,3600
1767944700,4017.1,4026.7,4016.3,4025.0,10080
1767945000,4024.4,4026.1,4019.5,4021.0,7597
1767945300,4019.8,4025.0,4018.6,4025.0,6852
1767945600,4025.0,4025.4,4017.3,4019.0,12984
1767945900,4019.0,4029.9,4017.3,4027.3,34500
1767946200,4026.8,4027.0,4018.6,4019.8,12516
1767946500,4018.4,4022.0,4017.4,4021.9,8976
1767946800,4021.9,4023.1,4019.4,4021.1,9061
1767947100,4020.2,4024.6,4018.0,4023.0,10040
1767947400,4022.8,4024.0,4022.0,4022.6,7108
1767947700,4023.4,4023.8,4022.3,4022.6,8404
1767948000,4023.1,4028.3,4022.0,4023.5,20722
1767948300,4023.5,4027.9,4023.5,4025.0,7706
1767948600,4024.9,4028.5,4023.5,4025.0,9272
1767948900,4025.0,4027.2,4022.1,4022.3,11704
1767949200,4022.3,4027.4,4022.0,4027.4,13570
1767949500,4027.9,4030.0,4026.1,4027.8,12674
1767949800,4027.5,4030.0,4022.5,4030.0,11207
1767950100,4030.0,4032.5,4026.3,4030.6,32151
1767950400,4030.3,4031.1,4025.3,4026.9,24007
1767950700,4026.9,4028.3,4026.0,4027.9,8901
1767951000,4026.3,4030.0,4026.3,4027.8,21838
1767951300,4028.9,4032.0,4028.0,4030.0,22149
1767951600,4029.9,4030.0,4028.5,4029.9,30926
1767951900,4029.9,4029.9,4021.2,4022.7,34570
1767952200,4022.7,4030.0,4022.7,4029.8,31424
1767952500,4029.9,4030.0,4015.0,4019.8,114591
1768189500,4026.0,4026.9,3985.8,3989.6,36637
1768189800,3990.1,3990.1,3969.6,3970.6,82609
1768190100,3970.6,3974.1,3964.3,3965.0,43841
1768190400,3965.8,3977.8,3965.1,3976.0,45665
1768190700,3975.7,3989.3,3974.5,3981.9,12643
1768191000,3981.5,3981.5,3975.1,3979.0,9965
1768191300,3977.9,3987.2,3975.0,3987.2,17135
1768191600,3987.6,3988.4,3981.0,3983.7,13945
1768191900,3985.2,3985.9,3975.3,3975.3,9419
1768192200,3975.2,3984.9,3975.0,3982.5,10294
1768192500,3982.5,3983.9,3976.3,3979.9,5078
1768192800,3980.4,3982.3,3975.0,3976.0,6056
1768193100,3975.9,3983.7,3975.2,3982.0,4845
1768193400,3982.8,3986.6,3980.5,3983.4,9788
1768193700,3983.4,3989.0,3981.8,3986.0,9443
1768194000,3985.8,3987.9,3978.0,3979.0,7252
1768194300,3978.0,3979.0,3971.7,3971.7,10209
1768194600,3973.5,3978.6,3971.7,3974.3,5041
1768194900,3974.3,3979.0,3970.1,3977.3,10271
1768195200,3978.8,3979.0,3972.5,3975.0,5929
1768195500,3974.9,3976.4,3970.1,3971.4,10447
1768195800,3971.4,3975.2,3969.6,3970.5,7408
1768196100,3970.5,3976.4,3969.3,3973.0,6573
1768196400,3973.0,3973.0,3963.3,3968.1,38785
1768196700,3968.1,3968.6,3950.0,3956.0,46360
1768197000,3956.0,3963.0,3955.5,3961.5,10274
1768197300,3960.4,3965.0,3960.0,3962.0,7575
1768197600,3961.6,3964.0,3955.0,3957.6,33406
1768197900,3957.6,3964.0,3957.2,3963.1,13221
1768198200,3963.1,3963.1,3958.5,3960.6,14429
1768198500,3960.6,3961.2,3955.2,3960.0,15160
1768198800,3961.2,3961.2,3957.0,3959.5,10332
1768199100,3960.0,3964.0,3959.1,3959.8,16681
1768199400,3960.0,3960.7,3950.2,3951.1,24865
1768199700,3951.0,3954.0,3948.4,3950.7,15991
1768200000,3950.7,3968.2,3944.3,3968.0,35354
1768200300,3967.4,3979.0,3964.7,3977.8,33461
1768200600,3977.7,3986.9,3974.9,3984.7,30711
1768200900,3984.7,3994.0,3981.8,3991.4,25566
1768201200,3991.4,3996.4,3986.5,3993.9,20874
1768201500,3993.9,3995.3,3987.2,3988.2,19383
1768201800,3988.2,3999.0,3987.6,3997.2,13083
1768202100,3997.9,3999.8,3995.0,3995.8,6345
1768202400,3996.0,4004.8,3995.6,4000.0,14632
1768202700,4000.0,4003.0,3999.2,4000.0,8737
1768203000,3999.9,4000.0,3989.5,3995.0,42070
1768203300,3994.0,4003.0,3994.0,4000.6,6495
1768203600,4000.6,4002.6,3993.6,3997.5,9383
1768203900,3997.5,4000.5,3994.1,3995.2,6408
1768204200,3995.2,3999.3,3991.7,3997.4,7359
1768204500,3997.4,3997.4,3991.7,3993.5,10591
1768204800,3993.5,4004.9,3993.5,4004.9,11001
1768205100,4004.9,4010.8,4001.7,4006.3,19766
1768205400,4006.3,4009.1,4000.8,4001.7,9096
1768205700,4002.2,4008.0,4002.2,4005.1,9754
1768206000,4005.1,4008.0,4002.3,4004.1,8317
1768206300,4004.1,4006.2,4000.0,4004.0,7730
1768206600,4004.4,4004.4,3996.6,3999.8,12198
1768206900,3999.8,4007.8,3998.0,4006.8,9501
1768207200,4006.1,4008.0,4004.5,4005.7,8526
1768207500,4005.7,4008.0,4003.4,4005.5,8492
1768207800,4005.6,4013.3,4003.5,4013.3,7368
1768208100,4013.3,4015.5,4008.1,4013.8,15438
1768208400,4013.9,4015.8,4005.3,4007.6,16680
1768208700,4007.8,4014.9,4005.0,4013.0,23342
1768209000,4013.0,4015.6,4010.1,4013.5,11469
1768209300,4013.5,4017.2,4011.5,4016.4,17660
1768209600,4017.0,4022.6,4015.4,4020.5,30837
1768209900,4020.9,4023.3,4017.9,4018.9,10915
1768210200,4018.5,4018.5,4013.5,4016.4,23596
1768210500,4016.2,4019.9,4015.0,4015.2,40346
1768210800,4015.2,4017.7,4015.1,4016.8,28244
1768211100,4017.0,4020.6,4016.4,4017.1,33915
1768211400,4017.3,4022.7,4016.5,4022.0,49471
1768211700,4022.2,4025.9,4018.1,4024.0,52310
1768275900,4028.0,4028.0,3953.2,3963.0,149061
1768276200,3963.7,3967.0,3947.8,3952.5,104277
1768276500,3954.4,3957.2,3922.5,3924.9,87751
1768276800,3925.1,3936.6,3911.0,3921.5,107393
1768277100,3920.2,3941.9,3917.8,3939.2,69310
1768277400,3939.2,3939.7,3921.2,3931.3,41767
1768277700,3931.3,3944.8,3931.2,3933.7,41259
1768278000,3934.5,3944.4,3928.2,3934.8,29920
1768278300,3936.0,3936.0,3923.5,3925.1,39641
1768278600,3925.3,3934.0,3923.3,3927.9,57193
1768278900,3926.8,3932.0,3923.7,3931.2,25423
1768279200,3931.9,3934.0,3919.1,3920.0,53831
1768279500,3920.0,3924.6,3915.6,3922.6,38175
1768279800,3922.6,3942.8,3921.4,3929.9,28017
1768280100,3929.9,3938.0,3926.4,3937.0,27828
1768280400,3937.0,3945.0,3931.0,3931.7,39593
1768280700,3931.0,3941.4,3926.3,3932.3,37485
1768281000,3931.2,3934.3,3926.1,3930.9,26429
1768281300,3932.0,3934.9,3928.4,3932.1,12596
1768281600,3932.8,3936.2,3928.1,3928.9,15647
1768281900,3930.4,3932.4,3925.1,3930.2,12653
1768282200,3930.4,3934.7,3928.0,3933.0,10462
1768282500,3932.4,3942.8,3931.6,3942.3,16328
1768282800,3942.0,3942.3,3935.9,3937.6,31372
1768283100,3937.7,3938.8,3928.1,3929.9,24537
1768283400,3928.7,3930.0,3924.0,3925.2,82262
1768283700,3925.1,3934.0,3922.2,3931.8,72454
1768284000,3930.6,3932.7,3927.4,3931.6,16933
1768284300,3930.5,3934.0,3926.0,3930.3,27239
1768284600,3930.2,3932.6,3922.9,3924.0,19559
1768284900,3923.2,3925.8,3922.8,3924.0,13930
1768285200,3925.2,3927.0,3921.0,3923.9,23389
1768285500,3923.1,3926.9,3917.6,3918.1,25475
1768285800,3918.0,3919.5,3915.0,3915.3,16564
1768286100,3915.4,3923.2,3915.0,3922.3,17141
1768286400,3923.1,3923.1,3916.1,3917.8,24387
1768286700,3917.8,3917.8,3907.0,3907.6,64181
1768287000,3907.0,3907.6,3894.1,3896.5,54577
1768287300,3897.0,3902.0,3895.7,3897.0,25799
1768287600,3897.2,3899.7,3893.0,3894.2,35230
1768287900,3895.0,3900.0,3893.0,3895.0,31577
1768288200,3895.1,3899.0,3891.0,3895.8,32371
1768288500,3896.0,3898.5,3886.3,3889.3,61817
1768288800,3889.3,3891.7,3883.2,3891.6,51918
1768289100,3891.5,3891.9,3886.2,3890.0,25096
1768289400,3889.3,3889.4,3885.0,3886.5,19746
1768289700,3886.5,3888.9,3878.1,3878.1,40637
1768290000,3878.2,3885.0,3876.1,3877.0,46578
1768290300,3877.0,3879.0,3872.0,3876.9,41879
1768290600,3876.6,3881.8,3875.0,3877.7,28504
1768290900,3877.7,3880.0,3872.0,3872.0,39334
1768291200,3872.0,3877.3,3871.5,3874.3,31586
1768291500,3874.3,3877.2,3871.5,3875.0,35051
1768291800,3875.0,3877.8,3868.6,3872.0,61076
1768292100,3872.0,3874.6,3863.3,3864.6,65990
1768292400,3864.5,3870.0,3863.0,3863.1,42128
1768292700,3863.1,3865.7,3860.1,3863.8,66931
1768293000,3863.9,3864.0,3853.6,3856.1,74490
1768293300,3856.1,3858.5,3851.1,3852.6,53028
1768293600,3852.2,3854.5,3847.6,3852.4,87276
1768293900,3852.2,3855.0,3847.1,3850.4,63725
1768294200,3851.2,3851.2,3842.0,3842.0,63153
1768294500,3842.0,3845.8,3838.0,3841.0,83452
1768294800,3841.0,3849.6,3837.0,3847.1,106939
1768295100,3845.9,3893.4,3844.2,3882.5,411959
1768295400,3882.5,3905.0,3875.0,3898.3,420848
1768295700,3898.3,3900.0,3870.0,3871.0,190603
1768296000,3871.1,3887.7,3868.7,3886.7,92379
1768296300,3886.8,3890.1,3872.9,3877.9,106730
1768296600,3876.0,3890.0,3876.0,3883.0,168832
1768296900,3882.8,3895.4,3882.8,3894.6,179315
1768297200,3894.2,3898.0,3886.6,3887.3,99510
1768297500,3887.3,3893.6,3877.8,3881.0,147974
1768297800,3881.0,3892.1,3877.4,3887.0,159592
1768298100,3887.0,3892.0,3880.6,3890.0,94703
1768362300,3900.0,3900.0,3866.6,3872.9,68846
1768362600,3872.1,3892.0,3872.1,3878.0,39628
1768362900,3877.3,3886.0,3875.9,3884.0,27890
1768363200,3884.0,3892.3,3872.2,3886.9,32820
1768363500,3886.9,3900.0,3886.6,3890.9,39718
1768363800,3892.3,3892.6,3875.7,3877.7,25223
1768364100,3877.7,3880.0,3867.4,3871.0,30053
1768364400,3872.0,3884.6,3871.0,3883.3,10240
1768364700,3883.3,3889.9,3876.1,3880.3,20225
1768365000,3880.8,3883.6,3878.4,3878.7,13596
1768365300,3878.6,3881.3,3875.1,3876.0,11370
1768365600,3876.9,3880.0,3874.9,3879.7,12260
1768365900,3879.6,3886.3,3875.6,3879.2,92380
1768366200,3878.0,3882.0,3876.3,3880.7,26343
1768366500,3881.6,3887.6,3880.5,3884.6,14114
1768366800,3886.0,3890.2,3881.1,3884.9,54910
1768367100,3885.0,3887.0,3877.1,3880.3,31948
1768367400,3880.3,3892.2,3879.5,3887.2,22015
1768367700,3888.2,3889.2,3879.5,3880.3,17229
1768368000,3880.3,3881.2,3875.0,3875.3,36801
1768368300,3875.4,3883.0,3870.0,3883.0,22934
1768368600,3883.0,3887.9,3880.5,3887.7,23304
1768368900,3888.0,3888.0,3883.0,3883.2,16411
1768369200,3883.8,3887.1,3882.9,3885.8,18018
1768369500,3885.7,3887.9,3883.0,3885.8,11278
1768369800,3886.5,3887.0,3884.7,3885.2,7086
1768370100,3885.3,3893.7,3884.9,3892.9,18106
1768370400,3892.8,3893.0,3885.5,3892.0,16330
1768370700,3891.9,3896.0,3891.3,3894.1,18950
1768371000,3893.8,3895.0,3892.2,3893.7,6179
1768371300,3893.5,3897.8,3892.8,3897.2,34450
1768371600,3897.2,3898.7,3895.0,3898.3,14618
1768371900,3898.3,3901.9,3894.8,3898.7,60550
1768372200,3898.7,3904.9,3898.0,3902.3,20519
1768372500,3902.3,3903.6,3891.7,3891.7,21064
1768372800,3891.7,3894.6,3888.6,3891.2,28186
1768373100,3891.2,3900.0,3888.0,3899.6,43113
1768373400,3899.5,3900.0,3896.1,3896.4,30692
1768373700,3896.4,3898.6,3890.0,3890.6,14946
1768374000,3890.6,3891.2,3886.5,3887.2,22995
1768374300,3887.0,3890.0,3883.0,3883.9,50580
1768374600,3883.2,3884.0,3875.0,3875.1,29590
1768374900,3875.2,3880.7,3875.1,3877.0,12881
1768375200,3877.7,3879.6,3872.8,3875.7,20349
1768375500,3875.7,3878.2,3873.3,3876.9,14103
1768375800,3877.4,3878.0,3875.5,3876.8,7148
1768376100,3876.8,3878.8,3868.8,3870.3,28969
1768376400,3870.3,3877.3,3869.9,3874.9,7717
1768376700,3875.1,3875.1,3866.9,3870.7,16801
1768377000,3869.6,3870.0,3861.0,3863.6,16573
1768377300,3863.6,3867.3,3861.2,3865.6,12072
1768377600,3865.7,3867.0,3862.1,3863.0,9381
1768377900,3863.6,3869.9,3863.0,3864.9,7532
1768378200,3863.3,3869.0,3863.1,3864.6,9210
1768378500,3864.6,3868.0,3863.2,3867.7,7363
1768378800,3867.0,3870.0,3860.1,3862.3,15539
1768379100,3862.1,3863.0,3856.6,3860.5,19883
1768379400,3858.9,3864.8,3858.8,3862.4,10880
1768379700,3862.2,3865.0,3860.0,3862.0,9282
1768380000,3862.0,3868.2,3861.7,3868.2,12283
1768380300,3868.1,3870.3,3860.7,3863.9,28681
1768380600,3863.7,3865.9,3858.8,3859.9,32515
1768380900,3859.8,3863.3,3856.6,3860.0,24071
1768381200,3859.9,3862.6,3857.1,3859.2,13668
1768381500,3859.2,3866.0,3858.0,3863.6,11688
1768381800,3862.4,3870.0,3860.1,3868.3,32008
1768382100,3868.3,3874.6,3868.3,3873.0,54073
1768382400,3873.0,3875.1,3870.7,3872.3,31291
1768382700,3872.3,3873.3,3867.8,3869.5,32106
1768383000,3869.8,3870.5,3861.2,3864.9,40530
1768383300,3864.9,3868.6,3863.1,3865.0,47108
1768383600,3865.0,3868.9,3863.2,3864.1,50567
1768383900,3864.2,3867.0,3860.0,3865.1,42416
1768384200,3865.5,3871.9,3865.0,3870.9,34411
1768384500,3869.1,3870.5,3865.0,3868.0,38017
1768535100,3890.0,3895.4,3860.4,3875.8,83807
1768535400,3875.9,3885.4,3874.0,3885.1,23192
1768535700,3884.7,3895.8,3882.3,3893.0,37864
1768536000,3892.0,3896.1,3880.6,3882.0,34830
1768536300,3882.0,3889.0,3876.7,3878.0,17736
1768536600,3878.0,3883.4,3876.0,3880.0,18326
1768536900,3878.9,3886.3,3877.9,3885.0,24234
1768537200,3884.4,3895.0,3884.3,3892.6,30309
1768537500,3894.1,3895.0,3889.1,3893.8,20505
1768537800,3893.0,3898.0,3892.9,3895.0,17169
1768538100,3894.4,3900.5,3894.4,3899.3,29613
1768538400,3900.0,3901.3,3894.4,3897.5,26883
1768538700,3896.0,3904.0,3895.8,3902.3,37677
1768539000,3903.0,3910.0,3901.6,3905.7,61390
1768539300,3905.9,3907.2,3903.4,3904.9,18392
1768539600,3905.0,3906.8,3901.3,3905.0,28976
1768539900,3905.2,3912.0,3905.0,3912.0,30612
1768540200,3912.3,3914.0,3903.7,3906.0,28636
1768540500,3905.9,3906.8,3902.2,3902.3,14500
1768540800,3902.6,3902.9,3896.0,3898.4,18266
1768541100,3898.3,3900.0,3896.0,3900.0,9789
1768541400,3899.9,3903.0,3898.0,3898.4,13509
1768541700,3898.4,3902.2,3896.0,3898.5,12910
1768542000,3895.9,3895.9,3884.9,3889.6,22072
1768542300,3889.6,3893.8,3888.5,3889.9,8243
1768542600,3890.0,3892.2,3888.6,3890.7,8575
1768542900,3890.7,3894.9,3888.9,3894.9,6756
1768543200,3894.9,3897.6,3893.1,3894.6,10655
1768543500,3893.9,3894.8,3890.8,3893.4,7381
1768543800,3893.4,3895.0,3892.6,3893.3,6099
1768544100,3893.3,3894.2,3885.0,3887.7,18456
1768544400,3887.7,3889.8,3883.0,3884.3,15256
1768544700,3884.3,3886.4,3880.0,3882.1,13586
1768545000,3882.1,3888.3,3880.6,3888.1,9952
1768545300,3888.1,3888.5,3884.6,3888.5,10079
1768545600,3888.4,3888.5,3886.0,3887.9,13610
1768545900,3887.9,3889.3,3886.4,3886.7,7535
1768546200,3886.9,3888.2,3881.8,3881.8,8938
1768546500,3881.8,3882.2,3866.6,3867.2,39408
1768546800,3867.1,3873.9,3864.5,3872.0,19353
1768547100,3872.0,3875.0,3869.0,3870.7,15637
1768547400,3870.8,3875.1,3870.8,3873.5,7869
1768547700,3873.2,3875.5,3870.1,3871.0,13698
1768548000,3871.0,3875.3,3868.2,3874.9,25933
1768548300,3874.9,3876.8,3871.5,3875.3,23836
1768548600,3875.3,3875.9,3867.2,3869.8,15338
1768548900,3869.8,3874.6,3869.5,3872.5,7318
1768549200,3872.8,3872.8,3864.1,3867.4,29835
1768549500,3868.3,3870.4,3865.0,3865.3,17640
1768549800,3865.1,3866.7,3860.6,3861.3,14380
1768550100,3861.3,3861.3,3853.2,3860.9,27198
1768550400,3860.6,3865.2,3858.3,3861.2,17742
1768550700,3861.2,3866.3,3857.0,3864.4,21760
1768551000,3863.8,3864.8,3858.8,3860.0,12880
1768551300,3860.0,3864.0,3859.9,3862.9,10848
1768551600,3862.9,3866.0,3858.0,3861.2,27216
1768551900,3861.5,3864.0,3861.5,3864.0,9764
1768552200,3864.0,3865.0,3861.7,3862.9,9973
1768552500,3862.9,3864.5,3858.4,3860.0,19930
1768552800,3860.0,3864.0,3859.0,3861.5,10903
1768553100,3861.5,3862.3,3858.2,3862.0,11751
1768553400,3862.0,3862.8,3859.1,3861.8,13615
1768553700,3861.8,3864.0,3856.1,3859.9,21698
1768554000,3859.9,3861.4,3856.4,3859.2,10914
1768554300,3858.7,3861.0,3852.3,3858.5,34092
1768554600,3859.0,3864.2,3858.0,3862.0,13046
1768554900,3862.0,3864.2,3858.7,3860.8,15347
1768555200,3860.6,3862.9,3857.6,3860.5,34165
1768555500,3860.0,3863.6,3858.6,3862.0,19104
1768555800,3861.1,3865.6,3859.3,3862.1,46853
1768556100,3862.1,3862.9,3859.1,3862.2,48569
1768556400,3862.3,3862.3,3854.8,3854.8,52560
1768556700,3854.9,3856.4,3853.4,3855.4,47341
1768557000,3855.3,3857.3,3850.0,3855.0,109364
1768557300,3855.0,3859.0,3848.7,3857.0,114028
1768794300,3820.0,3830.0,3808.5,3823.9,136692
1768794600,3823.9,3836.0,3819.9,3827.0,55381
1768794900,3825.5,3834.2,3825.3,3827.8,85498
1768795200,3827.8,3830.0,3820.4,3822.0,27628
1768795500,3822.0,3830.3,3820.0,3830.0,59179
1768795800,3829.5,3835.0,3827.0,3828.0,53587
1768796100,3828.0,3828.6,3816.0,3823.3,38288
1768796400,3823.3,3829.4,3823.0,3823.0,15125
1768796700,3824.7,3827.7,3820.6,3821.7,12564
1768797000,3821.7,3821.9,3815.0,3821.3,21619
1768797300,3821.3,3826.8,3819.3,3826.0,13879
1768797600,3826.0,3828.5,3820.8,3824.0,22039
1768797900,3824.0,3829.7,3824.0,3827.6,9846
1768798200,3827.3,3830.0,3826.0,3829.8,17681
1768798500,3829.3,3829.9,3818.6,3819.8,10428
1768798800,3819.8,3827.7,3819.8,3826.8,11687
1768799100,3825.7,3828.3,3820.2,3822.2,7835
1768799400,3821.0,3825.9,3819.0,3823.1,6631
1768799700,3823.2,3824.5,3820.1,3824.4,6813
1768800000,3824.5,3826.6,3822.0,3825.2,7294
1768800300,3825.2,3828.0,3824.4,3826.2,7036
1768800600,3826.2,3835.0,3826.1,3833.3,18000
1768800900,3833.3,3834.5,3830.0,3830.0,8729
1768801200,3830.0,3832.0,3826.5,3831.3,6180
1768801500,3831.4,3831.8,3825.3,3826.5,8456
1768801800,3826.0,3828.1,3821.5,3826.3,15038
1768802100,3826.3,3826.3,3824.3,3825.5,5832
1768802400,3825.0,3828.6,3825.0,3827.0,5516
1768802700,3827.0,3834.1,3826.1,3834.1,14647
1768803000,3834.1,3834.9,3831.4,3834.3,7758
1768803300,3832.9,3834.9,3830.0,3832.9,7006
1768803600,3832.9,3834.0,3830.0,3833.1,4759
1768803900,3833.1,3833.2,3827.4,3829.7,27500
1768804200,3829.5,3831.4,3824.9,3829.6,16192
1768804500,3828.5,3830.0,3824.6,3827.0,18809
1768804800,3827.0,3831.8,3824.3,3825.5,16146
1768805100,3825.5,3833.8,3824.9,3832.0,40144
1768805400,3831.4,3834.6,3830.0,3832.0,6486
1768805700,3832.0,3833.9,3828.9,3831.1,13018
1768806000,3831.3,3839.5,3831.0,3838.9,21227
1768806300,3839.0,3839.4,3835.6,3836.0,9018
1768806600,3836.0,3844.9,3836.0,3843.0,15776
1768806900,3843.0,3843.5,3838.0,3843.2,13035
1768807200,3842.3,3850.0,3840.6,3845.7,13617
1768807500,3844.3,3852.0,3843.1,3850.3,29266
1768807800,3850.2,3850.8,3848.3,3849.4,9787
1768808100,3849.0,3854.4,3847.0,3853.7,34359
1768808400,3853.6,3853.6,3841.8,3846.3,24468
1768808700,3846.3,3847.7,3843.7,3845.1,7240
1768809000,3846.0,3846.6,3840.0,3841.1,10521
1768809300,3841.1,3842.5,3837.6,3840.0,24400
1768809600,3839.9,3850.0,3839.9,3850.0,23648
1768809900,3849.7,3855.9,3848.1,3855.9,14490
1768810200,3855.5,3857.8,3845.2,3849.5,34658
1768810500,3849.5,3851.5,3843.7,3851.4,54115
1768810800,3851.5,3857.9,3849.2,3855.5,24361
1768811100,3855.4,3859.7,3854.0,3856.9,24765
1768811400,3855.0,3862.6,3855.0,3860.3,15450
1768811700,3860.3,3871.9,3860.3,3869.6,13035
1768812000,3870.0,3870.0,3864.1,3867.7,21334
1768812300,3867.6,3870.0,3865.0,3869.5,15372
1768812600,3870.0,3878.4,3869.5,3872.1,17974
1768812900,3871.7,3874.1,3868.3,3868.8,32749
1768813200,3868.8,3873.8,3866.0,3866.8,28650
1768813500,3866.8,3868.4,3862.0,3868.4,12105
1768813800,3868.4,3869.0,3866.0,3867.7,7084
1768814100,3867.7,3872.4,3867.0,3870.0,9340
1768814400,3870.6,3874.0,3870.0,3871.6,12412
1768814700,3871.6,3874.9,3871.6,3872.8,35309
1768815000,3872.6,3874.9,3870.0,3873.5,52047
1768815300,3873.6,3873.7,3870.0,3871.0,37002
1768815600,3870.2,3871.2,3866.2,3868.7,35786
1768815900,3868.7,3869.4,3865.4,3866.2,11669
1768816200,3867.1,3870.0,3861.1,3867.8,45936
1768816500,3867.8,3869.6,3862.5,3863.7,27467
1768880700,3858.0,3874.3,3851.5,3864.2,27645
1768881000,3864.6,3868.0,3852.0,3852.0,16754
1768881300,3852.9,3858.4,3847.1,3850.2,18845
1768881600,3849.8,3861.0,3847.0,3857.0,13524
1768881900,3857.0,3859.1,3851.4,3852.0,7647
1768882200,3851.4,3859.0,3849.0,3857.7,14242
1768882500,3858.5,3863.0,3857.3,3859.0,8889
1768882800,3859.0,3860.0,3846.0,3846.1,11891
1768883100,3846.0,3858.0,3845.0,3857.3,15663
1768883400,3857.3,3859.9,3854.7,3859.2,11094
1768883700,3857.5,3860.0,3854.3,3855.1,5645
1768884000,3855.2,3858.6,3851.3,3851.9,5651
1768884300,3851.7,3857.0,3846.1,3856.3,9451
1768884600,3856.3,3858.1,3851.7,3851.7,7321
1768884900,3851.1,3855.7,3850.0,3852.3,6294
1768885200,3852.2,3854.6,3847.4,3849.0,13372
1768885500,3849.0,3855.7,3848.3,3853.0,7157
1768885800,3853.1,3855.7,3851.0,3851.5,6297
1768886100,3851.5,3851.5,3846.5,3851.5,5692
1768886400,3851.5,3851.5,3841.1,3842.3,17665
1768886700,3842.3,3844.1,3840.5,3844.1,10965
1768887000,3844.1,3844.9,3838.8,3839.3,9889
1768887300,3839.2,3839.7,3835.1,3836.1,9363
1768887600,3835.9,3837.5,3834.0,3834.1,7563
1768887900,3834.2,3842.1,3833.0,3838.6,7040
1768888200,3838.6,3842.6,3835.6,3839.7,13493
1768888500,3839.0,3844.5,3838.9,3843.0,5512
1768888800,3843.2,3845.0,3840.0,3841.5,9568
1768889100,3841.5,3844.2,3840.0,3840.1,8319
1768889400,3840.1,3843.8,3836.0,3842.8,13866
1768889700,3842.8,3847.1,3841.8,3845.3,16640
1768890000,3845.6,3852.4,3844.3,3851.8,11537
1768890300,3851.8,3852.3,3846.5,3847.9,13239
1768890600,3847.9,3847.9,3840.0,3840.5,11888
1768890900,3841.5,3842.9,3835.8,3838.4,40884
1768891200,3838.4,3841.7,3836.7,3841.1,14975
1768891500,3841.6,3842.4,3835.5,3835.5,9966
1768891800,3835.6,3837.0,3830.9,3833.0,17726
1768892100,3833.0,3836.5,3831.4,3834.8,6915
1768892400,3834.8,3835.4,3830.9,3831.0,8124
1768892700,3831.0,3833.2,3828.0,3830.4,21283
1768893000,3831.9,3832.0,3825.0,3825.5,21723
1768893300,3825.5,3828.8,3822.0,3828.0,23084
1768893600,3828.0,3830.3,3825.3,3827.2,20387
1768893900,3827.0,3827.4,3818.3,3822.3,43759
1768894200,3822.3,3823.6,3819.7,3822.0,7128
1768894500,3821.9,3826.1,3820.4,3823.0,13573
1768894800,3823.0,3827.2,3822.6,3823.1,17302
1768895100,3824.0,3827.0,3822.1,3824.5,10050
1768895400,3824.5,3827.7,3822.9,3827.6,13664
1768895700,3827.7,3829.0,3823.9,3824.5,12507
1768896000,3825.4,3826.1,3822.1,3822.6,7775
1768896300,3823.2,3823.6,3817.2,3820.4,17800
1768896600,3821.8,3825.0,3816.5,3824.6,21281
1768896900,3824.5,3827.3,3821.0,3823.4,18151
1768897200,3823.4,3826.8,3821.0,3824.4,18643
1768897500,3824.5,3825.1,3822.0,3823.9,12121
1768897800,3823.5,3824.8,3815.0,3822.6,31287
1768898100,3822.1,3822.1,3816.1,3820.4,21798
1768898400,3820.4,3822.2,3816.1,3818.5,30291
1768898700,3818.5,3824.7,3817.1,3821.9,31380
1768899000,3821.7,3826.3,3819.5,3825.0,12974
1768899300,3825.1,3830.9,3823.9,3829.3,23629
1768899600,3830.1,3830.6,3824.3,3826.0,9397
1768899900,3826.7,3827.7,3822.4,3822.7,26771
1768900200,3822.9,3823.0,3817.3,3821.0,32186
1768900500,3821.0,3828.9,3819.9,3827.5,35037
1768900800,3827.0,3827.2,3820.5,3824.9,18832
1768901100,3824.9,3826.8,3821.5,3821.6,50969
1768901400,3821.6,3822.1,3814.3,3819.2,95895
1768901700,3820.3,3821.8,3813.7,3813.7,81330
1768902000,3813.7,3814.1,3800.3,3804.8,116020
1768902300,3804.7,3814.0,3800.0,3810.0,131940
1768902600,3809.9,3815.6,3800.4,3814.0,80978
1768902900,3813.2,3814.5,3800.3,3808.0,46200
1768967100,3800.0,3830.0,3787.2,3793.0,112958
1768967400,3793.9,3794.0,3772.8,3784.9,58309
1768967700,3785.3,3786.0,3775.0,3776.0,40661
1768968000,3775.2,3794.9,3775.2,3794.7,39621
1768968300,3791.7,3793.2,3778.3,3785.3,36991
1768968600,3785.5,3792.2,3783.4,3787.8,16216
1768968900,3787.8,3793.9,3784.7,3790.0,16631
1768969200,3790.0,3791.3,3780.1,3782.3,12741
1768969500,3783.1,3792.0,3774.0,3774.0,16641
1768969800,3774.0,3778.0,3769.2,3775.3,32885
1768970100,3775.7,3781.6,3774.1,3778.6,13561
1768970400,3778.5,3782.9,3770.1,3777.9,22509
1768970700,3778.2,3779.2,3772.0,3774.6,34442
1768971000,3774.7,3775.0,3757.8,3757.8,30363
1768971300,3758.7,3764.1,3755.1,3763.6,18865
1768971600,3763.0,3767.3,3760.0,3765.0,45125
1768971900,3766.0,3766.4,3760.0,3764.8,37053
1768972200,3764.8,3767.4,3757.2,3758.0,32422
1768972500,3758.0,3759.9,3754.1,3758.1,21698
1768972800,3759.1,3759.9,3747.5,3751.2,72188
1768973100,3751.2,3752.4,3740.1,3749.3,42063
1768973400,3749.5,3751.2,3740.0,3740.4,38726
1768973700,3740.9,3742.7,3729.9,3736.8,57231
1768974000,3736.7,3745.8,3733.1,3738.4,45547
1768974300,3738.4,3742.7,3735.0,3740.0,32800
1768974600,3739.3,3743.5,3735.6,3739.2,20169
1768974900,3739.2,3739.5,3731.0,3731.5,17933
1768975200,3731.5,3736.9,3726.0,3728.0,20430
1768975500,3727.9,3731.0,3723.7,3726.4,53302
1768975800,3726.4,3729.1,3725.2,3727.9,17120
1768976100,3727.3,3731.0,3725.0,3725.8,29759
1768976400,3726.0,3734.0,3724.5,3728.9,35155
1768976700,3729.5,3733.1,3722.0,3728.1,19438
1768977000,3727.1,3738.5,3725.2,3735.5,26145
1768977300,3735.6,3740.9,3731.9,3740.8,36402
1768977600,3740.8,3743.7,3739.5,3743.7,25914
1768977900,3742.9,3744.9,3736.9,3742.6,32379
1768978200,3742.6,3756.5,3740.0,3756.0,63354
1768978500,3755.5,3755.9,3743.2,3749.6,30295
1768978800,3748.5,3756.0,3748.0,3755.0,18201
1768979100,3755.0,3765.0,3754.0,3762.9,38721
1768979400,3761.6,3769.6,3761.0,3769.1,25693
1768979700,3768.6,3786.0,3768.6,3785.0,24825
1768980000,3785.2,3789.0,3782.1,3783.6,22914
1768980300,3783.0,3790.0,3782.1,3789.8,27506
1768980600,3790.0,3795.0,3787.6,3791.6,14006
1768980900,3791.6,3793.4,3784.3,3785.4,16229
1768981200,3785.0,3786.5,3780.0,3784.3,14423
1768981500,3783.9,3785.0,3779.3,3780.2,31159
1768981800,3780.0,3781.9,3776.0,3777.7,16078
1768982100,3777.7,3777.9,3771.8,3771.8,13833
1768982400,3771.5,3775.6,3768.3,3772.5,18842
1768982700,3771.9,3780.0,3770.9,3774.0,17227
1768983000,3774.2,3774.7,3765.6,3771.5,47934
1768983300,3771.5,3772.0,3766.4,3769.0,48582
1768983600,3768.2,3772.3,3765.5,3769.3,20692
1768983900,3768.7,3768.9,3760.8,3761.6,24123
1768984200,3762.4,3766.6,3755.5,3758.4,53988
1768984500,3759.7,3761.0,3752.4,3752.9,33613
1768984800,3752.8,3758.1,3752.3,3756.6,16931
1768985100,3756.6,3766.0,3755.0,3761.2,33349
1768985400,3761.6,3763.6,3757.0,3760.5,26934
1768985700,3760.5,3761.6,3756.2,3756.5,25720
1768986000,3756.5,3767.9,3756.5,3764.1,33265
1768986300,3764.2,3765.7,3760.0,3763.6,42088
1768986600,3763.8,3765.2,3758.7,3763.2,31838
1768986900,3763.2,3764.1,3760.3,3761.8,18830
1768987200,3761.8,3764.0,3760.0,3763.4,22987
1768987500,3764.1,3766.3,3761.0,3764.5,31858
1768987800,3764.5,3766.2,3759.4,3766.2,63582
1768988100,3766.1,3769.4,3765.4,3767.3,75129
1768988400,3768.0,3770.6,3765.8,3769.5,61561
1768988700,3769.5,3769.5,3767.2,3767.5,38897
1768989000,3767.5,3768.0,3766.9,3766.9,74161
1768989300,3767.0,3770.0,3765.0,3770.0,49306
1769053500,3798.9,3799.0,3770.0,3770.6,51717
1769053800,3772.3,3778.7,3771.0,3777.4,17703
1769054100,3777.4,3786.3,3771.2,3783.5,26942
1769054400,3782.6,3791.4,3782.6,3788.8,30217
1769054700,3789.0,3790.6,3782.0,3787.5,18418
1769055000,3788.1,3790.7,3784.5,3787.1,11811
1769055300,3787.3,3796.9,3785.5,3795.1,35153
1769055600,3794.7,3800.0,3792.9,3794.1,17965
1769055900,3794.1,3794.5,3783.4,3787.9,18723
1769056200,3787.9,3790.5,3780.0,3785.3,12769
1769056500,3783.6,3788.4,3781.8,3782.6,7854
1769056800,3783.3,3789.2,3781.3,3782.6,7005
1769057100,3783.0,3785.0,3775.0,3775.7,11393
1769057400,3774.3,3779.5,3770.0,3778.0,14346
1769057700,3778.0,3778.0,3770.0,3770.0,8630
1769058000,3770.0,3778.0,3762.6,3774.2,24757
1769058300,3774.2,3779.0,3769.0,3770.5,9754
1769058600,3770.0,3775.6,3769.0,3772.4,6177
1769058900,3771.2,3772.4,3767.2,3767.2,7578
1769059200,3767.5,3770.0,3766.1,3769.0,8021
1769059500,3769.1,3769.9,3757.5,3758.7,12013
1769059800,3757.3,3765.0,3756.2,3761.0,12220
1769060100,3760.2,3761.0,3755.9,3759.7,8382
1769060400,3759.7,3762.3,3756.0,3757.5,11063
1769060700,3757.3,3761.7,3755.1,3757.5,11501
1769061000,3757.3,3769.9,3755.7,3765.1,39927
1769061300,3765.2,3775.6,3765.2,3769.2,27856
1769061600,3768.0,3782.9,3767.6,3779.9,35888
1769061900,3779.6,3782.6,3775.3,3777.1,8161
1769062200,3777.0,3778.9,3772.1,3775.0,6467
1769062500,3774.1,3777.1,3770.0,3777.0,5076
1769062800,3777.0,3780.9,3770.9,3774.9,30903
1769063100,3774.9,3777.4,3770.6,3772.3,6042
1769063400,3771.5,3775.0,3770.6,3775.0,6872
1769063700,3775.6,3780.0,3773.8,3778.6,6986
1769064000,3778.6,3782.5,3776.4,3782.0,6341
1769064300,3782.0,3782.3,3776.1,3779.0,9283
1769064600,3779.0,3786.0,3778.9,3784.1,18107
1769064900,3783.9,3784.9,3781.0,3782.0,3492
1769065200,3781.3,3785.4,3779.0,3782.0,35693
1769065500,3782.7,3784.8,3777.9,3782.6,22695
1769065800,3782.4,3784.4,3769.8,3774.6,52992
1769066100,3775.8,3780.0,3773.6,3776.9,24767
1769066400,3776.8,3779.7,3770.9,3771.9,24646
1769066700,3772.0,3772.8,3766.9,3769.9,11435
1769067000,3769.6,3771.0,3766.6,3770.4,13263
1769067300,3770.4,3775.2,3770.0,3770.1,31894
1769067600,3770.1,3772.0,3766.1,3767.2,14301
1769067900,3767.3,3770.7,3763.0,3770.7,28000
1769068200,3773.6,3775.8,3769.1,3769.9,24495
1769068500,3769.7,3769.8,3764.0,3765.2,14042
1769068800,3765.0,3772.3,3761.1,3771.6,14903
1769069100,3771.8,3775.2,3768.1,3769.2,22311
1769069400,3769.1,3773.3,3766.8,3770.1,23932
1769069700,3770.2,3770.6,3765.1,3770.3,39304
1769070000,3770.1,3779.0,3766.3,3779.0,40224
1769070300,3778.8,3780.1,3772.0,3774.0,63972
1769070600,3774.3,3777.0,3768.0,3770.0,34610
1769070900,3769.9,3772.3,3762.8,3767.3,46545
1769071200,3767.3,3768.7,3760.1,3762.5,41551
1769071500,3762.5,3768.0,3761.6,3766.8,75929
1769071800,3766.7,3774.6,3766.4,3772.3,19142
1769072100,3772.0,3782.9,3771.9,3782.9,10854
1769072400,3782.7,3790.0,3779.1,3788.5,23556
1769072700,3789.4,3794.4,3785.1,3788.2,48039
1769073000,3786.8,3792.8,3786.8,3792.6,25843
1769073300,3792.8,3799.0,3791.7,3798.0,31812
1769073600,3797.5,3801.3,3792.1,3792.1,25793
1769073900,3792.3,3798.9,3791.2,3797.6,18835
1769074200,3795.8,3797.1,3787.0,3790.3,87545
1769074500,3790.3,3797.0,3790.3,3795.8,46426
1769074800,3795.8,3797.9,3794.5,3794.5,43655
1769075100,3794.7,3796.7,3792.1,3794.6,50597
1769075400,3794.5,3796.3,3792.3,3794.2,53118
1769075700,3794.1,3799.8,3792.8,3797.9,51112
1769139900,3798.0,3799.4,3768.1,3778.2,86582
1769140200,3777.8,3786.4,3771.5,3784.0,28422
1769140500,3784.2,3788.2,3780.0,3787.9,36586
1769140800,3787.9,3788.5,3775.7,3776.3,20250
1769141100,3776.7,3777.2,3768.4,3775.2,45140
1769141400,3775.2,3778.8,3771.3,3774.2,15480
1769141700,3774.2,3782.0,3770.1,3779.5,21372
1769142000,3778.0,3780.9,3777.1,3777.1,7639
1769142300,3777.3,3785.0,3777.3,3779.6,18825
1769142600,3781.0,3783.4,3772.8,3778.8,24793
1769142900,3779.0,3781.0,3772.6,3773.6,16726
1769143200,3772.9,3774.1,3770.0,3771.1,14672
1769143500,3770.5,3772.8,3765.8,3766.5,18578
1769143800,3766.5,3772.9,3765.7,3772.2,9066
1769144100,3772.0,3774.1,3770.2,3773.7,10884
1769144400,3773.6,3777.3,3770.8,3773.7,7605
1769144700,3773.7,3774.3,3770.2,3771.7,11235
1769145000,3771.6,3773.0,3770.0,3770.5,8087
1769145300,3770.5,3771.0,3760.9,3761.0,20356
1769145600,3761.0,3763.9,3760.3,3761.1,18224
1769145900,3761.7,3764.7,3761.0,3763.6,15977
1769146200,3763.4,3763.4,3758.0,3758.3,16422
1769146500,3758.3,3762.6,3757.2,3761.6,11774
1769146800,3761.2,3763.8,3760.1,3760.4,6214
1769147100,3760.1,3763.3,3757.5,3758.7,18647
1769147400,3758.6,3760.0,3757.0,3757.3,25380
1769147700,3758.7,3759.9,3755.1,3756.2,22256
1769148000,3756.1,3757.3,3752.0,3753.0,19105
1769148300,3752.9,3755.5,3750.3,3750.3,9477
1769148600,3750.3,3750.3,3745.0,3745.8,23169
1769148900,3745.8,3746.6,3738.0,3738.0,13896
1769149200,3739.1,3744.2,3737.7,3741.6,10356
1769149500,3741.5,3743.3,3740.1,3741.6,13066
1769149800,3741.4,3741.4,3736.7,3738.2,12536
1769150100,3738.1,3738.3,3730.5,3731.8,14529
1769150400,3731.8,3732.1,3728.0,3728.5,43564
1769150700,3728.6,3731.7,3728.1,3729.9,31502
1769151000,3729.9,3732.2,3728.6,3730.0,55198
1769151300,3730.0,3733.1,3729.1,3730.1,74068
1769151600,3730.0,3733.8,3727.9,3732.8,36180
1769151900,3732.3,3733.5,3730.0,3731.8,14671
1769152200,3731.8,3733.6,3731.0,3732.1,21247
1769152500,3732.1,3734.0,3730.4,3734.0,21121
1769152800,3734.0,3741.4,3732.0,3739.0,46657
1769153100,3739.0,3740.5,3735.1,3738.9,38802
1769153400,3738.7,3741.5,3735.9,3738.4,19086
1769153700,3738.4,3742.0,3738.3,3741.9,42432
1769154000,3741.5,3742.0,3737.3,3740.0,32881
1769154300,3740.1,3740.2,3728.0,3732.0,17861
1769154600,3731.8,3732.0,3725.3,3727.7,17907
1769154900,3729.0,3734.5,3729.0,3730.3,13575
1769155200,3730.2,3730.3,3720.1,3727.9,29358
1769155500,3727.9,3728.9,3725.0,3728.0,12367
1769155800,3728.4,3730.8,3720.9,3722.2,16312
1769156100,3722.1,3729.1,3721.0,3726.6,9729
1769156400,3726.4,3732.2,3726.4,3731.3,9399
1769156700,3730.1,3733.1,3729.8,3732.7,12731
1769157000,3732.7,3734.4,3730.2,3733.0,25463
1769157300,3733.9,3738.8,3732.9,3737.1,39315
1769157600,3737.2,3741.0,3734.2,3736.9,33797
1769157900,3736.9,3739.1,3733.5,3738.3,16184
1769158200,3738.3,3739.6,3735.0,3736.0,9480
1769158500,3736.0,3743.0,3733.3,3740.3,31254
1769158800,3740.4,3742.1,3737.3,3741.1,5980
1769159100,3741.0,3743.9,3737.8,3741.0,39771
1769159400,3742.3,3743.6,3740.0,3740.4,9275
1769159700,3743.5,3743.5,3735.8,3740.7,25808
1769160000,3740.0,3744.8,3739.6,3743.4,50862
1769160300,3743.4,3748.0,3743.4,3747.8,30219
1769160600,3747.4,3747.4,3736.0,3739.3,56182
1769160900,3739.3,3741.8,3738.0,3740.0,40304
1769161200,3740.4,3742.0,3737.4,3741.9,41409
1769161500,3741.8,3746.8,3740.8,3746.3,43163
1769161800,3746.8,3752.6,3744.8,3752.6,52061
1769162100,3752.7,3753.4,3746.2,3750.0,54029
1769485500,3743.8,3767.0,3739.0,3752.8,112359
1769485800,3750.9,3756.9,3747.2,3755.3,25666
1769486100,3755.9,3762.0,3755.2,3760.9,21757
1769486400,3760.9,3766.5,3752.1,3756.6,21228
1769486700,3756.7,3772.0,3752.6,3770.0,23537
1769487000,3768.5,3784.3,3766.9,3783.1,35279
1769487300,3783.3,3784.9,3773.5,3777.9,37544
1769487600,3777.9,3779.9,3774.2,3775.7,11766
1769487900,3775.7,3777.3,3768.3,3771.7,16832
1769488200,3771.3,3775.0,3771.3,3773.9,14029
1769488500,3773.7,3773.8,3764.2,3765.0,9314
1769488800,3764.4,3775.0,3764.3,3774.3,11483
1769489100,3774.2,3786.2,3774.1,3782.2,43992
1769489400,3781.6,3783.1,3776.9,3780.8,25148
1769489700,3781.0,3782.3,3773.0,3773.0,9436
1769490000,3775.4,3777.1,3767.8,3771.0,13234
1769490300,3771.0,3773.0,3769.2,3772.7,7153
1769490600,3772.5,3772.6,3755.0,3757.5,18541
1769490900,3756.7,3759.5,3755.0,3758.4,8901
1769491200,3758.4,3759.0,3747.5,3751.4,20579
1769491500,3751.5,3757.8,3750.4,3752.0,33073
1769491800,3752.1,3756.5,3751.6,3754.9,31685
1769492100,3754.1,3757.8,3754.1,3756.7,33257
1769492400,3756.9,3769.0,3756.6,3768.0,16325
1769492700,3768.0,3769.7,3762.6,3767.6,34578
1769493000,3767.5,3768.3,3763.0,3764.6,15241
1769493300,3764.6,3766.1,3762.0,3762.6,15285
1769493600,3762.6,3765.0,3760.0,3762.7,10652
1769493900,3762.9,3766.0,3761.1,3766.0,5391
1769494200,3765.5,3780.0,3764.3,3779.4,29638
1769494500,3779.3,3780.6,3769.7,3770.0,22453
1769494800,3770.0,3773.4,3769.8,3771.7,34314
1769495100,3771.8,3780.0,3771.0,3776.5,35702
1769495400,3775.4,3779.6,3773.2,3776.4,30856
1769495700,3776.4,3779.0,3775.0,3776.8,17163
1769496000,3776.8,3783.2,3767.9,3770.8,90164
1769496300,3770.4,3770.8,3762.1,3763.3,20545
1769496600,3763.5,3773.5,3763.0,3771.8,16292
1769496900,3771.7,3774.1,3765.7,3766.3,15240
1769497200,3765.1,3767.2,3763.2,3764.1,10082
1769497500,3763.7,3764.4,3759.6,3762.5,10217
1769497800,3762.5,3766.3,3760.8,3762.6,12107
1769498100,3762.5,3766.8,3760.7,3761.2,15273
1769498400,3761.1,3766.2,3759.0,3765.2,11752
1769498700,3765.3,3765.3,3762.3,3763.0,11831
1769499000,3762.9,3763.0,3758.7,3762.0,6883
1769499300,3761.9,3763.8,3761.8,3762.4,7776
1769499600,3762.2,3763.2,3759.2,3760.7,13690
1769499900,3761.5,3764.0,3761.0,3763.0,31510
1769500200,3762.9,3771.9,3762.9,3771.3,32435
1769500500,3771.5,3771.5,3767.0,3770.0,9855
1769500800,3770.4,3774.4,3769.7,3773.2,24365
1769501100,3773.3,3773.3,3754.8,3755.4,21897
1769501400,3756.9,3764.4,3751.9,3756.4,23290
1769501700,3756.4,3764.2,3755.0,3764.1,9835
1769502000,3764.1,3764.5,3758.0,3760.8,7697
1769502300,3761.0,3765.9,3760.6,3765.4,8039
1769502600,3765.5,3766.5,3758.1,3759.7,18504
1769502900,3759.8,3762.7,3754.0,3761.7,12387
1769503200,3761.7,3766.6,3760.8,3763.6,13304
1769503500,3763.6,3763.6,3758.7,3762.5,11678
1769503800,3761.9,3762.6,3757.6,3760.0,11911
1769504100,3760.0,3763.6,3760.0,3763.1,9232
1769504400,3763.1,3766.0,3759.7,3764.9,30087
1769504700,3764.9,3771.7,3764.1,3770.0,47194
1769505000,3769.7,3773.0,3768.9,3770.4,35579
1769505300,3771.0,3783.4,3771.0,3783.1,61453
1769505600,3783.2,3785.0,3773.9,3783.3,110692
1769505900,3783.9,3789.0,3780.0,3786.7,68358
1769506200,3786.7,3787.6,3780.0,3782.1,95302
1769506500,3782.1,3787.2,3780.2,3787.1,63064
1769506800,3787.2,3790.0,3785.1,3789.0,71276
1769507100,3789.1,3789.4,3785.8,3788.8,76264
1769507400,3788.7,3790.0,3784.3,3789.0,88641
1769507700,3789.4,3815.0,3789.4,3804.5,60514
1769571900,3804.3,3817.2,3795.1,3808.7,52919
1769572200,3808.4,3817.4,3805.0,3815.7,38177
1769572500,3815.7,3820.0,3812.5,3818.3,27323
1769572800,3818.1,3824.0,3815.6,3816.1,36043
1769573100,3816.1,3824.0,3815.0,3823.2,30213
1769573400,3823.3,3828.2,3820.7,3823.0,32505
1769573700,3823.4,3825.9,3815.0,3824.0,18378
1769574000,3822.4,3826.9,3819.5,3825.1,16741
1769574300,3824.0,3826.0,3818.0,3825.2,8541
1769574600,3825.1,3826.1,3818.3,3820.0,11178
1769574900,3820.0,3822.0,3812.7,3815.0,22543
1769575200,3814.6,3815.1,3809.3,3812.3,25610
1769575500,3813.1,3814.8,3799.0,3807.0,45454
1769575800,3807.0,3813.8,3804.5,3806.1,102421
1769576100,3806.1,3812.0,3803.0,3803.0,15790
1769576400,3803.0,3809.5,3801.6,3801.6,17816
1769576700,3801.5,3811.3,3799.1,3811.0,35271
1769577000,3810.8,3811.1,3802.8,3804.8,19597
1769577300,3804.8,3804.9,3800.0,3801.6,10409
1769577600,3801.7,3805.0,3799.2,3800.0,23360
1769577900,3799.2,3802.0,3795.3,3800.0,37019
1769578200,3800.0,3808.5,3799.5,3808.5,25509
1769578500,3808.1,3814.2,3807.0,3813.2,14025
1769578800,3813.2,3814.9,3808.1,3810.0,8677
1769579100,3810.0,3811.2,3806.1,3809.7,10098
1769579400,3809.4,3810.0,3807.8,3809.4,4590
1769579700,3809.4,3809.9,3807.0,3809.0,9076
1769580000,3808.8,3810.0,3803.9,3805.0,27650
1769580300,3805.4,3805.4,3796.9,3798.8,14519
1769580600,3799.5,3804.0,3797.2,3801.8,19930
1769580900,3801.7,3803.8,3799.0,3800.0,19302
1769581200,3800.0,3800.0,3799.0,3800.0,19388
1769581500,3800.0,3800.0,3796.9,3800.0,15658
1769581800,3800.0,3800.1,3799.8,3800.0,5143
1769582100,3799.9,3800.1,3795.0,3796.6,52779
1769582400,3796.6,3798.0,3795.0,3798.0,7971
1769582700,3798.1,3799.5,3795.0,3795.9,16518
1769583000,3795.9,3797.7,3788.5,3789.9,22217
1769583300,3789.9,3796.0,3788.4,3793.7,20343
1769583600,3793.5,3796.0,3793.3,3795.3,6352
1769583900,3795.3,3796.7,3794.1,3795.0,6695
1769584200,3794.9,3799.4,3794.1,3797.5,9585
1769584500,3798.2,3799.9,3796.3,3799.4,7992
1769584800,3799.6,3800.0,3798.0,3798.8,13663
1769585100,3799.8,3800.0,3799.1,3799.9,18499
1769585400,3799.9,3800.0,3798.3,3798.9,53860
1769585700,3798.9,3800.0,3794.2,3794.4,8043
1769586000,3794.4,3797.4,3792.1,3796.0,22273
1769586300,3796.8,3800.0,3794.2,3799.8,7048
1769586600,3799.1,3799.6,3790.9,3796.5,20047
1769586900,3796.5,3798.1,3793.6,3794.5,19509
1769587200,3794.5,3799.0,3794.5,3798.1,36716
1769587500,3798.1,3800.0,3797.0,3800.0,4168
1769587800,3799.9,3803.5,3794.0,3794.0,20543
1769588100,3794.7,3797.2,3794.0,3795.9,5208
1769588400,3796.1,3800.0,3792.9,3797.4,12774
1769588700,3797.4,3800.0,3797.0,3799.5,5365
1769589000,3799.8,3801.4,3795.8,3797.5,26330
1769589300,3797.7,3797.7,3790.0,3792.2,15877
1769589600,3792.2,3793.4,3785.3,3787.1,31589
1769589900,3787.2,3790.0,3782.0,3784.3,14544
1769590200,3783.9,3790.0,3771.7,3775.7,30884
1769590500,3775.7,3780.4,3769.9,3773.7,58114
1769590800,3773.8,3786.0,3769.1,3778.1,126710
1769591100,3778.7,3779.3,3775.0,3778.9,22709
1769591400,3779.3,3786.0,3775.0,3784.2,45679
1769591700,3784.2,3785.8,3781.0,3784.3,56049
1769592000,3784.0,3795.0,3782.7,3790.0,45079
1769592300,3790.9,3798.9,3790.9,3796.1,76831
1769592600,3796.2,3800.7,3796.0,3799.7,38975
1769592900,3799.9,3799.9,3780.9,3787.9,65096
1769593200,3787.2,3789.4,3782.7,3789.2,63301
1769593500,3789.3,3801.0,3789.3,3798.2,70801
1769593800,3798.4,3799.6,3788.5,3792.6,56392
1769594100,3792.6,3799.0,3789.0,3796.9,44861
1769658300,3860.0,3932.6,3843.6,3920.6,428248
1769658600,3920.4,3920.4,3877.1,3906.0,123852
1769658900,3904.8,3926.4,3904.8,3923.9,192954
1769659200,3922.2,3925.9,3906.6,3912.3,202891
1769659500,3910.0,3913.7,3890.0,3899.7,57400
1769659800,3899.7,3907.0,3885.0,3887.4,54089
1769660100,3887.3,3890.9,3882.5,3883.9,32133
1769660400,3882.7,3888.0,3875.1,3875.7,57685
1769660700,3876.4,3883.0,3871.2,3877.0,27580
1769661000,3877.7,3884.6,3865.4,3881.3,41580
1769661300,3880.5,3893.9,3879.0,3891.0,43606
1769661600,3891.0,3891.1,3880.0,3888.0,17883
1769661900,3888.0,3894.9,3883.9,3889.6,32869
1769662200,3889.2,3893.0,3876.7,3891.5,32428
1769662500,3892.0,3893.6,3885.1,3889.2,13983
1769662800,3887.8,3895.0,3885.0,3894.4,16258
1769663100,3895.8,3906.5,3886.5,3887.4,42064
1769663400,3886.7,3891.8,3884.0,3889.4,16433
1769663700,3890.1,3904.8,3889.1,3902.5,24226
1769664000,3902.5,3913.0,3901.0,3912.3,35967
1769664300,3911.2,3917.9,3910.0,3915.6,31991
1769664600,3915.6,3922.7,3914.0,3921.0,52523
1769664900,3921.5,3922.9,3915.6,3918.4,45705
1769665200,3918.1,3920.8,3907.6,3913.9,48266
1769665500,3913.9,3914.9,3909.6,3911.1,27583
1769665800,3911.5,3929.5,3909.1,3926.9,162405
1769666100,3926.6,3939.0,3920.7,3933.2,84458
1769666400,3932.2,3936.9,3920.1,3923.0,62372
1769666700,3923.0,3925.1,3916.2,3921.0,43287
1769667000,3921.0,3932.4,3920.9,3928.1,79661
1769667300,3929.0,3930.4,3917.8,3919.9,43230
1769667600,3919.9,3922.9,3913.5,3916.0,28651
1769667900,3916.1,3922.8,3914.2,3920.4,20100
1769668200,3920.4,3929.0,3920.0,3927.6,29728
1769668500,3927.6,3931.8,3925.1,3927.9,44368
1769668800,3927.9,3930.3,3926.0,3929.0,47921
1769669100,3929.0,3930.0,3922.6,3925.4,34965
1769669400,3925.4,3930.9,3924.1,3927.4,62523
1769669700,3927.6,3930.0,3923.8,3924.4,21780
1769670000,3923.9,3928.0,3922.0,3925.6,16125
1769670300,3925.4,3927.2,3922.0,3922.2,19470
1769670600,3922.2,3928.1,3921.1,3925.3,17368
1769670900,3924.4,3934.5,3923.9,3927.5,35892
1769671200,3927.5,3939.0,3926.8,3938.9,42150
1769671500,3938.5,3939.0,3935.1,3935.6,19115
1769671800,3935.6,3941.0,3932.3,3939.9,39910
1769672100,3941.0,3944.0,3935.0,3935.7,36360
1769672400,3935.7,3940.0,3935.5,3939.0,24749
1769672700,3938.9,3943.0,3938.9,3942.2,36851
1769673000,3942.0,3942.4,3939.1,3939.6,19273
1769673300,3939.8,3943.5,3935.1,3935.9,42252
1769673600,3936.9,3946.8,3935.6,3945.0,38688
1769673900,3945.5,3948.0,3943.2,3944.8,27235
1769674200,3944.4,3954.0,3943.1,3954.0,49393
1769674500,3954.2,3958.0,3951.7,3957.5,59371
1769674800,3956.5,3960.9,3955.1,3958.0,43383
1769675100,3958.0,3958.2,3954.0,3956.9,31265
1769675400,3956.3,3957.0,3950.2,3950.2,28910
1769675700,3950.4,3951.9,3943.8,3943.9,58877
1769676000,3943.0,3949.8,3942.2,3947.8,27921
1769676300,3947.9,3948.1,3943.1,3944.4,34320
1769676600,3945.6,3949.0,3942.1,3949.0,26887
1769676900,3949.0,3956.0,3947.5,3955.0,44549
1769677200,3955.7,3955.7,3946.7,3947.9,75236
1769677500,3948.0,3948.5,3937.5,3940.4,73583
1769677800,3940.3,3945.9,3940.0,3942.8,57097
1769678100,3942.8,3944.6,3937.9,3942.1,45370
1769678400,3942.0,3946.3,3940.9,3942.1,41707
1769678700,3942.1,3943.3,3938.7,3942.9,48758
1769679000,3942.6,3945.0,3936.6,3936.6,74732
1769679300,3936.6,3939.8,3931.3,3933.1,82653
1769679600,3932.9,3935.0,3930.2,3930.2,91737
1769679900,3930.9,3934.4,3928.0,3931.8,87867
1769680200,3931.4,3932.2,3928.0,3930.2,83273
1769680500,3930.1,3938.0,3928.8,3938.0,134871
1769744700,3902.5,3925.9,3902.5,3915.0,32636
1769745000,3916.6,3922.0,3911.0,3915.3,20617
1769745300,3916.7,3921.8,3908.5,3908.6,17082
1769745600,3908.6,3913.4,3904.0,3908.9,21581
1769745900,3908.9,3913.5,3902.3,3904.9,16874
1769746200,3905.0,3915.9,3903.0,3914.0,16139
1769746500,3913.7,3916.5,3910.5,3915.5,16077
1769746800,3915.5,3916.6,3907.1,3908.5,20215
1769747100,3908.5,3908.7,3891.8,3905.5,33776
1769747400,3905.5,3919.0,3904.0,3913.9,10991
1769747700,3913.9,3915.0,3910.6,3914.9,9772
1769748000,3914.9,3919.2,3912.9,3918.3,18138
1769748300,3918.0,3922.0,3916.6,3920.8,10132
1769748600,3920.8,3920.9,3915.9,3918.9,17521
1769748900,3918.9,3923.0,3916.5,3922.9,8063
1769749200,3922.7,3923.1,3915.1,3920.9,11245
1769749500,3920.9,3922.1,3916.7,3921.9,10833
1769749800,3921.9,3924.6,3920.5,3923.1,9121
1769750100,3923.1,3929.8,3920.0,3928.1,17243
1769750400,3927.6,3928.5,3918.5,3922.5,36467
1769750700,3922.6,3923.9,3920.2,3923.0,10012
1769751000,3923.0,3924.0,3920.5,3923.0,14147
1769751300,3922.5,3926.6,3918.0,3918.1,12861
1769751600,3918.2,3923.1,3917.1,3919.3,16488
1769751900,3918.6,3920.9,3915.0,3915.8,27405
1769752200,3915.6,3917.2,3915.0,3917.2,20799
1769752500,3917.2,3927.0,3917.2,3925.8,20682
1769752800,3925.3,3926.9,3919.0,3921.6,9934
1769753100,3921.6,3923.0,3915.0,3922.4,33687
1769753400,3922.0,3922.4,3915.5,3916.9,9827
1769753700,3917.6,3918.6,3911.3,3911.4,17568
1769754000,3911.6,3919.1,3911.0,3914.8,21621
1769754300,3914.9,3918.6,3910.7,3913.8,20251
1769754600,3913.2,3914.0,3910.5,3913.2,19735
1769754900,3913.2,3917.8,3911.2,3917.7,11780
1769755200,3918.0,3921.0,3913.0,3920.3,40740
1769755500,3920.6,3920.6,3910.2,3910.9,46298
1769755800,3911.4,3920.0,3910.4,3918.9,18847
1769756100,3919.9,3921.4,3911.4,3916.2,27434
1769756400,3915.0,3920.9,3914.6,3918.8,11457
1769756700,3919.1,3920.0,3913.7,3916.0,24981
1769757000,3916.0,3921.8,3915.0,3920.4,16422
1769757300,3920.2,3922.5,3918.6,3921.1,12549
1769757600,3921.1,3921.1,3919.5,3920.9,12015
1769757900,3920.6,3921.2,3920.0,3921.0,21515
1769758200,3921.0,3921.0,3912.0,3916.5,39150
1769758500,3916.6,3917.1,3910.5,3911.0,13400
1769758800,3911.0,3917.8,3910.0,3915.5,28779
1769759100,3915.5,3916.3,3910.0,3915.8,18984
1769759400,3915.8,3918.0,3911.0,3913.3,21183
1769759700,3913.8,3914.1,3908.2,3908.8,14561
1769760000,3908.1,3912.7,3907.3,3912.0,15556
1769760300,3912.0,3915.0,3911.1,3914.9,10716
1769760600,3915.0,3919.9,3910.8,3916.8,15697
1769760900,3917.9,3919.1,3915.0,3919.0,9433
1769761200,3918.9,3921.4,3916.7,3920.9,24710
1769761500,3921.0,3923.3,3917.1,3919.2,34716
1769761800,3919.2,3922.8,3917.1,3922.4,29820
1769762100,3922.4,3924.0,3918.3,3920.5,11947
1769762400,3920.5,3920.9,3917.0,3919.0,14936
1769762700,3919.1,3921.3,3919.1,3920.9,12008
1769763000,3920.9,3921.3,3919.6,3920.9,8553
1769763300,3921.3,3921.6,3919.2,3920.7,24846
1769763600,3920.6,3924.3,3919.0,3922.0,14681
1769763900,3921.5,3929.4,3920.4,3928.8,37016
1769764200,3928.8,3932.9,3921.3,3922.9,53735
1769764500,3922.2,3939.0,3921.6,3934.2,64965
1769764800,3934.3,3942.4,3934.0,3939.5,66591
1769765100,3939.5,3942.2,3933.7,3935.4,74482
1769765400,3934.4,3935.0,3923.9,3928.8,120648
1769765700,3928.9,3934.0,3927.5,3933.9,104768
1769766000,3933.8,3935.0,3931.7,3932.4,127290
1769766300,3932.3,3935.2,3931.4,3934.1,110017
1769766600,3934.0,3935.0,3931.2,3931.5,109822
1769766900,3934.4,3940.0,3931.7,3935.0,95402
1769917500,3953.0,3953.0,3921.1,3944.7,35242
1769917800,3944.7,3957.4,3940.0,3948.2,21349
1769918100,3949.4,3954.0,3946.5,3952.6,9897
1769918400,3952.0,3952.8,3942.7,3952.8,9396
1769918700,3952.0,3953.9,3946.0,3948.0,7168
1769919000,3947.6,3950.7,3945.1,3950.7,4598
1769919300,3950.0,3954.9,3948.9,3952.0,8427
1769919600,3952.0,3954.1,3940.3,3941.9,9429
1769919900,3941.9,3945.3,3938.0,3944.5,7727
1769920200,3945.0,3945.0,3935.0,3944.4,8034
1769920500,3944.4,3952.4,3942.0,3950.9,7928
1769920800,3950.9,3965.9,3949.9,3965.5,41347
1769921100,3965.5,3974.0,3965.4,3969.0,40823
1769921400,3969.1,3984.7,3969.1,3983.0,26658
1769921700,3984.0,3984.5,3977.1,3978.0,24305
1769922000,3978.0,3982.3,3971.1,3979.0,27759
1769922300,3979.0,3981.8,3973.1,3974.7,20031
1769922600,3973.8,3975.7,3968.3,3973.0,22594
1769922900,3971.2,3976.0,3970.0,3973.7,21205
1769923200,3973.5,3973.8,3966.3,3970.3,7115
1769923500,3970.3,3972.0,3968.7,3970.0,5876
1769923800,3971.0,3976.0,3970.1,3976.0,12753
1769924100,3977.9,4004.0,3971.6,3999.4,64879
1769924400,4000.4,4042.8,3998.0,4032.9,286336
1769924700,4032.9,4032.9,3992.1,3995.0,92154
1769925000,3995.8,4007.8,3975.5,3981.5,85561
1769925300,3983.4,3994.5,3978.1,3979.9,39562
1769925600,3978.7,3989.0,3978.1,3980.0,12742
1769925900,3981.0,3981.0,3962.0,3968.5,23669
1769926200,3967.6,3970.6,3947.0,3961.5,39336
1769926500,3960.1,3962.4,3950.0,3951.5,17626
1769926800,3951.0,3958.9,3946.4,3950.8,53450
1769927100,3950.5,3950.8,3936.7,3941.2,21787
1769927400,3941.7,3942.2,3905.0,3928.0,47477
1769927700,3928.3,3948.6,3923.0,3948.6,28675
1769928000,3946.7,3950.0,3911.6,3917.4,30890
1769928300,3918.8,3925.3,3876.0,3878.5,29889
1769928600,3878.9,3908.0,3865.0,3892.6,35766
1769928900,3892.5,3901.6,3841.7,3846.2,37189
1769929200,3845.0,3845.0,3756.0,3840.6,85933
1769929500,3840.5,3882.0,3825.7,3882.0,52671
1769929800,3882.9,3909.0,3852.2,3878.6,72125
1769930100,3880.0,3913.8,3876.6,3899.0,47862
1769930400,3899.9,3939.6,3892.4,3924.6,71453
1769930700,3922.9,3946.0,3915.0,3919.2,56061
1769931000,3919.2,3924.8,3904.3,3918.6,31145
1769931300,3917.2,3934.2,3913.1,3934.0,60870
1769931600,3933.7,3944.9,3922.7,3934.9,87763
1769931900,3934.8,3939.3,3913.0,3920.0,109345
1769932200,3920.0,3922.2,3901.0,3913.1,27642
1769932500,3914.9,3915.0,3900.0,3906.1,46545
1769932800,3907.3,3919.1,3900.0,3916.9,38145
1769933100,3917.0,3918.7,3895.0,3904.2,36677
1769933400,3904.2,3906.2,3875.4,3895.5,32954
1769933700,3894.7,3909.0,3887.0,3887.5,23536
1769934000,3888.4,3889.5,3859.0,3866.0,25554
1769934300,3866.9,3884.5,3864.8,3879.6,19406
1769934600,3879.6,3884.6,3871.8,3872.9,9630
1769934900,3874.6,3879.0,3867.3,3875.2,17713
1769935200,3874.6,3878.0,3868.3,3873.5,21593
1769935500,3874.8,3874.8,3862.6,3866.9,12898
1769935800,3866.9,3875.0,3851.3,3854.9,21789
1769936100,3854.9,3871.6,3854.9,3865.6,9357
1769936400,3863.3,3870.0,3862.2,3869.2,8283
1769936700,3868.7,3885.2,3866.8,3879.2,12161
1769937000,3879.2,3884.7,3872.5,3872.5,13551
1769937300,3872.6,3882.3,3858.2,3860.3,14867
1769937600,3859.4,3860.6,3840.0,3841.9,23656
1769937900,3842.0,3847.4,3831.3,3836.3,28952
1769938200,3838.0,3838.8,3824.5,3831.0,29076
1769938500,3830.7,3832.0,3806.1,3813.0,22789
1769938800,3813.0,3832.4,3810.6,3820.6,25181
1769939100,3820.6,3821.0,3802.6,3817.6,42102
1769939400,3815.4,3819.9,3800.0,3800.9,39886
1769939700,3800.9,3816.9,3779.6,3800.0,45151
1770003900,3830.7,3920.0,3825.0,3915.0,196944
1770004200,3914.2,3924.7,3902.7,3910.2,177382
1770004500,3911.5,3914.4,3892.8,3906.2,146100
1770004800,3907.6,3915.0,3903.0,3912.1,77571
1770005100,3912.1,3933.0,3911.3,3929.8,174936
1770005400,3929.8,3934.8,3910.7,3912.9,122807
1770005700,3912.7,3919.5,3908.2,3914.4,46295
1770006000,3914.4,3920.2,3901.0,3918.7,47897
1770006300,3918.5,3923.3,3901.9,3903.5,40745
1770006600,3903.5,3907.5,3897.3,3902.6,43152
1770006900,3901.6,3904.5,3885.5,3891.5,55364
1770007200,3890.4,3899.0,3885.7,3896.9,32637
1770007500,3896.6,3898.8,3893.3,3894.6,20626
1770007800,3894.6,3897.1,3887.5,3892.8,22991
1770008100,3892.5,3897.9,3879.1,3883.7,35933
1770008400,3883.6,3895.5,3882.0,3895.0,11319
1770008700,3894.1,3898.2,3886.2,3887.9,12282
1770009000,3887.5,3889.8,3882.3,3883.4,22271
1770009300,3883.1,3883.9,3875.0,3877.5,22314
1770009600,3877.3,3882.9,3872.2,3873.4,14537
1770009900,3873.4,3873.4,3863.1,3866.0,23504
1770010200,3865.5,3865.8,3855.6,3859.2,20728
1770010500,3858.4,3864.1,3857.5,3861.1,17580
1770010800,3862.0,3868.0,3856.1,3865.2,28320
1770011100,3865.2,3868.0,3860.0,3862.9,24106
1770011400,3862.2,3864.0,3854.7,3855.8,23419
1770011700,3856.5,3867.8,3855.0,3863.5,29566
1770012000,3863.7,3890.0,3861.9,3890.0,23994
1770012300,3890.0,3890.8,3880.0,3889.3,24588
1770012600,3887.7,3891.0,3882.9,3886.0,21227
1770012900,3885.9,3898.0,3885.9,3895.7,37628
1770013200,3896.6,3899.0,3891.3,3897.6,30607
1770013500,3897.0,3898.3,3895.4,3898.0,22250
1770013800,3898.3,3900.0,3897.1,3898.8,20456
1770014100,3898.8,3900.4,3897.3,3900.4,22906
1770014400,3900.4,3908.5,3896.1,3907.8,19610
1770014700,3908.0,3914.9,3904.6,3911.7,20196
1770015000,3910.8,3914.0,3906.9,3912.6,28549
1770015300,3912.7,3914.0,3908.6,3910.6,21148
1770015600,3909.5,3909.5,3900.0,3901.9,25458
1770015900,3900.3,3902.7,3895.1,3899.9,19966
1770016200,3899.9,3902.0,3898.0,3900.0,12836
1770016500,3900.0,3909.5,3899.9,3909.5,29433
1770016800,3909.5,3910.0,3902.0,3904.5,15244
1770017100,3904.4,3913.0,3903.3,3910.0,28774
1770017400,3909.9,3914.9,3909.9,3914.9,26728
1770017700,3914.4,3918.6,3912.0,3918.6,15448
1770018000,3918.7,3920.0,3915.1,3917.8,24019
1770018300,3917.8,3920.0,3906.0,3908.3,29143
1770018600,3908.5,3909.0,3902.1,3906.4,37390
1770018900,3906.4,3912.9,3903.5,3909.9,27288
1770019200,3910.1,3911.4,3905.4,3909.1,24025
1770019500,3909.1,3913.5,3906.7,3911.6,15191
1770019800,3911.6,3919.0,3911.1,3915.9,16029
1770020100,3915.9,3918.3,3911.5,3915.5,19719
1770020400,3915.5,3919.0,3912.4,3916.4,22114
1770020700,3916.4,3917.7,3911.2,3912.1,25257
1770021000,3912.1,3916.4,3910.2,3915.0,30788
1770021300,3915.0,3915.8,3912.0,3912.8,28770
1770021600,3912.8,3913.8,3905.0,3910.0,41770
1770021900,3909.9,3910.0,3901.6,3904.9,29692
1770022200,3904.9,3910.0,3902.6,3908.7,20568
1770022500,3907.6,3910.0,3906.5,3909.8,25631
1770022800,3910.0,3910.0,3900.4,3901.2,44734
1770023100,3901.2,3906.7,3900.4,3905.8,23262
1770023400,3905.8,3908.1,3902.2,3907.1,28433
1770023700,3907.1,3913.5,3906.1,3912.4,24041
1770024000,3912.6,3914.7,3909.4,3911.9,41964
1770024300,3912.4,3914.2,3910.0,3913.3,28261
1770024600,3913.3,3919.9,3912.5,3919.6,71910
1770024900,3919.6,3922.9,3918.2,3921.3,65825
1770025200,3920.5,3925.8,3917.6,3925.5,76242
1770025500,3925.5,3927.2,3921.6,3923.6,98368
1770025800,3923.5,3924.3,3917.2,3920.7,85682
1770026100,3920.4,3922.3,3912.0,3914.0,64393
1770090300,4117.0,4122.0,4033.6,4057.2,535222
1770090600,4057.2,4084.5,4053.8,4053.8,124808
1770090900,4054.4,4058.0,4040.1,4049.2,98083
1770091200,4050.6,4071.6,4045.4,4064.4,112300
1770091500,4065.2,4079.9,4058.1,4065.4,106989
1770091800,4066.0,4071.0,4058.3,4063.9,43596
1770092100,4064.0,4088.9,4063.7,4088.9,78287
1770092400,4087.1,4088.2,4077.1,4079.2,39198
1770092700,4079.4,4079.5,4057.7,4060.5,47988
1770093000,4060.7,4065.7,4058.0,4061.1,36097
1770093300,4061.1,4065.4,4053.4,4063.5,49804
1770093600,4063.1,4063.5,4057.6,4061.1,25126
1770093900,4060.2,4083.0,4060.2,4079.9,40485
1770094200,4079.9,4084.1,4076.7,4081.5,31194
1770094500,4081.2,4082.2,4075.0,4080.7,15509
1770094800,4080.4,4086.6,4078.3,4081.2,42427
1770095100,4081.7,4091.8,4081.7,4086.0,46513
1770095400,4085.0,4089.6,4080.8,4080.9,42849
1770095700,4080.9,4082.5,4075.6,4078.6,16868
1770096000,4079.9,4079.9,4072.0,4074.6,37080
1770096300,4074.5,4083.2,4073.0,4079.1,24173
1770096600,4079.1,4086.9,4077.9,4081.1,34376
1770096900,4080.5,4085.0,4078.0,4078.1,48197
1770097200,4078.3,4079.4,4074.6,4079.4,15676
1770097500,4079.4,4079.9,4076.3,4078.4,17662
1770097800,4078.1,4080.0,4075.0,4075.1,27237
1770098100,4075.0,4080.0,4074.9,4077.7,20160
1770098400,4077.8,4085.0,4074.4,4080.5,81933
1770098700,4080.5,4093.8,4080.5,4090.7,68081
1770099000,4090.6,4093.2,4088.4,4090.7,48439
1770099300,4091.0,4096.0,4086.7,4087.8,66982
1770099600,4087.8,4090.8,4080.0,4088.2,41203
1770099900,4088.2,4089.5,4080.0,4087.5,45052
1770100200,4088.0,4090.8,4081.4,4081.4,21728
1770100500,4081.5,4084.7,4080.5,4082.3,37635
1770100800,4082.3,4091.0,4082.1,4085.4,46806
1770101100,4085.1,4086.2,4081.0,4082.6,41502
1770101400,4082.5,4083.0,4078.0,4078.0,19671
1770101700,4077.7,4078.0,4068.1,4068.1,24946
1770102000,4068.0,4069.9,4062.2,4063.1,44187
1770102300,4063.5,4063.5,4050.8,4055.9,52955
1770102600,4056.6,4058.0,4053.1,4053.4,20902
1770102900,4053.4,4055.0,4048.2,4049.2,23006
1770103200,4048.3,4052.0,4048.3,4050.2,19706
1770103500,4050.0,4057.6,4048.8,4056.0,23490
1770103800,4056.0,4062.0,4052.0,4058.9,18342
1770104100,4058.9,4063.8,4052.3,4053.4,16777
1770104400,4053.4,4056.6,4050.4,4051.5,13330
1770104700,4051.5,4056.6,4051.2,4056.0,13223
1770105000,4056.0,4056.7,4049.8,4053.7,13523
1770105300,4053.7,4055.9,4048.5,4052.3,17399
1770105600,4051.1,4053.9,4047.7,4049.9,16598
1770105900,4049.3,4049.9,4040.0,4045.8,39446
1770106200,4045.7,4050.0,4041.8,4048.0,31611
1770106500,4048.0,4051.2,4043.0,4043.0,33879
1770106800,4043.1,4049.0,4041.2,4047.8,18157
1770107100,4047.9,4050.0,4041.1,4043.1,18573
1770107400,4042.6,4045.5,4040.1,4045.4,26482
1770107700,4045.4,4054.0,4045.4,4052.5,57625
1770108000,4051.6,4054.4,4046.0,4049.8,38432
1770108300,4049.8,4050.0,4043.6,4043.7,28215
1770108600,4043.7,4046.3,4042.1,4044.2,18334
1770108900,4044.2,4044.6,4039.0,4039.7,23583
1770109200,4039.3,4043.2,4033.5,4035.0,28247
1770109500,4037.7,4038.1,4032.8,4036.8,33301
1770109800,4036.7,4038.9,4034.0,4035.1,57691
1770110100,4035.1,4040.0,4034.4,4039.2,29765
1770110400,4038.8,4040.6,4035.1,4039.4,39104
1770110700,4039.3,4046.8,4038.5,4045.0,34648
1770111000,4045.0,4047.9,4037.4,4040.6,71666
1770111300,4040.7,4043.1,4033.2,4039.6,110504
1770111600,4037.5,4044.0,4034.0,4038.1,108064
1770111900,4035.3,4043.9,4031.4,4037.7,121173
1770112200,4037.8,4038.3,4033.5,4035.7,77055
1770112500,4036.0,4040.0,4030.6,4038.0,54482
1770176700,4029.0,4083.4,4016.9,4070.7,59535
1770177000,4071.0,4079.7,4070.0,4076.0,26524
1770177300,4075.9,4082.6,4075.1,4080.3,18400
1770177600,4080.2,4096.0,4080.2,4085.7,31524
1770177900,4084.3,4090.0,4080.7,4084.8,45376
1770178200,4084.8,4104.0,4083.8,4102.7,68014
1770178500,4102.2,4104.0,4091.3,4096.0,33720
1770178800,4096.0,4101.0,4092.5,4099.0,23914
1770179100,4100.0,4100.0,4096.8,4099.2,16002
1770179400,4100.0,4107.0,4100.0,4103.2,24780
1770179700,4103.2,4107.0,4093.1,4093.8,18522
1770180000,4094.1,4098.1,4090.0,4092.4,15525
1770180300,4092.2,4098.7,4087.2,4088.0,22990
1770180600,4088.5,4092.0,4083.5,4085.9,23897
1770180900,4086.6,4093.3,4084.7,4091.2,29366
1770181200,4092.0,4093.3,4086.8,4087.9,13921
1770181500,4087.6,4087.8,4081.7,4087.2,14223
1770181800,4087.3,4092.5,4086.2,4088.7,22725
1770182100,4088.7,4089.3,4085.2,4088.9,8558
1770182400,4088.5,4093.0,4083.1,4085.9,31873
1770182700,4086.0,4086.1,4076.0,4080.9,17020
1770183000,4080.7,4082.2,4074.2,4078.0,12865
1770183300,4077.9,4081.7,4077.5,4081.4,11582
1770183600,4081.5,4081.5,4074.0,4076.6,10212
1770183900,4076.5,4076.7,4070.0,4070.1,15682
1770184200,4070.7,4075.0,4067.3,4068.3,26814
1770184500,4068.9,4069.0,4062.0,4064.8,22644
1770184800,4064.6,4073.7,4062.3,4071.1,18175
1770185100,4071.1,4071.8,4068.5,4069.9,14001
1770185400,4070.0,4077.2,4069.8,4075.0,20234
1770185700,4075.6,4079.5,4069.4,4074.6,10866
1770186000,4074.5,4079.0,4071.2,4079.0,11382
1770186300,4079.0,4080.0,4076.2,4078.0,9718
1770186600,4078.0,4080.0,4073.9,4075.0,11022
1770186900,4075.0,4075.8,4072.0,4073.4,25015
1770187200,4073.4,4075.3,4072.0,4075.0,11614
1770187500,4074.9,4075.0,4073.1,4075.0,10665
1770187800,4075.0,4076.0,4072.3,4073.4,10345
1770188100,4073.3,4075.2,4073.3,4075.0,10773
1770188400,4074.9,4075.0,4069.2,4069.9,11525
1770188700,4069.8,4072.9,4067.9,4070.0,18995
1770189000,4069.9,4076.6,4069.4,4071.2,37427
1770189300,4070.9,4073.2,4069.0,4071.5,16304
1770189600,4071.8,4074.2,4070.3,4073.0,12103
1770189900,4072.9,4078.8,4072.0,4075.3,13146
1770190200,4075.3,4081.9,4073.4,4081.3,10767
1770190500,4081.6,4086.3,4081.5,4085.7,12098
1770190800,4086.2,4086.2,4080.4,4083.2,8789
1770191100,4082.6,4085.0,4081.9,4083.5,6924
1770191400,4083.4,4090.0,4083.4,4089.7,10384
1770191700,4089.0,4090.6,4088.7,4089.9,12906
1770192000,4090.0,4091.0,4086.0,4087.6,8076
1770192300,4087.9,4090.3,4087.3,4090.0,7464
1770192600,4089.9,4091.0,4089.0,4090.0,7212
1770192900,4090.0,4090.5,4086.5,4089.5,8179
1770193200,4089.6,4090.0,4086.8,4089.4,7782
1770193500,4089.4,4089.9,4086.0,4086.0,12201
1770193800,4086.1,4087.9,4084.3,4085.8,9587
1770194100,4085.1,4087.0,4084.5,4087.0,6766
1770194400,4087.0,4088.7,4086.1,4088.1,6897
1770194700,4088.3,4090.0,4088.0,4089.8,6927
1770195000,4089.5,4090.0,4086.5,4086.8,8524
1770195300,4086.8,4088.1,4083.5,4087.0,16757
1770195600,4086.6,4088.5,4086.3,4087.7,12357
1770195900,4088.0,4092.8,4087.9,4091.6,15987
1770196200,4091.6,4094.0,4091.0,4093.3,10496
1770196500,4092.9,4093.3,4086.7,4088.7,23864
1770196800,4089.1,4093.0,4089.1,4092.7,17486
1770197100,4092.6,4093.2,4087.1,4087.2,12286
1770197400,4087.8,4090.7,4087.0,4087.5,33258
1770197700,4087.3,4091.2,4087.3,4090.2,31449
1770198000,4090.2,4090.5,4088.2,4089.2,31581
1770198300,4089.4,4092.0,4085.8,4087.7,40115
1770198600,4087.7,4087.7,4081.4,4082.4,33127
1770198900,4082.4,4082.8,4075.6,4079.0,29945
1770263100,4088.0,4088.5,4049.9,4050.0,89560
1770263400,4050.6,4056.8,4041.4,4042.0,28479
1770263700,4042.5,4046.4,4040.7,4045.6,19790
1770264000,4045.7,4054.8,4045.7,4049.9,29217
1770264300,4049.9,4051.6,4047.0,4051.6,23046
1770264600,4050.3,4051.6,4039.0,4039.0,52733
1770264900,4040.0,4043.8,4036.3,4038.8,21402
1770265200,4039.9,4044.2,4035.9,4040.2,19966
1770265500,4040.7,4044.2,4040.2,4043.0,10387
1770265800,4043.6,4046.9,4040.5,4046.4,9805
1770266100,4046.9,4046.9,4040.0,4041.7,9066
1770266400,4040.1,4045.5,4040.0,4044.0,5401
1770266700,4043.4,4047.0,4040.1,4045.9,9964
1770267000,4046.9,4054.6,4044.1,4052.2,15201
1770267300,4051.9,4055.9,4049.7,4051.7,7772
1770267600,4051.7,4054.7,4046.1,4048.8,10031
1770267900,4048.9,4051.8,4045.0,4045.7,8094
1770268200,4045.7,4054.4,4045.0,4053.0,6853
1770268500,4053.7,4054.1,4050.2,4051.8,4412
1770268800,4051.8,4058.2,4051.8,4051.8,6987
1770269100,4051.8,4053.8,4049.8,4051.5,17014
1770269400,4051.5,4056.0,4050.0,4053.3,10681
1770269700,4053.9,4060.0,4053.3,4059.9,12565
1770270000,4059.9,4062.5,4055.0,4061.4,9316
1770270300,4062.5,4062.5,4055.7,4056.1,8518
1770270600,4056.1,4060.0,4054.5,4059.0,5493
1770270900,4059.0,4060.0,4057.2,4058.9,5810
1770271200,4058.9,4061.0,4055.2,4055.9,6600
1770271500,4055.6,4064.5,4053.8,4062.9,11481
1770271800,4063.8,4065.0,4059.9,4061.0,7033
1770272100,4061.6,4062.0,4055.0,4057.0,17326
1770272400,4056.4,4058.0,4055.1,4058.0,9424
1770272700,4058.0,4059.3,4056.9,4058.9,15066
1770273000,4058.9,4063.6,4055.6,4063.3,23963
1770273300,4063.3,4064.7,4059.3,4060.6,5129
1770273600,4060.4,4063.9,4060.4,4061.6,4852
1770273900,4061.7,4061.9,4057.8,4060.0,5872
1770274200,4060.8,4061.5,4058.4,4060.1,5546
1770274500,4060.0,4063.0,4057.8,4061.9,9061
1770274800,4061.9,4063.0,4057.7,4060.8,12940
1770275100,4060.9,4066.4,4060.2,4065.0,6908
1770275400,4065.3,4068.0,4065.0,4065.7,7222
1770275700,4065.5,4069.9,4065.0,4069.8,10309
1770276000,4069.8,4075.0,4067.8,4068.6,16986
1770276300,4068.1,4075.9,4062.6,4072.1,22815
1770276600,4072.7,4073.1,4067.0,4071.4,15822
1770276900,4071.9,4075.7,4070.1,4074.0,5975
1770277200,4073.1,4074.0,4070.0,4071.9,4630
1770277500,4071.9,4075.0,4070.0,4071.7,9796
1770277800,4072.0,4074.1,4070.0,4071.8,7770
1770278100,4071.8,4071.9,4066.3,4068.0,30743
1770278400,4066.5,4072.9,4066.5,4071.4,23348
1770278700,4072.2,4075.6,4070.2,4073.8,28253
1770279000,4073.5,4076.0,4072.1,4074.6,6620
1770279300,4075.0,4076.0,4073.5,4074.9,6865
1770279600,4074.9,4077.0,4072.3,4072.3,12809
1770279900,4073.1,4073.4,4070.0,4072.0,33101
1770280200,4072.0,4074.6,4070.0,4072.5,33023
1770280500,4073.5,4073.6,4058.6,4060.6,40309
1770280800,4061.1,4061.1,4055.2,4058.9,37284
1770281100,4059.0,4059.0,4056.4,4057.5,12818
1770281400,4057.6,4061.0,4057.4,4060.0,17086
1770281700,4060.0,4062.2,4057.6,4057.8,15170
1770282000,4058.0,4063.8,4057.0,4061.9,20562
1770282300,4063.8,4070.0,4062.1,4065.4,31707
1770282600,4065.3,4067.8,4065.0,4065.3,13505
1770282900,4065.3,4069.9,4065.0,4067.4,30166
1770283200,4067.7,4069.2,4065.0,4065.3,25197
1770283500,4065.6,4067.8,4065.3,4066.9,18623
1770283800,4068.5,4072.1,4068.5,4070.1,41101
1770284100,4070.0,4072.5,4066.0,4066.7,62280
1770284400,4067.3,4068.9,4057.2,4060.9,76124
1770284700,4061.5,4065.6,4051.9,4057.0,60743
1770285000,4058.1,4063.1,4057.2,4063.1,28942
1770285300,4063.1,4063.1,4058.1,4060.0,21439
1770349500,4055.0,4073.0,4042.3,4070.5,49115
1770349800,4067.4,4074.8,4067.2,4071.6,21707
1770350100,4071.7,4074.0,4068.3,4071.6,18309
1770350400,4070.9,4075.6,4068.0,4073.7,16469
1770350700,4074.0,4074.0,4060.5,4064.6,17438
1770351000,4064.6,4067.0,4060.6,4062.9,13418
1770351300,4062.9,4069.9,4062.9,4069.8,15470
1770351600,4069.8,4070.0,4066.2,4068.7,9636
1770351900,4068.7,4070.7,4065.7,4070.7,9060
1770352200,4071.0,4072.8,4063.0,4068.0,16934
1770352500,4068.0,4071.6,4067.4,4069.9,10762
1770352800,4069.9,4070.8,4063.2,4066.8,14994
1770353100,4066.8,4078.0,4066.5,4075.0,34737
1770353400,4074.1,4076.4,4071.5,4074.2,9627
1770353700,4074.2,4074.2,4065.0,4065.0,9362
1770354000,4065.3,4066.2,4063.6,4064.8,17204
1770354300,4065.0,4068.0,4063.1,4064.5,8180
1770354600,4064.5,4066.6,4060.9,4066.3,13737
1770354900,4065.0,4066.9,4061.6,4063.9,8527
1770355200,4063.9,4063.9,4059.6,4060.6,13461
1770355500,4060.6,4064.0,4058.0,4063.4,8614
1770355800,4063.6,4065.0,4061.2,4062.5,12673
1770356100,4062.5,4064.3,4060.1,4062.3,14383
1770356400,4062.1,4065.0,4059.3,4063.0,15482
1770356700,4062.9,4065.0,4058.4,4062.2,10177
1770357000,4062.7,4063.8,4060.3,4061.9,9350
1770357300,4061.9,4061.9,4055.2,4058.0,14864
1770357600,4058.0,4059.7,4056.8,4058.9,12385
1770357900,4059.0,4062.2,4058.2,4059.7,21020
1770358200,4059.1,4062.1,4054.8,4054.8,31398
1770358500,4054.8,4062.0,4054.1,4061.1,24062
1770358800,4061.5,4064.5,4060.3,4063.2,13050
1770359100,4063.3,4064.0,4058.2,4058.6,15686
1770359400,4058.7,4062.4,4056.0,4056.1,11421
1770359700,4056.1,4056.1,4048.0,4048.1,30677
1770360000,4048.7,4056.0,4047.9,4054.8,139218
1770360300,4054.8,4059.1,4052.7,4056.6,15030
1770360600,4056.9,4058.9,4055.0,4055.0,12182
1770360900,4054.9,4059.0,4052.8,4058.9,14712
1770361200,4058.9,4059.0,4053.3,4057.1,15516
1770361500,4057.1,4058.4,4055.0,4056.1,12789
1770361800,4056.1,4058.8,4054.9,4058.8,16491
1770362100,4059.0,4062.9,4057.1,4057.4,26380
1770362400,4057.4,4061.2,4057.0,4058.9,11276
1770362700,4058.8,4061.2,4057.0,4059.6,28362
1770363000,4059.6,4062.3,4056.8,4062.3,29195
1770363300,4061.7,4064.3,4056.1,4057.1,32396
1770363600,4057.4,4062.4,4057.2,4059.6,25766
1770363900,4059.6,4061.0,4056.1,4060.5,10503
1770364200,4060.5,4061.1,4057.7,4059.5,13189
1770364500,4059.5,4061.1,4058.1,4060.7,14902
1770364800,4060.6,4061.3,4056.3,4059.2,12629
1770365100,4059.3,4062.0,4058.7,4061.6,15229
1770365400,4061.5,4063.7,4061.1,4061.3,21429
1770365700,4061.1,4064.7,4059.4,4062.4,31896
1770366000,4062.5,4069.9,4060.4,4069.7,17589
1770366300,4069.8,4070.0,4062.9,4067.0,49023
1770366600,4067.0,4069.5,4065.6,4066.7,15700
1770366900,4066.8,4071.3,4065.3,4069.8,15158
1770367200,4069.8,4069.8,4062.2,4066.0,19754
1770367500,4066.0,4067.0,4062.0,4066.2,15710
1770367800,4065.9,4068.0,4059.3,4060.9,17447
1770368100,4061.2,4063.8,4060.9,4063.0,14921
1770368400,4062.9,4066.1,4060.2,4065.1,25610
1770368700,4064.2,4067.9,4063.0,4065.2,24192
1770369000,4065.2,4067.6,4064.0,4066.2,25474
1770369300,4065.5,4069.0,4063.2,4065.0,20072
1770369600,4065.0,4068.9,4063.2,4065.9,26986
1770369900,4065.9,4067.5,4063.8,4065.1,19355
1770370200,4065.0,4068.5,4064.2,4066.5,41339
1770370500,4066.7,4068.6,4063.4,4065.6,36631
1770370800,4064.9,4070.0,4063.3,4067.2,39934
1770371100,4067.1,4072.0,4064.3,4072.0,38480
1770371400,4072.0,4072.6,4067.1,4068.9,57487
1770371700,4068.8,4073.0,4064.3,4065.4,33741
1770608700,4073.9,4098.5,4062.4,4085.9,48265
1770609000,4085.9,4099.8,4085.9,4096.7,24119
1770609300,4096.7,4098.0,4094.0,4095.5,14508
1770609600,4095.5,4097.5,4093.4,4096.0,10350
1770609900,4096.0,4096.9,4088.0,4094.7,17242
1770610200,4094.7,4103.0,4092.7,4100.9,32416
1770610500,4102.0,4119.8,4098.9,4117.2,187706
1770610800,4117.4,4124.7,4114.4,4115.6,41610
1770611100,4115.6,4115.7,4104.6,4106.0,19548
1770611400,4106.0,4109.4,4102.5,4109.4,22046
1770611700,4108.1,4109.8,4105.0,4108.0,9604
1770612000,4108.0,4109.9,4105.2,4107.8,8050
1770612300,4106.3,4108.2,4100.7,4103.0,15368
1770612600,4103.7,4109.6,4102.9,4108.6,72157
1770612900,4109.2,4109.5,4104.5,4106.5,12253
1770613200,4106.1,4108.0,4104.0,4105.0,26250
1770613500,4105.1,4107.8,4105.0,4106.7,18851
1770613800,4107.0,4107.2,4105.0,4105.0,34084
1770614100,4105.0,4106.5,4096.2,4097.0,30107
1770614400,4096.5,4099.5,4096.0,4098.6,8279
1770614700,4098.2,4107.8,4098.2,4106.7,121476
1770615000,4106.1,4106.6,4102.5,4105.1,22870
1770615300,4105.1,4108.5,4104.5,4105.3,50413
1770615600,4105.4,4108.8,4105.0,4107.0,9621
1770615900,4107.0,4107.9,4105.6,4107.5,5015
1770616200,4107.0,4113.0,4106.7,4111.1,14715
1770616500,4112.0,4113.9,4106.3,4107.8,8130
1770616800,4107.8,4107.8,4103.1,4105.5,8309
1770617100,4105.8,4107.0,4105.0,4106.8,6171
1770617400,4106.4,4112.7,4105.0,4105.8,28130
1770617700,4105.0,4110.0,4103.1,4107.7,14726
1770618000,4107.6,4107.7,4105.0,4105.0,15501
1770618300,4105.0,4108.0,4105.0,4106.1,21151
1770618600,4105.0,4106.1,4105.0,4105.7,12505
1770618900,4106.0,4116.0,4106.0,4114.3,42416
1770619200,4114.4,4116.0,4113.0,4115.0,16658
1770619500,4115.2,4115.2,4112.0,4113.8,9731
1770619800,4113.7,4116.0,4113.7,4115.9,11373
1770620100,4114.8,4115.9,4112.1,4113.8,9113
1770620400,4113.7,4115.0,4111.3,4114.1,9937
1770620700,4114.1,4117.2,4111.9,4114.0,15091
1770621000,4113.6,4114.0,4111.1,4112.4,9318
1770621300,4111.9,4112.7,4110.0,4110.4,14173
1770621600,4111.0,4113.0,4110.0,4112.7,14964
1770621900,4111.2,4112.9,4110.0,4111.9,11540
1770622200,4111.6,4112.1,4110.0,4111.3,8237
1770622500,4111.7,4112.3,4110.5,4111.4,7365
1770622800,4111.7,4112.0,4109.7,4110.3,18457
1770623100,4110.3,4112.4,4110.0,4110.2,17603
1770623400,4110.1,4111.0,4110.0,4110.0,75950
1770623700,4110.0,4111.6,4105.0,4110.9,59889
1770624000,4110.0,4112.3,4110.0,4112.2,18085
1770624300,4112.2,4114.9,4112.1,4114.7,11258
1770624600,4114.7,4114.9,4110.6,4111.9,10369
1770624900,4110.6,4112.9,4110.0,4111.2,9252
1770625200,4111.7,4114.0,4110.4,4114.0,7404
1770625500,4113.9,4114.0,4111.5,4113.2,8292
1770625800,4112.7,4116.5,4112.0,4116.0,19111
1770626100,4116.0,4120.8,4115.2,4120.8,15602
1770626400,4120.5,4121.1,4119.9,4120.1,43565
1770626700,4120.0,4120.2,4114.3,4115.0,25617
1770627000,4115.0,4117.0,4114.2,4114.9,11093
1770627300,4114.9,4116.4,4114.2,4115.9,8390
1770627600,4116.0,4116.3,4113.1,4114.0,10075
1770627900,4114.0,4116.7,4112.8,4113.0,9468
1770628200,4112.8,4115.2,4110.5,4112.8,14514
1770628500,4111.7,4116.4,4111.4,4115.5,11421
1770628800,4116.2,4117.5,4111.5,4115.9,20951
1770629100,4115.8,4117.5,4112.2,4113.6,16880
1770629400,4113.0,4115.3,4112.6,4114.5,23112
1770629700,4114.8,4116.0,4112.5,4113.3,41828
1770630000,4112.1,4115.0,4110.0,4113.2,48389
1770630300,4114.0,4114.6,4111.3,4111.7,30372
1770630600,4113.2,4117.3,4112.1,4112.1,41296
1770630900,4112.4,4114.9,4109.0,4109.0,25541
1770695100,4140.0,4149.0,4125.0,4132.9,38040
1770695400,4132.9,4134.0,4122.4,4127.4,21246
1770695700,4127.4,4134.8,4123.3,4132.4,16948
1770696000,4134.0,4135.1,4126.9,4134.9,11188
1770696300,4136.0,4136.0,4129.7,4131.3,6409
1770696600,4130.5,4134.0,4129.9,4134.0,13292
1770696900,4134.0,4134.7,4130.0,4132.5,7394
1770697200,4132.5,4133.0,4130.0,4132.1,7678
1770697500,4131.0,4139.0,4130.0,4138.7,14453
1770697800,4136.8,4140.9,4136.5,4140.3,20238
1770698100,4141.0,4141.6,4135.0,4137.0,11388
1770698400,4137.4,4142.0,4136.1,4140.7,42301
1770698700,4140.1,4142.0,4138.1,4139.5,6098
1770699000,4139.5,4141.8,4139.1,4140.5,8994
1770699300,4141.7,4147.0,4139.7,4140.9,18987
1770699600,4140.9,4143.1,4138.5,4138.5,6973
1770699900,4139.8,4140.0,4137.6,4138.7,5621
1770700200,4139.0,4143.0,4137.0,4141.2,15757
1770700500,4141.8,4145.0,4139.8,4140.8,8177
1770700800,4140.8,4142.5,4139.0,4140.0,5235
1770701100,4140.0,4140.5,4139.0,4140.0,3834
1770701400,4139.7,4141.0,4135.0,4137.7,15961
1770701700,4137.6,4141.5,4136.0,4138.6,17273
1770702000,4138.6,4141.4,4136.1,4137.8,5679
1770702300,4136.7,4141.0,4135.0,4139.1,14832
1770702600,4139.1,4141.6,4137.8,4139.0,9728
1770702900,4139.0,4141.9,4138.0,4140.0,16074
1770703200,4139.5,4140.0,4138.5,4139.3,57955
1770703500,4139.2,4140.8,4138.0,4140.0,21422
1770703800,4139.0,4141.8,4138.0,4141.8,14119
1770704100,4140.6,4142.5,4139.0,4139.7,9944
1770704400,4140.0,4141.0,4139.5,4141.0,3423
1770704700,4140.1,4143.6,4139.5,4141.1,10362
1770705000,4142.4,4152.6,4140.0,4151.4,51944
1770705300,4151.4,4160.0,4150.0,4157.8,35906
1770705600,4157.8,4159.4,4154.8,4157.9,10170
1770705900,4158.0,4158.0,4155.2,4156.3,7280
1770706200,4156.0,4158.9,4150.3,4152.4,21728
1770706500,4150.7,4153.8,4150.5,4152.1,7831
1770706800,4152.0,4155.7,4152.0,4152.6,17926
1770707100,4152.6,4155.2,4151.3,4153.5,7457
1770707400,4153.4,4155.0,4152.0,4153.0,4964
1770707700,4153.0,4157.0,4153.0,4156.5,14197
1770708000,4156.9,4158.0,4154.9,4155.8,7944
1770708300,4155.0,4156.5,4153.0,4153.5,11082
1770708600,4153.2,4158.1,4149.3,4158.1,38830
1770708900,4157.5,4164.3,4157.5,4164.2,37694
1770709200,4164.4,4173.9,4164.4,4170.3,81232
1770709500,4170.0,4171.0,4163.4,4165.0,63368
1770709800,4165.0,4167.3,4157.1,4159.0,62674
1770710100,4158.9,4165.0,4156.5,4163.3,18193
1770710400,4163.3,4163.5,4160.0,4162.2,31981
1770710700,4162.2,4167.0,4161.4,4166.4,10215
1770711000,4166.4,4168.9,4164.9,4166.0,9942
1770711300,4166.0,4167.7,4162.4,4163.6,4216
1770711600,4163.7,4166.0,4161.7,4166.0,5460
1770711900,4165.9,4166.0,4160.0,4161.1,11583
1770712200,4160.0,4162.5,4160.0,4161.9,36113
1770712500,4161.7,4165.4,4160.4,4163.3,17235
1770712800,4163.3,4164.5,4160.0,4163.5,15058
1770713100,4164.3,4167.5,4162.8,4166.8,28337
1770713400,4166.8,4167.0,4160.8,4162.0,10176
1770713700,4161.9,4163.0,4160.0,4161.6,11521
1770714000,4160.8,4162.8,4160.0,4160.2,11070
1770714300,4160.2,4161.4,4160.0,4160.2,17301
1770714600,4160.1,4161.4,4157.3,4160.9,52820
1770714900,4161.0,4164.5,4160.9,4163.5,20899
1770715200,4163.5,4167.3,4162.4,4166.0,18983
1770715500,4165.9,4167.0,4163.1,4166.2,16755
1770715800,4167.2,4172.4,4165.9,4167.3,92334
1770716100,4168.6,4173.0,4162.4,4171.8,160755
1770716400,4170.3,4171.1,4164.9,4169.7,71404
1770716700,4169.6,4173.0,4164.2,4171.6,107301
1770717000,4171.3,4174.6,4167.1,4169.7,87579
1770717300,4169.3,4171.2,4164.0,4168.0,42084
1770781500,4172.9,4187.7,4169.0,4169.9,74077
1770781800,4169.0,4169.7,4160.1,4164.9,34954
1770782100,4164.9,4166.5,4163.8,4164.8,14017
1770782400,4164.8,4165.4,4157.8,4159.0,13173
1770782700,4158.8,4159.6,4150.1,4152.1,14871
1770783000,4152.1,4152.1,4147.0,4148.6,15180
1770783300,4148.6,4155.5,4148.5,4152.0,18381
1770783600,4152.0,4152.2,4150.0,4150.5,6716
1770783900,4150.7,4152.2,4142.5,4146.3,13695
1770784200,4146.2,4146.2,4141.0,4142.5,9585
1770784500,4142.6,4145.2,4140.3,4145.2,8623
1770784800,4147.1,4148.9,4141.0,4144.4,6831
1770785100,4144.2,4155.4,4142.7,4155.3,26909
1770785400,4155.3,4161.2,4153.0,4156.4,36705
1770785700,4157.1,4160.3,4154.9,4159.0,21212
1770786000,4160.0,4162.4,4159.8,4162.1,11893
1770786300,4162.3,4163.2,4160.4,4162.2,10813
1770786600,4163.3,4165.0,4161.4,4162.4,9913
1770786900,4162.4,4165.0,4161.4,4164.0,8564
1770787200,4164.0,4164.0,4161.5,4161.5,9209
1770787500,4162.1,4165.2,4160.2,4163.4,7436
1770787800,4163.4,4164.0,4159.2,4164.0,9437
1770788100,4164.0,4164.0,4162.0,4163.5,5627
1770788400,4163.6,4167.0,4162.5,4166.5,6317
1770788700,4167.0,4167.1,4163.5,4165.7,4837
1770789000,4165.1,4165.8,4163.0,4165.8,3562
1770789300,4165.8,4167.0,4164.2,4166.3,4302
1770789600,4166.8,4172.4,4164.8,4167.0,11546
1770789900,4167.0,4168.3,4162.2,4164.1,5424
1770790200,4164.7,4165.0,4158.8,4161.0,6359
1770790500,4159.6,4163.2,4159.6,4163.2,4989
1770790800,4162.9,4163.7,4161.0,4162.6,518424
1770791100,4162.0,4163.0,4160.9,4162.6,39028
1770791400,4162.0,4163.9,4161.3,4163.0,5877
1770791700,4163.0,4163.5,4161.5,4162.4,6026
1770792000,4162.4,4163.6,4162.0,4162.0,5658
1770792300,4162.4,4163.0,4161.9,4162.0,6623
1770792600,4162.0,4162.4,4160.5,4162.0,38444
1770792900,4162.0,4163.4,4159.3,4159.3,19250
1770793200,4160.2,4160.3,4155.6,4155.6,11342
1770793500,4156.0,4156.5,4153.7,4155.1,8761
1770793800,4156.1,4156.1,4153.1,4154.5,7862
1770794100,4154.8,4161.4,4154.1,4161.4,9322
1770794400,4161.9,4164.1,4161.2,4164.1,14919
1770794700,4164.1,4170.0,4164.1,4169.0,20805
1770795000,4168.1,4171.2,4164.1,4166.0,22877
1770795300,4166.3,4172.0,4166.0,4171.8,12347
1770795600,4171.8,4176.8,4170.5,4173.6,24993
1770795900,4174.0,4174.0,4166.7,4169.9,8998
1770796200,4169.9,4171.0,4165.9,4169.5,7635
1770796500,4169.5,4175.0,4168.1,4174.9,10003
1770796800,4174.9,4176.8,4172.6,4175.0,12409
1770797100,4175.2,4175.8,4171.9,4174.1,10739
1770797400,4174.2,4176.6,4172.4,4174.3,10716
1770797700,4173.9,4175.0,4171.1,4172.4,8836
1770798000,4172.1,4172.1,4165.0,4168.0,12329
1770798300,4167.0,4169.8,4166.7,4169.0,7590
1770798600,4168.9,4172.9,4167.3,4171.0,14303
1770798900,4170.6,4172.6,4166.6,4167.6,9625
1770799200,4168.7,4172.3,4167.0,4169.8,11949
1770799500,4169.9,4172.9,4167.6,4169.9,13845
1770799800,4171.0,4171.9,4168.4,4170.0,8526
1770800100,4170.0,4170.9,4167.1,4169.9,9641
1770800400,4169.2,4170.0,4165.1,4167.5,11828
1770800700,4167.5,4170.5,4166.0,4169.0,17560
1770801000,4169.0,4169.5,4166.7,4167.4,14460
1770801300,4166.7,4169.2,4165.0,4169.1,12194
1770801600,4168.7,4170.6,4166.6,4168.9,15122
1770801900,4169.0,4169.1,4167.0,4168.8,11855
1770802200,4169.1,4171.5,4168.0,4168.6,37704
1770802500,4168.6,4170.2,4167.5,4169.4,34004
1770802800,4169.4,4171.6,4168.7,4170.5,35613
1770803100,4170.3,4171.9,4169.5,4171.3,55605
1770803400,4171.3,4174.3,4170.0,4170.4,42143
1770803700,4171.2,4171.2,4168.0,4170.0,31872
1770867900,4187.9,4189.6,4172.2,4176.9,45709
1770868200,4176.9,4181.6,4170.4,4171.7,29593
1770868500,4171.7,4171.7,4166.0,4166.6,18013
1770868800,4166.6,4167.9,4163.0,4164.0,13400
1770869100,4164.4,4169.0,4160.9,4169.0,14056
1770869400,4169.6,4170.8,4166.8,4170.5,11308
1770869700,4170.5,4179.9,4170.2,4177.5,24995
1770870000,4177.7,4187.5,4177.5,4187.2,52827
1770870300,4187.0,4199.0,4187.0,4188.8,87125
1770870600,4189.3,4190.0,4183.7,4185.7,42039
1770870900,4186.0,4186.9,4180.0,4182.5,27283
1770871200,4182.1,4182.5,4180.0,4180.1,15133
1770871500,4180.7,4184.5,4179.0,4184.3,18148
1770871800,4184.3,4184.7,4178.8,4179.3,16043
1770872100,4179.3,4180.0,4175.7,4180.0,15034
1770872400,4179.9,4180.9,4179.3,4180.8,15947
1770872700,4180.6,4180.6,4174.2,4174.9,13929
1770873000,4174.7,4178.2,4174.0,4177.4,13120
1770873300,4177.5,4183.8,4175.7,4182.4,23152
1770873600,4183.2,4188.9,4181.5,4186.7,20541
1770873900,4186.7,4189.5,4183.4,4183.9,20458
1770874200,4184.4,4188.0,4184.4,4185.7,12488
1770874500,4185.7,4188.0,4184.0,4188.0,12330
1770874800,4188.0,4188.4,4180.9,4182.8,17614
1770875100,4183.0,4185.0,4181.0,4183.8,13287
1770875400,4184.9,4186.9,4183.2,4186.0,16027
1770875700,4186.3,4187.3,4184.2,4184.5,10717
1770876000,4185.0,4185.0,4180.6,4182.9,11610
1770876300,4182.9,4185.0,4182.7,4184.7,15268
1770876600,4184.7,4184.7,4180.3,4181.6,8659
1770876900,4181.6,4185.0,4181.3,4183.0,13258
1770877200,4183.3,4183.3,4177.4,4180.2,14461
1770877500,4180.5,4183.2,4180.2,4183.0,11133
1770877800,4183.4,4184.0,4179.8,4179.9,13833
1770878100,4179.9,4183.3,4179.6,4183.3,9707
1770878400,4183.3,4186.0,4182.2,4186.0,14452
1770878700,4186.0,4190.0,4185.6,4189.7,37394
1770879000,4189.1,4193.0,4189.1,4191.9,23504
1770879300,4192.9,4194.9,4191.9,4193.7,16481
1770879600,4194.1,4194.9,4191.7,4193.4,22913
1770879900,4193.4,4195.0,4192.5,4193.8,21068
1770880200,4194.2,4194.9,4191.1,4192.2,26174
1770880500,4192.2,4193.6,4186.3,4190.0,28657
1770880800,4189.3,4195.0,4189.3,4195.0,34281
1770881100,4194.9,4197.0,4193.0,4194.7,19201
1770881400,4194.7,4196.0,4190.3,4193.1,21854
1770881700,4193.1,4193.3,4185.7,4187.3,21420
1770882000,4187.1,4189.1,4185.9,4187.9,21400
1770882300,4187.9,4194.6,4186.9,4192.6,27682
1770882600,4192.6,4194.4,4186.9,4191.8,31865
1770882900,4192.0,4195.0,4191.0,4191.3,44212
1770883200,4191.3,4192.3,4187.1,4191.2,29966
1770883500,4191.2,4193.2,4190.0,4192.0,20276
1770883800,4192.2,4192.4,4187.9,4188.6,18527
1770884100,4188.6,4189.4,4183.3,4183.4,24780
1770884400,4183.4,4185.9,4181.0,4185.9,44298
1770884700,4185.9,4187.4,4181.0,4181.0,27986
1770885000,4181.5,4186.7,4181.5,4186.3,20143
1770885300,4186.0,4191.2,4185.8,4190.7,28272
1770885600,4190.7,4193.6,4190.0,4192.7,19104
1770885900,4192.6,4193.4,4190.4,4192.9,20493
1770886200,4192.1,4196.0,4191.0,4194.2,49269
1770886500,4194.3,4195.9,4192.8,4194.6,36150
1770886800,4194.5,4195.9,4191.0,4193.7,28947
1770887100,4193.7,4194.9,4190.9,4191.4,39266
1770887400,4191.6,4194.5,4186.4,4187.6,38471
1770887700,4189.2,4189.2,4178.1,4182.0,45614
1770888000,4183.0,4185.6,4179.6,4181.3,29164
1770888300,4181.3,4185.0,4180.3,4184.7,22464
1770888600,4184.7,4190.0,4184.4,4188.4,51302
1770888900,4188.8,4189.1,4182.1,4186.8,64973
1770889200,4186.9,4188.4,4184.3,4186.3,56504
1770889500,4186.4,4186.8,4184.6,4185.0,42513
1770889800,4185.1,4188.0,4183.6,4184.3,64751
1770890100,4185.0,4186.6,4175.7,4180.0,46681
1770954300,4174.1,4193.5,4170.3,4176.7,50816
1770954600,4175.0,4179.9,4158.9,4160.4,37837
1770954900,4161.5,4162.7,4146.1,4147.6,29662
1770955200,4147.6,4151.7,4143.0,4148.0,18854
1770955500,4149.5,4151.6,4145.7,4149.4,17714
1770955800,4149.4,4153.0,4138.0,4140.0,26956
1770956100,4140.8,4141.0,4136.1,4140.9,16753
1770956400,4140.1,4150.2,4140.1,4146.3,15887
1770956700,4144.2,4146.9,4138.0,4141.0,10562
1770957000,4141.0,4143.7,4137.5,4138.1,7783
1770957300,4138.1,4149.6,4134.1,4147.3,54877
1770957600,4148.4,4154.7,4147.1,4148.2,20620
1770957900,4147.0,4151.7,4145.0,4149.7,12314
1770958200,4150.8,4156.8,4148.2,4155.6,48985
1770958500,4155.6,4159.0,4154.0,4157.7,9381
1770958800,4157.6,4164.4,4156.9,4161.4,12581
1770959100,4161.6,4177.4,4161.5,4173.6,41074
1770959400,4173.2,4176.5,4170.5,4171.0,48834
1770959700,4171.0,4179.9,4170.7,4178.0,29073
1770960000,4177.0,4184.0,4175.9,4181.6,19659
1770960300,4181.5,4186.6,4181.3,4183.0,17757
1770960600,4183.0,4183.0,4177.3,4179.6,14242
1770960900,4179.6,4180.9,4175.0,4176.3,13369
1770961200,4176.3,4180.0,4175.0,4179.9,18497
1770961500,4180.0,4181.2,4177.2,4179.1,14959
1770961800,4179.0,4182.4,4178.8,4180.8,16224
1770962100,4180.8,4188.0,4179.5,4187.2,32146
1770962400,4186.6,4190.0,4182.4,4184.9,50749
1770962700,4184.9,4184.9,4180.9,4182.5,13882
1770963000,4182.8,4183.9,4179.2,4180.9,23946
1770963300,4180.9,4184.8,4179.1,4184.8,15395
1770963600,4184.6,4185.0,4177.1,4178.9,24194
1770963900,4178.9,4180.0,4176.1,4178.1,14585
1770964200,4178.9,4185.0,4178.9,4181.9,17190
1770964500,4181.9,4184.0,4179.2,4181.7,13374
1770964800,4181.5,4185.0,4180.3,4181.7,19241
1770965100,4182.1,4184.2,4179.6,4181.7,11704
1770965400,4181.6,4183.0,4178.2,4178.5,13751
1770965700,4179.2,4183.2,4178.0,4181.4,28952
1770966000,4181.5,4189.7,4181.4,4183.7,29951
1770966300,4183.8,4184.0,4181.3,4182.9,12359
1770966600,4182.9,4183.2,4180.3,4182.8,15705
1770966900,4182.8,4186.2,4181.0,4184.3,14573
1770967200,4184.3,4190.0,4184.1,4187.4,14764
1770967500,4187.4,4187.9,4185.0,4186.0,16594
1770967800,4186.1,4188.4,4185.4,4188.4,11491
1770968100,4188.4,4198.0,4187.6,4195.7,39049
1770968400,4195.7,4199.0,4195.0,4198.0,24945
1770968700,4198.3,4198.7,4195.4,4197.6,19356
1770969000,4197.7,4197.7,4190.6,4191.0,15383
1770969300,4191.1,4194.0,4190.7,4191.7,13216
1770969600,4191.8,4192.7,4188.9,4190.9,16093
1770969900,4190.8,4192.9,4190.0,4190.5,15472
1770970200,4190.4,4192.8,4190.4,4191.3,9985
1770970500,4191.3,4192.0,4185.0,4186.7,22453
1770970800,4186.9,4187.1,4180.3,4182.5,39289
1770971100,4182.5,4183.1,4180.8,4182.0,15754
1770971400,4182.0,4184.3,4181.0,4182.8,23511
1770971700,4182.8,4184.9,4179.0,4179.6,35823
1770972000,4179.4,4181.0,4177.5,4179.4,54725
1770972300,4179.4,4180.7,4178.1,4179.9,21956
1770972600,4180.0,4180.9,4175.0,4179.0,20819
1770972900,4178.6,4181.6,4173.4,4180.3,50132
1770973200,4180.6,4182.6,4175.6,4176.1,22937
1770973500,4176.3,4179.2,4171.0,4175.0,59907
1770973800,4175.0,4181.0,4171.3,4177.6,90321
1770974100,4178.1,4180.6,4171.8,4173.4,40716
1770974400,4173.4,4181.5,4172.1,4180.2,102577
1770974700,4180.0,4183.2,4176.5,4177.7,43779
1770975000,4177.8,4179.5,4172.3,4176.5,77549
1770975300,4178.4,4179.3,4172.0,4172.5,95376
1770975600,4172.5,4176.0,4172.0,4172.6,50336
1770975900,4172.1,4175.5,4172.1,4173.9,51248
1770976200,4173.9,4175.7,4171.0,4173.4,63300
1770976500,4173.1,4173.4,4171.0,4172.0,69463
1771213500,4170.0,4170.0,4135.3,4162.0,14181
1771213800,4162.0,4169.9,4160.0,4169.9,8588
1771214100,4169.9,4173.9,4161.0,4172.9,10116
1771214400,4173.0,4176.4,4171.0,4174.6,5745
1771214700,4174.5,4174.6,4168.0,4171.0,8568
1771215000,4171.0,4171.8,4164.5,4165.0,5680
1771215300,4166.8,4169.7,4165.3,4168.2,13318
1771215600,4166.8,4173.1,4166.3,4171.0,4897
1771215900,4171.0,4174.4,4169.0,4174.4,4455
1771216200,4173.7,4179.5,4171.3,4178.2,6994
1771216500,4178.2,4180.0,4173.2,4175.0,6669
1771216800,4175.8,4182.0,4173.0,4176.8,4296
1771217100,4178.7,4182.0,4174.2,4179.0,12981
1771217400,4179.0,4179.8,4170.0,4170.2,7968
1771217700,4171.2,4171.6,4168.0,4168.0,6456
1771218000,4169.0,4169.7,4165.0,4166.3,3403
1771218300,4166.8,4167.0,4160.5,4165.9,5540
1771218600,4164.9,4165.1,4161.2,4162.8,3592
1771218900,4162.9,4164.7,4161.0,4161.8,2555
1771219200,4161.1,4165.8,4156.3,4159.0,7904
1771219500,4158.0,4164.9,4156.4,4164.9,13883
1771219800,4163.5,4169.6,4163.5,4168.0,4873
1771220100,4169.3,4170.0,4168.0,4168.4,3029
1771220400,4170.0,4170.6,4167.6,4170.0,3373
1771220700,4170.0,4170.6,4168.0,4168.0,4380
1771221000,4168.0,4170.9,4167.4,4169.1,5722
1771221300,4168.0,4170.0,4167.0,4167.1,9135
1771221600,4168.5,4170.0,4167.2,4168.0,1987
1771221900,4168.8,4169.0,4166.0,4168.6,35298
1771222200,4169.0,4172.0,4168.0,4168.0,6663
1771222500,4168.0,4169.5,4166.1,4168.1,6749
1771222800,4169.5,4169.5,4168.0,4168.0,4830
1771223100,4168.0,4170.0,4168.0,4170.0,4387
1771223400,4169.1,4170.0,4168.0,4168.0,2588
1771223700,4168.0,4172.0,4168.0,4170.3,5944
1771224000,4170.2,4175.9,4170.2,4175.6,7082
1771224300,4174.6,4177.0,4171.4,4175.0,3095
1771224600,4175.0,4176.8,4170.9,4171.6,3072
1771224900,4171.6,4173.0,4170.2,4171.3,2620
1771225200,4172.5,4172.5,4169.0,4170.9,2676
1771225500,4169.3,4171.9,4168.1,4168.5,2273
1771225800,4170.0,4171.0,4168.0,4168.0,3738
1771226100,4169.5,4172.0,4168.0,4170.0,2570
1771226400,4170.0,4173.9,4170.0,4170.8,2982
1771226700,4170.7,4176.9,4170.7,4174.3,4389
1771227000,4172.8,4182.0,4172.8,4176.3,8504
1771227300,4176.2,4179.1,4175.9,4177.0,2663
1771227600,4177.0,4179.2,4175.0,4175.4,3123
1771227900,4175.0,4177.8,4174.9,4176.5,2086
1771228200,4176.5,4185.0,4175.2,4178.0,13628
1771228500,4179.3,4180.0,4176.2,4179.0,3092
1771228800,4179.8,4179.9,4175.4,4175.4,4124
1771229100,4177.0,4177.0,4175.3,4176.0,3268
1771229400,4177.0,4177.0,4174.8,4175.3,4029
1771229700,4175.3,4176.0,4174.5,4175.0,6182
1771230000,4176.0,4176.0,4172.9,4173.9,4314
1771230300,4173.9,4176.0,4171.7,4173.0,26458
1771230600,4172.3,4178.9,4172.1,4176.1,17414
1771230900,4176.1,4177.3,4172.1,4172.1,3194
1771231200,4172.1,4175.0,4170.0,4172.8,22996
1771231500,4172.8,4174.8,4169.4,4170.2,7913
1771231800,4170.0,4174.4,4170.0,4173.5,21846
1771232100,4172.1,4177.6,4171.1,4176.6,6738
1771232400,4175.5,4182.0,4175.5,4182.0,31470
1771232700,4183.0,4184.0,4180.0,4182.3,8741
1771233000,4180.5,4183.1,4180.0,4180.0,16072
1771233300,4180.0,4190.0,4180.0,4189.6,35284
1771233600,4189.2,4193.1,4186.9,4193.1,32687
1771233900,4193.4,4201.8,4192.8,4200.0,48366
1771234200,4199.8,4203.0,4199.5,4200.1,24747
1771234500,4200.1,4201.0,4200.0,4200.1,10708
1771234800,4201.0,4205.0,4200.0,4203.0,121351
1771235100,4201.3,4206.0,4201.1,4204.6,20020
1771235400,4203.6,4206.0,4200.0,4205.0,28817
1771235700,4203.2,4205.3,4200.0,4200.5,18649
1771299900,4210.1,4220.0,4190.1,4201.5,52758
1771300200,4200.0,4201.9,4195.5,4199.0,29375
1771300500,4198.4,4207.9,4197.3,4205.6,16514
1771300800,4205.1,4213.0,4200.9,4212.0,20089
1771301100,4212.0,4221.0,4208.4,4220.1,33409
1771301400,4219.0,4229.9,4213.6,4227.6,51828
1771301700,4228.1,4233.0,4222.7,4225.4,26610
1771302000,4225.4,4228.0,4220.0,4220.8,10932
1771302300,4220.8,4225.1,4217.7,4217.7,10653
1771302600,4218.2,4225.0,4217.3,4224.8,9434
1771302900,4224.8,4227.0,4223.3,4225.5,8766
1771303200,4225.6,4227.5,4224.0,4226.0,8840
1771303500,4225.9,4230.0,4224.1,4229.0,15427
1771303800,4229.0,4239.0,4227.6,4231.8,27534
1771304100,4231.8,4238.0,4231.8,4237.0,7433
1771304400,4237.0,4238.0,4231.7,4235.0,15000
1771304700,4235.0,4240.0,4235.0,4236.1,11892
1771305000,4237.0,4238.5,4227.1,4230.0,25508
1771305300,4230.0,4237.0,4227.4,4234.4,20450
1771305600,4234.4,4235.0,4230.0,4232.7,9934
1771305900,4232.7,4242.9,4232.7,4241.5,25857
1771306200,4241.5,4248.0,4240.2,4247.7,22591
1771306500,4247.7,4248.0,4240.0,4244.8,8265
1771306800,4244.4,4248.9,4241.1,4246.0,12672
1771307100,4244.7,4253.5,4244.7,4249.0,42843
1771307400,4248.5,4254.4,4247.3,4250.6,12945
1771307700,4250.6,4252.5,4246.6,4249.0,6420
1771308000,4250.0,4250.0,4244.0,4250.0,17023
1771308300,4249.0,4252.4,4245.5,4246.8,29459
1771308600,4246.8,4246.8,4241.1,4246.0,22677
1771308900,4247.0,4250.6,4244.0,4245.2,19623
1771309200,4245.6,4245.7,4242.9,4245.0,5769
1771309500,4245.0,4245.4,4243.0,4245.0,7656
1771309800,4244.6,4245.4,4240.8,4243.6,9045
1771310100,4242.6,4245.6,4240.0,4242.9,12533
1771310400,4242.9,4245.3,4241.3,4244.0,10003
1771310700,4244.0,4244.0,4235.1,4241.7,12832
1771311000,4241.7,4242.2,4236.3,4240.0,8509
1771311300,4240.7,4243.9,4237.8,4239.0,5733
1771311600,4238.0,4242.3,4237.8,4241.1,5459
1771311900,4241.9,4242.9,4238.8,4241.4,6890
1771312200,4241.4,4242.0,4239.5,4240.4,3121
1771312500,4240.8,4241.5,4238.0,4241.0,4171
1771312800,4240.5,4246.0,4239.3,4245.0,8297
1771313100,4244.2,4246.0,4240.8,4241.0,7526
1771313400,4240.8,4243.0,4240.1,4241.7,5613
1771313700,4240.1,4246.0,4239.0,4246.0,16314
1771314000,4246.0,4247.8,4244.3,4245.9,27325
1771314300,4245.0,4248.0,4243.0,4248.0,7352
1771314600,4246.6,4250.0,4246.3,4250.0,27502
1771314900,4249.9,4250.0,4246.1,4249.9,7285
1771315200,4249.9,4255.0,4248.8,4250.0,44849
1771315500,4250.0,4254.0,4248.2,4249.0,24586
1771315800,4249.0,4252.0,4248.2,4251.0,9863
1771316100,4250.8,4251.3,4245.5,4247.8,7329
1771316400,4247.8,4251.1,4245.4,4250.7,30230
1771316700,4250.8,4250.8,4248.0,4249.5,28273
1771317000,4249.6,4252.5,4247.5,4252.0,34582
1771317300,4251.7,4253.9,4250.1,4250.3,9018
1771317600,4250.3,4251.6,4248.0,4249.5,30613
1771317900,4248.5,4254.0,4248.3,4254.0,21530
1771318200,4253.9,4257.0,4253.9,4255.9,24408
1771318500,4255.4,4259.9,4255.0,4258.0,30572
1771318800,4259.0,4262.0,4257.6,4261.0,25710
1771319100,4261.5,4270.1,4258.4,4267.5,62303
1771319400,4267.4,4279.2,4267.4,4273.3,80721
1771319700,4273.4,4274.9,4270.2,4274.1,32554
1771320000,4274.4,4278.5,4273.0,4278.0,34039
1771320300,4278.0,4281.8,4273.1,4278.8,51473
1771320600,4278.0,4285.0,4276.5,4280.5,67814
1771320900,4280.5,4286.2,4278.0,4285.3,74592
1771321200,4285.3,4287.0,4276.2,4278.3,51061
1771321500,4278.0,4278.3,4272.3,4274.0,48489
1771321800,4274.0,4280.0,4273.9,4278.7,57091
1771322100,4278.0,4281.0,4275.8,4275.8,46570
1771386300,4290.5,4299.9,4271.6,4277.8,57505
1771386600,4278.1,4278.1,4266.0,4266.7,22096
1771386900,4265.6,4269.0,4261.8,4263.2,21792
1771387200,4263.5,4278.0,4261.1,4276.8,42399
1771387500,4277.0,4282.7,4276.5,4281.1,87155
1771387800,4281.0,4285.0,4278.5,4282.6,29028
1771388100,4282.7,4289.0,4281.1,4285.5,38661
1771388400,4285.5,4289.0,4284.9,4284.9,13816
1771388700,4285.2,4286.4,4276.0,4278.0,35396
1771389000,4278.0,4281.9,4276.4,4278.8,17600
1771389300,4279.8,4283.2,4275.7,4280.0,35425
1771389600,4280.8,4282.6,4277.1,4278.9,32135
1771389900,4278.8,4285.0,4278.5,4282.5,22206
1771390200,4283.3,4287.9,4278.5,4286.0,17861
1771390500,4285.9,4286.3,4278.6,4281.0,13585
1771390800,4281.0,4285.0,4279.2,4283.9,12668
1771391100,4284.9,4287.2,4281.6,4284.1,13115
1771391400,4284.8,4286.5,4283.3,4283.3,13326
1771391700,4284.1,4291.9,4282.9,4291.6,18092
1771392000,4291.6,4310.5,4289.9,4303.1,92955
1771392300,4303.1,4303.9,4294.5,4296.8,29034
1771392600,4296.8,4297.3,4288.9,4292.0,19352
1771392900,4291.6,4292.0,4286.0,4286.0,19398
1771393200,4286.5,4288.1,4282.6,4287.7,14728
1771393500,4287.0,4289.1,4283.2,4286.1,16624
1771393800,4286.2,4290.4,4284.0,4290.1,14274
1771394100,4290.1,4293.9,4288.4,4291.8,13720
1771394400,4291.8,4296.0,4289.7,4293.8,13998
1771394700,4294.3,4295.4,4291.7,4292.6,9947
1771395000,4292.7,4293.3,4287.0,4289.6,15260
1771395300,4289.3,4290.3,4285.3,4289.4,14466
1771395600,4288.9,4292.8,4288.9,4292.7,12371
1771395900,4292.7,4297.0,4291.3,4296.5,10813
1771396200,4296.5,4298.9,4295.4,4297.7,11220
1771396500,4298.7,4300.0,4296.4,4298.0,14025
1771396800,4298.4,4299.4,4296.4,4298.0,12812
1771397100,4297.8,4302.7,4297.8,4302.7,14562
1771397400,4302.7,4304.0,4298.1,4300.5,16304
1771397700,4301.0,4301.0,4296.0,4299.2,15402
1771398000,4298.4,4300.5,4298.1,4298.4,11953
1771398300,4298.4,4300.0,4297.6,4300.0,13872
1771398600,4299.2,4300.0,4294.8,4297.5,16879
1771398900,4297.5,4299.9,4295.3,4296.0,13750
1771399200,4295.3,4300.0,4295.3,4298.6,12247
1771399500,4298.6,4299.4,4295.9,4298.4,16209
1771399800,4298.5,4299.2,4291.5,4293.2,17284
1771400100,4293.6,4297.5,4293.2,4293.4,22505
1771400400,4293.8,4295.0,4288.1,4295.0,25985
1771400700,4294.8,4309.7,4293.2,4308.0,51901
1771401000,4309.1,4309.1,4301.9,4306.0,37271
1771401300,4306.0,4308.0,4300.6,4301.5,28447
1771401600,4301.5,4302.9,4299.0,4302.5,20504
1771401900,4302.9,4304.0,4299.0,4300.3,15888
1771402200,4299.0,4306.6,4299.0,4306.5,16726
1771402500,4305.6,4313.4,4305.6,4311.0,66589
1771402800,4311.5,4315.7,4303.7,4303.7,33956
1771403100,4303.7,4304.5,4299.3,4300.6,24013
1771403400,4300.6,4303.0,4296.6,4301.1,22804
1771403700,4301.2,4306.2,4300.5,4306.2,20102
1771404000,4305.3,4306.8,4303.4,4305.7,15984
1771404300,4305.9,4308.9,4304.0,4307.9,22763
1771404600,4308.0,4312.8,4306.0,4312.8,24986
1771404900,4312.6,4314.3,4310.7,4313.4,22190
1771405200,4313.0,4317.5,4310.9,4311.1,29564
1771405500,4312.2,4319.3,4311.0,4317.0,44922
1771405800,4317.9,4318.7,4309.8,4312.2,30566
1771406100,4313.8,4313.8,4310.1,4311.5,21468
1771406400,4311.8,4316.0,4310.6,4315.0,27514
1771406700,4315.2,4316.8,4314.3,4314.9,26687
1771407000,4315.0,4322.9,4315.0,4322.5,55504
1771407300,4322.9,4328.8,4319.7,4327.6,58780
1771407600,4328.0,4332.2,4327.3,4330.6,69283
1771407900,4330.5,4335.0,4327.1,4329.4,71889
1771408200,4327.4,4331.9,4318.5,4323.0,64382
1771408500,4324.8,4325.2,4308.0,4310.0,38851
1771472700,4326.1,4330.0,4302.1,4327.7,62826
1771473000,4329.9,4334.0,4318.4,4322.8,42187
1771473300,4322.1,4325.5,4316.4,4319.5,18332
1771473600,4319.5,4319.5,4308.5,4308.6,21014
1771473900,4309.0,4312.0,4297.6,4300.0,37758
1771474200,4300.8,4305.0,4298.1,4302.6,18658
1771474500,4302.6,4310.8,4300.4,4308.4,12496
1771474800,4308.1,4309.3,4303.8,4305.0,7017
1771475100,4305.0,4306.7,4303.5,4305.3,7512
1771475400,4305.6,4314.4,4305.3,4310.9,13905
1771475700,4311.0,4312.2,4306.3,4308.4,8290
1771476000,4308.5,4309.0,4296.0,4297.5,11624
1771476300,4297.6,4302.0,4296.0,4301.7,51133
1771476600,4301.7,4309.0,4301.6,4306.1,6391
1771476900,4307.6,4322.7,4306.1,4321.6,28194
1771477200,4322.0,4323.7,4313.6,4315.3,9984
1771477500,4315.3,4317.1,4312.1,4313.9,7061
1771477800,4313.4,4316.1,4311.9,4313.6,10501
1771478100,4313.6,4315.0,4307.8,4309.0,12178
1771478400,4309.8,4310.2,4306.2,4308.5,7880
1771478700,4308.4,4309.6,4303.5,4304.1,5229
1771479000,4304.5,4309.8,4303.5,4308.1,5037
1771479300,4308.1,4310.0,4303.5,4304.0,6284
1771479600,4304.9,4308.7,4303.2,4304.5,7732
1771479900,4304.2,4307.7,4304.1,4305.4,8289
1771480200,4306.5,4307.4,4300.0,4301.2,9197
1771480500,4300.6,4303.5,4300.0,4301.1,8548
1771480800,4302.3,4303.0,4300.0,4300.2,7120
1771481100,4300.2,4301.3,4294.5,4294.7,102088
1771481400,4294.6,4296.0,4290.0,4293.1,17118
1771481700,4293.1,4294.4,4289.0,4290.1,33035
1771482000,4290.1,4294.3,4289.1,4291.8,32175
1771482300,4291.8,4294.8,4290.0,4292.1,9583
1771482600,4292.1,4300.9,4290.0,4297.4,29562
1771482900,4298.9,4302.6,4297.5,4300.0,34956
1771483200,4300.0,4302.0,4300.0,4300.5,21797
1771483500,4300.0,4300.4,4294.4,4296.3,21448
1771483800,4296.2,4303.0,4295.6,4300.0,11357
1771484100,4299.3,4301.3,4297.3,4297.4,9237
1771484400,4297.0,4301.0,4296.3,4298.3,10029
1771484700,4297.9,4299.8,4296.6,4297.7,6832
1771485000,4296.8,4298.5,4292.0,4292.4,8774
1771485300,4292.4,4295.0,4291.4,4293.6,9417
1771485600,4293.6,4298.8,4293.0,4295.0,15315
1771485900,4296.2,4296.7,4295.0,4295.6,8610
1771486200,4295.3,4300.0,4295.0,4297.4,8725
1771486500,4297.9,4305.7,4297.9,4303.0,53062
1771486800,4302.6,4309.0,4302.2,4307.1,38983
1771487100,4307.1,4307.1,4300.0,4300.7,10768
1771487400,4300.0,4305.0,4300.0,4304.2,22123
1771487700,4304.2,4305.3,4300.0,4302.4,19386
1771488000,4302.0,4302.8,4293.1,4296.0,42286
1771488300,4296.0,4300.2,4293.4,4298.3,28938
1771488600,4297.8,4299.4,4293.6,4296.6,15263
1771488900,4294.9,4296.6,4292.0,4292.1,6665
1771489200,4291.5,4292.9,4288.0,4290.0,16944
1771489500,4289.7,4291.0,4288.1,4288.3,10028
1771489800,4288.2,4290.2,4286.0,4288.8,13843
1771490100,4286.7,4292.8,4286.7,4288.8,28124
1771490400,4287.7,4293.4,4283.4,4288.5,15895
1771490700,4289.5,4292.6,4287.2,4292.6,21807
1771491000,4292.6,4296.7,4288.9,4288.9,34262
1771491300,4288.4,4290.0,4286.1,4287.7,12647
1771491600,4286.2,4289.8,4286.0,4286.0,11618
1771491900,4287.0,4291.7,4284.1,4288.0,33701
1771492200,4288.0,4289.3,4280.0,4280.0,44623
1771492500,4280.0,4283.0,4279.0,4281.7,57925
1771492800,4280.0,4283.2,4279.0,4280.7,22101
1771493100,4280.5,4285.7,4280.3,4281.6,26907
1771493400,4280.0,4285.7,4278.2,4284.3,120318
1771493700,4285.2,4287.0,4283.0,4286.1,163236
1771494000,4286.1,4286.3,4279.0,4279.5,139597
1771494300,4279.0,4279.0,4265.8,4271.7,55220
1771494600,4271.7,4275.0,4265.0,4270.5,53708
1771494900,4271.0,4273.9,4261.9,4273.9,37669
1771559100,4267.1,4304.7,4267.1,4302.8,41701
1771559400,4302.8,4322.0,4302.8,4313.5,34929
1771559700,4313.5,4315.9,4301.5,4303.2,19021
1771560000,4303.2,4311.0,4302.5,4306.4,14087
1771560300,4306.4,4309.6,4304.0,4308.0,12789
1771560600,4307.9,4309.0,4300.0,4308.3,12680
1771560900,4308.0,4319.7,4305.1,4316.1,25695
1771561200,4316.1,4322.0,4315.2,4318.8,19169
1771561500,4317.9,4333.4,4317.7,4333.4,35990
1771561800,4333.2,4333.4,4325.9,4332.7,23958
1771562100,4332.8,4336.1,4325.0,4327.0,34038
1771562400,4326.8,4337.2,4324.5,4327.3,35022
1771562700,4327.3,4338.0,4326.1,4335.2,16926
1771563000,4335.3,4337.0,4330.2,4334.3,20871
1771563300,4334.3,4335.4,4327.9,4328.2,13490
1771563600,4328.2,4334.3,4328.2,4333.4,11093
1771563900,4332.1,4334.0,4327.0,4328.7,15080
1771564200,4328.7,4335.0,4328.7,4331.3,10014
1771564500,4331.3,4333.0,4328.5,4330.9,22311
1771564800,4331.0,4339.8,4327.0,4333.8,24653
1771565100,4335.3,4337.9,4329.4,4334.3,16129
1771565400,4334.3,4337.0,4328.1,4330.0,17718
1771565700,4330.0,4336.3,4329.7,4334.9,15403
1771566000,4334.9,4336.5,4332.0,4333.0,7387
1771566300,4333.8,4335.3,4332.0,4332.9,10432
1771566600,4332.9,4337.7,4330.5,4336.6,23744
1771566900,4336.6,4342.0,4333.6,4337.5,40623
1771567200,4337.5,4341.0,4334.6,4335.6,18357
1771567500,4335.6,4353.3,4335.3,4352.8,75713
1771567800,4354.0,4355.1,4345.0,4349.1,37782
1771568100,4349.2,4350.0,4345.6,4348.5,11737
1771568400,4348.8,4350.1,4347.0,4349.5,17070
1771568700,4349.2,4355.0,4348.4,4351.8,23281
1771569000,4352.0,4357.1,4348.3,4357.1,17494
1771569300,4357.4,4366.6,4357.4,4364.8,31501
1771569600,4365.0,4369.9,4363.0,4369.0,33748
1771569900,4369.6,4375.0,4367.5,4375.0,49781
1771570200,4375.0,4379.0,4374.0,4374.2,30292
1771570500,4374.5,4377.0,4370.2,4372.9,17765
1771570800,4372.9,4375.0,4372.2,4374.3,18025
1771571100,4374.4,4376.0,4373.6,4374.9,18860
1771571400,4374.9,4376.4,4373.4,4375.0,19643
1771571700,4375.0,4375.0,4366.0,4369.0,21343
1771572000,4368.8,4369.0,4359.6,4363.1,18376
1771572300,4362.9,4363.5,4357.4,4360.2,22173
1771572600,4360.0,4366.6,4358.0,4358.8,16217
1771572900,4359.0,4359.8,4351.0,4352.0,19776
1771573200,4351.7,4354.7,4346.3,4351.8,35302
1771573500,4351.8,4353.4,4350.0,4351.0,30000
1771573800,4351.8,4353.0,4350.0,4352.0,28248
1771574100,4351.9,4354.2,4350.1,4351.7,46216
1771574400,4351.7,4357.5,4348.3,4356.9,41411
1771574700,4357.5,4364.4,4355.4,4357.7,29867
1771575000,4357.7,4359.3,4350.0,4355.1,24972
1771575300,4355.1,4359.8,4352.7,4358.4,18609
1771575600,4358.5,4359.9,4356.1,4357.3,13715
1771575900,4357.3,4369.8,4356.0,4369.1,20600
1771576200,4369.1,4370.5,4362.0,4364.6,26477
1771576500,4364.3,4365.0,4361.5,4365.0,18699
1771576800,4365.0,4369.8,4364.5,4369.0,31917
1771577100,4369.0,4376.1,4368.0,4375.7,66333
1771577400,4375.7,4379.8,4372.9,4373.1,62742
1771577700,4374.6,4376.0,4372.0,4375.4,46303
1771578000,4375.4,4377.0,4372.5,4376.6,33961
1771578300,4377.0,4383.4,4373.8,4380.4,56114
1771578600,4380.4,4388.0,4377.3,4386.4,58517
1771578900,4385.9,4390.0,4385.2,4390.0,26831
1771579200,4390.0,4390.0,4378.7,4380.6,31934
1771579500,4380.6,4384.8,4379.4,4382.8,53199
1771579800,4385.0,4388.9,4378.8,4379.6,97751
1771580100,4379.5,4382.5,4376.7,4379.7,131102
1771580400,4379.6,4381.9,4377.2,4380.6,149361
1771580700,4380.4,4383.1,4379.5,4380.5,97214
1771581000,4380.6,4383.0,4378.1,4383.0,103479
1771581300,4382.5,4385.0,4379.6,4380.2,64876
1771818300,4395.6,4407.8,4371.7,4396.8,85165
1771818600,4397.2,4398.9,4384.1,4388.0,25046
1771818900,4386.1,4390.0,4382.0,4389.2,22732
1771819200,4389.9,4389.9,4379.4,4380.0,21495
1771819500,4378.3,4388.6,4375.5,4375.5,30036
1771819800,4375.4,4388.0,4375.4,4379.4,13215
1771820100,4380.2,4390.0,4378.6,4385.8,16327
1771820400,4385.8,4387.1,4382.0,4385.6,6552
1771820700,4385.6,4394.0,4382.8,4393.0,14550
1771821000,4392.9,4398.0,4389.2,4398.0,16308
1771821300,4398.0,4405.5,4397.4,4405.5,69543
1771821600,4405.1,4407.9,4398.6,4400.6,30752
1771821900,4400.3,4402.4,4393.0,4399.2,33612
1771822200,4399.0,4404.2,4398.6,4403.0,17885
1771822500,4403.0,4406.1,4398.5,4402.0,18765
1771822800,4400.6,4402.8,4394.0,4401.3,11671
1771823100,4400.0,4402.8,4396.0,4398.4,6607
1771823400,4398.0,4398.8,4394.5,4394.5,14513
1771823700,4394.5,4399.0,4393.0,4397.8,31970
1771824000,4397.4,4398.9,4395.9,4398.0,25016
1771824300,4398.0,4398.3,4395.5,4396.5,22381
1771824600,4397.0,4399.0,4396.0,4397.9,11473
1771824900,4397.1,4398.0,4394.5,4397.4,31584
1771825200,4398.0,4399.6,4397.0,4398.1,8594
1771825500,4398.1,4398.6,4390.9,4390.9,14112
1771825800,4391.7,4394.6,4389.8,4393.0,10819
1771826100,4393.0,4396.5,4392.2,4396.3,5600
1771826400,4396.0,4398.0,4395.0,4397.0,7974
1771826700,4397.0,4403.0,4397.0,4400.9,58771
1771827000,4400.9,4401.7,4397.0,4400.7,27994
1771827300,4400.7,4402.4,4397.5,4400.3,53253
1771827600,4401.3,4403.7,4398.3,4399.4,31518
1771827900,4399.4,4400.1,4398.2,4400.0,12913
1771828200,4400.1,4403.8,4399.0,4400.0,30268
1771828500,4399.8,4406.0,4399.8,4400.4,26425
1771828800,4400.4,4402.3,4398.0,4399.3,18366
1771829100,4399.0,4401.5,4397.5,4399.8,22538
1771829400,4399.8,4401.0,4396.0,4397.2,12698
1771829700,4396.7,4398.8,4396.0,4397.3,9447
1771830000,4396.6,4397.2,4390.2,4393.5,16986
1771830300,4393.5,4395.0,4390.9,4395.0,13046
1771830600,4394.0,4395.0,4392.1,4395.0,16372
1771830900,4394.7,4397.8,4391.7,4393.4,31150
1771831200,4393.4,4395.0,4390.3,4393.8,16154
1771831500,4393.8,4395.0,4391.0,4391.6,13540
1771831800,4391.1,4394.2,4388.0,4393.1,16726
1771832100,4393.2,4395.0,4392.9,4395.0,26198
1771832400,4395.0,4403.5,4394.5,4402.8,54759
1771832700,4402.8,4402.8,4397.0,4400.0,25688
1771833000,4400.0,4403.1,4396.6,4402.8,38899
1771833300,4401.4,4405.0,4401.4,4405.0,21266
1771833600,4405.0,4412.0,4402.4,4404.8,41127
1771833900,4402.2,4407.9,4401.7,4404.4,41644
1771834200,4404.2,4413.4,4399.9,4410.1,52620
1771834500,4411.3,4411.3,4408.4,4411.1,16114
1771834800,4411.1,4417.0,4410.9,4413.8,25999
1771835100,4413.8,4415.5,4409.1,4410.5,20072
1771835400,4411.0,4412.0,4403.0,4404.6,35326
1771835700,4404.6,4407.2,4400.9,4403.0,28420
1771836000,4403.0,4403.8,4395.9,4401.2,24315
1771836300,4401.2,4401.9,4397.3,4401.8,15943
1771836600,4401.0,4402.9,4397.7,4401.6,32043
1771836900,4401.6,4408.6,4401.2,4407.4,15614
1771837200,4407.2,4414.0,4406.2,4409.4,25443
1771837500,4408.3,4409.7,4400.5,4404.1,31136
1771837800,4404.6,4407.8,4402.1,4406.1,23630
1771838100,4406.5,4412.0,4405.0,4412.0,17544
1771838400,4412.0,4412.0,4402.0,4404.0,15435
1771838700,4404.0,4410.0,4401.1,4403.1,47809
1771839000,4403.6,4419.9,4403.6,4417.9,45850
1771839300,4417.8,4420.0,4411.7,4413.8,31534
1771839600,4414.8,4416.8,4412.6,4414.4,42874
1771839900,4414.7,4417.8,4413.2,4416.1,43791
1771840200,4416.5,4418.0,4413.1,4416.7,47796
1771840500,4418.0,4431.6,4402.3,4418.1,176354
1771904700,4415.5,4440.0,4401.0,4426.8,95381
1771905000,4425.9,4428.3,4411.2,4412.1,36262
1771905300,4412.0,4414.8,4410.0,4412.0,14549
1771905600,4412.0,4412.2,4402.0,4404.3,15654
1771905900,4404.3,4419.9,4403.2,4408.0,70335
1771906200,4408.0,4409.7,4395.7,4396.0,35299
1771906500,4396.1,4400.1,4396.0,4400.0,27128
1771906800,4400.0,4400.7,4396.0,4397.6,11299
1771907100,4398.5,4400.4,4396.5,4399.2,11314
1771907400,4399.0,4399.3,4390.0,4392.0,15277
1771907700,4392.0,4393.0,4387.2,4389.3,15416
1771908000,4389.3,4389.7,4379.9,4384.3,74075
1771908300,4385.1,4389.2,4382.1,4388.8,17496
1771908600,4388.8,4394.0,4382.1,4383.0,13150
1771908900,4383.0,4387.7,4382.5,4383.3,10436
1771909200,4383.9,4388.0,4382.3,4386.8,29046
1771909500,4386.8,4392.0,4383.0,4389.9,11380
1771909800,4389.7,4394.2,4386.9,4389.3,32949
1771910100,4389.3,4396.7,4386.8,4391.1,489436
1771910400,4391.8,4393.4,4387.6,4390.0,15077
1771910700,4390.0,4390.2,4387.0,4389.9,13501
1771911000,4390.0,4390.0,4386.0,4386.8,11369
1771911300,4387.1,4387.6,4384.0,4384.4,11657
1771911600,4385.2,4385.9,4382.4,4385.0,38627
1771911900,4385.0,4385.1,4381.1,4383.8,18679
1771912200,4383.8,4384.0,4376.9,4379.0,20351
1771912500,4377.7,4381.0,4376.5,4377.8,11538
1771912800,4377.8,4378.0,4372.5,4375.1,22572
1771913100,4375.0,4380.7,4375.0,4378.0,32996
1771913400,4378.0,4378.0,4372.3,4374.9,27601
1771913700,4374.9,4375.0,4367.7,4369.6,37706
1771914000,4369.7,4371.3,4357.8,4360.0,47910
1771914300,4360.0,4361.0,4354.0,4356.8,55808
1771914600,4356.8,4356.8,4346.3,4348.6,42944
1771914900,4348.9,4350.0,4343.1,4347.7,18539
1771915200,4347.7,4348.6,4345.0,4346.0,18736
1771915500,4344.9,4344.9,4321.2,4322.2,109617
1771915800,4323.0,4323.3,4316.6,4320.0,56230
1771916100,4319.9,4320.0,4315.9,4317.0,30913
1771916400,4316.8,4316.9,4299.1,4306.5,165598
1771916700,4306.4,4310.0,4290.3,4292.1,59216
1771917000,4293.2,4295.0,4290.0,4290.3,41861
1771917300,4290.7,4290.7,4270.5,4272.1,57584
1771917600,4272.0,4273.2,4265.1,4267.0,75314
1771917900,4268.6,4282.6,4267.5,4280.5,53110
1771918200,4280.5,4284.1,4272.0,4275.6,48821
1771918500,4275.7,4275.7,4260.0,4261.9,49094
1771918800,4260.5,4263.5,4256.3,4258.3,50740
1771919100,4258.2,4260.0,4250.1,4256.2,63550
1771919400,4256.1,4257.6,4251.4,4254.0,22252
1771919700,4252.3,4260.0,4246.0,4246.9,40466
1771920000,4248.4,4251.3,4235.0,4236.1,52583
1771920300,4234.6,4243.0,4228.1,4242.0,50237
1771920600,4242.0,4244.8,4237.6,4240.4,42449
1771920900,4240.4,4243.1,4231.0,4236.3,30825
1771921200,4236.2,4245.7,4231.0,4244.1,23908
1771921500,4244.1,4252.7,4244.1,4252.7,70241
1771921800,4251.9,4252.6,4241.5,4248.0,50662
1771922100,4248.0,4248.8,4238.7,4248.0,44587
1771922400,4248.0,4262.4,4246.1,4259.8,65139
1771922700,4259.8,4263.0,4255.0,4255.6,54272
1771923000,4256.5,4258.5,4248.1,4252.0,76197
1771923300,4252.0,4258.5,4250.4,4257.9,14135
1771923600,4257.8,4259.2,4246.0,4248.5,32452
1771923900,4246.5,4254.9,4246.2,4252.6,30719
1771924200,4252.5,4254.3,4243.4,4243.4,83858
1771924500,4243.3,4249.5,4241.6,4246.7,57042
1771924800,4247.1,4252.8,4245.4,4249.2,62278
1771925100,4250.6,4260.2,4249.4,4259.2,54811
1771925400,4259.3,4264.7,4259.3,4261.0,100073
1771925700,4261.0,4261.0,4252.5,4256.2,88138
1771926000,4255.4,4259.4,4255.3,4259.1,43389
1771926300,4259.1,4262.8,4255.0,4262.8,51236
1771926600,4262.8,4264.4,4256.0,4259.5,45360
1771926900,4259.4,4274.5,4257.2,4271.0,44677
1771991100,4270.0,4293.4,4254.2,4277.2,232082
1771991400,4276.8,4292.0,4272.2,4292.0,52535
1771991700,4292.6,4306.0,4291.8,4301.5,46602
1771992000,4298.7,4304.0,4293.1,4298.7,25264
1771992300,4298.7,4316.6,4296.9,4315.0,52994
1771992600,4315.9,4322.3,4305.8,4307.4,80962
1771992900,4306.8,4313.1,4304.4,4309.2,48961
1771993200,4309.5,4311.0,4280.0,4295.8,54786
1771993500,4295.8,4310.0,4293.3,4308.8,27248
1771993800,4308.8,4312.0,4303.8,4311.0,22363
1771994100,4310.5,4327.7,4310.5,4326.9,67054
1771994400,4326.9,4329.0,4320.3,4327.9,40163
1771994700,4328.0,4334.4,4326.0,4333.8,37714
1771995000,4333.9,4335.3,4328.1,4332.0,30328
1771995300,4332.0,4340.0,4328.7,4328.7,29651
1771995600,4328.7,4337.2,4328.4,4337.2,12156
1771995900,4337.4,4344.0,4336.5,4337.8,28275
1771996200,4337.9,4340.0,4331.3,4339.0,28328
1771996500,4339.0,4342.9,4334.0,4335.0,18882
1771996800,4335.0,4344.9,4334.5,4340.0,60223
1771997100,4340.0,4344.1,4335.4,4337.1,122024
1771997400,4337.1,4340.0,4336.3,4337.7,5681
1771997700,4338.9,4344.0,4337.1,4340.0,32028
1771998000,4340.0,4341.3,4333.1,4334.6,15413
1771998300,4334.9,4336.7,4333.5,4336.4,8654
1771998600,4335.5,4336.9,4329.6,4330.5,15514
1771998900,4330.5,4331.0,4329.7,4330.4,7578
1771999200,4330.9,4331.0,4322.2,4322.4,21731
1771999500,4322.5,4325.0,4313.5,4317.8,28057
1771999800,4317.8,4317.8,4306.6,4307.8,47865
1772000100,4307.8,4311.9,4307.0,4309.3,34842
1772000400,4309.9,4310.1,4304.0,4305.8,11258
1772000700,4305.0,4305.8,4298.2,4300.0,17042
1772001000,4300.0,4314.0,4299.0,4313.9,21285
1772001300,4313.7,4314.1,4307.7,4309.9,18150
1772001600,4310.0,4310.5,4306.1,4310.0,11594
1772001900,4310.0,4311.0,4308.5,4310.0,20388
1772002200,4311.0,4315.0,4307.1,4314.5,11429
1772002500,4314.9,4315.0,4309.0,4310.7,14099
1772002800,4310.7,4312.0,4301.8,4301.8,11908
1772003100,4302.0,4303.1,4293.6,4300.0,34635
1772003400,4300.0,4300.8,4296.2,4297.9,27513
1772003700,4297.9,4300.0,4295.1,4296.3,27552
1772004000,4296.0,4300.0,4294.0,4299.0,28383
1772004300,4299.2,4305.0,4294.2,4298.2,46027
1772004600,4298.3,4300.0,4293.0,4299.9,17605
1772004900,4299.9,4300.0,4296.0,4298.1,12273
1772005200,4298.8,4299.5,4296.1,4298.0,11847
1772005500,4298.2,4300.0,4297.1,4299.7,18921
1772005800,4300.0,4301.0,4297.2,4299.9,49623
1772006100,4300.0,4300.0,4292.7,4296.9,12237
1772006400,4296.9,4299.0,4293.2,4294.0,19270
1772006700,4293.9,4297.1,4293.8,4293.9,12045
1772007000,4294.0,4295.0,4290.0,4292.6,15389
1772007300,4292.6,4297.0,4290.0,4296.6,10377
1772007600,4296.8,4301.5,4296.7,4301.1,14764
1772007900,4301.1,4301.8,4298.7,4298.7,11032
1772008200,4298.9,4300.0,4293.4,4294.0,10451
1772008500,4294.1,4296.5,4292.0,4292.4,9687
1772008800,4292.1,4299.7,4286.2,4287.3,29044
1772009100,4287.3,4289.1,4282.0,4287.3,12479
1772009400,4287.3,4293.3,4286.8,4289.7,29167
1772009700,4288.4,4290.2,4282.6,4284.1,39446
1772010000,4285.6,4290.4,4282.6,4288.3,36628
1772010300,4288.4,4290.0,4285.0,4288.2,30997
1772010600,4288.2,4293.5,4287.3,4292.1,43895
1772010900,4290.7,4294.0,4287.7,4289.9,22126
1772011200,4290.5,4291.4,4288.9,4290.2,17892
1772011500,4290.2,4292.6,4288.6,4292.3,19493
1772011800,4293.1,4301.9,4293.1,4300.0,67889
1772012100,4299.3,4300.0,4297.4,4298.1,38930
1772012400,4298.1,4300.1,4297.6,4299.6,45144
1772012700,4299.6,4299.6,4294.5,4299.5,44188
1772013000,4299.6,4299.9,4295.5,4296.5,48797
1772013300,4296.5,4304.9,4294.3,4302.0,81877
1772077500,4304.9,4318.9,4303.0,4312.1,49324
1772077800,4312.3,4315.5,4306.5,4312.3,12744
1772078100,4312.5,4320.9,4312.0,4318.4,25757
1772078400,4317.0,4324.2,4317.0,4323.4,21184
1772078700,4323.4,4328.9,4322.2,4323.2,19237
1772079000,4324.1,4330.4,4318.3,4328.0,32373
1772079300,4328.0,4332.1,4326.5,4329.8,23548
1772079600,4327.8,4332.8,4326.1,4326.7,19611
1772079900,4326.7,4328.8,4323.4,4328.7,18980
1772080200,4328.7,4332.8,4328.3,4331.1,19042
1772080500,4331.1,4334.7,4330.5,4332.4,13359
1772080800,4332.4,4336.6,4324.9,4327.0,18609
1772081100,4327.0,4334.5,4326.5,4334.5,11283
1772081400,4334.7,4337.0,4328.0,4328.8,19068
1772081700,4328.8,4333.0,4328.0,4331.8,24257
1772082000,4332.5,4340.0,4329.5,4337.0,25287
1772082300,4337.2,4337.3,4328.0,4329.6,41652
1772082600,4329.5,4332.0,4323.5,4324.5,23753
1772082900,4324.4,4326.7,4319.1,4320.0,44447
1772083200,4319.9,4323.7,4319.1,4320.0,15595
1772083500,4320.0,4321.4,4310.9,4314.7,39348
1772083800,4314.7,4322.8,4310.9,4317.1,25462
1772084100,4316.9,4320.6,4308.0,4308.8,33337
1772084400,4308.8,4314.9,4308.5,4313.4,38535
1772084700,4313.4,4319.6,4309.5,4316.8,52311
1772085000,4316.8,4317.1,4309.2,4317.1,25419
1772085300,4317.0,4325.0,4314.6,4316.8,47264
1772085600,4316.5,4320.0,4314.1,4318.0,36681
1772085900,4319.1,4319.5,4310.0,4313.8,36022
1772086200,4313.9,4313.9,4301.8,4301.8,14711
1772086500,4301.1,4306.3,4292.5,4304.8,55341
1772086800,4304.5,4306.3,4292.3,4293.0,44515
1772087100,4293.0,4294.5,4288.1,4292.5,192509
1772087400,4293.9,4298.8,4291.9,4293.9,10085
1772087700,4293.9,4296.0,4290.0,4293.2,17021
1772088000,4293.2,4295.8,4291.2,4294.0,41301
1772088300,4294.5,4295.7,4291.1,4293.5,25373
1772088600,4294.5,4295.0,4284.0,4288.3,50689
1772088900,4288.8,4290.0,4286.2,4290.0,11897
1772089200,4290.0,4290.0,4284.7,4287.4,19007
1772089500,4287.4,4290.0,4285.0,4287.4,16494
1772089800,4287.4,4294.0,4285.6,4292.6,40590
1772090100,4293.2,4294.9,4290.0,4292.2,12598
1772090400,4292.3,4295.5,4288.0,4290.2,14850
1772090700,4290.2,4291.9,4284.0,4285.1,79548
1772091000,4285.4,4289.3,4284.4,4288.4,16239
1772091300,4288.8,4290.0,4286.5,4288.0,10470
1772091600,4288.0,4290.0,4285.0,4287.9,29093
1772091900,4287.9,4288.4,4284.1,4286.7,9970
1772092200,4286.7,4290.3,4284.9,4290.3,18704
1772092500,4290.5,4296.9,4290.4,4296.5,61652
1772092800,4296.5,4297.1,4293.3,4293.6,24245
1772093100,4293.6,4295.4,4293.4,4294.9,12807
1772093400,4295.0,4297.0,4293.3,4295.9,12579
1772093700,4295.9,4297.0,4288.0,4292.8,29928
1772094000,4292.7,4302.0,4292.4,4300.9,63453
1772094300,4301.0,4304.2,4300.9,4303.5,24231
1772094600,4303.4,4306.4,4300.1,4301.0,46559
1772094900,4301.0,4308.0,4299.9,4307.8,23836
1772095200,4307.7,4309.9,4305.0,4309.4,22793
1772095500,4309.7,4310.7,4305.6,4305.8,11798
1772095800,4305.9,4307.7,4300.0,4300.1,16230
1772096100,4300.1,4308.0,4300.0,4303.7,45523
1772096400,4303.6,4306.7,4300.9,4303.6,70388
1772096700,4303.6,4307.3,4300.5,4303.4,44582
1772097000,4303.4,4311.0,4303.3,4311.0,49224
1772097300,4311.0,4313.8,4308.2,4308.2,48587
1772097600,4308.8,4310.9,4300.2,4302.0,18187
1772097900,4302.5,4304.0,4293.3,4296.8,21784
1772098200,4296.5,4299.8,4286.0,4286.9,29919
1772098500,4286.9,4289.3,4285.7,4285.7,25210
1772098800,4285.7,4286.9,4278.3,4279.9,32754
1772099100,4280.0,4287.0,4279.7,4285.8,34898
1772099400,4286.1,4292.0,4285.4,4287.4,26518
1772099700,4287.7,4290.0,4285.0,4290.0,23022
1772163900,4288.9,4298.0,4266.1,4269.5,63113
1772164200,4268.8,4275.3,4263.6,4263.7,26024
1772164500,4264.9,4273.0,4263.9,4269.0,16415
1772164800,4269.0,4275.0,4268.3,4272.1,8723
1772165100,4272.9,4272.9,4265.6,4271.6,12080
1772165400,4272.3,4278.0,4269.8,4276.9,12064
1772165700,4275.4,4277.1,4271.5,4271.9,11493
1772166000,4271.9,4277.0,4268.0,4275.0,10595
1772166300,4275.0,4276.8,4271.0,4272.7,7512
1772166600,4272.0,4276.8,4270.5,4276.5,8936
1772166900,4276.5,4280.8,4275.0,4280.5,9267
1772167200,4280.5,4281.1,4275.1,4275.7,8955
1772167500,4275.7,4277.2,4265.2,4271.2,24253
1772167800,4271.7,4279.7,4270.1,4276.5,9080
1772168100,4276.5,4286.9,4275.5,4286.5,15809
1772168400,4286.0,4290.4,4283.3,4288.0,17143
1772168700,4287.5,4291.0,4287.0,4290.8,9277
1772169000,4290.0,4291.5,4284.9,4290.8,49079
1772169300,4290.8,4293.5,4290.1,4290.1,21020
1772169600,4290.1,4290.8,4285.0,4286.0,8994
1772169900,4286.0,4290.6,4285.5,4288.0,27172
1772170200,4288.0,4293.4,4286.9,4293.4,23504
1772170500,4293.5,4302.5,4293.2,4298.8,55788
1772170800,4300.0,4302.0,4293.6,4296.5,24777
1772171100,4296.5,4304.7,4292.0,4294.2,29846
1772171400,4294.2,4299.6,4291.7,4296.6,6687
1772171700,4296.6,4298.7,4290.8,4291.8,6716
1772172000,4291.8,4292.7,4283.5,4286.1,60100
1772172300,4286.4,4286.5,4278.1,4281.0,31758
1772172600,4281.0,4287.5,4280.0,4286.2,13469
1772172900,4286.3,4289.0,4283.0,4283.2,7518
1772173200,4283.5,4289.0,4282.0,4286.0,19807
1772173500,4287.3,4290.0,4285.1,4287.4,25283
1772173800,4287.4,4287.9,4282.0,4282.9,5821
1772174100,4282.9,4288.1,4281.5,4283.9,15660
1772174400,4283.9,4285.1,4280.5,4280.5,8727
1772174700,4281.1,4284.2,4280.0,4280.3,7053
1772175000,4280.4,4282.5,4276.0,4280.0,46478
1772175300,4280.0,4284.8,4279.9,4281.9,26624
1772175600,4282.6,4283.1,4280.5,4281.0,5788
1772175900,4281.0,4282.1,4277.5,4280.6,7633
1772176200,4280.6,4282.9,4280.5,4281.3,12452
1772176500,4281.5,4285.0,4280.1,4283.8,20947
1772176800,4283.8,4287.4,4282.9,4285.5,25786
1772177100,4285.9,4285.9,4281.2,4283.3,9853
1772177400,4284.9,4285.6,4280.8,4281.8,7196
1772177700,4281.7,4287.0,4281.7,4285.6,19894
1772178000,4285.6,4288.0,4285.0,4287.5,8400
1772178300,4287.3,4288.4,4282.9,4283.5,7808
1772178600,4283.4,4287.6,4282.0,4287.5,6499
1772178900,4287.5,4294.2,4286.9,4292.5,12007
1772179200,4292.0,4294.8,4291.0,4292.3,7199
1772179500,4291.8,4294.8,4290.5,4293.5,13107
1772179800,4293.5,4296.0,4290.3,4291.6,22195
1772180100,4291.2,4295.0,4290.4,4292.5,8959
1772180400,4293.7,4294.0,4290.3,4292.7,6329
1772180700,4293.0,4295.0,4291.4,4294.6,12174
1772181000,4294.1,4303.0,4291.6,4293.0,40610
1772181300,4293.0,4293.5,4289.1,4291.8,27242
1772181600,4291.8,4297.1,4290.1,4294.1,9365
1772181900,4294.6,4295.0,4291.5,4293.5,7678
1772182200,4293.9,4294.0,4290.0,4291.8,15062
1772182500,4291.8,4291.8,4282.5,4284.0,13928
1772182800,4283.4,4287.5,4283.3,4287.2,8435
1772183100,4287.2,4289.0,4281.5,4283.0,20865
1772183400,4282.9,4285.0,4282.4,4284.6,25199
1772183700,4284.0,4287.0,4283.5,4286.4,20318
1772184000,4286.4,4289.9,4283.3,4288.1,61736
1772184300,4288.1,4289.7,4285.0,4287.9,35287
1772184600,4287.8,4294.4,4275.5,4277.0,174637
1772184900,4277.5,4280.0,4268.0,4277.2,208739
1772185200,4276.5,4285.0,4276.5,4283.2,147232
1772185500,4284.0,4286.7,4278.0,4280.5,183537
1772185800,4280.6,4282.8,4273.0,4274.6,188921
1772186100,4273.3,4277.3,4254.4,4270.0,156132
1772423100,4061.0,4130.9,4061.0,4103.0,426883
1772423400,4104.6,4134.8,4101.7,4119.3,214015
1772423700,4118.2,4130.0,4111.0,4126.1,239926
1772424000,4126.0,4141.4,4124.3,4134.8,147677
1772424300,4135.0,4137.8,4114.5,4123.1,122116
1772424600,4121.9,4127.2,4116.0,4116.2,123209
1772424900,4116.2,4125.1,4108.1,4109.6,176435
1772425200,4108.7,4108.7,4072.4,4074.0,252888
1772425500,4074.1,4088.5,4071.3,4081.5,70261
1772425800,4082.0,4086.0,4068.4,4068.4,127447
1772426100,4069.0,4069.0,4052.2,4057.2,109770
1772426400,4057.8,4058.6,4049.0,4057.7,83457
1772426700,4057.4,4062.8,4046.4,4062.3,62200
1772427000,4061.7,4062.4,4052.5,4057.4,50719
1772427300,4058.1,4066.2,4054.6,4060.4,43230
1772427600,4059.7,4064.4,4056.0,4060.4,30710
1772427900,4062.1,4067.0,4059.7,4060.6,54113
1772428200,4061.0,4061.1,4046.0,4046.3,55898
1772428500,4046.3,4052.0,4041.0,4050.5,57507
1772428800,4050.5,4053.6,4043.9,4046.2,55482
1772429100,4046.7,4054.4,4044.0,4052.9,47502
1772429400,4052.9,4059.4,4051.2,4054.2,44498
1772429700,4054.1,4055.7,4048.0,4052.5,42561
1772430000,4052.5,4052.6,4044.0,4044.8,41467
1772430300,4043.5,4045.9,4028.0,4030.3,100722
1772430600,4030.3,4035.4,4025.0,4033.6,49123
1772430900,4033.6,4040.0,4033.1,4038.8,40836
1772431200,4038.8,4040.0,4031.5,4035.8,29123
1772431500,4035.8,4039.1,4033.5,4034.1,23952
1772431800,4034.2,4038.5,4032.0,4033.8,25619
1772432100,4033.7,4039.0,4030.0,4031.2,28915
1772432400,4031.2,4035.0,4026.0,4027.0,47931
1772432700,4027.1,4033.0,4025.5,4028.0,31393
1772433000,4028.0,4028.2,4017.0,4025.0,67985
1772433300,4024.3,4029.9,4021.0,4028.5,27264
1772433600,4028.5,4031.6,4023.9,4023.9,25297
1772433900,4023.9,4025.1,4010.0,4010.0,70154
1772434200,4010.0,4011.7,4005.0,4008.5,92027
1772434500,4008.0,4008.9,3996.5,4002.1,105381
1772434800,4002.3,4004.1,3996.0,3997.7,47803
1772435100,3997.2,3999.4,3984.6,3986.9,81886
1772435400,3987.4,3994.8,3979.0,3980.0,70916
1772435700,3980.2,3988.5,3977.0,3982.2,94049
1772436000,3982.0,3990.7,3979.7,3986.0,48744
1772436300,3985.8,3992.0,3985.0,3987.3,58753
1772436600,3987.2,3991.3,3982.0,3984.6,54977
1772436900,3984.6,3987.4,3975.4,3985.4,90254
1772437200,3985.1,3993.5,3983.0,3990.0,64197
1772437500,3990.1,3999.0,3988.0,3998.0,84165
1772437800,3997.0,3999.5,3990.0,3993.0,38359
1772438100,3992.5,3994.1,3986.5,3991.9,104473
1772438400,3991.9,3996.9,3987.4,3990.2,54571
1772438700,3990.4,3998.7,3988.0,3998.0,40367
1772439000,3998.2,4000.0,3990.1,4000.0,38429
1772439300,3998.1,4002.2,3994.3,3995.7,98719
1772439600,3995.8,3998.4,3990.0,3998.0,48161
1772439900,3997.0,3999.0,3993.0,3997.9,55630
1772440200,3997.9,4016.6,3996.0,4013.1,110541
1772440500,4013.1,4029.7,4012.0,4025.5,134995
1772440800,4026.2,4028.0,4013.0,4023.7,72978
1772441100,4023.2,4024.9,4015.3,4020.0,64644
1772441400,4020.2,4033.7,4019.5,4030.7,78713
1772441700,4030.7,4032.0,4016.7,4019.1,78798
1772442000,4019.1,4033.2,4011.1,4033.2,84775
1772442300,4034.0,4047.7,4032.0,4043.4,122253
1772442600,4043.0,4054.8,4043.0,4050.2,101548
1772442900,4050.1,4060.8,4045.8,4060.4,96720
1772443200,4060.3,4062.0,4054.5,4059.6,69072
1772443500,4059.1,4060.7,4051.0,4052.0,65020
1772443800,4052.1,4071.8,4045.5,4069.0,127722
1772444100,4069.5,4072.9,4063.1,4067.7,121771
1772444400,4067.7,4072.7,4061.6,4072.4,127045
1772444700,4073.0,4073.7,4067.2,4070.8,127607
1772445000,4070.9,4074.8,4060.0,4064.5,151819
1772445300,4065.0,4070.0,4052.3,4054.0,106365
1772595900,3950.0,3959.0,3776.3,3818.0,1095810
1772596200,3819.2,3827.8,3811.6,3818.1,278836
1772596500,3818.0,3821.1,3795.5,3796.5,311464
1772596800,3797.1,3798.0,3783.1,3787.5,254903
1772597100,3789.0,3798.2,3782.1,3789.3,146661
1772597400,3789.2,3799.0,3784.7,3793.0,91516
1772597700,3793.0,3797.9,3780.4,3784.6,129853
1772598000,3784.3,3784.3,3771.0,3775.2,218084
1772598300,3776.5,3778.3,3760.0,3765.5,302052
1772598600,3765.8,3770.1,3761.0,3767.0,95779
1772598900,3766.1,3780.1,3760.0,3779.9,115249
1772599200,3780.0,3786.0,3773.0,3785.8,95355
1772599500,3785.8,3790.0,3780.0,3787.3,72041
1772599800,3787.3,3793.0,3783.2,3789.1,68767
1772600100,3789.1,3805.6,3786.8,3805.0,85169
1772600400,3806.1,3814.5,3793.4,3795.8,105131
1772600700,3796.0,3808.5,3795.0,3801.7,43515
1772601000,3801.5,3808.0,3800.0,3803.1,60328
1772601300,3803.5,3807.6,3800.0,3802.5,46781
1772601600,3802.5,3807.9,3799.8,3807.2,83551
1772601900,3807.6,3809.0,3803.9,3805.0,33487
1772602200,3806.6,3816.7,3804.1,3815.6,55578
1772602500,3815.6,3819.0,3810.6,3817.0,101564
1772602800,3817.0,3818.8,3812.2,3813.1,39397
1772603100,3813.5,3814.0,3805.0,3807.5,91982
1772603400,3807.1,3810.1,3805.0,3806.5,46654
1772603700,3806.5,3807.7,3800.4,3802.2,62114
1772604000,3802.2,3805.0,3795.3,3800.2,69011
1772604300,3800.7,3804.3,3799.0,3801.4,61205
1772604600,3801.0,3803.0,3797.7,3800.7,65221
1772604900,3800.7,3800.9,3792.0,3798.3,109733
1772605200,3798.3,3813.4,3796.4,3806.4,75582
1772605500,3806.0,3807.1,3802.0,3804.8,28352
1772605800,3804.8,3810.0,3802.6,3809.3,35516
1772606100,3809.3,3816.0,3808.1,3814.6,37615
1772606400,3814.8,3828.1,3814.6,3822.3,90688
1772606700,3823.4,3823.4,3812.0,3815.3,43014
1772607000,3815.0,3818.7,3811.6,3813.9,37700
1772607300,3813.9,3814.9,3806.6,3813.1,38915
1772607600,3813.1,3820.8,3812.1,3819.0,47396
1772607900,3819.0,3826.9,3819.0,3822.4,56294
1772608200,3822.4,3825.6,3820.0,3823.9,31833
1772608500,3824.0,3835.0,3824.0,3833.0,64401
1772608800,3833.0,3837.0,3831.9,3835.0,50996
1772609100,3835.0,3848.5,3834.1,3843.3,112250
1772609400,3843.2,3846.6,3835.0,3837.2,57533
1772609700,3837.2,3843.0,3832.0,3842.5,44914
1772610000,3842.1,3852.0,3842.0,3851.4,69778
1772610300,3852.0,3852.2,3846.9,3851.9,63222
1772610600,3851.9,3860.9,3850.2,3860.0,59850
1772610900,3860.0,3866.3,3853.4,3855.7,65299
1772611200,3855.9,3862.7,3854.1,3856.9,45449
1772611500,3856.5,3861.6,3850.0,3859.3,75023
1772611800,3859.2,3866.0,3859.0,3866.0,41341
1772612100,3866.0,3869.0,3861.8,3867.4,43642
1772612400,3866.7,3868.1,3860.2,3860.6,41471
1772612700,3860.7,3874.2,3856.9,3874.2,77531
1772613000,3873.9,3882.9,3872.8,3881.8,95560
1772613300,3882.0,3890.6,3880.0,3890.0,103855
1772613600,3890.3,3893.4,3885.4,3892.9,96965
1772613900,3892.9,3903.0,3890.0,3900.7,92296
1772614200,3900.9,3902.6,3880.8,3880.8,70956
1772614500,3880.8,3882.9,3877.4,3880.4,71833
1772614800,3880.3,3897.0,3877.8,3894.4,94087
1772615100,3894.9,3895.6,3887.4,3890.0,55611
1772615400,3890.0,3900.0,3890.0,3898.1,47857
1772615700,3898.0,3901.8,3892.8,3897.7,55448
1772616000,3897.7,3899.9,3891.1,3892.3,43696
1772616300,3892.8,3899.3,3884.0,3884.6,72518
1772616600,3885.0,3888.0,3880.0,3883.8,118013
1772616900,3883.6,3885.0,3879.9,3880.1,103821
1772617200,3880.1,3883.5,3878.0,3880.1,151405
1772617500,3880.1,3891.0,3880.0,3888.1,135026
1772617800,3888.1,3889.4,3881.4,3887.0,120580
1772618100,3885.8,3887.0,3880.0,3882.0,166232
1772682300,3924.2,3949.7,3908.9,3928.4,336485
1772682600,3928.4,3938.5,3920.1,3933.2,134578
1772682900,3932.7,3935.0,3922.0,3929.0,71651
1772683200,3930.6,3943.0,3923.0,3936.5,122575
1772683500,3936.4,3950.0,3928.4,3928.4,103339
1772683800,3927.8,3961.9,3927.8,3961.9,138633
1772684100,3960.1,3964.0,3952.1,3957.6,93404
1772684400,3955.6,3968.0,3955.1,3965.5,48912
1772684700,3966.0,3971.0,3955.3,3965.9,53245
1772685000,3965.9,3968.0,3958.0,3958.2,26258
1772685300,3958.2,3965.4,3952.2,3956.9,34700
1772685600,3956.7,3960.0,3950.0,3950.3,27709
1772685900,3951.0,3962.0,3949.7,3960.3,65709
1772686200,3960.4,3962.7,3955.7,3961.1,29222
1772686500,3961.1,3961.2,3945.0,3950.8,37471
1772686800,3950.8,3957.9,3947.7,3955.0,21955
1772687100,3953.8,3967.6,3953.8,3967.2,39239
1772687400,3966.6,3977.0,3965.7,3974.0,55311
1772687700,3974.1,3979.8,3971.2,3972.2,34131
1772688000,3972.5,3974.9,3966.6,3974.0,32424
1772688300,3973.8,3977.1,3971.6,3975.9,23578
1772688600,3975.9,3978.6,3968.2,3973.8,29436
1772688900,3973.8,3979.8,3973.5,3974.1,34068
1772689200,3974.1,3974.7,3965.0,3966.0,26155
1772689500,3966.0,3972.2,3963.0,3971.3,19156
1772689800,3971.3,3972.9,3960.0,3962.7,27416
1772690100,3962.0,3964.1,3956.4,3964.1,30759
1772690400,3962.4,3970.7,3962.4,3966.2,25332
1772690700,3967.5,3968.3,3960.0,3963.0,21359
1772691000,3963.8,3968.8,3962.4,3966.4,17402
1772691300,3966.1,3966.2,3961.2,3962.1,26177
1772691600,3963.6,3967.1,3956.8,3966.7,38221
1772691900,3967.1,3967.3,3960.0,3963.9,16395
1772692200,3964.1,3968.3,3962.5,3965.7,30946
1772692500,3965.5,3974.6,3964.1,3973.1,42698
1772692800,3972.6,3979.0,3972.6,3979.0,19963
1772693100,3979.0,3985.0,3975.9,3984.1,36821
1772693400,3983.1,3990.3,3983.1,3987.1,54737
1772693700,3987.0,3992.5,3984.8,3991.8,28780
1772694000,3991.8,3998.0,3990.8,3994.4,57153
1772694300,3994.5,4000.2,3991.0,3999.2,43426
1772694600,3999.2,3999.5,3994.0,3995.2,19931
1772694900,3994.4,3997.5,3991.0,3992.0,29924
1772695200,3992.6,3997.8,3991.0,3997.7,15320
1772695500,3998.0,3999.9,3995.1,3999.6,17863
1772695800,3999.8,4000.9,3991.2,3991.9,27962
1772696100,3991.2,3995.0,3990.0,3992.8,37204
1772696400,3992.9,3998.0,3990.6,3992.6,21993
1772696700,3992.6,3994.0,3981.3,3982.8,37952
1772697000,3982.4,3985.3,3980.1,3982.6,24430
1772697300,3982.9,3990.0,3981.1,3989.7,20842
1772697600,3989.6,3995.0,3985.0,3987.0,35765
1772697900,3987.3,3990.2,3981.7,3990.1,39321
1772698200,3989.9,3993.3,3988.0,3991.0,27092
1772698500,3991.0,3992.0,3985.5,3985.8,23489
1772698800,3986.1,3988.2,3979.6,3982.2,35525
1772699100,3982.8,3983.0,3971.2,3974.2,51080
1772699400,3974.3,3979.9,3970.1,3978.2,110045
1772699700,3979.4,3979.9,3975.0,3975.0,37271
1772700000,3975.8,3978.4,3974.6,3976.6,114128
1772700300,3976.6,3978.6,3970.0,3970.9,53987
1772700600,3970.3,3983.2,3970.3,3980.8,66154
1772700900,3980.7,3990.9,3978.0,3990.0,36385
1772701200,3990.4,3990.4,3978.1,3980.4,61508
1772701500,3980.0,4018.0,3978.2,4017.9,101564
1772701800,4017.2,4054.9,4017.2,4048.9,310255
1772702100,4048.3,4066.0,4036.8,4050.1,191532
1772702400,4050.4,4072.9,4046.7,4070.1,146626
1772702700,4070.1,4070.1,4050.2,4063.7,155289
1772703000,4063.8,4067.7,4045.3,4049.0,319432
1772703300,4048.5,4050.7,4032.0,4034.7,148654
1772703600,4035.9,4039.8,4014.3,4023.7,160218
1772703900,4024.1,4028.5,4015.9,4017.9,123652
1772704200,4018.0,4024.7,4015.6,4019.5,116277
1772704500,4020.0,4030.0,4015.4,4027.0,105137
1772768700,4015.0,4015.0,3955.1,3959.8,123222
1772769000,3958.5,3966.4,3952.0,3963.1,115565
1772769300,3962.1,3967.9,3955.0,3960.6,47666
1772769600,3960.6,3960.6,3945.0,3949.0,87765
1772769900,3948.4,3965.0,3947.7,3959.3,45747
1772770200,3958.5,3966.2,3958.3,3964.1,47320
1772770500,3963.3,3966.2,3960.6,3961.4,21111
1772770800,3960.3,3964.0,3956.4,3957.7,29726
1772771100,3958.1,3960.0,3952.1,3955.8,23800
1772771400,3955.8,3964.7,3955.0,3962.0,18628
1772771700,3961.9,3965.6,3957.4,3963.1,16808
1772772000,3963.1,3965.9,3959.0,3963.2,20818
1772772300,3963.2,3976.9,3963.0,3976.0,28851
1772772600,3976.7,3979.4,3973.1,3977.0,18100
1772772900,3977.5,3984.6,3976.4,3982.0,22901
1772773200,3981.7,3981.7,3963.2,3966.0,25894
1772773500,3965.0,3966.0,3954.0,3954.7,35769
1772773800,3954.7,3961.7,3947.0,3955.8,56117
1772774100,3955.8,3960.0,3942.7,3945.4,50410
1772774400,3947.1,3953.2,3943.1,3949.9,30150
1772774700,3949.9,3955.4,3946.9,3954.4,38903
1772775000,3954.3,3964.4,3954.0,3962.0,25989
1772775300,3962.0,3963.8,3960.1,3963.0,15269
1772775600,3963.0,3964.8,3960.1,3961.8,17361
1772775900,3961.8,3963.0,3957.2,3960.9,16698
1772776200,3960.9,3962.9,3955.0,3957.1,9188
1772776500,3957.1,3959.4,3956.0,3957.4,8939
1772776800,3958.5,3960.0,3957.2,3957.8,7846
1772777100,3957.8,3960.0,3955.7,3957.0,9095
1772777400,3956.9,3964.5,3955.0,3955.7,23120
1772777700,3955.7,3962.7,3955.0,3961.3,11719
1772778000,3961.2,3962.0,3956.1,3957.9,7421
1772778300,3958.0,3960.0,3956.1,3960.0,9055
1772778600,3960.0,3960.5,3958.0,3959.6,57264
1772778900,3959.5,3959.7,3956.0,3959.0,8415
1772779200,3959.0,3959.9,3950.0,3951.5,28520
1772779500,3951.5,3959.5,3950.9,3956.2,12787
1772779800,3956.2,3958.0,3955.0,3958.0,6423
1772780100,3956.4,3958.0,3950.0,3950.1,23763
1772780400,3950.1,3955.1,3946.6,3954.0,19980
1772780700,3954.3,3957.0,3951.4,3955.4,33145
1772781000,3955.3,3957.4,3955.0,3956.8,9160
1772781300,3956.8,3963.8,3956.1,3963.8,16707
1772781600,3963.8,3967.9,3962.3,3965.6,24326
1772781900,3965.6,3966.0,3962.8,3966.0,21168
1772782200,3966.0,3968.3,3962.3,3964.9,58859
1772782500,3965.0,3971.9,3962.5,3968.4,24065
1772782800,3968.4,3973.6,3966.3,3971.8,25675
1772783100,3972.0,3972.0,3968.4,3970.9,16623
1772783400,3970.9,3974.6,3966.5,3972.7,31430
1772783700,3971.8,3973.0,3970.1,3972.9,15955
1772784000,3972.9,3972.9,3961.5,3963.4,22557
1772784300,3963.4,3974.0,3960.1,3969.8,21913
1772784600,3970.0,3970.4,3964.0,3969.4,24574
1772784900,3969.5,3969.5,3964.4,3967.9,14991
1772785200,3968.5,3972.0,3965.0,3968.9,16388
1772785500,3969.0,3969.4,3959.7,3962.2,59300
1772785800,3962.2,3969.1,3956.5,3965.0,42535
1772786100,3963.7,3970.6,3960.8,3970.6,26071
1772786400,3969.4,3973.0,3969.3,3971.2,24370
1772786700,3972.0,3980.0,3970.8,3977.3,62682
1772787000,3976.0,3979.0,3974.3,3978.0,22433
1772787300,3978.0,3980.0,3972.3,3974.5,26407
1772787600,3973.2,3975.9,3970.0,3970.8,20514
1772787900,3971.5,3971.5,3964.9,3965.7,37433
1772788200,3965.7,3966.9,3958.2,3961.6,43014
1772788500,3961.6,3966.2,3941.0,3952.2,71849
1772788800,3952.6,3960.0,3951.0,3955.8,31591
1772789100,3955.0,3955.8,3948.2,3948.2,38160
1772789400,3948.5,3955.8,3947.0,3954.0,38296
1772789700,3954.0,3955.0,3950.3,3953.0,21024
1772790000,3953.1,3953.6,3945.4,3948.9,44863
1772790300,3948.5,3950.5,3942.2,3948.5,40646
1772790600,3948.6,3954.0,3946.4,3951.7,64945
1772790900,3951.5,3951.8,3945.0,3949.0,50049
1773027900,3850.0,3850.0,3743.6,3745.0,398287
1773028200,3745.0,3759.9,3743.0,3750.5,226537
1773028500,3751.3,3771.0,3750.5,3763.1,98254
1773028800,3763.3,3775.0,3755.0,3759.6,92055
1773029100,3759.6,3761.2,3747.3,3751.7,79840
1773029400,3751.3,3767.9,3750.0,3764.8,54930
1773029700,3765.0,3779.4,3764.0,3777.0,73786
1773030000,3776.6,3783.0,3771.0,3781.9,54237
1773030300,3781.0,3785.7,3770.0,3775.5,49392
1773030600,3775.5,3780.0,3768.0,3772.0,48752
1773030900,3771.5,3789.0,3770.9,3788.5,52928
1773031200,3786.3,3791.1,3775.6,3782.9,59784
1773031500,3784.3,3784.4,3765.0,3766.4,78069
1773031800,3766.9,3773.2,3765.0,3772.6,42866
1773032100,3772.6,3780.0,3770.0,3776.8,37520
1773032400,3776.8,3777.5,3765.0,3765.3,45963
1773032700,3765.8,3773.9,3762.0,3766.0,43820
1773033000,3766.1,3769.0,3764.0,3764.7,30958
1773033300,3764.9,3765.9,3758.3,3761.1,43322
1773033600,3761.6,3788.2,3761.0,3788.1,80549
1773033900,3787.2,3797.9,3786.0,3788.8,112851
1773034200,3790.4,3793.2,3782.0,3790.5,103829
1773034500,3790.5,3790.9,3780.3,3784.1,73517
1773034800,3784.2,3792.5,3780.0,3788.5,53196
1773035100,3788.6,3789.8,3777.0,3788.1,67943
1773035400,3788.9,3795.8,3785.6,3793.9,52960
1773035700,3793.9,3796.9,3790.0,3796.2,55584
1773036000,3796.0,3796.7,3788.2,3793.5,53016
1773036300,3793.2,3796.6,3790.0,3793.8,78632
1773036600,3793.0,3802.9,3793.0,3798.0,74965
1773036900,3798.0,3801.5,3792.7,3797.4,61628
1773037200,3797.0,3799.0,3795.0,3797.1,26903
1773037500,3797.2,3798.0,3792.4,3792.8,24205
1773037800,3792.8,3795.9,3790.1,3792.1,43850
1773038100,3792.6,3792.6,3785.1,3785.6,25470
1773038400,3785.5,3789.2,3781.6,3787.2,49226
1773038700,3787.2,3790.0,3784.5,3787.1,31326
1773039000,3787.1,3791.3,3783.1,3789.7,33648
1773039300,3791.3,3793.3,3787.5,3793.3,28466
1773039600,3793.3,3801.1,3793.3,3796.6,28535
1773039900,3796.6,3801.9,3794.1,3801.0,29856
1773040200,3801.1,3802.6,3797.1,3797.5,63397
1773040500,3797.5,3801.4,3795.1,3797.4,36280
1773040800,3797.4,3802.6,3797.0,3801.9,51634
1773041100,3800.0,3809.0,3800.0,3808.2,36308
1773041400,3808.0,3812.0,3803.7,3810.8,51978
1773041700,3809.2,3814.7,3804.0,3804.0,42221
1773042000,3804.7,3804.7,3796.3,3798.3,29217
1773042300,3798.3,3800.0,3796.2,3797.3,40437
1773042600,3798.2,3804.0,3796.2,3796.3,49701
1773042900,3796.2,3801.8,3795.0,3796.4,87733
1773043200,3796.7,3810.1,3796.4,3805.9,21882
1773043500,3805.8,3808.5,3802.0,3807.0,20765
1773043800,3806.7,3811.8,3805.4,3807.2,21358
1773044100,3805.9,3808.0,3800.6,3803.4,21327
1773044400,3802.5,3810.0,3801.0,3809.3,20263
1773044700,3809.3,3811.0,3804.1,3804.7,18254
1773045000,3805.2,3808.6,3802.0,3807.9,21428
1773045300,3807.9,3814.0,3805.1,3812.0,27206
1773045600,3812.0,3816.0,3807.4,3807.4,22334
1773045900,3809.3,3810.8,3805.0,3807.5,21753
1773046200,3807.2,3815.9,3805.0,3815.2,33527
1773046500,3815.0,3822.0,3815.0,3821.2,49885
1773046800,3821.0,3830.0,3820.0,3822.6,29412
1773047100,3822.6,3827.5,3821.0,3826.0,22995
1773047400,3826.0,3831.9,3821.4,3831.2,71320
1773047700,3830.1,3847.7,3830.0,3834.0,43966
1773048000,3833.0,3841.8,3833.0,3840.0,32048
1773048300,3839.7,3842.0,3836.4,3838.1,30673
1773048600,3838.4,3846.0,3831.1,3842.8,66779
1773048900,3843.0,3849.0,3836.4,3840.2,48442
1773049200,3840.9,3850.2,3840.2,3846.1,66108
1773049500,3846.6,3852.0,3846.0,3847.9,75907
1773049800,3847.9,3849.5,3832.0,3833.9,86110
1773050100,3833.9,3839.9,3832.0,3836.5,59599
1773114300,3936.0,3972.0,3912.0,3912.7,225421
1773114600,3914.0,3925.1,3896.3,3898.1,101685
1773114900,3898.1,3899.0,3881.5,3883.7,78172
1773115200,3883.6,3890.0,3873.8,3881.5,92096
1773115500,3880.4,3884.0,3875.0,3884.0,54771
1773115800,3884.1,3891.1,3882.1,3889.8,43786
1773116100,3889.8,3890.2,3878.5,3880.6,39497
1773116400,3880.0,3880.5,3871.1,3872.6,54538
1773116700,3872.3,3874.6,3856.0,3859.5,83430
1773117000,3859.5,3867.0,3858.9,3864.0,30232
1773117300,3864.0,3876.4,3863.7,3875.1,31175
1773117600,3874.6,3875.3,3862.0,3863.8,22381
1773117900,3863.4,3875.0,3862.2,3867.0,30189
1773118200,3867.3,3868.4,3855.0,3857.7,45680
1773118500,3857.7,3858.5,3851.0,3851.2,40343
1773118800,3851.2,3859.8,3851.0,3855.5,32546
1773119100,3855.5,3857.8,3852.0,3854.2,36685
1773119400,3854.1,3861.8,3853.2,3860.2,28363
1773119700,3860.1,3863.7,3860.0,3862.2,18898
1773120000,3862.2,3862.6,3853.1,3856.9,37201
1773120300,3857.0,3859.8,3855.1,3858.1,12502
1773120600,3858.4,3860.7,3857.0,3858.9,13031
1773120900,3858.9,3862.0,3856.9,3858.2,28814
1773121200,3858.2,3867.0,3857.5,3862.8,24566
1773121500,3862.9,3867.0,3858.9,3860.0,33882
1773121800,3860.5,3868.0,3858.3,3866.6,25948
1773122100,3866.6,3866.7,3860.3,3861.4,30720
1773122400,3861.9,3871.8,3861.6,3868.7,45669
1773122700,3869.2,3873.0,3869.2,3872.8,17175
1773123000,3873.0,3874.8,3871.3,3872.8,31101
1773123300,3872.4,3872.6,3868.0,3868.4,26709
1773123600,3868.4,3868.4,3862.0,3865.5,16430
1773123900,3866.1,3873.4,3864.0,3871.0,18705
1773124200,3872.3,3873.9,3870.0,3870.0,11428
1773124500,3870.2,3874.5,3870.0,3870.0,18185
1773124800,3870.0,3871.3,3861.0,3862.4,10068
1773125100,3861.9,3865.8,3859.4,3860.8,24407
1773125400,3861.3,3863.0,3853.8,3857.5,27358
1773125700,3857.5,3860.9,3854.0,3859.0,30260
1773126000,3859.0,3862.5,3857.0,3860.2,68907
1773126300,3860.0,3871.9,3859.8,3867.0,46891
1773126600,3867.1,3869.7,3865.2,3866.2,54345
1773126900,3866.3,3878.8,3865.9,3877.5,46343
1773127200,3877.2,3888.0,3876.0,3887.0,43190
1773127500,3886.6,3890.1,3884.4,3885.7,67501
1773127800,3885.5,3890.0,3885.3,3888.7,29805
1773128100,3888.7,3888.8,3880.2,3884.1,50604
1773128400,3884.1,3887.4,3881.5,3885.5,36863
1773128700,3885.5,3886.0,3879.7,3880.2,61110
1773129000,3880.0,3882.1,3874.0,3879.2,24536
1773129300,3879.3,3883.7,3878.0,3882.8,16189
1773129600,3882.8,3885.5,3878.4,3881.9,59802
1773129900,3883.4,3887.5,3881.0,3886.7,71355
1773130200,3887.0,3887.5,3884.2,3886.0,14836
1773130500,3886.0,3886.0,3881.7,3882.4,17291
1773130800,3883.6,3886.0,3882.4,3885.3,11589
1773131100,3885.2,3886.1,3882.1,3883.3,13661
1773131400,3883.1,3884.0,3880.0,3884.0,10962
1773131700,3883.6,3894.8,3882.1,3893.1,72752
1773132000,3893.1,3895.0,3891.3,3893.8,73667
1773132300,3893.8,3896.1,3885.1,3886.2,49153
1773132600,3886.2,3886.8,3878.9,3884.6,21236
1773132900,3884.5,3885.0,3878.5,3881.5,17182
1773133200,3881.6,3884.0,3875.5,3876.5,46946
1773133500,3876.5,3883.8,3875.0,3878.3,31126
1773133800,3878.3,3880.5,3869.8,3872.2,47639
1773134100,3872.2,3881.0,3870.0,3879.2,44704
1773134400,3879.9,3881.9,3873.1,3877.7,41296
1773134700,3877.8,3879.7,3875.0,3878.4,28533
1773135000,3878.4,3878.4,3866.6,3875.3,84957
1773135300,3876.5,3879.0,3872.8,3877.2,82963
1773135600,3877.1,3878.0,3873.8,3874.5,72995
1773135900,3874.3,3878.4,3873.4,3876.1,88271
1773136200,3876.1,3880.0,3872.3,3880.0,105165
1773136500,3880.0,3882.0,3878.5,3881.5,80590
1773200700,3879.7,3887.9,3858.5,3885.5,107784
1773201000,3885.6,3890.8,3878.6,3880.9,33276
1773201300,3881.7,3890.0,3876.5,3889.5,25558
1773201600,3889.5,3894.0,3884.0,3888.2,26071
1773201900,3888.2,3889.8,3878.0,3884.0,24501
1773202200,3883.9,3888.5,3879.0,3887.1,19074
1773202500,3886.8,3890.8,3882.9,3887.0,13492
1773202800,3887.8,3896.7,3882.8,3885.1,25074
1773203100,3885.1,3894.0,3884.0,3890.7,16886
1773203400,3889.9,3891.9,3885.0,3890.4,11562
1773203700,3890.3,3891.3,3882.5,3882.5,14132
1773204000,3883.4,3885.8,3880.2,3881.9,12519
1773204300,3882.3,3886.8,3881.7,3884.3,11326
1773204600,3884.6,3889.1,3882.2,3887.5,10563
1773204900,3887.6,3888.6,3882.0,3883.8,11064
1773205200,3884.0,3892.0,3883.0,3888.3,19546
1773205500,3888.3,3888.3,3878.8,3880.8,31408
1773205800,3881.4,3883.6,3875.7,3877.5,12874
1773206100,3877.2,3877.2,3870.9,3875.5,18610
1773206400,3875.6,3876.8,3873.0,3876.3,14729
1773206700,3876.8,3880.0,3874.0,3880.0,10942
1773207000,3879.9,3883.6,3875.5,3881.8,10468
1773207300,3882.7,3882.7,3874.1,3875.4,14253
1773207600,3875.4,3878.5,3873.5,3876.0,18384
1773207900,3876.9,3876.9,3870.0,3870.5,38607
1773208200,3870.7,3873.6,3865.2,3867.6,33357
1773208500,3867.8,3875.8,3867.8,3874.8,10240
1773208800,3875.0,3875.0,3866.2,3868.4,10845
1773209100,3868.4,3875.0,3865.1,3873.1,13168
1773209400,3873.5,3874.7,3868.0,3870.5,8911
1773209700,3871.8,3871.8,3866.0,3866.8,7613
1773210000,3866.8,3868.2,3862.0,3862.0,15548
1773210300,3862.1,3863.3,3858.0,3861.9,27015
1773210600,3861.8,3869.9,3860.0,3869.9,10294
1773210900,3871.0,3871.7,3867.0,3870.2,49427
1773211200,3870.0,3875.3,3870.0,3873.1,23915
1773211500,3873.1,3874.0,3869.7,3873.0,43914
1773211800,3873.2,3873.8,3870.1,3872.2,37439
1773212100,3872.0,3873.9,3870.5,3873.2,52227
1773212400,3873.0,3875.7,3867.9,3870.0,37599
1773212700,3870.0,3872.2,3864.2,3864.5,14700
1773213000,3865.0,3871.9,3864.3,3871.3,38374
1773213300,3871.3,3871.3,3865.7,3870.0,8197
1773213600,3869.9,3870.5,3865.1,3865.4,8552
1773213900,3865.5,3869.2,3862.0,3863.0,12545
1773214200,3862.9,3866.9,3855.5,3858.0,48711
1773214500,3858.1,3859.8,3853.0,3853.3,15564
1773214800,3853.3,3853.5,3838.2,3839.6,43557
1773215100,3839.4,3840.6,3832.0,3837.0,27431
1773215400,3836.2,3847.8,3836.2,3847.0,15366
1773215700,3846.3,3851.9,3845.5,3850.4,20625
1773216000,3850.4,3854.8,3847.0,3848.4,14177
1773216300,3848.4,3848.9,3843.0,3846.1,9301
1773216600,3846.6,3850.0,3844.0,3846.9,20478
1773216900,3846.9,3852.9,3846.7,3848.0,9422
1773217200,3848.8,3849.2,3845.0,3847.6,16224
1773217500,3847.9,3848.9,3844.0,3847.4,9711
1773217800,3847.0,3848.7,3842.0,3848.4,7835
1773218100,3848.4,3852.5,3847.3,3848.7,26802
1773218400,3848.5,3848.7,3845.2,3846.7,45037
1773218700,3846.7,3849.4,3840.1,3843.3,58797
1773219000,3843.3,3846.8,3840.0,3840.0,107375
1773219300,3840.0,3856.9,3839.2,3856.9,65543
1773219600,3856.5,3856.5,3841.4,3843.6,25779
1773219900,3843.4,3844.3,3842.0,3842.1,39189
1773220200,3842.0,3844.0,3840.3,3841.9,42102
1773220500,3841.9,3844.0,3839.7,3839.7,20050
1773220800,3839.7,3842.0,3835.3,3840.6,14430
1773221100,3839.5,3840.7,3833.8,3833.8,17147
1773221400,3833.1,3841.2,3833.1,3835.1,32009
1773221700,3835.9,3839.1,3833.1,3838.4,43078
1773222000,3839.0,3841.6,3836.7,3839.2,51104
1773222300,3839.2,3843.4,3838.7,3843.0,78216
1773222600,3844.0,3844.2,3836.7,3840.0,59189
1773222900,3840.0,3840.0,3832.8,3836.0,56301
1773287100,3825.0,3830.0,3736.5,3742.4,199359
1773287400,3743.9,3767.7,3742.0,3764.3,65220
1773287700,3765.9,3778.0,3759.0,3774.4,41984
1773288000,3774.7,3780.0,3770.0,3777.5,37317
1773288300,3777.6,3777.6,3767.5,3767.6,26504
1773288600,3767.6,3776.0,3765.0,3772.4,21731
1773288900,3773.2,3787.8,3772.0,3787.8,37761
1773289200,3788.0,3789.8,3778.6,3784.1,28847
1773289500,3784.1,3792.3,3779.2,3791.8,61401
1773289800,3791.8,3795.4,3787.0,3795.3,76572
1773290100,3795.0,3795.3,3781.3,3784.5,65326
1773290400,3783.4,3788.6,3781.3,3785.5,27841
1773290700,3785.7,3786.0,3775.0,3780.3,116058
1773291000,3780.7,3781.9,3775.0,3780.5,78616
1773291300,3780.6,3788.0,3775.0,3776.1,53137
1773291600,3776.2,3776.2,3763.1,3772.5,31392
1773291900,3772.6,3785.2,3771.2,3784.3,20020
1773292200,3784.3,3785.4,3777.6,3779.2,15999
1773292500,3779.0,3782.8,3776.2,3781.0,28468
1773292800,3781.2,3782.5,3771.2,3777.4,20178
1773293100,3777.1,3784.0,3772.7,3784.0,16323
1773293400,3784.0,3792.0,3782.0,3790.5,23536
1773293700,3791.6,3794.2,3783.5,3784.4,17970
1773294000,3785.2,3793.9,3784.3,3791.5,28456
1773294300,3791.4,3794.4,3779.0,3785.5,88866
1773294600,3786.0,3797.7,3782.8,3797.0,46644
1773294900,3797.0,3799.9,3793.6,3797.7,31726
1773295200,3797.7,3800.0,3793.5,3797.6,54286
1773295500,3796.9,3798.9,3790.1,3793.0,18725
1773295800,3793.2,3800.0,3791.2,3797.0,23573
1773296100,3797.0,3800.0,3795.0,3795.4,20501
1773296400,3795.4,3798.0,3795.0,3795.9,23017
1773296700,3797.1,3806.9,3795.0,3797.3,85585
1773297000,3797.3,3798.3,3792.6,3796.2,19068
1773297300,3796.0,3798.8,3790.0,3794.0,44932
1773297600,3795.1,3798.9,3791.0,3798.1,19382
1773297900,3799.0,3800.0,3795.4,3798.3,25435
1773298200,3799.1,3802.0,3796.5,3799.9,42297
1773298500,3799.9,3801.6,3798.5,3799.7,16406
1773298800,3799.4,3800.0,3791.0,3795.0,26360
1773299100,3795.0,3797.6,3787.5,3788.7,25988
1773299400,3788.5,3797.0,3788.3,3796.5,24970
1773299700,3796.5,3810.0,3796.2,3805.6,42860
1773300000,3805.8,3808.9,3799.0,3801.0,38999
1773300300,3802.7,3807.2,3800.0,3802.6,25254
1773300600,3803.6,3803.9,3797.2,3798.7,13703
1773300900,3798.8,3800.1,3786.0,3790.7,19839
1773301200,3791.2,3798.8,3790.3,3796.6,11446
1773301500,3797.0,3799.3,3791.0,3791.6,31049
1773301800,3792.9,3797.9,3788.0,3797.6,49298
1773302100,3796.5,3800.7,3794.1,3798.3,17708
1773302400,3800.0,3811.0,3797.0,3806.3,55185
1773302700,3808.0,3809.0,3803.9,3803.9,17519
1773303000,3806.6,3810.9,3797.5,3800.5,23722
1773303300,3800.5,3805.2,3795.0,3795.9,31873
1773303600,3795.9,3797.0,3790.0,3793.2,42781
1773303900,3793.2,3794.5,3782.0,3782.0,36132
1773304200,3783.4,3786.1,3780.0,3780.1,34708
1773304500,3781.8,3784.9,3765.7,3768.7,53720
1773304800,3767.4,3770.3,3763.0,3768.0,79826
1773305100,3768.2,3768.9,3757.0,3761.7,67345
1773305400,3761.8,3765.3,3756.9,3758.4,36633
1773305700,3758.4,3761.5,3747.0,3749.7,65640
1773306000,3750.4,3754.8,3747.0,3753.4,48968
1773306300,3753.4,3753.4,3747.6,3750.4,62276
1773306600,3750.5,3751.0,3738.1,3739.0,77744
1773306900,3738.2,3745.0,3730.0,3741.3,131610
1773307200,3740.8,3742.5,3721.0,3726.0,146473
1773307500,3726.7,3729.7,3722.0,3722.2,80445
1773307800,3723.0,3725.0,3716.7,3719.2,227544
1773308100,3719.7,3725.0,3717.0,3724.0,191564
1773308400,3725.7,3728.1,3720.0,3724.7,230716
1773308700,3724.7,3724.7,3704.9,3723.1,206838
1773309000,3723.0,3724.0,3711.0,3718.1,186462
1773309300,3718.6,3718.9,3710.7,3716.5,86251
1773373500,3696.0,3697.0,3635.5,3645.0,502804
1773373800,3646.8,3650.0,3605.6,3623.2,306075
1773374100,3622.2,3634.7,3621.7,3630.3,160066
1773374400,3631.0,3639.9,3628.0,3628.7,113714
1773374700,3628.7,3628.7,3618.4,3624.5,74590
1773375000,3624.9,3625.0,3615.1,3616.0,48175
1773375300,3616.5,3616.6,3598.0,3600.0,162592
1773375600,3600.0,3601.4,3584.1,3589.9,242985
1773375900,3589.9,3592.0,3580.0,3582.8,107337
1773376200,3582.7,3592.8,3581.0,3589.8,83187
1773376500,3590.0,3590.6,3583.4,3588.4,45126
1773376800,3588.6,3590.1,3582.0,3588.6,31719
1773377100,3587.5,3591.0,3575.5,3576.0,58817
1773377400,3577.0,3581.0,3572.3,3574.0,51709
1773377700,3573.9,3584.5,3572.0,3581.6,62620
1773378000,3581.3,3584.9,3563.1,3565.1,171767
1773378300,3565.3,3571.4,3563.0,3570.6,37330
1773378600,3570.3,3571.8,3560.0,3562.2,123100
1773378900,3562.2,3565.9,3560.1,3564.2,47324
1773379200,3564.2,3572.5,3563.6,3565.8,94307
1773379500,3565.3,3569.2,3555.0,3569.1,78493
1773379800,3568.9,3576.6,3565.0,3568.0,114004
1773380100,3568.0,3577.0,3557.1,3560.4,66566
1773380400,3560.3,3564.5,3553.0,3556.1,63552
1773380700,3557.2,3558.0,3551.3,3551.3,50967
1773381000,3552.1,3559.9,3550.6,3559.9,26805
1773381300,3559.7,3567.4,3559.1,3565.3,24898
1773381600,3565.6,3575.0,3564.2,3573.8,50866
1773381900,3573.8,3574.9,3561.9,3568.3,394486
1773382200,3568.6,3582.3,3567.7,3577.5,61790
1773382500,3577.5,3584.1,3574.8,3576.3,43071
1773382800,3576.3,3578.4,3567.2,3573.0,59216
1773383100,3573.0,3573.7,3564.0,3564.3,36354
1773383400,3564.3,3565.9,3556.0,3558.7,34426
1773383700,3558.7,3558.8,3552.0,3554.2,50861
1773384000,3554.6,3555.0,3546.4,3548.0,94290
1773384300,3548.0,3548.6,3542.1,3542.1,56981
1773384600,3542.0,3542.0,3530.0,3532.4,116741
1773384900,3532.4,3534.5,3521.0,3522.9,141003
1773385200,3522.5,3525.8,3512.0,3515.0,311989
1773385500,3517.0,3517.8,3503.0,3505.9,147255
1773385800,3504.7,3516.9,3502.5,3515.6,107721
1773386100,3516.5,3519.5,3510.9,3512.8,90722
1773386400,3512.8,3518.0,3505.0,3506.0,69140
1773386700,3505.9,3511.5,3503.0,3508.4,82502
1773387000,3508.2,3509.7,3495.2,3497.3,154858
1773387300,3497.3,3499.9,3488.6,3489.1,71809
1773387600,3489.9,3495.0,3482.8,3485.6,107899
1773387900,3485.0,3489.3,3477.2,3479.5,115165
1773388200,3479.5,3482.0,3465.6,3467.8,148903
1773388500,3466.9,3474.1,3453.1,3472.6,258395
1773388800,3474.0,3476.4,3468.9,3474.9,97320
1773389100,3474.9,3479.6,3470.9,3473.4,69548
1773389400,3473.6,3480.0,3472.5,3476.7,70372
1773389700,3476.8,3477.8,3467.2,3471.0,94080
1773390000,3471.7,3473.0,3457.5,3459.3,112482
1773390300,3459.8,3464.7,3455.7,3458.1,98236
1773390600,3458.9,3470.3,3457.9,3466.0,83921
1773390900,3466.0,3476.2,3465.0,3472.5,144247
1773391200,3472.5,3475.4,3467.8,3474.9,115028
1773391500,3475.5,3475.8,3465.4,3472.0,442042
1773391800,3472.0,3478.0,3466.4,3476.5,130403
1773392100,3475.6,3477.7,3468.2,3468.2,100765
1773392400,3468.0,3479.8,3468.0,3473.8,129420
1773392700,3475.4,3475.7,3460.2,3463.0,168559
1773393000,3463.0,3472.0,3462.2,3470.1,128177
1773393300,3470.0,3471.0,3452.9,3454.9,151124
1773393600,3456.0,3460.9,3436.0,3438.5,258235
1773393900,3438.5,3439.4,3431.5,3437.2,188602
1773394200,3438.4,3438.4,3424.5,3428.3,324579
1773394500,3428.2,3437.0,3427.1,3433.5,220063
1773394800,3432.3,3457.0,3428.2,3451.1,308857
1773395100,3452.1,3457.0,3442.0,3447.3,812438
1773395400,3447.3,3448.4,3428.4,3430.0,507141
1773395700,3430.0,3447.9,3427.0,3445.0,255152
1773632700,3453.5,3466.5,3430.0,3451.7,298645
1773633000,3451.6,3461.9,3429.3,3432.0,193465
1773633300,3432.0,3442.3,3425.0,3440.3,139182
1773633600,3440.5,3455.0,3439.3,3453.7,128492
1773633900,3453.7,3462.0,3448.6,3454.9,120070
1773634200,3455.0,3472.0,3454.9,3461.3,102268
1773634500,3461.3,3471.9,3459.9,3462.9,105899
1773634800,3462.9,3465.0,3452.9,3454.9,89070
1773635100,3456.0,3457.9,3427.7,3431.6,199970
1773635400,3432.3,3440.0,3430.7,3439.5,220771
1773635700,3439.5,3449.4,3436.6,3438.7,81859
1773636000,3438.7,3442.3,3415.0,3425.9,104190
1773636300,3425.2,3425.4,3413.7,3415.7,75115
1773636600,3415.9,3418.8,3410.0,3414.4,59665
1773636900,3414.4,3417.6,3410.9,3413.1,60218
1773637200,3413.1,3422.1,3413.1,3417.7,54038
1773637500,3418.0,3426.0,3416.9,3421.9,42397
1773637800,3421.9,3424.3,3417.0,3421.0,32332
1773638100,3421.0,3421.7,3411.3,3416.0,47528
1773638400,3415.9,3417.4,3406.2,3407.8,54895
1773638700,3407.6,3414.9,3396.6,3414.3,119130
1773639000,3413.5,3423.1,3408.3,3416.8,86361
1773639300,3416.5,3420.4,3410.7,3417.1,61340
1773639600,3417.1,3422.9,3408.2,3421.9,52832
1773639900,3421.9,3441.9,3419.7,3440.0,209537
1773640200,3440.9,3444.9,3432.8,3435.5,138159
1773640500,3435.4,3441.5,3429.9,3434.1,127896
1773640800,3434.6,3439.9,3430.6,3437.3,121764
1773641100,3437.3,3444.5,3435.0,3437.9,52096
1773641400,3437.8,3441.7,3435.0,3435.0,58345
1773641700,3434.9,3440.5,3434.9,3438.0,48106
1773642000,3438.0,3442.3,3435.0,3440.5,40980
1773642300,3440.5,3444.4,3437.8,3437.9,70735
1773642600,3437.9,3442.8,3437.4,3437.5,39038
1773642900,3437.5,3440.5,3435.0,3438.9,56353
1773643200,3438.9,3442.4,3436.2,3437.6,53941
1773643500,3437.6,3438.4,3435.0,3436.4,31718
1773643800,3436.3,3442.0,3432.9,3442.0,64945
1773644100,3440.9,3451.0,3438.5,3446.7,72507
1773644400,3446.3,3446.6,3437.2,3438.7,38479
1773644700,3439.0,3441.9,3434.5,3440.0,45470
1773645000,3440.0,3443.3,3437.5,3438.9,69573
1773645300,3438.9,3440.1,3430.0,3434.8,42534
1773645600,3434.5,3438.7,3431.3,3436.9,40863
1773645900,3437.1,3437.5,3434.3,3436.2,37160
1773646200,3436.2,3449.7,3434.9,3436.7,83794
1773646500,3435.8,3443.0,3429.5,3442.8,85479
1773646800,3442.8,3444.9,3439.0,3441.9,66488
1773647100,3441.8,3448.0,3436.6,3442.6,78389
1773647400,3443.0,3446.8,3436.4,3438.6,56022
1773647700,3438.6,3444.2,3430.7,3430.7,174240
1773648000,3430.3,3434.8,3425.3,3428.0,61022
1773648300,3427.6,3432.8,3423.8,3426.2,93566
1773648600,3426.6,3430.0,3417.5,3419.2,120173
1773648900,3419.2,3420.2,3412.0,3415.2,101537
1773649200,3415.2,3420.5,3410.0,3417.7,50499
1773649500,3417.6,3418.6,3413.0,3416.9,52575
1773649800,3416.9,3420.9,3412.0,3415.8,216921
1773650100,3415.8,3417.9,3410.0,3413.0,264619
1773650400,3413.7,3422.8,3410.0,3415.3,132604
1773650700,3416.1,3432.4,3410.0,3432.0,89023
1773651000,3432.5,3464.0,3431.3,3462.4,220581
1773651300,3462.6,3482.5,3455.3,3471.7,244755
1773651600,3475.0,3481.1,3470.9,3476.3,192277
1773651900,3475.0,3483.7,3462.0,3483.4,238890
1773652200,3483.5,3485.9,3471.2,3478.9,272888
1773652500,3478.9,3488.0,3475.1,3487.6,183618
1773652800,3488.3,3494.8,3477.6,3483.1,204210
1773653100,3483.7,3488.2,3477.6,3486.1,155306
1773653400,3485.5,3486.5,3471.2,3474.8,199169
1773653700,3474.7,3482.5,3471.0,3479.3,154576
1773654000,3479.5,3479.5,3471.0,3474.6,141017
1773654300,3474.6,3475.2,3463.1,3463.7,129079
1773654600,3463.9,3466.8,3457.2,3458.1,158466
1773654900,3458.1,3466.0,3450.2,3460.0,222382
1773719100,3478.0,3486.0,3450.0,3464.0,125137
1773719400,3462.6,3468.0,3455.0,3457.2,61862
1773719700,3457.8,3470.0,3456.7,3469.0,56989
1773720000,3469.6,3474.0,3461.1,3470.0,41492
1773720300,3470.4,3476.0,3468.3,3476.0,40991
1773720600,3476.1,3481.9,3469.9,3478.0,46536
1773720900,3478.0,3489.0,3474.6,3487.5,40904
1773721200,3488.0,3489.3,3477.5,3487.7,48981
1773721500,3487.0,3489.4,3482.0,3489.0,45733
1773721800,3489.1,3500.0,3487.5,3496.9,88155
1773722100,3496.9,3500.0,3496.0,3498.3,51969
1773722400,3498.3,3499.5,3492.2,3496.9,62885
1773722700,3496.9,3505.0,3496.5,3504.9,81187
1773723000,3504.0,3505.0,3499.7,3501.7,51632
1773723300,3501.6,3502.1,3479.0,3479.0,120310
1773723600,3479.8,3485.0,3474.5,3481.3,69429
1773723900,3481.4,3482.2,3469.2,3481.4,84666
1773724200,3481.8,3481.8,3475.0,3477.8,33007
1773724500,3479.1,3485.0,3477.0,3485.0,49093
1773724800,3485.0,3487.2,3482.0,3485.8,51174
1773725100,3486.0,3498.3,3484.3,3496.6,90397
1773725400,3496.2,3497.3,3492.0,3495.2,55790
1773725700,3495.0,3497.1,3491.6,3492.4,49990
1773726000,3492.7,3498.0,3487.2,3487.7,36117
1773726300,3487.8,3489.3,3480.8,3484.4,76562
1773726600,3484.3,3484.4,3475.1,3475.1,85445
1773726900,3476.1,3476.1,3462.6,3465.1,78792
1773727200,3465.1,3470.7,3461.0,3464.9,84514
1773727500,3464.9,3477.0,3464.5,3471.5,56953
1773727800,3471.5,3475.7,3468.8,3469.0,29511
1773728100,3469.0,3475.0,3463.9,3463.9,39539
1773728400,3463.9,3478.6,3463.9,3470.7,27033
1773728700,3470.5,3472.5,3463.6,3469.9,32644
1773729000,3469.6,3471.4,3465.8,3467.8,26200
1773729300,3467.9,3472.3,3466.9,3470.2,22517
1773729600,3470.7,3473.3,3465.0,3468.0,32736
1773729900,3468.1,3468.2,3451.3,3451.3,91476
1773730200,3452.5,3459.9,3451.4,3456.0,31828
1773730500,3455.9,3466.0,3455.8,3465.5,26140
1773730800,3465.5,3467.4,3457.3,3466.1,24819
1773731100,3466.1,3473.0,3466.0,3470.5,35259
1773731400,3470.5,3474.9,3467.0,3474.7,28736
1773731700,3474.6,3482.0,3474.6,3482.0,51825
1773732000,3482.0,3485.0,3479.5,3481.6,39222
1773732300,3481.6,3485.1,3477.2,3483.4,37344
1773732600,3483.9,3495.0,3481.9,3493.9,62232
1773732900,3493.9,3499.7,3490.0,3498.0,58416
1773733200,3498.1,3499.5,3494.1,3497.5,53602
1773733500,3496.5,3506.0,3496.5,3503.8,68864
1773733800,3504.7,3507.0,3496.4,3500.0,45318
1773734100,3500.0,3500.9,3494.8,3499.7,54010
1773734400,3500.0,3510.0,3499.7,3503.2,76671
1773734700,3503.5,3506.4,3495.0,3496.4,48217
1773735000,3496.0,3502.9,3494.8,3499.0,42372
1773735300,3500.2,3503.3,3495.3,3499.6,29148
1773735600,3500.0,3505.0,3498.6,3503.1,36514
1773735900,3503.0,3505.0,3499.7,3502.1,32662
1773736200,3502.1,3505.2,3500.4,3504.0,50336
1773736500,3503.6,3515.0,3502.9,3514.0,64947
1773736800,3515.0,3522.3,3514.0,3518.9,79527
1773737100,3518.5,3521.1,3510.0,3511.0,58741
1773737400,3511.0,3514.1,3506.7,3506.8,86258
1773737700,3506.9,3512.3,3501.4,3510.1,107742
1773738000,3510.0,3519.9,3510.0,3518.1,45713
1773738300,3519.0,3520.0,3515.0,3520.0,68914
1773738600,3520.4,3528.3,3520.0,3522.6,101830
1773738900,3522.9,3528.4,3521.7,3527.8,161139
1773739200,3527.8,3537.6,3527.8,3537.4,149743
1773739500,3537.4,3545.0,3535.0,3544.3,95440
1773739800,3544.8,3546.8,3536.8,3545.8,219246
1773740100,3545.7,3550.0,3537.5,3549.7,139721
1773740400,3549.2,3549.8,3546.1,3547.0,109681
1773740700,3547.5,3548.8,3536.8,3538.9,123583
1773741000,3538.9,3545.8,3533.2,3544.8,144216
1773741300,3544.3,3546.0,3536.5,3537.0,129375
1773805500,3569.0,3588.0,3555.0,3582.2,190721
1773805800,3583.2,3592.0,3576.6,3577.5,107425
1773806100,3577.6,3580.8,3568.2,3578.5,67212
1773806400,3578.5,3584.5,3576.0,3577.9,61628
1773806700,3577.9,3587.4,3577.3,3587.4,62645
1773807000,3588.0,3603.3,3585.5,3602.5,107239
1773807300,3603.0,3604.9,3587.0,3594.5,54401
1773807600,3595.0,3602.9,3586.7,3589.8,98554
1773807900,3589.8,3590.5,3569.0,3575.9,75989
1773808200,3575.9,3578.0,3561.3,3565.0,41885
1773808500,3565.0,3572.9,3562.5,3569.6,39324
1773808800,3569.0,3574.5,3569.0,3574.3,21023
1773809100,3574.3,3579.5,3572.0,3578.3,29429
1773809400,3578.3,3586.9,3577.9,3586.9,36631
1773809700,3586.8,3587.9,3583.0,3586.0,27463
1773810000,3586.8,3593.0,3586.4,3589.7,37798
1773810300,3589.3,3593.0,3586.3,3588.0,30174
1773810600,3587.9,3588.7,3575.0,3580.4,38883
1773810900,3579.2,3592.3,3579.2,3590.1,93733
1773811200,3590.1,3596.0,3590.1,3594.3,44667
1773811500,3594.8,3599.0,3592.1,3596.0,39175
1773811800,3595.5,3599.4,3592.5,3598.5,60849
1773812100,3598.5,3602.8,3593.7,3601.3,58230
1773812400,3601.3,3607.0,3600.0,3605.1,50570
1773812700,3606.0,3606.2,3602.1,3605.0,28158
1773813000,3605.0,3607.0,3603.1,3605.0,22205
1773813300,3604.9,3608.1,3600.6,3606.0,27534
1773813600,3606.0,3606.8,3602.5,3606.3,27363
1773813900,3606.3,3618.0,3604.0,3618.0,70556
1773814200,3618.4,3627.9,3616.1,3623.2,95533
1773814500,3623.0,3626.7,3613.8,3619.5,84266
1773814800,3618.8,3623.5,3617.5,3619.4,30346
1773815100,3619.1,3621.0,3617.0,3618.6,22041
1773815400,3618.6,3620.0,3610.8,3619.2,76106
1773815700,3619.2,3622.7,3616.3,3616.6,43349
1773816000,3616.6,3619.7,3615.0,3617.7,31886
1773816300,3618.0,3618.7,3613.0,3618.0,47873
1773816600,3617.9,3619.1,3614.0,3619.0,46102
1773816900,3619.0,3622.2,3617.7,3620.7,45030
1773817200,3620.7,3621.4,3614.0,3615.4,39446
1773817500,3615.6,3618.0,3609.3,3610.4,56527
1773817800,3610.4,3614.9,3608.9,3614.0,41508
1773818100,3614.0,3618.0,3611.0,3616.6,34805
1773818400,3616.2,3618.9,3610.0,3610.7,22674
1773818700,3610.8,3617.9,3608.9,3617.0,20956
1773819000,3616.9,3632.7,3616.6,3630.5,84663
1773819300,3630.6,3631.2,3621.0,3621.2,44297
1773819600,3621.2,3625.0,3619.7,3621.0,63696
1773819900,3621.0,3624.5,3619.1,3621.9,44690
1773820200,3620.8,3625.0,3620.8,3625.0,20375
1773820500,3625.9,3634.0,3623.5,3630.5,52654
1773820800,3630.4,3636.8,3629.0,3634.7,66297
1773821100,3634.4,3636.0,3632.0,3635.0,22212
1773821400,3634.9,3635.6,3630.1,3635.4,65767
1773821700,3635.6,3637.0,3632.0,3635.9,49821
1773822000,3636.0,3638.5,3632.9,3636.2,40654
1773822300,3636.2,3638.8,3623.0,3625.1,106677
1773822600,3625.1,3626.2,3612.1,3612.5,46568
1773822900,3613.0,3620.6,3611.1,3618.5,44050
1773823200,3618.5,3621.8,3616.7,3618.0,26323
1773823500,3617.4,3622.5,3615.0,3621.0,45850
1773823800,3620.6,3622.7,3617.0,3619.9,41213
1773824100,3619.9,3622.5,3615.0,3615.5,29855
1773824400,3615.5,3617.4,3606.9,3607.0,49205
1773824700,3607.1,3611.7,3606.1,3611.0,28568
1773825000,3611.0,3614.4,3601.6,3603.1,58442
1773825300,3603.1,3611.5,3602.0,3611.5,48484
1773825600,3611.5,3613.0,3605.6,3606.6,47433
1773825900,3606.5,3612.8,3606.5,3610.9,41653
1773826200,3611.5,3618.0,3604.1,3615.2,76293
1773826500,3615.5,3620.0,3615.0,3618.1,119783
1773826800,3618.1,3618.3,3609.3,3612.0,76474
1773827100,3612.6,3613.3,3604.2,3604.8,88302
1773827400,3604.5,3605.2,3596.5,3599.9,129044
1773827700,3599.9,3602.0,3599.0,3602.0,123640
1773891900,3526.7,3528.3,3466.3,3471.1,289994
1773892200,3471.8,3489.7,3466.0,3489.7,137256
1773892500,3489.7,3496.0,3483.2,3486.2,98211
1773892800,3485.9,3490.2,3477.0,3482.2,147931
1773893100,3481.0,3489.0,3478.0,3478.0,62806
1773893400,3478.2,3491.8,3478.1,3490.3,51850
1773893700,3491.0,3493.8,3485.0,3487.6,41270
1773894000,3486.7,3498.3,3485.0,3485.1,46011
1773894300,3485.0,3493.0,3484.3,3489.1,32721
1773894600,3489.1,3496.0,3486.0,3493.0,29217
1773894900,3493.0,3496.9,3487.9,3495.1,48065
1773895200,3495.2,3495.8,3488.0,3488.1,34804
1773895500,3488.1,3488.1,3480.0,3481.8,57522
1773895800,3481.8,3486.4,3481.0,3485.0,51201
1773896100,3485.0,3489.0,3480.0,3481.8,89586
1773896400,3481.8,3486.4,3481.0,3483.6,21814
1773896700,3483.0,3488.0,3480.0,3486.4,63282
1773897000,3486.5,3489.0,3483.1,3489.0,32804
1773897300,3488.8,3490.0,3483.0,3483.8,37200
1773897600,3483.8,3486.6,3475.1,3480.4,50993
1773897900,3480.5,3480.5,3471.2,3473.1,49570
1773898200,3473.1,3474.9,3471.0,3473.0,39284
1773898500,3473.7,3474.9,3468.5,3472.4,72190
1773898800,3472.3,3474.2,3457.2,3458.9,96566
1773899100,3458.6,3459.8,3451.9,3454.9,90339
1773899400,3454.9,3457.0,3453.2,3455.7,105968
1773899700,3454.9,3456.0,3445.7,3448.6,82618
1773900000,3448.6,3449.0,3442.7,3445.0,91125
1773900300,3444.4,3447.0,3444.0,3444.6,73219
1773900600,3444.6,3448.4,3438.0,3444.4,91771
1773900900,3444.8,3445.0,3442.0,3443.3,42787
1773901200,3443.3,3444.0,3440.0,3440.5,41826
1773901500,3440.7,3443.5,3438.0,3441.1,29637
1773901800,3441.1,3442.0,3436.7,3441.5,30472
1773902100,3441.5,3442.0,3438.5,3440.6,31903
1773902400,3440.9,3445.0,3439.0,3445.0,68223
1773902700,3445.0,3455.0,3443.0,3454.8,48677
1773903000,3454.8,3454.9,3446.9,3452.0,30717
1773903300,3452.0,3452.0,3448.1,3451.5,40056
1773903600,3451.5,3457.5,3450.2,3456.5,48081
1773903900,3456.5,3458.0,3453.2,3454.2,49593
1773904200,3454.2,3455.0,3450.0,3452.3,28897
1773904500,3452.3,3463.0,3450.1,3461.0,44426
1773904800,3461.7,3468.0,3460.0,3467.9,51967
1773905100,3468.0,3468.6,3461.1,3463.9,25405
1773905400,3463.9,3464.7,3455.2,3456.1,54502
1773905700,3456.1,3458.0,3455.3,3458.0,35199
1773906000,3458.0,3463.8,3454.0,3455.1,51913
1773906300,3455.0,3459.9,3454.0,3455.3,21995
1773906600,3455.2,3457.0,3453.0,3456.0,21706
1773906900,3456.4,3459.2,3455.2,3456.9,22856
1773907200,3456.9,3457.0,3450.4,3450.4,27985
1773907500,3451.0,3454.4,3450.1,3453.9,24170
1773907800,3453.9,3454.6,3446.8,3446.8,82808
1773908100,3446.9,3448.8,3445.0,3448.5,34732
1773908400,3448.5,3450.0,3446.1,3448.2,19710
1773908700,3448.8,3449.4,3441.4,3443.2,45231
1773909000,3443.2,3447.4,3441.0,3441.9,33292
1773909300,3441.9,3445.2,3439.0,3441.0,44311
1773909600,3440.4,3445.9,3438.1,3444.0,48151
1773909900,3444.7,3449.4,3444.0,3448.1,44874
1773910200,3447.7,3450.0,3445.2,3449.2,22566
1773910500,3450.0,3450.0,3440.1,3440.7,40857
1773910800,3440.7,3446.9,3440.7,3443.9,48995
1773911100,3443.9,3446.9,3441.6,3441.8,35974
1773911400,3441.8,3445.0,3440.0,3444.1,67271
1773911700,3444.1,3444.1,3427.5,3429.8,127958
1773912000,3429.2,3434.2,3429.0,3430.1,65495
1773912300,3430.5,3434.8,3422.0,3422.2,134735
1773912600,3422.2,3435.7,3422.0,3434.8,139375
1773912900,3433.8,3436.0,3428.4,3431.2,198243
1773913200,3431.0,3436.7,3428.1,3430.6,154257
1773913500,3431.0,3442.3,3426.8,3440.0,144269
1773913800,3439.9,3445.5,3433.7,3440.0,157309
1773914100,3440.0,3444.9,3435.0,3444.0,103495
1773978300,3475.0,3508.6,3471.2,3497.1,138243
1773978600,3497.1,3501.0,3487.7,3499.3,86767
1773978900,3500.6,3516.9,3497.7,3514.8,96717
1773979200,3514.2,3524.0,3514.0,3522.0,65063
1773979500,3522.0,3524.0,3516.1,3517.7,46815
1773979800,3517.7,3517.8,3502.7,3502.9,44116
1773980100,3503.8,3508.0,3502.1,3506.7,34247
1773980400,3506.7,3510.0,3495.5,3497.3,36747
1773980700,3497.0,3503.8,3494.8,3503.4,35650
1773981000,3503.4,3504.0,3487.1,3488.4,45319
1773981300,3488.4,3494.5,3483.0,3487.8,37922
1773981600,3488.9,3490.5,3482.1,3483.6,38207
1773981900,3484.0,3487.6,3477.2,3479.2,47558
1773982200,3479.8,3484.0,3476.9,3481.5,43973
1773982500,3481.3,3481.4,3477.5,3480.0,32274
1773982800,3480.0,3487.0,3477.8,3481.7,48340
1773983100,3481.7,3483.0,3477.0,3477.7,35346
1773983400,3477.7,3483.0,3476.9,3481.4,38317
1773983700,3481.3,3485.0,3476.2,3480.6,47448
1773984000,3480.6,3486.8,3477.0,3479.6,88057
1773984300,3480.5,3481.3,3472.5,3475.1,47252
1773984600,3475.0,3476.2,3463.7,3465.0,97426
1773984900,3465.0,3473.4,3461.7,3471.0,176443
1773985200,3471.0,3471.0,3461.0,3465.6,90691
1773985500,3465.6,3470.1,3463.6,3467.1,48931
1773985800,3468.7,3482.0,3467.4,3478.6,107270
1773986100,3479.5,3480.0,3471.8,3472.3,65588
1773986400,3472.3,3477.5,3469.4,3472.9,51415
1773986700,3473.4,3473.7,3462.0,3462.2,45553
1773987000,3462.4,3463.0,3454.0,3454.1,72787
1773987300,3454.7,3459.8,3451.4,3451.7,32254
1773987600,3451.7,3453.1,3441.3,3441.3,62008
1773987900,3441.6,3442.4,3436.1,3439.9,47445
1773988200,3440.0,3442.9,3429.5,3432.9,83919
1773988500,3433.0,3434.6,3420.1,3422.0,103206
1773988800,3422.0,3432.2,3421.4,3432.1,42688
1773989100,3432.0,3432.1,3422.0,3422.7,49333
1773989400,3422.7,3425.6,3414.6,3416.9,62200
1773989700,3416.9,3425.0,3413.2,3423.9,36227
1773990000,3423.9,3427.9,3418.3,3426.9,36374
1773990300,3427.6,3430.0,3425.0,3429.9,39980
1773990600,3429.9,3439.7,3429.8,3435.4,40353
1773990900,3435.4,3439.1,3433.6,3438.1,40411
1773991200,3438.0,3443.4,3435.0,3436.9,49952
1773991500,3436.9,3437.8,3431.4,3432.5,84216
1773991800,3432.7,3435.7,3430.0,3435.5,59622
1773992100,3435.6,3436.4,3430.1,3432.6,46906
1773992400,3432.6,3432.6,3426.1,3429.3,40958
1773992700,3429.0,3435.9,3428.8,3433.6,38680
1773993000,3433.6,3441.5,3432.0,3436.2,34742
1773993300,3436.2,3443.0,3436.1,3438.5,37193
1773993600,3438.6,3442.6,3437.0,3437.0,34619
1773993900,3437.2,3442.0,3435.0,3441.5,35108
1773994200,3441.5,3441.5,3432.5,3433.4,37820
1773994500,3433.4,3433.4,3428.0,3429.4,31479
1773994800,3429.4,3435.9,3428.0,3434.6,28421
1773995100,3434.5,3437.4,3428.2,3430.4,37421
1773995400,3430.3,3436.0,3429.0,3436.0,30686
1773995700,3436.0,3437.4,3431.5,3435.0,80992
1773996000,3435.1,3435.1,3427.0,3428.8,41765
1773996300,3428.8,3431.0,3425.1,3429.1,46672
1773996600,3429.5,3432.5,3426.6,3429.7,39973
1773996900,3429.8,3433.5,3427.4,3430.1,42969
1773997200,3430.0,3433.8,3426.4,3432.0,67136
1773997500,3432.2,3432.2,3421.0,3427.0,53431
1773997800,3426.5,3427.4,3415.0,3416.5,74939
1773998100,3416.5,3419.6,3413.5,3416.5,57117
1773998400,3416.8,3424.1,3410.0,3420.4,91037
1773998700,3420.7,3428.7,3420.6,3427.7,56458
1773999000,3427.6,3439.0,3421.0,3437.0,195763
1773999300,3436.9,3440.7,3433.7,3439.2,139555
1773999600,3439.2,3440.0,3431.1,3436.9,158172
1773999900,3437.2,3437.6,3431.0,3432.9,123131
1774000200,3433.0,3437.0,3432.9,3434.3,150241
1774000500,3434.3,3438.1,3433.0,3438.1,117355
1774237500,3405.1,3409.9,3351.6,3373.5,302340
1774237800,3374.7,3375.5,3362.0,3364.0,123878
1774238100,3364.0,3366.4,3361.4,3364.1,61086
1774238400,3364.1,3368.8,3362.1,3366.4,60012
1774238700,3366.0,3372.7,3359.5,3368.9,74650
1774239000,3367.7,3368.0,3352.2,3357.0,64660
1774239300,3357.1,3357.1,3345.6,3350.5,102620
1774239600,3350.4,3352.3,3336.0,3337.1,174194
1774239900,3336.8,3338.0,3327.9,3328.9,109118
1774240200,3328.6,3329.2,3323.5,3327.9,86292
1774240500,3326.7,3331.0,3322.5,3325.7,52062
1774240800,3325.0,3325.9,3312.0,3314.2,79766
1774241100,3314.2,3323.1,3312.0,3319.2,55743
1774241400,3318.3,3323.0,3313.3,3319.5,46706
1774241700,3320.1,3324.0,3311.0,3311.5,59973
1774242000,3311.5,3314.8,3305.1,3308.5,75935
1774242300,3308.2,3324.0,3308.1,3312.8,95618
1774242600,3314.4,3320.1,3312.0,3318.8,34577
1774242900,3317.6,3318.8,3310.0,3315.0,53697
1774243200,3315.0,3315.0,3305.7,3311.2,41010
1774243500,3311.3,3312.2,3305.8,3309.8,39074
1774243800,3309.8,3313.5,3306.5,3313.4,91704
1774244100,3313.4,3320.9,3309.8,3316.1,74615
1774244400,3316.9,3317.0,3310.0,3312.4,48356
1774244700,3312.7,3313.2,3309.2,3310.7,43950
1774245000,3310.7,3315.0,3309.6,3314.2,48612
1774245300,3314.2,3324.0,3311.0,3323.6,69769
1774245600,3322.9,3324.6,3313.6,3314.4,73465
1774245900,3314.4,3315.0,3310.3,3314.0,34723
1774246200,3314.0,3314.3,3305.4,3306.9,92500
1774246500,3306.9,3311.9,3305.2,3310.6,31964
1774246800,3310.6,3313.3,3309.4,3310.7,67969
1774247100,3311.0,3315.0,3307.1,3313.5,98579
1774247400,3313.2,3314.7,3309.0,3310.6,91202
1774247700,3310.8,3315.0,3306.7,3307.6,79509
1774248000,3308.3,3310.5,3300.0,3300.0,80345
1774248300,3300.0,3300.5,3296.1,3300.0,132419
1774248600,3300.0,3300.0,3295.0,3295.2,63326
1774248900,3295.8,3296.0,3288.8,3291.0,214973
1774249200,3290.5,3298.0,3288.1,3298.0,115057
1774249500,3298.6,3304.8,3292.0,3302.7,130842
1774249800,3302.7,3315.0,3301.2,3314.0,43229
1774250100,3313.3,3315.2,3308.8,3313.4,47781
1774250400,3313.5,3313.7,3304.2,3306.9,35432
1774250700,3306.8,3308.2,3302.0,3305.1,34785
1774251000,3306.0,3306.1,3302.4,3303.2,24172
1774251300,3302.4,3309.9,3302.0,3309.2,40958
1774251600,3309.1,3311.9,3305.1,3309.2,33068
1774251900,3308.6,3313.8,3308.3,3310.9,33924
1774252200,3310.9,3315.5,3309.0,3314.0,122776
1774252500,3313.5,3314.6,3309.0,3309.0,33071
1774252800,3309.2,3315.0,3309.2,3314.9,43889
1774253100,3314.9,3321.5,3312.8,3316.6,54556
1774253400,3316.6,3324.4,3315.0,3323.2,88604
1774253700,3323.8,3332.0,3321.6,3331.6,91082
1774254000,3331.5,3337.0,3328.7,3329.6,69822
1774254300,3329.6,3334.0,3329.6,3330.0,45878
1774254600,3330.0,3344.9,3326.6,3341.9,77786
1774254900,3343.0,3344.6,3334.6,3339.0,64975
1774255200,3339.0,3343.0,3334.5,3339.9,46477
1774255500,3339.9,3349.2,3336.8,3346.1,67796
1774255800,3345.3,3350.0,3342.1,3342.9,57220
1774256100,3341.8,3344.4,3333.6,3337.1,70453
1774256400,3336.9,3340.4,3323.1,3325.7,65875
1774256700,3324.6,3338.5,3323.2,3330.8,75955
1774257000,3330.8,3339.1,3327.1,3339.1,50362
1774257300,3339.4,3343.4,3334.4,3340.6,51807
1774257600,3340.6,3349.0,3339.6,3343.9,54404
1774257900,3344.0,3345.2,3338.6,3344.9,44508
1774258200,3345.0,3345.0,3331.1,3331.1,105088
1774258500,3331.9,3343.0,3330.5,3340.3,77292
1774258800,3341.6,3348.5,3340.2,3346.0,112281
1774259100,3346.3,3348.0,3345.0,3346.6,74282
1774259400,3347.0,3349.9,3343.2,3343.2,127418
1774259700,3344.0,3345.3,3335.0,3339.0,73677
1774323900,3440.0,3449.0,3392.5,3400.2,392614
1774324200,3400.4,3414.4,3400.0,3414.4,91270
1774324500,3414.1,3425.0,3414.0,3419.7,105128
1774324800,3419.0,3426.3,3413.0,3423.5,83846
1774325100,3423.3,3427.0,3414.3,3415.0,40621
1774325400,3415.8,3421.9,3410.0,3413.8,50699
1774325700,3413.5,3413.9,3405.7,3409.0,56007
1774326000,3409.0,3412.0,3403.8,3408.9,36465
1774326300,3408.6,3419.8,3408.1,3419.6,33518
1774326600,3419.6,3419.9,3411.0,3415.0,33650
1774326900,3416.1,3418.0,3410.5,3412.1,21062
1774327200,3412.0,3421.5,3411.1,3419.0,28835
1774327500,3417.7,3425.0,3412.1,3413.7,40526
1774327800,3413.9,3423.0,3412.0,3421.7,24661
1774328100,3421.4,3423.0,3410.0,3413.0,35193
1774328400,3413.0,3414.0,3396.0,3397.4,75133
1774328700,3396.9,3400.0,3390.5,3395.8,44816
1774329000,3395.8,3406.1,3393.6,3405.0,20080
1774329300,3405.1,3417.4,3403.5,3409.1,42117
1774329600,3409.4,3414.0,3407.0,3409.6,17174
1774329900,3409.6,3413.0,3405.0,3407.3,17062
1774330200,3408.1,3414.5,3407.3,3413.9,19012
1774330500,3414.9,3421.0,3411.5,3417.3,31878
1774330800,3417.9,3422.0,3414.4,3416.9,34603
1774331100,3417.0,3420.2,3413.9,3419.6,26820
1774331400,3418.5,3421.5,3411.0,3413.0,41619
1774331700,3412.7,3419.0,3410.0,3417.2,41200
1774332000,3417.2,3425.0,3417.1,3424.5,36630
1774332300,3424.4,3426.9,3421.6,3424.7,35736
1774332600,3424.5,3426.9,3415.7,3419.8,32523
1774332900,3419.9,3436.9,3419.7,3433.0,79335
1774333200,3433.0,3439.5,3430.2,3438.4,41713
1774333500,3437.2,3444.8,3437.2,3440.1,42222
1774333800,3441.3,3442.6,3432.5,3434.0,28172
1774334100,3433.7,3434.7,3428.1,3430.4,43799
1774334400,3430.7,3435.7,3426.4,3429.0,36300
1774334700,3428.9,3430.5,3425.2,3427.4,34713
1774335000,3426.5,3457.5,3426.3,3457.0,96989
1774335300,3454.9,3465.9,3437.3,3441.7,111729
1774335600,3441.7,3465.5,3441.0,3465.5,74693
1774335900,3465.3,3481.8,3461.7,3480.8,118129
1774336200,3480.0,3489.8,3478.0,3482.3,114105
1774336500,3482.4,3489.8,3480.5,3489.8,82067
1774336800,3491.0,3503.0,3490.0,3496.8,156528
1774337100,3496.3,3498.2,3484.0,3491.4,139823
1774337400,3491.4,3497.0,3490.5,3494.8,95505
1774337700,3494.7,3495.3,3482.2,3493.6,130725
1774338000,3493.6,3505.5,3491.7,3504.0,99404
1774338300,3504.1,3504.1,3495.3,3503.0,59603
1774338600,3502.5,3512.0,3497.5,3507.0,89709
1774338900,3506.5,3515.0,3503.3,3514.0,68770
1774339200,3514.0,3529.0,3508.0,3526.6,215912
1774339500,3527.3,3539.9,3526.1,3535.5,128517
1774339800,3536.0,3547.1,3530.9,3543.0,137515
1774340100,3543.0,3546.0,3518.8,3518.8,159845
1774340400,3519.8,3521.9,3511.7,3516.2,147401
1774340700,3516.0,3522.0,3509.8,3512.2,72737
1774341000,3511.5,3518.5,3508.3,3512.0,76180
1774341300,3512.0,3518.0,3510.0,3516.2,47307
1774341600,3516.2,3522.0,3513.1,3517.5,45548
1774341900,3518.3,3527.5,3515.0,3515.7,80363
1774342200,3515.7,3518.1,3504.4,3511.3,78434
1774342500,3511.0,3512.4,3507.0,3510.4,40653
1774342800,3510.4,3515.9,3506.9,3511.0,58810
1774343100,3511.0,3511.0,3500.0,3501.1,132934
1774343400,3501.1,3519.5,3500.0,3518.0,130600
1774343700,3518.0,3524.6,3516.4,3522.8,83450
1774344000,3522.8,3523.0,3513.0,3514.7,84366
1774344300,3515.6,3516.5,3508.2,3514.0,67795
1774344600,3514.0,3517.0,3509.9,3512.9,229919
1774344900,3513.3,3518.8,3511.3,3517.0,138095
1774345200,3517.5,3518.6,3514.0,3518.1,140146
1774345500,3518.1,3520.8,3515.0,3519.4,126922
1774345800,3519.3,3522.7,3517.0,3519.7,133128
1774346100,3519.6,3520.0,3515.1,3517.0,100919
1774410300,3569.9,3575.0,3546.0,3563.4,270733
1774410600,3563.1,3572.0,3555.2,3557.9,157961
1774410900,3558.0,3573.0,3557.2,3569.5,114982
1774411200,3569.3,3581.0,3565.1,3579.4,87331
1774411500,3579.4,3579.4,3572.0,3574.3,122377
1774411800,3575.1,3600.0,3572.3,3598.1,148680
1774412100,3598.9,3610.0,3593.8,3602.0,201671
1774412400,3602.0,3625.8,3601.0,3625.5,151034
1774412700,3625.5,3632.0,3613.1,3616.5,136657
1774413000,3616.5,3623.4,3612.2,3620.6,90818
1774413300,3620.2,3622.0,3612.0,3621.9,96665
1774413600,3622.0,3626.5,3620.0,3620.7,80774
1774413900,3620.7,3624.0,3615.8,3617.5,87170
1774414200,3617.5,3622.0,3610.8,3615.0,95973
1774414500,3614.7,3625.0,3614.2,3614.5,78348
1774414800,3614.2,3615.2,3609.0,3612.6,49711
1774415100,3612.2,3619.0,3611.1,3618.1,35326
1774415400,3618.0,3625.0,3616.0,3623.9,63724
1774415700,3623.9,3628.0,3621.0,3627.0,83774
1774416000,3627.7,3629.3,3622.7,3627.2,54437
1774416300,3627.0,3630.5,3623.1,3627.9,56706
1774416600,3628.0,3639.9,3627.1,3635.0,93742
1774416900,3635.0,3640.0,3632.5,3637.5,61928
1774417200,3638.0,3638.0,3631.0,3634.5,57712
1774417500,3634.5,3640.6,3630.0,3639.0,120500
1774417800,3638.9,3644.2,3633.8,3633.9,69183
1774418100,3633.9,3635.5,3630.1,3633.9,34890
1774418400,3633.7,3638.0,3631.0,3633.5,37940
1774418700,3633.5,3633.8,3625.1,3627.9,47337
1774419000,3627.9,3631.8,3625.5,3626.1,36322
1774419300,3627.0,3634.3,3623.6,3631.0,67194
1774419600,3630.6,3638.0,3630.6,3637.7,41708
1774419900,3637.7,3638.0,3630.0,3632.3,57600
1774420200,3632.3,3632.9,3630.0,3632.4,27885
1774420500,3632.2,3634.9,3630.0,3631.8,27960
1774420800,3633.2,3634.5,3630.5,3633.9,29445
1774421100,3633.9,3633.9,3626.0,3630.1,41861
1774421400,3630.0,3630.6,3625.0,3626.3,41333
1774421700,3626.2,3631.5,3626.2,3628.7,40199
1774422000,3628.7,3636.5,3626.9,3634.7,39505
1774422300,3634.7,3638.9,3632.4,3634.2,52712
1774422600,3634.4,3641.9,3633.0,3638.5,50311
1774422900,3638.5,3647.4,3636.0,3642.5,88426
1774423200,3643.0,3645.9,3640.6,3642.0,46085
1774423500,3642.0,3643.0,3635.0,3635.6,58712
1774423800,3635.6,3639.6,3630.0,3639.4,69772
1774424100,3639.5,3644.0,3635.0,3636.3,30799
1774424400,3636.3,3641.0,3635.0,3635.8,22911
1774424700,3635.5,3638.7,3633.0,3633.7,34679
1774425000,3633.2,3636.0,3630.2,3634.7,33959
1774425300,3634.6,3639.5,3634.6,3638.0,22716
1774425600,3638.0,3644.0,3634.8,3641.0,34531
1774425900,3641.0,3644.0,3640.2,3642.8,24147
1774426200,3642.8,3646.6,3642.0,3644.7,30597
1774426500,3644.7,3649.0,3644.0,3648.5,41600
1774426800,3648.6,3652.9,3642.1,3643.5,67731
1774427100,3643.5,3644.4,3640.2,3644.3,31235
1774427400,3644.4,3652.0,3644.3,3651.0,31732
1774427700,3651.0,3651.7,3641.2,3642.7,48188
1774428000,3642.6,3644.9,3640.1,3641.0,25515
1774428300,3641.1,3644.9,3640.0,3642.0,28586
1774428600,3642.0,3644.7,3635.4,3635.8,68422
1774428900,3635.0,3639.3,3632.0,3638.7,74868
1774429200,3638.7,3644.0,3631.0,3640.1,53659
1774429500,3640.4,3644.0,3636.7,3643.8,35282
1774429800,3643.8,3656.0,3643.5,3652.2,66004
1774430100,3652.7,3655.0,3647.1,3648.9,35100
1774430400,3649.3,3650.0,3644.0,3646.3,42834
1774430700,3647.0,3650.0,3645.6,3647.9,37212
1774431000,3647.8,3649.0,3640.8,3647.5,80572
1774431300,3647.3,3651.0,3645.6,3651.0,59294
1774431600,3651.0,3651.9,3648.0,3651.2,69558
1774431900,3651.4,3651.6,3646.4,3648.0,81185
1774432200,3647.7,3652.5,3645.9,3650.0,112206
1774432500,3649.8,3660.0,3642.1,3658.9,133956
1774583100,3640.0,3640.0,3566.9,3568.6,202057
1774583400,3566.9,3587.0,3561.0,3579.8,116917
1774583700,3580.9,3583.0,3567.5,3569.8,62861
1774584000,3569.6,3580.0,3565.0,3565.2,79920
1774584300,3565.8,3565.8,3550.1,3559.4,110770
1774584600,3558.9,3565.0,3556.9,3562.1,47656
1774584900,3561.4,3566.0,3551.2,3565.5,43107
1774585200,3565.5,3566.0,3551.0,3551.3,55133
1774585500,3551.3,3556.9,3547.0,3554.8,56534
1774585800,3555.5,3564.9,3554.0,3559.5,41703
1774586100,3559.6,3564.9,3556.8,3564.0,19662
1774586400,3563.5,3564.7,3555.0,3555.8,22783
1774586700,3557.3,3564.7,3555.0,3555.0,43209
1774587000,3555.0,3561.7,3552.0,3558.6,31321
1774587300,3558.6,3559.0,3552.5,3554.8,19894
1774587600,3554.8,3561.8,3553.0,3556.8,22632
1774587900,3557.6,3564.5,3556.6,3563.0,20483
1774588200,3562.2,3569.0,3558.6,3567.8,26418
1774588500,3567.8,3572.6,3564.0,3571.8,42740
1774588800,3571.7,3572.6,3565.6,3567.1,74752
1774589100,3567.1,3575.0,3565.5,3574.9,42656
1774589400,3574.9,3582.7,3574.5,3580.5,40857
1774589700,3580.5,3583.8,3576.7,3582.0,24563
1774590000,3582.4,3584.0,3578.0,3580.5,27333
1774590300,3579.9,3586.0,3579.3,3581.9,33272
1774590600,3581.9,3581.9,3575.0,3577.0,50250
1774590900,3578.0,3581.8,3570.3,3574.8,65452
1774591200,3575.0,3577.3,3571.5,3574.4,32912
1774591500,3574.4,3579.8,3573.5,3576.1,31322
1774591800,3576.9,3582.1,3575.0,3582.0,35778
1774592100,3582.0,3582.8,3575.1,3576.9,16141
1774592400,3576.9,3582.0,3575.8,3581.5,30186
1774592700,3581.5,3581.6,3575.1,3578.7,27535
1774593000,3578.4,3580.1,3575.0,3579.4,23502
1774593300,3579.4,3584.8,3576.0,3583.2,21846
1774593600,3583.5,3587.0,3580.8,3582.9,22999
1774593900,3584.1,3584.5,3576.5,3577.9,22555
1774594200,3577.5,3582.7,3575.0,3581.4,19295
1774594500,3581.3,3588.0,3580.8,3587.9,22954
1774594800,3586.9,3589.8,3585.0,3587.9,33453
1774595100,3588.5,3591.0,3585.0,3586.0,20999
1774595400,3586.0,3586.8,3579.0,3582.9,48430
1774595700,3583.2,3587.7,3580.0,3585.1,35781
1774596000,3586.0,3590.2,3581.7,3589.9,37051
1774596300,3589.9,3590.1,3584.0,3585.0,30594
1774596600,3585.0,3586.1,3579.0,3580.8,25462
1774596900,3580.8,3581.9,3577.2,3577.6,18835
1774597200,3579.4,3582.2,3576.8,3581.9,18606
1774597500,3581.9,3589.8,3579.0,3586.3,29982
1774597800,3586.1,3586.1,3578.0,3579.2,20248
1774598100,3578.1,3579.3,3570.3,3571.0,32544
1774598400,3571.0,3575.7,3569.2,3573.0,38589
1774598700,3572.4,3574.9,3570.0,3574.7,40725
1774599000,3574.4,3579.9,3573.7,3576.8,26091
1774599300,3577.8,3583.6,3577.0,3579.6,43439
1774599600,3579.6,3586.0,3579.3,3582.9,66211
1774599900,3583.0,3585.2,3578.5,3580.7,46364
1774600200,3581.0,3582.5,3577.6,3580.9,33676
1774600500,3580.9,3583.1,3572.8,3574.4,39391
1774600800,3574.8,3580.0,3571.0,3578.7,51413
1774601100,3579.0,3580.7,3577.3,3578.0,36424
1774601400,3578.1,3580.0,3573.9,3574.4,36779
1774601700,3574.8,3578.2,3571.0,3577.7,43573
1774602000,3577.9,3581.0,3572.5,3572.8,47890
1774602300,3573.8,3576.4,3572.0,3573.0,74574
1774602600,3573.2,3575.5,3569.4,3570.5,83471
1774602900,3570.7,3575.0,3569.7,3572.6,71805
1774603200,3573.7,3575.6,3570.0,3571.1,86761
1774603500,3570.4,3573.8,3565.9,3566.4,82642
1774603800,3566.3,3570.0,3560.0,3564.3,180273
1774604100,3564.3,3567.0,3558.4,3566.0,166237
1774604400,3565.1,3570.8,3563.0,3564.1,160005
1774604700,3564.0,3566.5,3560.9,3565.2,156475
1774605000,3565.2,3567.0,3560.1,3562.2,135292
1774605300,3563.4,3572.9,3561.9,3570.0,132975
1774842300,3500.0,3538.9,3491.1,3520.4,334467
1774842600,3521.0,3530.0,3511.0,3518.0,143452
1774842900,3517.7,3522.0,3510.0,3517.3,64942
1774843200,3518.1,3532.6,3514.0,3532.5,63559
1774843500,3532.5,3537.7,3525.7,3528.3,69145
1774843800,3527.4,3538.0,3526.6,3534.4,87274
1774844100,3534.4,3543.6,3530.1,3531.0,49669
1774844400,3530.9,3539.0,3528.0,3530.1,38130
1774844700,3531.0,3533.9,3525.5,3529.1,40893
1774845000,3529.0,3532.2,3525.5,3528.6,60897
1774845300,3528.2,3530.9,3515.0,3518.3,52749
1774845600,3517.9,3527.7,3515.1,3526.0,49668
1774845900,3526.0,3529.1,3519.1,3521.9,36831
1774846200,3522.0,3522.0,3512.2,3513.4,39666
1774846500,3513.4,3515.0,3505.0,3509.0,52023
1774846800,3509.1,3510.7,3502.1,3508.9,33766
1774847100,3508.9,3512.9,3500.0,3507.1,83605
1774847400,3507.0,3510.0,3501.0,3502.3,34125
1774847700,3502.1,3508.0,3502.1,3507.8,28580
1774848000,3507.6,3509.0,3502.4,3508.8,49484
1774848300,3508.8,3513.9,3505.0,3505.0,39447
1774848600,3505.3,3513.1,3505.0,3512.0,58539
1774848900,3511.9,3514.0,3510.1,3510.6,17467
1774849200,3509.8,3510.8,3505.0,3508.1,22981
1774849500,3507.8,3512.6,3506.5,3511.9,17191
1774849800,3511.4,3516.9,3509.4,3512.9,23967
1774850100,3512.1,3512.9,3505.7,3506.0,19928
1774850400,3506.0,3512.6,3505.0,3512.0,31890
1774850700,3512.0,3516.6,3511.6,3513.8,22893
1774851000,3513.8,3514.7,3508.6,3509.6,27554
1774851300,3509.7,3511.9,3508.3,3510.0,19870
1774851600,3510.0,3512.9,3508.0,3510.6,36133
1774851900,3511.8,3513.8,3509.1,3510.2,14724
1774852200,3511.0,3522.0,3510.8,3522.0,46319
1774852500,3522.0,3534.1,3521.6,3527.0,43517
1774852800,3526.9,3530.9,3526.0,3530.2,36905
1774853100,3530.1,3534.9,3529.5,3532.5,24338
1774853400,3532.6,3537.7,3530.1,3530.4,32892
1774853700,3530.4,3530.4,3521.2,3528.5,28318
1774854000,3529.0,3531.6,3525.3,3527.6,21872
1774854300,3527.7,3533.7,3525.0,3533.6,42878
1774854600,3533.7,3541.6,3531.9,3534.3,39321
1774854900,3535.3,3538.9,3533.8,3534.9,34285
1774855200,3535.4,3535.4,3525.0,3530.1,44682
1774855500,3530.4,3532.0,3526.0,3531.7,35653
1774855800,3531.8,3535.3,3527.1,3529.8,56846
1774856100,3529.8,3532.1,3526.4,3527.8,31940
1774856400,3527.8,3529.5,3525.1,3526.6,33762
1774856700,3526.6,3529.8,3520.5,3523.4,39805
1774857000,3523.4,3526.1,3520.5,3521.6,29733
1774857300,3522.1,3523.1,3515.0,3515.6,24376
1774857600,3515.6,3516.7,3512.1,3516.4,27770
1774857900,3516.8,3519.7,3512.0,3515.9,17336
1774858200,3516.7,3517.6,3510.0,3510.4,19767
1774858500,3511.1,3513.6,3510.0,3511.0,14817
1774858800,3512.2,3513.0,3507.0,3508.0,21765
1774859100,3508.0,3513.2,3507.1,3511.7,21030
1774859400,3511.7,3522.5,3510.2,3518.4,34937
1774859700,3518.0,3519.4,3512.2,3512.8,21215
1774860000,3512.9,3513.7,3510.0,3510.8,23418
1774860300,3510.8,3513.8,3510.0,3511.0,29905
1774860600,3511.0,3515.0,3507.7,3508.6,21578
1774860900,3509.1,3511.3,3507.5,3507.6,23012
1774861200,3508.1,3511.6,3503.7,3505.0,35926
1774861500,3504.6,3508.0,3503.1,3505.3,24107
1774861800,3505.5,3508.8,3504.6,3505.0,43971
1774862100,3504.1,3508.0,3502.7,3503.2,41051
1774862400,3503.4,3504.7,3501.3,3502.4,42731
1774862700,3502.4,3502.4,3495.5,3500.8,69433
1774863000,3500.7,3508.0,3497.2,3499.9,101215
1774863300,3500.2,3502.9,3497.2,3501.6,89468
1774863600,3502.0,3512.5,3501.1,3505.8,75914
1774863900,3506.9,3508.8,3504.1,3504.8,62198
1774864200,3504.6,3506.3,3502.4,3505.7,109106
1774864500,3505.6,3509.6,3500.0,3505.0,140400
1775015100,3655.0,3655.0,3621.0,3629.1,261747
1775015400,3630.0,3637.6,3623.1,3626.2,105895
1775015700,3626.0,3642.0,3625.0,3642.0,63804
1775016000,3640.9,3641.7,3625.0,3626.4,109531
1775016300,3625.2,3627.1,3617.3,3619.9,94068
1775016600,3620.5,3637.5,3619.1,3629.8,99818
1775016900,3630.0,3638.6,3625.3,3636.0,48211
1775017200,3636.6,3638.0,3627.4,3632.2,141754
1775017500,3631.7,3633.6,3621.9,3623.3,56102
1775017800,3622.0,3630.2,3621.1,3626.7,34638
1775018100,3627.0,3630.3,3610.8,3612.2,73234
1775018400,3614.1,3614.2,3605.0,3611.1,55725
1775018700,3611.1,3618.0,3608.9,3616.8,24371
1775019000,3617.0,3619.5,3610.1,3611.0,32202
1775019300,3610.0,3611.7,3601.3,3611.0,65346
1775019600,3611.2,3619.0,3607.1,3616.0,37969
1775019900,3616.1,3619.0,3614.8,3616.4,21991
1775020200,3615.8,3616.7,3609.3,3615.5,27200
1775020500,3615.5,3622.0,3612.1,3616.2,33516
1775020800,3616.3,3616.3,3611.0,3613.2,17365
1775021100,3613.4,3620.0,3610.1,3615.7,115359
1775021400,3617.3,3618.1,3612.0,3615.5,24046
1775021700,3615.6,3622.0,3614.2,3619.0,26713
1775022000,3619.1,3622.0,3616.0,3616.8,20769
1775022300,3616.9,3618.9,3616.2,3618.5,17899
1775022600,3618.5,3621.6,3615.0,3616.4,22626
1775022900,3616.1,3620.2,3616.0,3617.6,21731
1775023200,3616.7,3622.4,3616.0,3620.2,17451
1775023500,3620.2,3623.0,3617.7,3622.2,21228
1775023800,3623.1,3624.0,3616.0,3616.4,17944
1775024100,3616.0,3616.7,3597.6,3601.7,74889
1775024400,3601.2,3604.8,3600.0,3602.0,28811
1775024700,3602.0,3613.6,3597.3,3613.6,23936
1775025000,3613.6,3635.0,3611.5,3631.6,75192
1775025300,3631.6,3652.4,3630.0,3651.0,97871
1775025600,3651.5,3666.0,3650.0,3659.2,101453
1775025900,3658.8,3662.0,3653.8,3654.6,46376
1775026200,3654.4,3659.0,3648.0,3653.5,29269
1775026500,3653.2,3653.8,3647.6,3652.0,17116
1775026800,3651.8,3658.0,3644.2,3647.0,89240
1775027100,3645.6,3654.0,3645.0,3647.7,46898
1775027400,3647.7,3654.5,3646.8,3650.0,80669
1775027700,3650.0,3673.3,3648.4,3673.3,121922
1775028000,3674.0,3682.0,3672.8,3679.9,120592
1775028300,3679.9,3680.2,3672.9,3675.0,35743
1775028600,3674.7,3678.0,3673.7,3674.2,28943
1775028900,3675.8,3682.9,3673.8,3680.0,35539
1775029200,3679.4,3679.4,3672.9,3676.7,39950
1775029500,3676.9,3679.9,3670.0,3670.3,28577
1775029800,3671.6,3671.6,3660.7,3661.3,39888
1775030100,3662.2,3664.2,3657.7,3659.2,25236
1775030400,3659.1,3660.0,3650.1,3654.6,35102
1775030700,3654.6,3655.7,3645.0,3645.1,20317
1775031000,3645.6,3645.6,3613.5,3617.2,66785
1775031300,3617.2,3627.0,3613.0,3623.3,42287
1775031600,3623.3,3625.7,3616.0,3617.9,19856
1775031900,3618.3,3621.6,3614.3,3615.1,45070
1775032200,3615.0,3622.4,3610.1,3622.0,35102
1775032500,3622.0,3622.1,3615.6,3621.3,18342
1775032800,3621.3,3626.5,3617.1,3624.3,23374
1775033100,3624.9,3625.2,3615.0,3619.9,30682
1775033400,3619.9,3620.6,3610.2,3613.0,23354
1775033700,3613.0,3618.1,3612.0,3617.8,24756
1775034000,3616.2,3618.2,3610.0,3611.0,21952
1775034300,3611.0,3611.5,3603.0,3603.8,41560
1775034600,3603.8,3607.6,3600.1,3604.8,31559
1775034900,3604.1,3604.6,3598.4,3602.6,52494
1775035200,3601.5,3609.5,3601.5,3606.0,30511
1775035500,3606.0,3610.8,3605.2,3606.2,25222
1775035800,3607.5,3612.4,3601.0,3607.0,86200
1775036100,3607.0,3608.9,3604.5,3606.6,60543
1775036400,3606.7,3607.0,3603.0,3603.7,75342
1775036700,3603.8,3608.2,3603.6,3606.7,103550
1775037000,3607.1,3610.0,3604.8,3607.1,103337
1775037300,3607.1,3624.7,3602.6,3623.0,123075
1775101500,3539.3,3539.3,3475.0,3493.0,244987
1775101800,3494.0,3507.0,3492.4,3503.4,78208
1775102100,3502.2,3504.9,3495.1,3495.8,53881
1775102400,3495.7,3498.7,3490.1,3493.4,44219
1775102700,3491.6,3504.3,3490.8,3495.3,45708
1775103000,3494.0,3500.0,3492.0,3494.8,30504
1775103300,3496.0,3497.7,3484.0,3487.9,49411
1775103600,3487.9,3488.4,3480.4,3482.9,45307
1775103900,3482.9,3484.7,3480.4,3481.0,25131
1775104200,3481.0,3486.9,3478.0,3481.9,51619
1775104500,3481.9,3481.9,3470.0,3475.0,84272
1775104800,3473.8,3485.7,3473.0,3484.6,35861
1775105100,3484.6,3484.7,3476.0,3476.5,29452
1775105400,3476.0,3484.2,3476.0,3480.6,28239
1775105700,3480.1,3487.1,3478.0,3486.0,26527
1775106000,3485.2,3486.0,3481.1,3483.1,21681
1775106300,3483.1,3484.3,3480.0,3480.6,19948
1775106600,3480.0,3484.0,3480.0,3480.9,35220
1775106900,3480.5,3480.9,3475.7,3480.1,26834
1775107200,3480.1,3484.5,3476.1,3482.4,24942
1775107500,3482.4,3486.5,3480.0,3483.9,30222
1775107800,3483.9,3487.0,3481.0,3484.2,36852
1775108100,3484.2,3487.7,3481.4,3484.0,62076
1775108400,3483.8,3484.8,3480.5,3483.4,45890
1775108700,3483.1,3494.6,3483.0,3491.8,31924
1775109000,3491.8,3493.3,3490.0,3493.1,17046
1775109300,3493.0,3495.6,3490.0,3494.8,78225
1775109600,3494.8,3496.0,3490.0,3493.3,30876
1775109900,3493.3,3497.9,3492.1,3494.1,20297
1775110200,3494.8,3496.7,3488.6,3490.2,31613
1775110500,3490.1,3497.5,3488.6,3495.9,20617
1775110800,3495.9,3501.9,3493.1,3499.5,63419
1775111100,3500.0,3509.9,3499.1,3505.5,37265
1775111400,3506.0,3507.8,3502.6,3503.5,23535
1775111700,3503.5,3504.7,3501.4,3504.7,22112
1775112000,3504.7,3507.0,3502.0,3504.3,19601
1775112300,3504.0,3507.0,3502.0,3504.1,23130
1775112600,3504.1,3505.0,3497.2,3501.8,32441
1775112900,3502.2,3511.5,3502.0,3509.0,27286
1775113200,3510.5,3513.0,3507.2,3511.8,23508
1775113500,3511.8,3528.4,3509.5,3527.0,58359
1775113800,3527.0,3530.1,3524.4,3529.8,23415
1775114100,3529.8,3529.9,3521.5,3527.0,21446
1775114400,3526.7,3528.4,3519.9,3520.3,22839
1775114700,3520.5,3532.8,3520.0,3529.0,50346
1775115000,3529.0,3538.0,3528.5,3537.0,56936
1775115300,3537.0,3537.0,3528.0,3535.8,26638
1775115600,3536.0,3537.0,3532.3,3533.8,26368
1775115900,3533.8,3542.1,3530.8,3540.2,27710
1775116200,3540.2,3552.3,3538.9,3552.0,41548
1775116500,3553.9,3556.4,3546.0,3554.8,34917
1775116800,3554.6,3556.0,3546.5,3554.0,44471
1775117100,3554.4,3564.8,3553.0,3562.7,42494
1775117400,3562.2,3571.0,3561.8,3570.0,35466
1775117700,3570.1,3574.5,3567.4,3570.8,82382
1775118000,3570.3,3578.8,3568.6,3572.0,56802
1775118300,3572.3,3575.2,3566.4,3575.1,60076
1775118600,3574.1,3586.9,3574.1,3585.4,49725
1775118900,3585.0,3585.9,3576.7,3582.5,49020
1775119200,3581.9,3599.0,3581.9,3599.0,70525
1775119500,3599.0,3609.0,3597.8,3603.7,110387
1775119800,3603.8,3605.4,3599.9,3602.2,47805
1775120100,3602.3,3609.0,3601.5,3605.1,46677
1775120400,3605.1,3615.0,3601.0,3611.2,54936
1775120700,3612.4,3612.4,3598.0,3601.5,84391
1775121000,3601.9,3603.4,3590.0,3593.2,157160
1775121300,3593.2,3602.5,3590.7,3599.7,87168
1775121600,3601.1,3608.7,3599.6,3606.2,42682
1775121900,3605.6,3606.2,3592.5,3592.5,59470
1775122200,3594.0,3618.0,3593.9,3615.0,129441
1775122500,3615.2,3629.0,3614.9,3624.5,138757
1775122800,3625.7,3628.7,3613.6,3615.0,154078
1775123100,3616.7,3621.5,3600.0,3600.7,200714
1775123400,3601.0,3607.7,3594.0,3603.4,144551
1775123700,3603.5,3611.4,3600.0,3610.0,83891
1775447100,3616.6,3626.2,3577.0,3595.5,115130
1775447400,3597.0,3606.5,3591.0,3594.6,72367
1775447700,3596.3,3602.6,3589.1,3591.6,39304
1775448000,3589.3,3609.1,3583.4,3608.1,41747
1775448300,3608.8,3620.9,3608.0,3614.8,87655
1775448600,3614.7,3618.7,3592.2,3595.8,63890
1775448900,3596.3,3599.9,3591.8,3592.2,32566
1775449200,3591.8,3594.3,3585.1,3587.0,35222
1775449500,3587.0,3590.0,3584.7,3585.7,21368
1775449800,3585.7,3598.6,3583.8,3598.6,20800
1775450100,3598.6,3608.2,3595.0,3601.9,36519
1775450400,3601.7,3612.0,3600.0,3610.8,23887
1775450700,3610.8,3615.0,3605.2,3610.0,22769
1775451000,3610.0,3615.0,3608.9,3608.9,24481
1775451300,3608.0,3608.0,3595.8,3600.3,19670
1775451600,3601.3,3606.8,3592.2,3606.6,15853
1775451900,3606.6,3609.0,3603.0,3609.0,25376
1775452200,3609.0,3614.1,3606.1,3613.9,24837
1775452500,3614.4,3614.8,3609.0,3613.8,18061
1775452800,3613.8,3617.9,3600.5,3605.3,31620
1775453100,3604.8,3611.8,3602.0,3606.9,13513
1775453400,3607.3,3607.3,3599.1,3600.0,18762
1775453700,3600.5,3602.0,3592.2,3593.3,14983
1775454000,3593.8,3595.5,3586.8,3592.9,28765
1775454300,3593.4,3605.0,3590.3,3602.5,19984
1775454600,3604.8,3609.9,3603.4,3607.2,12515
1775454900,3606.4,3612.6,3605.0,3612.6,14658
1775455200,3612.9,3614.5,3605.6,3608.4,11841
1775455500,3608.4,3614.8,3607.3,3607.9,13370
1775455800,3607.9,3617.9,3605.9,3617.3,15017
1775456100,3617.3,3621.0,3615.3,3618.0,30952
1775456400,3618.0,3623.7,3616.8,3622.3,18061
1775456700,3622.9,3626.8,3619.8,3620.2,23062
1775457000,3620.9,3622.9,3618.0,3620.3,17804
1775457300,3621.4,3625.0,3618.9,3622.2,14601
1775457600,3622.7,3622.7,3617.0,3617.3,14720
1775457900,3617.8,3622.0,3616.2,3620.9,16737
1775458200,3620.9,3634.5,3620.3,3632.0,46483
1775458500,3632.0,3637.9,3631.8,3635.6,20401
1775458800,3635.6,3638.9,3630.0,3630.9,23722
1775459100,3630.0,3632.9,3625.6,3628.3,22546
1775459400,3628.3,3631.9,3626.4,3628.1,13559
1775459700,3628.1,3650.0,3627.9,3650.0,37653
1775460000,3649.9,3662.9,3649.0,3661.0,68005
1775460300,3661.0,3666.5,3660.0,3666.2,39473
1775460600,3666.5,3667.9,3655.0,3660.2,44349
1775460900,3660.3,3671.0,3659.3,3669.8,43442
1775461200,3670.0,3684.9,3668.8,3684.4,50947
1775461500,3684.9,3690.6,3682.0,3690.0,51134
1775461800,3690.0,3690.8,3681.3,3685.5,50114
1775462100,3685.0,3686.7,3673.1,3676.5,94556
1775462400,3677.0,3696.0,3676.7,3695.1,46663
1775462700,3695.1,3701.0,3694.0,3696.0,79007
1775463000,3696.0,3696.0,3686.4,3688.5,87086
1775463300,3688.5,3696.8,3688.2,3693.3,30870
1775463600,3693.4,3703.7,3691.1,3701.3,43425
1775463900,3701.2,3702.0,3696.0,3697.9,42019
1775464200,3697.8,3701.0,3692.0,3697.0,33528
1775464500,3696.7,3703.0,3695.5,3697.1,43571
1775464800,3696.4,3709.9,3695.0,3709.2,41334
1775465100,3710.0,3711.0,3703.2,3710.1,49580
1775465400,3710.9,3719.1,3705.6,3705.8,113173
1775465700,3705.9,3708.9,3701.0,3706.7,40182
1775466000,3706.7,3726.0,3706.4,3725.2,148593
1775466300,3725.3,3729.9,3720.0,3722.3,95753
1775466600,3721.9,3723.9,3717.5,3720.8,56422
1775466900,3720.8,3723.4,3719.0,3721.6,36481
1775467200,3721.7,3725.0,3713.2,3713.8,88091
1775467500,3713.9,3719.6,3706.3,3717.0,71729
1775467800,3717.0,3727.9,3714.2,3726.7,72832
1775468100,3726.9,3729.0,3724.8,3727.2,46158
1775468400,3727.2,3736.1,3725.3,3732.9,92679
1775468700,3733.0,3737.0,3723.0,3725.0,121255
1775469000,3725.1,3726.2,3720.4,3725.6,75939
1775469300,3725.6,3728.5,3721.2,3726.0,106424
1775533500,3680.0,3695.0,3658.0,3671.1,94460
1775533800,3671.7,3683.8,3665.1,3681.5,59663
1775534100,3682.0,3699.5,3680.2,3695.0,70245
1775534400,3695.0,3702.5,3688.2,3691.2,74236
1775534700,3691.3,3701.0,3687.0,3691.6,55588
1775535000,3691.6,3695.2,3681.3,3683.9,40354
1775535300,3683.8,3695.7,3683.0,3684.4,33446
1775535600,3684.9,3693.4,3683.3,3690.7,22272
1775535900,3690.9,3700.8,3688.0,3700.4,47873
1775536200,3701.0,3708.0,3697.3,3701.3,39951
1775536500,3700.9,3702.5,3696.1,3699.8,18707
1775536800,3699.9,3708.8,3696.8,3707.0,27585
1775537100,3708.3,3712.9,3706.5,3711.5,46244
1775537400,3711.1,3716.6,3707.5,3715.2,43400
1775537700,3715.2,3719.5,3713.0,3718.8,24439
1775538000,3719.3,3720.0,3712.0,3712.4,29965
1775538300,3712.4,3717.7,3711.0,3717.7,21117
1775538600,3717.8,3720.4,3715.3,3718.8,22681
1775538900,3718.8,3718.8,3710.8,3712.4,15437
1775539200,3713.0,3714.2,3700.1,3705.0,89317
1775539500,3706.5,3710.0,3695.0,3700.4,55699
1775539800,3700.5,3707.0,3697.2,3705.2,31084
1775540100,3705.2,3708.6,3701.0,3703.3,28956
1775540400,3703.9,3706.8,3699.5,3703.1,43644
1775540700,3703.2,3708.0,3700.4,3706.0,24330
1775541000,3706.0,3712.5,3705.0,3708.9,77144
1775541300,3708.9,3712.0,3705.0,3706.9,62350
1775541600,3705.8,3708.3,3703.3,3707.6,12661
1775541900,3707.8,3711.5,3704.3,3709.2,68194
1775542200,3709.0,3709.1,3701.5,3705.7,27713
1775542500,3705.7,3708.8,3703.8,3708.4,19291
1775542800,3708.4,3711.6,3707.0,3711.3,21829
1775543100,3711.2,3724.5,3711.0,3723.4,40939
1775543400,3723.8,3723.9,3712.1,3715.8,34772
1775543700,3716.0,3719.5,3713.3,3718.1,24455
1775544000,3717.6,3717.6,3707.0,3716.1,39164
1775544300,3714.0,3716.0,3709.0,3713.0,24889
1775544600,3712.4,3713.0,3707.0,3710.1,30370
1775544900,3710.1,3714.9,3709.6,3714.0,17630
1775545200,3714.6,3718.2,3711.8,3715.3,25440
1775545500,3716.6,3718.9,3712.2,3718.6,26861
1775545800,3718.6,3719.0,3714.0,3716.6,9517
1775546100,3716.6,3717.0,3711.0,3711.6,12007
1775546400,3711.5,3712.5,3707.1,3711.6,15735
1775546700,3711.7,3714.2,3707.6,3708.7,12822
1775547000,3708.7,3715.5,3707.0,3712.9,24078
1775547300,3712.9,3712.9,3709.0,3709.9,8569
1775547600,3709.9,3715.5,3708.2,3713.6,17826
1775547900,3713.6,3718.8,3712.1,3718.6,14877
1775548200,3718.6,3718.6,3714.7,3716.0,13090
1775548500,3716.0,3716.2,3711.1,3715.1,15952
1775548800,3715.1,3729.9,3714.9,3724.2,47380
1775549100,3724.9,3727.8,3723.0,3725.9,23641
1775549400,3725.9,3733.4,3724.0,3732.1,41155
1775549700,3732.3,3732.3,3719.3,3720.9,33650
1775550000,3720.3,3726.0,3715.1,3722.7,28278
1775550300,3724.0,3724.7,3711.9,3716.1,45817
1775550600,3716.2,3723.6,3713.5,3723.3,23207
1775550900,3722.9,3723.6,3715.0,3718.0,22220
1775551200,3718.1,3718.1,3709.1,3713.3,29641
1775551500,3713.3,3717.0,3712.0,3715.0,24828
1775551800,3715.4,3717.0,3711.9,3713.8,17273
1775552100,3715.0,3718.8,3713.4,3715.4,16069
1775552400,3715.4,3723.0,3713.2,3717.5,51078
1775552700,3717.3,3717.6,3710.0,3712.1,30684
1775553000,3712.5,3719.3,3712.0,3714.0,31331
1775553300,3714.0,3720.0,3713.9,3718.7,23593
1775553600,3719.4,3724.4,3717.1,3721.9,27599
1775553900,3722.0,3727.0,3720.5,3724.3,61351
1775554200,3723.9,3736.2,3723.6,3729.7,169043
1775554500,3729.7,3731.8,3720.7,3720.9,119454
1775554800,3722.0,3723.6,3714.4,3717.2,107118
1775555100,3717.7,3721.8,3715.2,3715.6,124669
1775555400,3717.5,3722.6,3717.5,3722.0,122125
1775555700,3722.5,3724.8,3717.0,3719.9,94088
1775619900,3948.0,4023.4,3931.0,4002.9,863714
1775620200,4003.7,4019.0,3987.5,3987.5,603971
1775620500,3987.5,3997.4,3987.5,3987.5,295497
1775620800,3987.5,3998.0,3987.5,3987.7,319962
1775621100,3987.5,3994.5,3987.5,3989.2,150014
1775621400,3988.3,3989.6,3978.1,3980.0,408634
1775621700,3980.4,4016.0,3979.5,4006.8,332733
1775622000,4006.8,4008.0,3978.0,3983.6,228164
1775622300,3983.0,3986.0,3969.0,3972.7,141431
1775622600,3974.0,3980.0,3972.1,3976.4,88066
1775622900,3978.1,3984.4,3966.1,3971.5,104995
1775623200,3972.0,3978.0,3963.0,3971.0,101783
1775623500,3969.4,3983.0,3967.2,3983.0,74825
1775623800,3983.0,3985.0,3971.1,3978.1,59392
1775624100,3978.7,3984.4,3976.5,3979.7,47915
1775624400,3979.4,3994.9,3979.3,3991.6,70387
1775624700,3991.6,3992.2,3979.5,3981.1,58215
1775625000,3981.1,3985.5,3973.3,3984.9,42392
1775625300,3985.2,3985.9,3975.6,3977.4,57981
1775625600,3977.0,3984.2,3976.0,3981.5,33190
1775625900,3980.7,3987.7,3980.0,3985.1,33359
1775626200,3985.1,3993.7,3983.8,3986.4,46973
1775626500,3986.0,3989.5,3979.1,3981.7,31630
1775626800,3981.5,3993.7,3981.2,3993.3,46736
1775627100,3993.3,3993.9,3987.0,3992.0,30443
1775627400,3992.0,3993.0,3986.0,3990.5,30724
1775627700,3990.9,3992.4,3987.0,3991.9,40682
1775628000,3992.0,3995.6,3991.0,3995.6,70481
1775628300,3998.2,4003.6,3997.2,3998.6,86197
1775628600,3998.6,4013.0,3994.6,4011.8,73199
1775628900,4010.8,4030.0,4010.8,4029.9,205344
1775629200,4031.0,4032.0,4007.3,4017.1,92482
1775629500,4017.4,4020.0,4014.1,4017.8,41603
1775629800,4017.9,4017.9,4011.0,4012.8,38523
1775630100,4012.7,4015.0,4009.4,4014.9,39053
1775630400,4015.0,4019.2,4012.2,4014.1,47045
1775630700,4014.0,4015.8,4009.4,4009.4,40364
1775631000,4010.0,4013.5,4009.5,4011.5,32164
1775631300,4011.5,4014.4,4008.0,4008.0,36688
1775631600,4008.0,4009.0,4000.0,4004.2,80699
1775631900,4004.2,4006.0,3995.0,3996.7,49200
1775632200,3996.7,4003.3,3996.0,4000.3,50291
1775632500,4000.3,4003.4,3998.2,3998.2,39912
1775632800,3998.3,3999.0,3986.0,3990.1,65661
1775633100,3991.3,3998.8,3989.0,3995.5,57480
1775633400,3995.5,3998.6,3990.4,3992.1,34228
1775633700,3992.2,3993.9,3988.2,3989.0,76423
1775634000,3989.1,3996.5,3988.3,3993.9,50989
1775634300,3993.5,4000.0,3992.6,3992.7,33651
1775634600,3993.7,3994.1,3990.3,3993.6,20594
1775634900,3994.2,4003.7,3993.4,4003.0,50596
1775635200,4003.1,4003.1,3995.3,3996.8,27122
1775635500,3997.1,4002.0,3994.3,3998.4,43744
1775635800,3998.4,4000.2,3991.0,3998.3,45377
1775636100,3998.3,4001.0,3995.0,3999.2,36995
1775636400,4000.0,4012.0,3996.1,4008.1,81251
1775636700,4008.1,4013.4,4000.6,4005.3,57471
1775637000,4006.0,4006.0,3999.8,4001.0,57329
1775637300,4001.0,4002.2,3998.3,4000.0,34541
1775637600,4000.0,4004.2,3993.3,3994.9,37855
1775637900,3995.4,4002.0,3995.4,4001.0,34900
1775638200,4001.0,4007.0,3999.6,4001.8,46652
1775638500,4002.0,4006.2,4000.0,4002.0,42849
1775638800,4002.4,4004.0,3999.7,4004.0,60512
1775639100,4004.0,4007.0,4002.0,4002.3,46253
1775639400,4002.1,4008.9,4000.0,4008.2,43434
1775639700,4008.9,4009.6,4001.7,4002.5,46921
1775640000,4002.7,4005.0,4000.0,4000.8,69599
1775640300,4001.5,4006.5,4000.1,4006.5,55187
1775640600,4006.2,4007.3,3996.2,4002.4,144687
1775640900,4002.4,4007.7,4001.8,4002.9,68962
1775641200,4002.9,4007.0,4002.4,4005.3,74758
1775641500,4004.4,4010.0,4001.2,4008.1,107750
1775641800,4008.5,4013.9,4007.7,4011.3,121340
1775642100,4009.9,4013.9,4005.8,4010.0,108968
1775706300,3988.0,3988.0,3940.0,3967.9,185745
1775706600,3968.9,3975.2,3960.4,3966.8,133091
1775706900,3966.7,3978.3,3962.0,3978.3,96193
1775707200,3977.6,3977.7,3962.0,3963.0,112682
1775707500,3963.1,3967.9,3947.5,3948.5,147709
1775707800,3948.5,3951.4,3933.0,3934.1,109491
1775708100,3935.1,3936.6,3923.0,3928.1,91922
1775708400,3928.5,3932.0,3923.0,3928.8,55355
1775708700,3928.8,3932.8,3924.4,3930.3,43990
1775709000,3930.1,3948.0,3929.0,3945.1,125840
1775709300,3946.8,3947.9,3934.0,3935.1,77558
1775709600,3935.8,3938.0,3931.1,3933.9,52143
1775709900,3933.9,3935.8,3922.6,3934.3,68225
1775710200,3934.2,3937.2,3932.0,3935.3,42625
1775710500,3936.0,3936.7,3928.1,3930.6,68211
1775710800,3932.3,3933.5,3928.8,3932.2,85710
1775711100,3932.2,3932.9,3921.0,3923.7,48889
1775711400,3924.9,3932.0,3921.1,3922.1,33683
1775711700,3923.0,3924.6,3916.6,3920.0,63353
1775712000,3920.0,3920.0,3915.6,3919.5,29414
1775712300,3919.6,3920.0,3908.2,3909.9,51722
1775712600,3909.9,3920.6,3908.8,3914.0,44743
1775712900,3914.9,3918.7,3905.0,3918.0,68362
1775713200,3918.0,3921.5,3914.0,3919.8,58368
1775713500,3919.9,3921.0,3915.0,3916.0,21591
1775713800,3916.0,3919.7,3914.0,3918.1,23896
1775714100,3918.1,3922.2,3916.0,3918.9,71496
1775714400,3919.7,3926.1,3918.0,3924.1,60957
1775714700,3923.8,3927.0,3922.2,3924.1,36994
1775715000,3924.8,3926.8,3921.1,3923.9,27575
1775715300,3923.9,3929.9,3919.0,3929.7,38048
1775715600,3929.8,3935.9,3925.1,3931.7,97801
1775715900,3931.9,3939.0,3931.1,3934.0,59321
1775716200,3934.7,3935.9,3932.0,3933.9,20690
1775716500,3933.9,3934.8,3926.7,3932.9,26363
1775716800,3933.4,3934.9,3929.0,3930.0,27708
1775717100,3930.7,3932.9,3929.0,3930.5,13251
1775717400,3931.0,3932.2,3928.0,3928.0,18829
1775717700,3928.6,3928.6,3923.2,3925.1,32328
1775718000,3925.1,3925.4,3917.7,3919.1,28444
1775718300,3919.2,3920.7,3912.2,3913.9,37966
1775718600,3913.9,3918.0,3912.0,3913.1,19444
1775718900,3913.2,3913.6,3895.0,3900.3,119652
1775719200,3900.3,3908.6,3896.4,3906.4,82713
1775719500,3906.4,3910.0,3905.0,3908.4,28395
1775719800,3908.4,3910.8,3906.5,3909.9,43829
1775720100,3909.9,3910.3,3900.7,3904.9,45279
1775720400,3905.1,3906.7,3900.0,3902.8,46486
1775720700,3902.8,3905.0,3900.0,3900.3,23947
1775721000,3901.9,3903.2,3897.0,3902.1,44578
1775721300,3900.8,3902.9,3898.6,3900.1,38442
1775721600,3900.1,3904.5,3895.0,3896.9,39304
1775721900,3896.8,3903.3,3896.8,3902.9,30615
1775722200,3902.9,3902.9,3891.0,3892.0,35526
1775722500,3891.3,3893.0,3885.6,3891.8,82408
1775722800,3892.5,3896.1,3890.0,3893.0,28262
1775723100,3893.4,3896.0,3891.9,3894.7,36061
1775723400,3894.7,3902.9,3893.9,3901.5,46834
1775723700,3901.9,3905.7,3900.0,3903.8,31468
1775724000,3904.8,3905.0,3899.0,3902.0,47335
1775724300,3902.1,3903.3,3899.0,3899.9,38301
1775724600,3900.0,3901.8,3895.9,3900.0,31770
1775724900,3900.0,3900.0,3895.5,3897.1,19361
1775725200,3898.0,3898.8,3890.7,3891.2,54919
1775725500,3891.0,3896.3,3890.1,3894.9,26434
1775725800,3895.0,3896.2,3892.0,3894.0,30736
1775726100,3894.0,3896.3,3893.3,3894.4,29442
1775726400,3894.9,3897.7,3892.1,3897.7,31649
1775726700,3896.9,3900.8,3893.0,3898.7,53242
1775727000,3898.7,3900.3,3890.2,3900.0,121980
1775727300,3899.6,3901.8,3895.0,3899.4,96975
1775727600,3899.1,3904.3,3898.1,3898.9,125237
1775727900,3898.7,3899.0,3893.0,3894.6,104493
1775728200,3894.8,3895.0,3892.0,3893.0,97169
1775728500,3893.0,3893.4,3886.1,3890.3,125213
1775792700,3932.0,3940.0,3915.6,3937.0,137574
1775793000,3937.0,3942.8,3929.4,3931.0,70111
1775793300,3931.5,3934.0,3922.0,3930.0,41147
1775793600,3929.4,3944.4,3929.4,3940.8,61242
1775793900,3940.0,3940.2,3935.1,3940.0,24015
1775794200,3940.6,3941.4,3936.4,3938.5,17420
1775794500,3938.5,3942.6,3937.0,3940.9,33240
1775794800,3940.1,3948.6,3937.0,3944.3,50197
1775795100,3945.0,3949.9,3944.5,3946.2,38082
1775795400,3945.9,3949.4,3935.0,3935.7,30988
1775795700,3935.7,3937.8,3924.5,3937.1,37302
1775796000,3937.5,3946.0,3937.1,3946.0,23271
1775796300,3945.9,3959.8,3945.9,3959.4,74696
1775796600,3959.4,3964.4,3958.7,3961.3,55741
1775796900,3961.4,3964.0,3953.9,3956.0,35056
1775797200,3956.5,3958.7,3953.5,3957.9,26529
1775797500,3957.7,3959.9,3955.1,3956.1,32622
1775797800,3956.2,3959.9,3950.0,3951.3,23790
1775798100,3951.4,3954.6,3950.0,3951.7,18067
1775798400,3952.0,3954.0,3946.2,3948.4,24065
1775798700,3949.4,3959.0,3948.4,3958.0,20487
1775799000,3957.8,3961.6,3955.8,3956.9,25947
1775799300,3957.2,3962.0,3956.7,3960.1,19335
1775799600,3960.1,3961.8,3953.8,3954.9,22091
1775799900,3954.9,3957.9,3951.4,3952.3,22631
1775800200,3952.9,3959.0,3952.1,3958.0,29582
1775800500,3958.7,3959.8,3952.4,3952.4,20817
1775800800,3953.6,3958.0,3952.4,3956.8,19772
1775801100,3957.9,3958.0,3955.4,3956.2,11313
1775801400,3956.2,3957.1,3945.2,3949.0,36056
1775801700,3949.0,3950.0,3941.4,3944.6,31671
1775802000,3945.0,3951.4,3944.4,3951.0,32421
1775802300,3951.0,3952.7,3949.9,3951.7,15469
1775802600,3951.9,3953.0,3949.2,3951.2,15876
1775802900,3951.8,3955.0,3949.8,3954.0,20823
1775803200,3954.0,3955.0,3952.7,3953.8,15736
1775803500,3953.3,3954.5,3943.2,3944.5,17973
1775803800,3944.6,3947.6,3938.6,3945.1,74937
1775804100,3946.0,3947.9,3940.0,3941.6,15331
1775804400,3942.4,3946.9,3941.4,3942.9,14950
1775804700,3942.9,3944.0,3941.6,3942.3,17650
1775805000,3942.5,3943.6,3940.1,3940.6,17631
1775805300,3940.3,3943.2,3938.0,3940.8,14697
1775805600,3940.8,3941.9,3936.3,3940.9,17741
1775805900,3941.7,3943.0,3936.6,3941.0,13966
1775806200,3941.0,3946.9,3940.9,3944.5,20260
1775806500,3944.5,3947.5,3941.7,3945.1,11959
1775806800,3945.0,3946.4,3940.0,3941.3,27715
1775807100,3941.4,3942.4,3939.9,3940.0,11769
1775807400,3941.1,3942.4,3939.7,3942.3,15103
1775807700,3942.4,3943.0,3940.0,3940.0,16086
1775808000,3941.2,3946.0,3939.9,3946.0,51336
1775808300,3947.0,3948.9,3943.4,3946.7,23627
1775808600,3946.7,3956.3,3946.2,3954.2,40441
1775808900,3954.1,3959.0,3953.7,3957.4,34112
1775809200,3957.9,3960.0,3956.1,3960.0,29538
1775809500,3960.0,3965.0,3959.9,3961.2,57099
1775809800,3961.4,3964.2,3959.2,3960.2,19101
1775810100,3960.2,3961.8,3957.1,3961.0,20860
1775810400,3961.0,3961.5,3948.2,3952.3,54864
1775810700,3953.4,3953.4,3935.1,3942.8,70239
1775811000,3943.3,3946.9,3936.1,3936.3,34522
1775811300,3936.0,3939.9,3933.4,3939.4,42697
1775811600,3939.4,3950.0,3936.9,3948.0,49891
1775811900,3948.3,3949.0,3942.1,3945.0,39393
1775812200,3945.7,3947.0,3939.8,3945.0,29020
1775812500,3945.0,3955.0,3941.5,3954.0,45664
1775812800,3954.0,3956.0,3949.9,3953.0,170695
1775813100,3953.0,3955.3,3951.7,3954.8,52427
1775813400,3953.9,3960.0,3953.8,3960.0,72462
1775813700,3960.0,3962.5,3957.6,3960.0,84441
1775814000,3960.1,3962.0,3958.0,3960.1,53735
1775814300,3960.1,3963.9,3959.3,3960.0,88569
1775814600,3960.0,3960.8,3956.0,3958.5,63218
1775814900,3958.5,3961.4,3957.0,3959.8,59492
1776051900,3825.0,3873.7,3815.6,3850.0,348230
1776052200,3849.0,3883.6,3847.4,3879.8,160762
1776052500,3878.7,3905.2,3875.0,3902.2,209680
1776052800,3902.5,3914.9,3890.1,3912.4,117500
1776053100,3911.9,3912.0,3899.0,3906.2,62031
1776053400,3904.4,3919.0,3903.4,3915.2,66805
1776053700,3915.9,3916.0,3905.0,3914.6,53394
1776054000,3914.6,3918.0,3907.2,3915.0,56293
1776054300,3914.1,3917.9,3905.0,3907.1,62847
1776054600,3906.3,3925.0,3906.0,3924.1,95453
1776054900,3924.7,3938.0,3919.0,3936.9,96340
1776055200,3936.9,3943.6,3921.0,3923.0,144290
1776055500,3922.0,3922.0,3911.1,3921.3,78659
1776055800,3921.3,3927.9,3917.8,3924.7,76486
1776056100,3924.7,3930.6,3922.4,3927.1,48076
1776056400,3927.3,3933.5,3921.1,3923.4,39452
1776056700,3923.4,3930.9,3920.6,3929.3,29847
1776057000,3929.3,3930.0,3918.0,3923.3,42080
1776057300,3922.5,3934.0,3921.8,3928.0,55383
1776057600,3928.0,3932.0,3925.2,3926.6,29444
1776057900,3926.6,3929.4,3919.1,3920.0,23112
1776058200,3920.3,3927.9,3918.0,3924.5,28704
1776058500,3924.5,3929.6,3924.4,3926.7,12198
1776058800,3926.7,3928.8,3922.0,3928.5,15017
1776059100,3928.1,3932.9,3926.1,3927.9,22094
1776059400,3928.2,3933.0,3926.0,3929.6,20914
1776059700,3928.5,3930.9,3925.4,3928.3,17703
1776060000,3926.8,3928.2,3922.4,3925.4,12345
1776060300,3925.8,3932.0,3925.5,3929.6,22835
1776060600,3929.0,3931.0,3927.1,3929.5,13215
1776060900,3929.5,3933.6,3929.2,3932.1,18694
1776061200,3932.1,3938.0,3931.3,3937.9,33371
1776061500,3938.0,3945.0,3934.0,3934.1,51558
1776061800,3934.2,3940.0,3934.0,3937.5,23044
1776062100,3937.3,3938.9,3934.4,3937.0,15984
1776062400,3937.0,3943.0,3937.0,3941.8,21698
1776062700,3942.4,3944.3,3941.0,3943.9,15430
1776063000,3943.9,3944.8,3935.6,3938.0,20600
1776063300,3937.1,3947.9,3937.1,3946.1,24491
1776063600,3946.1,3947.3,3937.0,3942.8,46745
1776063900,3942.8,3953.6,3940.2,3944.4,93539
1776064200,3944.3,3945.0,3940.6,3944.5,17100
1776064500,3944.1,3944.9,3940.0,3941.2,13612
1776064800,3941.2,3941.8,3938.1,3939.9,44724
1776065100,3939.7,3942.0,3930.0,3941.2,109248
1776065400,3940.7,3943.4,3933.9,3936.1,32599
1776065700,3937.0,3945.5,3936.5,3944.9,22968
1776066000,3943.7,3948.8,3941.8,3946.4,19644
1776066300,3946.4,3954.8,3943.8,3954.8,43710
1776066600,3955.0,3960.0,3953.5,3959.9,66426
1776066900,3959.9,3965.0,3958.1,3960.0,51491
1776067200,3958.5,3969.9,3957.6,3962.0,123475
1776067500,3963.4,3967.7,3960.0,3965.1,39196
1776067800,3965.3,3965.8,3960.2,3962.7,48116
1776068100,3963.1,3963.1,3957.3,3960.6,58476
1776068400,3961.0,3970.0,3959.5,3969.6,219635
1776068700,3970.0,3971.7,3965.5,3968.8,36795
1776069000,3968.8,3969.9,3961.0,3964.1,32548
1776069300,3964.1,3964.7,3952.2,3954.0,46476
1776069600,3954.2,3958.2,3951.0,3958.2,48886
1776069900,3958.2,3959.0,3950.4,3954.3,90807
1776070200,3955.0,3961.0,3951.4,3960.7,54415
1776070500,3960.7,3967.0,3959.0,3962.3,45705
1776070800,3962.3,3965.0,3960.9,3962.9,101780
1776071100,3962.9,3965.1,3955.6,3960.7,57213
1776071400,3960.8,3963.2,3958.9,3962.0,112582
1776071700,3961.8,3964.9,3957.0,3961.9,54737
1776072000,3961.9,3963.3,3955.4,3960.1,119047
1776072300,3960.0,3963.4,3958.0,3958.0,97418
1776072600,3958.0,3960.4,3951.9,3954.0,114050
1776072900,3954.0,3958.2,3951.0,3955.7,100994
1776073200,3955.5,3958.4,3950.8,3954.2,96867
1776073500,3953.7,3956.7,3950.4,3952.2,119737
1776073800,3953.5,3957.6,3950.9,3954.0,118490
1776074100,3954.3,3955.0,3951.0,3953.0,76910
1776224700,4045.4,4068.5,4031.1,4052.0,334216
1776225000,4050.9,4058.8,4045.8,4049.1,134465
1776225300,4049.4,4057.0,4049.1,4055.0,73852
1776225600,4055.0,4056.9,4046.3,4052.8,89291
1776225900,4051.5,4059.0,4050.0,4052.6,65187
1776226200,4051.7,4074.9,4051.3,4073.0,117941
1776226500,4073.0,4086.0,4070.5,4077.2,114763
1776226800,4076.1,4086.0,4075.2,4085.0,67338
1776227100,4085.1,4097.0,4082.5,4093.8,116910
1776227400,4093.0,4095.8,4083.1,4085.0,81161
1776227700,4084.9,4086.9,4080.0,4085.3,70979
1776228000,4085.0,4088.0,4077.7,4081.6,45197
1776228300,4080.7,4092.0,4080.5,4091.5,34970
1776228600,4091.5,4094.9,4084.8,4087.4,39853
1776228900,4087.5,4091.1,4085.0,4090.0,37294
1776229200,4090.0,4092.5,4086.8,4086.8,27364
1776229500,4087.4,4092.4,4084.4,4085.1,36105
1776229800,4086.0,4092.4,4085.0,4092.1,21665
1776230100,4091.6,4096.0,4090.4,4090.4,36167
1776230400,4090.3,4091.0,4084.5,4088.6,33272
1776230700,4088.6,4090.5,4086.7,4087.1,29916
1776231000,4087.8,4090.6,4086.1,4090.1,29785
1776231300,4088.9,4091.0,4082.1,4084.0,54654
1776231600,4085.2,4085.7,4076.6,4079.5,47626
1776231900,4079.8,4085.3,4077.9,4080.5,34239
1776232200,4080.5,4082.8,4079.0,4082.0,33512
1776232500,4080.5,4082.0,4076.0,4076.3,31370
1776232800,4077.3,4080.2,4075.0,4075.4,70857
1776233100,4075.2,4083.0,4075.0,4075.0,34550
1776233400,4075.0,4077.2,4071.4,4076.5,26856
1776233700,4076.5,4080.0,4075.0,4080.0,21739
1776234000,4079.0,4083.0,4078.8,4079.8,43966
1776234300,4081.0,4083.3,4078.8,4083.1,66539
1776234600,4083.2,4092.0,4082.5,4089.7,54235
1776234900,4089.7,4090.9,4082.0,4084.9,81257
1776235200,4085.0,4086.4,4082.5,4085.5,33043
1776235500,4084.5,4095.9,4084.4,4095.0,62101
1776235800,4095.6,4095.9,4089.0,4095.0,59872
1776236100,4095.0,4102.0,4094.9,4101.3,105230
1776236400,4101.3,4104.0,4096.0,4099.1,54165
1776236700,4099.5,4100.0,4095.4,4097.9,43343
1776237000,4097.9,4100.8,4097.9,4099.8,25472
1776237300,4099.8,4102.0,4091.1,4093.7,35413
1776237600,4092.2,4095.0,4091.1,4093.6,21126
1776237900,4093.6,4095.0,4091.5,4095.0,23366
1776238200,4095.0,4096.6,4092.0,4094.4,36039
1776238500,4094.5,4099.0,4094.5,4099.0,34106
1776238800,4098.5,4100.0,4098.5,4099.8,34419
1776239100,4099.8,4103.0,4099.4,4100.2,41512
1776239400,4100.2,4102.0,4092.0,4094.4,45711
1776239700,4094.3,4099.2,4093.9,4094.6,29712
1776240000,4094.5,4099.3,4091.0,4097.5,54249
1776240300,4097.5,4100.8,4088.0,4088.3,47101
1776240600,4089.9,4095.0,4089.2,4090.0,42753
1776240900,4090.3,4091.9,4087.4,4089.8,36361
1776241200,4088.7,4092.4,4087.3,4090.3,42383
1776241500,4090.2,4097.5,4089.7,4097.5,35253
1776241800,4097.7,4099.0,4093.8,4096.5,35230
1776242100,4096.9,4101.4,4096.5,4100.0,42026
1776242400,4100.3,4103.0,4095.3,4097.0,107068
1776242700,4097.0,4097.0,4085.1,4086.9,65590
1776243000,4086.9,4093.7,4074.6,4075.0,190611
1776243300,4074.5,4083.6,4074.5,4080.2,41899
1776243600,4080.3,4081.0,4074.4,4075.0,79833
1776243900,4076.4,4077.5,4072.9,4075.2,46247
1776244200,4075.0,4077.4,4071.0,4073.3,48478
1776244500,4073.3,4075.1,4067.7,4074.5,70545
1776244800,4074.8,4079.9,4069.9,4078.1,64982
1776245100,4079.0,4083.3,4074.7,4080.6,59186
1776245400,4080.5,4082.0,4073.2,4075.9,74234
1776245700,4076.0,4080.4,4072.6,4075.5,101189
1776246000,4075.8,4079.4,4074.2,4077.1,65922
1776246300,4077.1,4079.0,4075.0,4076.2,84925
1776246600,4076.6,4078.1,4073.0,4075.4,81942
1776246900,4075.1,4076.0,4070.2,4073.0,87215
1776311100,4128.0,4138.0,4100.0,4119.7,439903
1776311400,4118.1,4129.9,4116.2,4128.3,216629
1776311700,4128.3,4137.0,4126.1,4132.1,96035
1776312000,4132.2,4136.6,4126.2,4128.0,68579
1776312300,4128.0,4130.0,4122.6,4127.9,63412
1776312600,4128.0,4132.8,4123.2,4131.1,57632
1776312900,4131.1,4142.0,4125.9,4142.0,103902
1776313200,4141.4,4148.0,4140.9,4145.0,90331
1776313500,4146.7,4149.0,4130.0,4130.5,82983
1776313800,4129.7,4138.3,4127.5,4136.9,62239
1776314100,4136.8,4144.0,4134.5,4141.5,54769
1776314400,4141.5,4144.9,4135.0,4135.9,48538
1776314700,4134.2,4135.4,4127.0,4132.5,66007
1776315000,4130.8,4134.0,4127.0,4128.9,35824
1776315300,4129.2,4134.4,4126.0,4130.0,34829
1776315600,4130.0,4136.0,4129.5,4135.6,29531
1776315900,4136.0,4139.9,4135.4,4136.9,28486
1776316200,4136.3,4142.0,4136.3,4138.2,31933
1776316500,4137.8,4145.0,4137.8,4142.4,40311
1776316800,4142.4,4143.8,4136.0,4137.1,31901
1776317100,4138.0,4142.0,4133.4,4142.0,68757
1776317400,4142.0,4143.3,4134.0,4137.0,78546
1776317700,4137.0,4137.3,4128.0,4133.8,60499
1776318000,4133.6,4135.0,4129.4,4130.0,68115
1776318300,4130.0,4133.7,4128.1,4131.0,59314
1776318600,4130.9,4137.9,4129.1,4134.8,111911
1776318900,4135.8,4140.5,4132.9,4140.4,139392
1776319200,4140.0,4142.0,4133.0,4134.2,51076
1776319500,4134.2,4136.9,4130.0,4131.2,62083
1776319800,4131.1,4134.9,4128.5,4131.6,34267
1776320100,4133.1,4133.1,4125.1,4130.0,71169
1776320400,4130.4,4132.2,4126.5,4131.9,42326
1776320700,4131.9,4131.9,4123.0,4125.9,73809
1776321000,4126.0,4126.0,4114.2,4118.0,82710
1776321300,4118.0,4121.8,4114.4,4117.8,78333
1776321600,4117.7,4121.2,4116.7,4120.0,48414
1776321900,4119.7,4120.1,4114.0,4115.6,56064
1776322200,4115.6,4117.2,4112.6,4114.9,61975
1776322500,4115.1,4115.2,4105.9,4112.0,48574
1776322800,4112.0,4115.0,4108.9,4110.8,54186
1776323100,4110.9,4110.9,4105.0,4110.5,62562
1776323400,4110.6,4112.0,4107.1,4108.0,58374
1776323700,4108.0,4110.6,4104.2,4107.8,38581
1776324000,4107.4,4111.2,4103.1,4104.0,34813
1776324300,4105.0,4111.4,4102.6,4110.4,48032
1776324600,4111.0,4113.6,4108.1,4110.7,44064
1776324900,4110.3,4113.3,4101.0,4103.5,26774
1776325200,4102.7,4102.8,4094.0,4099.8,54317
1776325500,4099.8,4101.5,4096.1,4096.8,23576
1776325800,4097.0,4099.4,4089.0,4091.0,52319
1776326100,4091.0,4097.5,4090.0,4095.6,29617
1776326400,4095.6,4102.0,4095.3,4099.0,29917
1776326700,4099.0,4101.0,4097.0,4098.8,43924
1776327000,4098.3,4104.0,4098.3,4103.4,23291
1776327300,4103.9,4107.0,4101.3,4106.0,35117
1776327600,4106.0,4112.6,4103.1,4111.0,122479
1776327900,4110.7,4114.4,4106.3,4113.4,68146
1776328200,4113.4,4119.0,4110.9,4112.8,68981
1776328500,4112.4,4119.3,4109.2,4119.0,39747
1776328800,4119.3,4120.0,4115.0,4117.1,31593
1776329100,4116.9,4118.0,4108.5,4111.9,48713
1776329400,4111.4,4112.2,4105.4,4109.2,31236
1776329700,4109.5,4113.0,4107.6,4112.1,30302
1776330000,4112.1,4120.0,4112.0,4120.0,56052
1776330300,4120.0,4123.4,4116.1,4122.2,55428
1776330600,4122.5,4125.0,4116.0,4118.7,50551
1776330900,4118.7,4123.4,4116.7,4119.5,47922
1776331200,4120.0,4127.7,4119.6,4126.0,70109
1776331500,4125.5,4126.0,4120.0,4122.6,45275
1776331800,4122.6,4124.0,4110.5,4112.7,106104
1776332100,4113.4,4117.8,4108.0,4111.4,84262
1776332400,4112.0,4118.0,4105.4,4118.0,89174
1776332700,4118.0,4126.6,4116.8,4124.0,140384
1776333000,4125.0,4128.0,4123.2,4125.0,120042
1776333300,4125.0,4129.0,4115.0,4117.0,117697
1776397500,4134.0,4139.8,4105.0,4128.2,142812
1776397800,4128.2,4139.9,4126.2,4131.4,54505
1776398100,4131.6,4142.9,4130.1,4136.0,47574
1776398400,4134.5,4137.7,4128.0,4129.6,37847
1776398700,4129.6,4130.0,4120.1,4122.3,33867
1776399000,4123.6,4124.9,4115.3,4119.7,33775
1776399300,4119.8,4126.0,4117.2,4125.0,42104
1776399600,4125.9,4131.9,4120.1,4121.7,45215
1776399900,4119.0,4125.0,4117.2,4118.7,35938
1776400200,4118.5,4118.6,4106.1,4117.8,109988
1776400500,4117.8,4121.9,4116.1,4118.0,26275
1776400800,4118.0,4121.2,4115.0,4120.5,19190
1776401100,4120.5,4125.1,4118.0,4118.5,32311
1776401400,4120.0,4120.4,4110.0,4111.2,15179
1776401700,4111.7,4115.0,4111.0,4112.3,15886
1776402000,4111.6,4115.2,4110.6,4112.4,13584
1776402300,4112.4,4116.0,4112.4,4114.6,21846
1776402600,4115.2,4115.2,4110.0,4110.0,18692
1776402900,4110.6,4111.3,4109.1,4109.3,22053
1776403200,4110.0,4110.0,4098.0,4104.0,118502
1776403500,4103.9,4105.0,4101.2,4102.1,16039
1776403800,4102.1,4103.3,4096.6,4099.6,29479
1776404100,4099.6,4100.0,4097.0,4099.7,13001
1776404400,4100.0,4100.0,4098.0,4099.3,13727
1776404700,4098.2,4103.0,4098.2,4102.5,18144
1776405000,4102.5,4103.0,4099.0,4099.5,10573
1776405300,4100.0,4101.6,4097.3,4098.1,8584
1776405600,4098.1,4102.7,4097.9,4100.6,39318
1776405900,4101.0,4102.0,4100.6,4101.4,11760
1776406200,4101.4,4104.0,4100.8,4102.4,31314
1776406500,4102.0,4104.0,4101.3,4102.0,17765
1776406800,4102.6,4104.0,4101.3,4102.0,20946
1776407100,4102.1,4103.9,4100.0,4103.4,75075
1776407400,4103.5,4107.7,4101.0,4105.3,50256
1776407700,4105.8,4107.2,4104.0,4106.1,51394
1776408000,4106.2,4107.6,4097.6,4098.8,76646
1776408300,4098.8,4098.8,4087.1,4089.8,92809
1776408600,4089.7,4090.0,4085.8,4088.4,21617
1776408900,4088.0,4089.5,4082.3,4085.5,24728
1776409200,4085.0,4086.0,4078.3,4079.3,47519
1776409500,4079.2,4081.0,4073.6,4074.7,34337
1776409800,4074.0,4081.0,4072.8,4075.5,35153
1776410100,4075.6,4079.8,4074.3,4077.8,19372
1776410400,4078.0,4078.0,4073.0,4075.9,32534
1776410700,4075.8,4080.0,4074.5,4079.1,44725
1776411000,4080.0,4090.2,4079.1,4089.7,54988
1776411300,4090.0,4095.0,4087.4,4095.0,51048
1776411600,4095.3,4098.0,4093.4,4094.5,27248
1776411900,4094.5,4099.0,4094.0,4098.0,13636
1776412200,4098.0,4100.0,4097.7,4097.9,11788
1776412500,4098.0,4102.0,4097.2,4102.0,30450
1776412800,4102.0,4102.2,4100.0,4100.5,12592
1776413100,4100.3,4100.6,4097.5,4099.7,11495
1776413400,4099.7,4100.0,4097.2,4097.2,11329
1776413700,4097.9,4100.0,4097.0,4099.6,10819
1776414000,4099.8,4100.0,4097.0,4098.0,7750
1776414300,4097.9,4098.0,4097.0,4098.0,8765
1776414600,4097.8,4098.0,4094.7,4095.5,19590
1776414900,4095.5,4098.1,4094.4,4098.0,15705
1776415200,4098.0,4099.0,4097.5,4098.5,20029
1776415500,4098.8,4102.0,4098.6,4100.0,29720
1776415800,4100.0,4101.0,4098.0,4100.0,23503
1776416100,4100.0,4101.5,4096.6,4099.0,21494
1776416400,4099.1,4100.0,4097.9,4099.9,23637
1776416700,4098.5,4101.5,4098.4,4101.0,32212
1776417000,4101.0,4101.5,4099.0,4099.9,21180
1776417300,4099.8,4105.0,4099.8,4104.0,49345
1776417600,4104.6,4107.8,4104.0,4105.9,39276
1776417900,4106.5,4106.9,4100.0,4102.0,41023
1776418200,4101.9,4102.9,4094.1,4096.6,96510
1776418500,4096.4,4097.2,4094.6,4095.0,39298
1776418800,4095.0,4095.9,4092.2,4092.9,60119
1776419100,4093.2,4095.0,4091.5,4095.0,80777
1776419400,4095.0,4101.7,4093.0,4099.4,100855
1776419700,4099.5,4105.0,4096.0,4105.0,93992
1776656700,4100.0,4119.8,4078.0,4114.0,116372
1776657000,4112.3,4127.9,4110.5,4125.8,92027
1776657300,4124.9,4130.0,4116.0,4118.2,74243
1776657600,4118.2,4119.9,4106.9,4111.1,40561
1776657900,4111.6,4114.1,4100.8,4104.0,38024
1776658200,4104.0,4105.2,4085.3,4087.2,44121
1776658500,4087.2,4089.0,4080.5,4082.3,26561
1776658800,4082.4,4094.2,4078.0,4092.1,29036
1776659100,4093.1,4095.8,4089.6,4091.3,15599
1776659400,4093.0,4098.3,4092.0,4096.6,15454
1776659700,4097.8,4108.6,4095.0,4105.5,50730
1776660000,4105.5,4106.9,4093.2,4093.9,26483
1776660300,4094.1,4098.2,4093.1,4098.0,16430
1776660600,4096.3,4099.3,4093.1,4099.3,18204
1776660900,4098.5,4105.0,4096.1,4104.0,46008
1776661200,4103.9,4107.8,4095.4,4096.4,72256
1776661500,4096.5,4098.0,4083.5,4088.3,39635
1776661800,4086.2,4093.0,4086.2,4090.0,27320
1776662100,4090.1,4091.0,4082.0,4082.2,49966
1776662400,4083.0,4083.0,4075.3,4078.0,45529
1776662700,4078.0,4081.6,4074.0,4077.2,91619
1776663000,4077.0,4077.8,4070.1,4075.0,38996
1776663300,4074.1,4081.2,4068.7,4070.1,88183
1776663600,4070.0,4075.1,4066.2,4071.0,58227
1776663900,4071.0,4075.0,4069.4,4072.0,26590
1776664200,4072.9,4077.9,4067.8,4077.1,41071
1776664500,4077.1,4084.1,4072.9,4075.4,83835
1776664800,4075.1,4076.9,4069.1,4071.2,45664
1776665100,4071.1,4075.0,4069.0,4073.3,22820
1776665400,4073.3,4074.3,4068.9,4069.8,61802
1776665700,4069.5,4070.0,4065.3,4068.0,24561
1776666000,4067.7,4070.0,4064.2,4068.6,30231
1776666300,4068.5,4070.0,4066.0,4068.4,12785
1776666600,4069.2,4070.0,4068.3,4068.5,14855
1776666900,4069.3,4069.5,4065.2,4065.5,17979
1776667200,4065.2,4067.7,4064.0,4066.7,20224
1776667500,4066.6,4067.0,4062.1,4064.7,24806
1776667800,4064.5,4064.6,4057.9,4058.8,65620
1776668100,4058.6,4060.0,4056.2,4058.6,31943
1776668400,4058.6,4064.0,4058.6,4059.9,76572
1776668700,4060.0,4060.0,4057.1,4059.9,32959
1776669000,4060.0,4060.0,4052.3,4055.0,31739
1776669300,4055.0,4060.0,4055.0,4059.3,17787
1776669600,4060.0,4062.0,4058.0,4058.0,26997
1776669900,4058.2,4059.0,4052.8,4053.3,30710
1776670200,4053.2,4055.4,4043.1,4054.0,49007
1776670500,4054.0,4057.2,4051.0,4052.1,24402
1776670800,4052.1,4053.6,4043.1,4043.3,67767
1776671100,4043.3,4043.7,4038.1,4041.2,53081
1776671400,4041.2,4042.0,4038.1,4039.2,27855
1776671700,4039.2,4040.2,4024.0,4030.0,102048
1776672000,4030.5,4037.0,4026.4,4032.6,63900
1776672300,4033.9,4035.0,4030.0,4031.5,31769
1776672600,4031.5,4038.1,4029.9,4035.0,32375
1776672900,4034.4,4034.9,4030.0,4030.2,25884
1776673200,4030.4,4031.0,4026.8,4029.0,47764
1776673500,4028.4,4034.0,4024.6,4032.4,42102
1776673800,4032.4,4039.0,4029.9,4037.8,20306
1776674100,4037.8,4038.2,4028.4,4033.8,22815
1776674400,4033.8,4037.6,4032.0,4034.6,18394
1776674700,4034.6,4042.5,4034.2,4040.7,27955
1776675000,4040.2,4047.0,4038.6,4046.0,30437
1776675300,4045.1,4052.0,4043.8,4051.7,29061
1776675600,4050.2,4052.8,4044.8,4049.8,51748
1776675900,4048.2,4050.5,4045.3,4047.7,17251
1776676200,4047.3,4049.0,4045.3,4048.6,20681
1776676500,4049.0,4049.0,4042.6,4047.0,28628
1776676800,4047.0,4048.1,4045.1,4048.1,10777
1776677100,4048.6,4055.0,4047.5,4054.9,91134
1776677400,4054.6,4062.7,4054.4,4060.2,108941
1776677700,4060.4,4061.0,4058.0,4060.5,94528
1776678000,4060.5,4062.3,4052.5,4054.1,106275
1776678300,4054.1,4054.1,4045.0,4046.0,94251
1776678600,4046.5,4049.8,4039.2,4041.2,152577
1776678900,4041.0,4043.0,4037.6,4040.0,135155
1776743100,4039.0,4091.0,4032.0,4089.5,148927
1776743400,4087.0,4091.8,4076.0,4077.7,59787
1776743700,4077.6,4082.0,4074.6,4074.9,33048
1776744000,4074.0,4076.6,4070.0,4073.2,27812
1776744300,4073.2,4076.0,4068.6,4075.3,24377
1776744600,4075.3,4075.9,4065.1,4066.6,27627
1776744900,4067.7,4087.6,4067.1,4086.8,37736
1776745200,4086.0,4089.0,4080.0,4084.0,27235
1776745500,4083.1,4085.0,4081.1,4084.9,12224
1776745800,4085.0,4088.5,4084.9,4086.5,26115
1776746100,4085.9,4088.9,4083.2,4085.1,18575
1776746400,4084.2,4085.3,4080.7,4082.5,13934
1776746700,4084.6,4084.6,4080.3,4081.0,16096
1776747000,4081.6,4081.6,4076.1,4076.7,16430
1776747300,4076.7,4080.0,4075.9,4078.0,20424
1776747600,4078.0,4080.0,4075.4,4080.0,21911
1776747900,4079.9,4081.6,4077.2,4079.0,16514
1776748200,4078.8,4079.6,4074.8,4076.3,10305
1776748500,4076.8,4079.9,4076.0,4079.0,12266
1776748800,4079.5,4084.2,4076.9,4080.0,20616
1776749100,4079.4,4084.2,4079.0,4084.2,26928
1776749400,4084.2,4088.8,4084.2,4087.8,26147
1776749700,4088.3,4088.9,4084.5,4085.4,20167
1776750000,4084.6,4085.5,4083.8,4084.7,8669
1776750300,4085.0,4085.5,4077.8,4079.0,15311
1776750600,4079.0,4079.0,4076.9,4077.8,10264
1776750900,4077.5,4078.1,4072.5,4078.0,33044
1776751200,4077.9,4078.0,4071.5,4073.5,16924
1776751500,4073.3,4077.9,4072.1,4073.2,26440
1776751800,4073.2,4075.6,4073.2,4074.8,13035
1776752100,4075.2,4079.0,4073.3,4073.6,14633
1776752400,4073.2,4074.0,4066.3,4068.9,22635
1776752700,4069.0,4070.5,4061.6,4064.5,31746
1776753000,4064.5,4069.3,4062.4,4065.7,44343
1776753300,4065.8,4071.0,4063.4,4066.8,35157
1776753600,4067.1,4070.2,4066.8,4067.1,15646
1776753900,4067.1,4075.0,4066.7,4074.5,29790
1776754200,4074.6,4079.8,4071.3,4075.6,41597
1776754500,4075.6,4078.7,4072.8,4077.6,22463
1776754800,4077.6,4079.6,4072.0,4073.3,32628
1776755100,4073.1,4078.5,4072.6,4075.2,23200
1776755400,4075.2,4077.0,4074.0,4077.0,15349
1776755700,4077.0,4077.0,4068.5,4071.9,17671
1776756000,4071.9,4077.5,4069.1,4076.2,18141
1776756300,4076.2,4083.0,4072.4,4083.0,113191
1776756600,4083.0,4085.0,4076.8,4081.0,46495
1776756900,4081.0,4083.9,4080.1,4082.5,26459
1776757200,4082.5,4083.7,4078.2,4083.1,38039
1776757500,4083.1,4084.9,4077.0,4079.0,30544
1776757800,4078.8,4080.4,4075.2,4076.0,28568
1776758100,4076.0,4076.5,4073.5,4075.8,19168
1776758400,4075.8,4078.0,4074.8,4078.0,15782
1776758700,4078.0,4078.1,4073.4,4076.3,15515
1776759000,4076.3,4076.9,4068.1,4070.8,31872
1776759300,4073.5,4074.3,4070.0,4073.6,30179
1776759600,4073.8,4074.6,4071.7,4074.5,14139
1776759900,4074.5,4077.5,4072.0,4075.0,26633
1776760200,4075.2,4076.3,4070.5,4075.2,50613
1776760500,4075.0,4075.8,4070.3,4071.2,22221
1776760800,4070.0,4072.0,4068.5,4070.3,30778
1776761100,4071.2,4072.6,4069.9,4072.1,42416
1776761400,4072.1,4076.0,4070.0,4074.7,56219
1776761700,4075.2,4075.5,4071.2,4073.7,38645
1776762000,4074.0,4074.6,4070.6,4072.9,34320
1776762300,4072.3,4077.5,4071.6,4074.4,36310
1776762600,4074.8,4076.2,4072.9,4075.4,27137
1776762900,4075.8,4075.9,4072.4,4075.2,33241
1776763200,4075.9,4078.4,4074.7,4077.5,35316
1776763500,4077.6,4077.6,4074.9,4076.7,21495
1776763800,4076.8,4079.3,4075.0,4078.7,70588
1776764100,4078.7,4079.4,4073.4,4075.9,72262
1776764400,4076.0,4077.0,4073.1,4075.0,72404
1776764700,4075.0,4078.0,4073.3,4077.0,67424
1776765000,4077.0,4078.0,4072.8,4074.1,57917
1776765300,4074.4,4074.4,4066.0,4070.0,55293
1776829500,4070.0,4070.0,4040.8,4052.0,79616
1776829800,4050.2,4058.0,4050.0,4056.6,26381
1776830100,4054.9,4068.4,4054.9,4059.3,42839
1776830400,4057.0,4059.3,4052.0,4052.9,19660
1776830700,4053.9,4054.3,4049.1,4049.1,31965
1776831000,4048.0,4049.2,4041.0,4042.5,26503
1776831300,4042.5,4042.5,4031.1,4034.6,40097
1776831600,4034.7,4041.7,4032.4,4034.1,24762
1776831900,4034.1,4037.2,4028.0,4031.7,27111
1776832200,4031.5,4032.4,4022.1,4029.6,30564
1776832500,4029.6,4033.0,4027.0,4033.0,23555
1776832800,4033.0,4035.0,4030.1,4031.0,18218
1776833100,4031.0,4035.1,4030.8,4035.0,19917
1776833400,4035.0,4040.0,4031.1,4039.9,21561
1776833700,4039.3,4045.5,4038.3,4045.5,20826
1776834000,4045.1,4045.9,4041.6,4041.8,20872
1776834300,4041.8,4044.0,4041.5,4041.9,14509
1776834600,4042.0,4043.0,4039.4,4042.8,22465
1776834900,4043.0,4052.9,4040.5,4049.7,38100
1776835200,4049.8,4054.0,4048.4,4052.9,14298
1776835500,4053.0,4057.8,4052.0,4052.9,18782
1776835800,4052.9,4053.0,4048.8,4050.0,23690
1776836100,4050.4,4050.4,4043.8,4044.8,11740
1776836400,4044.6,4044.9,4036.4,4043.0,28855
1776836700,4042.7,4044.5,4041.4,4044.0,17648
1776837000,4044.0,4044.3,4040.9,4043.0,34607
1776837300,4042.9,4043.8,4040.7,4043.0,42157
1776837600,4043.0,4053.0,4042.4,4047.0,126685
1776837900,4046.2,4047.0,4040.0,4042.3,56717
1776838200,4042.5,4043.0,4038.3,4038.6,17129
1776838500,4038.4,4038.4,4027.0,4027.8,38776
1776838800,4027.7,4031.0,4027.0,4028.0,50067
1776839100,4028.0,4031.9,4027.0,4030.1,52400
1776839400,4030.1,4032.1,4029.0,4031.1,11362
1776839700,4031.8,4031.8,4026.0,4026.4,20184
1776840000,4026.4,4029.6,4025.3,4027.9,10539
1776840300,4028.0,4030.0,4025.8,4028.4,11239
1776840600,4028.8,4029.9,4026.4,4026.9,9816
1776840900,4026.5,4030.8,4022.9,4026.9,53353
1776841200,4026.9,4028.0,4020.5,4020.5,73606
1776841500,4020.5,4021.0,4011.4,4020.0,39108
1776841800,4020.0,4021.6,4018.5,4021.0,12841
1776842100,4021.0,4023.6,4017.2,4019.2,23951
1776842400,4019.2,4021.1,4018.6,4021.0,9224
1776842700,4021.1,4024.0,4021.0,4023.5,8825
1776843000,4024.0,4025.0,4019.6,4020.0,28470
1776843300,4020.0,4020.0,4019.4,4020.0,13079
1776843600,4020.0,4020.0,4017.2,4020.0,15024
1776843900,4020.0,4020.0,4018.0,4018.0,11379
1776844200,4018.4,4019.0,4012.0,4013.0,24823
1776844500,4012.9,4017.0,4012.0,4017.0,26879
1776844800,4017.0,4018.3,4015.0,4017.2,30239
1776845100,4018.0,4020.9,4018.0,4020.6,11281
1776845400,4020.5,4025.0,4020.0,4024.9,11187
1776845700,4025.0,4026.8,4021.6,4024.7,10916
1776846000,4024.8,4027.1,4024.0,4026.2,12779
1776846300,4027.0,4035.0,4026.2,4034.9,15627
1776846600,4034.5,4035.5,4027.0,4027.8,37023
1776846900,4029.2,4030.5,4025.9,4026.6,12643
1776847200,4027.3,4028.7,4022.1,4028.1,16322
1776847500,4029.5,4031.7,4023.1,4027.6,24657
1776847800,4027.5,4029.0,4022.1,4023.1,34091
1776848100,4022.9,4024.8,4019.9,4021.9,31499
1776848400,4021.6,4023.3,4020.1,4021.7,14123
1776848700,4022.0,4024.2,4021.3,4021.8,50086
1776849000,4022.3,4026.7,4021.8,4026.1,21591
1776849300,4025.9,4027.7,4025.0,4026.6,13593
1776849600,4026.5,4028.9,4024.9,4028.9,12921
1776849900,4029.1,4031.4,4028.3,4028.7,18607
1776850200,4028.6,4028.7,4020.4,4022.8,36217
1776850500,4022.6,4027.0,4022.1,4026.9,27786
1776850800,4026.5,4028.9,4024.6,4027.0,36465
1776851100,4025.7,4028.5,4024.0,4024.0,40504
1776851400,4025.4,4025.4,4019.9,4020.4,59194
1776851700,4020.0,4020.4,4011.0,4019.0,101809
1776915900,4009.9,4009.9,3978.5,3994.2,105903
1776916200,3995.4,4017.7,3994.0,4013.7,61149
1776916500,4013.8,4019.4,4008.4,4017.1,30883
1776916800,4018.2,4025.0,4011.4,4013.2,29306
1776917100,4014.9,4017.5,4008.6,4013.9,16852
1776917400,4013.8,4029.4,4012.6,4028.0,33178
1776917700,4025.9,4038.7,4025.0,4035.0,39695
1776918000,4035.5,4042.4,4035.0,4040.6,44581
1776918300,4039.3,4046.0,4039.0,4042.3,30932
1776918600,4042.9,4049.7,4040.1,4049.0,32076
1776918900,4049.0,4050.0,4042.0,4043.0,22937
1776919200,4043.5,4043.5,4037.1,4039.8,15090
1776919500,4039.0,4046.6,4037.0,4046.5,17788
1776919800,4047.0,4048.4,4040.2,4042.0,9601
1776920100,4042.0,4047.7,4041.2,4043.7,10907
1776920400,4043.9,4044.0,4035.6,4037.6,10431
1776920700,4037.5,4039.5,4032.8,4036.6,21534
1776921000,4036.6,4037.6,4031.5,4032.9,15719
1776921300,4032.0,4034.9,4026.1,4034.1,31270
1776921600,4034.1,4035.7,4030.0,4033.9,7242
1776921900,4033.9,4037.0,4032.0,4033.8,15054
1776922200,4033.9,4036.0,4030.4,4035.9,9122
1776922500,4036.0,4037.0,4031.5,4034.8,43111
1776922800,4035.3,4036.9,4030.1,4031.4,17419
1776923100,4031.4,4031.5,4028.1,4028.1,8974
1776923400,4027.7,4029.9,4026.0,4026.1,19649
1776923700,4026.7,4031.0,4026.7,4031.0,29578
1776924000,4031.0,4037.0,4028.8,4035.0,38472
1776924300,4034.9,4041.0,4031.3,4038.9,93244
1776924600,4039.2,4043.0,4034.8,4035.2,41757
1776924900,4035.2,4042.0,4034.3,4038.2,26576
1776925200,4037.9,4041.1,4036.3,4040.0,19155
1776925500,4042.0,4042.0,4035.1,4040.0,17278
1776925800,4040.0,4040.0,4036.4,4036.6,30496
1776926100,4035.9,4039.0,4034.2,4035.6,23592
1776926400,4035.6,4037.4,4033.2,4033.8,22250
1776926700,4034.3,4036.9,4031.2,4032.0,12594
1776927000,4031.1,4036.0,4030.9,4035.1,11130
1776927300,4035.0,4035.9,4031.4,4033.3,15389
1776927600,4034.8,4035.0,4031.0,4033.1,16283
1776927900,4033.6,4034.6,4026.0,4031.5,16303
1776928200,4031.5,4032.5,4027.0,4031.3,16913
1776928500,4031.0,4031.6,4028.1,4028.6,8273
1776928800,4028.3,4031.6,4027.3,4030.5,10632
1776929100,4031.0,4035.1,4031.0,4034.3,20883
1776929400,4034.8,4040.0,4034.8,4039.9,28308
1776929700,4040.0,4046.0,4037.8,4045.9,73715
1776930000,4046.0,4047.0,4037.3,4039.5,19531
1776930300,4040.0,4044.8,4038.8,4044.6,47828
1776930600,4044.9,4059.8,4044.9,4058.7,57990
1776930900,4059.2,4064.0,4055.3,4061.4,47892
1776931200,4062.0,4063.8,4055.0,4056.2,20780
1776931500,4057.3,4057.3,4042.6,4047.4,27635
1776931800,4047.7,4049.9,4045.2,4047.9,12604
1776932100,4048.6,4050.0,4044.6,4047.0,12024
1776932400,4047.6,4050.3,4045.2,4049.0,11682
1776932700,4049.0,4054.5,4047.0,4052.0,16315
1776933000,4053.1,4055.5,4050.0,4055.5,22106
1776933300,4056.0,4056.1,4049.7,4051.2,32995
1776933600,4052.2,4052.2,4044.7,4049.0,46278
1776933900,4049.1,4052.0,4044.0,4044.1,62379
1776934200,4043.6,4050.0,4040.1,4045.0,64106
1776934500,4045.0,4045.0,4040.1,4040.1,20352
1776934800,4040.3,4042.7,4036.0,4037.4,34020
1776935100,4037.4,4039.4,4033.7,4036.0,23076
1776935400,4036.0,4039.4,4033.1,4039.4,33981
1776935700,4039.4,4048.9,4037.6,4044.2,32013
1776936000,4044.2,4049.9,4044.0,4046.5,25580
1776936300,4046.5,4047.9,4044.1,4047.7,18394
1776936600,4047.9,4058.7,4047.9,4054.1,45795
1776936900,4054.1,4057.5,4051.0,4053.6,33833
1776937200,4054.0,4055.3,4049.9,4051.2,39176
1776937500,4051.0,4056.0,4050.8,4054.9,44203
1776937800,4054.9,4059.0,4051.4,4056.2,55019
1776938100,4057.9,4058.0,4047.4,4050.0,31524
1777002300,4072.0,4088.1,4062.0,4062.3,61735
1777002600,4062.7,4064.5,4055.0,4056.3,22911
1777002900,4056.3,4056.3,4037.2,4039.9,21148
1777003200,4037.0,4041.3,4027.0,4028.4,25574
1777003500,4028.4,4034.5,4026.9,4029.9,13258
1777003800,4029.5,4034.7,4025.8,4031.8,16445
1777004100,4031.8,4032.0,4026.4,4031.0,13892
1777004400,4030.7,4031.0,4010.7,4016.1,45054
1777004700,4015.0,4020.9,4009.8,4018.7,48816
1777005000,4019.6,4026.2,4018.2,4023.1,16435
1777005300,4024.0,4030.0,4024.0,4029.3,19427
1777005600,4029.3,4029.6,4024.9,4027.8,12544
1777005900,4026.8,4038.1,4025.3,4032.5,26832
1777006200,4032.6,4032.6,4021.6,4022.3,11605
1777006500,4022.3,4029.9,4021.0,4026.6,22516
1777006800,4026.6,4029.9,4022.0,4029.8,6966
1777007100,4029.8,4033.2,4024.6,4026.9,25353
1777007400,4026.9,4026.9,4017.1,4018.8,20128
1777007700,4018.5,4021.0,4010.2,4010.5,32757
1777008000,4010.6,4015.0,4007.1,4013.6,30607
1777008300,4013.3,4014.8,4009.5,4010.0,18773
1777008600,4010.0,4010.6,4007.6,4010.4,19602
1777008900,4010.5,4013.0,4005.0,4006.0,32591
1777009200,4006.0,4006.6,4000.0,4003.9,63729
1777009500,4004.0,4004.0,4000.0,4000.4,21235
1777009800,4001.4,4004.0,4000.3,4003.9,17292
1777010100,4003.9,4009.0,4003.7,4005.6,21976
1777010400,4005.6,4007.4,4000.8,4000.9,53538
1777010700,4000.9,4006.0,4000.1,4004.5,16066
1777011000,4004.3,4005.0,4003.1,4004.5,27904
1777011300,4004.7,4005.0,3999.0,3999.6,55135
1777011600,3999.6,4000.0,3995.0,3999.0,22871
1777011900,3999.0,4000.1,3995.0,3999.4,25943
1777012200,3999.4,4004.8,3999.0,4001.3,31088
1777012500,4001.2,4008.2,4000.9,4003.9,65753
1777012800,4003.9,4011.0,4003.7,4010.0,103401
1777013100,4010.1,4016.9,4008.3,4014.6,31331
1777013400,4014.6,4015.0,4011.0,4012.0,13256
1777013700,4011.9,4013.7,4007.0,4010.0,18512
1777014000,4009.9,4010.0,4005.0,4008.0,14551
1777014300,4008.0,4010.0,4006.4,4007.0,18204
1777014600,4007.0,4008.1,4001.0,4001.3,18349
1777014900,4001.3,4009.1,4001.3,4004.6,12295
1777015200,4004.6,4006.0,4004.2,4005.9,13297
1777015500,4006.0,4006.0,4001.1,4003.2,18130
1777015800,4003.0,4004.7,3999.1,4000.0,40056
1777016100,4000.1,4000.1,3990.2,3990.3,37927
1777016400,3990.0,3990.1,3983.2,3987.0,57072
1777016700,3985.5,3989.2,3984.1,3987.5,10534
1777017000,3987.5,3990.3,3983.5,3988.5,11171
1777017300,3988.5,3997.0,3988.0,3995.2,18824
1777017600,3995.2,3995.3,3990.0,3991.2,10584
1777017900,3991.1,3995.0,3986.0,3994.1,34990
1777018200,3994.1,4002.1,3994.1,4000.0,17861
1777018500,4000.0,4009.6,4000.0,4005.4,33818
1777018800,4005.4,4010.0,4004.6,4008.0,26604
1777019100,4008.0,4008.0,4001.3,4003.2,9262
1777019400,4002.3,4005.0,4001.0,4003.9,7069
1777019700,4003.9,4004.1,3997.3,3998.8,41782
1777020000,3997.6,4000.0,3997.2,3999.0,18559
1777020300,3998.0,4003.9,3997.9,4001.1,36611
1777020600,4001.4,4006.0,3999.8,4003.7,39369
1777020900,4003.1,4005.0,4001.3,4003.9,16168
1777021200,4002.6,4012.0,4002.4,4009.9,49438
1777021500,4009.9,4016.0,4009.9,4015.9,37683
1777021800,4015.7,4017.0,4013.2,4016.5,23499
1777022100,4016.4,4018.0,4014.1,4015.0,19381
1777022400,4015.0,4015.4,4009.5,4013.4,30984
1777022700,4012.5,4018.0,4012.5,4016.9,26441
1777023000,4015.9,4017.0,4013.4,4015.4,35121
1777023300,4015.4,4015.4,4012.6,4014.9,44100
1777023600,4015.0,4016.0,4011.5,4013.0,45615
1777023900,4012.9,4016.0,4010.6,4015.9,41561
1777024200,4015.8,4018.7,4012.1,4015.0,50504
1777024500,4014.6,4015.0,4007.6,4012.0,33858
1777261500,4058.0,4069.0,4030.2,4068.8,99544
1777261800,4068.8,4079.9,4066.1,4075.5,57945
1777262100,4075.0,4078.0,4064.0,4068.4,39059
1777262400,4068.0,4071.6,4061.3,4062.7,20131
1777262700,4061.3,4065.1,4060.1,4061.7,13028
1777263000,4062.0,4068.1,4061.1,4068.0,12265
1777263300,4068.2,4070.0,4062.8,4069.0,12296
1777263600,4069.0,4077.1,4067.9,4072.9,21833
1777263900,4072.0,4073.9,4068.6,4072.9,12988
1777264200,4072.9,4072.9,4064.9,4064.9,13353
1777264500,4065.0,4067.6,4063.9,4065.9,8142
1777264800,4065.9,4069.0,4065.0,4065.7,11967
1777265100,4065.7,4072.6,4064.5,4072.6,29232
1777265400,4072.2,4072.7,4067.0,4071.3,20050
1777265700,4071.3,4071.5,4068.6,4071.2,10314
1777266000,4071.2,4072.0,4064.5,4065.9,10169
1777266300,4066.0,4068.0,4064.8,4068.0,10088
1777266600,4068.0,4071.0,4067.4,4069.9,8554
1777266900,4069.8,4076.0,4066.3,4076.0,25508
1777267200,4076.0,4080.0,4074.0,4079.4,39188
1777267500,4079.0,4082.0,4076.0,4077.3,15467
1777267800,4078.1,4078.4,4068.0,4070.0,29736
1777268100,4070.0,4072.5,4067.5,4068.2,10243
1777268400,4068.2,4071.3,4067.5,4071.0,10577
1777268700,4070.9,4073.9,4069.5,4073.8,13471
1777269000,4073.8,4075.3,4070.2,4075.3,8193
1777269300,4075.3,4075.3,4068.9,4070.0,8886
1777269600,4070.0,4071.2,4067.0,4068.4,9356
1777269900,4068.4,4068.4,4054.5,4055.7,26868
1777270200,4055.2,4057.8,4054.0,4054.9,12629
1777270500,4054.9,4062.2,4050.1,4061.9,31819
1777270800,4061.9,4064.0,4058.9,4063.0,6345
1777271100,4063.0,4069.5,4062.8,4069.2,8195
1777271400,4069.0,4069.0,4062.9,4066.9,6883
1777271700,4066.2,4069.9,4063.7,4068.7,20690
1777272000,4068.0,4068.8,4064.5,4065.1,6867
1777272300,4065.1,4066.6,4063.8,4065.9,7716
1777272600,4065.6,4066.3,4063.2,4065.0,5956
1777272900,4065.0,4069.3,4063.5,4068.5,10619
1777273200,4068.5,4070.0,4066.2,4070.0,8722
1777273500,4070.0,4073.0,4068.4,4072.3,16073
1777273800,4072.3,4073.0,4068.1,4071.7,14215
1777274100,4071.3,4073.0,4071.0,4072.9,11895
1777274400,4073.0,4076.8,4070.8,4075.0,19430
1777274700,4075.0,4076.9,4073.5,4076.9,12522
1777275000,4076.9,4080.0,4076.7,4080.0,27573
1777275300,4080.0,4080.8,4076.0,4080.8,16916
1777275600,4080.8,4081.2,4076.6,4081.0,16967
1777275900,4081.2,4089.5,4080.8,4088.8,43666
1777276200,4088.8,4088.8,4085.0,4086.8,15453
1777276500,4087.9,4088.2,4083.2,4086.6,11767
1777276800,4086.6,4086.9,4084.3,4086.9,12087
1777277100,4086.4,4089.0,4081.4,4082.2,15132
1777277400,4082.1,4084.2,4077.9,4078.0,38514
1777277700,4077.8,4081.1,4076.8,4078.5,64998
1777278000,4078.5,4079.1,4073.4,4075.8,34114
1777278300,4075.8,4075.8,4070.9,4073.0,30501
1777278600,4073.0,4077.7,4072.0,4074.3,58121
1777278900,4074.3,4077.2,4073.2,4076.9,12408
1777279200,4076.9,4080.0,4076.0,4079.5,13776
1777279500,4080.0,4080.0,4076.2,4078.4,9635
1777279800,4078.4,4078.4,4072.5,4073.0,29326
1777280100,4072.6,4073.0,4067.0,4069.8,29598
1777280400,4069.6,4070.2,4058.0,4058.5,34561
1777280700,4058.4,4063.3,4056.5,4063.2,61495
1777281000,4063.1,4063.9,4057.6,4061.4,40544
1777281300,4061.4,4065.8,4055.0,4064.9,45646
1777281600,4064.9,4070.0,4063.1,4069.6,35781
1777281900,4070.0,4070.0,4059.3,4062.1,61116
1777282200,4060.9,4060.9,4052.3,4055.0,103240
1777282500,4055.0,4057.1,4050.0,4056.6,57879
1777282800,4056.3,4057.3,4050.0,4051.4,89659
1777283100,4053.1,4056.6,4051.2,4055.2,64083
1777283400,4055.2,4056.9,4050.5,4054.9,66590
1777283700,4054.9,4056.2,4052.0,4055.0,39138
1777347900,4060.0,4075.0,4034.1,4073.2,78761
1777348200,4074.0,4079.5,4073.0,4073.9,42876
1777348500,4074.0,4079.9,4072.6,4078.1,27736
1777348800,4078.2,4079.2,4068.0,4072.3,23239
1777349100,4072.3,4076.3,4069.6,4071.8,10006
1777349400,4072.0,4079.4,4070.7,4077.5,13183
1777349700,4078.5,4085.0,4078.5,4080.6,24851
1777350000,4080.8,4084.0,4080.6,4082.6,9877
1777350300,4082.6,4085.2,4080.9,4084.9,16306
1777350600,4086.0,4087.9,4081.1,4081.1,18052
1777350900,4081.1,4082.0,4078.5,4080.0,13110
1777351200,4080.7,4081.8,4077.7,4078.0,8497
1777351500,4077.7,4080.3,4075.1,4075.1,6266
1777351800,4077.1,4077.3,4073.7,4074.1,6691
1777352100,4074.1,4074.9,4071.5,4073.5,8886
1777352400,4073.9,4075.0,4071.3,4073.7,6874
1777352700,4072.9,4074.3,4068.5,4072.0,16740
1777353000,4071.7,4074.3,4068.0,4068.0,6552
1777353300,4068.7,4073.7,4066.0,4071.8,23013
1777353600,4073.0,4075.0,4071.4,4074.9,9283
1777353900,4074.7,4079.4,4073.4,4078.5,14979
1777354200,4078.5,4078.8,4076.1,4076.5,8206
1777354500,4077.1,4077.3,4069.2,4072.0,10493
1777354800,4072.1,4072.7,4066.3,4069.6,12006
1777355100,4069.6,4069.6,4062.0,4063.1,11774
1777355400,4063.0,4069.4,4062.0,4063.1,28082
1777355700,4063.1,4063.1,4048.1,4048.1,32553
1777356000,4048.3,4056.9,4045.8,4052.7,28263
1777356300,4053.1,4058.9,4053.1,4058.9,16861
1777356600,4058.7,4062.0,4058.5,4061.6,14826
1777356900,4062.0,4064.4,4060.2,4062.0,7622
1777357200,4061.8,4062.1,4060.0,4062.1,5707
1777357500,4062.0,4064.5,4061.1,4061.2,7498
1777357800,4062.6,4062.6,4053.5,4055.0,10024
1777358100,4054.6,4055.0,4046.5,4049.6,13137
1777358400,4048.5,4051.0,4046.8,4049.9,59571
1777358700,4049.6,4050.0,4037.0,4037.6,16839
1777359000,4037.0,4038.0,4028.0,4036.6,41072
1777359300,4036.9,4040.7,4035.0,4037.1,22709
1777359600,4037.3,4037.3,4026.0,4031.0,26932
1777359900,4031.4,4036.7,4031.1,4034.5,19796
1777360200,4034.6,4038.0,4034.2,4037.9,13974
1777360500,4037.9,4040.6,4033.1,4034.4,25029
1777360800,4033.3,4036.7,4032.0,4032.3,18203
1777361100,4032.3,4033.3,4029.5,4030.3,18754
1777361400,4030.3,4035.6,4028.4,4031.8,25476
1777361700,4031.4,4033.8,4030.6,4032.2,17915
1777362000,4032.1,4033.6,4027.3,4027.3,18805
1777362300,4028.2,4032.9,4027.3,4032.4,13577
1777362600,4032.5,4038.8,4030.0,4038.7,15554
1777362900,4038.8,4041.8,4037.0,4037.9,17251
1777363200,4037.6,4038.0,4031.0,4034.3,24987
1777363500,4034.3,4034.7,4023.9,4030.3,57912
1777363800,4030.4,4036.0,4030.1,4033.8,13592
1777364100,4033.6,4037.0,4031.8,4034.6,14155
1777364400,4034.7,4037.7,4033.0,4035.8,13516
1777364700,4037.4,4040.7,4034.4,4036.5,24208
1777365000,4037.0,4037.0,4032.3,4033.6,11326
1777365300,4033.7,4035.3,4032.4,4033.4,11780
1777365600,4033.3,4033.3,4029.2,4030.0,28213
1777365900,4030.1,4032.5,4027.0,4031.0,32261
1777366200,4031.2,4039.3,4030.0,4036.0,17664
1777366500,4036.6,4040.1,4034.7,4039.1,34143
1777366800,4039.0,4043.5,4039.0,4040.0,32911
1777367100,4040.0,4042.5,4036.6,4041.2,32012
1777367400,4041.5,4043.0,4036.5,4042.8,17740
1777367700,4042.9,4042.9,4038.7,4040.0,13197
1777368000,4040.0,4041.4,4037.6,4038.2,16509
1777368300,4039.2,4039.5,4035.8,4038.9,16159
1777368600,4038.9,4039.5,4030.0,4030.8,47670
1777368900,4030.6,4033.7,4029.9,4030.4,50217
1777369200,4030.6,4038.0,4030.0,4038.0,41054
1777369500,4037.1,4053.0,4033.9,4044.3,98327
1777369800,4044.4,4048.8,4031.0,4038.9,37997
1777370100,4038.9,4044.9,4037.8,4044.0,91560
1777434300,4060.0,4078.3,4051.3,4069.9,55905
1777434600,4070.0,4077.2,4060.0,4062.0,30050
1777434900,4062.7,4072.0,4061.2,4072.0,21823
1777435200,4070.9,4080.0,4070.5,4073.4,44839
1777435500,4073.4,4073.4,4065.1,4069.1,13335
1777435800,4068.7,4070.0,4063.0,4070.0,9855
1777436100,4070.0,4074.0,4068.8,4073.6,65904
1777436400,4073.9,4075.3,4072.0,4074.5,9680
1777436700,4073.1,4078.5,4070.0,4076.9,26096
1777437000,4077.0,4085.0,4076.8,4079.8,35400
1777437300,4080.0,4082.0,4078.0,4078.7,27718
1777437600,4078.7,4084.0,4077.6,4082.3,11861
1777437900,4082.9,4084.0,4077.0,4084.0,17953
1777438200,4084.0,4094.8,4083.6,4088.0,93927
1777438500,4088.7,4092.4,4086.4,4089.4,44198
1777438800,4089.0,4089.4,4081.9,4083.4,25142
1777439100,4083.4,4089.0,4082.0,4087.4,27690
1777439400,4087.5,4089.0,4084.5,4088.3,9301
1777439700,4088.3,4088.4,4083.6,4087.4,29109
1777440000,4087.5,4093.2,4087.0,4089.4,19624
1777440300,4089.5,4090.0,4085.7,4087.3,7424
1777440600,4088.0,4092.0,4086.4,4090.0,24276
1777440900,4090.8,4094.0,4090.6,4093.4,19517
1777441200,4093.5,4099.4,4092.9,4099.4,50800
1777441500,4099.5,4102.7,4094.2,4096.0,54718
1777441800,4096.0,4104.0,4095.0,4101.9,34460
1777442100,4101.9,4104.0,4100.1,4101.9,14607
1777442400,4101.9,4106.8,4098.6,4105.6,37572
1777442700,4105.7,4106.0,4100.0,4102.0,14118
1777443000,4102.0,4105.1,4100.9,4103.1,11593
1777443300,4103.0,4103.0,4100.0,4100.0,9808
1777443600,4100.8,4102.0,4099.2,4100.4,21203
1777443900,4100.5,4102.0,4097.1,4102.0,19073
1777444200,4102.0,4105.0,4101.3,4104.7,15623
1777444500,4104.9,4107.4,4101.1,4107.4,20941
1777444800,4107.4,4114.6,4107.0,4110.9,41868
1777445100,4112.0,4114.0,4110.9,4113.6,18903
1777445400,4113.8,4115.0,4112.0,4113.9,27700
1777445700,4114.0,4114.9,4111.4,4114.5,23759
1777446000,4114.5,4117.5,4112.5,4117.0,26632
1777446300,4117.1,4120.0,4116.1,4120.0,25388
1777446600,4120.0,4123.0,4117.4,4122.1,35725
1777446900,4122.9,4126.0,4122.0,4124.5,35067
1777447200,4124.5,4124.5,4121.0,4123.5,28999
1777447500,4123.5,4125.0,4121.7,4123.7,16277
1777447800,4123.7,4124.7,4116.2,4118.9,38822
1777448100,4118.9,4122.1,4117.9,4121.4,33988
1777448400,4120.6,4124.9,4120.4,4123.6,21364
1777448700,4123.8,4125.0,4121.1,4124.5,20071
1777449000,4125.0,4125.8,4121.7,4123.9,20106
1777449300,4123.9,4125.6,4121.5,4125.0,40094
1777449600,4124.8,4125.9,4121.8,4124.1,24036
1777449900,4124.0,4124.9,4115.6,4117.7,29285
1777450200,4117.8,4118.4,4112.6,4114.3,23902
1777450500,4114.6,4115.1,4110.1,4113.2,21765
1777450800,4113.2,4120.0,4112.0,4117.3,23238
1777451100,4117.5,4120.0,4112.0,4112.0,18694
1777451400,4112.9,4117.4,4105.7,4107.7,29507
1777451700,4108.5,4110.0,4101.8,4107.0,40097
1777452000,4107.5,4113.8,4104.3,4112.0,22692
1777452300,4112.0,4113.4,4103.0,4107.0,23499
1777452600,4106.7,4114.6,4105.8,4113.3,19246
1777452900,4114.2,4114.2,4107.6,4110.0,20950
1777453200,4109.9,4115.0,4104.9,4114.7,50747
1777453500,4114.7,4114.7,4104.0,4107.0,22455
1777453800,4107.0,4110.0,4105.7,4108.9,16946
1777454100,4108.4,4109.8,4105.4,4106.9,15085
1777454400,4107.6,4108.6,4102.9,4103.7,20686
1777454700,4104.0,4106.4,4102.6,4104.0,21026
1777455000,4104.0,4106.7,4102.3,4103.7,39831
1777455300,4104.0,4104.0,4099.6,4100.2,57961
1777455600,4100.2,4101.5,4096.1,4096.1,43384
1777455900,4096.1,4097.9,4090.1,4091.9,53035
1777456200,4092.2,4093.1,4089.0,4090.3,50201
1777456500,4089.9,4094.9,4081.1,4083.1,53281
1777520700,4083.0,4100.0,4057.3,4059.3,130925
1777521000,4058.5,4059.5,4037.7,4040.6,60075
1777521300,4040.6,4043.0,4032.6,4035.5,39630
1777521600,4035.5,4039.8,4026.8,4039.8,39339
1777521900,4040.0,4041.2,4032.0,4034.0,22123
1777522200,4033.9,4042.9,4032.0,4040.1,19419
1777522500,4039.9,4043.0,4033.0,4037.7,22500
1777522800,4037.7,4038.5,4030.1,4030.6,17340
1777523100,4031.0,4032.6,4029.0,4029.8,22419
1777523400,4030.0,4030.0,4022.0,4025.0,28667
1777523700,4026.2,4030.5,4018.0,4022.4,26327
1777524000,4022.4,4024.3,4019.1,4021.7,23194
1777524300,4021.0,4022.8,4015.0,4021.1,29004
1777524600,4021.2,4021.4,4010.0,4010.0,34904
1777524900,4010.4,4010.5,4002.0,4003.3,54232
1777525200,4003.4,4009.5,4002.0,4006.9,34511
1777525500,4006.9,4011.5,4005.0,4007.0,17178
1777525800,4007.0,4011.4,4005.5,4011.4,17438
1777526100,4011.4,4011.4,4005.2,4008.0,9524
1777526400,4007.6,4010.0,4003.0,4003.0,14957
1777526700,4003.1,4003.4,3990.5,3996.9,39916
1777527000,3999.0,4000.0,3991.0,3993.0,23094
1777527300,3993.0,3999.0,3991.0,3998.2,15186
1777527600,3998.0,3998.8,3995.0,3997.6,8124
1777527900,3997.6,4003.0,3997.6,4000.5,15992
1777528200,4000.0,4001.9,3997.5,4001.9,11410
1777528500,4001.9,4006.6,4001.9,4005.6,10414
1777528800,4005.5,4005.7,4001.9,4003.8,6077
1777529100,4003.8,4012.9,4003.7,4011.3,16799
1777529400,4011.3,4011.3,4003.8,4005.0,12915
1777529700,4005.0,4007.2,4000.3,4007.2,12977
1777530000,4004.6,4006.0,4002.0,4003.6,7545
1777530300,3996.0,3998.3,3993.3,3996.9,164442
1777530600,3997.9,3998.0,3994.3,3994.9,34598
1777530900,3995.0,3997.9,3992.0,3995.0,27845
1777531200,3995.0,3999.2,3993.0,3998.2,64956
1777531500,3998.2,4003.3,3992.5,3992.9,39210
1777531800,3992.1,4000.0,3991.0,3999.9,16015
1777532100,3999.9,4000.0,3995.1,3997.8,17839
1777532400,3997.9,4000.0,3990.0,3995.5,30494
1777532700,3995.5,3995.7,3992.0,3994.9,18560
1777533000,3994.9,3995.0,3990.0,3993.7,16163
1777533300,3994.0,3996.4,3993.2,3994.9,39062
1777533600,3994.9,4003.8,3994.3,4002.3,31451
1777533900,4002.3,4003.9,3999.4,4001.2,13527
1777534200,4002.0,4008.2,4001.3,4003.9,31147
1777534500,4004.0,4004.0,3995.0,4002.0,31036
1777534800,4003.1,4007.1,3999.6,4004.7,21311
1777535100,4004.5,4007.0,4000.4,4001.7,13581
1777535400,4000.6,4009.8,4000.6,4008.1,20650
1777535700,4008.1,4014.0,4004.9,4012.0,33575
1777536000,4011.7,4012.8,4005.2,4006.0,16221
1777536300,4006.0,4014.7,4006.0,4008.9,32712
1777536600,4009.3,4022.7,4008.4,4021.6,40556
1777536900,4022.0,4023.0,4015.0,4018.3,22715
1777537200,4018.3,4018.3,4010.0,4013.6,21106
1777537500,4013.6,4025.0,4013.6,4024.7,28259
1777537800,4024.6,4025.0,4015.0,4018.0,32372
1777538100,4018.1,4019.7,4011.1,4019.5,32475
1777538400,4019.2,4020.0,4012.9,4014.0,34326
1777538700,4014.0,4018.6,4010.0,4010.1,28222
1777539000,4010.5,4013.5,4005.0,4011.0,37959
1777539300,4011.0,4012.0,4007.5,4011.9,38503
1777539600,4011.8,4020.0,4011.8,4019.0,25340
1777539900,4018.5,4024.5,4018.5,4023.6,21791
1777540200,4023.9,4031.0,4020.2,4030.0,50010
1777540500,4029.3,4032.0,4018.3,4018.3,31758
1777540800,4018.7,4020.3,4013.1,4017.7,36188
1777541100,4017.4,4028.0,4016.9,4025.0,26399
1777541400,4025.0,4025.6,4012.6,4012.9,80118
1777541700,4012.9,4012.9,4006.9,4010.0,68896
1777542000,4010.4,4014.6,4004.3,4012.9,92873
1777542300,4012.9,4019.5,4010.5,4017.1,81135
1777542600,4017.0,4018.2,4013.1,4017.4,91655
1777542900,4018.2,4028.0,4016.0,4021.0,78224
1777866300,4026.0,4099.0,4026.0,4093.4,141636
1777866600,4093.6,4111.5,4093.0,4111.0,79665
1777866900,4111.0,4117.6,4105.1,4111.4,91731
1777867200,4112.0,4117.6,4095.0,4108.9,44936
1777867500,4110.0,4127.7,4110.0,4124.5,76876
1777867800,4124.5,4138.0,4123.0,4129.6,71986
1777868100,4129.6,4129.6,4115.2,4115.2,27836
1777868400,4117.1,4117.3,4104.5,4104.5,37010
1777868700,4105.5,4109.0,4102.0,4108.0,18615
1777869000,4107.9,4114.8,4100.1,4104.9,17748
1777869300,4105.6,4111.9,4104.0,4104.0,11115
1777869600,4105.2,4106.8,4098.2,4099.7,11492
1777869900,4099.8,4100.7,4095.0,4098.8,24849
1777870200,4096.7,4099.0,4088.7,4092.0,20841
1777870500,4092.7,4102.0,4090.9,4102.0,11474
1777870800,4102.0,4109.4,4099.1,4103.0,16277
1777871100,4103.0,4108.6,4100.0,4108.6,10073
1777871400,4108.6,4115.0,4105.0,4113.9,33335
1777871700,4113.8,4115.0,4107.9,4109.7,13018
1777872000,4109.5,4110.0,4105.1,4106.6,9167
1777872300,4107.2,4107.8,4100.0,4101.7,10340
1777872600,4101.7,4109.1,4100.3,4107.8,5930
1777872900,4109.0,4111.0,4107.0,4107.0,6703
1777873200,4107.3,4110.0,4104.7,4110.0,7443
1777873500,4110.0,4112.1,4104.3,4106.1,12664
1777873800,4106.1,4117.0,4106.0,4116.1,13566
1777874100,4116.1,4120.0,4114.7,4120.0,15728
1777874400,4120.0,4123.9,4119.0,4120.9,26518
1777874700,4120.9,4121.5,4114.2,4119.9,13330
1777875000,4118.5,4124.9,4114.3,4122.3,13356
1777875300,4122.6,4139.5,4122.4,4135.3,80830
1777875600,4135.3,4135.7,4128.1,4131.3,17831
1777875900,4132.0,4136.9,4128.2,4133.6,33852
1777876200,4134.5,4135.0,4121.6,4123.0,25437
1777876500,4124.1,4129.0,4119.0,4121.1,22768
1777876800,4121.9,4122.8,4108.0,4108.8,38030
1777877100,4109.0,4114.3,4108.0,4112.7,20731
1777877400,4112.7,4115.1,4107.0,4112.1,21101
1777877700,4112.2,4114.9,4108.8,4110.6,21177
1777878000,4110.5,4111.5,4106.7,4107.5,23398
1777878300,4107.7,4112.4,4107.0,4112.4,33588
1777878600,4112.4,4113.5,4108.4,4108.4,26653
1777878900,4108.4,4113.2,4107.0,4109.7,34086
1777879200,4108.3,4115.2,4108.0,4113.5,24294
1777879500,4114.0,4117.3,4111.6,4115.3,28489
1777879800,4115.4,4117.0,4111.0,4115.4,18770
1777880100,4115.2,4118.2,4113.3,4117.7,32595
1777880400,4117.7,4118.4,4115.0,4117.1,13799
1777880700,4116.8,4117.6,4108.8,4114.8,27140
1777881000,4114.4,4114.9,4105.0,4107.7,24778
1777881300,4107.3,4112.0,4101.6,4102.3,26150
1777881600,4101.8,4104.7,4097.0,4098.0,22353
1777881900,4097.0,4110.7,4095.0,4109.5,48737
1777882200,4110.0,4116.9,4109.0,4115.2,17309
1777882500,4116.0,4119.0,4110.8,4119.0,13270
1777882800,4118.8,4122.0,4115.1,4118.9,20196
1777883100,4118.7,4119.9,4111.3,4113.0,18897
1777883400,4113.0,4116.0,4108.0,4110.0,21508
1777883700,4110.0,4110.3,4104.4,4106.7,20359
1777884000,4106.6,4109.5,4105.0,4107.7,35950
1777884300,4107.7,4112.5,4105.2,4108.6,25582
1777884600,4108.6,4113.4,4105.5,4106.0,20724
1777884900,4105.4,4108.6,4104.9,4106.9,20021
1777885200,4106.9,4107.0,4100.2,4102.3,21167
1777885500,4102.5,4105.9,4099.7,4101.9,24568
1777885800,4101.9,4104.0,4094.7,4104.0,22122
1777886100,4104.0,4104.0,4092.5,4094.0,12069
1777886400,4093.7,4098.0,4090.6,4097.4,13431
1777886700,4097.1,4099.2,4090.7,4093.5,12415
1777887000,4094.5,4102.5,4090.7,4102.0,68993
1777887300,4102.0,4108.3,4101.0,4105.1,43534
1777887600,4105.1,4106.1,4102.3,4104.6,55209
1777887900,4105.8,4106.0,4100.1,4104.1,26494
1777888200,4104.2,4104.2,4093.6,4094.0,45038
1777888500,4094.7,4106.0,4093.5,4099.8,44982
1777952700,4085.0,4090.0,4052.4,4065.8,75336
1777953000,4066.3,4068.0,4044.6,4046.3,53670
1777953300,4049.0,4052.9,4026.0,4037.8,70639
1777953600,4034.9,4052.0,4034.5,4050.0,41658
1777953900,4050.9,4067.2,4050.0,4054.3,52275
1777954200,4053.3,4053.3,4045.0,4046.0,28626
1777954500,4046.6,4052.4,4040.2,4050.5,29701
1777954800,4051.7,4063.3,4047.3,4060.0,94052
1777955100,4060.0,4066.4,4056.1,4062.7,36867
1777955400,4062.7,4063.0,4049.1,4052.0,33933
1777955700,4052.0,4054.0,4045.5,4046.3,42250
1777956000,4047.8,4053.2,4045.1,4047.0,27934
1777956300,4047.0,4047.3,4035.5,4043.9,39156
1777956600,4044.1,4045.9,4038.4,4039.7,24788
1777956900,4039.7,4041.9,4035.0,4037.4,22810
1777957200,4037.4,4039.9,4034.0,4035.0,35769
1777957500,4035.0,4037.0,4028.0,4033.3,43830
1777957800,4033.0,4034.1,4024.0,4025.5,56153
1777958100,4024.7,4035.0,4024.1,4034.0,27234
1777958400,4034.5,4038.2,4031.5,4035.5,13912
1777958700,4036.2,4040.0,4030.2,4039.3,20951
1777959000,4039.8,4048.8,4035.8,4047.1,24103
1777959300,4047.3,4048.7,4040.0,4042.9,61690
1777959600,4042.9,4046.5,4041.1,4044.1,20761
1777959900,4042.8,4053.0,4042.8,4047.9,15420
1777960200,4049.5,4051.6,4045.4,4049.0,8360
1777960500,4049.7,4051.0,4048.2,4050.3,14629
1777960800,4050.3,4050.7,4043.7,4049.6,22200
1777961100,4049.8,4051.8,4045.0,4048.9,10445
1777961400,4049.1,4049.2,4041.0,4042.6,12258
1777961700,4042.9,4044.9,4040.0,4042.6,16948
1777962000,4042.3,4046.0,4039.0,4039.7,29530
1777962300,4039.7,4042.8,4038.0,4039.6,18846
1777962600,4039.6,4044.2,4037.3,4041.8,11791
1777962900,4041.8,4048.5,4040.5,4046.1,6811
1777963200,4047.4,4053.0,4045.5,4053.0,16713
1777963500,4053.0,4053.5,4050.3,4052.0,11384
1777963800,4052.4,4062.3,4051.0,4060.3,22926
1777964100,4061.3,4061.8,4051.8,4055.2,54883
1777964400,4055.2,4059.9,4049.6,4051.7,92565
1777964700,4051.7,4056.4,4049.8,4052.8,19382
1777965000,4053.0,4058.4,4052.3,4056.9,18835
1777965300,4056.9,4056.9,4049.3,4053.9,18616
1777965600,4053.6,4054.6,4051.8,4054.0,9307
1777965900,4053.9,4058.8,4050.0,4058.8,82788
1777966200,4058.8,4059.5,4049.4,4056.6,127133
1777966500,4056.4,4065.0,4050.0,4062.1,248123
1777966800,4062.4,4071.9,4056.0,4064.0,133809
1777967100,4065.5,4066.1,4055.4,4058.4,25081
1777967400,4058.5,4062.0,4055.8,4058.5,14005
1777967700,4060.2,4060.7,4056.2,4057.7,13949
1777968000,4058.2,4060.0,4050.5,4055.5,103411
1777968300,4055.5,4059.0,4050.7,4058.1,25633
1777968600,4058.1,4058.1,4051.1,4056.7,42692
1777968900,4056.7,4060.5,4050.8,4055.0,81306
1777969200,4055.0,4067.7,4050.9,4054.5,202069
1777969500,4054.6,4056.0,4048.1,4051.8,32246
1777969800,4051.4,4055.7,4050.1,4053.4,11514
1777970100,4053.4,4054.3,4050.1,4051.3,14730
1777970400,4052.0,4057.3,4051.7,4056.9,18333
1777970700,4056.9,4061.4,4050.4,4058.7,124684
1777971000,4059.4,4069.0,4052.0,4054.5,156693
1777971300,4054.5,4059.6,4051.0,4052.7,81841
1777971600,4052.8,4056.8,4048.8,4053.6,40646
1777971900,4053.6,4056.2,4050.1,4055.0,42670
1777972200,4055.2,4055.2,4046.1,4051.1,36984
1777972500,4051.1,4053.6,4046.0,4049.5,41198
1777972800,4049.6,4052.0,4045.1,4047.8,47910
1777973100,4047.9,4049.9,4043.0,4047.2,43875
1777973400,4048.1,4049.9,4042.6,4048.2,60935
1777973700,4048.8,4052.6,4043.9,4050.0,48745
1777974000,4050.4,4060.5,4047.1,4059.6,71280
1777974300,4060.0,4062.9,4050.1,4053.2,180708
1777974600,4053.1,4057.8,4050.0,4055.9,130055
1777974900,4055.9,4075.0,4055.0,4075.0,146845
1778039100,3974.0,3974.0,3900.1,3908.0,906217
1778039400,3911.9,3941.4,3900.0,3933.2,339734
1778039700,3933.4,3933.9,3916.2,3925.7,195525
1778040000,3925.4,3942.4,3921.2,3936.0,169746
1778040300,3935.0,3942.0,3924.7,3928.0,294673
1778040600,3928.0,3929.3,3910.0,3912.7,244304
1778040900,3912.9,3925.0,3905.0,3921.9,257913
1778041200,3922.0,3924.0,3916.8,3922.0,108960
1778041500,3922.1,3928.0,3921.0,3922.5,111064
1778041800,3923.6,3923.9,3917.0,3918.1,87435
1778042100,3919.0,3923.4,3918.1,3919.2,83550
1778042400,3919.5,3922.5,3916.4,3919.5,68761
1778042700,3919.5,3922.9,3917.0,3921.0,124029
1778043000,3921.0,3930.3,3919.9,3929.9,194532
1778043300,3929.7,3932.0,3924.0,3930.0,121696
1778043600,3929.9,3941.2,3929.3,3936.0,141919
1778043900,3936.0,3940.8,3932.3,3937.4,93638
1778044200,3937.3,3940.0,3935.7,3940.0,219663
1778044500,3940.0,3940.0,3934.9,3936.9,58166
1778044800,3936.4,3937.0,3925.5,3929.4,113787
1778045100,3929.4,3935.0,3918.3,3919.6,95297
1778045400,3919.8,3931.2,3918.3,3925.7,187257
1778045700,3925.7,3930.3,3925.1,3929.4,54170
1778046000,3929.0,3931.0,3928.1,3929.9,43393
1778046300,3930.0,3933.9,3927.0,3931.9,159307
1778046600,3930.0,3934.7,3929.0,3929.8,56278
1778046900,3929.8,3940.0,3929.6,3940.0,92783
1778047200,3939.1,3944.8,3938.9,3940.9,120731
1778047500,3940.6,3941.5,3936.0,3936.2,61248
1778047800,3936.2,3940.1,3935.9,3940.1,46308
1778048100,3940.1,3940.5,3936.5,3936.9,43990
1778048400,3936.9,3937.3,3931.3,3931.5,54213
1778048700,3931.5,3932.8,3926.5,3927.3,64703
1778049000,3926.2,3930.4,3920.1,3922.4,81581
1778049300,3922.4,3924.0,3920.1,3923.0,61367
1778049600,3923.0,3925.6,3919.0,3920.6,121294
1778049900,3920.2,3924.5,3920.0,3924.3,48979
1778050200,3923.4,3923.4,3914.0,3916.0,108716
1778050500,3915.8,3921.9,3914.7,3921.9,41870
1778050800,3921.9,3921.9,3918.4,3920.5,37996
1778051100,3921.0,3921.5,3918.0,3919.7,40401
1778051400,3918.8,3925.7,3918.3,3925.3,67571
1778051700,3925.1,3928.6,3921.8,3922.7,40740
1778052000,3923.5,3924.5,3917.8,3919.8,58095
1778052300,3919.8,3921.7,3916.5,3918.0,38480
1778052600,3918.0,3918.0,3915.0,3917.3,65253
1778052900,3917.2,3922.0,3917.0,3921.2,32893
1778053200,3921.9,3924.0,3921.0,3923.4,29239
1778053500,3923.4,3925.0,3921.8,3922.9,54520
1778053800,3922.1,3927.5,3922.1,3927.0,49606
1778054100,3926.6,3933.1,3925.9,3930.1,58345
1778054400,3930.8,3934.0,3929.2,3932.7,55427
1778054700,3932.5,3943.0,3931.1,3940.4,115878
1778055000,3940.3,3944.4,3936.0,3943.0,89396
1778055300,3942.6,3948.0,3942.0,3942.0,75030
1778055600,3942.1,3952.5,3942.1,3951.2,149109
1778055900,3951.3,3954.0,3947.9,3948.9,54934
1778056200,3949.0,3954.0,3948.9,3950.7,41583
1778056500,3950.8,3950.8,3940.3,3942.7,79389
1778056800,3942.7,3949.5,3942.0,3944.6,51589
1778057100,3944.6,3946.6,3942.8,3944.9,30589
1778057400,3944.9,3963.8,3944.7,3963.0,143970
1778057700,3962.4,4004.0,3962.4,3992.2,310858
1778058000,3993.6,4004.0,3986.3,3988.0,281863
1778058300,3988.7,3992.3,3983.0,3991.6,149951
1778058600,3990.9,3999.0,3989.5,3997.0,140137
1778058900,3996.9,3998.0,3993.4,3997.1,63563
1778059200,3997.3,3997.9,3991.6,3995.8,93855
1778059500,3995.6,3997.4,3994.0,3995.7,76019
1778059800,3995.3,4004.9,3990.0,4002.9,242198
1778060100,4002.9,4018.0,4002.8,4008.1,283079
1778060400,4007.6,4012.1,4005.3,4011.0,130237
1778060700,4011.0,4021.0,4008.4,4008.4,323361
1778061000,4010.5,4011.0,4001.3,4009.1,134999
1778061300,4009.1,4014.9,4003.4,4014.9,208022
1778125500,4028.0,4036.5,4003.4,4005.7,174400
1778125800,4005.4,4006.2,3992.0,3999.0,105967
1778126100,3998.6,4006.5,3991.0,4001.6,83055
1778126400,4001.5,4009.0,3992.1,4005.0,64816
1778126700,4005.0,4009.0,4002.9,4007.2,33521
1778127000,4007.2,4012.4,4003.1,4004.7,46409
1778127300,4005.0,4006.6,3996.7,3998.8,45394
1778127600,3998.8,4000.4,3993.8,3995.0,38204
1778127900,3995.1,4000.1,3993.5,3999.0,28446
1778128200,3999.0,4002.9,3998.5,4002.2,22949
1778128500,4002.2,4004.4,3993.0,3995.2,35684
1778128800,3995.2,4003.0,3994.1,4001.6,18154
1778129100,4003.0,4006.0,3998.2,4005.0,19741
1778129400,4005.0,4006.6,4003.1,4006.0,19832
1778129700,4006.6,4014.8,4005.2,4014.4,28848
1778130000,4014.4,4017.6,4012.8,4016.6,34639
1778130300,4016.6,4017.0,4012.8,4015.3,21443
1778130600,4015.8,4017.1,4010.3,4017.1,18840
1778130900,4017.1,4024.1,4015.7,4023.4,30601
1778131200,4023.4,4023.4,4016.6,4018.0,21792
1778131500,4018.0,4019.9,4015.0,4018.0,16058
1778131800,4018.0,4018.0,4014.1,4014.3,14046
1778132100,4015.0,4015.6,4008.7,4010.6,21786
1778132400,4010.6,4011.0,4002.0,4006.1,38680
1778132700,4005.2,4006.7,3996.0,3999.7,48663
1778133000,3999.6,4000.0,3992.0,3997.0,53298
1778133300,3997.0,3997.7,3993.0,3995.4,38312
1778133600,3995.2,4004.4,3994.0,3997.1,29611
1778133900,3997.0,4003.0,3996.2,3999.3,17161
1778134200,3999.3,4000.0,3992.2,3993.5,54479
1778134500,3994.1,3998.7,3993.6,3996.8,24188
1778134800,3996.7,4002.1,3996.5,4001.4,23748
1778135100,4002.0,4007.4,4002.0,4006.0,21790
1778135400,4006.1,4012.0,4004.8,4009.5,39567
1778135700,4009.5,4011.9,4008.1,4009.7,23777
1778136000,4009.0,4010.0,4003.7,4006.8,36768
1778136300,4007.3,4010.0,4005.6,4006.8,39411
1778136600,4006.8,4009.2,4002.3,4002.7,45962
1778136900,4003.0,4003.4,3997.2,3997.2,56851
1778137200,3998.9,4000.6,3994.5,3998.5,71579
1778137500,4000.1,4016.7,3997.5,4016.2,72315
1778137800,4019.8,4065.8,4017.7,4056.2,294197
1778138100,4055.4,4061.5,4046.1,4056.1,121403
1778138400,4055.9,4056.6,4035.5,4038.0,58610
1778138700,4038.1,4047.8,4032.4,4034.6,55876
1778139000,4034.6,4044.0,4033.9,4035.6,31681
1778139300,4036.0,4038.4,4032.9,4034.0,26466
1778139600,4034.0,4034.0,4029.1,4033.5,37124
1778139900,4032.1,4037.0,4023.0,4029.5,50940
1778140200,4029.5,4035.5,4025.2,4027.0,27312
1778140500,4026.0,4028.9,4021.0,4021.2,37189
1778140800,4021.2,4028.3,4020.9,4023.4,30399
1778141100,4023.6,4026.5,4020.5,4020.5,27571
1778141400,4021.2,4025.0,4018.4,4022.8,22338
1778141700,4022.0,4026.1,4019.6,4024.1,23906
1778142000,4025.6,4029.6,4022.5,4029.6,24928
1778142300,4029.6,4032.5,4025.1,4030.9,27813
1778142600,4032.0,4033.4,4026.6,4028.5,33160
1778142900,4029.6,4033.5,4025.2,4029.8,42155
1778143200,4029.8,4035.2,4029.6,4033.3,23356
1778143500,4034.6,4035.4,4025.0,4026.8,47489
1778143800,4026.5,4031.3,4023.6,4030.9,31988
1778144100,4031.3,4032.4,4028.0,4030.8,18904
1778144400,4030.8,4038.4,4029.8,4031.8,43281
1778144700,4033.2,4033.4,4029.1,4029.1,23665
1778145000,4029.0,4029.8,4025.0,4028.2,30876
1778145300,4028.7,4030.0,4023.0,4023.8,41781
1778145600,4023.8,4026.7,4022.7,4024.1,32929
1778145900,4025.0,4028.1,4023.0,4027.0,34452
1778146200,4026.5,4032.8,4022.0,4024.6,100128
1778146500,4024.7,4024.7,4021.0,4021.3,69166
1778146800,4021.3,4021.3,4018.3,4020.0,76886
1778147100,4020.0,4025.2,4019.5,4025.0,73474
1778147400,4024.9,4025.0,4020.0,4021.8,84282
1778147700,4021.9,4026.0,4021.0,4023.0,79821
1778211900,4010.0,4014.0,3987.9,4002.2,85214
1778212200,4002.6,4006.8,3998.0,4001.2,38520
1778212500,3999.9,4005.0,3998.0,4002.4,27471
1778212800,4001.8,4002.3,3985.0,3989.2,60426
1778213100,3989.2,3992.2,3984.0,3986.8,32067
1778213400,3985.9,3987.6,3980.0,3984.4,29992
1778213700,3984.5,3986.0,3980.1,3982.8,30461
1778214000,3982.5,3985.4,3980.1,3984.8,22395
1778214300,3984.9,3989.0,3983.8,3987.0,22927
1778214600,3987.6,3988.1,3982.0,3985.1,24072
1778214900,3985.5,3987.8,3982.1,3982.8,13907
1778215200,3982.8,3986.0,3980.2,3986.0,16695
1778215500,3986.0,3987.0,3980.3,3982.6,15494
1778215800,3982.5,3987.0,3982.5,3986.9,11949
1778216100,3987.0,3990.2,3986.0,3988.2,23608
1778216400,3988.2,3991.0,3984.0,3984.5,25988
1778216700,3984.2,3985.0,3982.7,3984.5,11951
1778217000,3984.5,3986.0,3983.1,3983.2,16194
1778217300,3983.1,3985.0,3982.7,3982.7,6111
1778217600,3982.7,3982.9,3974.0,3975.7,52235
1778217900,3975.6,3978.0,3972.6,3976.5,20750
1778218200,3976.5,3980.7,3976.0,3980.4,10486
1778218500,3980.3,3984.0,3980.0,3983.3,11894
1778218800,3983.5,3989.3,3983.0,3988.8,13458
1778219100,3988.8,3991.0,3985.3,3986.0,16722
1778219400,3985.8,3989.0,3985.8,3988.0,17631
1778219700,3988.0,3989.6,3985.2,3986.9,16426
1778220000,3986.9,3989.9,3981.3,3989.8,10707
1778220300,3989.3,3990.0,3988.0,3988.9,8276
1778220600,3989.0,3990.9,3987.4,3988.8,12135
1778220900,3988.0,3988.6,3985.1,3986.0,9566
1778221200,3986.0,3987.2,3983.2,3984.0,11016
1778221500,3983.0,3987.3,3982.0,3986.0,9606
1778221800,3987.1,3987.2,3977.0,3979.4,20955
1778222100,3979.0,3979.5,3965.0,3965.7,53632
1778222400,3965.7,3969.5,3965.0,3969.2,28886
1778222700,3969.0,3970.2,3960.0,3970.0,46075
1778223000,3970.9,3974.4,3968.1,3973.9,12645
1778223300,3974.4,3979.0,3973.1,3977.8,16726
1778223600,3977.7,3977.8,3969.6,3970.4,11973
1778223900,3970.7,3970.9,3964.1,3967.0,35839
1778224200,3967.0,3969.7,3966.0,3967.7,9278
1778224500,3968.1,3968.7,3965.1,3968.7,11590
1778224800,3968.5,3970.0,3965.4,3969.5,11479
1778225100,3969.6,3971.4,3968.0,3970.0,11499
1778225400,3969.9,3970.9,3969.0,3969.6,9653
1778225700,3969.7,3972.0,3969.0,3971.6,8014
1778226000,3971.7,3972.0,3969.0,3969.1,11871
1778226300,3969.5,3969.5,3964.1,3965.5,14510
1778226600,3965.3,3966.8,3964.0,3965.3,14861
1778226900,3965.9,3970.0,3964.6,3970.0,31471
1778227200,3970.8,3973.0,3964.5,3965.1,31871
1778227500,3965.5,3965.5,3961.5,3962.0,25849
1778227800,3962.0,3965.9,3961.8,3965.7,12828
1778228100,3965.9,3967.0,3963.1,3966.9,9155
1778228400,3966.7,3967.3,3963.0,3965.7,8616
1778228700,3965.4,3968.0,3962.0,3963.8,11691
1778229000,3963.5,3966.7,3961.2,3965.9,9248
1778229300,3966.0,3969.0,3965.0,3968.1,10077
1778229600,3968.1,3969.6,3965.2,3965.5,13113
1778229900,3965.5,3968.6,3964.1,3966.3,10349
1778230200,3966.3,3967.5,3965.0,3965.9,8761
1778230500,3966.0,3972.0,3965.6,3970.5,12977
1778230800,3970.5,3975.3,3968.0,3973.9,16835
1778231100,3974.0,3979.0,3973.8,3977.9,19405
1778231400,3977.9,3982.0,3976.2,3980.7,23103
1778231700,3981.0,3982.0,3976.2,3977.6,21266
1778232000,3977.9,3980.9,3977.1,3978.6,17884
1778232300,3978.5,3978.8,3973.1,3975.4,21332
1778232600,3975.6,3975.6,3969.3,3971.0,38282
1778232900,3970.8,3973.8,3970.8,3973.0,25361
1778233200,3973.0,3974.8,3972.6,3974.5,24937
1778233500,3974.0,3979.0,3973.6,3976.8,39127
1778233800,3976.8,3977.0,3972.2,3975.3,37540
1778234100,3975.3,3980.0,3970.2,3978.0,66562
1778471100,3948.0,3948.0,3916.0,3924.6,107471
1778471400,3923.2,3927.7,3907.4,3927.1,68138
1778471700,3927.3,3936.6,3921.0,3935.6,47434
1778472000,3935.6,3943.0,3932.0,3935.6,64513
1778472300,3935.5,3935.5,3924.1,3927.5,51330
1778472600,3927.6,3932.0,3916.0,3917.0,56980
1778472900,3916.1,3921.3,3912.6,3914.6,47846
1778473200,3914.6,3915.5,3908.0,3912.4,49081
1778473500,3911.6,3912.2,3902.0,3906.8,41913
1778473800,3906.5,3913.2,3906.1,3911.5,28567
1778474100,3910.8,3910.8,3906.0,3907.0,22561
1778474400,3907.1,3910.8,3906.1,3907.8,25128
1778474700,3907.8,3908.1,3895.9,3897.1,90456
1778475000,3897.1,3901.6,3895.0,3900.6,52112
1778475300,3900.3,3903.0,3898.1,3899.5,20530
1778475600,3899.5,3901.0,3890.5,3897.0,26649
1778475900,3897.0,3900.0,3891.6,3897.0,14212
1778476200,3896.4,3897.0,3892.0,3892.7,13801
1778476500,3892.7,3894.3,3886.1,3888.3,44513
1778476800,3887.8,3892.0,3887.1,3890.9,21895
1778477100,3890.9,3894.8,3889.0,3892.6,20371
1778477400,3892.4,3894.9,3891.0,3894.6,25143
1778477700,3894.8,3900.0,3894.6,3899.3,15353
1778478000,3898.7,3905.1,3898.7,3904.5,19539
1778478300,3904.6,3908.4,3904.5,3906.9,11887
1778478600,3906.9,3913.0,3906.9,3910.2,17807
1778478900,3910.0,3917.8,3907.6,3916.2,29516
1778479200,3915.6,3916.9,3910.0,3914.9,12695
1778479500,3914.6,3919.9,3914.3,3919.0,21206
1778479800,3919.2,3927.1,3918.4,3925.0,26317
1778480100,3924.8,3926.4,3918.0,3919.7,19393
1778480400,3919.7,3925.0,3919.6,3923.6,12923
1778480700,3924.0,3926.6,3921.1,3926.1,28227
1778481000,3926.5,3926.9,3922.1,3922.3,16535
1778481300,3922.4,3927.5,3920.5,3926.0,14864
1778481600,3926.0,3927.8,3924.2,3926.3,17231
1778481900,3926.7,3930.0,3925.0,3929.1,21414
1778482200,3928.5,3929.7,3925.1,3927.6,7122
1778482500,3926.9,3929.8,3926.0,3928.4,15285
1778482800,3928.4,3928.7,3923.1,3927.0,14988
1778483100,3927.0,3929.0,3920.0,3924.6,13900
1778483400,3924.0,3933.0,3923.0,3932.5,19786
1778483700,3932.3,3933.0,3927.0,3928.7,11665
1778484000,3928.5,3930.9,3926.0,3927.1,9459
1778484300,3927.8,3929.5,3926.0,3928.9,6526
1778484600,3927.8,3928.3,3921.5,3921.9,20276
1778484900,3922.9,3927.4,3920.0,3927.2,9768
1778485200,3927.0,3930.0,3926.0,3929.8,11858
1778485500,3929.9,3930.0,3926.5,3928.0,5676
1778485800,3928.2,3930.9,3927.7,3930.0,11876
1778486100,3930.0,3930.8,3928.2,3930.5,10174
1778486400,3930.5,3933.0,3929.0,3932.0,9861
1778486700,3932.8,3938.6,3930.0,3933.1,36403
1778487000,3932.1,3936.5,3929.9,3936.5,20361
1778487300,3935.6,3949.0,3934.7,3949.0,37747
1778487600,3948.9,3951.0,3942.6,3950.9,24868
1778487900,3949.9,3952.0,3943.0,3945.3,15024
1778488200,3945.1,3948.5,3941.9,3947.0,21132
1778488500,3947.5,3950.0,3947.0,3948.8,17461
1778488800,3948.8,3950.0,3944.1,3944.2,37247
1778489100,3945.0,3948.4,3941.7,3942.4,17222
1778489400,3943.4,3946.1,3941.8,3943.6,15059
1778489700,3943.6,3945.8,3941.0,3944.3,21506
1778490000,3943.7,3948.0,3940.2,3948.0,31723
1778490300,3947.9,3953.5,3947.2,3948.3,25241
1778490600,3948.3,3952.9,3945.0,3948.3,17446
1778490900,3948.3,3951.8,3940.4,3942.2,32826
1778491200,3944.1,3949.7,3942.3,3943.1,26257
1778491500,3943.1,3944.9,3937.3,3938.9,24463
1778491800,3938.8,3947.7,3936.3,3938.4,37770
1778492100,3939.8,3940.0,3936.2,3938.3,19601
1778492400,3939.4,3941.5,3935.9,3937.5,26163
1778492700,3938.2,3945.5,3937.8,3938.9,35362
1778493000,3939.7,3942.7,3936.2,3939.5,37501
1778493300,3939.2,3942.3,3938.9,3940.0,33902
1778557500,3925.1,3940.0,3905.4,3939.4,63587
1778557800,3939.0,3939.0,3922.0,3922.5,23197
1778558100,3923.0,3923.0,3907.0,3908.5,28634
1778558400,3906.0,3909.1,3896.6,3904.5,47942
1778558700,3904.7,3915.6,3900.6,3909.9,37173
1778559000,3909.9,3919.0,3909.7,3917.5,15476
1778559300,3917.5,3917.7,3911.9,3913.0,14397
1778559600,3914.2,3914.2,3906.0,3906.0,11969
1778559900,3907.0,3911.6,3902.0,3903.1,13875
1778560200,3903.1,3904.8,3899.0,3903.4,26892
1778560500,3903.4,3908.0,3900.0,3904.7,9690
1778560800,3904.7,3910.6,3903.7,3910.0,12654
1778561100,3909.8,3911.5,3906.3,3910.4,12269
1778561400,3910.5,3911.4,3900.6,3901.2,11530
1778561700,3901.3,3903.5,3898.0,3899.5,19200
1778562000,3899.7,3900.1,3895.6,3896.0,15010
1778562300,3897.2,3904.3,3896.5,3902.5,15022
1778562600,3902.8,3910.0,3902.3,3907.7,10732
1778562900,3907.7,3908.3,3903.0,3907.0,14686
1778563200,3907.0,3909.3,3905.5,3906.6,9893
1778563500,3906.4,3909.0,3906.0,3907.3,12628
1778563800,3907.2,3907.7,3902.0,3905.9,13437
1778564100,3905.9,3908.7,3903.3,3907.5,10169
1778564400,3907.5,3909.0,3906.2,3908.9,7524
1778564700,3908.9,3914.0,3907.1,3912.3,14013
1778565000,3912.3,3913.0,3898.0,3899.4,23604
1778565300,3899.4,3900.5,3895.1,3895.9,18296
1778565600,3895.9,3900.5,3895.0,3900.4,14276
1778565900,3900.1,3900.1,3897.8,3899.4,12101
1778566200,3899.0,3900.0,3898.0,3899.5,13941
1778566500,3899.5,3899.9,3895.1,3897.9,11033
1778566800,3897.9,3900.0,3895.2,3899.8,11386
1778567100,3899.8,3900.0,3892.1,3895.9,19882
1778567400,3895.9,3899.0,3892.3,3897.8,22310
1778567700,3898.0,3898.6,3891.0,3892.3,14327
1778568000,3892.3,3895.1,3890.2,3891.5,19528
1778568300,3890.5,3900.0,3890.2,3899.6,24421
1778568600,3899.6,3900.1,3898.5,3899.0,28660
1778568900,3899.0,3899.0,3895.0,3896.1,8908
1778569200,3896.0,3896.3,3887.6,3890.1,43937
1778569500,3889.0,3892.4,3881.7,3882.1,30688
1778569800,3882.1,3885.8,3876.6,3883.9,38419
1778570100,3884.0,3890.9,3884.0,3890.3,19426
1778570400,3890.4,3896.5,3885.7,3892.5,22959
1778570700,3892.8,3897.5,3892.2,3897.5,13527
1778571000,3898.0,3898.8,3895.9,3897.0,10192
1778571300,3897.0,3898.0,3894.7,3894.8,9722
1778571600,3894.9,3904.0,3894.1,3904.0,22544
1778571900,3904.0,3906.9,3901.5,3904.5,14291
1778572200,3905.0,3906.9,3901.0,3903.4,16086
1778572500,3905.0,3905.0,3901.2,3902.9,20400
1778572800,3903.0,3905.1,3900.5,3900.5,9432
1778573100,3901.0,3903.3,3893.8,3894.7,25424
1778573400,3894.9,3895.9,3891.5,3892.2,17106
1778573700,3891.3,3895.2,3888.2,3893.1,18451
1778574000,3893.1,3896.6,3888.1,3888.7,13337
1778574300,3888.7,3894.2,3886.5,3893.0,19023
1778574600,3893.0,3893.0,3886.4,3886.4,16987
1778574900,3887.4,3887.4,3878.0,3881.0,34073
1778575200,3881.4,3881.4,3875.0,3877.5,24824
1778575500,3878.0,3881.5,3875.5,3877.6,27822
1778575800,3877.6,3887.3,3876.0,3885.9,20084
1778576100,3886.2,3886.3,3880.6,3882.0,23381
1778576400,3882.9,3886.5,3876.1,3877.6,43336
1778576700,3877.7,3882.6,3875.7,3877.9,24406
1778577000,3878.3,3884.2,3873.0,3873.4,50656
1778577300,3873.4,3878.2,3873.1,3873.5,80311
1778577600,3873.6,3873.6,3866.0,3867.0,78778
1778577900,3867.0,3868.7,3862.4,3865.5,62692
1778578200,3865.6,3866.0,3851.4,3853.6,144179
1778578500,3852.5,3857.6,3847.0,3851.7,155948
1778578800,3851.8,3855.4,3848.4,3854.2,106792
1778579100,3854.5,3869.9,3853.2,3866.0,129612
1778579400,3866.0,3866.4,3858.0,3858.2,69953
1778579700,3858.2,3866.0,3855.0,3865.0,76114
1778643900,3848.0,3889.3,3848.0,3874.1,76714
1778644200,3874.9,3885.8,3871.1,3882.2,36915
1778644500,3882.9,3882.9,3868.0,3869.4,29509
1778644800,3869.4,3872.9,3861.0,3861.0,18067
1778645100,3861.0,3862.1,3848.5,3855.6,46414
1778645400,3855.6,3862.0,3851.4,3858.4,26154
1778645700,3858.0,3865.1,3858.0,3861.6,27662
1778646000,3861.7,3877.7,3861.0,3877.1,24542
1778646300,3877.2,3879.8,3872.5,3874.4,33012
1778646600,3873.4,3876.3,3870.0,3874.9,23290
1778646900,3874.9,3887.7,3874.4,3876.8,52553
1778647200,3876.8,3879.8,3873.7,3875.9,26904
1778647500,3877.8,3880.0,3870.8,3871.1,40530
1778647800,3871.1,3874.5,3867.0,3872.0,18211
1778648100,3872.0,3874.5,3867.6,3868.3,21659
1778648400,3868.3,3872.2,3868.2,3870.4,22488
1778648700,3870.7,3875.0,3865.0,3869.9,26828
1778649000,3870.0,3876.0,3868.9,3873.5,10627
1778649300,3873.6,3874.4,3868.1,3868.4,8416
1778649600,3868.4,3872.0,3867.0,3871.4,13117
1778649900,3871.0,3871.6,3860.0,3860.0,14551
1778650200,3861.6,3867.8,3860.0,3866.2,10465
1778650500,3866.6,3867.7,3862.7,3866.6,10086
1778650800,3866.6,3867.7,3858.1,3863.1,9711
1778651100,3863.4,3867.6,3862.3,3866.0,4655
1778651400,3866.0,3866.5,3862.6,3866.1,8927
1778651700,3866.1,3870.3,3863.6,3869.0,26916
1778652000,3868.5,3873.1,3863.5,3871.7,17972
1778652300,3871.6,3882.0,3870.4,3882.0,28228
1778652600,3881.6,3886.6,3878.1,3884.4,79109
1778652900,3885.0,3889.5,3883.0,3887.6,28347
1778653200,3889.0,3893.2,3882.0,3882.1,28376
1778653500,3882.1,3886.3,3881.0,3881.7,17470
1778653800,3881.0,3887.4,3881.0,3884.9,66698
1778654100,3884.9,3908.0,3882.4,3908.0,123772
1778654400,3907.9,3909.7,3905.4,3909.4,28347
1778654700,3909.1,3912.0,3896.8,3903.7,21578
1778655000,3903.4,3904.0,3897.0,3900.8,21753
1778655300,3900.8,3903.3,3897.0,3898.0,9866
1778655600,3898.0,3900.0,3895.0,3896.9,8335
1778655900,3896.9,3899.0,3893.0,3894.2,18307
1778656200,3894.2,3897.0,3888.0,3895.0,32493
1778656500,3895.1,3900.3,3893.5,3899.6,10717
1778656800,3899.6,3913.4,3899.3,3912.6,21089
1778657100,3912.6,3924.3,3912.6,3923.6,23119
1778657400,3923.7,3927.7,3917.2,3925.4,35260
1778657700,3925.6,3928.0,3918.0,3920.0,19573
1778658000,3919.1,3931.5,3918.3,3928.9,20318
1778658300,3928.9,3932.2,3921.4,3924.4,28108
1778658600,3923.5,3925.1,3918.5,3921.0,121889
1778658900,3921.0,3930.7,3918.5,3924.3,48499
1778659200,3924.4,3944.0,3922.0,3942.7,67648
1778659500,3942.5,3949.5,3941.0,3948.8,33045
1778659800,3948.8,3953.0,3939.5,3942.8,29901
1778660100,3942.8,3944.9,3932.4,3935.0,22922
1778660400,3935.0,3938.7,3934.2,3936.7,18408
1778660700,3936.7,3937.7,3929.3,3932.9,33854
1778661000,3933.6,3935.6,3929.0,3929.9,18646
1778661300,3929.9,3934.6,3929.1,3933.8,19317
1778661600,3933.8,3935.5,3931.8,3935.0,28901
1778661900,3935.0,3936.1,3925.7,3926.7,26343
1778662200,3927.6,3930.9,3920.1,3928.2,44492
1778662500,3928.1,3930.0,3923.2,3924.6,22588
1778662800,3924.6,3929.2,3923.7,3928.0,17468
1778663100,3928.0,3929.9,3922.8,3923.2,18836
1778663400,3923.2,3923.9,3911.3,3912.0,47765
1778663700,3912.0,3915.8,3905.4,3914.7,37043
1778664000,3914.8,3920.0,3910.5,3919.6,19416
1778664300,3918.5,3920.0,3916.3,3918.6,18405
1778664600,3918.4,3918.6,3911.1,3915.0,104206
1778664900,3914.7,3916.6,3907.0,3915.0,82408
1778665200,3915.0,3919.6,3912.2,3917.5,56847
1778665500,3919.0,3921.0,3912.0,3917.4,69187
1778665800,3917.7,3919.9,3914.3,3917.5,66504
1778666100,3919.0,3922.0,3916.0,3921.0,41914
1778730300,3942.0,3971.9,3935.4,3965.5,76166
1778730600,3965.5,3968.3,3955.1,3958.2,46576
1778730900,3959.9,3960.9,3951.4,3953.0,22758
1778731200,3951.8,3959.6,3949.3,3952.7,43691
1778731500,3953.8,3957.9,3951.0,3952.1,27197
1778731800,3952.1,3955.0,3945.0,3952.0,78337
1778732100,3952.0,3958.0,3942.6,3943.1,29330
1778732400,3944.0,3948.0,3940.2,3941.4,24354
1778732700,3941.6,3945.0,3940.2,3942.5,21493
1778733000,3943.0,3952.9,3940.8,3949.7,28007
1778733300,3949.7,3953.5,3944.5,3952.7,16088
1778733600,3950.1,3957.7,3949.4,3956.3,10751
1778733900,3956.3,3964.0,3952.8,3964.0,19048
1778734200,3964.0,3964.8,3955.0,3961.8,12190
1778734500,3961.5,3974.4,3959.9,3970.2,31681
1778734800,3971.4,3973.3,3967.9,3973.3,13543
1778735100,3971.5,3971.5,3965.1,3967.1,26640
1778735400,3967.1,3969.9,3960.3,3962.0,35461
1778735700,3962.8,3963.5,3950.5,3953.0,28946
1778736000,3953.0,3957.0,3949.1,3952.8,44762
1778736300,3952.8,3953.0,3945.0,3945.6,27425
1778736600,3945.6,3953.1,3945.0,3951.0,31230
1778736900,3950.6,3956.0,3947.5,3949.4,42316
1778737200,3949.8,3955.4,3947.0,3955.0,25911
1778737500,3955.0,3960.4,3954.0,3959.0,20197
1778737800,3960.4,3969.8,3959.4,3967.1,34173
1778738100,3968.7,3969.5,3960.9,3966.3,31824
1778738400,3967.6,3982.0,3965.6,3980.5,75159
1778738700,3980.4,3988.0,3978.5,3984.4,34743
1778739000,3984.4,3984.5,3977.0,3981.0,31461
1778739300,3979.8,3981.8,3974.3,3979.0,38016
1778739600,3979.0,3982.0,3974.3,3974.9,58633
1778739900,3976.7,3979.8,3973.5,3976.0,62877
1778740200,3976.0,3976.2,3966.8,3967.3,38601
1778740500,3968.8,3984.3,3967.0,3982.4,33816
1778740800,3980.7,3982.7,3972.7,3979.0,30481
1778741100,3979.9,3983.4,3975.0,3976.8,21110
1778741400,3976.8,3980.0,3971.5,3971.7,35177
1778741700,3973.4,3974.8,3968.1,3970.0,22898
1778742000,3971.0,3973.6,3963.7,3963.8,36683
1778742300,3963.9,3964.0,3953.5,3956.7,42587
1778742600,3958.7,3965.5,3951.3,3960.9,71823
1778742900,3961.9,3964.4,3955.0,3959.3,24835
1778743200,3960.0,3961.9,3954.5,3956.3,25536
1778743500,3956.0,3960.0,3955.1,3955.6,20219
1778743800,3955.6,3960.0,3954.0,3955.2,45141
1778744100,3955.8,3959.6,3950.1,3950.1,20762
1778744400,3950.4,3952.0,3945.0,3945.4,16926
1778744700,3945.3,3946.8,3940.3,3941.9,33826
1778745000,3941.9,3950.0,3940.1,3948.3,24897
1778745300,3948.2,3950.8,3945.0,3946.0,22455
1778745600,3946.0,3955.0,3945.0,3953.7,24456
1778745900,3955.0,3955.8,3951.8,3952.1,22110
1778746200,3953.3,3955.1,3951.8,3953.8,16406
1778746500,3955.0,3955.9,3947.1,3948.9,38603
1778746800,3948.9,3955.0,3945.3,3954.9,35947
1778747100,3954.8,3954.8,3947.5,3950.0,31624
1778747400,3950.0,3954.3,3948.0,3952.4,33012
1778747700,3953.7,3956.1,3948.7,3953.0,42356
1778748000,3952.8,3955.0,3949.9,3953.0,31551
1778748300,3954.8,3955.0,3946.5,3946.5,27849
1778748600,3946.8,3950.0,3946.0,3947.2,15743
1778748900,3947.5,3949.1,3944.0,3944.3,31498
1778749200,3944.6,3949.3,3943.0,3946.0,162606
1778749500,3946.2,3955.0,3925.0,3949.0,215426
1778749800,3949.2,3950.0,3938.0,3938.0,35234
1778750100,3940.6,3943.4,3933.2,3934.2,63108
1778750400,3934.2,3942.9,3931.9,3940.5,47306
1778750700,3940.4,3948.5,3940.1,3944.0,23599
1778751000,3943.6,3949.5,3938.0,3945.3,80490
1778751300,3945.9,3945.9,3936.5,3938.7,53121
1778751600,3938.8,3948.0,3936.3,3937.7,116812
1778751900,3937.7,3938.3,3931.2,3933.0,39635
1778752200,3933.0,3933.9,3930.5,3932.5,33690
1778752500,3932.6,3938.0,3930.0,3934.0,35868
1778816700,3949.4,3949.4,3893.0,3922.0,55468
1778817000,3920.0,3933.8,3920.0,3933.8,16886
1778817300,3932.5,3935.5,3926.0,3933.0,12185
1778817600,3932.0,3943.9,3926.4,3932.0,18813
1778817900,3931.5,3937.4,3930.0,3936.9,5945
1778818200,3936.0,3942.8,3934.2,3942.5,6983
1778818500,3942.5,3949.0,3941.3,3943.3,11758
1778818800,3943.5,3948.0,3941.8,3945.9,7799
1778819100,3946.6,3949.0,3945.0,3945.3,7371
1778819400,3945.3,3947.6,3941.3,3945.0,6209
1778819700,3944.5,3945.0,3938.0,3940.0,8576
1778820000,3940.0,3943.7,3937.3,3938.9,6968
1778820300,3938.7,3939.8,3933.0,3933.0,9118
1778820600,3932.2,3938.0,3931.8,3938.0,10852
1778820900,3937.6,3941.0,3935.0,3940.0,8796
1778821200,3939.6,3940.2,3936.9,3940.0,4217
1778821500,3939.9,3940.2,3930.8,3933.7,5373
1778821800,3933.8,3936.8,3930.0,3932.6,6836
1778822100,3932.8,3937.0,3931.6,3935.6,4688
1778822400,3935.8,3939.0,3931.0,3934.7,8040
1778822700,3934.2,3935.3,3931.0,3933.5,4615
1778823000,3933.6,3934.1,3920.2,3922.2,16374
1778823300,3921.8,3922.0,3910.0,3912.0,18739
1778823600,3912.1,3917.9,3910.0,3915.8,11888
1778823900,3915.9,3919.7,3909.9,3918.3,16696
1778824200,3917.2,3920.0,3911.6,3913.1,9115
1778824500,3912.4,3916.1,3911.3,3911.3,14061
1778824800,3911.4,3912.6,3905.0,3909.3,19439
1778825100,3909.4,3914.9,3906.0,3914.1,20148
1778825400,3914.7,3915.1,3908.1,3910.2,7264
1778825700,3910.9,3914.6,3908.3,3913.8,4342
1778826000,3913.5,3918.7,3912.4,3915.7,7690
1778826300,3915.7,3919.2,3913.1,3916.0,3171
1778826600,3917.5,3922.0,3915.3,3920.9,9137
1778826900,3920.9,3929.5,3920.9,3926.9,7595
1778827200,3926.3,3929.7,3923.9,3925.8,4671
1778827500,3925.4,3929.4,3923.4,3928.0,6146
1778827800,3928.0,3928.0,3918.0,3918.0,2591
1778828100,3918.2,3924.1,3918.2,3919.0,5605
1778828400,3919.3,3924.6,3919.0,3924.1,2483
1778828700,3923.7,3927.0,3923.5,3925.5,2980
1778829000,3925.6,3933.0,3924.6,3931.2,9828
1778829300,3931.9,3934.8,3931.1,3934.1,8549
1778829600,3933.1,3936.4,3929.4,3932.5,21083
1778829900,3933.0,3935.4,3930.9,3933.8,7598
1778830200,3934.3,3934.6,3928.3,3928.6,3467
1778830500,3928.5,3932.3,3928.4,3932.3,7642
1778830800,3931.6,3934.5,3929.8,3933.9,4613
1778831100,3934.2,3938.8,3933.5,3937.9,9579
1778831400,3936.9,3938.4,3932.7,3935.0,12175
1778831700,3935.0,3935.5,3932.4,3933.7,14975
1778832000,3933.6,3935.3,3932.4,3935.0,17503
1778832300,3934.0,3936.8,3930.1,3931.7,44030
1778832600,3931.5,3933.0,3927.2,3930.0,37811
1778832900,3930.0,3932.8,3922.0,3924.9,27419
1778833200,3924.9,3928.7,3921.3,3927.4,7440
1778833500,3927.5,3930.0,3920.3,3923.1,14958
1778833800,3922.8,3923.8,3910.2,3912.0,17578
1778834100,3912.0,3919.8,3911.9,3919.5,8760
1778834400,3918.2,3921.4,3915.9,3920.8,19133
1778834700,3920.8,3922.0,3916.6,3920.0,9785
1778835000,3920.0,3922.0,3917.5,3917.5,8578
1778835300,3917.9,3918.2,3915.0,3916.4,26194
1778835600,3917.3,3921.2,3914.5,3918.4,70680
1778835900,3920.7,3921.2,3916.0,3917.2,101642
1778836200,3917.1,3920.9,3916.6,3918.5,7677
1778836500,3918.4,3918.5,3911.0,3911.4,53424
1778836800,3911.4,3913.0,3901.0,3903.0,101838
1778837100,3903.0,3909.6,3898.0,3907.5,19912
1778837400,3905.6,3918.0,3905.2,3917.8,38482
1778837700,3917.0,3918.0,3908.6,3910.9,35285
1778838000,3910.3,3912.4,3908.0,3908.8,27416
1778838300,3908.6,3909.7,3900.9,3906.1,37036
1778838600,3907.8,3909.9,3902.0,3906.7,55273
1778838900,3906.7,3912.0,3902.0,3905.1,31972
1779075900,3873.9,3879.0,3855.0,3872.5,76020
1779076200,3873.4,3874.3,3860.8,3866.7,25297
1779076500,3866.0,3871.5,3863.8,3871.5,26418
1779076800,3871.5,3878.0,3858.5,3878.0,35025
1779077100,3877.9,3882.8,3870.1,3873.2,32626
1779077400,3874.1,3877.1,3870.1,3873.1,12558
1779077700,3874.1,3874.1,3862.0,3863.0,15871
1779078000,3863.0,3865.0,3858.0,3860.0,18590
1779078300,3860.5,3866.0,3859.2,3866.0,11631
1779078600,3866.0,3867.7,3859.7,3861.7,19608
1779078900,3862.2,3862.3,3852.0,3860.3,30946
1779079200,3860.3,3864.0,3857.4,3862.0,10944
1779079500,3861.1,3866.3,3860.0,3865.5,13287
1779079800,3865.5,3868.0,3862.9,3868.0,8480
1779080100,3868.0,3868.0,3861.0,3861.1,7760
1779080400,3862.0,3869.8,3854.3,3868.4,15390
1779080700,3869.5,3877.0,3867.1,3872.0,12782
1779081000,3872.8,3874.8,3867.0,3869.8,8502
1779081300,3870.8,3870.8,3862.0,3862.4,12881
1779081600,3863.2,3873.0,3862.6,3873.0,10302
1779081900,3872.5,3877.5,3872.5,3875.4,13443
1779082200,3875.4,3878.5,3875.0,3875.0,8845
1779082500,3875.5,3876.0,3871.5,3876.0,10176
1779082800,3876.4,3877.0,3869.8,3876.0,168116
1779083100,3876.4,3879.8,3872.8,3875.3,36906
1779083400,3876.0,3882.3,3874.6,3881.6,60052
1779083700,3882.0,3885.2,3880.5,3885.2,27880
1779084000,3885.1,3895.0,3885.0,3893.4,35802
1779084300,3894.7,3899.7,3892.9,3897.9,31551
1779084600,3897.9,3899.9,3894.1,3898.4,25652
1779084900,3898.0,3900.4,3891.5,3893.1,15475
1779085200,3893.7,3893.7,3891.0,3891.9,6995
1779085500,3892.0,3895.9,3889.4,3891.5,12825
1779085800,3891.4,3894.9,3890.1,3893.2,15784
1779086100,3893.5,3899.9,3892.8,3898.2,13445
1779086400,3898.8,3904.4,3898.2,3902.4,33581
1779086700,3902.6,3904.4,3896.9,3899.7,9887
1779087000,3899.5,3902.0,3897.6,3900.3,6159
1779087300,3901.1,3904.4,3900.3,3903.5,10766
1779087600,3903.9,3917.0,3903.6,3915.0,33764
1779087900,3915.4,3919.9,3914.8,3918.5,14153
1779088200,3918.0,3919.8,3911.0,3913.1,14075
1779088500,3912.3,3914.4,3910.4,3910.4,8211
1779088800,3911.0,3913.0,3910.0,3913.0,5937
1779089100,3912.8,3922.4,3912.8,3921.9,14263
1779089400,3922.0,3924.7,3919.4,3920.0,11569
1779089700,3920.0,3922.3,3912.4,3917.0,8750
1779090000,3917.7,3922.4,3915.4,3918.0,11609
1779090300,3918.0,3921.8,3916.7,3919.2,11700
1779090600,3919.2,3919.2,3908.0,3909.5,42128
1779090900,3909.9,3909.9,3901.1,3901.8,16653
1779091200,3900.8,3906.9,3900.0,3906.5,22586
1779091500,3906.8,3908.3,3904.0,3904.0,7843
1779091800,3904.5,3909.1,3902.7,3908.3,17431
1779092100,3908.4,3908.6,3903.0,3906.6,12581
1779092400,3906.8,3913.5,3906.5,3911.3,16826
1779092700,3911.2,3913.5,3909.5,3909.7,13520
1779093000,3909.8,3911.8,3907.4,3909.3,6883
1779093300,3909.2,3910.0,3902.6,3903.9,12675
1779093600,3903.7,3907.9,3903.0,3907.3,19429
1779093900,3907.2,3908.1,3900.5,3904.8,12860
1779094200,3904.6,3909.7,3901.2,3901.2,17925
1779094500,3901.3,3904.3,3897.4,3902.5,18510
1779094800,3902.7,3905.0,3896.4,3900.1,13360
1779095100,3898.9,3900.0,3895.2,3896.3,17987
1779095400,3896.6,3902.0,3895.4,3900.0,9335
1779095700,3900.0,3900.5,3895.9,3897.2,26297
1779096000,3896.2,3898.6,3896.2,3896.4,11257
1779096300,3897.6,3899.1,3894.7,3899.0,29369
1779096600,3898.5,3921.7,3897.7,3917.3,98818
1779096900,3917.3,3920.2,3913.2,3916.0,56644
1779097200,3916.1,3921.4,3913.8,3920.4,38667
1779097500,3920.4,3922.0,3919.0,3921.1,46294
1779097800,3918.1,3923.0,3917.5,3918.7,69125
1779098100,3918.9,3920.0,3910.3,3910.3,28502
1779162300,3940.9,3944.9,3925.4,3939.6,53446
1779162600,3939.7,3942.9,3931.1,3935.9,30202
1779162900,3935.9,3935.9,3929.3,3934.9,25797
1779163200,3935.0,3935.0,3918.8,3920.0,23829
1779163500,3918.2,3923.9,3910.0,3923.5,29209
1779163800,3924.0,3935.9,3923.9,3932.1,30605
1779164100,3932.2,3935.0,3927.6,3933.9,26218
1779164400,3933.7,3938.0,3930.0,3931.2,40210
1779164700,3931.1,3931.2,3921.0,3921.0,20652
1779165000,3921.1,3929.9,3921.1,3922.9,21481
1779165300,3924.4,3936.4,3923.7,3933.0,47201
1779165600,3933.0,3938.0,3930.0,3933.3,41646
1779165900,3932.7,3933.8,3923.0,3923.0,24253
1779166200,3923.1,3924.4,3920.3,3923.3,9908
1779166500,3923.2,3930.0,3923.2,3929.7,11749
1779166800,3929.2,3930.7,3923.4,3924.5,30326
1779167100,3924.5,3927.7,3920.0,3926.6,18614
1779167400,3926.6,3929.9,3923.6,3929.6,40911
1779167700,3929.5,3930.1,3926.0,3928.0,19822
1779168000,3928.0,3931.0,3920.6,3923.7,18559
1779168300,3923.9,3934.8,3923.9,3929.8,43739
1779168600,3928.6,3931.4,3927.9,3928.5,11345
1779168900,3928.6,3932.0,3926.4,3930.9,34708
1779169200,3930.7,3935.0,3927.9,3929.8,49723
1779169500,3929.9,3929.9,3925.0,3925.8,11511
1779169800,3927.4,3933.5,3925.1,3932.9,12749
1779170100,3932.9,3938.5,3930.0,3938.2,24118
1779170400,3938.5,3947.7,3937.3,3946.0,42183
1779170700,3946.0,3947.3,3941.0,3942.8,10654
1779171000,3943.9,3944.3,3939.6,3941.8,32040
1779171300,3941.8,3946.9,3940.0,3945.0,23104
1779171600,3946.0,3946.0,3942.0,3943.0,8925
1779171900,3943.0,3944.5,3940.0,3941.4,16365
1779172200,3941.0,3946.3,3938.0,3942.6,45786
1779172500,3942.7,3947.5,3941.9,3945.0,12589
1779172800,3943.8,3945.7,3941.4,3943.1,5508
1779173100,3943.9,3944.4,3940.0,3942.3,8350
1779173400,3942.6,3942.7,3940.0,3942.3,14915
1779173700,3942.5,3944.6,3940.0,3944.4,12757
1779174000,3944.2,3946.1,3942.2,3943.7,5813
1779174300,3943.7,3946.9,3940.9,3946.8,11038
1779174600,3946.8,3946.8,3941.2,3946.2,22582
1779174900,3946.2,3947.4,3941.5,3947.0,37914
1779175200,3947.0,3951.0,3946.9,3949.7,31319
1779175500,3949.6,3953.0,3947.5,3948.1,20280
1779175800,3949.4,3950.0,3945.4,3946.9,12269
1779176100,3946.9,3947.9,3941.6,3944.5,22648
1779176400,3944.6,3949.0,3941.0,3942.4,47109
1779176700,3942.5,3947.6,3940.6,3946.7,14884
1779177000,3946.7,3949.4,3945.0,3948.7,15375
1779177300,3949.0,3957.0,3946.5,3955.5,39816
1779177600,3956.0,3960.0,3952.1,3956.1,42731
1779177900,3956.1,3956.1,3944.2,3949.4,50233
1779178200,3949.3,3950.4,3945.9,3949.5,13874
1779178500,3948.3,3953.8,3948.1,3950.0,15088
1779178800,3950.0,3953.0,3948.3,3950.6,27069
1779179100,3950.6,3950.7,3941.5,3944.5,54671
1779179400,3945.0,3952.8,3941.2,3951.3,38655
1779179700,3951.6,3952.2,3948.2,3949.1,21375
1779180000,3950.0,3953.1,3946.3,3951.5,48033
1779180300,3951.8,3953.3,3945.0,3945.6,21312
1779180600,3946.1,3951.0,3941.0,3947.7,47308
1779180900,3947.6,3947.8,3944.4,3944.8,18303
1779181200,3944.9,3945.0,3939.4,3941.0,39173
1779181500,3941.0,3941.0,3930.0,3933.0,55463
1779181800,3932.0,3935.7,3922.9,3926.3,53270
1779182100,3926.3,3926.3,3920.0,3923.2,23648
1779182400,3923.7,3932.0,3923.7,3925.2,34319
1779182700,3926.5,3931.0,3925.3,3929.0,27397
1779183000,3931.5,3934.9,3924.9,3930.8,85149
1779183300,3930.4,3932.9,3923.7,3925.2,88722
1779183600,3925.1,3927.0,3920.1,3922.0,50948
1779183900,3922.1,3926.2,3915.0,3918.6,51871
1779184200,3916.4,3919.8,3904.2,3911.9,87084
1779184500,3911.4,3912.1,3900.0,3910.0,48908
1779248700,3901.6,3907.9,3883.1,3893.2,91815
1779249000,3894.1,3894.1,3887.0,3892.4,26669
1779249300,3892.4,3903.9,3891.2,3903.9,33382
1779249600,3903.9,3924.0,3903.2,3919.0,41846
1779249900,3919.4,3939.9,3916.0,3939.9,50424
1779250200,3939.9,3940.0,3924.9,3929.6,43694
1779250500,3929.5,3929.5,3922.2,3922.3,20146
1779250800,3923.0,3924.4,3918.4,3918.7,23822
1779251100,3919.0,3920.0,3915.1,3916.1,21386
1779251400,3916.1,3916.6,3907.1,3909.4,24866
1779251700,3909.5,3915.4,3907.0,3915.3,16317
1779252000,3915.3,3917.6,3912.1,3913.8,15372
1779252300,3913.8,3918.1,3912.0,3914.1,18971
1779252600,3915.8,3918.9,3911.6,3911.6,16123
1779252900,3911.6,3919.6,3911.0,3919.6,16855
1779253200,3919.6,3935.0,3919.6,3932.3,35155
1779253500,3932.3,3937.0,3931.1,3931.1,15119
1779253800,3930.5,3932.3,3923.6,3925.0,13516
1779254100,3924.8,3925.8,3918.0,3920.0,11269
1779254400,3920.5,3929.2,3919.9,3929.0,7435
1779254700,3928.4,3930.8,3927.0,3930.1,10318
1779255000,3930.1,3931.8,3927.5,3929.1,9378
1779255300,3929.2,3934.0,3929.2,3933.2,8932
1779255600,3933.8,3934.4,3927.5,3929.0,8768
1779255900,3929.0,3930.2,3927.0,3928.2,11455
1779256200,3929.3,3936.0,3928.2,3934.0,9453
1779256500,3933.9,3937.0,3933.2,3936.3,11662
1779256800,3936.7,3939.8,3935.0,3937.3,19111
1779257100,3937.3,3939.8,3933.4,3938.4,17055
1779257400,3938.4,3943.0,3937.0,3940.0,21679
1779257700,3939.7,3943.5,3934.2,3942.8,22036
1779258000,3942.8,3943.5,3938.8,3940.7,13338
1779258300,3940.8,3940.8,3937.6,3939.0,12874
1779258600,3938.9,3939.5,3927.0,3929.2,53706
1779258900,3929.2,3930.1,3923.5,3924.9,97058
1779259200,3924.9,3925.5,3922.4,3925.0,22194
1779259500,3925.4,3927.0,3925.0,3926.8,10165
1779259800,3926.8,3932.7,3926.8,3931.0,28410
1779260100,3931.0,3931.8,3915.0,3920.0,62991
1779260400,3920.0,3925.2,3918.0,3923.0,48153
1779260700,3923.3,3923.7,3919.9,3923.0,11604
1779261000,3923.1,3923.9,3920.0,3920.2,9178
1779261300,3920.2,3921.8,3918.1,3919.8,8828
1779261600,3919.9,3920.0,3918.1,3919.7,11678
1779261900,3919.7,3920.0,3918.0,3918.7,9900
1779262200,3918.6,3920.0,3915.0,3916.9,32423
1779262500,3916.9,3918.9,3910.7,3914.3,18889
1779262800,3914.3,3915.0,3911.0,3912.3,21435
1779263100,3912.5,3912.7,3906.5,3909.7,21559
1779263400,3909.7,3913.0,3908.1,3909.1,14605
1779263700,3909.1,3910.9,3906.0,3907.9,14491
1779264000,3908.0,3915.0,3907.2,3914.3,25665
1779264300,3914.9,3915.0,3911.7,3913.2,13026
1779264600,3913.2,3914.4,3910.4,3914.2,8205
1779264900,3914.3,3915.0,3912.8,3914.4,17722
1779265200,3914.5,3915.0,3913.8,3914.7,24783
1779265500,3914.6,3915.0,3913.0,3915.0,22663
1779265800,3915.1,3916.8,3907.8,3909.7,43659
1779266100,3909.8,3915.3,3908.0,3914.5,16794
1779266400,3914.6,3915.2,3912.1,3912.2,21437
1779266700,3912.1,3914.5,3912.1,3914.2,20654
1779267000,3914.2,3919.8,3913.0,3917.7,26607
1779267300,3917.7,3918.5,3915.0,3916.5,27882
1779267600,3916.6,3920.0,3914.1,3915.0,39803
1779267900,3915.9,3916.5,3912.3,3913.2,25757
1779268200,3913.6,3915.6,3913.0,3914.5,13898
1779268500,3914.7,3920.0,3914.5,3917.6,22932
1779268800,3917.3,3919.0,3915.7,3916.6,20101
1779269100,3916.6,3918.0,3915.0,3915.5,18593
1779269400,3916.4,3916.8,3912.6,3913.3,41625
1779269700,3914.0,3919.4,3913.3,3918.5,50854
1779270000,3918.4,3918.4,3911.0,3915.0,39162
1779270300,3914.9,3915.0,3911.8,3911.8,35412
1779270600,3912.0,3912.5,3906.0,3907.0,52563
1779270900,3906.0,3912.0,3903.1,3912.0,112851
1779335100,3970.0,3970.0,3930.3,3945.8,74557
1779335400,3945.3,3951.4,3941.0,3950.7,38068
1779335700,3950.0,3952.7,3942.8,3944.0,18056
1779336000,3944.2,3945.0,3939.6,3940.8,19730
1779336300,3941.6,3948.6,3939.6,3947.0,12570
1779336600,3946.3,3951.2,3944.4,3950.0,16123
1779336900,3950.2,3951.0,3944.5,3946.4,16765
1779337200,3946.3,3954.0,3944.1,3954.0,11691
1779337500,3954.0,3954.8,3948.0,3948.9,10531
1779337800,3948.1,3952.5,3947.7,3952.0,18032
1779338100,3952.0,3953.9,3944.0,3948.6,21338
1779338400,3948.6,3950.5,3945.0,3950.0,14101
1779338700,3948.5,3951.6,3946.0,3949.4,17543
1779339000,3949.6,3954.0,3948.0,3953.4,22198
1779339300,3953.4,3958.5,3951.0,3955.6,25501
1779339600,3955.6,3958.0,3947.8,3950.0,23057
1779339900,3950.6,3954.9,3946.0,3948.6,17096
1779340200,3948.6,3955.0,3947.5,3955.0,7924
1779340500,3955.0,3959.7,3950.1,3950.2,17055
1779340800,3950.2,3951.3,3948.2,3949.8,9963
1779341100,3950.9,3950.9,3946.1,3946.1,6912
1779341400,3946.2,3951.3,3944.2,3950.2,18377
1779341700,3951.3,3953.0,3948.1,3953.0,11318
1779342000,3953.5,3953.5,3948.7,3949.2,7703
1779342300,3950.0,3950.0,3932.3,3939.9,48113
1779342600,3939.8,3949.6,3935.0,3947.8,26157
1779342900,3948.9,3952.2,3945.7,3951.4,9687
1779343200,3952.0,3952.0,3945.8,3951.1,41021
1779343500,3951.4,3956.9,3949.5,3955.7,27508
1779343800,3956.0,3956.7,3954.0,3955.0,6675
1779344100,3955.0,3955.5,3952.1,3952.6,2627
1779344400,3952.6,3956.7,3950.8,3952.2,6793
1779344700,3952.6,3956.0,3948.2,3948.4,13577
1779345000,3949.8,3952.7,3949.1,3951.4,2993
1779345300,3951.4,3952.7,3948.6,3950.0,2841
1779345600,3950.4,3952.2,3942.5,3942.9,23311
1779345900,3943.4,3947.9,3943.0,3944.6,5345
1779346200,3944.4,3944.8,3940.0,3940.0,9930
1779346500,3940.1,3940.5,3927.2,3932.0,27003
1779346800,3932.1,3933.0,3928.0,3932.8,6523
1779347100,3932.0,3932.9,3917.7,3920.4,44528
1779347400,3920.7,3923.5,3918.0,3918.5,12047
1779347700,3918.5,3919.6,3912.7,3914.1,22165
1779348000,3914.9,3920.0,3913.6,3920.0,13992
1779348300,3919.4,3920.0,3917.5,3918.9,4252
1779348600,3918.2,3919.8,3913.0,3917.5,6214
1779348900,3917.6,3920.7,3914.3,3919.2,8087
1779349200,3919.1,3921.7,3918.0,3919.2,12782
1779349500,3919.4,3926.4,3918.0,3923.3,15429
1779349800,3923.2,3926.8,3920.3,3925.9,16631
1779350100,3925.7,3927.9,3925.1,3925.8,6875
1779350400,3925.9,3928.5,3922.3,3927.9,8981
1779350700,3927.8,3934.8,3926.6,3930.2,16554
1779351000,3930.2,3935.0,3929.1,3933.0,6286
1779351300,3933.0,3936.0,3927.0,3928.0,20160
1779351600,3928.0,3928.8,3923.0,3923.7,17715
1779351900,3924.0,3931.1,3922.6,3928.8,7063
1779352200,3928.3,3928.7,3920.0,3921.9,15463
1779352500,3922.2,3925.8,3920.0,3923.3,11477
1779352800,3923.3,3926.0,3923.0,3923.5,37118
1779353100,3923.0,3925.0,3920.0,3923.8,10740
1779353400,3923.8,3930.0,3923.0,3929.7,7646
1779353700,3929.4,3931.0,3923.0,3925.1,16133
1779354000,3925.1,3927.3,3921.5,3926.5,14794
1779354300,3925.4,3928.9,3923.4,3924.0,15267
1779354600,3924.0,3929.9,3920.5,3921.4,36268
1779354900,3921.1,3928.9,3920.4,3926.4,27177
1779355200,3926.4,3930.9,3922.0,3928.9,54468
1779355500,3929.1,3930.3,3922.1,3922.9,33043
1779355800,3923.9,3926.9,3917.7,3922.9,44755
1779356100,3921.7,3930.0,3921.6,3930.0,112764
1779356400,3930.7,3935.9,3925.8,3929.4,116306
1779356700,3930.1,3936.3,3927.9,3928.3,42769
1779357000,3928.7,3934.1,3927.1,3931.1,34809
1779357300,3931.0,3931.9,3929.0,3931.9,22507
1779421500,3907.0,3921.0,3900.1,3918.9,55326
1779421800,3921.5,3936.8,3921.0,3932.9,40534
1779422100,3932.9,3933.5,3926.0,3929.9,14000
1779422400,3929.0,3932.0,3926.7,3931.4,17884
1779422700,3931.1,3935.0,3930.3,3934.3,10977
1779423000,3934.7,3943.7,3933.7,3941.5,22297
1779423300,3941.1,3942.5,3932.1,3932.1,10524
1779423600,3932.9,3944.5,3932.2,3943.0,14524
1779423900,3943.9,3948.9,3940.0,3945.7,17995
1779424200,3945.7,3948.0,3938.5,3938.5,15456
1779424500,3940.3,3940.3,3933.1,3934.0,9893
1779424800,3934.0,3938.3,3934.0,3937.3,6643
1779425100,3937.3,3938.0,3928.5,3930.0,13363
1779425400,3930.0,3934.8,3930.0,3932.9,6069
1779425700,3932.8,3934.4,3929.5,3931.5,11203
1779426000,3931.2,3937.4,3931.2,3936.6,6768
1779426300,3936.7,3936.9,3931.0,3931.6,6966
1779426600,3932.7,3936.0,3931.0,3935.1,4903
1779426900,3935.1,3937.4,3932.4,3934.1,10226
1779427200,3934.1,3945.0,3931.5,3945.0,63643
1779427500,3945.0,3947.7,3944.1,3946.4,11934
1779427800,3945.3,3947.4,3944.3,3946.3,11399
1779428100,3947.0,3947.3,3945.1,3945.8,6999
1779428400,3946.0,3947.0,3942.5,3946.0,7950
1779428700,3946.1,3949.8,3945.3,3949.4,23596
1779429000,3949.4,3956.8,3946.9,3950.6,46752
1779429300,3951.8,3952.2,3942.3,3945.5,16083
1779429600,3945.5,3948.1,3943.5,3945.3,8796
1779429900,3945.3,3947.7,3944.4,3946.7,6078
1779430200,3947.9,3953.0,3946.0,3952.8,10449
1779430500,3953.3,3954.6,3950.0,3952.3,12249
1779430800,3952.3,3953.1,3950.2,3951.0,6892
1779431100,3951.0,3952.0,3950.0,3950.2,6172
1779431400,3950.5,3952.0,3950.3,3951.6,7588
1779431700,3951.6,3952.0,3950.0,3950.3,4412
1779432000,3950.7,3952.5,3950.0,3951.3,15976
1779432300,3951.5,3952.0,3948.1,3948.8,12114
1779432600,3948.8,3950.2,3944.4,3945.6,38291
1779432900,3945.0,3947.4,3943.5,3943.5,25359
1779433200,3944.8,3945.5,3941.0,3944.9,31873
1779433500,3945.0,3945.4,3942.2,3943.6,10487
1779433800,3943.6,3947.9,3943.1,3947.6,9050
1779434100,3947.7,3951.7,3944.9,3951.0,13109
1779434400,3951.0,3955.0,3950.3,3954.8,12558
1779434700,3955.0,3960.0,3953.6,3954.6,50281
1779435000,3954.9,3958.7,3954.9,3955.8,10062
1779435300,3955.9,3956.1,3951.6,3954.1,13230
1779435600,3954.3,3954.9,3950.0,3954.2,16050
1779435900,3954.3,3955.0,3948.3,3948.7,22690
1779436200,3950.1,3952.4,3949.5,3950.0,22312
1779436500,3950.4,3951.3,3947.5,3948.5,13686
1779436800,3948.5,3952.0,3947.5,3950.0,21085
1779437100,3950.4,3950.8,3945.7,3948.9,13036
1779437400,3949.0,3949.7,3945.5,3947.0,10249
1779437700,3948.0,3952.8,3944.3,3944.8,10847
1779438000,3944.8,3946.9,3943.0,3943.6,12474
1779438300,3943.6,3944.1,3940.3,3944.1,13096
1779438600,3944.1,3944.7,3937.6,3937.6,23389
1779438900,3937.6,3941.2,3932.1,3939.0,20025
1779439200,3938.5,3941.7,3936.6,3939.0,26915
1779439500,3939.0,3940.0,3936.3,3937.1,9486
1779439800,3937.7,3939.8,3935.2,3937.0,13166
1779440100,3937.1,3938.2,3934.7,3934.7,14753
1779440400,3934.7,3936.0,3930.1,3933.8,19688
1779440700,3934.0,3934.5,3922.8,3924.3,23618
1779441000,3923.0,3926.2,3922.0,3922.7,15514
1779441300,3922.7,3931.0,3922.2,3929.9,13990
1779441600,3929.9,3931.0,3926.2,3927.8,8449
1779441900,3927.0,3929.1,3924.1,3925.0,19055
1779442200,3925.0,3929.5,3920.0,3927.0,30082
1779442500,3926.8,3930.6,3925.2,3927.3,25504
1779442800,3927.3,3929.2,3926.7,3927.6,20191
1779443100,3927.7,3930.0,3923.4,3923.8,33646
1779443400,3923.8,3926.5,3923.5,3926.5,27937
1779443700,3926.9,3933.0,3925.0,3933.0,31851
1779680700,3970.0,4005.9,3961.5,3995.9,151916
1779681000,3995.8,4003.0,3994.0,3997.2,78940
1779681300,3997.8,4000.0,3993.8,3998.7,34061
1779681600,3999.0,4004.9,3993.1,4003.0,52729
1779681900,4003.8,4006.5,3998.4,4000.6,51934
1779682200,4001.0,4003.3,3996.7,4002.5,30363
1779682500,4002.9,4021.4,4000.5,4021.4,104429
1779682800,4021.5,4030.0,4020.0,4030.0,124109
1779683100,4029.0,4029.9,4019.3,4021.9,44350
1779683400,4022.0,4025.0,4021.0,4023.7,36449
1779683700,4023.0,4029.6,4021.6,4029.6,47737
1779684000,4029.6,4032.0,4026.5,4031.3,41406
1779684300,4031.6,4038.4,4030.1,4036.7,54416
1779684600,4037.0,4038.2,4030.5,4032.0,31362
1779684900,4031.0,4034.8,4030.2,4031.0,26509
1779685200,4031.0,4031.0,4025.0,4028.7,30525
1779685500,4028.8,4031.4,4027.0,4028.0,19913
1779685800,4028.0,4029.0,4021.9,4027.5,59774
1779686100,4027.5,4029.8,4023.0,4027.8,49066
1779686400,4028.0,4028.0,4022.4,4026.4,24716
1779686700,4025.8,4026.5,4020.0,4022.0,56578
1779687000,4022.9,4023.0,4018.0,4022.6,23027
1779687300,4022.6,4022.9,4019.2,4020.9,16601
1779687600,4020.6,4021.6,4016.3,4018.1,29308
1779687900,4018.6,4020.0,4016.5,4019.0,24265
1779688200,4019.0,4020.1,4016.6,4019.0,20660
1779688500,4019.7,4020.1,4018.0,4020.0,21770
1779688800,4020.0,4022.1,4018.9,4020.0,44589
1779689100,4019.2,4029.0,4018.8,4029.0,22754
1779689400,4029.0,4030.0,4025.1,4027.3,17848
1779689700,4027.3,4028.2,4025.3,4026.5,14248
1779690000,4026.5,4028.0,4025.0,4026.2,13183
1779690300,4026.2,4027.8,4025.0,4025.4,15894
1779690600,4026.0,4026.0,4019.1,4020.2,18406
1779690900,4020.2,4021.3,4014.3,4015.0,24220
1779691200,4015.0,4017.8,4013.4,4016.1,14574
1779691500,4016.1,4018.8,4015.7,4017.9,5904
1779691800,4017.9,4018.5,4017.0,4017.9,7152
1779692100,4018.0,4019.8,4017.0,4017.5,9504
1779692400,4017.5,4017.5,4013.1,4014.0,10554
1779692700,4013.8,4014.5,4011.0,4012.8,15348
1779693000,4012.7,4014.4,4011.6,4012.6,8642
1779693300,4012.6,4013.0,4003.2,4005.8,26706
1779693600,4005.7,4010.0,4004.7,4008.5,10804
1779693900,4008.5,4009.2,4004.3,4008.2,8461
1779694200,4008.8,4015.4,4006.0,4014.7,10340
1779694500,4014.7,4014.7,4010.7,4011.5,6601
1779694800,4011.5,4013.4,4009.9,4010.3,8829
1779695100,4010.3,4011.8,4008.7,4011.2,6398
1779695400,4011.2,4015.0,4010.2,4015.0,5188
1779695700,4015.0,4021.6,4014.8,4020.5,12208
1779696000,4020.5,4022.0,4019.1,4021.0,9589
1779696300,4021.9,4023.1,4020.9,4021.1,10428
1779696600,4021.2,4022.5,4019.2,4021.5,13205
1779696900,4021.9,4022.4,4020.0,4020.3,7622
1779697200,4021.3,4021.8,4020.0,4020.5,10791
1779697500,4020.8,4022.1,4020.0,4022.1,12018
1779697800,4022.5,4028.8,4022.0,4027.3,15517
1779698100,4028.6,4029.0,4020.0,4022.3,24219
1779698400,4023.6,4026.0,4022.3,4024.6,23817
1779698700,4025.0,4026.4,4023.6,4025.7,13644
1779699000,4025.8,4026.4,4023.8,4024.0,17945
1779699300,4023.8,4034.0,4023.8,4031.0,40016
1779699600,4031.8,4032.0,4026.5,4030.0,14189
1779699900,4029.8,4030.0,4026.5,4028.5,15156
1779700200,4029.0,4030.0,4028.5,4029.9,7779
1779700500,4030.0,4031.8,4029.9,4031.6,15088
1779700800,4031.7,4033.9,4031.5,4032.3,21027
1779701100,4032.5,4034.0,4031.2,4033.9,11857
1779701400,4033.7,4037.5,4032.1,4036.6,32188
1779701700,4036.4,4036.6,4030.1,4031.9,25441
1779702000,4031.6,4035.0,4030.5,4034.3,22267
1779702300,4034.4,4036.0,4033.5,4035.9,24179
1779702600,4035.9,4035.9,4030.2,4032.0,30566
1779702900,4032.0,4036.0,4030.0,4034.5,42816
1779767100,4029.6,4033.2,4014.2,4027.0,56674
1779767400,4027.5,4028.0,4021.3,4023.9,12166
1779767700,4024.1,4035.0,4023.1,4029.1,22976
1779768000,4029.8,4029.8,4022.5,4024.0,17939
1779768300,4023.0,4030.0,4021.9,4030.0,22375
1779768600,4029.8,4032.9,4027.1,4029.2,9933
1779768900,4029.9,4031.0,4026.0,4029.8,11353
1779769200,4029.9,4032.0,4028.0,4029.2,16869
1779769500,4029.5,4030.0,4020.0,4020.3,21787
1779769800,4022.2,4030.0,4020.0,4029.0,21524
1779770100,4029.7,4029.7,4022.1,4026.0,10852
1779770400,4026.4,4030.0,4025.5,4029.0,14293
1779770700,4029.9,4030.3,4023.2,4024.5,10845
1779771000,4025.3,4025.3,4020.0,4023.5,10496
1779771300,4023.0,4026.6,4021.4,4025.2,11745
1779771600,4025.5,4027.0,4022.6,4027.0,16082
1779771900,4028.0,4031.0,4026.8,4030.7,13890
1779772200,4030.7,4030.7,4024.1,4025.0,5516
1779772500,4025.1,4026.0,4022.6,4024.9,8303
1779772800,4024.9,4028.9,4023.1,4027.1,10267
1779773100,4027.1,4028.3,4023.2,4025.4,10377
1779773400,4027.0,4030.0,4025.7,4027.0,21783
1779773700,4027.0,4033.0,4025.4,4030.5,23261
1779774000,4032.0,4032.8,4027.9,4030.5,5466
1779774300,4030.5,4048.0,4030.0,4046.7,47626
1779774600,4047.0,4049.0,4038.2,4041.7,38561
1779774900,4041.5,4042.9,4035.5,4035.8,20267
1779775200,4035.3,4039.8,4033.8,4037.4,24608
1779775500,4038.0,4052.0,4037.4,4052.0,36535
1779775800,4052.0,4052.0,4042.2,4042.7,14895
1779776100,4042.7,4045.5,4040.1,4040.8,25487
1779776400,4040.9,4045.0,4038.9,4044.8,19901
1779776700,4044.8,4047.0,4040.9,4044.7,19870
1779777000,4044.7,4049.8,4043.2,4049.8,22449
1779777300,4048.3,4052.9,4047.1,4047.1,36904
1779777600,4047.0,4047.3,4044.0,4044.5,11452
1779777900,4045.8,4049.9,4044.5,4048.5,6691
1779778200,4048.8,4049.0,4046.0,4046.0,5991
1779778500,4046.1,4048.1,4045.1,4047.0,10117
1779778800,4047.3,4049.7,4045.0,4046.0,20870
1779779100,4045.9,4047.7,4042.2,4044.9,12484
1779779400,4045.4,4047.2,4041.9,4045.0,19129
1779779700,4045.0,4047.0,4041.5,4045.0,52749
1779780000,4045.0,4046.5,4041.9,4045.5,41801
1779780300,4043.7,4045.1,4040.1,4040.9,7601
1779780600,4041.4,4046.7,4040.1,4040.7,20022
1779780900,4041.0,4043.0,4038.8,4041.0,12517
1779781200,4041.3,4044.6,4040.3,4041.0,13968
1779781500,4041.0,4043.7,4038.0,4041.1,15027
1779781800,4041.1,4044.3,4040.4,4042.9,10549
1779782100,4042.7,4043.4,4038.6,4038.8,19379
1779782400,4040.2,4041.4,4037.0,4037.0,16545
1779782700,4037.0,4038.7,4036.4,4037.7,12769
1779783000,4038.0,4039.5,4036.7,4037.2,12023
1779783300,4037.2,4039.4,4036.8,4039.0,9529
1779783600,4039.0,4039.0,4036.3,4038.0,8884
1779783900,4038.5,4039.2,4035.4,4038.0,6870
1779784200,4038.0,4038.0,4033.4,4035.2,16193
1779784500,4035.2,4037.8,4033.2,4035.8,7869
1779784800,4036.0,4037.0,4028.5,4030.9,22147
1779785100,4030.9,4031.7,4028.5,4029.9,32445
1779785400,4030.4,4032.5,4028.1,4031.9,25222
1779785700,4031.9,4032.0,4029.1,4030.9,17184
1779786000,4030.0,4032.3,4030.0,4030.7,13590
1779786300,4032.0,4032.6,4029.7,4030.0,25421
1779786600,4030.2,4031.7,4028.7,4030.0,30117
1779786900,4030.1,4032.5,4030.0,4030.2,20834
1779787200,4030.4,4031.7,4030.0,4031.5,26465
1779787500,4031.5,4038.3,4030.2,4036.5,20946
1779787800,4036.6,4038.5,4033.2,4038.2,35259
1779788100,4038.0,4040.0,4034.7,4036.3,28737
1779788400,4036.5,4040.0,4034.7,4037.9,48561
1779788700,4037.2,4042.0,4036.9,4039.0,57610
1779789000,4039.1,4040.5,4035.0,4035.9,57191
1779789300,4036.0,4039.0,4031.0,4037.0,21881
1779853500,4043.0,4059.8,4033.1,4055.9,82535
1779853800,4056.4,4063.8,4055.1,4058.1,39324
1779854100,4058.1,4062.6,4051.2,4052.8,30671
1779854400,4053.0,4054.1,4044.0,4049.8,31150
1779854700,4049.8,4054.0,4048.2,4051.0,14623
1779855000,4051.0,4056.9,4049.0,4053.7,13154
1779855300,4054.7,4055.5,4048.1,4052.5,11985
1779855600,4053.0,4055.0,4050.0,4052.0,9181
1779855900,4051.5,4054.0,4048.5,4051.0,17603
1779856200,4050.8,4057.0,4049.1,4057.0,13240
1779856500,4056.9,4062.0,4055.8,4061.0,29462
1779856800,4061.0,4065.0,4054.2,4058.6,38347
1779857100,4059.0,4059.0,4046.2,4046.9,15813
1779857400,4046.0,4046.8,4036.4,4040.0,28898
1779857700,4040.8,4048.2,4040.0,4047.1,10728
1779858000,4047.2,4050.2,4045.0,4050.0,10655
1779858300,4050.2,4051.7,4048.5,4049.8,7412
1779858600,4050.1,4053.8,4048.0,4049.1,12850
1779858900,4049.9,4055.0,4048.1,4054.5,14110
1779859200,4055.0,4066.0,4054.1,4063.5,42972
1779859500,4065.0,4065.9,4059.0,4061.5,14786
1779859800,4063.0,4065.0,4060.5,4065.0,13433
1779860100,4065.0,4069.9,4064.5,4067.3,29308
1779860400,4067.3,4069.0,4064.2,4067.4,17225
1779860700,4068.0,4068.8,4060.0,4061.0,39548
1779861000,4061.0,4064.9,4059.4,4061.5,20894
1779861300,4061.0,4062.0,4058.0,4058.8,14721
1779861600,4059.8,4063.7,4059.8,4061.9,9481
1779861900,4061.9,4063.0,4060.0,4060.0,6809
1779862200,4060.2,4067.5,4060.2,4063.1,17424
1779862500,4064.4,4064.5,4060.0,4060.4,14236
1779862800,4061.3,4061.3,4057.0,4057.2,12299
1779863100,4058.7,4061.4,4056.6,4060.7,17180
1779863400,4060.5,4062.3,4057.4,4058.3,14819
1779863700,4059.0,4062.7,4057.7,4061.0,7293
1779864000,4061.0,4064.5,4060.0,4060.3,14298
1779864300,4062.0,4063.5,4060.0,4063.0,7689
1779864600,4063.5,4063.5,4060.0,4061.6,5825
1779864900,4061.8,4062.0,4057.0,4057.0,17905
1779865200,4058.0,4059.0,4055.2,4057.3,5655
1779865500,4057.7,4062.0,4056.1,4059.4,5691
1779865800,4060.7,4061.0,4057.9,4059.4,8818
1779866100,4059.3,4059.5,4055.3,4057.2,10119
1779866400,4057.2,4057.5,4053.0,4053.0,48446
1779866700,4053.9,4056.4,4053.0,4053.2,10229
1779867000,4053.2,4056.0,4047.8,4055.1,27194
1779867300,4055.1,4055.1,4050.1,4050.1,6233
1779867600,4050.8,4054.0,4050.1,4051.9,12897
1779867900,4052.3,4052.3,4048.1,4050.8,10271
1779868200,4051.3,4052.0,4046.0,4046.0,10378
1779868500,4046.3,4047.0,4040.4,4040.8,13280
1779868800,4040.8,4047.9,4040.4,4046.6,26993
1779869100,4046.3,4047.0,4044.1,4044.1,6436
1779869400,4044.9,4045.8,4042.1,4043.4,6365
1779869700,4043.4,4044.9,4040.9,4041.0,10448
1779870000,4041.3,4045.0,4041.0,4044.0,5314
1779870300,4044.6,4044.6,4033.4,4034.1,34827
1779870600,4034.1,4037.6,4031.5,4033.6,24862
1779870900,4033.0,4034.0,4028.5,4029.4,22523
1779871200,4029.4,4029.4,4021.0,4023.6,19489
1779871500,4023.6,4029.3,4021.6,4025.9,31555
1779871800,4026.2,4027.5,4022.1,4023.2,23195
1779872100,4023.0,4029.0,4021.1,4028.5,31137
1779872400,4027.0,4029.3,4017.9,4018.2,44241
1779872700,4019.5,4039.2,4019.5,4035.2,49420
1779873000,4035.2,4037.9,4034.3,4036.1,26549
1779873300,4037.0,4045.0,4033.7,4045.0,34078
1779873600,4045.0,4046.9,4040.2,4043.8,39226
1779873900,4043.8,4049.9,4043.4,4049.0,18821
1779874200,4048.6,4048.9,4041.3,4041.7,29979
1779874500,4041.8,4047.0,4041.0,4046.0,25935
1779874800,4046.0,4049.0,4043.3,4045.5,32263
1779875100,4046.1,4050.0,4045.2,4048.8,39660
1779875400,4048.7,4050.0,4047.0,4050.0,31696
1779875700,4049.4,4055.0,4046.0,4050.0,48756
1780026300,4045.8,4083.5,4045.0,4068.7,97575
1780026600,4070.0,4070.9,4059.0,4060.2,34020
1780026900,4061.2,4061.8,4053.7,4055.0,46006
1780027200,4055.1,4069.9,4054.2,4064.5,26929
1780027500,4064.2,4069.3,4063.1,4069.3,15897
1780027800,4068.6,4078.8,4067.0,4071.6,44405
1780028100,4070.7,4099.1,4070.7,4097.4,139498
1780028400,4097.4,4105.8,4093.7,4096.0,85315
1780028700,4096.0,4099.9,4090.1,4097.7,84946
1780029000,4098.0,4103.9,4094.7,4098.0,32514
1780029300,4098.7,4099.9,4095.4,4098.0,24937
1780029600,4097.9,4103.9,4096.8,4102.6,25584
1780029900,4103.1,4103.7,4095.2,4098.3,32093
1780030200,4098.9,4100.0,4090.0,4098.1,78821
1780030500,4098.1,4099.4,4092.0,4097.9,57432
1780030800,4098.0,4098.5,4092.5,4096.1,84996
1780031100,4096.1,4099.5,4095.5,4099.3,29372
1780031400,4099.3,4099.9,4095.0,4097.4,44373
1780031700,4097.5,4098.5,4090.5,4098.3,70987
1780032000,4098.3,4098.5,4093.7,4097.3,61638
1780032300,4098.0,4110.0,4094.7,4108.3,76461
1780032600,4109.0,4117.0,4109.0,4117.0,62579
1780032900,4117.0,4127.0,4116.3,4127.0,82852
1780033200,4126.2,4128.0,4109.0,4110.0,45032
1780033500,4110.5,4115.6,4107.9,4108.4,63161
1780033800,4110.0,4112.0,4103.0,4107.2,17614
1780034100,4107.2,4109.7,4107.0,4108.0,12802
1780034400,4107.9,4108.2,4098.0,4098.5,26470
1780034700,4098.4,4102.0,4096.5,4101.8,27049
1780035000,4101.8,4103.6,4098.9,4102.4,13360
1780035300,4102.2,4108.3,4101.6,4107.0,17743
1780035600,4108.0,4110.9,4107.0,4110.0,18719
1780035900,4110.0,4110.0,4104.7,4109.4,11857
1780036200,4108.4,4109.6,4103.9,4105.4,14669
1780036500,4105.8,4109.5,4104.2,4107.9,22914
1780036800,4107.9,4109.6,4099.1,4101.7,28678
1780037100,4101.7,4105.0,4098.8,4103.7,15496
1780037400,4103.5,4109.3,4101.9,4108.2,11870
1780037700,4109.4,4113.0,4108.2,4111.7,16864
1780038000,4111.9,4111.9,4107.0,4108.2,13557
1780038300,4108.2,4108.5,4105.1,4107.1,11880
1780038600,4105.9,4107.2,4105.0,4105.9,7740
1780038900,4105.7,4109.8,4105.3,4108.0,9328
1780039200,4108.4,4115.0,4108.3,4113.9,33596
1780039500,4114.0,4115.7,4111.6,4114.7,14299
1780039800,4115.0,4115.0,4110.1,4112.2,20992
1780040100,4112.6,4112.9,4109.7,4110.0,38996
1780040400,4112.1,4113.0,4105.0,4106.0,67459
1780040700,4105.2,4113.0,4104.7,4110.2,82112
1780041000,4111.0,4115.0,4108.3,4112.2,54840
1780041300,4112.5,4115.0,4110.3,4112.6,37787
1780041600,4113.3,4113.7,4105.0,4112.3,66582
1780041900,4112.4,4113.0,4107.5,4108.5,49192
1780042200,4108.8,4112.3,4105.9,4109.5,139182
1780042500,4109.6,4112.4,4106.2,4112.0,125876
1780042800,4110.5,4112.4,4095.9,4100.0,115598
1780043100,4100.2,4103.4,4098.8,4099.7,18717
1780043400,4100.2,4100.2,4093.5,4098.0,57902
1780043700,4098.9,4099.2,4093.8,4095.6,23215
1780044000,4095.8,4098.3,4093.8,4097.0,37804
1780044300,4097.7,4099.0,4096.0,4097.9,14088
1780044600,4097.9,4102.5,4095.0,4102.3,28938
1780044900,4102.0,4102.0,4096.6,4098.0,29157
1780045200,4097.9,4105.6,4096.9,4104.0,38785
1780045500,4104.0,4107.2,4103.3,4105.5,19370
1780045800,4105.9,4107.4,4102.8,4104.1,28285
1780046100,4104.9,4108.0,4103.8,4107.0,23042
1780046400,4107.2,4107.3,4101.9,4102.9,41482
1780046700,4102.9,4107.0,4097.7,4103.6,79682
1780047000,4103.7,4104.4,4079.1,4080.4,278649
1780047300,4080.5,4083.1,4057.0,4059.2,321581
1780047600,4058.7,4072.1,4058.7,4071.0,305703
1780047900,4072.8,4082.1,4071.5,4078.1,274650
1780048200,4077.9,4080.5,4072.4,4073.6,357355
1780048500,4073.6,4092.0,4069.2,4090.0,295186
1780285500,4089.0,4105.8,4070.6,4074.8,71825
1780285800,4075.7,4082.0,4067.0,4073.3,35788
1780286100,4073.9,4078.0,4068.8,4075.1,14411
1780286400,4074.3,4085.0,4068.8,4078.1,22486
1780286700,4078.4,4078.4,4069.4,4076.0,25313
1780287000,4075.6,4079.5,4060.0,4063.0,15374
1780287300,4063.0,4069.6,4053.5,4055.5,22123
1780287600,4056.0,4058.6,4050.0,4054.0,26586
1780287900,4053.9,4054.2,4040.0,4041.0,35575
1780288200,4041.0,4043.9,4036.0,4037.6,22285
1780288500,4037.6,4048.9,4035.0,4046.2,24918
1780288800,4046.2,4046.2,4035.7,4036.4,10567
1780289100,4036.4,4045.8,4032.2,4041.6,9794
1780289400,4041.4,4041.9,4037.0,4038.1,7335
1780289700,4039.0,4047.6,4039.0,4042.7,12649
1780290000,4042.7,4047.0,4031.3,4036.1,19748
1780290300,4036.2,4037.1,4031.0,4033.3,10131
1780290600,4033.7,4050.0,4032.0,4049.8,27194
1780290900,4049.8,4063.0,4048.8,4061.8,19838
1780291200,4061.4,4069.3,4060.0,4069.3,20718
1780291500,4069.3,4070.0,4061.0,4061.7,13543
1780291800,4062.7,4073.0,4062.4,4072.9,10979
1780292100,4072.0,4074.4,4069.0,4072.7,10356
1780292400,4074.0,4074.8,4072.0,4074.7,6323
1780292700,4074.2,4079.0,4073.6,4077.4,10642
1780293000,4077.3,4077.3,4072.8,4072.9,7992
1780293300,4073.1,4074.5,4070.0,4070.0,6937
1780293600,4069.6,4073.0,4062.7,4066.0,12323
1780293900,4066.0,4071.5,4063.0,4070.3,9388
1780294200,4071.5,4072.0,4062.9,4063.5,5201
1780294500,4065.2,4067.1,4059.1,4066.0,7417
1780294800,4066.0,4067.2,4060.3,4063.4,5792
1780295100,4063.4,4063.4,4045.0,4046.6,15720
1780295400,4046.0,4050.9,4044.0,4049.1,8370
1780295700,4049.2,4055.7,4047.1,4051.9,9105
1780296000,4051.5,4058.0,4049.1,4055.6,24337
1780296300,4056.5,4056.5,4050.7,4054.1,22994
1780296600,4054.1,4060.0,4050.3,4055.6,22829
1780296900,4055.1,4056.7,4053.1,4055.0,9886
1780297200,4053.4,4055.1,4044.9,4047.0,13308
1780297500,4046.9,4052.4,4045.0,4047.4,26671
1780297800,4047.8,4048.2,4042.4,4045.5,9872
1780298100,4045.5,4053.0,4045.0,4051.9,8862
1780298400,4051.9,4053.0,4049.0,4050.8,29626
1780298700,4052.3,4052.4,4044.0,4045.6,9921
1780299000,4045.8,4048.5,4040.4,4041.6,14517
1780299300,4041.5,4043.6,4037.0,4038.2,9533
1780299600,4037.6,4041.6,4031.8,4038.4,14786
1780299900,4038.4,4040.2,4035.0,4036.9,8642
1780300200,4037.2,4038.1,4032.6,4036.3,9065
1780300500,4036.3,4039.0,4033.0,4039.0,6868
1780300800,4038.8,4042.0,4036.3,4038.7,7659
1780301100,4038.7,4043.0,4037.1,4042.0,7782
1780301400,4042.0,4044.8,4039.7,4043.7,6632
1780301700,4043.7,4044.1,4026.9,4027.7,26494
1780302000,4027.7,4027.7,4016.6,4017.5,52717
1780302300,4017.3,4027.3,4017.3,4026.3,22086
1780302600,4026.3,4027.3,4018.6,4019.8,17849
1780302900,4019.8,4020.0,4010.4,4011.7,36725
1780303200,4013.1,4014.4,4010.3,4011.8,10712
1780303500,4011.8,4016.9,4010.0,4015.5,9514
1780303800,4015.0,4015.9,4009.3,4011.1,9663
1780304100,4011.1,4016.0,4010.0,4012.5,14478
1780304400,4012.9,4019.7,4012.5,4016.1,18560
1780304700,4016.2,4019.2,4014.6,4018.0,16958
1780305000,4018.3,4019.7,4015.0,4018.8,16311
1780305300,4018.8,4023.1,4011.9,4014.7,23155
1780305600,4015.2,4016.0,4007.5,4009.9,26227
1780305900,4011.2,4011.4,4002.1,4004.5,26213
1780306200,4005.3,4010.9,4002.6,4010.0,20607
1780306500,4010.0,4015.7,4007.4,4014.5,50701
1780306800,4015.0,4017.1,4008.3,4010.3,41325
1780307100,4012.0,4015.0,4010.0,4011.4,36377
1780307400,4011.4,4011.4,4003.3,4007.4,42102
1780307700,4007.0,4014.9,4004.2,4012.0,28192
1780371900,3980.0,3998.0,3959.9,3967.6,113096
1780372200,3970.1,3971.3,3952.0,3962.1,59414
1780372500,3962.1,3968.0,3952.7,3962.5,45501
1780372800,3962.5,3962.5,3946.0,3956.6,51492
1780373100,3956.6,3969.0,3953.3,3968.8,29534
1780373400,3969.7,3974.1,3961.0,3966.7,23097
1780373700,3966.6,3966.7,3959.1,3966.7,18565
1780374000,3965.9,3974.0,3963.1,3972.3,18874
1780374300,3972.8,3974.7,3968.3,3974.3,12489
1780374600,3974.9,3983.4,3970.6,3983.0,22928
1780374900,3982.8,3988.2,3978.3,3978.8,25265
1780375200,3977.9,3979.5,3974.0,3974.0,11788
1780375500,3973.2,3981.0,3970.1,3979.1,10574
1780375800,3980.0,3980.9,3969.8,3970.0,50592
1780376100,3970.0,3970.4,3968.0,3968.0,51161
1780376400,3968.1,3968.4,3952.5,3954.0,27040
1780376700,3954.9,3955.0,3946.6,3950.0,30411
1780377000,3950.0,3953.4,3946.1,3948.6,18870
1780377300,3948.6,3948.6,3943.0,3943.3,23718
1780377600,3943.3,3947.4,3933.3,3933.9,20462
1780377900,3933.9,3934.6,3927.0,3927.8,25515
1780378200,3927.9,3929.0,3926.1,3927.8,13483
1780378500,3928.0,3932.0,3928.0,3929.7,18057
1780378800,3929.2,3934.3,3929.2,3934.0,15857
1780379100,3933.2,3934.7,3931.2,3934.7,11292
1780379400,3934.7,3948.0,3934.2,3948.0,17912
1780379700,3948.8,3948.8,3940.0,3945.0,27189
1780380000,3945.0,3947.9,3942.4,3944.9,9071
1780380300,3944.8,3945.0,3934.4,3936.1,11364
1780380600,3936.2,3939.7,3932.0,3933.0,11201
1780380900,3933.0,3937.6,3932.0,3934.3,10007
1780381200,3934.3,3936.8,3931.6,3932.5,10200
1780381500,3933.0,3933.6,3927.0,3928.2,12553
1780381800,3928.2,3930.7,3926.4,3928.0,11174
1780382100,3928.0,3935.9,3923.5,3935.9,20576
1780382400,3935.9,3938.4,3931.4,3933.6,21439
1780382700,3933.6,3934.2,3931.1,3932.4,11646
1780383000,3932.4,3936.0,3930.1,3930.5,9398
1780383300,3930.5,3934.0,3930.0,3930.4,9265
1780383600,3930.2,3946.0,3930.0,3943.3,18147
1780383900,3943.3,3944.4,3940.2,3942.7,8468
1780384200,3942.7,3947.9,3940.0,3946.6,18966
1780384500,3946.6,3960.0,3945.9,3959.4,46101
1780384800,3959.6,3967.7,3956.4,3960.0,81919
1780385100,3960.0,3967.0,3958.2,3963.2,33525
1780385400,3963.6,3965.9,3960.2,3962.5,13447
1780385700,3962.5,3969.9,3961.8,3966.5,26658
1780386000,3966.7,3974.0,3964.0,3968.1,26842
1780386300,3968.0,3970.0,3965.0,3969.6,15689
1780386600,3969.5,3975.0,3966.9,3975.0,13660
1780386900,3977.0,3982.0,3974.0,3982.0,27809
1780387200,3981.5,3997.7,3981.5,3997.4,39786
1780387500,3996.1,3997.5,3988.4,3988.7,23925
1780387800,3988.9,3990.0,3984.0,3988.9,21067
1780388100,3989.0,3991.0,3981.7,3989.5,26962
1780388400,3989.6,3993.0,3987.9,3990.7,14962
1780388700,3990.7,3993.0,3988.0,3992.0,13500
1780389000,3991.5,3993.6,3990.0,3993.4,11181
1780389300,3993.5,3995.0,3990.2,3995.0,15657
1780389600,3995.0,3995.0,3990.0,3991.5,19835
1780389900,3991.5,3992.5,3985.0,3985.0,18177
1780390200,3985.8,4004.0,3985.0,4003.2,52437
1780390500,4004.0,4004.3,3991.2,3992.1,50085
1780390800,3992.0,3998.9,3992.0,3996.1,23073
1780391100,3996.2,3996.4,3985.1,3985.4,25383
1780391400,3985.1,3986.5,3977.2,3980.2,44990
1780391700,3981.4,3988.8,3979.2,3987.8,31433
1780392000,3987.8,3991.6,3985.2,3988.6,18971
1780392300,3986.5,3989.2,3981.0,3982.0,14497
1780392600,3982.0,3991.2,3978.0,3990.2,57264
1780392900,3991.5,4000.0,3990.0,3999.2,56130
1780393200,3998.5,3999.4,3996.4,3997.5,38214
1780393500,3997.4,4009.9,3997.4,4009.7,44912
1780393800,4009.8,4017.0,4005.0,4008.7,87360
1780394100,4008.8,4014.0,4002.5,4010.0,46944
1780458300,4000.9,4008.0,3966.0,3969.0,49245
1780458600,3968.7,3970.9,3960.0,3964.0,25587
1780458900,3965.2,3965.2,3954.6,3965.1,33052
1780459200,3965.1,3968.1,3958.0,3958.0,19178
1780459500,3958.0,3968.7,3957.7,3966.4,13874
1780459800,3967.2,3967.4,3961.0,3967.1,18472
1780460100,3967.4,3971.0,3964.0,3964.0,19780
1780460400,3963.1,3965.7,3955.0,3955.5,17213
1780460700,3954.3,3959.0,3951.0,3954.6,15898
1780461000,3954.2,3954.6,3945.0,3950.9,25120
1780461300,3951.0,3952.8,3941.0,3941.7,16422
1780461600,3941.9,3942.4,3933.0,3935.0,29113
1780461900,3936.0,3939.0,3934.0,3936.0,18684
1780462200,3936.5,3942.0,3936.5,3937.1,13979
1780462500,3937.1,3940.0,3926.6,3928.0,36441
1780462800,3928.0,3929.4,3919.6,3921.4,34305
1780463100,3921.4,3927.7,3919.1,3922.7,29743
1780463400,3923.2,3924.1,3915.0,3919.0,36277
1780463700,3919.5,3923.0,3916.0,3922.0,12712
1780464000,3922.0,3923.0,3918.2,3921.1,11319
1780464300,3920.5,3921.1,3915.0,3916.7,14498
1780464600,3916.8,3922.9,3913.2,3922.0,17385
1780464900,3922.8,3923.0,3915.0,3916.5,16745
1780465200,3916.5,3919.9,3915.0,3917.6,13248
1780465500,3917.0,3923.0,3913.0,3922.0,29841
1780465800,3921.9,3930.0,3921.0,3923.7,11231
1780466100,3924.3,3926.5,3919.3,3922.8,14578
1780466400,3923.2,3933.1,3921.9,3929.6,34098
1780466700,3931.3,3931.3,3915.9,3916.7,14494
1780467000,3916.3,3918.7,3913.0,3914.2,36787
1780467300,3914.2,3915.9,3906.9,3908.3,28616
1780467600,3908.0,3910.0,3902.0,3903.4,16870
1780467900,3903.4,3905.4,3903.0,3904.8,15675
1780468200,3904.8,3905.5,3894.0,3900.0,59980
1780468500,3899.6,3905.9,3897.8,3903.1,36211
1780468800,3903.0,3907.3,3900.1,3906.6,20916
1780469100,3906.6,3910.4,3905.0,3909.1,13633
1780469400,3909.1,3914.0,3905.4,3912.0,37147
1780469700,3912.6,3924.0,3911.0,3920.7,34137
1780470000,3921.7,3935.9,3920.4,3934.7,43896
1780470300,3935.0,3944.8,3932.1,3939.1,36549
1780470600,3939.4,3944.0,3937.1,3938.0,17011
1780470900,3938.0,3944.0,3935.6,3938.7,22042
1780471200,3938.7,3946.0,3935.0,3938.6,51438
1780471500,3940.0,3942.7,3935.5,3938.9,9156
1780471800,3939.4,3949.0,3935.4,3947.7,31482
1780472100,3947.9,3948.4,3944.2,3946.0,10832
1780472400,3946.0,3947.9,3942.6,3947.9,9251
1780472700,3948.9,3950.0,3946.0,3948.6,22583
1780473000,3947.9,3951.1,3947.0,3948.7,38165
1780473300,3949.9,3951.1,3945.6,3949.0,9727
1780473600,3949.0,3949.0,3941.4,3946.0,13329
1780473900,3946.0,3946.5,3942.0,3943.5,9461
1780474200,3944.8,3947.7,3943.1,3945.0,12385
1780474500,3944.5,3966.8,3944.5,3960.0,36801
1780474800,3959.9,3961.0,3953.3,3954.0,12791
1780475100,3954.7,3955.3,3948.2,3953.4,10067
1780475400,3953.7,3960.0,3952.9,3960.0,11846
1780475700,3959.7,3960.2,3953.0,3956.0,13499
1780476000,3956.3,3959.4,3953.6,3957.2,15694
1780476300,3957.8,3962.0,3955.2,3961.7,16851
1780476600,3961.8,3968.5,3959.8,3967.8,32728
1780476900,3968.0,3968.4,3959.9,3961.4,18297
1780477200,3961.4,3968.6,3961.0,3966.6,27304
1780477500,3966.2,3966.6,3957.9,3963.5,21208
1780477800,3963.6,3969.8,3961.0,3968.0,52628
1780478100,3967.9,3968.0,3962.0,3966.4,26678
1780478400,3966.6,3973.3,3964.4,3968.0,46487
1780478700,3968.4,3970.8,3962.0,3967.7,27892
1780479000,3968.4,3971.0,3956.3,3961.1,40352
1780479300,3961.6,3964.8,3950.2,3953.2,41272
1780479600,3953.7,3953.7,3947.0,3950.8,29840
1780479900,3950.8,3956.5,3948.0,3949.7,24311
1780480200,3949.7,3952.0,3945.0,3948.4,55810
1780480500,3948.4,3953.0,3943.6,3946.9,27795
1780544700,3945.0,3966.1,3940.0,3961.0,44545
1780545000,3959.7,3966.8,3955.1,3962.9,25310
1780545300,3962.3,3968.9,3959.0,3961.5,31578
1780545600,3961.5,3964.1,3950.2,3952.6,17921
1780545900,3953.2,3967.2,3951.1,3952.0,17867
1780546200,3953.3,3960.0,3949.0,3958.6,17835
1780546500,3958.6,3964.8,3957.0,3960.7,23129
1780546800,3960.4,3965.0,3958.2,3964.0,9545
1780547100,3965.0,3974.9,3963.4,3964.7,22591
1780547400,3964.7,3968.4,3960.9,3967.1,19025
1780547700,3965.5,3968.7,3961.0,3963.3,12428
1780548000,3962.7,3963.5,3955.9,3959.0,14396
1780548300,3958.2,3962.8,3956.6,3962.1,10148
1780548600,3961.4,3962.8,3958.0,3961.2,5710
1780548900,3962.5,3962.5,3960.0,3961.5,5207
1780549200,3961.8,3961.9,3953.0,3953.5,15035
1780549500,3954.9,3955.0,3947.3,3950.9,15206
1780549800,3950.9,3951.9,3943.9,3948.7,11196
1780550100,3949.0,3953.3,3943.3,3945.4,17916
1780550400,3945.5,3946.8,3943.0,3945.0,5943
1780550700,3945.0,3951.8,3944.5,3948.5,22908
1780551000,3948.6,3949.9,3942.0,3944.8,13358
1780551300,3944.9,3945.0,3940.0,3940.1,12044
1780551600,3940.1,3941.6,3936.0,3939.3,24681
1780551900,3939.3,3941.8,3935.0,3935.3,9073
1780552200,3936.9,3939.0,3934.3,3936.5,15367
1780552500,3938.4,3943.1,3934.9,3941.1,26992
1780552800,3941.3,3947.2,3935.5,3947.2,33763
1780553100,3947.1,3959.0,3946.9,3957.0,26789
1780553400,3957.0,3958.0,3951.6,3953.2,35347
1780553700,3953.2,3956.0,3950.1,3952.1,15389
1780554000,3952.1,3956.7,3941.1,3943.9,27471
1780554300,3942.2,3958.5,3941.8,3956.2,26355
1780554600,3958.3,3965.0,3957.0,3961.0,16188
1780554900,3961.0,3963.3,3955.2,3955.3,17312
1780555200,3955.3,3957.5,3950.0,3956.8,20173
1780555500,3958.0,3959.0,3948.0,3949.7,19934
1780555800,3949.6,3953.2,3949.6,3952.0,10274
1780556100,3952.4,3953.1,3950.0,3952.6,17623
1780556400,3952.4,3953.9,3950.0,3951.2,6732
1780556700,3951.3,3951.7,3946.0,3950.2,18711
1780557000,3950.0,3950.4,3946.8,3946.9,4173
1780557300,3948.2,3953.5,3946.0,3950.9,7936
1780557600,3951.1,3957.5,3949.0,3957.3,6914
1780557900,3957.1,3959.0,3955.0,3957.9,8435
1780558200,3958.0,3961.9,3958.0,3960.0,9756
1780558500,3961.0,3961.0,3950.0,3952.1,7831
1780558800,3952.0,3956.3,3942.0,3942.0,20985
1780559100,3942.0,3943.6,3936.8,3940.9,23605
1780559400,3940.0,3950.0,3938.2,3945.0,12449
1780559700,3945.2,3946.2,3940.1,3942.8,9429
1780560000,3942.0,3943.7,3939.9,3942.0,7946
1780560300,3942.0,3943.9,3938.5,3939.1,6949
1780560600,3939.1,3940.1,3930.1,3935.2,15374
1780560900,3934.8,3937.5,3933.4,3936.2,10398
1780561200,3936.8,3940.9,3933.1,3937.3,8527
1780561500,3936.7,3940.5,3933.0,3939.1,16335
1780561800,3938.2,3949.5,3938.2,3943.3,22374
1780562100,3944.4,3947.0,3942.2,3946.6,8826
1780562400,3946.3,3948.9,3937.5,3937.7,10637
1780562700,3937.5,3943.0,3937.5,3939.0,17681
1780563000,3938.7,3942.1,3938.0,3938.2,15592
1780563300,3938.2,3941.8,3936.3,3936.8,11590
1780563600,3937.7,3944.4,3935.2,3936.0,23624
1780563900,3936.5,3942.2,3936.0,3940.1,21785
1780564200,3940.0,3941.5,3935.4,3936.1,13738
1780564500,3936.3,3943.0,3935.7,3936.9,18054
1780564800,3937.5,3940.0,3935.0,3936.5,15670
1780565100,3937.2,3942.0,3936.0,3941.6,20167
1780565400,3941.3,3942.0,3935.0,3941.5,41308
1780565700,3941.7,3942.2,3935.1,3937.6,41171
1780566000,3937.5,3942.2,3936.6,3940.6,39955
1780566300,3940.7,3944.0,3939.3,3942.4,41295
1780566600,3942.4,3948.8,3941.0,3946.9,53316
1780566900,3947.9,3950.0,3945.0,3948.0,39083
1780631100,3960.0,3974.5,3952.4,3958.7,36466
1780631400,3957.4,3957.9,3950.0,3953.7,18664
1780631700,3953.8,3956.2,3951.0,3952.2,10455
1780632000,3952.2,3956.0,3942.6,3945.9,16500
1780632300,3944.5,3953.5,3944.5,3953.1,13272
1780632600,3953.5,3956.0,3950.5,3955.4,6680
1780632900,3954.6,3954.6,3947.0,3948.2,7748
1780633200,3948.9,3952.2,3946.3,3951.4,3929
1780633500,3951.4,3953.7,3945.3,3945.4,4959
1780633800,3945.0,3954.7,3941.1,3952.3,11764
1780634100,3952.3,3962.8,3947.9,3960.9,17710
1780634400,3960.0,3972.0,3960.0,3960.4,42464
1780634700,3961.0,3964.8,3957.8,3962.6,12324
1780635000,3962.1,3964.3,3958.2,3961.3,9299
1780635300,3961.8,3962.0,3947.4,3948.0,15747
1780635600,3947.7,3949.4,3939.0,3939.9,27354
1780635900,3939.0,3940.1,3929.0,3929.6,28487
1780636200,3929.0,3932.6,3923.9,3931.3,25016
1780636500,3930.1,3936.0,3928.0,3934.0,24285
1780636800,3935.1,3937.6,3933.5,3936.8,8344
1780637100,3936.3,3940.0,3935.0,3938.5,17072
1780637400,3938.5,3948.9,3938.5,3948.3,37075
1780637700,3948.3,3971.0,3948.3,3967.1,65616
1780638000,3966.3,3969.9,3956.1,3957.7,28545
1780638300,3957.7,3968.6,3957.7,3966.3,26339
1780638600,3966.8,3970.0,3960.0,3965.6,19079
1780638900,3966.1,3969.0,3963.4,3967.1,8543
1780639200,3967.7,3972.5,3966.0,3968.8,26341
1780639500,3968.4,3970.0,3963.0,3968.0,11161
1780639800,3968.3,3975.0,3968.0,3970.9,20475
1780640100,3970.1,3978.0,3970.1,3973.6,26249
1780640400,3973.1,3973.5,3965.6,3968.2,24371
1780640700,3967.5,3971.7,3963.7,3964.0,27229
1780641000,3964.0,3972.9,3964.0,3970.6,21026
1780641300,3970.6,3974.1,3970.2,3971.4,5288
1780641600,3971.7,3975.4,3968.0,3975.4,6612
1780641900,3975.9,3975.9,3971.0,3972.3,6960
1780642200,3971.0,3975.3,3970.6,3973.3,6618
1780642500,3973.4,3975.0,3970.8,3972.6,8251
1780642800,3973.0,3974.0,3965.1,3967.7,15928
1780643100,3969.0,3970.7,3962.0,3966.9,8594
1780643400,3966.3,3967.4,3960.0,3963.2,7681
1780643700,3962.4,3967.8,3960.0,3962.0,14695
1780644000,3961.8,3961.8,3953.6,3958.8,11692
1780644300,3958.8,3962.3,3956.4,3961.9,6092
1780644600,3961.5,3961.9,3957.0,3959.6,7596
1780644900,3959.6,3961.4,3954.0,3955.9,6344
1780645200,3955.9,3957.8,3951.2,3954.8,9359
1780645500,3953.8,3960.2,3953.0,3959.0,6163
1780645800,3960.0,3960.0,3951.5,3954.5,5913
1780646100,3954.3,3957.0,3947.4,3947.8,13913
1780646400,3947.7,3951.8,3944.0,3947.4,9466
1780646700,3947.4,3949.0,3945.5,3949.0,3821
1780647000,3948.6,3949.0,3940.0,3942.9,16532
1780647300,3942.5,3948.9,3942.0,3948.0,6254
1780647600,3947.6,3948.3,3943.0,3944.5,4917
1780647900,3944.2,3948.7,3940.7,3947.4,4945
1780648200,3948.0,3950.0,3945.1,3946.5,3755
1780648500,3946.7,3956.9,3946.7,3955.9,10626
1780648800,3956.0,3957.7,3947.9,3951.6,6362
1780649100,3951.0,3952.2,3948.0,3950.2,2540
1780649400,3950.0,3952.0,3947.8,3951.7,2443
1780649700,3952.0,3956.0,3951.2,3954.6,6460
1780650000,3954.4,3957.6,3952.5,3953.9,5442
1780650300,3953.9,3954.6,3948.0,3953.8,9004
1780650600,3953.3,3961.5,3947.0,3957.1,62053
1780650900,3957.2,3959.7,3948.0,3951.6,15295
1780651200,3950.4,3957.0,3950.1,3957.0,10754
1780651500,3955.2,3957.2,3947.0,3949.0,18657
1780651800,3948.6,3950.0,3941.0,3947.9,27211
1780652100,3948.0,3950.8,3945.2,3949.1,21946
1780652400,3949.4,3949.8,3945.0,3949.6,26930
1780652700,3949.4,3956.5,3948.7,3954.7,47310
1780653000,3954.7,3961.6,3948.0,3961.0,72273
1780653300,3961.0,3963.0,3955.2,3962.1,30888
1780890300,3901.1,3916.7,3892.2,3899.0,79700
1780890600,3898.2,3908.1,3895.0,3898.0,45280
1780890900,3898.8,3904.9,3896.3,3901.1,27835
1780891200,3901.1,3902.7,3896.5,3901.0,22845
1780891500,3902.6,3902.8,3887.7,3893.1,37636
1780891800,3894.5,3897.4,3878.1,3885.9,44087
1780892100,3886.0,3889.8,3879.9,3879.9,23405
1780892400,3879.9,3884.7,3875.6,3883.5,20069
1780892700,3884.0,3896.0,3882.9,3895.9,16073
1780893000,3895.9,3896.6,3885.0,3886.3,13888
1780893300,3885.0,3892.1,3883.6,3889.1,14058
1780893600,3889.1,3889.9,3885.8,3887.4,10886
1780893900,3887.3,3887.3,3880.1,3883.9,15853
1780894200,3883.9,3890.9,3880.3,3888.3,30334
1780894500,3888.6,3890.0,3883.3,3884.5,45297
1780894800,3885.4,3892.8,3884.0,3892.8,14073
1780895100,3892.8,3898.4,3892.0,3895.4,22143
1780895400,3895.0,3897.1,3886.9,3886.9,16999
1780895700,3887.3,3888.8,3883.8,3888.0,14855
1780896000,3888.0,3890.2,3885.0,3886.4,11065
1780896300,3886.4,3889.0,3882.0,3888.9,14124
1780896600,3888.9,3890.4,3884.6,3888.5,11334
1780896900,3888.5,3888.6,3881.0,3882.7,30598
1780897200,3882.7,3884.6,3878.9,3879.9,21341
1780897500,3879.4,3880.1,3875.0,3875.7,19532
1780897800,3875.0,3883.2,3875.0,3882.1,35184
1780898100,3882.1,3888.0,3880.4,3886.6,14474
1780898400,3886.8,3888.8,3884.6,3886.5,15296
1780898700,3886.5,3892.3,3884.3,3890.8,15197
1780899000,3890.6,3892.0,3887.7,3891.1,10549
1780899300,3891.0,3896.9,3890.0,3895.5,15829
1780899600,3895.6,3896.1,3890.6,3892.0,26002
1780899900,3892.0,3897.0,3891.7,3895.5,12771
1780900200,3895.0,3897.0,3894.0,3895.2,15423
1780900500,3895.4,3895.8,3889.2,3894.5,29132
1780900800,3894.3,3895.6,3891.3,3892.9,9368
1780901100,3893.1,3895.5,3888.9,3894.5,26561
1780901400,3894.6,3897.3,3892.5,3896.5,13699
1780901700,3896.4,3898.7,3895.5,3896.3,10683
1780902000,3896.9,3897.8,3895.0,3896.8,8926
1780902300,3896.8,3897.1,3890.0,3892.4,26469
1780902600,3892.3,3901.5,3890.5,3899.8,28476
1780902900,3899.9,3901.5,3896.9,3901.0,13264
1780903200,3901.2,3904.9,3900.0,3904.9,22850
1780903500,3904.9,3906.6,3902.2,3904.9,18370
1780903800,3904.9,3905.0,3901.4,3903.0,12345
1780904100,3903.1,3903.5,3897.0,3900.8,22161
1780904400,3901.7,3903.2,3899.9,3902.8,12299
1780904700,3903.2,3906.0,3900.9,3905.4,16443
1780905000,3905.3,3905.3,3900.8,3902.0,13654
1780905300,3902.4,3904.1,3900.0,3903.8,12077
1780905600,3903.7,3904.7,3898.0,3903.7,23194
1780905900,3903.9,3903.9,3899.4,3902.8,12489
1780906200,3902.7,3903.4,3897.0,3898.1,14476
1780906500,3898.1,3899.4,3891.0,3896.2,17366
1780906800,3896.8,3898.1,3892.5,3896.5,11003
1780907100,3896.5,3896.5,3891.4,3896.2,15306
1780907400,3896.2,3899.0,3895.8,3898.5,11529
1780907700,3898.6,3903.2,3894.6,3900.5,18421
1780908000,3900.1,3901.4,3896.8,3900.0,13575
1780908300,3900.8,3903.5,3900.0,3901.4,16144
1780908600,3901.4,3902.0,3896.9,3898.8,14268
1780908900,3898.7,3899.9,3896.6,3898.7,14801
1780909200,3899.0,3903.0,3897.4,3899.9,17410
1780909500,3900.0,3902.5,3896.0,3896.0,18734
1780909800,3897.3,3899.0,3889.0,3899.0,30207
1780910100,3899.0,3901.5,3895.3,3896.6,19905
1780910400,3896.5,3899.1,3893.9,3895.7,17318
1780910700,3895.3,3901.4,3893.8,3899.7,22886
1780911000,3897.5,3898.0,3880.0,3881.6,43715
1780911300,3881.6,3881.8,3872.7,3878.5,63515
1780911600,3878.5,3880.7,3875.1,3879.3,28921
1780911900,3879.2,3879.5,3872.0,3872.6,34495
1780912200,3872.3,3874.0,3863.1,3870.7,59377
1780912500,3869.9,3871.9,3863.9,3870.5,45598
1780976700,3924.9,3924.9,3885.0,3894.4,68609
1780977000,3895.6,3901.9,3892.5,3894.8,33331
1780977300,3893.9,3896.7,3891.0,3894.7,12376
1780977600,3897.0,3904.0,3897.0,3900.6,20353
1780977900,3900.8,3904.0,3897.1,3900.2,28825
1780978200,3900.0,3902.8,3892.9,3894.4,16800
1780978500,3894.5,3907.8,3894.0,3898.0,20902
1780978800,3899.2,3906.7,3897.7,3906.0,7047
1780979100,3906.0,3906.3,3900.0,3904.3,8554
1780979400,3903.9,3906.5,3900.0,3900.5,9672
1780979700,3901.9,3903.8,3899.0,3903.0,8861
1780980000,3902.8,3904.0,3898.1,3900.5,9521
1780980300,3901.2,3901.8,3897.0,3898.4,8687
1780980600,3898.7,3898.7,3891.0,3891.0,12708
1780980900,3892.5,3895.6,3891.0,3894.4,7994
1780981200,3894.8,3896.9,3893.6,3895.8,7527
1780981500,3895.9,3895.9,3892.0,3893.7,10685
1780981800,3894.2,3899.9,3893.0,3899.5,9023
1780982100,3899.8,3901.5,3893.2,3893.2,13628
1780982400,3893.3,3901.0,3892.0,3900.9,10702
1780982700,3900.9,3906.0,3899.4,3906.0,24237
1780983000,3906.3,3906.3,3898.2,3905.9,11265
1780983300,3905.4,3909.7,3900.1,3902.5,16426
1780983600,3902.5,3902.5,3898.2,3899.9,10869
1780983900,3899.9,3901.4,3895.0,3901.4,8362
1780984200,3901.4,3905.0,3899.8,3902.1,39272
1780984500,3903.7,3908.3,3899.1,3907.0,12076
1780984800,3906.8,3907.0,3901.1,3903.2,22916
1780985100,3902.7,3905.5,3900.1,3905.4,31392
1780985400,3905.0,3907.2,3904.8,3905.8,12282
1780985700,3905.4,3911.4,3905.0,3908.3,59665
1780986000,3907.0,3910.2,3905.6,3910.0,13386
1780986300,3910.1,3911.0,3909.8,3910.0,8938
1780986600,3910.1,3915.7,3910.0,3910.7,18540
1780986900,3911.0,3911.1,3906.6,3909.8,30340
1780987200,3908.4,3916.8,3906.4,3915.0,23431
1780987500,3915.5,3917.8,3914.0,3915.0,13171
1780987800,3915.8,3917.4,3914.7,3916.4,21475
1780988100,3916.4,3917.0,3914.7,3915.3,13301
1780988400,3915.4,3917.7,3915.0,3916.0,18770
1780988700,3916.3,3920.0,3915.3,3918.0,18373
1780989000,3918.8,3920.9,3909.2,3917.3,36305
1780989300,3917.3,3921.0,3915.0,3920.0,27742
1780989600,3920.1,3921.0,3910.9,3913.0,13022
1780989900,3913.0,3913.0,3906.0,3909.0,23357
1780990200,3908.6,3910.9,3905.1,3908.0,33782
1780990500,3908.7,3909.9,3905.0,3905.0,13775
1780990800,3905.0,3908.3,3904.3,3907.2,12212
1780991100,3907.4,3909.2,3903.1,3904.4,4164
1780991400,3905.0,3905.8,3899.0,3899.1,7755
1780991700,3899.1,3899.1,3893.0,3896.0,10560
1780992000,3894.8,3896.0,3891.3,3894.9,14516
1780992300,3895.0,3898.9,3893.2,3898.1,10417
1780992600,3898.6,3900.0,3896.2,3898.9,8719
1780992900,3898.9,3898.9,3894.0,3897.7,10113
1780993200,3897.0,3897.0,3891.0,3893.4,6562
1780993500,3893.2,3894.9,3890.1,3893.9,8621
1780993800,3893.7,3894.7,3891.0,3891.2,4113
1780994100,3891.3,3894.7,3891.0,3894.0,5661
1780994400,3893.6,3896.4,3893.0,3896.4,4363
1780994700,3896.4,3898.0,3894.2,3897.1,3309
1780995000,3896.4,3897.0,3891.3,3891.3,5740
1780995300,3891.2,3897.6,3891.2,3896.7,15809
1780995600,3896.1,3899.0,3895.8,3898.0,11288
1780995900,3898.4,3900.0,3893.2,3899.6,35044
1780996200,3900.0,3902.4,3894.2,3895.1,41580
1780996500,3895.5,3897.1,3893.2,3894.1,7404
1780996800,3893.6,3900.0,3890.0,3899.0,41795
1780997100,3899.0,3900.0,3896.8,3900.0,27593
1780997400,3899.3,3903.8,3894.6,3900.0,63769
1780997700,3900.2,3905.0,3897.0,3902.7,61435
1780998000,3902.6,3904.0,3898.0,3900.0,46092
1780998300,3898.5,3901.6,3896.7,3898.8,45209
1780998600,3898.8,3905.0,3897.1,3904.0,48180
1780998900,3904.6,3905.0,3900.1,3904.0,27583
1781063100,3904.0,3926.6,3903.1,3912.2,56740
1781063400,3912.0,3914.1,3902.9,3911.0,23294
1781063700,3911.1,3914.0,3907.3,3911.0,21377
1781064000,3911.0,3913.4,3900.0,3903.6,17801
1781064300,3903.6,3906.1,3900.0,3905.1,9055
1781064600,3906.0,3912.4,3905.1,3910.9,8008
1781064900,3910.0,3917.9,3910.0,3916.2,14125
1781065200,3916.2,3918.0,3912.4,3914.4,15237
1781065500,3914.6,3916.6,3912.8,3915.6,7482
1781065800,3915.6,3916.1,3912.5,3913.6,7813
1781066100,3913.5,3927.0,3912.5,3924.8,79581
1781066400,3924.8,3928.0,3915.0,3916.0,41989
1781066700,3915.5,3923.3,3913.8,3922.6,13870
1781067000,3922.5,3923.0,3916.6,3920.3,10954
1781067300,3920.3,3922.0,3917.6,3922.0,8322
1781067600,3922.0,3929.0,3921.1,3927.5,24685
1781067900,3927.5,3939.0,3925.5,3934.9,53056
1781068200,3934.4,3940.6,3932.6,3938.3,25752
1781068500,3938.0,3947.5,3937.5,3945.0,32592
1781068800,3945.0,3948.8,3941.7,3944.9,16431
1781069100,3944.5,3946.3,3941.1,3945.0,23605
1781069400,3945.0,3945.4,3935.5,3941.3,21516
1781069700,3941.2,3941.2,3934.0,3939.7,32846
1781070000,3939.7,3943.5,3936.1,3937.8,29538
1781070300,3937.5,3937.9,3930.8,3933.7,14701
1781070600,3933.7,3937.7,3933.0,3937.1,9544
1781070900,3937.1,3942.0,3935.0,3940.0,10153
1781071200,3941.3,3942.0,3935.0,3936.0,9575
1781071500,3935.1,3941.9,3934.4,3941.9,13445
1781071800,3940.7,3945.0,3940.0,3940.6,9078
1781072100,3942.1,3942.3,3938.3,3939.8,33575
1781072400,3939.3,3943.0,3936.8,3942.0,29579
1781072700,3942.3,3945.2,3940.0,3945.2,9569
1781073000,3946.0,3948.0,3942.1,3942.5,11383
1781073300,3942.8,3953.3,3942.6,3949.9,24720
1781073600,3950.0,3952.0,3948.2,3951.0,14880
1781073900,3950.3,3951.6,3948.1,3950.0,30985
1781074200,3950.0,3950.5,3947.6,3950.0,75848
1781074500,3950.0,3950.1,3944.3,3947.0,62385
1781074800,3946.3,3951.0,3944.3,3948.6,26935
1781075100,3949.6,3950.8,3948.0,3950.0,31311
1781075400,3950.0,3950.4,3940.0,3940.8,70832
1781075700,3940.8,3949.6,3936.0,3948.0,43370
1781076000,3948.4,3956.7,3946.7,3953.1,24164
1781076300,3952.1,3955.8,3950.4,3955.0,18620
1781076600,3955.8,3962.8,3954.2,3961.9,27647
1781076900,3961.9,3961.9,3956.2,3957.2,14215
1781077200,3957.7,3961.4,3956.4,3961.0,28111
1781077500,3961.4,3962.0,3958.8,3960.3,31169
1781077800,3960.3,3960.5,3951.1,3951.4,33789
1781078100,3951.4,3954.6,3948.0,3950.7,23929
1781078400,3950.7,3950.7,3941.6,3942.4,43936
1781078700,3943.8,3943.8,3936.6,3941.1,24024
1781079000,3940.0,3942.7,3935.0,3935.5,25189
1781079300,3935.8,3940.8,3935.1,3937.9,15623
1781079600,3937.5,3938.1,3930.3,3936.8,39322
1781079900,3936.8,3937.5,3935.0,3935.0,22257
1781080200,3935.1,3941.3,3935.0,3939.8,27765
1781080500,3940.4,3943.0,3938.7,3940.1,15381
1781080800,3940.1,3941.8,3935.7,3937.5,21477
1781081100,3937.0,3942.1,3934.1,3939.4,22140
1781081400,3939.6,3940.0,3933.0,3937.5,20228
1781081700,3938.1,3938.1,3933.8,3936.3,14426
1781082000,3937.4,3944.1,3935.0,3938.4,49939
1781082300,3938.9,3942.5,3932.0,3932.1,37270
1781082600,3932.4,3935.9,3922.2,3926.5,45478
1781082900,3927.1,3928.9,3922.0,3922.9,38530
1781083200,3922.4,3924.7,3920.0,3920.6,20135
1781083500,3922.0,3925.3,3920.0,3922.6,19095
1781083800,3923.1,3923.7,3915.9,3916.0,38184
1781084100,3915.9,3920.9,3915.0,3917.1,36296
1781084400,3917.5,3917.5,3911.9,3914.0,33297
1781084700,3913.9,3916.0,3910.8,3913.8,28163
1781085000,3915.0,3920.0,3913.8,3919.6,30421
1781085300,3918.8,3940.0,3918.8,3931.0,32114
1781149500,3900.0,3905.3,3885.0,3895.2,56768
1781149800,3895.2,3909.8,3893.1,3901.8,25572
1781150100,3901.6,3902.0,3891.5,3892.5,35006
1781150400,3894.1,3895.6,3888.9,3894.0,17872
1781150700,3894.8,3897.0,3888.9,3896.5,39271
1781151000,3896.8,3896.9,3883.0,3883.5,36796
1781151300,3884.9,3889.9,3882.0,3887.7,48869
1781151600,3887.7,3889.1,3882.0,3882.7,20172
1781151900,3882.8,3883.0,3872.6,3872.6,34957
1781152200,3873.0,3877.6,3868.8,3870.0,33756
1781152500,3871.1,3881.5,3868.4,3879.5,14916
1781152800,3879.0,3882.7,3878.0,3878.5,18081
1781153100,3878.9,3885.8,3878.0,3883.0,54419
1781153400,3883.0,3888.7,3881.0,3882.4,77341
1781153700,3882.4,3883.5,3880.0,3880.5,20438
1781154000,3880.5,3881.1,3879.0,3880.9,27902
1781154300,3880.9,3883.3,3880.0,3882.8,21342
1781154600,3882.8,3886.5,3880.0,3885.9,51027
1781154900,3886.4,3886.9,3880.1,3881.2,35411
1781155200,3881.2,3881.2,3866.1,3869.1,41992
1781155500,3868.9,3869.9,3861.3,3864.1,32998
1781155800,3864.1,3868.0,3858.5,3867.8,40024
1781156100,3867.8,3869.9,3864.0,3867.0,15414
1781156400,3867.0,3868.0,3863.9,3864.5,33949
1781156700,3864.4,3868.2,3861.1,3867.5,11787
1781157000,3868.0,3877.0,3866.3,3875.4,40258
1781157300,3874.1,3881.6,3872.0,3876.6,29017
1781157600,3875.4,3879.0,3872.0,3873.5,22782
1781157900,3873.4,3877.5,3871.0,3874.8,61940
1781158200,3875.0,3878.0,3873.3,3877.2,7847
1781158500,3878.0,3880.0,3875.4,3878.0,12801
1781158800,3878.0,3888.0,3877.9,3886.1,34404
1781159100,3887.9,3896.0,3886.4,3890.0,27833
1781159400,3890.0,3893.7,3885.1,3886.1,12572
1781159700,3886.5,3889.2,3883.9,3885.0,10894
1781160000,3885.0,3885.0,3879.9,3882.1,13932
1781160300,3883.1,3887.8,3881.7,3884.8,16873
1781160600,3884.8,3886.3,3881.6,3883.5,14048
1781160900,3882.2,3888.8,3880.6,3881.8,22484
1781161200,3883.0,3885.0,3878.0,3879.8,25277
1781161500,3879.9,3880.0,3873.0,3875.0,29452
1781161800,3875.0,3878.7,3874.0,3875.0,22157
1781162100,3875.0,3877.0,3869.2,3870.9,22797
1781162400,3870.9,3877.3,3870.0,3875.7,11511
1781162700,3875.6,3883.2,3874.1,3881.7,11653
1781163000,3882.0,3886.2,3880.3,3881.4,16310
1781163300,3882.5,3886.2,3881.0,3881.5,11356
1781163600,3881.6,3885.0,3873.0,3875.0,44564
1781163900,3875.0,3876.0,3870.0,3871.0,32853
1781164200,3871.9,3874.4,3867.0,3868.1,25505
1781164500,3869.5,3870.0,3860.5,3866.9,35239
1781164800,3866.9,3874.4,3866.9,3871.6,19093
1781165100,3871.8,3874.4,3868.1,3869.3,11602
1781165400,3871.0,3873.9,3869.2,3872.4,14667
1781165700,3872.4,3878.0,3870.0,3875.1,11400
1781166000,3875.0,3877.6,3872.6,3875.0,13029
1781166300,3875.6,3878.3,3872.2,3874.7,12362
1781166600,3873.2,3876.8,3872.2,3874.7,14647
1781166900,3874.7,3875.9,3870.8,3874.8,12951
1781167200,3874.2,3875.5,3870.7,3875.0,8767
1781167500,3875.0,3875.8,3870.0,3874.4,9534
1781167800,3874.4,3877.3,3873.2,3874.1,10180
1781168100,3874.1,3885.0,3874.0,3880.0,18797
1781168400,3880.0,3882.6,3875.5,3879.8,14192
1781168700,3879.4,3881.6,3870.1,3874.6,26098
1781169000,3874.4,3874.9,3868.0,3871.4,38383
1781169300,3871.9,3872.7,3865.0,3869.0,27537
1781169600,3868.8,3868.8,3865.0,3865.3,17864
1781169900,3865.3,3871.9,3865.3,3871.3,19210
1781170200,3871.4,3873.6,3854.4,3854.4,93783
1781170500,3854.6,3860.7,3854.4,3858.8,91401
1781170800,3859.1,3862.1,3855.4,3860.5,72618
1781171100,3860.4,3867.0,3858.7,3864.3,73148
1781171400,3864.3,3871.5,3862.3,3867.1,74384
1781171700,3867.1,3872.0,3865.7,3871.7,49507
1781235900,3930.0,4002.0,3921.0,3998.8,285196
1781236200,3999.9,4009.8,3997.7,4002.7,139126
1781236500,4003.0,4006.0,3972.0,3972.0,85789
1781236800,3973.7,3979.0,3963.8,3966.9,53195
1781237100,3966.9,3968.4,3956.7,3962.9,30132
1781237400,3961.9,3963.0,3948.2,3951.0,36043
1781237700,3950.0,3954.9,3948.0,3954.9,17286
1781238000,3954.2,3954.6,3944.0,3945.0,19854
1781238300,3946.1,3946.1,3941.6,3942.0,15422
1781238600,3941.2,3943.3,3935.3,3942.4,26890
1781238900,3943.0,3949.5,3938.2,3943.7,27632
1781239200,3943.2,3948.2,3937.1,3942.9,54637
1781239500,3942.8,3946.0,3936.0,3936.8,17090
1781239800,3937.7,3940.0,3935.2,3939.0,11290
1781240100,3939.1,3940.0,3932.0,3932.0,15975
1781240400,3933.5,3934.8,3927.1,3927.9,13015
1781240700,3927.4,3930.0,3925.3,3929.9,11591
1781241000,3930.4,3940.9,3928.3,3936.5,70285
1781241300,3937.3,3938.0,3927.0,3930.8,11914
1781241600,3931.8,3932.7,3928.0,3932.7,8214
1781241900,3932.7,3935.7,3931.0,3935.0,7699
1781242200,3935.4,3935.7,3928.4,3929.8,5988
1781242500,3931.3,3931.3,3923.1,3927.7,32981
1781242800,3927.7,3940.9,3927.3,3936.0,24344
1781243100,3936.8,3937.7,3932.1,3932.5,17923
1781243400,3933.9,3934.0,3930.1,3932.6,11822
1781243700,3933.5,3933.5,3930.0,3932.3,5694
1781244000,3933.0,3937.0,3931.7,3935.7,6413
1781244300,3935.5,3939.8,3935.2,3938.4,19428
1781244600,3938.4,3940.9,3937.8,3938.0,10864
1781244900,3938.2,3944.0,3937.0,3942.3,26987
1781245200,3942.6,3942.8,3940.0,3941.0,6813
1781245500,3941.1,3944.9,3941.0,3941.9,10701
1781245800,3941.9,3945.5,3941.3,3941.8,6533
1781246100,3941.8,3943.8,3936.0,3936.3,37569
1781246400,3936.9,3937.0,3930.2,3930.8,8830
1781246700,3930.8,3931.8,3927.4,3928.7,13063
1781247000,3928.3,3933.5,3928.1,3930.0,4319
1781247300,3931.4,3933.8,3930.0,3932.4,8804
1781247600,3931.3,3932.0,3930.0,3931.1,3642
1781247900,3930.0,3931.3,3929.7,3930.1,6439
1781248200,3930.0,3932.4,3927.4,3928.9,17637
1781248500,3929.6,3932.0,3926.6,3930.3,6545
1781248800,3930.3,3933.5,3930.0,3930.8,7225
1781249100,3932.1,3933.8,3930.0,3930.9,5414
1781249400,3930.3,3931.9,3930.0,3930.3,3584
1781249700,3931.3,3933.9,3930.0,3930.1,4603
1781250000,3930.6,3933.0,3930.0,3932.3,4805
1781250300,3933.0,3936.7,3932.1,3935.2,26380
1781250600,3935.7,3938.4,3932.3,3933.3,14087
1781250900,3932.6,3947.0,3932.0,3942.1,31108
1781251200,3942.6,3948.4,3942.5,3947.9,15767
1781251500,3948.4,3979.9,3948.3,3974.9,82042
1781251800,3975.0,3984.0,3969.6,3982.6,41201
1781252100,3983.2,3995.9,3980.0,3993.8,93318
1781252400,3994.4,3997.0,3989.9,3990.6,66217
1781252700,3990.5,3999.0,3988.2,3998.7,59116
1781253000,3999.3,4008.5,3996.1,4006.8,149214
1781253300,4006.9,4012.0,3998.0,4002.3,107986
1781253600,4001.8,4015.0,4000.1,4013.8,60681
1781253900,4013.9,4017.2,4010.3,4014.0,49224
1781254200,4014.4,4019.0,4012.9,4017.7,36427
1781254500,4017.8,4020.0,4014.3,4018.4,42494
1781254800,4019.7,4027.5,4016.7,4024.9,80512
1781255100,4025.0,4045.0,4022.0,4044.5,139380
1781255400,4044.8,4048.8,4038.4,4042.0,76540
1781255700,4042.0,4050.0,4040.0,4049.3,73663
1781256000,4049.5,4057.0,4047.8,4053.6,59637
1781256300,4053.2,4055.4,4047.0,4048.2,47075
1781256600,4048.0,4056.9,4043.3,4054.7,89724
1781256900,4054.7,4059.8,4051.0,4051.7,56508
1781257200,4052.0,4054.6,4046.1,4049.4,51125
1781257500,4049.9,4051.4,4046.0,4049.4,73546
1781257800,4048.6,4049.8,4041.6,4045.0,58976
1781258100,4045.0,4050.2,4043.5,4050.0,102255
1781495100,4130.0,4194.7,4130.0,4167.7,506898
1781495400,4167.7,4171.9,4159.0,4161.2,193833
1781495700,4161.2,4172.0,4156.3,4169.6,235450
1781496000,4170.2,4186.5,4168.8,4182.0,154432
1781496300,4181.0,4188.0,4175.0,4175.4,93987
1781496600,4176.0,4182.0,4173.5,4177.9,58769
1781496900,4177.9,4191.9,4176.9,4189.4,123144
1781497200,4189.4,4191.7,4181.1,4182.3,63466
1781497500,4183.8,4184.0,4173.5,4176.6,47624
1781497800,4177.2,4187.0,4175.7,4184.4,30046
1781498100,4184.8,4194.0,4184.0,4193.0,66510
1781498400,4193.0,4194.5,4186.0,4188.7,38501
1781498700,4188.5,4189.0,4178.0,4180.5,50067
1781499000,4180.5,4186.8,4179.0,4185.2,32117
1781499300,4185.4,4200.0,4185.3,4199.9,124572
1781499600,4199.5,4213.9,4199.5,4213.0,158767
1781499900,4211.6,4214.9,4203.0,4206.6,63350
1781500200,4206.5,4206.8,4202.3,4204.8,37311
1781500500,4205.7,4209.9,4200.0,4201.8,80854
1781500800,4201.8,4205.5,4195.1,4198.0,35736
1781501100,4197.2,4199.0,4191.0,4193.3,23322
1781501400,4193.6,4198.6,4192.9,4195.0,37730
1781501700,4195.0,4195.0,4191.2,4193.3,16860
1781502000,4193.3,4193.5,4186.8,4189.0,32751
1781502300,4189.0,4191.0,4183.0,4184.1,34518
1781502600,4183.6,4184.9,4180.7,4182.3,24469
1781502900,4183.0,4186.1,4180.0,4185.2,19327
1781503200,4186.1,4189.6,4184.2,4185.4,21875
1781503500,4186.0,4193.0,4185.4,4191.5,23503
1781503800,4191.2,4192.0,4188.7,4190.5,23779
1781504100,4190.5,4190.5,4187.0,4188.5,17231
1781504400,4189.0,4192.0,4185.2,4190.7,25531
1781504700,4191.0,4192.2,4185.2,4187.5,26971
1781505000,4187.5,4190.0,4185.0,4185.0,12112
1781505300,4186.3,4186.7,4182.2,4184.7,17588
1781505600,4185.7,4190.0,4183.6,4188.0,15603
1781505900,4188.0,4188.9,4182.0,4184.5,26199
1781506200,4185.2,4185.8,4182.1,4184.0,18343
1781506500,4183.5,4185.0,4177.2,4178.0,25115
1781506800,4178.0,4180.0,4172.0,4175.0,34223
1781507100,4175.0,4177.8,4174.1,4177.2,22903
1781507400,4178.0,4182.0,4176.1,4182.0,15249
1781507700,4182.0,4184.3,4180.3,4184.0,15391
1781508000,4184.0,4184.0,4180.2,4183.4,14180
1781508300,4183.4,4183.9,4180.2,4183.0,90384
1781508600,4183.0,4183.0,4176.1,4176.7,18575
1781508900,4176.7,4178.5,4176.1,4178.0,12335
1781509200,4178.0,4180.0,4176.9,4177.4,18526
1781509500,4177.4,4178.0,4166.8,4169.8,33661
1781509800,4170.0,4176.6,4169.8,4176.6,13502
1781510100,4176.8,4176.8,4172.9,4175.1,16311
1781510400,4175.0,4175.6,4171.9,4174.5,12338
1781510700,4174.4,4175.4,4172.1,4173.1,12870
1781511000,4173.1,4175.0,4170.9,4174.3,14873
1781511300,4174.6,4179.4,4172.0,4172.5,23210
1781511600,4172.5,4173.9,4162.6,4168.9,43027
1781511900,4168.9,4177.9,4167.3,4175.0,33583
1781512200,4175.1,4179.6,4171.9,4172.2,23379
1781512500,4173.0,4173.0,4164.0,4165.0,38088
1781512800,4165.7,4171.3,4165.0,4168.6,33553
1781513100,4168.6,4172.9,4168.5,4171.1,15562
1781513400,4171.0,4175.0,4170.0,4175.0,25079
1781513700,4175.0,4176.9,4172.0,4173.6,23026
1781514000,4174.0,4178.5,4172.1,4176.2,19450
1781514300,4176.2,4181.0,4175.8,4178.6,80847
1781514600,4178.5,4180.2,4174.5,4175.7,30551
1781514900,4175.7,4175.7,4170.1,4173.4,26375
1781515200,4173.4,4173.7,4165.5,4168.7,49387
1781515500,4168.9,4171.6,4166.0,4169.8,38818
1781515800,4170.8,4177.3,4166.1,4176.4,60234
1781516100,4176.1,4178.0,4171.7,4172.8,44854
1781516400,4172.2,4173.6,4161.0,4170.0,73390
1781516700,4170.0,4174.2,4167.2,4171.9,75396
1781517000,4172.0,4173.0,4163.4,4169.0,89948
1781517300,4169.5,4172.6,4166.0,4171.0,82317
1781581500,4205.0,4217.0,4185.0,4208.7,201067
1781581800,4210.3,4218.8,4208.0,4214.3,95465
1781582100,4214.3,4232.2,4213.0,4232.0,155695
1781582400,4231.9,4235.4,4219.0,4223.7,99950
1781582700,4224.9,4230.0,4220.0,4221.0,40080
1781583000,4220.0,4221.0,4215.0,4216.7,40356
1781583300,4216.0,4218.8,4212.5,4214.0,30595
1781583600,4214.8,4215.0,4200.5,4203.0,54536
1781583900,4203.0,4209.1,4195.6,4208.0,42726
1781584200,4208.8,4214.0,4194.2,4198.2,65192
1781584500,4198.8,4200.3,4190.5,4193.0,64730
1781584800,4193.1,4196.0,4187.2,4188.3,46293
1781585100,4189.5,4199.2,4187.0,4198.7,64387
1781585400,4199.2,4199.8,4195.1,4195.5,26443
1781585700,4196.8,4199.3,4195.0,4198.0,15818
1781586000,4199.0,4199.5,4197.0,4199.5,11371
1781586300,4199.8,4210.0,4199.5,4207.7,79767
1781586600,4207.2,4216.5,4206.3,4212.4,33853
1781586900,4212.9,4217.0,4211.8,4215.0,19815
1781587200,4213.9,4215.0,4210.0,4213.4,18405
1781587500,4213.0,4215.0,4210.0,4212.6,13402
1781587800,4211.1,4212.6,4205.6,4205.6,20520
1781588100,4204.1,4207.0,4200.6,4203.4,27207
1781588400,4203.4,4207.0,4199.2,4206.1,24658
1781588700,4207.0,4210.0,4203.0,4203.0,21779
1781589000,4203.3,4204.9,4200.0,4204.9,15971
1781589300,4205.0,4205.9,4200.2,4204.4,13876
1781589600,4204.6,4205.5,4201.0,4205.5,9249
1781589900,4205.5,4206.0,4201.0,4203.0,14871
1781590200,4203.0,4204.0,4199.7,4199.9,15867
1781590500,4199.9,4202.0,4199.6,4199.9,12152
1781590800,4200.2,4202.5,4197.0,4199.2,16446
1781591100,4199.0,4199.8,4188.0,4196.6,137597
1781591400,4196.7,4199.5,4194.0,4197.0,10768
1781591700,4197.0,4198.4,4195.0,4196.5,10022
1781592000,4196.5,4198.0,4191.2,4197.6,17857
1781592300,4197.8,4199.9,4195.6,4195.8,11776
1781592600,4195.8,4197.9,4192.7,4195.4,11103
1781592900,4196.1,4200.0,4194.3,4196.1,9798
1781593200,4196.6,4197.5,4193.1,4193.5,15020
1781593500,4194.0,4196.1,4190.1,4190.2,15304
1781593800,4190.2,4192.8,4188.5,4190.0,14673
1781594100,4189.9,4192.2,4189.9,4190.5,9741
1781594400,4191.1,4191.1,4185.6,4188.5,21599
1781594700,4188.8,4194.3,4186.8,4191.6,13834
1781595000,4191.7,4193.4,4190.0,4191.1,12141
1781595300,4191.1,4192.0,4187.2,4189.7,10727
1781595600,4190.4,4191.0,4186.7,4187.2,11044
1781595900,4187.4,4191.4,4187.2,4187.9,16550
1781596200,4188.5,4191.5,4187.8,4189.5,14189
1781596500,4189.7,4191.3,4188.0,4189.6,16331
1781596800,4189.8,4190.0,4187.0,4188.9,14817
1781597100,4189.0,4191.7,4188.0,4189.8,14035
1781597400,4190.1,4190.1,4180.8,4187.0,28174
1781597700,4187.3,4190.6,4187.1,4190.0,12955
1781598000,4189.5,4190.0,4184.6,4186.6,23462
1781598300,4186.6,4190.6,4186.6,4189.6,12268
1781598600,4189.8,4199.4,4188.8,4197.6,30769
1781598900,4197.8,4203.2,4196.2,4197.9,34471
1781599200,4197.8,4202.1,4197.8,4198.3,21060
1781599500,4198.4,4202.6,4197.3,4198.6,30339
1781599800,4198.6,4200.0,4196.2,4200.0,23247
1781600100,4200.0,4201.2,4191.3,4193.9,25464
1781600400,4194.0,4197.2,4191.5,4192.0,26463
1781600700,4192.9,4194.5,4190.0,4192.6,33244
1781601000,4192.6,4194.0,4180.1,4180.1,42283
1781601300,4180.2,4187.5,4180.1,4187.3,22859
1781601600,4187.3,4190.0,4185.0,4188.0,18759
1781601900,4188.5,4190.0,4183.0,4185.5,39145
1781602200,4185.6,4190.0,4185.6,4189.0,55821
1781602500,4189.1,4191.0,4188.2,4189.6,56132
1781602800,4189.5,4190.0,4188.3,4189.1,51148
1781603100,4189.2,4190.0,4185.5,4185.9,69294
1781603400,4185.4,4186.0,4177.1,4184.1,89513
1781603700,4184.0,4186.0,4180.0,4182.0,54304
1781667900,4200.1,4200.1,4182.0,4184.0,54859
1781668200,4184.0,4186.4,4174.0,4176.4,35306
1781668500,4176.4,4179.7,4172.0,4176.8,30540
1781668800,4176.3,4179.0,4176.0,4178.2,27090
1781669100,4178.8,4178.8,4174.8,4177.2,18027
1781669400,4178.0,4183.0,4176.7,4179.2,17951
1781669700,4179.2,4179.9,4174.5,4178.4,14264
1781670000,4178.0,4179.7,4174.2,4178.0,11588
1781670300,4178.3,4178.8,4172.1,4174.8,13843
1781670600,4174.8,4175.5,4172.2,4172.2,10065
1781670900,4173.4,4180.0,4172.4,4178.0,13098
1781671200,4179.4,4180.0,4172.5,4173.9,11689
1781671500,4173.8,4177.4,4172.4,4177.0,5968
1781671800,4176.9,4179.7,4175.0,4179.2,7317
1781672100,4179.2,4179.6,4175.0,4178.0,9804
1781672400,4179.0,4180.0,4175.2,4176.8,11851
1781672700,4176.9,4178.6,4174.5,4177.2,11230
1781673000,4178.3,4180.0,4177.2,4178.0,7493
1781673300,4179.5,4179.5,4174.7,4176.0,8183
1781673600,4176.9,4179.2,4173.0,4179.0,13871
1781673900,4179.1,4188.0,4177.9,4183.7,28843
1781674200,4183.7,4184.0,4176.9,4181.0,10514
1781674500,4181.0,4181.5,4178.0,4178.5,8550
1781674800,4178.4,4190.0,4177.0,4190.0,16508
1781675100,4190.0,4199.0,4187.4,4199.0,16803
1781675400,4199.0,4214.7,4198.1,4211.0,66703
1781675700,4210.7,4213.0,4204.0,4205.0,34837
1781676000,4205.0,4209.9,4204.7,4207.0,16253
1781676300,4207.0,4208.0,4198.6,4199.1,14629
1781676600,4199.5,4201.3,4195.0,4200.4,17950
1781676900,4200.4,4202.5,4200.0,4202.3,7984
1781677200,4202.2,4202.4,4197.0,4197.0,10136
1781677500,4197.0,4200.0,4195.2,4196.1,13287
1781677800,4196.9,4204.2,4195.0,4202.7,18137
1781678100,4201.2,4201.6,4197.0,4198.7,12802
1781678400,4198.0,4200.0,4196.9,4198.6,7794
1781678700,4199.0,4200.4,4198.6,4199.9,10883
1781679000,4200.0,4200.2,4197.3,4199.7,7774
1781679300,4199.8,4202.0,4194.5,4202.0,14857
1781679600,4202.0,4205.0,4200.8,4204.0,7914
1781679900,4204.0,4204.0,4200.3,4201.9,7355
1781680200,4202.0,4204.9,4200.9,4204.7,10416
1781680500,4204.2,4206.0,4203.1,4205.6,8294
1781680800,4203.9,4205.6,4201.0,4203.2,8912
1781681100,4203.5,4205.0,4200.9,4204.6,9509
1781681400,4204.1,4212.0,4201.9,4211.8,31214
1781681700,4212.0,4212.5,4200.0,4200.0,15462
1781682000,4201.4,4204.5,4197.4,4199.4,14811
1781682300,4199.6,4206.6,4197.6,4205.3,13438
1781682600,4205.9,4209.0,4205.0,4208.9,5688
1781682900,4208.9,4209.9,4203.0,4204.6,7411
1781683200,4206.0,4206.0,4201.6,4204.3,7899
1781683500,4204.8,4208.9,4203.0,4204.7,22282
1781683800,4204.7,4205.5,4201.6,4203.1,6727
1781684100,4203.0,4203.3,4201.0,4203.1,6615
1781684400,4203.2,4203.8,4200.0,4202.2,9748
1781684700,4202.9,4203.5,4201.0,4202.9,6051
1781685000,4203.0,4208.5,4202.4,4204.4,13867
1781685300,4205.0,4205.5,4200.6,4203.3,18380
1781685600,4203.6,4209.0,4203.0,4208.0,15610
1781685900,4207.6,4209.0,4206.8,4206.8,14492
1781686200,4206.0,4207.8,4204.1,4207.0,15087
1781686500,4207.0,4207.5,4202.2,4206.5,16892
1781686800,4207.0,4208.5,4203.3,4207.0,18993
1781687100,4207.0,4212.8,4205.9,4212.1,43158
1781687400,4212.9,4212.9,4206.6,4209.3,11638
1781687700,4209.1,4209.5,4206.0,4206.5,10399
1781688000,4207.8,4208.0,4203.5,4206.8,17631
1781688300,4206.8,4213.0,4202.0,4211.9,42708
1781688600,4211.9,4212.0,4207.0,4208.5,27574
1781688900,4208.4,4210.5,4205.6,4208.5,42547
1781689200,4208.7,4212.0,4207.1,4209.2,32457
1781689500,4209.3,4211.9,4206.6,4207.9,28527
1781689800,4207.2,4207.9,4203.0,4203.3,35479
1781690100,4203.5,4209.0,4202.0,4205.0,31457
1781754300,4207.7,4239.5,4207.7,4236.0,76594
1781754600,4237.1,4244.9,4234.0,4241.4,47222
1781754900,4240.1,4241.1,4230.3,4233.8,36336
1781755200,4234.8,4237.6,4216.8,4229.2,79245
1781755500,4229.9,4229.9,4217.0,4218.8,25939
1781755800,4218.7,4224.9,4215.0,4220.3,19706
1781756100,4221.0,4224.6,4217.5,4220.0,11686
1781756400,4220.0,4222.0,4213.0,4221.2,23114
1781756700,4221.5,4222.0,4210.0,4211.0,25483
1781757000,4211.0,4212.6,4207.5,4212.5,13643
1781757300,4212.5,4213.5,4206.8,4209.1,11639
1781757600,4209.8,4209.8,4203.3,4204.7,13391
1781757900,4203.1,4203.1,4195.6,4198.9,26291
1781758200,4198.5,4200.0,4196.4,4200.0,9216
1781758500,4200.0,4200.0,4191.2,4195.6,20002
1781758800,4195.6,4196.9,4194.1,4196.0,7259
1781759100,4197.4,4197.9,4187.0,4188.7,17246
1781759400,4188.3,4188.3,4182.0,4185.6,19710
1781759700,4185.8,4189.4,4177.6,4178.6,40517
1781760000,4178.1,4178.6,4172.4,4175.0,45852
1781760300,4174.7,4177.2,4173.0,4175.3,26955
1781760600,4175.3,4175.9,4172.0,4173.5,13095
1781760900,4174.4,4178.0,4172.0,4176.1,11147
1781761200,4176.4,4176.4,4168.6,4168.6,22101
1781761500,4169.3,4175.0,4165.6,4175.0,15950
1781761800,4175.0,4178.0,4173.0,4176.5,11975
1781762100,4176.6,4178.2,4174.6,4178.2,6648
1781762400,4177.2,4178.5,4175.0,4177.3,12057
1781762700,4177.3,4178.8,4173.0,4175.0,6015
1781763000,4175.8,4176.0,4172.0,4175.0,10142
1781763300,4175.0,4178.0,4174.0,4175.0,9189
1781763600,4175.6,4176.6,4173.0,4173.3,7620
1781763900,4174.0,4175.0,4172.4,4174.4,12508
1781764200,4174.4,4178.0,4173.5,4175.1,11373
1781764500,4175.0,4178.4,4175.0,4177.1,13398
1781764800,4177.1,4179.6,4175.2,4178.2,9497
1781765100,4179.0,4183.5,4178.1,4183.5,9185
1781765400,4183.4,4184.1,4181.7,4183.0,10099
1781765700,4183.2,4195.0,4182.2,4192.9,18194
1781766000,4194.7,4196.5,4191.6,4195.0,8708
1781766300,4195.4,4196.1,4192.8,4194.9,6487
1781766600,4194.0,4198.4,4192.4,4196.6,12358
1781766900,4196.6,4198.0,4194.0,4195.0,11031
1781767200,4196.0,4200.0,4194.1,4199.0,25216
1781767500,4198.4,4199.5,4196.2,4198.4,4425
1781767800,4198.3,4199.2,4193.8,4198.7,9424
1781768100,4198.8,4198.9,4195.0,4197.9,7944
1781768400,4197.9,4198.0,4195.3,4197.0,3600
1781768700,4197.9,4198.0,4193.0,4195.0,6858
1781769000,4194.7,4194.7,4187.1,4187.6,13984
1781769300,4187.4,4188.2,4182.1,4187.0,13876
1781769600,4187.0,4188.9,4185.1,4186.1,9064
1781769900,4187.5,4191.8,4186.4,4190.0,10211
1781770200,4190.9,4191.3,4187.0,4187.8,9152
1781770500,4187.3,4190.4,4184.6,4187.7,12680
1781770800,4187.3,4189.5,4184.3,4188.6,16796
1781771100,4188.3,4189.3,4180.5,4182.4,19027
1781771400,4182.9,4183.3,4176.1,4181.3,11613
1781771700,4181.1,4182.5,4176.2,4176.2,6797
1781772000,4178.8,4180.9,4178.0,4179.4,4783
1781772300,4179.9,4181.1,4176.0,4180.1,7507
1781772600,4180.2,4187.4,4178.3,4186.3,14983
1781772900,4186.9,4187.5,4182.6,4183.2,7094
1781773200,4183.9,4185.2,4180.0,4183.3,14342
1781773500,4184.7,4188.0,4179.6,4183.5,23617
1781773800,4184.1,4185.9,4183.0,4183.7,4220
1781774100,4183.8,4186.6,4175.2,4176.1,48569
1781774400,4176.0,4181.9,4174.0,4181.1,37375
1781774700,4181.1,4182.6,4179.1,4182.0,6661
1781775000,4182.0,4189.1,4179.7,4188.3,43396
1781775300,4187.8,4193.8,4182.7,4193.7,60536
1781775600,4192.6,4196.8,4187.2,4189.4,48972
1781775900,4189.9,4194.0,4186.6,4192.8,40422
1781776200,4193.0,4195.1,4188.1,4191.9,53453
1781776500,4190.3,4196.0,4187.3,4196.0,36973
1781840700,4190.0,4193.9,4170.2,4184.1,39657
1781841000,4183.9,4197.4,4181.1,4188.7,37875
1781841300,4190.0,4190.9,4182.5,4190.9,16161
1781841600,4189.1,4189.1,4180.0,4181.8,15548
1781841900,4181.5,4186.7,4179.0,4182.7,15534
1781842200,4183.0,4188.0,4177.9,4186.0,17108
1781842500,4186.0,4186.0,4173.8,4176.0,19943
1781842800,4177.0,4180.4,4174.0,4178.0,9932
1781843100,4179.4,4186.0,4179.1,4184.0,7029
1781843400,4182.5,4184.0,4177.0,4183.0,5999
1781843700,4182.3,4183.0,4173.4,4174.0,18976
1781844000,4174.9,4179.8,4171.1,4177.9,17243
1781844300,4177.8,4177.9,4172.8,4176.0,6830
1781844600,4176.0,4177.8,4168.2,4171.1,16451
1781844900,4170.2,4171.0,4166.5,4169.0,12397
1781845200,4169.6,4171.6,4166.5,4167.0,10872
1781845500,4167.0,4169.9,4165.0,4168.1,11593
1781845800,4169.0,4169.6,4167.0,4168.0,4528
1781846100,4168.0,4169.7,4161.6,4166.0,26508
1781846400,4166.0,4168.4,4164.0,4167.4,8104
1781846700,4167.5,4174.8,4167.5,4173.9,10942
1781847000,4173.9,4175.0,4172.9,4173.2,8206
1781847300,4174.6,4180.4,4173.2,4179.7,12462
1781847600,4179.7,4181.4,4174.2,4178.6,16001
1781847900,4178.6,4180.5,4174.1,4180.2,11096
1781848200,4180.3,4180.3,4176.2,4176.3,3720
1781848500,4176.3,4179.0,4175.2,4177.3,5507
1781848800,4177.3,4183.0,4176.7,4181.5,9528
1781849100,4182.0,4183.0,4178.0,4178.2,5730
1781849400,4178.2,4182.8,4178.0,4182.0,8230
1781849700,4183.0,4184.4,4178.6,4180.0,12840
1781850000,4181.3,4183.0,4180.5,4181.3,3717
1781850300,4181.5,4203.9,4181.1,4203.2,46655
1781850600,4202.9,4214.4,4195.6,4197.0,31917
1781850900,4197.4,4206.3,4193.5,4203.0,17057
1781851200,4204.0,4210.0,4203.0,4207.3,14730
1781851500,4207.0,4209.1,4205.0,4205.5,9107
1781851800,4206.0,4209.0,4204.6,4204.7,7981
1781852100,4204.7,4210.0,4204.6,4208.5,9216
1781852400,4208.5,4210.0,4203.4,4205.1,9497
1781852700,4206.5,4209.0,4202.1,4208.2,6387
1781853000,4208.9,4208.9,4195.5,4202.0,10751
1781853300,4201.7,4205.0,4197.3,4202.0,9893
1781853600,4201.6,4203.0,4198.1,4199.0,7957
1781853900,4200.0,4200.0,4193.5,4195.9,9057
1781854200,4195.9,4195.9,4193.8,4193.9,7316
1781854500,4193.7,4201.8,4192.4,4197.0,23818
1781854800,4196.6,4196.6,4192.1,4194.7,8811
1781855100,4195.2,4197.4,4194.0,4195.9,6994
1781855400,4195.9,4198.0,4192.2,4193.0,12214
1781855700,4194.0,4198.3,4193.0,4196.9,7024
1781856000,4197.5,4203.0,4196.6,4201.5,8991
1781856300,4203.0,4203.5,4198.2,4200.6,10264
1781856600,4202.0,4203.3,4200.2,4201.3,3979
1781856900,4201.3,4203.0,4197.3,4201.6,6097
1781857200,4202.1,4202.6,4197.0,4197.0,6771
1781857500,4197.0,4201.0,4196.4,4200.5,11879
1781857800,4202.0,4203.0,4197.0,4200.5,6692
1781858100,4202.0,4205.0,4200.2,4201.0,8852
1781858400,4200.5,4203.9,4199.0,4202.0,21004
1781858700,4202.6,4202.6,4192.0,4192.0,13908
1781859000,4192.1,4197.7,4190.1,4196.1,18248
1781859300,4197.6,4198.4,4195.0,4196.9,7021
1781859600,4197.0,4199.2,4196.4,4197.4,8460
1781859900,4198.6,4201.0,4197.4,4198.2,8651
1781860200,4198.0,4199.6,4196.4,4199.0,7168
1781860500,4198.5,4199.5,4196.8,4199.3,8227
1781860800,4199.1,4199.1,4187.6,4192.2,26105
1781861100,4191.7,4191.8,4182.8,4189.6,23130
1781861400,4185.2,4217.5,4185.0,4215.7,119463
1781861700,4215.7,4217.0,4207.0,4211.0,83296
1781862000,4210.6,4213.0,4207.9,4208.6,80234
1781862300,4208.8,4210.1,4204.8,4207.5,72651
1781862600,4207.2,4214.9,4206.0,4214.9,80294
1781862900,4213.1,4214.4,4202.0,4210.0,67021
1782099900,4228.0,4235.4,4213.4,4222.0,62604
1782100200,4222.0,4223.8,4206.8,4210.5,39938
1782100500,4210.5,4215.2,4208.0,4214.5,21545
1782100800,4214.6,4214.8,4209.0,4213.8,16999
1782101100,4213.8,4215.0,4207.9,4208.5,11405
1782101400,4209.2,4211.0,4205.8,4205.8,11426
1782101700,4205.8,4209.9,4205.0,4209.1,8882
1782102000,4209.3,4210.2,4208.0,4208.4,9842
1782102300,4208.9,4216.8,4208.0,4216.2,10308
1782102600,4216.3,4218.4,4212.1,4213.6,16445
1782102900,4213.8,4219.8,4212.6,4218.9,10030
1782103200,4219.0,4222.1,4215.0,4222.0,35533
1782103500,4221.9,4223.0,4218.1,4221.4,20923
1782103800,4221.4,4221.7,4215.6,4219.1,8499
1782104100,4219.2,4220.0,4215.8,4218.2,10568
1782104400,4218.1,4221.0,4213.3,4213.3,8625
1782104700,4215.6,4217.9,4212.6,4216.0,12848
1782105000,4215.7,4218.8,4215.7,4217.0,8912
1782105300,4217.4,4220.0,4216.0,4217.3,7136
1782105600,4217.4,4219.6,4215.8,4218.9,8041
1782105900,4219.0,4221.0,4217.3,4218.8,13593
1782106200,4218.9,4219.5,4212.0,4216.2,15684
1782106500,4216.3,4217.6,4210.0,4213.3,11323
1782106800,4213.3,4215.0,4212.0,4212.1,8014
1782107100,4213.5,4215.6,4205.0,4207.0,19446
1782107400,4207.0,4207.8,4198.0,4203.8,37233
1782107700,4204.2,4207.7,4202.7,4204.7,43056
1782108000,4205.0,4210.0,4204.3,4209.6,8373
1782108300,4209.7,4211.4,4209.1,4210.8,6692
1782108600,4210.7,4212.0,4205.4,4207.2,6631
1782108900,4207.2,4211.0,4206.0,4210.2,6570
1782109200,4209.9,4210.9,4208.0,4208.5,5729
1782109500,4208.4,4208.9,4205.0,4205.0,8666
1782109800,4206.0,4206.9,4203.0,4204.0,7459
1782110100,4204.9,4205.6,4201.0,4202.0,6764
1782110400,4201.6,4204.4,4200.0,4201.6,6797
1782110700,4202.1,4203.9,4200.0,4203.3,4872
1782111000,4203.0,4204.3,4200.1,4203.6,5102
1782111300,4203.6,4204.2,4198.0,4199.9,17760
1782111600,4200.0,4203.1,4198.2,4200.0,11042
1782111900,4199.9,4201.9,4197.4,4199.3,11294
1782112200,4199.9,4200.4,4197.2,4199.1,7285
1782112500,4199.1,4200.0,4196.0,4198.7,13016
1782112800,4199.1,4200.5,4195.5,4196.4,15545
1782113100,4196.4,4199.5,4196.3,4197.9,6261
1782113400,4197.8,4197.8,4195.0,4197.0,6083
1782113700,4197.0,4198.2,4190.0,4191.5,14511
1782114000,4191.5,4193.6,4190.0,4193.6,18368
1782114300,4194.9,4196.0,4191.0,4196.0,18842
1782114600,4195.7,4203.9,4193.0,4203.3,40777
1782114900,4203.9,4204.7,4201.8,4201.8,16430
1782115200,4201.0,4203.8,4200.0,4202.0,10710
1782115500,4202.0,4203.6,4200.5,4201.0,9075
1782115800,4201.2,4204.2,4196.9,4202.9,24478
1782116100,4203.0,4204.0,4201.7,4202.5,5492
1782116400,4203.0,4209.5,4202.6,4208.3,18325
1782116700,4208.3,4209.5,4205.0,4206.9,14173
1782117000,4207.0,4208.3,4203.0,4204.1,12987
1782117300,4204.4,4206.5,4200.0,4200.5,7551
1782117600,4200.5,4206.0,4200.3,4200.8,9015
1782117900,4200.3,4204.0,4198.4,4203.0,13300
1782118200,4203.5,4203.9,4200.0,4200.6,11990
1782118500,4201.0,4203.0,4199.9,4201.6,12557
1782118800,4202.9,4204.0,4199.5,4201.9,14252
1782119100,4201.9,4204.8,4200.8,4202.9,9615
1782119400,4203.5,4208.4,4201.5,4204.5,15602
1782119700,4204.5,4208.5,4202.6,4208.4,16355
1782120000,4207.7,4209.0,4205.0,4206.7,12982
1782120300,4206.7,4207.2,4205.0,4206.1,26630
1782120600,4205.4,4207.9,4200.3,4203.9,34583
1782120900,4204.5,4205.5,4198.4,4199.8,19997
1782121200,4200.0,4202.7,4198.9,4200.0,24701
1782121500,4199.9,4202.7,4199.0,4200.0,28599
1782121800,4200.0,4201.4,4198.3,4200.7,26936
1782122100,4200.3,4202.0,4198.0,4198.3,22214
1782186300,4210.0,4216.1,4204.1,4214.4,34621
1782186600,4214.8,4215.0,4207.0,4212.9,26156
1782186900,4212.9,4217.9,4212.1,4215.9,24913
1782187200,4217.8,4221.3,4215.9,4216.5,27143
1782187500,4217.3,4220.0,4216.5,4220.0,17261
1782187800,4217.8,4222.0,4216.5,4222.0,16848
1782188100,4222.5,4225.0,4218.0,4219.8,32531
1782188400,4220.0,4220.0,4216.0,4220.0,14680
1782188700,4220.0,4220.8,4216.0,4217.0,21315
1782189000,4217.0,4228.0,4216.0,4226.4,51456
1782189300,4226.4,4231.0,4221.0,4230.0,32331
1782189600,4230.0,4231.9,4227.0,4231.0,17510
1782189900,4231.3,4233.6,4229.9,4231.4,28671
1782190200,4231.4,4234.0,4230.0,4230.9,36528
1782190500,4231.0,4232.0,4228.1,4228.5,17598
1782190800,4229.0,4232.1,4228.0,4230.0,44947
1782191100,4229.2,4230.0,4226.0,4228.2,22513
1782191400,4228.2,4229.0,4224.2,4224.2,22245
1782191700,4224.7,4226.0,4223.0,4224.6,32871
1782192000,4224.6,4225.0,4223.2,4223.8,18190
1782192300,4223.7,4229.0,4223.0,4227.8,36219
1782192600,4227.8,4233.0,4224.7,4225.0,107081
1782192900,4225.1,4239.8,4225.0,4239.0,45661
1782193200,4238.2,4242.4,4236.0,4236.0,41623
1782193500,4233.4,4239.4,4233.4,4238.9,16455
1782193800,4238.9,4240.0,4236.0,4236.0,28101
1782194100,4236.7,4236.7,4228.0,4228.8,18220
1782194400,4228.8,4229.8,4225.6,4228.1,13479
1782194700,4228.1,4232.9,4226.7,4231.6,9975
1782195000,4231.6,4234.0,4230.3,4231.8,14554
1782195300,4232.3,4232.9,4220.5,4224.2,30979
1782195600,4224.1,4224.5,4217.0,4217.7,38052
1782195900,4217.8,4218.0,4208.5,4211.8,24151
1782196200,4212.0,4213.9,4206.9,4208.3,33746
1782196500,4208.2,4209.9,4202.0,4208.3,24599
1782196800,4208.3,4208.6,4202.0,4206.0,23869
1782197100,4206.0,4207.8,4202.2,4206.2,20292
1782197400,4206.5,4207.6,4185.9,4192.0,42816
1782197700,4192.8,4204.0,4192.8,4199.9,17558
1782198000,4199.6,4199.6,4191.1,4194.6,17285
1782198300,4195.5,4204.2,4194.3,4201.3,18270
1782198600,4202.0,4204.4,4197.0,4199.9,16553
1782198900,4199.9,4200.4,4196.4,4196.6,10879
1782199200,4197.0,4200.0,4195.0,4196.6,10515
1782199500,4197.1,4199.3,4193.6,4194.6,16415
1782199800,4194.2,4197.9,4190.9,4196.0,13055
1782200100,4196.5,4203.5,4194.2,4197.3,24720
1782200400,4197.6,4197.8,4188.4,4188.4,13709
1782200700,4188.9,4188.9,4180.8,4188.0,18925
1782201000,4187.5,4191.6,4186.5,4187.0,14130
1782201300,4187.0,4188.4,4181.0,4182.2,14571
1782201600,4182.7,4184.1,4176.0,4178.6,17878
1782201900,4178.5,4183.0,4175.9,4182.0,14774
1782202200,4182.5,4188.0,4181.6,4187.9,13111
1782202500,4188.0,4188.0,4182.2,4183.5,24318
1782202800,4183.5,4186.0,4176.1,4184.3,37143
1782203100,4184.8,4185.3,4182.4,4182.7,8816
1782203400,4182.2,4189.9,4181.7,4188.7,15830
1782203700,4189.2,4189.2,4182.0,4186.5,9846
1782204000,4186.1,4192.9,4186.0,4190.7,15603
1782204300,4190.7,4191.8,4186.2,4186.8,12561
1782204600,4187.0,4193.7,4186.3,4191.4,10686
1782204900,4191.4,4193.0,4188.8,4190.8,24845
1782205200,4190.9,4193.8,4190.5,4191.3,9358
1782205500,4191.0,4192.8,4187.8,4191.0,14430
1782205800,4191.3,4201.8,4188.4,4198.2,34167
1782206100,4198.7,4201.3,4193.5,4198.5,55691
1782206400,4199.0,4201.8,4194.0,4197.9,39587
1782206700,4197.9,4202.0,4195.0,4197.5,38365
1782207000,4197.7,4198.3,4173.0,4177.3,95285
1782207300,4177.3,4182.0,4177.0,4179.8,92635
1782207600,4180.0,4185.4,4178.5,4181.4,96928
1782207900,4181.5,4183.2,4177.8,4177.8,58842
1782208200,4178.1,4182.8,4173.1,4175.3,85311
1782208500,4175.5,4175.5,4166.0,4169.8,50011
1782272700,4176.5,4197.0,4176.5,4194.8,71672
1782273000,4194.2,4200.0,4192.0,4200.0,36550
1782273300,4200.0,4203.7,4195.3,4200.8,22499
1782273600,4200.9,4205.0,4197.2,4197.4,20522
1782273900,4197.0,4210.0,4196.0,4205.0,25316
1782274200,4205.7,4215.0,4205.0,4208.9,30333
1782274500,4208.9,4209.0,4185.0,4186.7,32497
1782274800,4186.2,4190.9,4182.7,4188.6,15942
1782275100,4189.9,4192.9,4185.0,4187.1,14169
1782275400,4188.2,4196.5,4187.1,4193.5,15144
1782275700,4193.5,4195.0,4187.4,4193.8,12517
1782276000,4194.5,4205.0,4191.6,4200.5,12065
1782276300,4200.5,4201.4,4190.1,4190.2,7701
1782276600,4190.5,4194.0,4186.9,4193.2,8866
1782276900,4193.2,4195.0,4186.0,4189.5,12093
1782277200,4189.5,4195.4,4186.1,4192.0,8398
1782277500,4192.0,4198.3,4190.0,4195.0,16713
1782277800,4195.0,4198.1,4188.0,4190.1,10325
1782278100,4190.4,4196.0,4187.3,4190.0,7130
1782278400,4190.0,4192.0,4188.1,4190.0,9283
1782278700,4191.0,4194.9,4190.0,4191.3,12006
1782279000,4191.6,4195.5,4186.4,4191.8,12987
1782279300,4192.0,4194.4,4190.4,4194.0,8606
1782279600,4194.0,4194.9,4188.1,4190.0,16544
1782279900,4190.1,4190.9,4185.0,4185.2,20135
1782280200,4185.2,4190.4,4184.0,4187.9,16581
1782280500,4186.5,4188.1,4184.5,4185.0,8854
1782280800,4185.0,4185.6,4177.0,4179.4,25465
1782281100,4179.3,4182.9,4177.1,4180.0,21465
1782281400,4180.2,4190.0,4179.2,4187.8,15344
1782281700,4187.8,4189.5,4179.2,4184.7,19946
1782282000,4185.9,4188.2,4183.0,4183.7,6298
1782282300,4184.5,4187.7,4183.7,4184.0,6921
1782282600,4184.2,4188.0,4184.0,4185.3,7125
1782282900,4185.8,4193.0,4182.8,4191.2,12324
1782283200,4192.2,4194.5,4186.9,4191.3,14657
1782283500,4191.8,4200.0,4191.3,4200.0,14578
1782283800,4200.0,4200.0,4193.2,4197.0,5785
1782284100,4196.2,4197.0,4187.0,4190.7,8771
1782284400,4190.7,4191.3,4180.0,4180.4,13870
1782284700,4180.6,4182.3,4177.5,4180.8,13977
1782285000,4180.8,4181.0,4174.0,4178.8,14897
1782285300,4178.7,4179.3,4172.1,4172.1,8421
1782285600,4172.0,4179.5,4171.0,4175.9,11516
1782285900,4177.1,4185.6,4175.5,4177.9,13550
1782286200,4177.9,4179.5,4174.0,4176.5,8264
1782286500,4176.6,4186.1,4175.3,4185.9,16054
1782286800,4185.9,4187.8,4182.3,4187.6,8093
1782287100,4187.6,4193.1,4185.8,4191.0,16208
1782287400,4191.0,4197.0,4189.0,4195.1,13754
1782287700,4195.2,4199.0,4195.1,4196.0,9043
1782288000,4196.5,4197.7,4195.0,4197.7,7593
1782288300,4197.2,4197.7,4190.8,4192.8,10266
1782288600,4192.8,4197.0,4191.0,4195.3,7102
1782288900,4195.6,4197.0,4193.2,4193.2,5699
1782289200,4194.1,4196.7,4190.4,4194.8,7772
1782289500,4195.0,4195.0,4190.0,4193.6,7495
1782289800,4194.0,4195.0,4190.0,4191.6,11173
1782290100,4192.1,4196.0,4188.0,4196.0,26884
1782290400,4196.0,4196.0,4189.4,4190.0,16823
1782290700,4191.2,4191.2,4185.0,4185.0,8768
1782291000,4185.0,4189.7,4182.4,4187.4,18240
1782291300,4188.0,4193.6,4185.9,4192.0,6677
1782291600,4192.0,4193.6,4185.2,4189.5,11206
1782291900,4190.0,4190.2,4183.4,4184.9,13832
1782292200,4184.8,4186.8,4180.4,4183.3,17245
1782292500,4184.0,4185.2,4172.0,4174.5,27107
1782292800,4174.6,4179.8,4173.2,4175.4,16938
1782293100,4175.0,4179.3,4170.0,4176.5,18674
1782293400,4176.6,4184.2,4170.4,4181.4,69656
1782293700,4181.4,4183.2,4179.1,4182.1,49530
1782294000,4183.0,4183.3,4177.0,4178.7,51464
1782294300,4179.0,4187.2,4178.4,4182.7,54429
1782294600,4182.7,4188.0,4180.0,4187.0,64687
1782294900,4187.0,4187.9,4179.0,4185.0,40861
1782359100,4207.0,4207.0,4187.1,4191.3,33934
1782359400,4192.0,4199.9,4190.0,4198.9,20955
1782359700,4199.2,4206.9,4194.1,4195.0,28067
1782360000,4195.0,4197.3,4192.3,4196.8,15995
1782360300,4196.1,4199.4,4195.0,4199.4,11726
1782360600,4198.0,4213.7,4197.0,4208.9,28683
1782360900,4209.3,4211.8,4207.2,4211.8,15154
1782361200,4211.8,4215.0,4210.2,4212.0,13099
1782361500,4212.1,4214.0,4208.4,4213.5,10778
1782361800,4213.3,4214.0,4208.0,4210.7,15742
1782362100,4213.1,4213.1,4208.0,4211.2,18529
1782362400,4211.1,4212.4,4209.0,4209.8,12024
1782362700,4209.9,4213.0,4208.6,4211.3,12798
1782363000,4212.0,4212.0,4210.6,4211.7,7435
1782363300,4211.8,4213.0,4210.3,4211.0,10446
1782363600,4211.0,4211.6,4209.5,4211.2,10540
1782363900,4211.4,4237.0,4211.4,4232.0,76721
1782364200,4233.0,4234.6,4230.1,4231.3,17725
1782364500,4231.3,4233.5,4230.0,4233.0,33762
1782364800,4232.0,4232.8,4228.0,4231.0,36414
1782365100,4231.1,4235.0,4229.5,4235.0,22872
1782365400,4235.0,4235.9,4226.8,4228.0,19919
1782365700,4228.8,4231.3,4226.3,4227.9,14465
1782366000,4227.7,4230.9,4226.0,4230.7,11014
1782366300,4230.9,4235.0,4229.7,4233.7,20201
1782366600,4234.1,4234.3,4229.7,4230.0,10782
1782366900,4229.7,4231.0,4227.0,4230.0,9676
1782367200,4230.0,4231.9,4228.1,4229.3,7878
1782367500,4229.6,4234.0,4227.2,4234.0,15411
1782367800,4233.6,4236.8,4230.0,4231.7,23049
1782368100,4231.9,4236.2,4230.0,4236.2,12830
1782368400,4236.7,4242.0,4235.3,4240.7,50678
1782368700,4241.0,4263.0,4237.1,4260.0,161898
1782369000,4260.0,4272.0,4260.0,4271.0,65692
1782369300,4271.0,4272.3,4260.7,4265.7,45677
1782369600,4265.7,4267.0,4260.0,4261.5,22310
1782369900,4261.5,4264.0,4257.9,4260.0,52477
1782370200,4260.3,4263.0,4257.4,4260.0,106340
1782370500,4260.1,4261.0,4255.5,4260.0,108181
1782370800,4260.0,4265.0,4258.0,4260.2,67429
1782371100,4260.2,4264.0,4255.8,4260.0,38197
1782371400,4260.0,4261.7,4257.9,4260.1,79415
1782371700,4260.0,4263.0,4257.5,4260.0,31019
1782372000,4260.1,4261.9,4260.0,4260.0,37418
1782372300,4260.6,4262.0,4258.1,4261.0,57580
1782372600,4261.0,4263.9,4260.0,4260.0,25157
1782372900,4260.5,4261.8,4249.1,4251.3,20809
1782373200,4251.5,4260.6,4242.2,4242.2,45579
1782373500,4242.9,4242.9,4237.7,4242.8,16176
1782373800,4242.9,4243.9,4236.6,4241.0,28609
1782374100,4241.1,4250.3,4236.1,4246.2,43600
1782374400,4246.1,4250.0,4241.5,4249.2,26048
1782374700,4249.2,4250.4,4244.3,4246.0,11157
1782375000,4246.0,4250.8,4246.0,4247.2,37552
1782375300,4247.4,4247.5,4241.3,4245.0,18517
1782375600,4245.1,4246.1,4238.9,4240.1,15378
1782375900,4240.1,4243.7,4238.4,4240.4,30143
1782376200,4241.2,4245.4,4235.7,4244.0,35193
1782376500,4244.2,4247.6,4243.0,4244.2,23190
1782376800,4244.2,4245.1,4230.0,4233.9,50130
1782377100,4234.1,4234.1,4221.1,4223.0,36695
1782377400,4223.0,4224.8,4216.3,4222.4,32556
1782377700,4221.7,4221.7,4214.0,4220.0,22406
1782378000,4220.6,4224.0,4218.2,4218.5,23777
1782378300,4219.2,4229.4,4216.2,4216.2,51463
1782378600,4216.3,4224.2,4214.2,4220.0,102288
1782378900,4220.1,4225.0,4217.9,4220.0,88253
1782379200,4220.1,4228.6,4219.3,4222.6,47258
1782379500,4222.6,4228.8,4222.5,4227.6,41210
1782379800,4228.0,4232.6,4216.7,4228.9,173002
1782380100,4229.0,4231.8,4220.1,4224.3,148513
1782380400,4224.3,4232.4,4214.0,4214.0,129135
1782380700,4214.1,4215.0,4201.1,4203.4,107225
1782381000,4203.4,4205.7,4192.2,4199.3,102402
1782381300,4199.3,4204.8,4195.0,4203.0,44955
1782704700,4225.0,4233.0,4191.0,4195.4,81222
1782705000,4196.4,4213.6,4196.4,4213.5,21904
1782705300,4213.5,4220.0,4211.2,4217.0,29158
1782705600,4216.9,4218.0,4199.9,4200.3,32340
1782705900,4200.2,4218.0,4198.0,4215.8,32438
1782706200,4215.7,4232.3,4214.7,4229.0,63022
1782706500,4226.8,4235.0,4226.8,4230.0,52501
1782706800,4230.1,4231.9,4220.0,4222.2,44313
1782707100,4222.1,4227.8,4217.0,4226.7,45712
1782707400,4225.8,4233.8,4221.0,4222.0,107184
1782707700,4223.1,4229.0,4219.9,4225.0,43308
1782708000,4226.0,4226.8,4222.0,4225.0,74629
1782708300,4226.0,4229.0,4224.0,4225.0,44029
1782708600,4224.1,4238.6,4222.5,4237.5,82522
1782708900,4238.2,4251.9,4235.0,4250.0,113114
1782709200,4250.0,4252.0,4247.0,4250.9,113532
1782709500,4250.3,4251.0,4230.6,4231.0,74748
1782709800,4231.0,4234.4,4225.0,4233.0,51303
1782710100,4233.0,4233.0,4216.9,4217.0,36237
1782710400,4217.7,4220.1,4209.3,4217.7,26984
1782710700,4218.3,4218.3,4213.3,4215.0,22627
1782711000,4215.1,4222.0,4213.3,4221.4,12941
1782711300,4221.4,4221.5,4215.0,4215.0,14277
1782711600,4215.6,4224.1,4215.0,4220.8,40592
1782711900,4221.1,4222.0,4215.0,4219.0,9637
1782712200,4218.7,4219.3,4215.0,4216.0,8879
1782712500,4216.8,4220.0,4215.0,4216.5,15521
1782712800,4217.0,4217.7,4209.0,4211.5,22727
1782713100,4212.0,4216.0,4209.8,4212.3,11955
1782713400,4212.5,4212.5,4202.2,4205.2,13631
1782713700,4205.4,4205.6,4198.7,4200.0,29839
1782714000,4200.8,4201.4,4196.1,4198.2,27341
1782714300,4199.8,4201.8,4196.8,4198.0,17830
1782714600,4198.8,4198.8,4194.0,4195.1,25700
1782714900,4195.9,4200.0,4195.0,4195.9,24047
1782715200,4195.8,4197.5,4190.0,4192.0,17248
1782715500,4192.7,4193.9,4188.0,4188.0,27156
1782715800,4188.3,4190.8,4186.6,4189.0,14348
1782716100,4189.3,4190.0,4182.9,4184.4,17589
1782716400,4184.5,4184.7,4167.8,4170.5,36570
1782716700,4170.1,4173.0,4166.0,4166.0,14278
1782717000,4166.0,4170.0,4165.0,4167.9,19086
1782717300,4168.2,4173.7,4167.1,4170.0,17925
1782717600,4170.4,4178.4,4170.0,4178.4,9408
1782717900,4178.4,4188.0,4177.2,4186.7,17429
1782718200,4187.0,4189.9,4180.3,4189.0,10956
1782718500,4189.2,4208.0,4188.0,4206.0,23619
1782718800,4206.0,4206.0,4196.9,4199.4,10591
1782719100,4199.0,4199.0,4190.0,4197.0,10376
1782719400,4197.2,4198.2,4190.2,4191.5,11838
1782719700,4191.5,4196.0,4188.1,4193.4,14285
1782720000,4193.7,4202.6,4191.3,4191.3,11568
1782720300,4191.3,4199.7,4190.1,4199.6,9532
1782720600,4198.7,4199.0,4175.2,4177.0,11022
1782720900,4177.3,4183.1,4175.0,4176.4,9756
1782721200,4176.7,4178.9,4173.7,4178.3,8307
1782721500,4178.4,4184.9,4176.0,4177.0,22700
1782721800,4177.0,4181.1,4174.0,4175.3,9026
1782722100,4175.3,4178.8,4173.7,4173.7,7906
1782722400,4173.9,4179.5,4172.1,4178.0,14435
1782722700,4178.4,4180.0,4175.0,4178.7,8279
1782723000,4178.7,4180.0,4170.0,4170.1,10397
1782723300,4171.1,4173.4,4167.9,4170.5,8551
1782723600,4170.5,4175.0,4166.1,4174.0,27522
1782723900,4174.0,4178.0,4170.6,4173.2,11685
1782724200,4174.0,4180.0,4170.5,4176.1,23247
1782724500,4176.4,4184.5,4173.5,4182.0,34748
1782724800,4182.9,4183.4,4179.0,4179.3,21294
1782725100,4179.4,4182.5,4174.8,4175.8,67894
1782725400,4175.7,4183.6,4158.6,4167.6,117735
1782725700,4168.1,4176.5,4162.5,4168.8,108256
1782726000,4168.7,4170.9,4164.2,4169.4,104607
1782726300,4169.4,4169.4,4157.8,4163.8,112679
1782726600,4164.3,4166.5,4159.5,4165.2,120020
1782726900,4165.2,4169.0,4159.0,4165.0,64795
1782791100,4183.0,4193.8,4173.3,4192.0,58175
1782791400,4191.5,4192.2,4170.5,4185.0,37230
1782791700,4185.0,4188.5,4174.5,4176.0,25107
1782792000,4175.3,4176.6,4166.0,4170.0,27259
1782792300,4169.5,4177.0,4167.4,4175.4,11490
1782792600,4176.0,4185.0,4175.3,4177.8,17785
1782792900,4177.8,4179.4,4170.0,4174.0,9878
1782793200,4173.5,4180.0,4172.6,4178.0,7548
1782793500,4177.6,4182.1,4166.1,4166.7,33913
1782793800,4166.7,4177.0,4165.0,4177.0,10833
1782794100,4177.6,4179.2,4166.1,4166.8,10131
1782794400,4166.6,4169.9,4165.2,4167.9,13082
1782794700,4167.0,4169.2,4165.2,4168.5,6650
1782795000,4168.5,4171.4,4163.0,4165.7,15853
1782795300,4165.7,4171.1,4155.1,4156.0,41895
1782795600,4156.0,4162.0,4153.0,4161.5,11765
1782795900,4161.5,4163.3,4159.8,4161.5,19240
1782796200,4161.5,4162.3,4157.4,4160.5,8339
1782796500,4160.7,4172.0,4159.4,4171.3,16131
1782796800,4171.3,4175.0,4163.1,4163.6,25658
1782797100,4164.0,4165.0,4158.3,4158.4,11661
1782797400,4158.4,4164.7,4156.5,4160.7,8880
1782797700,4160.3,4162.8,4158.0,4162.2,5554
1782798000,4162.8,4173.0,4161.6,4167.9,11968
1782798300,4169.4,4170.0,4161.7,4164.9,9645
1782798600,4164.8,4175.0,4162.0,4175.0,19528
1782798900,4175.0,4176.8,4170.1,4172.7,20541
1782799200,4170.2,4170.9,4160.0,4161.1,19841
1782799500,4160.8,4162.3,4153.0,4159.9,26773
1782799800,4159.9,4166.0,4159.2,4159.2,8698
1782800100,4159.7,4160.5,4155.0,4157.4,9263
1782800400,4157.0,4160.0,4157.0,4158.5,4247
1782800700,4159.9,4161.0,4155.3,4158.5,10496
1782801000,4158.5,4158.8,4150.0,4151.3,16122
1782801300,4151.3,4157.3,4151.2,4155.3,7291
1782801600,4155.0,4158.3,4152.6,4155.1,8351
1782801900,4155.1,4157.7,4151.7,4153.7,7960
1782802200,4154.5,4155.8,4152.0,4155.4,6549
1782802500,4155.6,4157.2,4154.0,4156.2,5533
1782802800,4156.9,4159.2,4151.0,4152.7,26425
1782803100,4152.0,4156.0,4148.3,4156.0,21597
1782803400,4156.0,4159.2,4153.0,4154.9,9264
1782803700,4156.4,4161.3,4156.4,4160.0,17285
1782804000,4159.8,4160.0,4156.3,4158.3,6217
1782804300,4158.5,4165.0,4156.6,4164.7,13574
1782804600,4164.8,4168.0,4160.6,4163.0,14307
1782804900,4163.0,4163.6,4155.2,4155.2,12154
1782805200,4155.4,4156.7,4154.3,4156.4,11846
1782805500,4156.3,4159.2,4154.1,4154.1,17446
1782805800,4154.0,4155.2,4152.2,4155.2,8545
1782806100,4154.4,4159.5,4153.7,4157.0,10418
1782806400,4157.2,4159.0,4153.6,4157.9,13255
1782806700,4157.9,4158.9,4155.6,4157.4,5966
1782807000,4157.0,4160.9,4156.0,4159.0,15970
1782807300,4159.0,4159.2,4153.5,4156.5,11114
1782807600,4157.0,4158.0,4152.8,4153.0,12244
1782807900,4153.0,4154.5,4150.3,4153.8,14261
1782808200,4153.9,4155.0,4147.2,4147.5,52980
1782808500,4147.5,4150.1,4147.0,4147.9,14053
1782808800,4147.1,4149.3,4145.0,4147.2,9085
1782809100,4147.2,4149.0,4140.0,4142.9,28783
1782809400,4142.9,4156.3,4136.0,4155.9,37351
1782809700,4156.1,4163.1,4153.3,4153.3,63045
1782810000,4153.3,4161.0,4147.3,4155.3,28294
1782810300,4155.7,4157.5,4151.6,4152.0,16434
1782810600,4151.8,4161.0,4151.2,4157.6,25478
1782810900,4157.2,4158.5,4154.8,4157.4,13938
1782811200,4157.3,4157.3,4152.7,4154.6,11917
1782811500,4154.6,4157.0,4144.0,4147.7,30773
1782811800,4147.5,4147.5,4134.1,4141.2,72521
1782812100,4141.1,4145.0,4137.4,4140.2,65409
1782812400,4141.3,4152.0,4138.5,4142.8,61365
1782812700,4143.1,4146.8,4141.5,4144.6,45822
1782813000,4144.7,4148.8,4144.6,4148.3,44808
1782813300,4147.7,4148.6,4142.6,4143.6,37340
1782877500,4130.1,4142.8,4118.3,4121.0,51348
1782877800,4122.4,4130.4,4117.0,4124.8,28085
1782878100,4124.6,4124.9,4120.6,4122.0,11122
1782878400,4121.9,4124.4,4115.1,4117.2,17189
1782878700,4115.0,4128.0,4115.0,4126.0,14883
1782879000,4125.5,4127.0,4118.3,4120.0,8578
1782879300,4120.0,4127.8,4118.8,4123.6,10585
1782879600,4123.6,4127.5,4123.0,4126.8,6677
1782879900,4126.1,4137.5,4126.1,4134.0,18797
1782880200,4134.0,4139.4,4127.6,4130.1,13278
1782880500,4128.9,4135.9,4127.0,4134.9,12324
1782880800,4135.9,4138.0,4132.0,4132.0,14480
1782881100,4132.7,4136.0,4132.7,4134.0,9112
1782881400,4134.9,4141.0,4134.0,4139.6,9682
1782881700,4139.4,4139.4,4132.6,4135.0,11790
1782882000,4136.0,4137.1,4132.0,4133.2,8248
1782882300,4132.1,4136.4,4128.0,4129.7,7084
1782882600,4129.8,4130.3,4118.0,4120.0,22162
1782882900,4120.0,4127.0,4119.0,4125.4,9729
1782883200,4125.4,4127.2,4122.0,4125.9,5055
1782883500,4125.9,4128.2,4125.0,4127.4,9358
1782883800,4127.6,4128.8,4124.0,4125.2,5381
1782884100,4127.0,4127.0,4116.9,4118.5,9187
1782884400,4118.6,4120.0,4116.0,4118.5,7420
1782884700,4120.0,4124.0,4113.0,4113.3,19751
1782885000,4113.3,4114.5,4105.3,4107.4,14024
1782885300,4107.0,4109.9,4104.0,4107.1,16135
1782885600,4107.9,4108.5,4100.0,4100.8,27342
1782885900,4100.8,4100.8,4094.3,4095.8,46587
1782886200,4095.8,4099.2,4092.3,4097.4,12883
1782886500,4096.0,4096.0,4091.0,4093.0,10251
1782886800,4093.0,4096.0,4090.0,4090.8,12233
1782887100,4090.8,4093.9,4084.6,4093.9,21328
1782887400,4093.6,4094.5,4084.7,4085.9,12507
1782887700,4086.0,4096.6,4083.9,4096.5,11206
1782888000,4096.5,4096.5,4089.0,4089.0,12925
1782888300,4089.6,4091.8,4086.6,4089.8,11731
1782888600,4089.8,4089.8,4081.1,4088.0,12323
1782888900,4088.0,4088.0,4082.8,4083.9,9075
1782889200,4085.0,4090.3,4084.3,4089.6,4779
1782889500,4088.4,4094.0,4088.1,4092.0,5708
1782889800,4091.5,4095.0,4090.0,4094.8,14122
1782890100,4094.8,4094.9,4092.0,4093.4,3443
1782890400,4093.7,4094.9,4090.5,4092.0,4847
1782890700,4091.0,4092.4,4084.0,4087.3,15969
1782891000,4087.3,4087.3,4081.1,4085.7,9652
1782891300,4085.7,4087.0,4084.9,4085.5,5181
1782891600,4085.7,4088.4,4085.0,4088.1,3271
1782891900,4088.1,4090.0,4086.5,4089.8,5330
1782892200,4089.5,4089.9,4088.0,4088.5,3058
1782892500,4088.3,4089.8,4087.0,4088.8,13350
1782892800,4088.8,4090.0,4087.2,4090.0,3743
1782893100,4090.0,4093.8,4088.5,4089.5,38798
1782893400,4089.8,4089.8,4087.0,4088.8,8078
1782893700,4088.0,4091.3,4087.0,4089.8,20303
1782894000,4089.6,4090.0,4088.0,4089.8,8918
1782894300,4089.9,4091.5,4089.1,4091.5,7275
1782894600,4089.9,4091.6,4088.1,4090.0,10143
1782894900,4089.9,4098.5,4089.8,4097.7,64773
1782895200,4097.7,4107.0,4096.6,4106.2,22455
1782895500,4106.1,4114.9,4102.6,4113.8,26814
1782895800,4113.9,4115.0,4107.7,4110.7,19964
1782896100,4110.7,4112.2,4108.2,4109.7,18843
1782896400,4109.1,4111.0,4106.8,4107.3,16822
1782896700,4107.7,4110.0,4104.5,4104.5,17476
1782897000,4105.5,4106.0,4102.0,4104.9,13277
1782897300,4104.9,4105.5,4102.3,4102.4,14715
1782897600,4102.6,4104.2,4100.9,4100.9,12415
1782897900,4100.4,4100.5,4096.6,4096.6,35494
1782898200,4096.6,4099.6,4090.5,4094.1,61813
1782898500,4094.1,4095.8,4091.1,4092.7,82214
1782898800,4092.0,4093.0,4090.6,4092.5,50894
1782899100,4091.6,4093.9,4091.1,4093.9,49444
1782899400,4094.8,4095.4,4089.9,4093.5,73544
1782899700,4092.8,4094.9,4089.0,4092.2,89504
1782963900,4100.0,4110.0,4072.2,4074.1,66057
1782964200,4075.0,4079.6,4066.6,4069.3,39977
1782964500,4070.0,4070.0,4065.0,4066.5,25260
1782964800,4066.5,4066.5,4054.0,4055.2,36104
1782965100,4055.6,4058.7,4046.0,4058.6,59584
1782965400,4058.2,4058.6,4051.0,4051.3,22213
1782965700,4051.3,4053.9,4045.0,4047.7,29351
1782966000,4047.7,4049.4,4044.9,4046.3,16601
1782966300,4046.3,4046.6,4036.6,4039.5,37428
1782966600,4039.2,4046.8,4037.1,4040.0,51150
1782966900,4038.8,4040.0,4022.2,4026.6,53326
1782967200,4026.6,4030.0,4020.6,4021.1,28606
1782967500,4021.4,4024.0,4016.1,4020.0,37454
1782967800,4019.6,4025.4,4018.2,4023.4,29781
1782968100,4023.4,4028.3,4019.2,4026.6,24192
1782968400,4027.0,4033.0,4026.1,4033.0,22103
1782968700,4033.0,4044.0,4030.0,4044.0,28610
1782969000,4044.0,4046.3,4042.0,4043.6,20050
1782969300,4043.6,4046.3,4041.0,4044.0,31838
1782969600,4044.0,4046.3,4044.0,4046.0,17085
1782969900,4045.7,4046.0,4040.0,4041.9,26787
1782970200,4042.0,4046.0,4041.0,4044.7,31213
1782970500,4045.0,4045.9,4042.0,4043.6,28640
1782970800,4043.4,4043.4,4037.5,4041.0,31226
1782971100,4041.0,4041.0,4035.0,4038.8,18552
1782971400,4039.5,4040.0,4032.0,4032.5,36820
1782971700,4033.0,4034.9,4029.1,4032.3,12753
1782972000,4032.2,4033.7,4022.0,4023.2,38617
1782972300,4023.2,4023.4,4012.0,4012.1,58360
1782972600,4012.0,4024.5,4012.0,4024.0,15884
1782972900,4024.0,4026.3,4020.8,4022.2,16677
1782973200,4022.2,4025.9,4021.0,4023.1,14231
1782973500,4023.1,4027.5,4022.8,4025.2,17673
1782973800,4026.0,4029.4,4025.0,4026.3,19752
1782974100,4026.7,4030.5,4025.4,4028.1,27367
1782974400,4028.6,4030.0,4026.3,4027.2,8555
1782974700,4027.2,4030.0,4026.0,4028.2,17044
1782975000,4029.1,4029.6,4024.0,4026.2,15188
1782975300,4026.7,4028.4,4024.1,4027.5,24558
1782975600,4027.5,4028.0,4024.0,4026.0,8561
1782975900,4026.0,4029.0,4025.0,4028.7,25235
1782976200,4028.7,4029.8,4021.0,4022.3,44158
1782976500,4022.3,4026.2,4021.0,4025.4,18905
1782976800,4025.8,4025.8,4022.0,4023.0,15977
1782977100,4023.5,4025.5,4022.0,4024.5,34289
1782977400,4024.5,4025.5,4021.6,4024.0,34501
1782977700,4023.0,4027.0,4022.3,4025.1,23826
1782978000,4025.0,4026.0,4023.0,4024.0,17847
1782978300,4024.0,4025.1,4021.9,4024.9,27395
1782978600,4024.9,4027.8,4021.1,4025.8,33143
1782978900,4025.8,4025.8,4021.0,4023.3,22471
1782979200,4023.3,4025.0,4021.3,4023.5,14325
1782979500,4022.4,4025.0,4017.5,4023.5,37173
1782979800,4023.8,4025.0,4017.0,4018.2,27334
1782980100,4018.2,4020.9,4016.4,4018.0,22867
1782980400,4017.9,4020.5,4017.6,4019.4,10504
1782980700,4019.4,4021.0,4017.1,4018.4,12498
1782981000,4018.6,4020.0,4017.1,4019.9,14051
1782981300,4020.0,4022.0,4018.0,4018.7,16906
1782981600,4018.7,4020.4,4015.8,4017.0,19320
1782981900,4017.0,4017.9,4015.0,4016.1,42821
1782982200,4016.2,4030.0,4016.0,4029.5,63787
1782982500,4029.5,4032.3,4025.9,4029.2,65427
1782982800,4029.0,4041.5,4029.0,4039.0,72730
1782983100,4038.0,4044.0,4035.9,4043.0,26811
1782983400,4043.0,4043.7,4037.9,4038.5,30668
1782983700,4038.5,4050.6,4038.5,4049.7,68361
1782984000,4049.7,4066.6,4049.4,4063.4,71143
1782984300,4062.6,4065.0,4055.4,4059.4,53562
1782984600,4059.4,4063.7,4057.2,4059.6,73088
1782984900,4059.7,4063.3,4058.5,4059.9,61106
1782985200,4060.2,4062.0,4057.5,4061.1,62699
1782985500,4061.3,4061.5,4057.2,4058.1,58373
1782985800,4058.1,4063.1,4056.5,4058.0,50616
1782986100,4058.0,4058.7,4055.0,4057.0,53933
1783050300,4080.0,4094.0,4072.5,4075.7,56226
1783050600,4076.0,4088.0,4074.6,4088.0,26257
1783050900,4088.0,4090.3,4083.0,4085.5,23477
1783051200,4085.2,4085.3,4078.3,4082.2,15955
1783051500,4082.2,4083.2,4079.0,4079.9,10393
1783051800,4080.0,4080.6,4065.0,4069.9,30501
1783052100,4071.4,4072.9,4064.0,4065.9,16660
1783052400,4065.0,4066.5,4062.0,4064.0,25965
1783052700,4064.0,4064.0,4058.0,4058.1,21720
1783053000,4059.4,4060.5,4057.6,4059.0,12011
1783053300,4059.0,4060.0,4056.1,4059.4,6627
1783053600,4059.2,4060.0,4057.1,4060.0,11611
1783053900,4060.0,4060.1,4059.0,4060.0,9001
1783054200,4060.0,4060.0,4053.6,4059.1,17382
1783054500,4059.9,4060.0,4058.0,4059.7,6804
1783054800,4059.7,4060.2,4057.0,4058.2,7059
1783055100,4058.2,4060.0,4056.0,4056.0,7858
1783055400,4057.0,4058.3,4056.0,4057.4,5099
1783055700,4057.0,4057.4,4051.0,4052.6,10285
1783056000,4052.6,4055.0,4052.6,4055.0,5010
1783056300,4054.8,4054.8,4050.3,4051.8,7107
1783056600,4051.8,4052.0,4045.5,4048.1,16224
1783056900,4049.0,4049.4,4044.0,4044.2,10715
1783057200,4046.0,4046.0,4042.0,4044.0,7763
1783057500,4044.0,4046.9,4042.3,4045.4,20937
1783057800,4046.0,4048.0,4045.2,4047.2,6027
1783058100,4047.4,4050.6,4046.8,4046.9,9563
1783058400,4047.9,4048.8,4045.0,4045.1,7820
1783058700,4046.6,4047.0,4040.0,4040.0,19476
1783059000,4040.3,4042.0,4038.6,4040.1,10159
1783059300,4040.1,4046.5,4039.9,4044.0,9578
1783059600,4044.3,4049.1,4040.0,4043.0,30333
1783059900,4043.4,4047.0,4043.0,4046.3,8202
1783060200,4046.3,4052.0,4046.3,4048.4,48073
1783060500,4048.9,4051.1,4048.0,4049.5,12404
1783060800,4049.5,4050.6,4046.5,4048.0,9242
1783061100,4048.5,4051.9,4048.1,4050.2,27867
1783061400,4050.2,4052.1,4045.0,4047.8,24880
1783061700,4047.9,4050.0,4047.7,4049.5,22824
1783062000,4050.0,4053.0,4047.9,4049.3,82704
1783062300,4051.0,4055.7,4049.9,4053.0,34302
1783062600,4053.2,4054.4,4045.0,4048.0,59837
1783062900,4048.1,4051.9,4046.3,4049.9,33676
1783063200,4050.0,4050.0,4045.0,4045.9,10798
1783063500,4046.5,4050.0,4045.4,4049.0,14006
1783063800,4049.0,4049.3,4041.3,4041.9,15533
1783064100,4042.3,4043.1,4030.1,4031.6,18696
1783064400,4033.0,4037.2,4031.6,4033.9,9851
1783064700,4033.8,4034.9,4030.1,4033.5,9437
1783065000,4033.5,4036.4,4031.0,4031.0,19927
1783065300,4031.4,4032.0,4027.1,4029.5,14661
1783065600,4029.7,4030.1,4019.8,4023.0,47171
1783065900,4024.0,4028.0,4019.0,4024.0,62445
1783066200,4025.1,4026.4,4023.0,4025.6,9339
1783066500,4026.0,4034.7,4025.0,4034.7,40684
1783066800,4034.9,4036.0,4031.2,4034.3,9575
1783067100,4034.3,4035.9,4034.0,4034.2,18926
1783067400,4034.3,4035.0,4031.9,4033.0,7522
1783067700,4033.7,4035.0,4032.4,4034.0,4942
1783068000,4034.3,4040.0,4033.0,4037.0,9564
1783068300,4037.0,4037.1,4032.0,4032.0,16057
1783068600,4032.0,4034.2,4029.9,4032.7,8146
1783068900,4033.6,4035.7,4030.0,4031.9,8527
1783069200,4031.9,4036.1,4031.0,4035.0,9221
1783069500,4035.2,4037.8,4033.0,4035.1,9088
1783069800,4035.1,4036.0,4033.5,4035.2,7741
1783070100,4035.0,4036.5,4032.5,4035.0,15769
1783070400,4035.0,4035.7,4025.5,4027.1,14584
1783070700,4028.4,4030.8,4027.0,4028.4,13935
1783071000,4028.5,4030.5,4025.0,4028.8,15947
1783071300,4028.8,4034.3,4028.0,4033.0,36876
1783071600,4033.0,4033.1,4028.0,4028.6,19692
1783071900,4028.6,4029.1,4024.0,4024.9,38668
1783072200,4025.0,4028.9,4024.0,4025.0,42231
1783072500,4024.5,4031.7,4022.0,4027.7,69946
1783309500,4027.7,4046.9,4026.8,4038.3,48801
1783309800,4039.0,4040.7,4022.1,4022.9,48313
1783310100,4024.3,4025.0,4016.5,4020.6,19198
1783310400,4021.0,4029.5,4019.4,4029.5,31288
1783310700,4029.5,4030.0,4022.5,4025.4,8419
1783311000,4025.3,4027.4,4023.9,4026.6,13806
1783311300,4026.6,4027.5,4024.0,4025.2,16800
1783311600,4025.2,4027.0,4024.0,4026.7,9448
1783311900,4027.0,4039.8,4024.5,4038.6,17073
1783312200,4038.6,4046.1,4038.3,4045.0,15484
1783312500,4044.8,4045.6,4041.0,4041.4,12539
1783312800,4041.5,4044.8,4038.5,4044.0,9735
1783313100,4043.2,4045.0,4034.0,4034.0,13413
1783313400,4035.3,4036.1,4023.5,4027.0,25906
1783313700,4026.9,4039.9,4025.5,4036.0,20515
1783314000,4036.2,4042.0,4033.5,4035.2,11329
1783314300,4035.9,4036.9,4033.0,4035.9,3894
1783314600,4036.0,4054.9,4035.9,4054.8,35987
1783314900,4054.8,4060.0,4052.7,4054.0,23334
1783315200,4055.0,4055.6,4044.1,4045.4,14219
1783315500,4045.5,4047.9,4043.1,4045.6,6504
1783315800,4045.8,4050.3,4045.0,4048.7,6323
1783316100,4048.7,4050.9,4047.0,4047.0,3597
1783316400,4048.9,4054.0,4048.0,4050.7,4167
1783316700,4050.7,4052.5,4046.3,4051.3,4856
1783317000,4051.3,4058.0,4050.7,4058.0,14347
1783317300,4057.9,4058.5,4056.1,4057.8,14584
1783317600,4057.8,4065.0,4055.9,4064.0,21766
1783317900,4063.7,4065.5,4058.2,4060.3,29811
1783318200,4058.6,4064.0,4057.2,4062.1,6147
1783318500,4063.3,4063.9,4060.9,4062.0,4883
1783318800,4062.0,4062.0,4054.6,4055.7,8099
1783319100,4055.9,4058.0,4053.4,4055.0,5064
1783319400,4055.8,4057.9,4052.8,4055.1,22542
1783319700,4055.1,4056.4,4051.2,4056.3,10491
1783320000,4056.4,4061.5,4055.0,4061.5,18072
1783320300,4061.5,4068.0,4058.3,4059.9,29715
1783320600,4059.8,4061.2,4054.0,4057.9,19260
1783320900,4057.9,4066.8,4057.7,4064.3,19391
1783321200,4064.0,4066.8,4063.1,4065.5,4942
1783321500,4065.8,4067.0,4056.7,4056.9,18550
1783321800,4056.8,4058.6,4051.7,4055.2,44531
1783322100,4055.3,4056.2,4050.0,4050.7,13334
1783322400,4050.7,4054.6,4045.7,4046.9,70951
1783322700,4046.9,4050.0,4035.3,4044.7,46390
1783323000,4044.2,4046.2,4041.2,4045.4,4666
1783323300,4045.3,4049.5,4041.4,4043.3,17829
1783323600,4043.2,4045.0,4036.4,4044.9,8546
1783323900,4044.9,4046.0,4042.0,4042.0,4280
1783324200,4042.4,4049.9,4042.0,4048.0,5923
1783324500,4048.1,4050.0,4046.3,4049.2,4447
1783324800,4049.2,4050.0,4045.5,4047.4,6889
1783325100,4047.5,4050.0,4046.4,4049.6,8864
1783325400,4049.7,4050.0,4044.0,4044.2,7964
1783325700,4044.2,4045.9,4041.0,4042.0,9797
1783326000,4042.0,4044.7,4036.3,4043.0,11041
1783326300,4043.0,4044.6,4041.0,4041.4,5028
1783326600,4041.5,4044.4,4041.0,4044.4,6005
1783326900,4044.4,4048.2,4043.6,4044.5,11037
1783327200,4044.0,4046.3,4041.5,4045.7,5568
1783327500,4045.3,4047.0,4043.7,4045.0,5202
1783327800,4044.5,4046.7,4044.0,4045.3,7179
1783328100,4045.4,4050.0,4044.2,4045.2,13011
1783328400,4045.5,4048.3,4045.0,4046.3,8391
1783328700,4045.0,4046.3,4042.0,4043.5,11696
1783329000,4042.5,4046.3,4041.9,4045.8,9874
1783329300,4045.1,4046.0,4043.8,4043.9,9625
1783329600,4043.8,4046.7,4043.1,4045.0,9139
1783329900,4045.0,4046.0,4042.5,4044.2,7336
1783330200,4044.7,4048.6,4044.1,4048.2,21814
1783330500,4048.3,4049.1,4042.2,4042.2,43031
1783330800,4042.0,4044.0,4036.5,4038.1,28615
1783331100,4038.9,4039.0,4034.0,4034.8,40364
1783331400,4035.0,4039.5,4035.0,4036.8,34092
1783331700,4037.5,4040.0,4037.0,4039.5,31721
1783395900,4044.5,4046.3,4027.0,4028.2,61117
1783396200,4027.2,4029.3,4008.0,4009.0,61481
1783396500,4009.1,4011.3,3996.0,3997.9,72592
1783396800,3997.2,3999.6,3985.7,3990.0,54897
1783397100,3988.4,3992.0,3982.4,3986.9,49688
1783397400,3987.0,3993.0,3981.5,3988.1,34376
1783397700,3988.6,3991.7,3985.9,3988.9,19924
1783398000,3990.0,3992.6,3987.0,3991.5,19754
1783398300,3991.8,3993.5,3990.0,3990.6,21934
1783398600,3990.5,3996.5,3990.1,3990.1,22342
1783398900,3990.5,3994.8,3990.1,3992.7,18921
1783399200,3993.3,3994.1,3990.1,3991.0,21200
1783399500,3991.1,3991.7,3985.0,3988.3,21313
1783399800,3988.3,3990.8,3985.0,3989.9,23154
1783400100,3989.9,3990.2,3986.2,3989.9,24176
1783400400,3990.0,3992.7,3985.1,3992.2,13881
1783400700,3990.6,3992.3,3985.2,3985.2,12489
1783401000,3985.0,3986.4,3981.0,3982.0,27487
1783401300,3981.3,3983.5,3975.0,3980.3,47957
1783401600,3980.4,3980.8,3975.5,3979.7,14408
1783401900,3978.1,3986.2,3977.0,3984.0,14363
1783402200,3984.0,3992.4,3984.0,3992.0,34021
1783402500,3992.0,4002.0,3990.5,3998.7,40663
1783402800,3998.7,4002.9,3995.8,4000.0,43826
1783403100,3998.6,4007.0,3998.1,4004.0,79891
1783403400,4004.0,4012.9,4003.9,4011.4,43126
1783403700,4011.5,4018.5,4010.0,4014.5,39347
1783404000,4014.6,4015.0,4010.0,4011.0,19928
1783404300,4010.6,4012.0,4005.0,4007.4,37627
1783404600,4007.4,4008.2,4002.5,4002.6,11980
1783404900,4002.6,4006.8,4002.5,4003.1,10333
1783405200,4003.2,4006.0,4003.0,4003.9,10616
1783405500,4004.1,4009.7,4004.0,4008.6,16415
1783405800,4007.0,4009.6,4007.0,4008.9,18060
1783406100,4008.8,4010.8,4005.0,4005.7,24764
1783406400,4005.1,4006.0,3992.0,3992.9,32316
1783406700,3992.5,3998.4,3988.1,3989.3,32890
1783407000,3989.9,3990.6,3983.8,3986.6,49769
1783407300,3986.6,3990.0,3985.5,3989.1,17500
1783407600,3989.6,3989.9,3982.5,3987.4,45901
1783407900,3987.4,3987.4,3979.8,3983.4,56024
1783408200,3983.1,3988.0,3981.1,3987.5,24049
1783408500,3987.8,3988.4,3981.1,3985.2,29245
1783408800,3985.2,3988.2,3984.0,3987.4,31529
1783409100,3987.4,3989.1,3983.0,3988.0,37703
1783409400,3988.0,3991.0,3987.5,3990.0,30976
1783409700,3989.9,3990.0,3987.3,3989.0,10696
1783410000,3989.0,3990.0,3986.0,3990.0,13325
1783410300,3990.0,3990.0,3987.2,3989.8,22095
1783410600,3989.7,3989.7,3983.2,3986.0,15956
1783410900,3986.0,3989.7,3985.6,3988.3,18443
1783411200,3988.5,3989.3,3986.0,3986.8,32504
1783411500,3986.8,3988.3,3983.0,3984.4,18529
1783411800,3984.8,3990.0,3984.8,3990.0,58276
1783412100,3990.0,3991.3,3987.5,3989.5,16575
1783412400,3988.4,3991.6,3988.2,3989.2,26092
1783412700,3989.2,3991.9,3989.0,3989.8,21598
1783413000,3989.8,3991.4,3987.3,3989.8,43206
1783413300,3989.7,3990.0,3986.0,3989.7,23659
1783413600,3989.5,3990.0,3988.0,3989.9,11393
1783413900,3989.9,3990.1,3989.5,3989.9,20140
1783414200,3989.9,3990.2,3986.0,3987.1,23676
1783414500,3987.1,3992.1,3987.1,3991.2,29097
1783414800,3991.2,3993.6,3990.8,3992.9,28985
1783415100,3993.0,3994.3,3992.5,3993.5,31420
1783415400,3993.1,3994.0,3991.1,3992.5,24510
1783415700,3992.5,3994.0,3990.0,3992.1,32138
1783416000,3992.1,3994.0,3990.0,3992.0,25282
1783416300,3991.9,3994.0,3990.8,3991.5,36210
1783416600,3991.7,3992.0,3988.3,3991.6,58083
1783416900,3991.5,3998.7,3989.5,3993.5,127707
1783417200,3993.6,3995.1,3989.0,3992.4,63430
1783417500,3992.4,3993.9,3989.6,3990.5,41042
1783417800,3990.5,3991.8,3987.1,3988.0,45324
1783418100,3988.0,3990.9,3986.0,3987.0,43558
1783482300,3950.0,3957.8,3926.0,3951.0,79619
1783482600,3949.6,3956.6,3949.6,3954.7,24650
1783482900,3954.0,3963.4,3954.0,3960.7,38725
1783483200,3961.9,3967.9,3960.0,3963.9,19407
1783483500,3963.9,3974.6,3963.9,3970.5,22147
1783483800,3970.4,3974.4,3969.0,3973.2,9721
1783484100,3973.4,3974.0,3970.2,3972.9,11224
1783484400,3972.0,3972.9,3968.5,3969.3,13342
1783484700,3969.1,3972.8,3965.7,3967.5,8888
1783485000,3966.3,3974.2,3966.3,3972.6,7956
1783485300,3971.5,3975.0,3970.6,3972.9,7484
1783485600,3972.4,3974.8,3968.0,3969.0,10145
1783485900,3968.0,3972.4,3966.3,3971.7,14401
1783486200,3971.0,3972.4,3967.0,3970.6,11185
1783486500,3969.1,3973.3,3969.0,3971.9,6586
1783486800,3972.1,3978.0,3971.7,3974.3,14001
1783487100,3974.1,3978.0,3974.1,3976.1,4820
1783487400,3976.1,3984.0,3975.0,3976.5,18845
1783487700,3977.5,3980.1,3975.0,3976.0,7106
1783488000,3977.0,3977.2,3971.0,3974.5,23494
1783488300,3974.0,3982.0,3973.0,3980.3,13395
1783488600,3981.0,3982.5,3979.3,3980.3,8002
1783488900,3980.0,3981.2,3978.0,3978.4,3634
1783489200,3978.9,3979.4,3978.0,3978.1,3199
1783489500,3978.0,3988.0,3978.0,3985.0,15936
1783489800,3985.0,3985.0,3980.1,3982.1,15364
1783490100,3980.4,3985.2,3980.4,3983.9,4879
1783490400,3984.0,3985.0,3977.5,3980.0,17322
1783490700,3979.2,3983.5,3978.3,3982.4,10037
1783491000,3982.4,3983.5,3979.0,3980.7,11127
1783491300,3980.7,3985.5,3980.1,3985.0,10937
1783491600,3983.5,3986.3,3970.0,3975.2,45790
1783491900,3975.1,3975.8,3967.0,3969.9,31753
1783492200,3969.4,3977.0,3968.2,3972.5,17514
1783492500,3972.4,3977.0,3972.4,3975.8,7020
1783492800,3975.8,3976.9,3972.0,3973.4,12333
1783493100,3973.4,3976.0,3971.0,3975.5,7652
1783493400,3975.2,3976.0,3970.3,3971.0,23282
1783493700,3970.7,3976.5,3970.3,3976.5,28861
1783494000,3979.0,3980.0,3967.0,3967.1,37804
1783494300,3967.1,3971.6,3966.4,3968.7,14378
1783494600,3968.7,3971.6,3965.0,3971.3,15113
1783494900,3971.6,3974.0,3969.1,3971.7,7820
1783495200,3971.7,3974.9,3970.9,3974.5,4588
1783495500,3973.7,3977.8,3969.8,3975.1,15448
1783495800,3975.0,3979.8,3975.0,3977.0,11134
1783496100,3977.0,3979.0,3970.9,3973.2,25718
1783496400,3973.0,3973.6,3968.3,3970.0,36029
1783496700,3969.2,3971.0,3966.0,3971.0,25288
1783497000,3970.8,3972.0,3970.0,3972.0,10536
1783497300,3972.0,3972.0,3966.1,3967.2,32195
1783497600,3967.2,3969.9,3967.0,3968.1,17238
1783497900,3968.1,3970.0,3968.0,3969.8,5957
1783498200,3969.4,3970.0,3959.5,3965.1,49216
1783498500,3964.3,3966.5,3939.9,3940.0,82098
1783498800,3940.5,3942.5,3930.2,3931.5,62415
1783499100,3931.3,3940.0,3925.5,3927.6,60600
1783499400,3928.3,3930.0,3913.4,3915.6,67950
1783499700,3915.1,3915.9,3892.0,3895.5,141214
1783500000,3895.2,3903.0,3890.0,3896.3,57050
1783500300,3896.2,3908.8,3887.8,3892.7,59273
1783500600,3892.6,3897.4,3881.0,3887.4,52756
1783500900,3887.0,3890.7,3881.3,3884.9,50893
1783501200,3885.0,3889.9,3875.0,3876.2,62479
1783501500,3876.3,3883.2,3871.0,3881.1,60627
1783501800,3881.1,3886.2,3877.0,3884.0,40075
1783502100,3884.0,3887.2,3878.1,3884.4,46369
1783502400,3884.5,3886.1,3875.6,3881.4,39297
1783502700,3881.7,3888.7,3879.0,3885.0,35302
1783503000,3884.4,3896.5,3884.4,3885.9,74758
1783503300,3887.4,3891.4,3883.0,3886.2,62747
1783503600,3886.2,3891.8,3881.0,3891.3,64083
1783503900,3891.4,3898.8,3889.4,3897.5,68164
1783504200,3897.0,3901.1,3897.0,3898.6,54163
1783504500,3898.6,3903.9,3895.5,3900.1,47058
1783568700,3916.0,3925.0,3901.0,3924.8,61680
1783569000,3924.8,3935.9,3922.0,3929.0,63683
1783569300,3928.7,3942.4,3927.0,3939.2,28881
1783569600,3939.2,3947.3,3937.0,3943.9,40622
1783569900,3943.0,3944.6,3941.2,3944.2,19968
1783570200,3944.2,3944.2,3935.6,3940.6,27910
1783570500,3940.3,3943.2,3936.2,3938.2,20263
1783570800,3938.2,3941.6,3936.3,3938.4,13803
1783571100,3939.1,3940.7,3932.8,3936.0,23492
1783571400,3936.0,3942.0,3930.8,3933.1,42954
1783571700,3933.1,3933.8,3929.0,3930.7,21765
1783572000,3930.5,3930.6,3927.1,3929.8,15017
1783572300,3929.7,3932.0,3927.4,3927.7,15514
1783572600,3928.0,3931.0,3925.0,3928.2,24431
1783572900,3928.2,3928.7,3922.5,3926.1,15275
1783573200,3926.0,3927.9,3923.2,3927.9,14829
1783573500,3927.6,3930.0,3920.0,3930.0,25562
1783573800,3928.9,3939.0,3925.7,3929.8,149596
1783574100,3929.8,3935.0,3920.6,3921.0,122422
1783574400,3922.0,3926.9,3920.3,3924.9,20550
1783574700,3924.6,3928.8,3918.1,3926.9,24011
1783575000,3926.7,3930.0,3925.0,3930.0,58828
1783575300,3929.9,3933.9,3926.1,3927.9,83044
1783575600,3926.8,3928.5,3921.0,3922.5,22343
1783575900,3922.5,3924.4,3920.1,3923.7,8511
1783576200,3923.8,3927.6,3920.8,3927.6,9190
1783576500,3927.6,3934.0,3924.1,3933.0,20871
1783576800,3933.2,3934.0,3925.0,3925.8,1496477
1783577100,3926.0,3931.0,3925.0,3928.4,23920
1783577400,3928.4,3941.5,3927.1,3938.2,242607
1783577700,3938.1,3939.7,3925.0,3925.8,69773
1783578000,3925.8,3933.7,3925.4,3933.0,10045
1783578300,3933.5,3933.5,3925.0,3925.1,223445
1783578600,3925.0,3938.0,3925.0,3933.2,25453
1783578900,3933.8,3934.0,3928.3,3930.9,15339
1783579200,3931.0,3932.7,3925.0,3925.3,11374
1783579500,3925.4,3928.8,3925.1,3926.5,17465
1783579800,3926.5,3930.5,3923.0,3925.0,72987
1783580100,3925.0,3925.0,3918.0,3920.0,26227
1783580400,3920.0,3923.6,3915.0,3915.0,22727
1783580700,3915.6,3918.0,3908.3,3909.9,33113
1783581000,3909.9,3910.1,3907.0,3908.9,27101
1783581300,3908.5,3915.0,3908.3,3913.5,26855
1783581600,3913.5,3917.5,3910.1,3916.6,23923
1783581900,3915.7,3921.8,3912.5,3914.5,32914
1783582200,3914.5,3915.9,3911.0,3915.2,18169
1783582500,3915.2,3917.9,3908.7,3912.8,33561
1783582800,3912.9,3916.2,3911.5,3915.3,24471
1783583100,3915.3,3921.2,3913.0,3914.4,29208
1783583400,3914.9,3914.9,3905.5,3909.0,31904
1783583700,3909.5,3910.2,3905.4,3906.4,35746
1783584000,3906.4,3910.0,3906.4,3908.4,16597
1783584300,3908.0,3912.7,3904.1,3909.4,80257
1783584600,3910.0,3910.2,3906.4,3908.8,26141
1783584900,3908.9,3910.8,3904.4,3907.3,22418
1783585200,3907.2,3907.4,3903.0,3903.4,27436
1783585500,3903.5,3903.6,3901.0,3902.3,62911
1783585800,3902.3,3903.1,3898.0,3902.6,50623
1783586100,3902.6,3906.3,3901.0,3904.3,28950
1783586400,3904.3,3909.7,3903.0,3906.8,82106
1783586700,3906.5,3910.0,3903.2,3906.8,50211
1783587000,3906.8,3912.0,3905.7,3911.1,32162
1783587300,3911.1,3912.0,3905.0,3907.8,28654
1783587600,3907.8,3908.8,3902.2,3903.2,89536
1783587900,3903.3,3904.0,3901.5,3903.3,35236
1783588200,3903.3,3903.3,3895.7,3896.9,49891
1783588500,3896.8,3899.6,3895.0,3897.6,27144
1783588800,3897.6,3899.6,3895.6,3896.3,18864
1783589100,3896.9,3898.0,3892.7,3894.2,30479
1783589400,3893.0,3893.0,3887.1,3889.7,72589
1783589700,3889.8,3894.5,3882.0,3885.7,82969
1783590000,3885.4,3890.0,3881.7,3887.0,60963
1783590300,3886.6,3889.8,3883.0,3887.0,91120
1783590600,3886.9,3892.5,3881.4,3889.5,178524
1783590900,3889.5,3893.9,3867.8,3883.0,289153
1783655100,3905.0,3923.5,3905.0,3915.4,58254
1783655400,3915.6,3923.0,3913.6,3921.4,23663
1783655700,3921.4,3926.2,3919.4,3923.8,23463
1783656000,3923.8,3930.0,3923.0,3927.8,16116
1783656300,3928.5,3933.9,3925.2,3930.1,20746
1783656600,3930.1,3931.1,3925.0,3926.9,9021
1783656900,3927.9,3928.6,3925.5,3927.0,8077
1783657200,3927.0,3927.0,3924.0,3927.0,12224
1783657500,3927.0,3942.0,3927.0,3939.7,33508
1783657800,3941.0,3944.9,3938.3,3938.4,21049
1783658100,3937.2,3939.0,3932.0,3932.2,13502
1783658400,3934.1,3940.0,3933.3,3933.4,11988
1783658700,3933.8,3933.8,3928.0,3929.1,14394
1783659000,3929.1,3932.0,3928.5,3929.6,11167
1783659300,3929.7,3939.0,3929.6,3936.6,14967
1783659600,3936.5,3938.0,3931.5,3931.8,9197
1783659900,3931.5,3933.2,3930.1,3931.4,7244
1783660200,3931.4,3934.0,3930.7,3933.7,7468
1783660500,3934.0,3934.0,3930.0,3930.7,6927
1783660800,3931.0,3931.0,3928.7,3929.7,9150
1783661100,3929.4,3931.0,3928.1,3930.0,7661
1783661400,3930.0,3931.9,3927.9,3929.2,12506
1783661700,3928.1,3929.0,3921.9,3922.5,14407
1783662000,3922.6,3926.8,3921.0,3926.1,9180
1783662300,3926.1,3929.4,3925.7,3927.5,8126
1783662600,3928.0,3930.0,3927.9,3929.2,6458
1783662900,3928.8,3929.5,3926.5,3927.0,5418
1783663200,3926.9,3929.0,3922.5,3923.4,10988
1783663500,3923.4,3923.4,3920.0,3920.0,12540
1783663800,3920.1,3924.0,3920.0,3920.3,9198
1783664100,3921.0,3924.1,3920.9,3923.4,9230
1783664400,3924.1,3924.1,3920.1,3920.7,7492
1783664700,3920.6,3926.2,3920.2,3924.3,12026
1783665000,3924.4,3927.5,3924.4,3925.3,4376
1783665300,3925.3,3929.0,3923.0,3929.0,10934
1783665600,3929.0,3929.5,3925.3,3927.0,5612
1783665900,3927.0,3927.0,3925.0,3926.6,4159
1783666200,3926.6,3929.9,3925.7,3929.9,6899
1783666500,3929.9,3934.8,3929.9,3933.3,8750
1783666800,3933.0,3936.0,3933.0,3933.1,6818
1783667100,3932.8,3937.5,3932.8,3934.9,11929
1783667400,3934.9,3937.6,3934.0,3936.7,8916
1783667700,3936.7,3937.6,3934.8,3934.8,4621
1783668000,3935.5,3936.0,3934.0,3934.0,4929
1783668300,3934.1,3938.0,3931.6,3938.0,11377
1783668600,3938.0,3940.0,3937.5,3939.8,16323
1783668900,3940.0,3942.0,3938.7,3940.3,15696
1783669200,3940.0,3942.9,3937.5,3941.1,14945
1783669500,3941.1,3942.9,3934.0,3934.1,14177
1783669800,3934.1,3938.0,3932.6,3933.7,19742
1783670100,3933.9,3940.0,3933.2,3938.1,20654
1783670400,3938.4,3944.0,3937.0,3942.1,25704
1783670700,3942.9,3942.9,3938.0,3942.0,9703
1783671000,3942.1,3943.2,3941.0,3942.0,12544
1783671300,3942.2,3943.2,3937.0,3939.0,35008
1783671600,3939.0,3940.0,3936.2,3937.5,30949
1783671900,3937.5,3940.0,3937.0,3940.0,44380
1783672200,3940.0,3940.0,3939.5,3940.0,14406
1783672500,3940.0,3940.0,3933.3,3934.1,16531
1783672800,3934.1,3936.0,3931.0,3935.0,12609
1783673100,3935.0,3935.0,3932.3,3932.3,11099
1783673400,3932.3,3935.0,3932.3,3934.2,14595
1783673700,3934.0,3935.9,3931.1,3935.4,19032
1783674000,3935.4,3935.4,3931.1,3931.1,13610
1783674300,3932.6,3935.7,3931.1,3935.7,20491
1783674600,3935.3,3939.7,3934.0,3939.3,22074
1783674900,3939.3,3953.8,3936.9,3952.1,81728
1783675200,3952.1,3952.1,3945.0,3946.3,21103
1783675500,3946.2,3946.2,3939.0,3941.9,20087
1783675800,3941.9,3948.3,3938.9,3941.5,36799
1783676100,3941.5,3947.2,3940.0,3946.1,41009
1783676400,3945.3,3948.0,3944.2,3948.0,31708
1783676700,3948.5,3948.5,3942.4,3945.8,31771
1783677000,3946.0,3950.0,3944.3,3949.1,34594
1783677300,3949.3,3950.0,3946.1,3948.1,30677
1783914300,3895.0,3902.1,3875.6,3895.7,67549
1783914600,3894.9,3902.0,3891.8,3895.2,69416
1783914900,3893.4,3898.0,3890.1,3892.1,25460
1783915200,3892.4,3895.5,3890.0,3890.1,21542
1783915500,3891.0,3909.5,3890.0,3908.0,77252
1783915800,3908.9,3913.0,3904.7,3908.2,44428
1783916100,3909.0,3913.9,3906.1,3913.5,25983
1783916400,3913.6,3921.4,3908.2,3921.3,35122
1783916700,3919.9,3923.2,3913.7,3919.5,33701
1783917000,3919.4,3921.3,3916.4,3919.0,18225
1783917300,3919.0,3920.9,3912.1,3919.1,26316
1783917600,3919.1,3924.6,3915.6,3924.0,30685
1783917900,3924.0,3929.0,3922.1,3925.0,15265
1783918200,3925.0,3927.0,3918.1,3925.0,18345
1783918500,3925.5,3933.7,3923.7,3932.0,18243
1783918800,3932.5,3932.5,3923.0,3925.1,19110
1783919100,3925.1,3925.5,3921.6,3922.9,6554
1783919400,3923.0,3924.0,3920.1,3922.7,6213
1783919700,3922.9,3924.0,3920.0,3920.2,4934
1783920000,3920.0,3925.9,3920.0,3922.0,12592
1783920300,3921.9,3929.8,3921.9,3927.8,33117
1783920600,3926.7,3928.3,3922.4,3927.7,8642
1783920900,3928.0,3933.0,3926.3,3931.9,8841
1783921200,3931.0,3932.8,3928.4,3930.7,8887
1783921500,3929.9,3937.7,3925.4,3925.4,31619
1783921800,3925.4,3930.6,3925.3,3927.4,9671
1783922100,3928.0,3934.2,3921.6,3922.0,34389
1783922400,3922.0,3923.4,3917.1,3919.7,30492
1783922700,3919.7,3923.2,3919.0,3920.5,14162
1783923000,3920.2,3921.9,3919.9,3921.1,9718
1783923300,3921.1,3923.4,3919.0,3922.1,28539
1783923600,3922.1,3928.0,3922.0,3926.5,6918
1783923900,3926.5,3930.5,3924.6,3926.5,7353
1783924200,3926.2,3926.5,3924.0,3925.7,9415
1783924500,3925.0,3926.5,3925.0,3925.2,2903
1783924800,3925.0,3928.4,3923.3,3925.5,20815
1783925100,3925.1,3929.3,3925.0,3926.2,12111
1783925400,3926.1,3929.1,3920.6,3922.0,22301
1783925700,3922.0,3923.6,3920.5,3921.8,5434
1783926000,3921.8,3926.0,3920.0,3925.2,16769
1783926300,3925.2,3925.2,3920.0,3922.0,25361
1783926600,3922.0,3929.6,3920.0,3927.3,62103
1783926900,3927.3,3934.3,3926.2,3930.1,11356
1783927200,3930.9,3939.0,3928.9,3932.0,22023
1783927500,3932.9,3933.5,3929.6,3932.4,12662
1783927800,3932.0,3932.4,3925.1,3928.4,33676
1783928100,3928.0,3930.0,3926.9,3929.8,8311
1783928400,3929.6,3930.8,3926.1,3930.2,16982
1783928700,3930.1,3932.0,3929.0,3930.9,15559
1783929000,3931.0,3933.4,3930.0,3931.4,18868
1783929300,3932.0,3933.1,3926.8,3930.4,15645
1783929600,3930.4,3935.8,3930.0,3931.4,15066
1783929900,3931.3,3935.8,3930.1,3933.7,20845
1783930200,3934.0,3934.8,3930.0,3931.1,11172
1783930500,3930.6,3933.0,3929.3,3930.2,22285
1783930800,3930.0,3930.2,3921.0,3924.7,27609
1783931100,3925.2,3927.0,3923.3,3927.0,10139
1783931400,3926.7,3928.0,3925.0,3926.4,10196
1783931700,3926.0,3927.3,3922.0,3924.1,7908
1783932000,3924.5,3929.0,3923.8,3929.0,10803
1783932300,3928.5,3931.0,3927.0,3930.5,27706
1783932600,3930.2,3933.0,3930.0,3930.9,19219
1783932900,3931.4,3933.5,3930.0,3930.7,12575
1783933200,3930.6,3936.8,3930.0,3936.0,22255
1783933500,3936.0,3936.0,3926.9,3929.0,23271
1783933800,3929.0,3931.5,3927.1,3928.6,10389
1783934100,3928.6,3932.0,3928.5,3930.1,14044
1783934400,3930.1,3932.0,3930.0,3931.9,12980
1783934700,3931.9,3932.5,3930.0,3931.2,14463
1783935000,3930.0,3936.5,3928.6,3934.8,66751
1783935300,3934.2,3934.2,3929.2,3930.1,50381
1783935600,3930.0,3930.3,3928.0,3928.4,39001
1783935900,3928.7,3929.4,3924.8,3925.1,31992
1783936200,3925.1,3926.3,3925.0,3926.1,35437
1783936500,3926.1,3929.0,3924.0,3928.9,78005
1784000700,3892.0,3897.9,3856.5,3871.1,117115
1784001000,3871.2,3884.9,3868.7,3881.5,63750
1784001300,3881.6,3886.5,3878.0,3880.7,44548
1784001600,3881.5,3883.9,3876.7,3882.0,36143
1784001900,3882.3,3883.4,3875.0,3875.6,37883
1784002200,3875.6,3877.0,3872.0,3874.8,40658
1784002500,3876.4,3876.5,3868.2,3871.1,44801
1784002800,3871.1,3871.6,3868.1,3869.7,16956
1784003100,3869.6,3877.1,3869.2,3876.0,40407
1784003400,3876.1,3877.0,3873.0,3875.6,38856
1784003700,3875.7,3876.0,3871.0,3874.1,20711
1784004000,3874.2,3875.7,3872.1,3873.8,17475
1784004300,3873.8,3874.5,3867.0,3869.7,21009
1784004600,3869.8,3870.8,3867.0,3867.7,21766
1784004900,3867.3,3869.5,3867.0,3869.0,11659
1784005200,3869.0,3870.9,3868.1,3869.2,39077
1784005500,3869.2,3869.2,3862.2,3866.4,29920
1784005800,3866.0,3867.3,3861.5,3866.8,18764
1784006100,3866.8,3869.8,3866.0,3869.8,12592
1784006400,3869.6,3870.9,3866.0,3867.7,18663
1784006700,3867.9,3871.4,3867.6,3869.9,48905
1784007000,3869.9,3870.0,3865.1,3868.0,51610
1784007300,3868.6,3870.0,3867.6,3869.6,16462
1784007600,3869.1,3870.4,3868.0,3869.0,23067
1784007900,3869.0,3870.0,3863.5,3867.1,22533
1784008200,3867.1,3869.1,3865.0,3868.7,13033
1784008500,3868.9,3869.9,3865.0,3867.6,9752
1784008800,3866.9,3867.9,3865.0,3866.0,8320
1784009100,3866.0,3867.1,3858.0,3863.8,37790
1784009400,3865.0,3866.1,3860.2,3861.9,21340
1784009700,3862.0,3863.0,3858.9,3860.3,18941
1784010000,3860.3,3862.0,3859.6,3860.0,16977
1784010300,3860.5,3862.0,3858.2,3860.9,42293
1784010600,3860.8,3862.0,3858.8,3858.8,17365
1784010900,3859.9,3860.5,3856.0,3860.0,42863
1784011200,3860.0,3860.0,3856.4,3858.0,26105
1784011500,3858.0,3859.9,3856.0,3859.7,14251
1784011800,3859.9,3859.9,3855.1,3858.2,32744
1784012100,3859.0,3859.9,3855.6,3858.8,10459
1784012400,3857.6,3860.0,3857.2,3860.0,13634
1784012700,3860.0,3860.0,3855.5,3857.4,26097
1784013000,3857.8,3859.9,3855.6,3859.4,12292
1784013300,3859.6,3860.0,3857.4,3858.0,13518
1784013600,3858.0,3859.2,3856.0,3857.7,6004
1784013900,3857.7,3859.6,3855.6,3857.3,10342
1784014200,3857.4,3860.0,3856.0,3860.0,30260
1784014500,3858.8,3858.8,3853.7,3854.7,28583
1784014800,3855.0,3856.4,3853.0,3855.0,38022
1784015100,3855.0,3856.1,3849.0,3850.0,80426
1784015400,3850.0,3851.0,3845.6,3848.6,78760
1784015700,3848.6,3850.0,3847.5,3850.0,39886
1784016000,3850.0,3850.0,3844.7,3847.4,29605
1784016300,3847.6,3849.4,3846.0,3847.3,47923
1784016600,3847.4,3849.2,3846.1,3848.5,19301
1784016900,3848.5,3850.0,3847.7,3850.0,18811
1784017200,3850.0,3850.0,3848.5,3849.8,24703
1784017500,3849.9,3850.0,3847.5,3849.4,22609
1784017800,3849.4,3849.6,3848.0,3848.9,8769
1784018100,3849.0,3849.8,3847.5,3849.3,16957
1784018400,3849.3,3850.0,3849.0,3849.7,18490
1784018700,3849.6,3850.0,3849.0,3850.0,16819
1784019000,3850.0,3850.0,3849.0,3849.1,14517
1784019300,3849.1,3850.0,3845.5,3848.5,24735
1784019600,3848.6,3850.0,3846.8,3848.7,13049
1784019900,3848.6,3850.0,3847.3,3849.3,24032
1784020200,3849.2,3850.0,3848.1,3849.9,29090
1784020500,3849.9,3850.0,3848.0,3849.6,32306
1784020800,3849.5,3850.0,3848.0,3848.9,20612
1784021100,3848.7,3849.9,3845.0,3849.7,40767
1784021400,3849.2,3850.0,3847.6,3849.7,94919
1784021700,3849.9,3850.0,3846.2,3848.6,92619
1784022000,3848.0,3849.8,3846.1,3849.3,53423
1784022300,3849.3,3850.0,3849.0,3849.9,82841
1784022600,3849.9,3850.0,3846.0,3846.9,51482
1784022900,3845.9,3848.0,3843.0,3845.7,54170
1784087100,3868.0,3868.0,3842.0,3850.5,71581
1784087400,3851.5,3858.0,3850.5,3857.8,31278
1784087700,3857.8,3859.2,3850.6,3851.4,30805
1784088000,3852.0,3854.5,3851.1,3853.2,18628
1784088300,3852.9,3854.5,3847.1,3849.8,26794
1784088600,3849.0,3850.4,3848.5,3850.0,19183
1784088900,3850.0,3850.0,3848.2,3850.0,12683
1784089200,3849.6,3850.4,3849.0,3850.0,13827
1784089500,3850.4,3851.2,3848.5,3849.5,29346
1784089800,3848.5,3849.3,3840.1,3841.7,25905
1784090100,3841.2,3841.6,3836.2,3837.8,24354
1784090400,3837.8,3838.0,3836.0,3837.8,18088
1784090700,3837.8,3839.8,3837.1,3838.3,11182
1784091000,3838.4,3838.6,3837.4,3837.8,12340
1784091300,3837.8,3838.3,3833.3,3834.5,22934
1784091600,3834.5,3836.0,3833.2,3833.8,16064
1784091900,3833.8,3834.3,3831.0,3831.5,17382
1784092200,3831.1,3832.6,3831.0,3831.7,14946
1784092500,3831.8,3834.6,3831.0,3833.5,16375
1784092800,3834.6,3840.0,3833.2,3838.8,25099
1784093100,3839.3,3840.3,3838.0,3838.0,11653
1784093400,3838.0,3839.0,3837.2,3838.5,13001
1784093700,3838.8,3838.8,3836.2,3838.6,17077
1784094000,3838.2,3839.0,3835.4,3837.2,15363
1784094300,3836.5,3841.0,3836.2,3839.8,15828
1784094600,3839.0,3839.7,3833.0,3833.2,34851
1784094900,3834.0,3835.5,3833.1,3835.0,14282
1784095200,3833.6,3838.4,3830.4,3835.0,87316
1784095500,3833.7,3835.8,3832.2,3833.1,16412
1784095800,3833.7,3836.4,3832.9,3835.9,25758
1784096100,3834.5,3836.6,3833.4,3834.4,27539
1784096400,3834.4,3835.0,3829.0,3829.0,28255
1784096700,3829.0,3832.5,3828.0,3829.7,52842
1784097000,3829.7,3830.7,3827.7,3828.2,25182
1784097300,3828.6,3830.1,3827.0,3828.2,28635
1784097600,3828.0,3828.3,3822.0,3823.7,31538
1784097900,3823.7,3824.6,3822.0,3822.4,16909
1784098200,3822.0,3822.8,3818.0,3820.0,26885
1784098500,3820.0,3820.9,3817.4,3818.4,29822
1784098800,3818.0,3820.0,3817.0,3819.5,35588
1784099100,3819.6,3819.6,3817.2,3818.1,14863
1784099400,3818.2,3821.7,3817.9,3819.9,29023
1784099700,3820.0,3823.2,3819.5,3820.0,70749
1784100000,3820.4,3820.7,3816.6,3817.8,44697
1784100300,3817.9,3818.1,3802.1,3811.0,68529
1784100600,3810.6,3812.5,3805.4,3810.3,38711
1784100900,3811.0,3814.3,3809.5,3812.5,37448
1784101200,3812.7,3813.3,3811.4,3811.4,20382
1784101500,3812.1,3819.0,3811.0,3816.6,44170
1784101800,3816.5,3816.6,3812.1,3815.4,17971
1784102100,3814.2,3815.0,3812.2,3813.6,16281
1784102400,3813.4,3815.4,3809.0,3809.6,29319
1784102700,3809.5,3810.9,3806.0,3807.3,49657
1784103000,3807.3,3807.4,3804.0,3805.0,40187
1784103300,3805.0,3806.2,3803.2,3804.0,55435
1784103600,3803.8,3804.1,3799.0,3803.5,67319
1784103900,3803.6,3803.8,3799.0,3802.2,83865
1784104200,3802.2,3804.6,3801.2,3803.1,26713
1784104500,3803.1,3807.9,3802.4,3805.3,40161
1784104800,3805.3,3807.4,3799.4,3799.9,86294
1784105100,3800.0,3802.1,3795.1,3796.6,125798
1784105400,3796.3,3798.0,3792.1,3793.0,83354
1784105700,3792.1,3794.9,3789.2,3794.6,108791
1784106000,3794.6,3797.0,3792.0,3794.0,128611
1784106300,3795.0,3800.0,3792.7,3799.5,116514
1784106600,3799.7,3801.0,3797.0,3800.4,153679
1784106900,3799.4,3801.1,3791.0,3792.4,160383
1784107200,3792.2,3795.0,3789.9,3792.5,80605
1784107500,3792.0,3793.2,3785.3,3785.9,100577
1784107800,3785.8,3791.4,3781.5,3784.0,153573
1784108100,3783.9,3784.9,3782.0,3782.9,95029
1784108400,3782.8,3783.1,3778.6,3779.8,126307
1784108700,3779.8,3788.5,3779.5,3785.6,110842
1784109000,3785.6,3787.1,3783.4,3787.0,80312
1784109300,3787.0,3793.0,3784.4,3793.0,76743
1784173500,3795.0,3802.0,3787.3,3788.3,106346
1784173800,3788.4,3792.6,3780.0,3780.6,63032
1784174100,3780.6,3785.0,3772.1,3774.5,57845
1784174400,3775.0,3777.9,3771.8,3772.5,39394
1784174700,3772.5,3778.0,3772.0,3775.1,30665
1784175000,3775.0,3780.0,3773.1,3778.0,34429
1784175300,3779.3,3780.0,3773.0,3775.2,38165
1784175600,3775.2,3778.9,3767.0,3772.1,82674
1784175900,3772.3,3772.4,3765.0,3768.1,57132
1784176200,3768.0,3772.9,3765.5,3769.9,57684
1784176500,3770.1,3773.9,3767.4,3773.1,52982
1784176800,3772.6,3778.5,3769.0,3771.0,37702
1784177100,3771.3,3771.8,3765.0,3765.6,46731
1784177400,3765.5,3775.4,3765.1,3775.0,49289
1784177700,3774.1,3775.0,3765.0,3765.4,41081
1784178000,3765.3,3768.2,3765.3,3766.9,26589
1784178300,3767.0,3768.1,3762.3,3765.7,41599
1784178600,3765.7,3772.3,3765.0,3769.1,33545
1784178900,3769.3,3792.3,3769.1,3787.2,117162
1784179200,3787.2,3790.0,3783.7,3787.1,47124
1784179500,3787.6,3789.6,3778.3,3780.0,47020
1784179800,3780.4,3783.4,3777.0,3777.0,37991
1784180100,3777.0,3777.5,3772.3,3775.7,25863
1784180400,3776.2,3780.0,3775.0,3775.0,29523
1784180700,3775.2,3777.8,3772.3,3772.3,23545
1784181000,3772.3,3780.0,3772.3,3775.1,37342
1784181300,3774.5,3777.0,3774.5,3776.6,28114
1784181600,3776.7,3780.0,3775.5,3778.7,112374
1784181900,3778.1,3784.0,3778.0,3783.3,22900
1784182200,3783.6,3787.6,3780.0,3782.0,29381
1784182500,3782.2,3787.4,3781.7,3785.3,16778
1784182800,3786.1,3787.8,3778.2,3779.7,24578
1784183100,3779.8,3781.0,3776.0,3776.2,15154
1784183400,3776.2,3777.9,3773.3,3774.6,20872
1784183700,3774.6,3776.1,3770.8,3773.8,29406
1784184000,3773.8,3776.4,3772.6,3773.5,19767
1784184300,3773.5,3777.0,3770.7,3774.4,16963
1784184600,3773.6,3776.6,3773.1,3775.0,14771
1784184900,3775.3,3782.2,3774.1,3779.8,129348
1784185200,3779.8,3783.8,3776.0,3777.8,17895
1784185500,3777.9,3783.0,3776.6,3780.0,24809
1784185800,3779.3,3780.0,3772.4,3773.0,21661
1784186100,3773.0,3774.9,3773.0,3773.3,12280
1784186400,3773.9,3776.0,3772.5,3773.1,14919
1784186700,3773.1,3774.8,3773.0,3773.0,14882
1784187000,3773.0,3783.0,3771.4,3780.9,60981
1784187300,3781.2,3782.0,3776.0,3776.5,26447
1784187600,3777.8,3780.8,3774.0,3775.4,15576
1784187900,3776.3,3777.9,3774.0,3777.8,13395
1784188200,3777.9,3779.1,3775.0,3777.0,16674
1784188500,3777.1,3779.6,3775.5,3777.0,24529
1784188800,3777.0,3778.7,3773.0,3774.3,35539
1784189100,3774.8,3774.8,3772.6,3773.0,25731
1784189400,3773.0,3773.6,3772.3,3772.5,32844
1784189700,3772.5,3775.4,3772.5,3773.3,48341
1784190000,3773.7,3776.0,3773.0,3774.0,16728
1784190300,3773.9,3777.0,3773.0,3775.2,25738
1784190600,3775.2,3778.8,3772.5,3773.0,41870
1784190900,3773.0,3775.2,3772.5,3773.5,22916
1784191200,3773.5,3778.4,3772.7,3775.6,15020
1784191500,3775.9,3779.9,3774.1,3778.0,16987
1784191800,3778.0,3779.2,3774.7,3775.0,50775
1784192100,3775.0,3776.7,3774.0,3774.2,22144
1784192400,3774.5,3778.1,3773.0,3775.6,22582
1784192700,3775.7,3780.0,3774.5,3780.0,28163
1784193000,3779.1,3782.0,3777.0,3778.0,72940
1784193300,3778.2,3779.2,3775.0,3776.5,35144
1784193600,3776.6,3778.8,3775.0,3776.5,23051
1784193900,3776.5,3783.0,3775.5,3779.4,33711
1784194200,3779.3,3780.0,3773.0,3773.5,60867
1784194500,3773.4,3778.7,3773.0,3776.5,92326
1784194800,3775.4,3777.0,3773.0,3775.5,42949
1784195100,3775.7,3776.7,3773.5,3773.8,41990
1784195400,3774.0,3775.2,3773.8,3774.0,45966
1784195700,3773.9,3779.8,3771.0,3778.8,67349
1784259900,3788.9,3789.6,3767.7,3778.6,50854
1784260200,3778.2,3783.8,3773.0,3778.0,37763
1784260500,3778.6,3785.2,3778.0,3779.9,30237
1784260800,3780.0,3783.5,3776.0,3776.0,26848
1784261100,3775.9,3781.5,3775.7,3778.0,19915
1784261400,3778.2,3782.0,3777.2,3780.5,19774
1784261700,3780.5,3784.0,3776.7,3779.2,35277
1784262000,3779.2,3780.0,3776.1,3778.0,14832
1784262300,3776.4,3783.3,3775.5,3782.1,17033
1784262600,3781.7,3783.5,3772.4,3774.5,25861
1784262900,3774.5,3778.9,3773.0,3777.5,12243
1784263200,3777.5,3780.3,3775.8,3779.7,22738
1784263500,3779.7,3789.6,3779.3,3789.3,26665
1784263800,3790.0,3793.8,3781.8,3782.3,32861
1784264100,3782.5,3785.9,3781.9,3783.6,18274
1784264400,3784.3,3785.9,3782.8,3783.9,17413
1784264700,3783.9,3787.2,3781.1,3786.6,14480
1784265000,3786.3,3799.3,3785.9,3789.6,81524
1784265300,3790.9,3791.5,3783.6,3783.7,39581
1784265600,3783.7,3787.7,3782.3,3783.8,20643
1784265900,3784.0,3787.9,3781.0,3783.5,17638
1784266200,3783.5,3786.0,3781.0,3785.2,15213
1784266500,3786.0,3787.0,3783.0,3783.9,10127
1784266800,3783.9,3785.4,3782.0,3782.5,11303
1784267100,3783.7,3785.0,3782.0,3783.8,11073
1784267400,3783.8,3790.9,3782.3,3790.3,67191
1784267700,3790.0,3800.0,3790.0,3795.7,33144
1784268000,3796.4,3799.6,3795.0,3798.0,17285
1784268300,3797.7,3800.9,3795.0,3800.5,13369
1784268600,3800.8,3811.5,3798.9,3808.2,35324
1784268900,3809.6,3812.5,3808.2,3809.8,23749
1784269200,3809.9,3816.7,3809.5,3816.2,27779
1784269500,3816.8,3823.9,3815.0,3821.7,50122
1784269800,3820.6,3821.7,3815.1,3817.9,29052
1784270100,3817.9,3820.0,3814.6,3819.6,15069
1784270400,3819.8,3826.8,3818.5,3826.1,57047
1784270700,3826.1,3828.9,3814.7,3819.4,45511
1784271000,3819.1,3822.4,3810.1,3813.4,38247
1784271300,3813.9,3813.9,3806.8,3809.1,18987
1784271600,3809.4,3809.4,3803.6,3808.3,26659
1784271900,3808.5,3810.9,3806.5,3807.2,10172
1784272200,3807.0,3808.7,3799.5,3799.8,20477
1784272500,3799.3,3805.0,3798.0,3804.9,32710
1784272800,3805.0,3805.0,3799.1,3804.3,16299
1784273100,3804.8,3808.8,3802.0,3802.0,12966
1784273400,3802.0,3805.6,3801.6,3804.5,25144
1784273700,3804.6,3807.0,3800.8,3803.0,12726
1784274000,3803.3,3805.0,3802.0,3803.9,9761
1784274300,3803.8,3804.0,3798.0,3803.2,20400
1784274600,3803.8,3804.8,3796.5,3797.5,15868
1784274900,3797.3,3799.0,3792.0,3792.0,19844
1784275200,3792.0,3794.3,3791.0,3794.1,11691
1784275500,3794.1,3799.6,3793.6,3799.6,16204
1784275800,3798.7,3800.0,3793.8,3798.0,16443
1784276100,3798.0,3799.5,3793.6,3795.6,14151
1784276400,3795.1,3799.5,3794.5,3797.5,23920
1784276700,3797.3,3799.9,3795.5,3798.9,31522
1784277000,3798.9,3800.0,3796.0,3796.8,14775
1784277300,3796.8,3799.4,3795.0,3799.4,8986
1784277600,3799.2,3803.6,3799.0,3800.2,29395
1784277900,3800.3,3812.6,3799.2,3804.1,57987
1784278200,3804.2,3809.4,3804.2,3807.0,22015
1784278500,3806.0,3808.5,3804.1,3804.5,10657
1784278800,3804.1,3807.2,3800.5,3804.0,13987
1784279100,3804.5,3804.9,3802.0,3804.1,8674
1784279400,3804.9,3807.0,3803.6,3807.0,17134
1784279700,3806.7,3806.7,3802.6,3804.5,22416
1784280000,3804.7,3809.1,3804.3,3808.9,16418
1784280300,3809.0,3812.5,3808.5,3810.0,29677
1784280600,3810.7,3815.2,3808.8,3814.9,40644
1784280900,3815.0,3815.0,3812.5,3814.9,46773
1784281200,3814.8,3816.8,3812.4,3812.7,43727
1784281500,3812.8,3814.7,3812.4,3813.9,40791
1784281800,3814.0,3817.5,3813.9,3817.0,45475
1784282100,3817.5,3819.0,3815.0,3817.8,29803
1784519100,3815.0,3832.7,3811.5,3813.3,65329
1784519400,3813.3,3818.0,3810.5,3815.9,20554
1784519700,3816.6,3822.0,3814.1,3821.8,17017
1784520000,3822.0,3824.0,3817.8,3824.0,14478
1784520300,3823.7,3824.0,3817.0,3819.3,16108
1784520600,3819.0,3821.0,3816.0,3818.0,12071
1784520900,3818.1,3822.0,3815.1,3816.8,12946
1784521200,3815.9,3818.8,3813.9,3815.6,5000
1784521500,3815.4,3817.5,3813.6,3816.3,4107
1784521800,3816.1,3818.9,3814.4,3817.0,5253
1784522100,3817.1,3822.5,3815.4,3822.0,9048
1784522400,3820.4,3830.0,3820.4,3827.1,22460
1784522700,3827.3,3831.9,3826.0,3831.0,10641
1784523000,3831.0,3831.0,3826.0,3826.3,7916
1784523300,3826.4,3829.5,3826.0,3829.0,7439
1784523600,3829.0,3829.0,3827.2,3827.7,7200
1784523900,3827.6,3827.6,3820.0,3823.6,14478
1784524200,3823.6,3826.0,3821.0,3822.6,16226
1784524500,3822.1,3824.1,3822.0,3823.5,7039
1784524800,3823.0,3823.0,3814.1,3814.2,18701
1784525100,3812.8,3819.3,3812.0,3819.3,26396
1784525400,3818.5,3822.9,3818.5,3822.1,10060
1784525700,3822.2,3823.5,3817.1,3823.0,15317
1784526000,3823.0,3827.0,3823.0,3824.1,11647
1784526300,3824.3,3825.0,3822.0,3824.7,14894
1784526600,3824.9,3824.9,3820.8,3822.6,44553
1784526900,3822.6,3827.0,3822.6,3824.7,21002
1784527200,3824.7,3825.1,3820.2,3820.5,20387
1784527500,3820.5,3823.0,3816.1,3822.6,48229
1784527800,3822.5,3823.3,3820.6,3823.0,7260
1784528100,3823.0,3824.6,3820.8,3821.9,7473
1784528400,3821.9,3822.0,3815.0,3815.0,15354
1784528700,3815.0,3815.9,3813.6,3814.7,13679
1784529000,3814.7,3815.5,3812.4,3814.2,14485
1784529300,3813.6,3814.9,3812.4,3812.6,11779
1784529600,3813.0,3819.9,3812.6,3816.0,14570
1784529900,3815.5,3818.0,3815.1,3817.8,7617
1784530200,3817.2,3819.4,3816.1,3816.1,9560
1784530500,3816.2,3816.2,3810.0,3810.3,12512
1784530800,3810.1,3813.7,3810.1,3810.4,8234
1784531100,3810.4,3812.3,3810.0,3811.6,7876
1784531400,3812.1,3813.8,3810.0,3810.2,14165
1784531700,3810.2,3812.5,3807.0,3810.2,12795
1784532000,3810.2,3818.5,3810.2,3818.0,24856
1784532300,3818.0,3825.0,3818.0,3824.8,16894
1784532600,3824.8,3831.0,3823.3,3830.1,26297
1784532900,3830.2,3835.0,3826.1,3831.6,33195
1784533200,3832.6,3840.0,3830.0,3840.0,25951
1784533500,3839.1,3843.0,3832.5,3834.6,33427
1784533800,3834.6,3837.5,3834.2,3835.4,9880
1784534100,3835.4,3847.0,3834.0,3844.8,33438
1784534400,3844.0,3845.5,3842.0,3842.8,12163
1784534700,3842.8,3850.0,3842.8,3844.9,25008
1784535000,3844.9,3847.4,3840.0,3841.8,24383
1784535300,3840.3,3846.9,3840.3,3845.8,16217
1784535600,3845.8,3846.0,3841.9,3844.6,13311
1784535900,3844.9,3847.8,3842.2,3843.4,15080
1784536200,3843.9,3848.3,3842.0,3847.5,25227
1784536500,3847.2,3848.7,3846.2,3846.5,12010
1784536800,3846.5,3846.6,3843.7,3843.8,10627
1784537100,3843.8,3845.2,3842.3,3845.0,9144
1784537400,3845.2,3845.6,3842.8,3842.8,9488
1784537700,3842.8,3844.1,3842.0,3842.3,10207
1784538000,3842.3,3844.2,3842.1,3843.1,9573
1784538300,3843.6,3843.7,3842.0,3842.1,10456
1784538600,3842.0,3843.2,3841.8,3842.0,17293
1784538900,3842.0,3844.0,3841.9,3842.5,13159
1784539200,3842.3,3845.5,3842.3,3845.0,9352
1784539500,3845.0,3845.4,3841.9,3841.9,12538
1784539800,3842.1,3843.9,3836.0,3836.1,58063
1784540100,3836.7,3839.2,3833.6,3836.6,72708
1784540400,3836.7,3841.6,3836.6,3840.7,41336
1784540700,3840.7,3843.9,3836.8,3838.2,49147
1784541000,3839.3,3841.5,3836.0,3839.6,54881
1784541300,3839.9,3840.9,3835.9,3838.1,44497
1784605500,3841.9,3857.9,3841.9,3846.0,53181
1784605800,3845.8,3849.1,3842.4,3842.9,16548
1784606100,3842.4,3842.4,3839.0,3839.0,21778
1784606400,3839.0,3841.0,3831.0,3833.6,18527
1784606700,3833.6,3836.4,3831.1,3835.1,13229
1784607000,3834.1,3841.3,3832.0,3841.2,15991
1784607300,3840.9,3842.0,3834.9,3834.9,15922
1784607600,3834.9,3840.9,3834.2,3838.6,14328
1784607900,3838.6,3841.7,3837.3,3838.7,12541
1784608200,3838.3,3838.5,3835.1,3837.7,6853
1784608500,3837.7,3841.0,3837.4,3840.8,9802
1784608800,3840.8,3846.6,3835.5,3835.5,32555
1784609100,3837.0,3837.0,3831.0,3832.0,12975
1784609400,3831.7,3833.0,3827.0,3833.0,20536
1784609700,3833.0,3834.3,3828.5,3833.3,9453
1784610000,3831.6,3832.8,3828.0,3828.2,11290
1784610300,3828.4,3828.9,3825.2,3826.0,10636
1784610600,3826.0,3826.5,3824.0,3826.0,15245
1784610900,3826.0,3828.0,3825.2,3827.9,12074
1784611200,3827.9,3830.0,3823.4,3830.0,9417
1784611500,3830.0,3835.0,3827.2,3833.1,9762
1784611800,3834.0,3839.2,3834.0,3837.0,13181
1784612100,3837.0,3841.0,3836.6,3837.0,12157
1784612400,3836.6,3840.0,3835.9,3837.2,9039
1784612700,3837.2,3837.2,3830.1,3831.0,15050
1784613000,3830.4,3831.1,3825.4,3829.0,17442
1784613300,3829.1,3833.0,3828.7,3829.9,6439
1784613600,3829.9,3836.0,3829.0,3835.5,18614
1784613900,3835.1,3836.8,3829.3,3831.6,9997
1784614200,3831.6,3831.6,3825.7,3827.1,8731
1784614500,3827.1,3830.7,3826.6,3829.9,4185
1784614800,3829.9,3829.9,3828.2,3829.0,3556
1784615100,3829.0,3829.8,3828.0,3828.3,5716
1784615400,3828.3,3832.3,3828.2,3832.3,7211
1784615700,3832.1,3833.1,3829.9,3830.4,4700
1784616000,3830.4,3831.2,3828.5,3829.1,4407
1784616300,3829.1,3830.5,3828.0,3828.2,4977
1784616600,3828.2,3829.6,3826.6,3829.6,10419
1784616900,3829.6,3829.6,3826.0,3827.6,4421
1784617200,3827.9,3831.0,3827.4,3828.9,14103
1784617500,3828.9,3830.5,3827.6,3828.7,6407
1784617800,3828.7,3828.7,3825.6,3827.3,10207
1784618100,3826.6,3827.0,3825.6,3825.8,4059
1784618400,3825.9,3826.1,3822.7,3823.2,14239
1784618700,3823.4,3823.9,3820.0,3820.5,8770
1784619000,3820.5,3821.9,3815.7,3820.3,23036
1784619300,3820.3,3822.8,3820.1,3820.4,8046
1784619600,3820.7,3822.8,3820.0,3820.0,8528
1784619900,3820.2,3820.2,3820.0,3820.1,8153
1784620200,3820.1,3823.5,3819.8,3822.6,11731
1784620500,3822.2,3825.9,3822.2,3824.0,13845
1784620800,3823.9,3826.1,3823.4,3825.9,11204
1784621100,3825.9,3828.0,3825.2,3827.6,12216
1784621400,3828.0,3829.5,3825.1,3829.4,24930
1784621700,3829.3,3833.3,3828.5,3832.3,21445
1784622000,3832.3,3835.0,3828.5,3828.9,14325
1784622300,3829.1,3834.9,3828.3,3833.9,28855
1784622600,3833.8,3834.7,3832.5,3833.3,11667
1784622900,3833.5,3838.3,3830.9,3832.5,30209
1784623200,3832.4,3836.6,3830.0,3836.6,29736
1784623500,3836.6,3841.4,3836.6,3840.4,38198
1784623800,3839.9,3843.5,3835.6,3840.6,32695
1784624100,3840.8,3843.8,3840.2,3841.3,28835
1784624400,3842.0,3843.9,3840.1,3842.7,35453
1784624700,3842.8,3843.0,3836.8,3837.2,28463
1784625000,3837.5,3839.5,3835.9,3839.0,21375
1784625300,3839.0,3841.0,3836.8,3841.0,24416
1784625600,3841.0,3843.5,3837.6,3842.8,41222
1784625900,3843.0,3849.0,3842.0,3844.4,55403
1784626200,3844.4,3847.0,3840.1,3840.6,36824
1784626500,3841.3,3846.5,3840.6,3845.7,55449
1784626800,3844.7,3846.8,3843.7,3845.1,32615
1784627100,3845.6,3848.1,3843.8,3843.8,48314
1784627400,3843.8,3850.4,3843.2,3850.1,50230
1784627700,3850.0,3852.4,3850.0,3852.0,43977
1784691900,3835.0,3838.8,3827.0,3835.0,33703
1784692200,3835.6,3842.0,3835.0,3841.0,19483
1784692500,3840.5,3843.3,3835.0,3835.9,28986
1784692800,3834.6,3836.2,3826.3,3831.3,35988
1784693100,3831.6,3834.0,3822.0,3827.2,22942
1784693400,3827.2,3828.7,3825.2,3825.2,19568
1784693700,3826.3,3826.3,3820.0,3820.2,9525
1784694000,3820.0,3820.5,3815.0,3815.5,13485
1784694300,3815.5,3818.0,3811.0,3816.2,14139
1784694600,3816.1,3820.6,3815.1,3820.6,4691
1784694900,3821.1,3826.3,3820.0,3825.0,10533
1784695200,3823.8,3829.3,3822.3,3826.5,9744
1784695500,3825.0,3831.4,3825.0,3831.4,10821
1784695800,3831.4,3831.4,3826.2,3826.7,8843
1784696100,3828.0,3830.7,3820.8,3830.3,24075
1784696400,3830.9,3830.9,3825.2,3827.2,9857
1784696700,3828.9,3829.9,3826.7,3826.7,3299
1784697000,3827.2,3828.6,3826.7,3828.0,3253
1784697300,3828.0,3831.0,3826.6,3830.0,14113
1784697600,3830.3,3830.4,3827.5,3827.7,4055
1784697900,3828.2,3829.7,3827.0,3828.7,5442
1784698200,3828.9,3829.0,3823.0,3823.9,6055
1784698500,3824.0,3825.9,3821.6,3825.9,4574
1784698800,3826.1,3826.5,3822.3,3824.0,4956
1784699100,3824.1,3828.5,3822.4,3827.0,2979
1784699400,3828.4,3830.0,3827.5,3829.5,2524
1784699700,3830.0,3830.0,3828.1,3828.8,3786
1784700000,3829.9,3831.2,3829.1,3831.1,3618
1784700300,3831.1,3831.2,3830.0,3830.5,4154
1784700600,3830.5,3830.9,3830.0,3830.4,4226
1784700900,3830.3,3831.9,3830.3,3830.9,16023
1784701200,3830.6,3833.4,3826.9,3829.7,33149
1784701500,3827.1,3830.4,3825.7,3828.0,38190
1784701800,3828.2,3828.2,3823.3,3826.8,26169
1784702100,3826.2,3829.3,3826.2,3827.6,13836
1784702400,3827.9,3828.0,3827.0,3827.0,2701
1784702700,3827.5,3827.8,3825.5,3827.0,26267
1784703000,3827.4,3828.8,3827.0,3828.8,13141
1784703300,3828.3,3828.8,3825.1,3826.3,5841
1784703600,3825.1,3826.3,3822.5,3825.5,9666
1784703900,3826.0,3829.4,3825.0,3828.9,17355
1784704200,3828.6,3828.6,3823.5,3824.7,11572
1784704500,3825.0,3827.7,3823.0,3826.0,7471
1784704800,3825.6,3827.2,3824.5,3824.7,7498
1784705100,3825.3,3827.2,3824.5,3825.1,5238
1784705400,3825.3,3825.3,3817.2,3817.7,15133
1784705700,3817.7,3818.9,3816.6,3818.2,7743
1784706000,3818.3,3818.3,3812.5,3813.1,15190
1784706300,3813.5,3814.5,3812.1,3812.3,6953
1784706600,3812.3,3813.0,3812.0,3812.5,7305
1784706900,3812.6,3813.4,3812.5,3812.6,8768
1784707200,3813.0,3815.0,3812.5,3814.8,7410
1784707500,3814.8,3820.2,3814.0,3819.0,10172
1784707800,3819.3,3821.0,3812.5,3818.0,19682
1784708100,3818.0,3818.3,3813.0,3813.3,3191
1784708400,3813.3,3815.4,3813.0,3813.0,8051
1784708700,3813.2,3816.0,3813.0,3814.0,6663
1784709000,3814.0,3814.0,3812.0,3813.0,6246
1784709300,3813.0,3813.1,3811.4,3812.2,8756
1784709600,3812.5,3816.7,3812.0,3815.2,18073
1784709900,3816.6,3817.6,3815.2,3817.0,11151
1784710200,3817.1,3819.3,3816.2,3818.7,14158
1784710500,3818.8,3818.8,3809.0,3809.3,26326
1784710800,3809.7,3810.1,3806.2,3808.8,17075
1784711100,3809.3,3817.1,3809.3,3812.8,14618
1784711400,3812.8,3815.9,3812.0,3815.3,17009
1784711700,3816.1,3818.9,3815.0,3818.6,15262
1784712000,3817.6,3820.5,3817.0,3819.7,20935
1784712300,3819.7,3820.9,3817.5,3819.5,23243
1784712600,3819.5,3821.0,3813.1,3815.2,37852
1784712900,3815.7,3823.0,3815.4,3822.3,68136
1784713200,3822.2,3823.3,3819.2,3822.4,33821
1784713500,3820.9,3823.1,3815.0,3817.4,47442
1784713800,3816.7,3816.7,3813.0,3815.1,27710
1784714100,3815.1,3818.0,3808.9,3818.0,50819
1784778300,3797.7,3802.0,3786.6,3800.0,33894
1784778600,3799.0,3812.9,3799.0,3811.6,15964
1784778900,3811.7,3816.0,3810.0,3813.6,16469
1784779200,3813.0,3815.5,3811.0,3815.5,9793
1784779500,3815.3,3815.5,3804.4,3811.8,10564
1784779800,3811.1,3811.1,3806.0,3806.1,6009
1784780100,3806.1,3809.8,3803.6,3807.2,8316
1784780400,3807.3,3810.9,3805.0,3810.0,8194
1784780700,3810.4,3816.4,3810.4,3815.3,10153
1784781000,3816.4,3826.0,3816.0,3825.6,13230
1784781300,3825.6,3825.6,3820.1,3824.3,11191
1784781600,3824.1,3827.6,3822.0,3826.5,9143
1784781900,3825.3,3827.6,3824.0,3824.0,7897
1784782200,3824.4,3826.0,3823.1,3824.5,4799
1784782500,3824.4,3826.1,3824.0,3824.6,3563
1784782800,3824.7,3825.1,3820.6,3820.8,7415
1784783100,3822.8,3823.4,3820.1,3820.2,6837
1784783400,3821.8,3822.1,3818.1,3820.4,5734
1784783700,3820.3,3823.3,3820.3,3823.1,5194
1784784000,3823.1,3823.9,3820.1,3821.7,7633
1784784300,3821.8,3825.2,3821.0,3822.1,7113
1784784600,3822.8,3825.6,3822.1,3825.2,4960
1784784900,3825.4,3826.4,3822.9,3825.5,5089
1784785200,3825.5,3827.4,3820.2,3821.2,6697
1784785500,3821.2,3825.9,3820.2,3823.9,18222
1784785800,3823.8,3824.9,3821.0,3821.5,8209
1784786100,3821.6,3822.1,3818.0,3818.0,25996
1784786400,3818.1,3819.3,3812.6,3815.5,25371
1784786700,3815.3,3816.5,3812.0,3813.8,6663
1784787000,3814.2,3819.7,3814.2,3818.3,11147
1784787300,3818.6,3818.6,3816.0,3816.7,8202
1784787600,3816.7,3817.3,3812.0,3813.0,23560
1784787900,3813.2,3819.0,3810.0,3817.9,14169
1784788200,3817.0,3820.6,3812.0,3812.1,22986
1784788500,3814.0,3816.0,3812.4,3816.0,15805
1784788800,3816.0,3817.1,3812.0,3812.9,9398
1784789100,3812.5,3815.0,3809.2,3809.6,14703
1784789400,3810.8,3816.0,3809.0,3813.3,9373
1784789700,3813.0,3814.0,3810.0,3810.0,16064
1784790000,3811.0,3811.8,3803.4,3806.4,15331
1784790300,3806.4,3807.0,3800.7,3800.7,12349
1784790600,3800.8,3801.2,3792.0,3795.7,36387
1784790900,3796.0,3800.3,3795.0,3796.4,12800
1784791200,3796.5,3797.7,3791.6,3793.0,8672
1784791500,3793.3,3797.0,3792.3,3794.0,20425
1784791800,3794.1,3794.3,3779.0,3780.0,52246
1784792100,3779.9,3780.0,3777.7,3780.0,12186
1784792400,3780.0,3786.0,3779.6,3784.0,28144
1784792700,3784.1,3788.5,3780.0,3787.9,15721
1784793000,3788.0,3793.0,3787.0,3789.9,34753
1784793300,3790.0,3793.7,3788.9,3792.7,15159
1784793600,3792.7,3792.7,3789.2,3792.0,5702
1784793900,3791.0,3797.0,3791.0,3796.1,28639
1784794200,3796.1,3798.1,3795.0,3795.5,21342
1784794500,3795.4,3796.5,3789.3,3794.7,21609
1784794800,3794.9,3795.0,3790.3,3790.8,6812
1784795100,3790.8,3795.8,3790.0,3794.9,9987
1784795400,3795.2,3796.3,3793.0,3793.9,12117
1784795700,3793.9,3795.4,3790.4,3790.4,14251
1784796000,3790.4,3793.1,3790.3,3790.5,9725
1784796300,3790.9,3791.5,3786.0,3787.1,17067
1784796600,3787.2,3789.0,3786.0,3788.5,8234
1784796900,3789.0,3790.0,3786.9,3789.1,6116
1784797200,3789.1,3795.0,3787.5,3794.2,10762
1784797500,3794.9,3795.8,3787.5,3787.5,14535
1784797800,3787.9,3789.2,3781.1,3783.0,19443
1784798100,3783.0,3784.8,3781.1,3782.6,25817
1784798400,3782.6,3784.6,3780.1,3783.3,22057
1784798700,3783.1,3789.6,3781.7,3789.4,17599
1784799000,3789.0,3794.9,3783.3,3790.0,43924
1784799300,3790.1,3795.7,3790.0,3792.1,62362
1784799600,3792.9,3797.5,3790.2,3796.0,39596
1784799900,3797.1,3797.1,3792.0,3793.2,35442
1784800200,3793.3,3796.6,3787.4,3796.3,70045
1784800500,3796.3,3797.0,3785.0,3791.0,31635
1784864700,3751.0,3771.9,3747.7,3767.8,40685
1784865000,3767.5,3773.4,3763.6,3764.3,21301
1784865300,3763.6,3763.6,3748.6,3750.0,100918
1784865600,3750.0,3754.2,3747.1,3749.0,101787
1784865900,3749.2,3749.2,3738.9,3740.0,55559
1784866200,3739.0,3740.4,3736.0,3737.0,27897
1784866500,3736.2,3737.0,3727.0,3728.8,44193
1784866800,3728.7,3734.9,3726.0,3733.6,23922
1784867100,3733.4,3735.5,3729.4,3730.0,22128
1784867400,3729.4,3730.2,3720.6,3723.4,32519
1784867700,3723.4,3727.2,3721.1,3723.0,21250
1784868000,3722.8,3726.2,3722.0,3722.0,15565
1784868300,3722.0,3725.4,3720.1,3721.6,28146
1784868600,3721.0,3727.2,3720.6,3726.7,38853
1784868900,3726.7,3730.9,3720.0,3723.7,33030
1784869200,3723.6,3725.0,3722.0,3724.9,20873
1784869500,3724.7,3729.1,3724.3,3727.8,118178
1784869800,3728.3,3731.7,3726.5,3731.3,14179
1784870100,3731.0,3735.0,3729.7,3732.8,25904
1784870400,3732.9,3734.7,3729.4,3731.3,16352
1784870700,3731.4,3736.3,3730.0,3733.9,39461
1784871000,3733.9,3739.0,3733.7,3737.2,19817
1784871300,3737.6,3738.9,3730.1,3736.2,41472
1784871600,3737.0,3742.9,3735.0,3742.7,16896
1784871900,3742.3,3751.4,3742.0,3751.4,22670
1784872200,3752.1,3764.0,3751.4,3762.5,33885
1784872500,3764.0,3767.7,3762.6,3765.0,28497
1784872800,3765.4,3771.6,3764.6,3767.1,20695
1784873100,3767.9,3770.4,3767.0,3768.3,14147
1784873400,3769.0,3772.0,3767.5,3770.0,12757
1784873700,3771.0,3779.5,3770.0,3778.9,23990
1784874000,3779.3,3789.2,3779.1,3786.7,36056
1784874300,3786.7,3790.4,3783.2,3790.1,48993
1784874600,3790.1,3790.1,3780.0,3787.9,18974
1784874900,3788.9,3789.6,3780.6,3781.9,15739
1784875200,3781.9,3782.7,3778.9,3779.1,14037
1784875500,3779.2,3785.1,3777.0,3784.6,13301
1784875800,3784.7,3786.9,3779.3,3786.4,50459
1784876100,3786.9,3797.0,3786.1,3796.3,31893
1784876400,3796.8,3797.0,3791.5,3792.8,16745
1784876700,3793.0,3794.8,3791.0,3794.8,13285
1784877000,3794.4,3795.0,3790.3,3794.3,18859
1784877300,3794.0,3799.0,3793.3,3795.4,16912
1784877600,3795.4,3798.6,3795.4,3798.0,10303
1784877900,3798.1,3798.5,3792.6,3794.5,8543
1784878200,3794.5,3798.0,3790.0,3791.8,27367
1784878500,3791.4,3791.8,3788.0,3788.1,9518
1784878800,3788.0,3792.4,3787.0,3792.4,11264
1784879100,3792.0,3796.2,3790.1,3795.0,11474
1784879400,3796.1,3798.0,3790.5,3795.0,14569
1784879700,3795.2,3798.0,3795.0,3795.8,15154
1784880000,3795.8,3796.0,3788.0,3789.4,11906
1784880300,3789.8,3796.8,3787.5,3796.8,14094
1784880600,3796.7,3796.7,3787.4,3789.5,22630
1784880900,3789.7,3793.6,3789.3,3791.8,14297
1784881200,3790.4,3795.5,3789.2,3794.3,11047
1784881500,3794.5,3799.6,3792.4,3799.6,20779
1784881800,3799.8,3804.9,3794.3,3802.7,27644
1784882100,3802.5,3804.0,3796.3,3802.6,27606
1784882400,3801.6,3803.3,3800.0,3802.0,10131
1784882700,3802.0,3805.0,3800.3,3802.9,33601
1784883000,3803.0,3803.3,3797.0,3801.0,29316
1784883300,3801.0,3801.6,3793.0,3797.3,21308
1784883600,3797.5,3798.9,3791.3,3791.5,11756
1784883900,3792.5,3794.5,3790.5,3791.0,10627
1784884200,3791.1,3795.6,3788.2,3791.6,26383
1784884500,3792.7,3792.7,3788.6,3791.9,13768
1784884800,3791.9,3793.9,3790.0,3792.2,12472
1784885100,3791.9,3792.7,3789.3,3790.9,15147
1784885400,3790.8,3790.8,3783.0,3784.9,32722
1784885700,3784.3,3786.8,3781.2,3782.0,29216
1784886000,3781.2,3785.6,3780.6,3785.0,28109
1784886300,3785.0,3791.4,3784.2,3786.6,27944
1784886600,3786.8,3789.7,3785.0,3788.7,25407
1784886900,3788.7,3790.2,3785.1,3789.7,27039
1785123900,3820.0,3834.0,3812.5,3815.9,51113
1785124200,3815.9,3823.9,3815.0,3821.9,15079
1785124500,3822.4,3827.6,3818.0,3825.9,16256
1785124800,3825.9,3828.9,3821.9,3823.4,11669
1785125100,3823.4,3832.0,3820.1,3832.0,18338
1785125400,3831.1,3831.9,3823.3,3825.0,15721
1785125700,3825.0,3827.8,3825.0,3827.6,8302
1785126000,3827.6,3828.5,3821.4,3821.4,7607
1785126300,3822.1,3828.9,3820.5,3828.9,14313
1785126600,3828.3,3830.0,3826.3,3829.8,11475
1785126900,3828.8,3830.0,3823.2,3825.9,12897
1785127200,3825.0,3834.6,3825.0,3833.9,12505
1785127500,3833.9,3834.4,3829.7,3832.2,11627
1785127800,3832.7,3837.3,3828.5,3830.2,46989
1785128100,3830.4,3831.4,3826.0,3828.3,22989
1785128400,3828.3,3829.8,3824.0,3825.8,11239
1785128700,3825.5,3826.4,3818.0,3819.4,25739
1785129000,3819.2,3823.6,3818.3,3822.8,32340
1785129300,3823.6,3827.0,3822.4,3825.0,10314
1785129600,3825.0,3825.0,3816.0,3818.0,44280
1785129900,3818.0,3823.2,3815.5,3820.9,11890
1785130200,3820.9,3820.9,3817.0,3818.4,30981
1785130500,3819.1,3823.4,3814.2,3821.6,17560
1785130800,3822.7,3824.1,3820.0,3822.2,11651
1785131100,3823.0,3829.2,3820.8,3826.3,27851
1785131400,3826.3,3826.8,3825.0,3825.0,3450
1785131700,3825.5,3828.3,3825.0,3825.8,7540
1785132000,3826.7,3828.0,3825.0,3825.8,6576
1785132300,3825.0,3825.7,3820.0,3820.2,17544
1785132600,3820.0,3823.6,3818.0,3823.0,29574
1785132900,3823.0,3823.0,3818.8,3818.9,8141
1785133200,3820.0,3820.0,3815.0,3816.6,14644
1785133500,3817.9,3818.7,3812.0,3814.7,16701
1785133800,3814.8,3818.9,3811.9,3813.2,14811
1785134100,3813.3,3815.0,3810.3,3813.2,8834
1785134400,3812.9,3814.0,3810.0,3812.0,14266
1785134700,3812.8,3815.9,3811.5,3812.6,12542
1785135000,3812.9,3812.9,3810.0,3811.0,11661
1785135300,3811.6,3814.4,3810.1,3811.5,5753
1785135600,3811.5,3817.1,3808.9,3814.0,43311
1785135900,3815.0,3815.3,3810.0,3810.0,5772
1785136200,3810.0,3810.0,3806.0,3809.0,6053
1785136500,3809.1,3809.5,3807.1,3807.5,5053
1785136800,3807.3,3809.1,3806.0,3806.2,4184
1785137100,3806.3,3810.0,3805.0,3809.5,8620
1785137400,3809.5,3810.8,3806.5,3809.6,5994
1785137700,3809.9,3812.9,3809.5,3812.6,11789
1785138000,3812.6,3822.7,3811.5,3822.3,15870
1785138300,3822.3,3825.0,3820.0,3822.0,19720
1785138600,3822.1,3824.0,3820.0,3822.6,5242
1785138900,3822.9,3822.9,3819.0,3820.1,18052
1785139200,3820.1,3821.0,3812.0,3813.1,18648
1785139500,3813.4,3819.8,3812.0,3819.6,9925
1785139800,3819.8,3820.1,3815.0,3818.4,12004
1785140100,3818.6,3818.6,3815.0,3815.1,8110
1785140400,3815.2,3817.6,3815.0,3817.3,6554
1785140700,3816.3,3819.0,3816.1,3818.9,10042
1785141000,3818.8,3822.0,3817.0,3818.6,32149
1785141300,3818.4,3823.0,3817.6,3822.3,16655
1785141600,3823.0,3823.9,3821.9,3822.0,12641
1785141900,3822.8,3823.0,3819.8,3820.8,43843
1785142200,3822.0,3822.5,3816.5,3818.2,23058
1785142500,3817.7,3820.9,3815.6,3820.0,17514
1785142800,3820.0,3821.5,3818.5,3820.9,14504
1785143100,3820.9,3823.3,3819.4,3823.0,20082
1785143400,3823.0,3823.7,3820.7,3822.5,12622
1785143700,3821.8,3829.1,3820.5,3825.9,46540
1785144000,3825.9,3827.9,3820.0,3820.0,28331
1785144300,3820.5,3820.5,3812.8,3815.0,17856
1785144600,3816.1,3817.1,3811.0,3812.0,47306
1785144900,3812.4,3812.4,3805.0,3806.1,59960
1785145200,3805.6,3806.1,3798.7,3800.7,55964
1785145500,3800.7,3805.0,3800.7,3805.0,34843
1785145800,3805.0,3805.0,3800.8,3802.5,39713
1785146100,3802.5,3808.8,3802.0,3807.0,35447
1785210300,3812.0,3822.0,3801.0,3820.9,64826
1785210600,3820.9,3823.4,3815.9,3819.6,24506
1785210900,3818.8,3819.5,3810.0,3813.6,21890
1785211200,3813.8,3814.4,3804.4,3808.3,18722
1785211500,3807.5,3810.7,3800.2,3806.3,19697
1785211800,3805.0,3808.5,3803.2,3804.5,11384
1785212100,3803.7,3806.0,3798.0,3800.9,14767
1785212400,3800.9,3811.2,3799.3,3806.6,12121
1785212700,3806.5,3810.0,3805.0,3808.0,8220
1785213000,3808.4,3808.4,3799.0,3799.0,11925
1785213300,3798.9,3800.0,3793.0,3796.7,16529
1785213600,3796.4,3798.9,3793.5,3797.0,7742
1785213900,3797.0,3803.9,3796.6,3801.8,9041
1785214200,3801.5,3802.0,3793.1,3797.5,13342
1785214500,3797.5,3799.0,3797.0,3798.5,4690
1785214800,3798.6,3801.8,3798.0,3799.0,7767
1785215100,3799.4,3803.4,3799.0,3803.0,6157
1785215400,3803.1,3813.0,3802.8,3811.5,14288
1785215700,3812.9,3815.0,3811.4,3813.0,27339
1785216000,3814.0,3817.9,3813.5,3817.2,21904
1785216300,3816.0,3821.7,3815.9,3820.9,20075
1785216600,3820.4,3822.0,3815.0,3817.5,13193
1785216900,3816.1,3817.5,3815.0,3815.1,11440
1785217200,3815.2,3815.2,3807.5,3809.6,13359
1785217500,3810.7,3813.0,3809.8,3812.0,8782
1785217800,3811.7,3813.3,3807.0,3807.7,17678
1785218100,3807.7,3815.3,3807.0,3812.8,6912
1785218400,3813.9,3815.0,3805.7,3808.0,25008
1785218700,3807.3,3809.1,3802.3,3802.3,19553
1785219000,3802.7,3808.0,3802.2,3805.0,34283
1785219300,3805.0,3811.6,3804.4,3808.6,34854
1785219600,3808.6,3816.1,3808.6,3813.4,39751
1785219900,3814.3,3816.0,3809.8,3811.7,7851
1785220200,3813.0,3815.9,3811.0,3815.0,8985
1785220500,3815.0,3827.9,3813.9,3826.9,28205
1785220800,3826.9,3827.1,3819.0,3820.9,14077
1785221100,3821.0,3824.5,3819.0,3823.5,8951
1785221400,3823.8,3827.0,3822.0,3825.9,13795
1785221700,3826.8,3831.8,3825.6,3830.9,29099
1785222000,3830.9,3833.3,3830.0,3830.2,17109
1785222300,3831.7,3832.0,3828.6,3829.0,12497
1785222600,3829.4,3830.0,3828.1,3828.6,12670
1785222900,3829.0,3832.8,3828.3,3828.7,13614
1785223200,3828.7,3830.0,3828.7,3830.0,8254
1785223500,3830.3,3830.5,3824.4,3825.0,44589
1785223800,3826.0,3830.7,3825.0,3827.5,36795
1785224100,3827.9,3831.8,3824.7,3830.4,15380
1785224400,3831.5,3831.6,3827.6,3829.4,18667
1785224700,3829.0,3829.2,3819.0,3827.7,45352
1785225000,3827.7,3829.8,3823.0,3829.5,14113
1785225300,3829.6,3830.9,3827.0,3827.1,12552
1785225600,3827.8,3830.5,3827.0,3828.2,15152
1785225900,3828.8,3830.0,3827.0,3829.0,17716
1785226200,3829.5,3830.5,3827.2,3829.2,8181
1785226500,3829.2,3829.3,3820.5,3826.1,22959
1785226800,3826.8,3832.0,3824.3,3830.0,60157
1785227100,3831.4,3835.0,3830.7,3834.8,15410
1785227400,3834.8,3835.1,3830.0,3831.5,20767
1785227700,3831.5,3831.7,3830.0,3830.0,25315
1785228000,3830.0,3830.1,3820.1,3820.5,20565
1785228300,3821.6,3825.1,3820.2,3822.0,20797
1785228600,3823.4,3825.2,3818.3,3818.9,21880
1785228900,3818.9,3824.2,3818.5,3820.8,28972
1785229200,3820.8,3821.4,3810.4,3817.2,51186
1785229500,3817.2,3826.0,3816.0,3824.3,20113
1785229800,3824.2,3831.0,3823.1,3831.0,42210
1785230100,3829.1,3832.0,3824.0,3825.8,29210
1785230400,3825.7,3828.9,3824.0,3827.6,30882
1785230700,3827.6,3832.1,3822.6,3830.1,26678
1785231000,3830.7,3831.5,3824.4,3828.7,35262
1785231300,3828.8,3836.9,3828.8,3832.6,59564
1785231600,3832.6,3832.8,3826.2,3828.1,40717
1785231900,3828.1,3835.0,3828.1,3832.0,47106
1785232200,3831.9,3837.0,3831.1,3835.7,44407
1785232500,3835.8,3836.6,3828.2,3830.0,47531
1785296700,3895.4,3968.2,3891.1,3947.0,467420
1785297000,3945.6,3965.6,3938.3,3954.1,232795
1785297300,3952.0,3956.8,3936.6,3937.0,129036
1785297600,3937.0,3952.0,3933.9,3952.0,99029
1785297900,3952.0,3954.8,3945.8,3952.2,62727
1785298200,3952.6,3963.0,3950.5,3962.0,106230
1785298500,3963.0,3978.2,3961.3,3973.0,205654
1785298800,3972.4,3978.2,3967.0,3967.3,95358
1785299100,3967.1,3969.2,3946.9,3954.6,73177
1785299400,3954.3,3958.4,3951.2,3955.0,46925
1785299700,3955.0,3955.0,3945.1,3947.1,40368
1785300000,3947.5,3951.3,3945.0,3948.9,30365
1785300300,3948.9,3954.4,3946.5,3947.6,80650
1785300600,3947.6,3949.5,3940.0,3940.6,36615
1785300900,3941.9,3945.9,3940.0,3944.3,27838
1785301200,3944.9,3949.9,3943.0,3948.0,17648
1785301500,3948.0,3948.2,3945.2,3945.2,15254
1785301800,3945.1,3949.8,3944.1,3947.9,64391
1785302100,3947.9,3948.0,3941.0,3945.0,21277
1785302400,3944.7,3948.0,3943.3,3943.4,19853
1785302700,3943.5,3944.9,3940.0,3940.0,18883
1785303000,3940.0,3940.1,3933.2,3938.2,37397
1785303300,3938.4,3944.6,3936.0,3937.8,35316
1785303600,3937.5,3940.0,3935.0,3940.0,34133
1785303900,3940.0,3945.0,3939.1,3943.6,15811
1785304200,3943.6,3944.1,3940.5,3941.1,13526
1785304500,3941.9,3945.0,3940.0,3944.1,15725
1785304800,3943.8,3946.3,3936.7,3940.5,22262
1785305100,3940.5,3941.6,3937.6,3940.5,20384
1785305400,3941.1,3943.3,3935.0,3941.7,18115
1785305700,3941.9,3944.8,3940.1,3941.5,9349
1785306000,3941.7,3941.7,3931.1,3936.3,42805
1785306300,3936.1,3939.9,3935.5,3938.8,7796
1785306600,3938.7,3940.0,3936.0,3937.0,34310
1785306900,3936.9,3939.8,3932.0,3933.0,23179
1785307200,3933.5,3933.9,3927.1,3928.4,22305
1785307500,3929.3,3931.9,3923.1,3931.9,24247
1785307800,3931.9,3934.0,3930.8,3933.0,12745
1785308100,3933.0,3934.0,3927.0,3927.3,18307
1785308400,3927.5,3934.7,3927.5,3931.4,15845
1785308700,3931.4,3933.4,3925.1,3925.2,12794
1785309000,3926.0,3926.9,3920.2,3923.0,15154
1785309300,3923.0,3927.8,3920.4,3925.6,16639
1785309600,3925.2,3928.3,3925.0,3927.3,5612
1785309900,3927.5,3930.0,3927.0,3930.0,9788
1785310200,3930.0,3936.0,3929.5,3933.8,16389
1785310500,3934.8,3940.0,3934.1,3938.8,18283
1785310800,3940.0,3940.0,3935.4,3937.9,15468
1785311100,3938.4,3938.7,3932.5,3933.6,10529
1785311400,3934.0,3937.2,3933.0,3935.9,9478
1785311700,3936.0,3937.0,3933.0,3936.9,10519
1785312000,3937.0,3938.0,3933.1,3935.0,10496
1785312300,3935.9,3938.0,3933.0,3936.5,9817
1785312600,3936.5,3940.0,3934.4,3935.6,20243
1785312900,3935.6,3940.0,3934.8,3938.5,11691
1785313200,3938.9,3939.5,3933.0,3939.0,23046
1785313500,3939.0,3940.0,3935.6,3936.0,14295
1785313800,3935.6,3939.4,3935.6,3939.0,9960
1785314100,3939.1,3940.0,3938.8,3940.0,8399
1785314400,3940.0,3940.0,3939.7,3940.0,12473
1785314700,3940.0,3940.1,3939.8,3940.0,21819
1785315000,3939.9,3939.9,3936.8,3937.2,17532
1785315300,3937.4,3940.0,3937.3,3939.9,20441
1785315600,3940.0,3940.0,3936.0,3938.0,57198
1785315900,3937.9,3938.3,3934.5,3934.9,14354
1785316200,3935.0,3935.1,3933.9,3934.4,15952
1785316500,3934.5,3939.3,3934.3,3937.9,21239
1785316800,3938.0,3938.0,3932.1,3935.0,22049
1785317100,3935.0,3936.1,3932.8,3934.0,21420
1785317400,3934.4,3936.0,3934.4,3935.0,48819
1785317700,3934.9,3935.1,3931.2,3934.0,38797
1785318000,3933.8,3934.5,3930.1,3930.5,42479
1785318300,3930.5,3931.5,3927.0,3931.0,51639
1785318600,3930.5,3933.0,3926.7,3929.7,58218
1785318900,3929.7,3931.5,3925.0,3927.0,39983
1785383100,3931.4,3936.8,3896.0,3921.6,93662
1785383400,3920.0,3927.0,3918.3,3924.1,26098
1785383700,3923.1,3930.9,3922.1,3924.1,18565
1785384000,3923.9,3927.0,3922.3,3923.5,13813
1785384300,3926.2,3930.9,3921.1,3921.5,27927
1785384600,3921.5,3922.0,3911.0,3912.0,29931
1785384900,3912.1,3921.6,3899.3,3907.7,110250
1785385200,3908.5,3912.6,3907.0,3909.5,13180
1785385500,3909.5,3915.3,3909.1,3912.8,8160
1785385800,3913.8,3914.7,3901.0,3902.0,17908
1785386100,3902.0,3904.4,3885.0,3887.2,37573
1785386400,3886.6,3891.3,3883.5,3888.5,30621
1785386700,3888.6,3899.7,3885.3,3894.7,21186
1785387000,3894.7,3899.0,3892.6,3896.9,10533
1785387300,3896.9,3899.0,3893.0,3898.6,12985
1785387600,3898.8,3908.0,3897.2,3908.0,15787
1785387900,3908.1,3910.0,3903.2,3905.8,19619
1785388200,3906.0,3918.8,3904.1,3917.3,43266
1785388500,3918.3,3930.9,3917.9,3927.1,31350
1785388800,3927.3,3932.1,3925.3,3928.2,24147
1785389100,3928.4,3933.6,3928.4,3933.0,34896
1785389400,3933.6,3937.8,3932.7,3933.8,24944
1785389700,3933.8,3934.7,3929.0,3934.5,31254
1785390000,3934.4,3943.0,3934.0,3936.0,52291
1785390300,3936.0,3946.6,3935.5,3946.0,30103
1785390600,3946.4,3948.8,3945.0,3945.7,31176
1785390900,3945.9,3951.7,3945.1,3945.5,35545
1785391200,3946.5,3946.6,3940.1,3941.0,20792
1785391500,3941.1,3942.0,3933.4,3935.0,41366
1785391800,3935.1,3937.9,3933.7,3934.6,28113
1785392100,3934.7,3942.8,3931.1,3941.4,61422
1785392400,3941.4,3942.0,3935.6,3941.4,58242
1785392700,3941.5,3942.1,3939.1,3941.1,16329
1785393000,3941.5,3941.9,3933.0,3937.7,18117
1785393300,3938.0,3940.0,3934.0,3935.1,14885
1785393600,3935.2,3941.1,3932.7,3941.0,29194
1785393900,3941.0,3942.9,3936.7,3938.5,19180
1785394200,3939.0,3941.6,3931.4,3931.4,15201
1785394500,3931.6,3936.8,3930.0,3934.2,18421
1785394800,3934.2,3948.0,3932.8,3943.1,21260
1785395100,3944.7,3948.0,3940.0,3942.5,13796
1785395400,3942.7,3944.0,3938.9,3942.2,25744
1785395700,3942.2,3943.2,3938.3,3943.1,16621
1785396000,3943.1,3944.0,3939.5,3940.6,14253
1785396300,3941.1,3942.0,3939.5,3939.5,11889
1785396600,3939.9,3939.9,3933.6,3934.6,33081
1785396900,3935.6,3936.5,3931.3,3935.0,11590
1785397200,3935.2,3935.8,3926.0,3929.4,20060
1785397500,3929.4,3930.6,3928.1,3930.3,13038
1785397800,3930.3,3935.0,3929.3,3934.8,9040
1785398100,3934.8,3935.0,3930.5,3932.0,12818
1785398400,3932.0,3938.4,3931.5,3938.4,15809
1785398700,3938.4,3939.9,3935.1,3939.9,16263
1785399000,3939.9,3940.9,3936.2,3938.0,15029
1785399300,3938.0,3938.0,3932.7,3932.7,13705
1785399600,3932.7,3938.7,3930.7,3936.8,29728
1785399900,3936.8,3938.9,3934.4,3936.0,16294
1785400200,3936.0,3938.3,3934.6,3936.5,14076
1785400500,3936.9,3937.0,3929.1,3929.8,16321
1785400800,3930.0,3930.6,3924.4,3925.0,20981
1785401100,3924.4,3926.3,3923.6,3924.8,16644
1785401400,3925.0,3925.8,3918.4,3921.7,20138
1785401700,3921.7,3925.7,3920.8,3925.3,19349
1785402000,3925.3,3931.8,3924.1,3927.0,30746
1785402300,3928.3,3932.7,3925.7,3932.2,19485
1785402600,3932.5,3933.8,3926.4,3932.2,37691
1785402900,3932.9,3935.8,3927.7,3932.6,38331
1785403200,3932.6,3932.6,3928.1,3930.5,31357
1785403500,3930.5,3933.0,3928.5,3930.9,21274
1785403800,3929.6,3932.9,3927.3,3932.8,45945
1785404100,3933.5,3940.2,3933.3,3939.6,66363
1785404400,3939.2,3941.0,3937.7,3939.9,41473
1785404700,3939.7,3940.5,3934.9,3936.5,44190
1785405000,3938.2,3941.1,3932.0,3938.6,96884
1785405300,3938.4,3949.0,3936.9,3940.5,54611
1785469500,3962.9,3973.1,3953.0,3958.9,47589
1785469800,3958.6,3958.9,3945.0,3945.6,27164
1785470100,3946.8,3948.8,3943.1,3945.0,21876
1785470400,3945.4,3947.2,3937.0,3937.2,30359
1785470700,3938.4,3947.0,3938.0,3946.8,17780
1785471000,3946.7,3950.0,3943.4,3944.0,23571
1785471300,3944.9,3951.7,3940.5,3948.0,26503
1785471600,3947.9,3948.0,3938.0,3938.3,22063
1785471900,3938.6,3945.0,3938.3,3944.5,12645
1785472200,3945.0,3947.1,3940.0,3940.8,13517
1785472500,3940.7,3941.8,3937.7,3940.0,18175
1785472800,3940.0,3940.4,3938.4,3940.0,12617
1785473100,3939.9,3940.0,3935.0,3937.3,17482
1785473400,3937.7,3939.0,3935.1,3939.0,14547
1785473700,3939.0,3939.0,3936.0,3936.2,11985
1785474000,3936.1,3936.6,3931.0,3932.0,19839
1785474300,3931.6,3939.7,3931.2,3937.1,23749
1785474600,3937.5,3940.2,3935.1,3935.3,16940
1785474900,3935.3,3936.8,3932.0,3932.7,10665
1785475200,3932.7,3932.7,3928.0,3930.7,16184
1785475500,3931.4,3934.0,3929.6,3931.2,11253
1785475800,3930.5,3931.8,3929.2,3930.8,10345
1785476100,3930.8,3934.4,3925.9,3927.2,14475
1785476400,3927.3,3930.5,3926.3,3930.5,8467
1785476700,3930.3,3931.7,3926.0,3928.0,26915
1785477000,3928.1,3929.2,3923.2,3925.3,25106
1785477300,3925.3,3927.0,3924.8,3925.2,13873
1785477600,3925.2,3932.5,3925.2,3932.0,10647
1785477900,3932.0,3934.3,3930.4,3933.9,5858
1785478200,3934.0,3937.4,3932.0,3937.0,6680
1785478500,3937.4,3939.2,3934.3,3939.2,8105
1785478800,3939.2,3939.3,3937.0,3938.2,6952
1785479100,3938.3,3940.0,3937.6,3938.5,6133
1785479400,3938.9,3939.0,3935.1,3935.3,3627
1785479700,3936.4,3936.5,3934.0,3935.5,4470
1785480000,3935.9,3936.2,3932.7,3936.1,5114
1785480300,3936.2,3937.2,3936.1,3937.0,4064
1785480600,3937.1,3937.2,3937.0,3937.1,3449
1785480900,3937.1,3942.0,3937.0,3938.5,52367
1785481200,3938.5,3938.5,3934.1,3938.2,12272
1785481500,3938.2,3939.3,3937.0,3937.6,5871
1785481800,3938.0,3943.0,3937.1,3939.7,90024
1785482100,3940.0,3945.3,3939.8,3941.6,39878
1785482400,3942.5,3943.6,3939.3,3942.8,13074
1785482700,3942.2,3958.9,3942.0,3946.7,212641
1785483000,3947.7,3948.5,3943.0,3944.8,22938
1785483300,3945.5,3949.3,3944.0,3945.5,124971
1785483600,3945.4,3945.6,3942.0,3942.8,33021
1785483900,3942.8,3945.0,3942.0,3944.0,9172
1785484200,3944.4,3944.4,3940.9,3940.9,26678
1785484500,3941.0,3942.6,3938.5,3941.0,11029
1785484800,3941.6,3941.8,3935.0,3935.1,16860
1785485100,3935.1,3941.6,3935.0,3937.9,5879
1785485400,3939.2,3942.3,3937.0,3940.4,9229
1785485700,3942.0,3942.0,3937.0,3937.5,17008
1785486000,3937.5,3940.0,3937.5,3940.0,8323
1785486300,3940.0,3943.0,3939.8,3941.0,15917
1785486600,3941.7,3942.1,3939.0,3939.0,5651
1785486900,3939.0,3940.0,3937.0,3939.3,7792
1785487200,3939.1,3939.5,3937.2,3939.2,3287
1785487500,3939.3,3939.3,3930.2,3931.6,25181
1785487800,3931.6,3933.3,3930.4,3933.0,7317
1785488100,3933.4,3935.1,3932.1,3934.4,13048
1785488400,3934.4,3936.0,3932.0,3932.0,5149
1785488700,3931.9,3935.4,3931.0,3933.0,14117
1785489000,3932.4,3935.9,3931.1,3935.9,12491
1785489300,3935.5,3938.0,3935.5,3937.8,8623
1785489600,3937.5,3937.9,3936.0,3936.8,6807
1785489900,3937.5,3938.5,3936.0,3937.0,15168
1785490200,3937.0,3939.6,3936.7,3937.9,52801
1785490500,3938.0,3940.0,3937.8,3940.0,53807
1785490800,3940.0,3940.2,3938.1,3940.0,69145
1785491100,3940.0,3940.2,3936.1,3936.1,63218
1785491400,3937.6,3939.4,3934.1,3938.2,39615
1785491700,3938.3,3939.9,3933.0,3938.0,39142
1785728700,3974.0,3989.0,3962.5,3978.5,138325
1785729000,3978.1,3983.4,3974.0,3979.5,66025
1785729300,3979.5,3985.0,3978.1,3980.8,37482
1785729600,3981.7,3982.3,3975.1,3978.2,22008
1785729900,3979.0,3980.0,3976.0,3979.3,14590
1785730200,3979.5,3979.5,3974.0,3976.9,21849
1785730500,3977.0,3979.0,3976.0,3978.9,11533
1785730800,3978.9,3982.8,3974.8,3982.8,23081
1785731100,3981.3,3989.0,3980.4,3984.0,40264
1785731400,3984.8,3987.2,3983.1,3986.5,11801
1785731700,3986.5,3986.5,3977.0,3977.0,10604
1785732000,3977.0,3978.1,3975.0,3975.7,13722
1785732300,3975.7,3982.2,3974.0,3981.0,19737
1785732600,3981.3,3981.4,3968.4,3968.7,42075
1785732900,3968.5,3971.1,3966.5,3968.8,16713
1785733200,3967.6,3970.0,3965.7,3967.1,16089
1785733500,3967.0,3972.0,3965.1,3972.0,11681
1785733800,3971.6,3972.0,3969.4,3969.9,7616
1785734100,3969.9,3972.8,3968.6,3971.0,6706
1785734400,3972.2,3974.4,3971.4,3971.7,11242
1785734700,3973.3,3973.3,3968.1,3968.7,10894
1785735000,3968.7,3970.0,3968.0,3969.1,5812
1785735300,3969.0,3971.0,3968.3,3969.5,7174
1785735600,3968.6,3970.5,3968.0,3969.0,6604
1785735900,3969.5,3971.5,3969.0,3969.7,6060
1785736200,3969.7,3970.8,3966.5,3967.4,13962
1785736500,3967.4,3968.0,3965.0,3966.8,8203
1785736800,3967.3,3971.8,3966.0,3970.8,34397
1785737100,3971.0,3977.0,3968.7,3975.0,101643
1785737400,3974.9,3979.5,3974.0,3978.8,18518
1785737700,3978.8,3986.0,3976.7,3984.8,35702
1785738000,3984.8,4001.0,3984.8,3999.3,143425
1785738300,4000.0,4000.7,3992.1,3995.0,37924
1785738600,3995.0,3995.0,3991.0,3991.3,13331
1785738900,3991.5,3995.0,3991.5,3994.2,13604
1785739200,3994.0,4000.7,3992.1,4000.1,39600
1785739500,4001.0,4010.0,3999.1,4008.5,45924
1785739800,4008.5,4011.8,4004.0,4009.4,39179
1785740100,4009.4,4016.5,4009.0,4015.5,59804
1785740400,4015.2,4020.0,4012.5,4016.0,54139
1785740700,4016.9,4016.9,4014.0,4015.7,28324
1785741000,4015.7,4018.4,4015.0,4017.8,16233
1785741300,4019.4,4024.5,4010.1,4012.6,60729
1785741600,4012.9,4014.9,4006.5,4006.5,21908
1785741900,4008.2,4008.2,4003.4,4005.5,13301
1785742200,4005.0,4005.6,3998.6,4001.5,16446
1785742500,4001.5,4003.7,4000.0,4001.4,11289
1785742800,4001.6,4003.0,3999.1,4000.4,6287
1785743100,4000.4,4005.0,3999.1,4005.0,10093
1785743400,4005.0,4005.9,4001.0,4002.8,8599
1785743700,4002.9,4004.6,4002.0,4003.1,5760
1785744000,4003.1,4014.0,4001.4,4013.3,28134
1785744300,4013.7,4017.9,4009.3,4009.5,30679
1785744600,4009.3,4009.3,4002.7,4004.5,11831
1785744900,4004.0,4008.0,4002.4,4005.2,13244
1785745200,4005.2,4006.0,4002.7,4005.7,8583
1785745500,4005.7,4008.0,4002.7,4005.8,12525
1785745800,4005.9,4008.0,4005.0,4006.5,5438
1785746100,4006.3,4007.7,4005.0,4006.6,5692
1785746400,4007.0,4007.1,4005.0,4005.8,5265
1785746700,4005.2,4006.0,4003.1,4004.8,11270
1785747000,4004.8,4010.0,4004.8,4005.0,16478
1785747300,4006.1,4006.1,4003.0,4003.0,6803
1785747600,4003.0,4006.4,4002.0,4005.4,7669
1785747900,4005.4,4006.5,4002.0,4005.7,12379
1785748200,4004.1,4006.0,4003.1,4004.4,4887
1785748500,4003.7,4006.0,4001.5,4005.0,15711
1785748800,4005.0,4005.0,4000.0,4003.8,31550
1785749100,4003.8,4005.1,4001.8,4005.1,16519
1785749400,4005.7,4005.7,4000.0,4000.5,33088
1785749700,4000.5,4001.8,3997.4,3999.8,68977
1785750000,3998.1,4002.0,3995.0,3998.3,43206
1785750300,3998.3,3998.3,3998.3,3998.3,10
1785750600,3998.3,3998.3,3998.3,3998.3,0
1785750900,3998.3,4025.0,3998.3,4025.0,52507
1785815100,4007.2,4008.0,3988.2,3993.4,60316
1785815400,3996.0,4005.0,3996.0,4002.0,26475
1785815700,4002.0,4003.0,3999.1,3999.1,13807
1785816000,3999.0,4019.0,3996.2,4018.2,48861
1785816300,4018.3,4032.4,4017.3,4031.4,77910
1785816600,4030.5,4035.0,4028.0,4030.0,43924
1785816900,4029.0,4034.7,4029.0,4030.9,27654
1785817200,4030.9,4042.4,4028.1,4032.9,90092
1785817500,4032.9,4034.0,4028.0,4029.4,20108
1785817800,4028.2,4029.5,4022.1,4023.6,23376
1785818100,4023.6,4025.9,4022.0,4022.2,10281
1785818400,4022.2,4026.0,4020.0,4024.3,20578
1785818700,4024.0,4027.9,4021.7,4026.1,11618
1785819000,4026.7,4026.9,4021.0,4021.1,9422
1785819300,4021.1,4024.6,4020.0,4022.8,13960
1785819600,4021.7,4023.9,4020.5,4021.9,10372
1785819900,4021.9,4024.2,4020.1,4022.2,11569
1785820200,4022.1,4022.1,4020.0,4021.0,8050
1785820500,4021.3,4021.3,4019.0,4020.8,14152
1785820800,4020.8,4024.1,4016.2,4018.0,15490
1785821100,4018.1,4019.0,4015.0,4017.0,12350
1785821400,4016.2,4025.8,4016.2,4023.7,13987
1785821700,4023.9,4023.9,4022.0,4022.4,6360
1785822000,4022.1,4027.0,4022.0,4027.0,7977
1785822300,4027.0,4029.9,4026.4,4028.3,13437
1785822600,4028.4,4032.5,4026.7,4030.1,16791
1785822900,4030.2,4036.0,4030.1,4035.1,27584
1785823200,4036.0,4039.5,4035.0,4039.4,22251
1785823500,4039.1,4039.1,4035.0,4037.0,17889
1785823800,4037.5,4038.0,4032.3,4033.1,13554
1785824100,4033.8,4035.0,4020.2,4020.6,40034
1785824400,4021.0,4023.7,4013.9,4017.2,54239
1785824700,4018.0,4020.4,4017.2,4020.0,14954
1785825000,4020.0,4031.8,4015.5,4031.7,46040
1785825300,4030.7,4033.5,4024.4,4024.5,27921
1785825600,4024.5,4031.8,4021.1,4031.5,26221
1785825900,4031.8,4033.3,4030.1,4032.5,12134
1785826200,4032.0,4038.3,4031.0,4035.3,37027
1785826500,4035.5,4037.8,4032.0,4035.5,31587
1785826800,4037.0,4037.7,4033.8,4035.6,25219
1785827100,4036.3,4038.4,4032.1,4037.8,16234
1785827400,4038.0,4040.0,4036.9,4039.0,27388
1785827700,4039.0,4039.5,4032.0,4032.5,10806
1785828000,4032.0,4033.5,4028.2,4028.7,11263
1785828300,4028.7,4032.2,4023.7,4027.0,16946
1785828600,4027.7,4030.0,4024.0,4024.8,14913
1785828900,4024.8,4025.0,4022.0,4022.0,11847
1785829200,4022.1,4023.9,4020.0,4020.0,9787
1785829500,4020.2,4024.3,4018.2,4022.0,14050
1785829800,4022.1,4024.0,4021.1,4022.3,12725
1785830100,4022.8,4022.8,4012.8,4013.5,25559
1785830400,4013.8,4016.6,4013.8,4015.7,10314
1785830700,4015.9,4015.9,4012.8,4014.5,10012
1785831000,4014.5,4018.0,4011.0,4011.0,28024
1785831300,4011.4,4011.4,4007.8,4009.5,13311
1785831600,4009.7,4010.0,4002.3,4005.0,24164
1785831900,4003.6,4006.6,4000.0,4006.4,45473
1785832200,4006.4,4006.7,4002.0,4002.0,9154
1785832500,4002.2,4004.5,4001.2,4001.6,16130
1785832800,4001.7,4005.2,4001.5,4003.0,11221
1785833100,4003.1,4010.5,4002.4,4010.5,46039
1785833400,4010.6,4015.9,4006.0,4007.3,27952
1785833700,4007.4,4011.7,4005.1,4010.9,21508
1785834000,4009.8,4020.4,4005.1,4008.0,83657
1785834300,4008.5,4010.8,4006.4,4006.6,32920
1785834600,4006.6,4007.3,4002.0,4003.0,18954
1785834900,4003.0,4006.6,4002.4,4004.1,18367
1785835200,4004.5,4005.5,4002.9,4003.0,10926
1785835500,4003.2,4006.9,4001.9,4002.9,23597
1785835800,4002.8,4004.4,3997.9,3998.6,56101
1785836100,3998.6,4004.7,3995.8,3998.1,45458
1785836400,3998.0,4002.0,3995.0,4001.0,33206
1785836700,4001.0,4001.0,4001.0,4001.0,0
1785837000,4001.0,4001.0,4001.0,4001.0,0
1785837300,4001.0,4001.0,3990.0,3990.0,28986
1785901500,4025.0,4071.0,4024.8,4063.9,156000
1785901800,4063.9,4065.5,4056.0,4061.0,56743
1785902100,4061.0,4065.0,4057.7,4062.7,42144
1785902400,4062.7,4066.1,4057.0,4058.0,36389
1785902700,4058.0,4063.9,4056.1,4063.0,23955
1785903000,4063.3,4070.7,4063.3,4070.0,50971
1785903300,4070.5,4070.5,4051.9,4056.5,34417
1785903600,4057.5,4057.5,4046.2,4050.5,33744
1785903900,4050.1,4059.0,4049.0,4058.9,18868
1785904200,4059.0,4068.7,4058.7,4063.5,54000
1785904500,4064.0,4074.0,4059.3,4072.8,74862
1785904800,4072.8,4073.5,4057.5,4060.3,30412
1785905100,4060.3,4060.3,4053.0,4053.5,18044
1785905400,4053.5,4065.0,4053.5,4062.5,24437
1785905700,4062.9,4064.8,4058.3,4058.5,13208
1785906000,4058.9,4059.0,4052.0,4053.8,27093
1785906300,4054.7,4058.4,4053.7,4055.5,5712
1785906600,4055.5,4060.5,4055.0,4055.7,15693
1785906900,4056.5,4060.0,4055.5,4058.0,25232
1785907200,4059.0,4060.0,4056.2,4059.3,7206
1785907500,4058.5,4063.0,4058.5,4060.5,23266
1785907800,4060.7,4063.0,4060.3,4062.1,15618
1785908100,4062.9,4072.0,4062.2,4067.1,57711
1785908400,4067.1,4067.8,4061.4,4062.0,21532
1785908700,4061.5,4064.7,4060.8,4062.0,10473
1785909000,4062.0,4063.7,4061.0,4062.0,18914
1785909300,4062.1,4063.8,4058.1,4060.1,19491
1785909600,4060.0,4061.3,4053.0,4053.7,29998
1785909900,4054.6,4058.0,4052.8,4057.8,16652
1785910200,4057.8,4061.1,4056.0,4058.6,13817
1785910500,4058.6,4060.0,4049.7,4049.8,38645
1785910800,4049.6,4054.8,4048.0,4052.3,48494
1785911100,4052.5,4056.2,4049.7,4050.8,24242
1785911400,4050.8,4051.3,4046.2,4049.7,23796
1785911700,4049.6,4050.0,4047.9,4049.7,7561
1785912000,4049.8,4054.0,4047.1,4052.1,38777
1785912300,4052.1,4054.7,4051.3,4053.1,7914
1785912600,4053.6,4054.9,4048.3,4053.3,15026
1785912900,4053.8,4059.4,4052.6,4057.0,36714
1785913200,4056.5,4057.2,4053.6,4055.2,36209
1785913500,4056.0,4056.0,4051.6,4055.0,18603
1785913800,4053.9,4056.0,4048.1,4049.6,7832
1785914100,4049.7,4052.9,4048.3,4049.1,9673
1785914400,4050.0,4050.0,4048.0,4049.5,8223
1785914700,4050.0,4050.9,4047.2,4047.2,10755
1785915000,4047.5,4050.0,4046.0,4048.9,5582
1785915300,4048.8,4053.9,4045.3,4053.7,21381
1785915600,4053.1,4055.3,4049.2,4055.2,22592
1785915900,4054.3,4058.8,4052.5,4056.8,47662
1785916200,4056.5,4059.9,4049.4,4050.3,84794
1785916500,4050.8,4052.8,4046.1,4051.1,28303
1785916800,4051.5,4060.0,4051.0,4053.4,20308
1785917100,4054.6,4058.7,4053.4,4057.8,5532
1785917400,4057.9,4057.9,4048.5,4051.5,12113
1785917700,4052.0,4056.0,4048.8,4054.0,12746
1785918000,4054.5,4055.6,4050.0,4052.6,17075
1785918300,4050.8,4053.6,4047.5,4052.1,10698
1785918600,4053.4,4054.4,4050.9,4053.7,4829
1785918900,4053.9,4055.0,4050.6,4052.7,5624
1785919200,4053.7,4053.9,4042.9,4044.2,11154
1785919500,4044.5,4044.5,4037.8,4042.0,16609
1785919800,4041.9,4047.9,4040.8,4044.9,10172
1785920100,4045.1,4046.0,4035.6,4038.2,16492
1785920400,4039.5,4043.4,4038.9,4041.1,12099
1785920700,4040.2,4046.6,4039.6,4044.8,13934
1785921000,4044.8,4044.9,4039.0,4041.9,11278
1785921300,4042.9,4046.4,4042.1,4044.0,13769
1785921600,4044.0,4046.0,4040.4,4041.9,15633
1785921900,4041.5,4047.0,4040.6,4044.0,25047
1785922200,4045.0,4047.0,4043.0,4044.5,18422
1785922500,4044.5,4048.0,4034.3,4046.4,32260
1785922800,4047.0,4050.0,4041.6,4050.0,33719
1785923100,4047.0,4047.0,4047.0,4047.0,163
1785923400,4047.0,4047.0,4047.0,4047.0,0
1785923700,4047.0,4057.0,4047.0,4057.0,60419
1785987900,4056.0,4059.8,4048.9,4057.4,43398
1785988200,4056.8,4066.0,4056.8,4063.8,33406
1785988500,4063.0,4066.8,4059.4,4061.7,29395
1785988800,4061.7,4066.6,4061.7,4063.1,19607
1785989100,4063.1,4066.7,4062.0,4064.0,12761
1785989400,4064.1,4066.0,4061.3,4062.9,15953
1785989700,4063.1,4069.0,4062.5,4066.8,19355
1785990000,4068.4,4070.0,4067.0,4068.2,17043
1785990300,4067.2,4067.3,4051.0,4052.5,28535
1785990600,4053.6,4053.6,4045.0,4049.5,34914
1785990900,4049.6,4055.4,4047.6,4055.0,8314
1785991200,4055.9,4059.0,4048.4,4049.7,17633
1785991500,4049.6,4050.0,4046.5,4048.0,8719
1785991800,4047.6,4051.8,4046.9,4051.3,12016
1785992100,4051.3,4051.4,4048.1,4050.0,7112
1785992400,4050.3,4051.6,4049.1,4051.1,12314
1785992700,4051.1,4059.9,4049.7,4056.2,13904
1785993000,4056.6,4060.0,4054.8,4060.0,15027
1785993300,4060.0,4060.0,4053.5,4055.4,18339
1785993600,4055.3,4057.7,4054.2,4057.3,10422
1785993900,4057.3,4060.0,4057.0,4059.7,9079
1785994200,4060.0,4060.0,4054.6,4058.0,11462
1785994500,4058.0,4059.8,4056.0,4059.3,11161
1785994800,4059.0,4065.0,4057.6,4065.0,11869
1785995100,4064.9,4066.8,4062.9,4066.0,34454
1785995400,4066.4,4067.7,4065.1,4066.8,20755
1785995700,4066.0,4067.0,4063.9,4066.0,15229
1785996000,4066.4,4068.0,4066.0,4067.5,26872
1785996300,4067.3,4068.6,4066.5,4067.9,10848
1785996600,4067.9,4068.0,4062.6,4065.0,19385
1785996900,4065.0,4065.9,4062.0,4064.3,22701
1785997200,4064.4,4066.0,4064.4,4065.8,10588
1785997500,4065.6,4068.0,4063.3,4067.7,19033
1785997800,4067.5,4068.5,4066.6,4068.5,12872
1785998100,4068.0,4068.4,4064.0,4066.0,22905
1785998400,4066.0,4067.1,4061.6,4062.5,22060
1785998700,4063.9,4066.0,4063.3,4063.9,15785
1785999000,4063.6,4063.9,4057.6,4063.0,11684
1785999300,4063.1,4067.0,4060.1,4066.7,10937
1785999600,4066.7,4068.0,4065.0,4067.4,5337
1785999900,4067.3,4067.6,4063.7,4064.2,5358
1786000200,4064.4,4065.5,4062.9,4065.4,9098
1786000500,4065.6,4066.9,4061.3,4062.1,19564
1786000800,4062.9,4064.6,4061.4,4062.6,10161
1786001100,4063.3,4064.6,4060.9,4063.7,10972
1786001400,4063.7,4063.7,4060.8,4062.7,8161
1786001700,4062.7,4062.9,4059.0,4059.5,10593
1786002000,4059.5,4061.3,4057.8,4058.0,7141
1786002300,4057.0,4057.8,4052.3,4057.2,50064
1786002600,4057.3,4059.0,4052.2,4053.2,19710
1786002900,4053.2,4057.2,4051.3,4056.8,34615
1786003200,4056.6,4059.5,4050.0,4051.4,13539
1786003500,4050.2,4053.3,4045.2,4050.0,18863
1786003800,4050.0,4053.1,4049.1,4051.7,10746
1786004100,4051.7,4051.9,4046.4,4047.3,33394
1786004400,4047.3,4052.7,4045.4,4050.0,26306
1786004700,4050.0,4054.8,4046.2,4052.4,25378
1786005000,4052.4,4058.0,4048.6,4054.9,25030
1786005300,4056.1,4058.0,4053.6,4054.1,16405
1786005600,4055.1,4056.8,4052.8,4055.0,13747
1786005900,4055.0,4056.0,4052.6,4053.0,12651
1786006200,4053.5,4058.6,4050.0,4058.0,14663
1786006500,4058.0,4059.9,4056.0,4058.0,11893
1786006800,4058.0,4064.0,4057.2,4061.5,33779
1786007100,4060.5,4062.8,4055.7,4056.7,17179
1786007400,4056.9,4060.9,4053.9,4055.6,33931
1786007700,4055.6,4055.9,4053.1,4055.0,18101
1786008000,4055.0,4056.7,4053.0,4055.0,18378
1786008300,4055.0,4057.2,4054.1,4054.7,17167
1786008600,4056.5,4060.0,4054.7,4060.0,32809
1786008900,4060.0,4065.0,4058.6,4063.9,46455
1786009200,4063.9,4063.9,4057.2,4060.8,30658
1786009500,4061.8,4061.8,4061.8,4061.8,127
1786009800,4061.8,4061.8,4061.8,4061.8,0
1786010100,4061.8,4061.8,4061.8,4061.8,35507
1786074300,4040.1,4061.6,4039.0,4057.0,36704
1786074600,4057.9,4061.2,4055.0,4059.8,18144
1786074900,4059.0,4059.8,4053.8,4055.2,17153
1786075200,4055.3,4062.0,4052.3,4058.5,19994
1786075500,4058.5,4061.0,4053.3,4053.3,11912
1786075800,4053.3,4060.0,4053.0,4059.7,6556
1786076100,4060.0,4060.3,4053.2,4056.3,4990
1786076400,4056.3,4059.7,4056.0,4058.0,4447
1786076700,4058.0,4061.9,4057.5,4058.6,8193
1786077000,4059.5,4059.5,4044.0,4047.2,20626
1786077300,4047.5,4050.0,4046.1,4048.0,10553
1786077600,4046.6,4047.9,4043.2,4044.6,9959
1786077900,4044.6,4045.0,4042.0,4042.5,4650
1786078200,4043.7,4044.9,4041.3,4042.1,4084
1786078500,4042.5,4042.5,4036.5,4037.5,11378
1786078800,4037.0,4040.4,4036.5,4039.6,8915
1786079100,4040.0,4047.5,4039.6,4045.2,11291
1786079400,4046.2,4046.3,4044.1,4045.1,2054
1786079700,4045.2,4048.0,4044.8,4047.7,5710
1786080000,4046.7,4049.4,4044.9,4046.7,11916
1786080300,4047.2,4048.1,4042.5,4043.9,48588
1786080600,4045.3,4045.3,4038.5,4039.5,11921
1786080900,4040.6,4045.0,4039.5,4043.2,8136
1786081200,4043.8,4046.0,4039.3,4040.0,9540
1786081500,4040.0,4041.8,4038.6,4040.3,2942
1786081800,4040.3,4042.0,4039.2,4041.0,24152
1786082100,4041.0,4041.7,4039.2,4039.8,4411
1786082400,4040.7,4041.5,4039.4,4040.9,4592
1786082700,4040.9,4044.0,4039.0,4042.0,8715
1786083000,4042.4,4043.6,4041.6,4042.4,9778
1786083300,4042.0,4043.2,4038.0,4038.8,5940
1786083600,4038.0,4042.5,4038.0,4040.4,8554
1786083900,4040.6,4041.8,4040.0,4040.8,4127
1786084200,4040.8,4041.8,4040.0,4040.2,7276
1786084500,4041.5,4042.0,4040.0,4040.5,8795
1786084800,4042.0,4042.0,4038.1,4039.8,7458
1786085100,4039.8,4040.0,4037.0,4038.5,3764
1786085400,4038.5,4043.2,4038.3,4040.6,4742
1786085700,4041.7,4043.9,4040.4,4042.0,3706
1786086000,4042.1,4043.9,4040.2,4043.0,4712
1786086300,4043.0,4045.6,4041.8,4043.1,14366
1786086600,4043.9,4046.0,4043.0,4045.1,7947
1786086900,4045.1,4049.5,4045.0,4046.2,8085
1786087200,4046.2,4050.0,4045.6,4049.8,7136
1786087500,4049.8,4050.0,4045.0,4048.8,15207
1786087800,4049.0,4049.0,4045.0,4045.8,9264
1786088100,4045.6,4048.0,4045.0,4045.0,11007
1786088400,4045.8,4046.0,4040.0,4040.1,10438
1786088700,4041.0,4045.6,4040.0,4040.9,9501
1786089000,4040.9,4050.5,4040.3,4049.0,16665
1786089300,4049.0,4052.0,4048.3,4049.5,11232
1786089600,4049.8,4050.5,4047.0,4049.4,10767
1786089900,4048.9,4051.4,4047.8,4050.0,9932
1786090200,4050.8,4052.3,4050.0,4050.9,5996
1786090500,4051.4,4052.0,4049.0,4052.0,15099
1786090800,4051.2,4053.5,4051.0,4051.6,9499
1786091100,4052.5,4053.0,4045.8,4048.7,19283
1786091400,4048.8,4052.0,4041.0,4041.9,16093
1786091700,4042.7,4043.0,4032.1,4036.0,21592
1786092000,4036.0,4036.1,4030.0,4032.2,14958
1786092300,4034.0,4036.0,4031.0,4034.0,11362
1786092600,4034.0,4037.5,4033.0,4035.9,6275
1786092900,4037.4,4040.5,4035.0,4038.0,7631
1786093200,4037.2,4043.8,4034.5,4041.7,29760
1786093500,4042.2,4045.0,4039.0,4042.0,17978
1786093800,4040.4,4043.0,4038.0,4038.0,10992
1786094100,4039.7,4040.5,4038.0,4040.0,14069
1786094400,4040.0,4042.2,4037.8,4038.7,16673
1786094700,4040.0,4041.5,4038.3,4038.9,10213
1786095000,4038.8,4040.4,4038.0,4039.3,13740
1786095300,4040.0,4041.0,4038.2,4039.9,19780
1786095600,4040.0,4042.4,4035.0,4040.0,28143
1786095900,4040.0,4040.0,4040.0,4040.0,34
1786096200,4040.0,4040.0,4040.0,4040.0,0
1786096500,4040.0,4056.0,4040.0,4056.0,43970
1786333500,4055.7,4055.7,4026.0,4034.0,32779
1786333800,4036.0,4045.2,4036.0,4043.3,18078
1786334100,4046.5,4047.0,4031.2,4035.0,15339
1786334400,4034.6,4035.8,4025.8,4031.8,18889
1786334700,4032.0,4034.6,4028.1,4031.0,9826
1786335000,4031.8,4033.0,4027.0,4030.1,8698
1786335300,4030.4,4033.0,4029.0,4030.7,6324
1786335600,4030.6,4035.1,4029.5,4034.4,8862
1786335900,4034.5,4039.3,4034.0,4037.0,10558
1786336200,4037.0,4045.4,4036.2,4042.8,16734
1786336500,4044.7,4047.9,4040.6,4041.4,6659
1786336800,4041.3,4043.9,4040.2,4043.9,5019
1786337100,4044.3,4054.6,4044.0,4053.0,17321
1786337400,4053.5,4059.0,4053.1,4056.3,12168
1786337700,4056.5,4061.9,4051.9,4061.6,13946
1786338000,4061.7,4064.0,4057.0,4058.9,13053
1786338300,4058.9,4061.9,4058.8,4059.7,6180
1786338600,4059.8,4062.0,4058.1,4061.8,12808
1786338900,4062.0,4062.1,4058.0,4058.5,11372
1786339200,4058.5,4059.5,4056.0,4057.9,4726
1786339500,4057.9,4059.4,4053.3,4055.8,7843
1786339800,4055.3,4059.8,4054.6,4057.9,7935
1786340100,4057.0,4057.9,4050.1,4053.4,8365
1786340400,4053.3,4055.0,4050.7,4054.0,5530
1786340700,4054.0,4054.0,4049.0,4050.4,5440
1786341000,4050.0,4053.0,4049.7,4052.7,9103
1786341300,4052.1,4056.0,4051.1,4053.0,12013
1786341600,4052.9,4053.6,4050.3,4051.3,3421
1786341900,4050.9,4052.4,4050.0,4052.4,9854
1786342200,4051.5,4052.5,4050.5,4050.7,3670
1786342500,4050.7,4054.2,4050.0,4053.0,9267
1786342800,4052.9,4062.0,4052.6,4059.6,32251
1786343100,4059.0,4062.0,4057.2,4061.4,8701
1786343400,4061.4,4063.9,4060.4,4063.1,11624
1786343700,4063.0,4063.3,4060.0,4060.4,9099
1786344000,4060.6,4065.0,4060.6,4064.4,16260
1786344300,4064.0,4068.0,4063.0,4065.4,12955
1786344600,4065.0,4066.0,4065.0,4065.9,5852
1786344900,4065.9,4070.0,4065.4,4068.0,17455
1786345200,4069.0,4069.4,4065.0,4066.4,5245
1786345500,4066.6,4066.9,4065.0,4065.2,6355
1786345800,4065.3,4065.4,4062.9,4063.3,24297
1786346100,4063.8,4066.9,4062.0,4065.0,11566
1786346400,4065.1,4068.0,4057.6,4058.4,20633
1786346700,4058.4,4063.5,4056.0,4060.0,14231
1786347000,4060.1,4062.0,4060.0,4061.3,6472
1786347300,4061.5,4065.0,4059.8,4060.0,10465
1786347600,4060.1,4060.1,4052.9,4054.2,32417
1786347900,4054.2,4060.1,4053.5,4060.1,10817
1786348200,4059.7,4060.1,4057.6,4058.0,7427
1786348500,4057.8,4064.0,4057.8,4062.0,10879
1786348800,4062.2,4069.0,4062.0,4069.0,16442
1786349100,4068.8,4069.0,4064.2,4066.1,21048
1786349400,4065.6,4067.0,4063.6,4063.9,9035
1786349700,4065.0,4065.5,4062.0,4064.3,12758
1786350000,4064.1,4064.3,4062.0,4063.0,12974
1786350300,4063.0,4066.0,4062.6,4065.3,24030
1786350600,4066.4,4072.0,4065.5,4068.3,33831
1786350900,4068.3,4069.0,4067.1,4068.0,6788
1786351200,4068.8,4068.8,4065.0,4068.5,9572
1786351500,4068.3,4069.0,4065.0,4065.5,11763
1786351800,4065.1,4070.0,4065.0,4069.6,14587
1786352100,4069.8,4074.6,4066.8,4067.0,22832
1786352400,4067.8,4070.0,4067.0,4069.8,18729
1786352700,4070.0,4070.7,4065.0,4068.7,25233
1786353000,4068.8,4076.0,4065.8,4074.0,63462
1786353300,4074.6,4075.0,4071.5,4071.7,15613
1786353600,4072.7,4072.7,4067.5,4071.5,16241
1786353900,4072.5,4074.0,4071.1,4073.0,24105
1786354200,4072.9,4074.2,4068.2,4072.0,38355
1786354500,4072.0,4073.3,4067.3,4068.5,20032
1786354800,4068.3,4074.0,4067.4,4070.7,28586
1786355100,4073.0,4073.0,4073.0,4073.0,472
1786355400,4073.0,4073.0,4073.0,4073.0,0
1786355700,4073.0,4080.0,4073.0,4080.0,25890
1786419900,4075.1,4075.5,4051.9,4054.6,63774
1786420200,4055.2,4058.8,4051.0,4052.5,28460
1786420500,4052.0,4058.0,4050.2,4056.0,16603
1786420800,4053.9,4058.6,4052.3,4055.1,15580
1786421100,4055.1,4062.0,4053.1,4058.9,14927
1786421400,4058.6,4059.7,4050.4,4051.8,12276
1786421700,4051.8,4052.0,4045.8,4049.6,13529
1786422000,4049.1,4050.0,4045.0,4046.9,8634
1786422300,4047.6,4050.3,4043.0,4049.4,15316
1786422600,4048.1,4050.0,4044.0,4045.5,10050
1786422900,4045.9,4049.0,4045.1,4048.3,8132
1786423200,4048.4,4048.4,4045.6,4045.6,4111
1786423500,4045.4,4051.5,4044.3,4048.3,6404
1786423800,4049.7,4049.7,4040.9,4040.9,14415
1786424100,4040.9,4049.1,4040.1,4047.6,8254
1786424400,4047.6,4049.4,4043.6,4047.6,6924
1786424700,4047.6,4048.0,4044.3,4045.7,6335
1786425000,4045.7,4045.9,4038.0,4039.6,16626
1786425300,4038.2,4040.0,4035.0,4036.8,16253
1786425600,4036.6,4039.0,4033.4,4036.5,16573
1786425900,4036.0,4040.0,4035.0,4036.9,6305
1786426200,4038.4,4038.5,4034.9,4036.0,7678
1786426500,4035.6,4040.5,4035.4,4039.0,6430
1786426800,4038.0,4040.0,4037.1,4040.0,3635
1786427100,4040.0,4042.0,4037.5,4039.5,9125
1786427400,4037.8,4041.5,4037.1,4039.3,8311
1786427700,4040.0,4043.0,4039.3,4042.0,18870
1786428000,4043.0,4045.0,4041.5,4044.1,19746
1786428300,4044.0,4044.1,4040.4,4040.6,6691
1786428600,4040.6,4042.1,4040.0,4041.8,4419
1786428900,4041.8,4043.5,4038.9,4043.0,5873
1786429200,4043.1,4043.6,4039.3,4040.0,3713
1786429500,4039.3,4040.4,4032.1,4039.1,41367
1786429800,4040.3,4040.3,4037.0,4039.0,6341
1786430100,4037.9,4043.1,4037.9,4041.9,5957
1786430400,4041.9,4045.6,4041.0,4041.9,19692
1786430700,4042.5,4045.8,4041.3,4045.0,18795
1786431000,4045.0,4046.7,4039.7,4040.5,34466
1786431300,4040.4,4043.3,4037.0,4039.6,23677
1786431600,4039.5,4045.0,4039.2,4045.0,6451
1786431900,4043.7,4045.0,4041.8,4044.6,6652
1786432200,4043.6,4046.6,4041.2,4046.2,19251
1786432500,4046.0,4048.0,4046.0,4047.0,12247
1786432800,4046.4,4048.0,4044.9,4046.1,4885
1786433100,4046.0,4047.8,4041.6,4042.9,13279
1786433400,4042.7,4047.0,4042.7,4047.0,11784
1786433700,4047.0,4048.0,4045.9,4047.3,7158
1786434000,4048.0,4048.0,4046.0,4047.8,6733
1786434300,4047.8,4047.8,4042.5,4045.3,21854
1786434600,4046.0,4047.5,4044.5,4047.5,11506
1786434900,4047.2,4055.0,4044.4,4046.0,82709
1786435200,4046.0,4052.9,4043.0,4050.9,23283
1786435500,4049.5,4051.0,4044.0,4046.2,11651
1786435800,4046.2,4051.0,4044.2,4048.8,10811
1786436100,4048.2,4049.1,4045.0,4046.8,3605
1786436400,4046.0,4047.0,4036.6,4041.9,54868
1786436700,4042.7,4043.3,4038.8,4041.8,43890
1786437000,4041.8,4043.9,4040.0,4043.9,21084
1786437300,4043.4,4049.3,4039.6,4042.8,78833
1786437600,4043.6,4043.9,4039.5,4042.1,11171
1786437900,4042.2,4042.2,4038.0,4039.3,5121
1786438200,4039.7,4039.7,4032.2,4037.0,14710
1786438500,4037.3,4037.6,4032.0,4034.9,22520
1786438800,4034.9,4036.7,4033.1,4033.1,12167
1786439100,4035.1,4037.7,4028.5,4031.7,27624
1786439400,4032.0,4042.9,4030.1,4041.1,16687
1786439700,4042.1,4043.9,4040.0,4043.0,12654
1786440000,4044.0,4049.8,4042.0,4044.0,67155
1786440300,4043.9,4053.0,4043.9,4051.0,32882
1786440600,4052.0,4053.4,4046.0,4050.9,31369
1786440900,4050.0,4053.6,4044.6,4046.6,77664
1786441200,4047.5,4049.7,4041.2,4047.5,28090
1786441500,4047.5,4047.5,4047.5,4047.5,0
1786441800,4047.5,4047.5,4047.5,4047.5,0
1786442100,4047.5,4047.5,4037.4,4037.4,31467
1786506300,4038.0,4044.1,4010.2,4015.5,82902
1786506600,4017.4,4018.2,4010.0,4018.1,34321
1786506900,4018.1,4028.8,4017.8,4027.7,27962
1786507200,4027.7,4029.9,4021.7,4026.6,23930
1786507500,4026.7,4027.8,4019.6,4021.6,13877
1786507800,4021.2,4021.2,4008.0,4008.5,38217
1786508100,4008.8,4009.9,4001.6,4004.8,24627
1786508400,4005.5,4009.9,4003.6,4004.7,12506
1786508700,4004.6,4004.6,3998.0,3999.3,28885
1786509000,3999.5,4001.4,3996.4,3998.0,31507
1786509300,3998.0,3999.9,3993.7,3994.9,28353
1786509600,3994.9,3998.2,3994.7,3997.7,23084
1786509900,3997.0,3999.7,3995.1,3996.4,21552
1786510200,3997.4,4000.0,3995.8,3998.9,24621
1786510500,3998.7,4000.6,3995.5,3996.8,28771
1786510800,3996.9,4003.3,3996.6,3999.9,75265
1786511100,4000.0,4000.0,3995.7,3999.3,26124
1786511400,3999.4,4001.0,3996.4,3997.2,18726
1786511700,3996.4,3997.1,3993.0,3994.9,16969
1786512000,3994.9,3997.5,3994.1,3996.4,19568
1786512300,3996.0,3998.1,3991.0,3992.3,30769
1786512600,3992.3,3992.9,3990.1,3992.8,17961
1786512900,3992.9,3994.0,3991.0,3993.7,16575
1786513200,3993.7,3997.0,3991.9,3993.5,21499
1786513500,3993.6,3994.5,3993.0,3993.4,11070
1786513800,3993.4,3997.9,3993.0,3996.0,29280
1786514100,3996.7,4001.7,3996.0,3999.4,58547
1786514400,3999.4,4000.7,3998.1,3999.4,25346
1786514700,3999.5,4000.0,3993.6,3998.4,34962
1786515000,3998.4,4000.0,3993.0,3997.3,44604
1786515300,3998.1,4000.1,3992.7,4000.0,35213
1786515600,4000.1,4000.1,3993.7,3993.7,18846
1786515900,3994.0,3996.0,3990.0,3994.5,46791
1786516200,3995.6,3998.9,3994.8,3997.1,12813
1786516500,3998.6,3998.6,3996.0,3996.9,11785
1786516800,3998.0,3998.0,3995.0,3995.8,9185
1786517100,3996.4,4001.8,3995.0,4001.0,19491
1786517400,4001.2,4005.0,4000.6,4002.3,24763
1786517700,4002.3,4009.0,4001.9,4004.4,42650
1786518000,4004.0,4005.5,3999.8,4002.0,22267
1786518300,4002.0,4002.1,3998.2,4000.4,15825
1786518600,4000.4,4004.1,3996.4,3998.1,37781
1786518900,3998.1,3999.4,3994.2,3994.7,14782
1786519200,3994.8,3995.6,3992.2,3992.2,12222
1786519500,3993.5,3993.5,3990.8,3991.2,15672
1786519800,3991.3,3998.2,3991.1,3994.4,17417
1786520100,3995.4,3997.8,3993.8,3996.3,18854
1786520400,3996.5,3997.5,3994.1,3995.3,14349
1786520700,3995.5,4002.2,3994.0,4000.0,29382
1786521000,3999.9,4001.2,3999.5,3999.8,20360
1786521300,3999.8,4000.0,3995.1,3998.5,25830
1786521600,3998.5,4001.2,3997.4,3998.9,24491
1786521900,3999.2,4001.3,3996.9,3997.7,18783
1786522200,3998.0,3999.2,3994.1,3996.2,22950
1786522500,3996.9,3997.6,3994.7,3995.9,24107
1786522800,3995.9,3998.0,3995.8,3996.9,21522
1786523100,3997.0,3998.0,3992.7,3994.8,20147
1786523400,3995.9,3996.7,3993.2,3994.4,18049
1786523700,3994.4,4000.2,3993.2,3998.9,24397
1786524000,3999.0,4000.2,3994.6,3996.1,42952
1786524300,3996.9,3999.5,3995.7,3998.1,18093
1786524600,3998.1,4000.6,3996.5,3999.8,21697
1786524900,4000.2,4002.1,3998.0,3999.6,32966
1786525200,3999.7,4009.5,3998.6,4006.9,141241
1786525500,4006.6,4009.0,4003.8,4005.7,19710
1786525800,4005.7,4009.0,4004.9,4007.2,23810
1786526100,4007.2,4008.4,4004.7,4005.1,21896
1786526400,4005.6,4013.9,4005.0,4013.4,142423
1786526700,4013.9,4018.3,4008.0,4008.5,43773
1786527000,4008.2,4010.6,4003.4,4004.8,37234
1786527300,4004.8,4012.3,4001.8,4010.4,39907
1786527600,4010.3,4023.0,4007.9,4013.0,56405
1786527900,4023.0,4023.0,4023.0,4023.0,274
1786528200,4023.0,4023.0,4023.0,4023.0,0
1786528500,4023.0,4023.0,4020.0,4020.0,46901
1786592700,4010.0,4026.4,4010.0,4013.1,46331
1786593000,4015.5,4018.5,4010.0,4012.0,19075
1786593300,4013.3,4021.4,4010.5,4017.4,21301
1786593600,4018.1,4019.6,4011.8,4011.9,16573
1786593900,4013.3,4017.8,4010.0,4014.8,15240
1786594200,4015.7,4019.1,4006.9,4008.6,21002
1786594500,4008.6,4010.6,3999.6,4003.5,32760
1786594800,4004.7,4007.6,4000.0,4001.6,18001
1786595100,4000.2,4002.2,3994.0,3999.5,30926
1786595400,3999.2,4002.2,3998.0,4000.7,14645
1786595700,4000.7,4001.3,3996.8,3996.9,15662
1786596000,3997.0,4008.0,3996.2,4004.0,52377
1786596300,4005.0,4007.0,4003.0,4003.0,11388
1786596600,4004.5,4004.6,3999.0,3999.0,10558
1786596900,3999.0,4000.6,3996.0,3996.2,10449
1786597200,3996.2,3999.0,3995.4,3996.8,9401
1786597500,3996.8,3999.3,3995.0,3995.0,12522
1786597800,3995.5,3996.9,3993.0,3993.0,13510
1786598100,3993.0,3997.8,3992.5,3997.4,12844
1786598400,3997.7,3998.8,3995.5,3995.7,14282
1786598700,3995.9,3997.9,3993.0,3995.9,16369
1786599000,3996.5,3996.8,3991.1,3993.0,12105
1786599300,3993.0,3993.0,3990.0,3990.5,11825
1786599600,3991.0,3995.0,3990.0,3990.1,13961
1786599900,3991.4,3998.0,3990.0,3996.4,7077
1786600200,3997.6,4002.1,3994.0,3995.0,29493
1786600500,3994.9,4025.6,3992.9,4022.8,120184
1786600800,4023.0,4067.6,4022.7,4055.0,135467
1786601100,4055.0,4057.0,4045.3,4046.9,38376
1786601400,4047.2,4047.8,4039.1,4044.6,26937
1786601700,4044.6,4045.0,4041.5,4044.0,8219
1786602000,4045.0,4048.0,4032.3,4033.8,26225
1786602300,4033.8,4044.7,4032.3,4044.7,23188
1786602600,4044.7,4052.5,4043.6,4050.0,21055
1786602900,4050.7,4062.0,4049.3,4059.2,38363
1786603200,4059.0,4059.4,4043.0,4045.6,24430
1786603500,4045.5,4048.8,4043.6,4047.3,30654
1786603800,4047.0,4050.3,4044.0,4046.8,27156
1786604100,4045.0,4047.0,4041.5,4042.1,15777
1786604400,4042.1,4044.2,4040.1,4041.9,17461
1786604700,4041.9,4045.0,4037.5,4043.9,42979
1786605000,4044.3,4048.7,4043.5,4045.0,44720
1786605300,4045.0,4047.0,4035.6,4036.9,31157
1786605600,4036.9,4037.5,4032.1,4035.0,27316
1786605900,4035.0,4038.4,4032.4,4035.6,35619
1786606200,4037.0,4037.5,4032.0,4032.1,12894
1786606500,4033.7,4036.0,4031.9,4035.2,20016
1786606800,4035.3,4036.9,4033.6,4035.8,23521
1786607100,4035.9,4039.8,4033.0,4034.9,73109
1786607400,4035.9,4040.8,4034.7,4034.7,58352
1786607700,4035.0,4041.0,4032.0,4038.1,30298
1786608000,4038.4,4042.0,4035.0,4035.6,22636
1786608300,4037.0,4040.0,4035.4,4037.4,22030
1786608600,4037.4,4049.4,4037.4,4047.9,25601
1786608900,4048.9,4058.4,4045.6,4054.5,40511
1786609200,4055.9,4056.5,4046.0,4046.0,68888
1786609500,4047.5,4052.0,4046.0,4049.4,17631
1786609800,4049.6,4051.0,4041.0,4043.7,15482
1786610100,4043.7,4046.4,4039.9,4040.8,16752
1786610400,4040.8,4043.3,4036.2,4038.5,25421
1786610700,4037.4,4041.0,4036.6,4039.6,25635
1786611000,4039.6,4045.0,4039.3,4040.6,38004
1786611300,4042.3,4045.0,4039.0,4044.6,39183
1786611600,4044.2,4045.0,4036.1,4037.0,31096
1786611900,4038.5,4040.7,4035.0,4039.2,22125
1786612200,4040.0,4046.7,4039.0,4041.1,39873
1786612500,4042.4,4042.7,4038.9,4039.6,26259
1786612800,4041.2,4049.5,4038.7,4048.6,54138
1786613100,4049.0,4050.0,4045.3,4048.8,68509
1786613400,4048.8,4060.0,4047.9,4058.7,64956
1786613700,4058.7,4061.6,4056.0,4057.6,65373
1786614000,4057.8,4060.6,4051.2,4051.2,74496
1786614300,4051.2,4051.2,4051.2,4051.2,0
1786614600,4051.2,4051.2,4051.2,4051.2,0
1786614900,4051.2,4070.7,4051.2,4070.7,47024
1786679100,4068.7,4072.5,4048.9,4064.0,63938
1786679400,4063.3,4064.4,4056.0,4056.5,14110
1786679700,4056.5,4057.0,4041.8,4044.5,22547
1786680000,4044.3,4047.4,4041.0,4042.2,9488
1786680300,4042.2,4047.0,4041.0,4043.4,8776
1786680600,4043.0,4043.1,4040.0,4040.6,5895
1786680900,4041.8,4042.4,4040.1,4041.2,6025
1786681200,4041.6,4042.0,4037.5,4039.8,11964
1786681500,4039.8,4047.2,4038.5,4046.5,5371
1786681800,4046.5,4050.0,4046.5,4048.0,9134
1786682100,4048.0,4051.4,4046.7,4049.8,5875
1786682400,4049.7,4051.4,4044.0,4045.6,4764
1786682700,4046.2,4048.2,4045.0,4047.2,3761
1786683000,4047.2,4049.0,4045.1,4046.5,3912
1786683300,4046.7,4048.2,4045.2,4046.2,3467
1786683600,4046.4,4046.9,4037.0,4040.5,7977
1786683900,4040.5,4042.0,4038.7,4040.4,5281
1786684200,4040.4,4041.2,4036.5,4041.0,7566
1786684500,4040.9,4042.6,4038.8,4042.1,5130
1786684800,4041.9,4043.7,4040.1,4042.9,4360
1786685100,4042.5,4042.9,4038.0,4039.3,4370
1786685400,4039.3,4041.8,4037.7,4040.7,4435
1786685700,4040.7,4041.0,4035.0,4035.9,6302
1786686000,4035.9,4036.2,4033.2,4035.0,4833
1786686300,4034.9,4038.0,4033.4,4037.7,6194
1786686600,4037.7,4039.5,4035.0,4037.0,6921
1786686900,4037.0,4038.4,4033.1,4035.1,8619
1786687200,4034.7,4037.9,4033.1,4037.3,7536
1786687500,4037.0,4038.0,4034.0,4037.7,6899
1786687800,4037.7,4047.0,4036.9,4046.8,28936
1786688100,4046.8,4051.2,4045.0,4049.0,28521
1786688400,4049.0,4050.0,4045.2,4048.2,31766
1786688700,4048.3,4052.9,4046.3,4049.5,54928
1786689000,4049.5,4051.0,4045.3,4047.0,6452
1786689300,4047.0,4049.0,4044.1,4046.6,6333
1786689600,4046.6,4047.4,4044.8,4047.3,5097
1786689900,4047.4,4049.8,4045.7,4049.6,4484
1786690200,4049.4,4051.3,4047.1,4049.9,7134
1786690500,4051.4,4051.8,4046.0,4047.0,5892
1786690800,4047.0,4047.0,4043.7,4045.7,5356
1786691100,4046.0,4051.0,4044.4,4051.0,8935
1786691400,4050.5,4051.2,4050.0,4051.0,10037
1786691700,4051.0,4054.0,4050.0,4053.8,9506
1786692000,4053.9,4057.7,4053.0,4053.8,20171
1786692300,4053.8,4054.6,4053.0,4053.7,4742
1786692600,4053.7,4053.7,4050.3,4053.4,4544
1786692900,4053.3,4053.9,4050.8,4052.4,3860
1786693200,4052.5,4052.5,4050.0,4052.4,8566
1786693500,4052.4,4052.7,4049.0,4051.2,9810
1786693800,4051.4,4052.5,4050.5,4050.8,4943
1786694100,4051.4,4051.8,4048.5,4049.6,4517
1786694400,4049.6,4053.2,4047.0,4047.4,15786
1786694700,4048.4,4058.4,4047.0,4058.2,39803
1786695000,4058.2,4059.0,4057.0,4058.5,8961
1786695300,4057.7,4063.8,4057.7,4061.0,17067
1786695600,4061.0,4063.0,4059.1,4061.7,11708
1786695900,4062.6,4065.7,4060.6,4064.8,12080
1786696200,4064.8,4066.1,4060.6,4062.0,12970
1786696500,4062.0,4065.4,4061.0,4061.9,13551
1786696800,4062.0,4062.0,4058.1,4059.4,6708
1786697100,4059.4,4060.1,4056.1,4057.0,10861
1786697400,4057.0,4057.9,4057.0,4057.5,5055
1786697700,4057.5,4058.8,4055.0,4058.8,12775
1786698000,4058.8,4059.9,4057.0,4057.6,12118
1786698300,4057.6,4058.5,4057.0,4058.0,6954
1786698600,4058.0,4058.4,4056.8,4056.8,7996
1786698900,4057.1,4057.4,4055.0,4056.9,9980
1786699200,4057.0,4064.9,4057.0,4064.8,29599
1786699500,4064.1,4064.5,4059.3,4062.0,13744
1786699800,4062.1,4063.2,4060.8,4061.8,28541
1786700100,4061.7,4061.7,4058.7,4060.6,32671
1786700400,4060.6,4062.7,4055.1,4057.0,41871
1786700700,4057.0,4057.0,4057.0,4057.0,0
1786701000,4057.0,4057.0,4057.0,4057.0,0
1786701300,4057.0,4057.0,4057.0,4057.0,36253
1786938300,4041.0,4050.0,4026.5,4030.0,21401
1786938600,4030.0,4030.8,4026.0,4030.0,10834
1786938900,4030.0,4038.9,4028.9,4031.8,11396
1786939200,4032.1,4035.0,4030.2,4034.0,4213
1786939500,4034.0,4037.0,4033.3,4034.2,6798
1786939800,4034.2,4035.0,4031.9,4035.0,7506
1786940100,4034.7,4037.0,4033.5,4035.2,2970
1786940400,4035.0,4035.5,4030.0,4030.7,5892
1786940700,4029.4,4031.7,4028.1,4030.0,8910
1786941000,4030.1,4031.7,4028.1,4029.0,4755
1786941300,4029.0,4031.1,4028.1,4031.1,3493
1786941600,4031.1,4032.0,4028.1,4029.4,6389
1786941900,4029.3,4029.7,4026.0,4027.6,16270
1786942200,4027.0,4029.6,4026.1,4027.0,5784
1786942500,4027.9,4030.2,4026.5,4030.0,8418
1786942800,4029.2,4030.6,4028.1,4030.6,2266
1786943100,4030.4,4030.8,4028.1,4028.6,3861
1786943400,4028.6,4029.0,4027.0,4029.0,8689
1786943700,4030.2,4032.0,4028.0,4030.4,7188
1786944000,4030.4,4032.0,4030.0,4031.5,6518
1786944300,4031.5,4032.0,4030.0,4030.5,5856
1786944600,4030.0,4033.1,4030.0,4032.5,5881
1786944900,4032.9,4034.0,4031.0,4031.6,3155
1786945200,4031.9,4032.0,4030.0,4030.6,3705
1786945500,4030.0,4030.8,4030.0,4030.0,3733
1786945800,4030.0,4030.7,4027.3,4029.0,16342
1786946100,4027.5,4052.7,4027.1,4044.6,56484
1786946400,4043.1,4043.9,4038.8,4038.9,10005
1786946700,4039.9,4043.0,4035.3,4037.3,13340
1786947000,4037.3,4041.0,4035.1,4040.4,6031
1786947300,4040.4,4046.7,4039.6,4045.5,7346
1786947600,4045.5,4056.3,4045.0,4053.3,15966
1786947900,4053.5,4063.0,4053.5,4057.0,22004
1786948200,4056.1,4058.9,4056.0,4056.0,8970
1786948500,4056.0,4058.0,4051.2,4052.0,10484
1786948800,4052.1,4054.5,4050.1,4054.5,9413
1786949100,4054.4,4058.8,4053.1,4058.2,29926
1786949400,4058.3,4058.9,4055.3,4058.9,10760
1786949700,4057.2,4065.0,4056.1,4064.5,24892
1786950000,4064.5,4064.5,4062.8,4063.3,8520
1786950300,4064.0,4067.0,4063.0,4064.6,19543
1786950600,4064.6,4069.0,4064.6,4068.0,16465
1786950900,4068.0,4070.0,4063.5,4064.2,28170
1786951200,4065.0,4065.0,4061.7,4062.0,7267
1786951500,4062.0,4064.1,4059.4,4061.0,6764
1786951800,4060.3,4062.8,4059.0,4060.0,6526
1786952100,4060.0,4061.5,4055.0,4055.1,15576
1786952400,4056.0,4060.8,4053.9,4058.9,8550
1786952700,4059.0,4061.8,4056.0,4061.6,10428
1786953000,4061.9,4062.3,4056.8,4058.0,4711
1786953300,4058.0,4058.5,4057.0,4057.0,1716
1786953600,4058.3,4058.4,4053.0,4057.4,13462
1786953900,4056.1,4058.5,4053.4,4056.1,18370
1786954200,4056.1,4060.8,4055.0,4059.0,36495
1786954500,4059.3,4066.9,4059.0,4062.7,8266
1786954800,4062.7,4063.0,4058.2,4059.4,13386
1786955100,4060.2,4061.9,4056.4,4060.3,10209
1786955400,4061.9,4063.0,4059.0,4061.9,9821
1786955700,4063.0,4063.0,4059.0,4060.0,6855
1786956000,4060.0,4060.5,4059.0,4059.4,18506
1786956300,4059.6,4060.4,4059.0,4059.3,6832
1786956600,4060.4,4060.6,4057.0,4057.4,15133
1786956900,4058.1,4060.3,4057.0,4059.0,8671
1786957200,4060.0,4060.3,4058.6,4059.3,9463
1786957500,4059.8,4060.0,4055.5,4059.5,17451
1786957800,4059.9,4060.1,4056.5,4057.2,8825
1786958100,4057.1,4060.6,4055.0,4058.7,24989
1786958400,4059.9,4072.0,4059.9,4066.7,65858
1786958700,4066.9,4070.0,4065.0,4067.8,18805
1786959000,4068.0,4069.6,4067.0,4068.6,11348
1786959300,4069.0,4073.8,4066.5,4071.8,36280
1786959600,4072.0,4085.3,4071.9,4075.0,112509
1786959900,4076.0,4076.0,4076.0,4076.0,55
1786960200,4076.0,4076.0,4076.0,4076.0,0
1786960500,4076.0,4086.7,4076.0,4086.7,38446
1787024700,4068.0,4068.0,4051.0,4062.1,45134
1787025000,4062.1,4062.1,4057.0,4058.8,12832
1787025300,4058.3,4060.9,4056.0,4057.9,17095
1787025600,4057.9,4061.1,4055.7,4058.5,10803
1787025900,4058.8,4059.5,4054.0,4057.5,9726
1787026200,4057.5,4058.0,4051.1,4053.7,11895
1787026500,4053.7,4055.5,4050.0,4055.0,9895
1787026800,4055.6,4060.1,4053.0,4058.4,22210
1787027100,4059.3,4064.0,4055.0,4062.7,22491
1787027400,4063.0,4063.0,4056.0,4058.3,7991
1787027700,4058.4,4059.0,4056.0,4056.8,15774
1787028000,4056.7,4057.0,4054.0,4055.5,5616
1787028300,4056.0,4058.4,4053.1,4057.2,10326
1787028600,4058.3,4059.5,4057.0,4059.3,11002
1787028900,4059.6,4063.0,4056.4,4061.3,12688
1787029200,4061.5,4063.0,4060.0,4061.9,7880
1787029500,4061.1,4063.0,4061.0,4062.0,6588
1787029800,4062.2,4064.0,4059.5,4063.0,11915
1787030100,4063.0,4065.0,4060.8,4064.0,14851
1787030400,4065.0,4066.0,4062.2,4065.0,6936
1787030700,4065.5,4068.6,4062.0,4068.6,8993
1787031000,4068.6,4068.9,4065.0,4066.0,6448
1787031300,4066.0,4067.0,4064.9,4065.8,6981
1787031600,4065.8,4065.9,4063.0,4064.8,5024
1787031900,4064.7,4066.5,4063.4,4064.0,8175
1787032200,4064.0,4065.9,4063.5,4065.1,3370
1787032500,4065.2,4065.3,4060.8,4060.8,5007
1787032800,4061.5,4066.0,4059.0,4065.0,14366
1787033100,4066.0,4066.0,4063.0,4065.4,9169
1787033400,4065.3,4074.0,4064.3,4072.5,22339
1787033700,4072.5,4078.2,4071.7,4078.2,21577
1787034000,4078.5,4085.0,4078.0,4078.9,45960
1787034300,4078.9,4079.5,4074.5,4078.5,12966
1787034600,4078.8,4079.9,4076.0,4078.0,9761
1787034900,4079.0,4080.7,4078.2,4080.0,18186
1787035200,4080.0,4081.9,4079.0,4079.0,19275
1787035500,4079.6,4080.1,4078.0,4079.5,12363
1787035800,4079.5,4079.5,4076.6,4077.6,12656
1787036100,4077.6,4078.6,4076.8,4077.2,8684
1787036400,4077.0,4082.0,4076.5,4082.0,13623
1787036700,4081.8,4081.8,4076.1,4078.4,27093
1787037000,4078.4,4079.1,4075.0,4075.7,11966
1787037300,4075.8,4081.0,4075.1,4081.0,22185
1787037600,4081.0,4082.6,4080.2,4081.0,13864
1787037900,4080.3,4083.9,4080.3,4082.8,11431
1787038200,4082.6,4083.0,4080.0,4081.0,9712
1787038500,4081.0,4082.4,4078.1,4082.2,18016
1787038800,4082.1,4083.0,4079.6,4082.4,22771
1787039100,4082.4,4084.9,4082.2,4084.6,15084
1787039400,4084.6,4085.0,4081.1,4083.8,28516
1787039700,4083.5,4084.2,4080.8,4080.9,13947
1787040000,4080.9,4082.0,4076.9,4078.6,34980
1787040300,4078.6,4078.6,4073.0,4076.1,19342
1787040600,4076.0,4077.1,4074.0,4075.1,11572
1787040900,4075.2,4076.0,4074.6,4075.8,9559
1787041200,4076.0,4076.7,4072.5,4073.1,23063
1787041500,4074.0,4074.0,4070.2,4071.9,20122
1787041800,4071.9,4076.5,4070.9,4074.5,13711
1787042100,4077.1,4077.8,4067.2,4071.9,27838
1787042400,4071.9,4072.0,4068.7,4070.1,8578
1787042700,4070.1,4070.8,4066.8,4070.0,9076
1787043000,4070.0,4073.7,4070.0,4072.0,19722
1787043300,4072.6,4076.8,4071.0,4076.4,24388
1787043600,4076.4,4076.4,4070.0,4070.9,25047
1787043900,4071.1,4071.1,4063.7,4068.3,39101
1787044200,4069.0,4069.4,4065.7,4067.8,13463
1787044500,4067.4,4074.4,4066.1,4073.6,48746
1787044800,4073.7,4074.3,4065.9,4066.7,39677
1787045100,4066.7,4073.7,4066.7,4071.3,23137
1787045400,4071.3,4074.7,4065.6,4067.9,35901
1787045700,4067.2,4071.2,4065.0,4070.4,37232
1787046000,4070.4,4075.0,4065.0,4065.0,84246
1787046300,4065.0,4065.0,4065.0,4065.0,0
1787046600,4065.0,4065.0,4065.0,4065.0,0
1787046900,4065.0,4065.0,4065.0,4065.0,0
