timestamp,open,high,low,close,volume
1767239100,3215.0,3225.3,3208.3,3223.3,154678
1767239400,3224.5,3225.0,3208.3,3210.4,30061
1767239700,3210.4,3211.1,3205.3,3209.0,19781
1767240000,3208.0,3210.2,3202.1,3203.6,16707
1767240300,3203.6,3205.2,3198.2,3200.9,22151
1767240600,3201.3,3202.0,3199.0,3200.0,22470
1767240900,3199.6,3204.4,3199.1,3203.5,12939
1767241200,3204.2,3213.5,3203.1,3213.0,15576
1767241500,3213.0,3216.0,3212.0,3214.0,13948
1767241800,3214.0,3218.0,3209.8,3212.5,74154
1767242100,3212.5,3214.2,3210.0,3210.0,16226
1767242400,3210.7,3211.0,3208.6,3210.0,8161
1767242700,3210.0,3211.5,3208.3,3209.1,4159
1767243000,3209.2,3211.7,3208.3,3210.9,4299
1767243300,3210.9,3214.1,3210.9,3213.2,5143
1767243600,3212.0,3213.7,3208.5,3212.1,16150
1767243900,3212.1,3213.3,3211.0,3211.8,2827
1767244200,3212.6,3217.0,3211.6,3216.7,41610
1767244500,3216.6,3219.9,3215.2,3219.4,9948
1767244800,3219.4,3220.0,3218.0,3218.0,6844
1767245100,3218.0,3223.4,3217.5,3222.0,10542
1767245400,3221.0,3222.9,3220.0,3221.1,7472
1767245700,3220.0,3223.0,3220.0,3221.5,4843
1767246000,3221.5,3221.5,3219.5,3221.0,17235
1767246300,3220.7,3221.2,3217.6,3221.1,28588
1767246600,3221.1,3221.5,3219.0,3220.9,16270
1767246900,3220.8,3222.1,3219.6,3220.3,14870
1767247200,3220.3,3225.9,3219.8,3223.7,24467
1767247500,3223.7,3224.9,3221.7,3223.3,3883
1767247800,3224.3,3224.5,3223.0,3223.7,6739
1767248100,3223.7,3225.4,3222.0,3222.3,10384
1767248400,3221.0,3226.0,3221.0,3225.6,6838
1767248700,3225.5,3226.9,3224.3,3225.9,8104
1767249000,3224.7,3226.7,3224.6,3226.0,11280
1767249300,3226.0,3226.4,3224.3,3224.9,3160
1767249600,3224.4,3226.0,3224.4,3224.8,9042
1767249900,3224.8,3225.1,3222.4,3224.5,13743
1767250200,3224.5,3226.0,3222.1,3225.1,7885
1767250500,3225.1,3231.8,3224.7,3227.5,18360
1767250800,3227.8,3229.2,3226.5,3228.5,2776
1767251100,3228.5,3229.0,3225.0,3225.2,16290
1767251400,3225.4,3227.9,3225.2,3225.7,13079
1767251700,3225.7,3228.6,3225.6,3228.0,17947
1767252000,3226.9,3228.7,3226.3,3226.4,13008
1767252300,3226.4,3228.1,3226.3,3227.4,10443
1767252600,3227.0,3229.6,3227.0,3228.0,3997
1767252900,3228.7,3230.0,3227.4,3228.9,5080
1767253200,3228.5,3229.0,3227.0,3227.9,1916
1767253500,3227.0,3231.4,3227.0,3231.0,11517
1767253800,3231.0,3231.0,3222.3,3224.0,11620
1767254100,3222.8,3228.5,3222.8,3228.0,8962
1767254400,3227.5,3229.7,3225.0,3225.7,9170
1767254700,3225.7,3226.4,3221.5,3221.5,8660
1767255000,3222.4,3222.5,3219.1,3219.3,6024
1767255300,3219.6,3220.7,3218.4,3219.6,4440
1767255600,3219.1,3221.3,3219.1,3220.0,13092
1767255900,3220.0,3222.6,3219.0,3222.6,20434
1767256200,3224.9,3227.9,3223.1,3227.0,6844
1767256500,3227.0,3229.0,3225.5,3226.5,9235
1767256800,3226.5,3227.6,3225.0,3227.0,3420
1767257100,3227.0,3227.0,3224.4,3226.8,1968
1767257400,3225.6,3228.0,3225.0,3227.2,16918
1767257700,3227.2,3228.0,3225.7,3228.0,3245
1767258000,3227.4,3227.9,3226.2,3227.8,2483
1767258300,3227.8,3230.1,3227.0,3230.1,14573
1767258600,3230.0,3234.1,3230.0,3231.5,14296
1767258900,3231.1,3232.9,3230.0,3230.8,8756
1767259200,3230.8,3232.0,3229.4,3229.4,6050
1767259500,3230.7,3233.1,3229.4,3231.3,6586
1767259800,3231.3,3231.5,3226.4,3230.9,15223
1767260100,3231.0,3233.5,3229.2,3231.3,85612
1767260400,3231.3,3231.6,3225.0,3225.8,37777
1767260700,3226.0,3227.0,3221.7,3226.4,82168
1767261000,3226.4,3226.8,3222.0,3222.9,21485
1767261300,3222.6,3225.5,3221.5,3225.0,16773
1767325500,3234.0,3236.5,3222.8,3228.5,34804
1767325800,3228.2,3228.2,3219.5,3225.1,23160
1767326100,3225.0,3230.0,3223.8,3229.9,14048
1767326400,3229.5,3229.5,3224.6,3225.6,12483
1767326700,3225.6,3233.8,3225.3,3232.1,38636
1767327000,3232.1,3236.4,3231.3,3236.3,18750
1767327300,3236.3,3239.5,3236.0,3238.2,14616
1767327600,3238.0,3240.0,3236.4,3238.7,19345
1767327900,3238.7,3239.0,3234.0,3235.8,12157
1767328200,3235.0,3237.3,3232.7,3235.5,11551
1767328500,3235.6,3236.2,3231.6,3232.1,19388
1767328800,3231.6,3234.7,3230.9,3234.7,7012
1767329100,3234.7,3236.2,3231.8,3233.4,8560
1767329400,3233.6,3235.0,3232.1,3234.7,4912
1767329700,3234.1,3235.7,3232.7,3234.4,5639
1767330000,3234.5,3236.1,3233.1,3234.6,4472
1767330300,3235.0,3240.0,3233.6,3239.5,13416
1767330600,3239.9,3241.0,3234.6,3236.6,14039
1767330900,3236.3,3237.6,3235.0,3236.3,5820
1767331200,3237.0,3238.9,3235.2,3237.0,6412
1767331500,3236.9,3238.6,3235.1,3238.6,8229
1767331800,3238.0,3239.4,3236.2,3238.3,7459
1767332100,3238.1,3239.4,3235.2,3238.4,10227
1767332400,3237.9,3241.0,3236.3,3239.6,18594
1767332700,3239.6,3240.9,3238.6,3239.4,8963
1767333000,3239.4,3240.8,3238.0,3239.5,7730
1767333300,3239.5,3241.0,3238.0,3240.9,5759
1767333600,3241.0,3244.0,3239.8,3243.9,12364
1767333900,3242.7,3243.6,3242.0,3243.0,7718
1767334200,3242.6,3243.0,3240.5,3242.1,13782
1767334500,3242.1,3242.9,3239.5,3241.2,22568
1767334800,3240.9,3241.6,3240.0,3241.0,6271
1767335100,3240.6,3242.0,3236.0,3237.1,19646
1767335400,3236.6,3239.5,3233.8,3235.9,60393
1767335700,3235.8,3239.7,3235.3,3237.6,29827
1767336000,3237.6,3241.6,3237.3,3240.9,27493
1767336300,3240.4,3241.2,3240.0,3240.4,6430
1767336600,3240.4,3243.0,3240.0,3241.5,11187
1767336900,3241.3,3242.8,3239.9,3241.4,16884
1767337200,3240.9,3242.5,3240.7,3241.5,12801
1767337500,3241.5,3242.0,3241.1,3241.4,6549
1767337800,3241.4,3242.3,3240.0,3240.0,6591
1767338100,3240.0,3241.4,3240.0,3240.6,8537
1767338400,3241.0,3241.5,3240.2,3241.0,8920
1767338700,3241.0,3241.4,3240.0,3240.6,5176
1767339000,3240.6,3245.0,3240.1,3243.2,17436
1767339300,3243.0,3245.4,3243.0,3245.4,22539
1767339600,3245.0,3245.4,3244.0,3244.4,9906
1767339900,3244.1,3244.9,3242.1,3242.7,12650
1767340200,3243.0,3243.0,3242.0,3242.3,8325
1767340500,3242.3,3243.1,3242.2,3243.0,8616
1767340800,3242.5,3245.1,3242.5,3245.1,11187
1767341100,3245.0,3245.4,3242.0,3242.6,11101
1767341400,3242.6,3246.0,3241.6,3245.8,13256
1767341700,3246.0,3246.9,3243.4,3245.4,17573
1767342000,3245.4,3246.2,3244.0,3246.0,7961
1767342300,3246.0,3246.2,3245.0,3246.1,4998
1767342600,3245.9,3246.1,3243.4,3244.4,11341
1767342900,3244.4,3245.0,3243.0,3244.7,11674
1767343200,3243.5,3244.7,3242.0,3243.8,4994
1767343500,3243.6,3244.8,3242.7,3243.4,10642
1767343800,3243.1,3245.0,3242.5,3244.0,13043
1767344100,3243.6,3244.8,3242.9,3243.5,6008
1767344400,3243.0,3243.6,3238.2,3240.0,14940
1767344700,3239.4,3239.6,3234.1,3237.7,17141
1767345000,3237.1,3239.4,3237.1,3239.0,7481
1767345300,3239.0,3242.3,3239.0,3241.9,10601
1767345600,3241.9,3245.8,3241.0,3245.4,11067
1767345900,3245.4,3246.3,3244.1,3244.3,17173
1767346200,3244.9,3247.9,3244.3,3247.4,21798
1767346500,3247.7,3254.3,3247.0,3251.2,53502
1767346800,3251.4,3252.8,3250.0,3250.4,33893
1767347100,3250.4,3252.1,3249.2,3252.1,39152
1767347400,3252.1,3252.3,3250.3,3251.0,50700
1767347700,3251.0,3252.9,3245.4,3245.7,55877
1767584700,3240.5,3247.0,3228.3,3233.0,67274
1767585000,3232.8,3237.2,3225.0,3228.5,32312
1767585300,3228.5,3229.0,3217.0,3219.0,28547
1767585600,3219.8,3219.9,3199.7,3204.0,72565
1767585900,3203.0,3209.4,3199.0,3203.7,36643
1767586200,3202.0,3212.0,3202.0,3207.0,37564
1767586500,3208.2,3208.2,3200.0,3206.0,30798
1767586800,3206.0,3210.4,3201.0,3204.4,36190
1767587100,3204.5,3205.0,3191.0,3192.5,47041
1767587400,3192.4,3198.0,3192.0,3195.3,32965
1767587700,3195.3,3211.9,3192.4,3209.8,50091
1767588000,3209.7,3214.8,3206.8,3211.1,49115
1767588300,3211.1,3213.3,3208.0,3212.2,25436
1767588600,3212.4,3217.0,3212.4,3216.3,23516
1767588900,3216.4,3222.0,3216.1,3218.3,31541
1767589200,3217.7,3217.8,3215.8,3215.8,8887
1767589500,3216.4,3220.9,3215.7,3218.9,16715
1767589800,3219.1,3219.2,3211.1,3217.0,17675
1767590100,3217.0,3220.0,3215.3,3217.6,9221
1767590400,3217.7,3219.7,3215.4,3218.0,10030
1767590700,3217.9,3218.0,3215.8,3216.9,8044
1767591000,3216.3,3224.9,3216.2,3224.0,36136
1767591300,3223.4,3225.4,3223.3,3225.2,15320
1767591600,3224.6,3225.9,3221.6,3223.1,26376
1767591900,3223.3,3224.9,3220.7,3221.8,28102
1767592200,3221.4,3224.0,3220.0,3221.8,33593
1767592500,3221.8,3226.0,3220.9,3223.4,33145
1767592800,3223.1,3225.0,3222.4,3223.7,6436
1767593100,3223.7,3227.3,3223.4,3225.7,20036
1767593400,3225.6,3225.6,3223.5,3223.6,13213
1767593700,3223.5,3225.7,3220.4,3223.2,30559
1767594000,3225.0,3228.5,3222.1,3228.0,26645
1767594300,3228.0,3230.8,3225.6,3230.8,32978
1767594600,3230.0,3231.3,3228.2,3230.0,9377
1767594900,3229.9,3230.1,3227.3,3228.9,9679
1767595200,3228.9,3230.1,3225.9,3229.6,36168
1767595500,3229.6,3233.8,3228.0,3229.4,36241
1767595800,3229.3,3231.7,3228.2,3228.9,14451
1767596100,3228.9,3229.1,3226.9,3227.9,6155
1767596400,3227.8,3230.0,3225.6,3228.8,35990
1767596700,3228.1,3228.2,3225.9,3225.9,11045
1767597000,3225.8,3231.0,3225.2,3230.6,17447
1767597300,3230.6,3230.6,3227.0,3229.1,7924
1767597600,3229.9,3231.8,3229.0,3231.0,24061
1767597900,3231.1,3231.2,3223.1,3223.8,19062
1767598200,3223.3,3226.3,3223.1,3224.0,9714
1767598500,3223.9,3226.3,3223.8,3226.0,6980
1767598800,3226.0,3227.5,3225.0,3225.0,6325
1767599100,3225.0,3225.9,3225.0,3225.7,4048
1767599400,3225.5,3229.0,3225.3,3229.0,7648
1767599700,3229.0,3229.0,3225.7,3226.1,5477
1767600000,3226.7,3229.1,3225.8,3226.9,34266
1767600300,3226.9,3228.6,3224.5,3227.5,28462
1767600600,3227.2,3230.5,3226.2,3227.8,24928
1767600900,3227.6,3229.2,3227.0,3227.0,39125
1767601200,3227.0,3229.1,3226.7,3227.8,73279
1767601500,3227.8,3229.8,3227.0,3227.1,29479
1767601800,3227.0,3227.6,3224.9,3226.3,125761
1767602100,3226.3,3228.8,3225.0,3225.7,50030
1767602400,3225.7,3227.6,3224.9,3225.4,16539
1767602700,3225.2,3228.8,3224.9,3226.1,22698
1767603000,3226.1,3226.4,3221.9,3223.9,20389
1767603300,3223.9,3224.8,3220.6,3221.0,38791
1767603600,3221.0,3225.9,3220.5,3224.7,13176
1767603900,3224.7,3225.2,3222.0,3222.7,10659
1767604200,3222.5,3224.1,3220.4,3223.3,34551
1767604500,3223.4,3223.9,3220.3,3221.6,18955
1767604800,3221.7,3225.0,3220.0,3222.4,26910
1767605100,3222.3,3223.2,3220.0,3221.7,15198
1767605400,3221.8,3225.0,3220.0,3221.1,67616
1767605700,3221.1,3221.9,3218.1,3218.5,88757
1767606000,3219.0,3220.0,3214.2,3214.2,78089
1767606300,3214.4,3216.6,3214.1,3214.6,69114
1767606600,3214.9,3215.0,3210.5,3211.5,77235
1767606900,3212.1,3214.0,3206.0,3213.0,76048
1767671100,3210.0,3229.0,3205.0,3224.0,97593
1767671400,3223.9,3224.7,3216.6,3224.4,69118
1767671700,3224.6,3229.0,3221.3,3226.1,52533
1767672000,3226.0,3235.0,3224.5,3234.0,52353
1767672300,3234.5,3235.0,3228.0,3229.3,51986
1767672600,3229.3,3232.4,3226.5,3232.3,35309
1767672900,3232.4,3242.5,3231.1,3241.0,48054
1767673200,3240.9,3243.8,3240.0,3240.8,28666
1767673500,3241.9,3246.0,3241.4,3245.6,33352
1767673800,3246.0,3248.6,3241.7,3241.9,30188
1767674100,3241.9,3242.0,3239.3,3239.8,28155
1767674400,3240.1,3240.4,3237.8,3238.1,25543
1767674700,3238.2,3240.9,3237.3,3240.5,22244
1767675000,3241.0,3242.0,3234.0,3235.2,41987
1767675300,3234.0,3234.7,3229.0,3231.4,34398
1767675600,3231.4,3236.9,3230.6,3235.9,24330
1767675900,3235.8,3238.9,3235.1,3238.0,18540
1767676200,3238.1,3238.4,3235.9,3236.0,17984
1767676500,3236.0,3237.1,3235.0,3236.6,22571
1767676800,3236.5,3236.9,3235.0,3236.2,20605
1767677100,3236.0,3236.5,3234.0,3235.0,27205
1767677400,3235.1,3238.6,3235.0,3237.7,24505
1767677700,3237.4,3239.3,3235.0,3237.1,41359
1767678000,3237.0,3237.4,3234.4,3235.0,28216
1767678300,3235.1,3235.8,3231.1,3231.1,20428
1767678600,3231.2,3232.7,3230.2,3231.5,13351
1767678900,3231.7,3235.5,3230.0,3235.5,22216
1767679200,3235.5,3238.7,3235.0,3236.0,28342
1767679500,3236.1,3238.0,3235.0,3236.1,22131
1767679800,3236.1,3237.2,3234.7,3236.5,43028
1767680100,3236.6,3237.7,3232.6,3235.4,29451
1767680400,3235.5,3236.6,3234.8,3236.1,32237
1767680700,3236.1,3238.2,3235.1,3237.0,24600
1767681000,3237.0,3238.1,3235.0,3237.7,21319
1767681300,3237.0,3237.7,3235.0,3235.4,18559
1767681600,3235.3,3236.5,3234.9,3236.5,19238
1767681900,3236.5,3236.5,3235.0,3235.0,18700
1767682200,3235.0,3236.8,3234.8,3236.3,19124
1767682500,3236.5,3238.9,3235.8,3237.8,20850
1767682800,3237.9,3238.6,3236.8,3238.2,10433
1767683100,3238.0,3239.0,3236.8,3238.6,14140
1767683400,3238.5,3242.4,3237.9,3240.3,16257
1767683700,3240.0,3241.8,3240.0,3241.8,15747
1767684000,3241.7,3242.0,3239.0,3240.8,34291
1767684300,3240.8,3242.8,3240.2,3241.5,20132
1767684600,3241.6,3242.0,3240.0,3240.3,24534
1767684900,3240.4,3241.8,3240.0,3241.7,23627
1767685200,3241.8,3242.4,3239.8,3239.9,23340
1767685500,3239.9,3240.5,3239.3,3240.2,54168
1767685800,3240.2,3242.3,3240.1,3241.1,25628
1767686100,3241.1,3242.4,3240.6,3241.2,29769
1767686400,3241.1,3241.3,3239.6,3240.6,37811
1767686700,3241.2,3242.1,3240.5,3242.0,20210
1767687000,3241.9,3242.4,3241.0,3241.2,22937
1767687300,3241.4,3242.4,3240.6,3241.3,15006
1767687600,3241.3,3242.8,3241.0,3241.0,15817
1767687900,3241.0,3242.2,3240.2,3241.1,27357
1767688200,3241.8,3242.5,3240.1,3241.0,29977
1767688500,3241.1,3242.6,3240.8,3241.2,31899
1767688800,3241.1,3242.0,3240.0,3240.2,46098
1767689100,3240.3,3243.1,3240.1,3242.7,39782
1767689400,3242.5,3244.9,3241.7,3243.7,26431
1767689700,3243.7,3250.1,3242.4,3249.1,104873
1767690000,3249.1,3250.5,3246.2,3248.6,29098
1767690300,3247.9,3251.6,3247.9,3251.0,75977
1767690600,3251.0,3252.9,3250.5,3251.4,41806
1767690900,3251.4,3254.5,3250.6,3253.3,36867
1767691200,3253.7,3258.2,3251.6,3251.8,108710
1767691500,3251.8,3254.8,3251.8,3253.2,35250
1767691800,3253.5,3258.3,3253.5,3256.2,99559
1767692100,3256.2,3259.3,3255.0,3258.2,108553
1767692400,3258.1,3259.9,3252.9,3255.5,122579
1767692700,3255.1,3257.4,3253.0,3254.5,104210
1767693000,3254.7,3258.9,3253.1,3253.2,87821
1767693300,3253.9,3263.2,3253.3,3256.8,105246
1767757500,3242.9,3263.5,3223.2,3260.3,88286
1767757800,3261.1,3279.0,3259.0,3275.2,68253
1767758100,3275.1,3276.3,3267.1,3270.0,25859
1767758400,3270.0,3272.0,3263.4,3267.8,22592
1767758700,3269.2,3274.9,3265.8,3273.9,16215
1767759000,3274.0,3274.5,3257.0,3257.4,27299
1767759300,3257.7,3260.0,3254.1,3259.2,23852
1767759600,3259.1,3265.3,3258.5,3264.9,17840
1767759900,3264.0,3268.0,3261.5,3268.0,13144
1767760200,3269.6,3278.5,3268.9,3276.2,30527
1767760500,3275.4,3280.5,3274.4,3279.9,32055
1767760800,3279.9,3279.9,3275.0,3276.3,9968
1767761100,3277.6,3279.3,3272.0,3275.3,14791
1767761400,3275.3,3278.0,3273.6,3277.7,13368
1767761700,3277.4,3278.9,3271.1,3275.6,14729
1767762000,3276.2,3277.5,3274.4,3276.0,6755
1767762300,3276.4,3285.9,3275.6,3285.0,58227
1767762600,3285.0,3285.5,3282.0,3285.0,51926
1767762900,3285.1,3293.1,3285.0,3291.2,39250
1767763200,3291.1,3297.5,3289.6,3291.0,40160
1767763500,3291.0,3295.0,3287.0,3287.0,45320
1767763800,3287.0,3287.0,3283.2,3285.0,20638
1767764100,3284.4,3286.5,3284.4,3285.6,28308
1767764400,3286.0,3286.3,3282.3,3282.4,15706
1767764700,3282.6,3283.0,3280.0,3281.0,16921
1767765000,3282.0,3284.3,3280.0,3282.9,7529
1767765300,3282.5,3286.9,3282.1,3286.9,9150
1767765600,3287.0,3289.0,3285.1,3287.0,56883
1767765900,3287.0,3289.0,3283.7,3284.8,15144
1767766200,3284.8,3287.1,3283.5,3285.0,6475
1767766500,3284.9,3286.3,3282.9,3284.0,11274
1767766800,3283.5,3284.4,3282.2,3283.5,4563
1767767100,3283.0,3286.0,3283.0,3284.7,17226
1767767400,3284.7,3285.5,3283.1,3283.8,43650
1767767700,3283.8,3284.8,3281.4,3283.0,5545
1767768000,3283.0,3283.1,3278.9,3280.0,12826
1767768300,3280.0,3285.1,3280.0,3285.0,13157
1767768600,3285.1,3286.0,3284.0,3285.0,15420
1767768900,3285.7,3287.0,3285.0,3285.3,15387
1767769200,3285.4,3288.0,3285.3,3287.1,8147
1767769500,3287.2,3289.0,3286.0,3287.8,6261
1767769800,3287.5,3288.0,3283.0,3285.4,30241
1767770100,3285.4,3286.6,3282.0,3282.9,18189
1767770400,3281.8,3284.0,3281.6,3283.4,5750
1767770700,3283.7,3288.0,3282.3,3287.2,7638
1767771000,3287.2,3291.0,3286.2,3291.0,38759
1767771300,3291.0,3292.0,3290.0,3290.6,25303
1767771600,3291.0,3292.7,3285.5,3286.0,14679
1767771900,3286.0,3290.6,3285.6,3290.1,13704
1767772200,3290.1,3290.1,3285.6,3287.7,18783
1767772500,3286.7,3288.0,3284.6,3285.0,5049
1767772800,3285.9,3287.5,3285.0,3286.5,6217
1767773100,3286.5,3288.2,3285.0,3288.0,9828
1767773400,3288.2,3288.8,3286.2,3287.3,4412
1767773700,3287.3,3291.0,3287.1,3290.7,11011
1767774000,3290.0,3291.9,3289.5,3289.6,8692
1767774300,3290.0,3290.2,3289.2,3289.6,5225
1767774600,3289.7,3290.4,3288.0,3290.4,9436
1767774900,3290.0,3292.8,3290.0,3291.7,32364
1767775200,3291.7,3294.1,3291.4,3294.0,37284
1767775500,3294.0,3295.0,3292.2,3293.9,30296
1767775800,3293.1,3293.9,3288.3,3288.4,27401
1767776100,3289.0,3289.0,3284.6,3288.0,32946
1767776400,3287.1,3289.6,3283.0,3283.5,20400
1767776700,3284.5,3286.2,3283.2,3283.9,12670
1767777000,3285.0,3286.1,3283.2,3283.9,20132
1767777300,3284.1,3285.5,3283.0,3283.7,25318
1767777600,3283.7,3290.0,3283.5,3289.7,19678
1767777900,3289.7,3291.0,3287.9,3288.7,14399
1767778200,3289.5,3294.4,3289.5,3293.9,53252
1767778500,3293.8,3298.1,3293.8,3296.7,76373
1767778800,3296.6,3300.6,3295.3,3298.6,134326
1767779100,3298.6,3298.7,3295.6,3296.4,74989
1767779400,3296.4,3296.4,3290.8,3292.6,68732
1767779700,3292.7,3297.0,3289.3,3294.0,73828
1767843900,3286.9,3286.9,3251.7,3267.3,111433
1767844200,3266.0,3266.3,3247.2,3249.9,63825
1767844500,3249.9,3249.9,3230.0,3232.6,88089
1767844800,3233.9,3234.2,3225.3,3231.0,70051
1767845100,3231.0,3242.0,3223.5,3238.8,50193
1767845400,3238.5,3239.9,3233.0,3233.9,24716
1767845700,3234.1,3235.2,3226.4,3231.6,28644
1767846000,3231.6,3231.7,3222.1,3229.5,47825
1767846300,3228.5,3229.5,3220.6,3224.8,51698
1767846600,3224.4,3225.2,3217.3,3217.7,67576
1767846900,3217.7,3220.0,3215.0,3215.2,63213
1767847200,3215.2,3216.6,3211.1,3216.1,67865
1767847500,3216.0,3216.5,3201.3,3207.2,113116
1767847800,3206.7,3210.3,3198.9,3207.7,135629
1767848100,3207.4,3208.1,3192.3,3197.3,99818
1767848400,3197.3,3197.6,3183.0,3185.4,128069
1767848700,3185.4,3187.8,3182.0,3187.8,58716
1767849000,3187.9,3201.1,3187.8,3197.5,68813
1767849300,3197.5,3203.6,3192.0,3192.4,57477
1767849600,3192.4,3195.6,3187.0,3194.6,151508
1767849900,3194.2,3194.7,3189.7,3190.1,45982
1767850200,3190.1,3192.9,3185.0,3192.0,58037
1767850500,3192.1,3193.6,3190.0,3193.4,26906
1767850800,3193.0,3198.5,3192.7,3196.5,48833
1767851100,3196.5,3203.2,3193.6,3201.7,48938
1767851400,3201.6,3203.8,3200.1,3203.4,59192
1767851700,3203.4,3204.4,3201.5,3204.3,43913
1767852000,3204.0,3205.7,3198.3,3199.4,49524
1767852300,3199.2,3209.0,3198.2,3208.5,37617
1767852600,3208.0,3220.0,3208.0,3215.5,140116
1767852900,3215.5,3216.5,3214.0,3215.1,56186
1767853200,3215.3,3218.5,3214.0,3217.3,56521
1767853500,3217.2,3219.3,3215.0,3217.6,76306
1767853800,3217.6,3220.5,3213.1,3215.6,83018
1767854100,3215.0,3223.0,3212.0,3223.0,84195
1767854400,3221.9,3223.2,3216.6,3221.2,52508
1767854700,3221.7,3225.6,3220.3,3221.4,54627
1767855000,3221.4,3225.1,3220.6,3224.2,38191
1767855300,3224.7,3227.9,3223.9,3223.9,36206
1767855600,3224.0,3225.7,3220.0,3221.1,57460
1767855900,3220.3,3226.2,3220.0,3226.0,48626
1767856200,3226.2,3227.5,3224.7,3226.5,26098
1767856500,3226.5,3226.5,3220.0,3222.3,27916
1767856800,3221.7,3225.0,3220.3,3223.0,28231
1767857100,3223.0,3224.1,3219.0,3219.2,42171
1767857400,3219.2,3225.0,3219.0,3223.7,27900
1767857700,3223.2,3224.4,3220.6,3221.1,15107
1767858000,3221.1,3221.1,3214.8,3218.7,40109
1767858300,3218.6,3218.6,3209.2,3209.9,41269
1767858600,3209.1,3211.8,3208.0,3210.5,23666
1767858900,3210.5,3213.1,3207.1,3207.3,23263
1767859200,3208.0,3209.0,3205.1,3206.2,17216
1767859500,3207.0,3208.0,3202.9,3203.2,12194
1767859800,3203.1,3203.2,3201.1,3203.2,20586
1767860100,3203.2,3208.0,3201.9,3204.3,23504
1767860400,3204.3,3206.3,3201.9,3204.4,17037
1767860700,3204.4,3206.6,3202.5,3203.2,12595
1767861000,3203.2,3207.7,3202.3,3203.0,26401
1767861300,3203.0,3205.9,3202.0,3204.0,40779
1767861600,3204.8,3205.2,3200.0,3201.7,34307
1767861900,3201.2,3202.6,3196.5,3199.8,39334
1767862200,3199.8,3201.5,3197.9,3198.0,27334
1767862500,3198.8,3199.9,3195.9,3197.2,41423
1767862800,3198.2,3203.8,3196.2,3202.1,32253
1767863100,3202.0,3202.9,3200.0,3201.5,16871
1767863400,3201.5,3206.7,3199.3,3205.9,33630
1767863700,3206.0,3209.9,3203.9,3208.6,38779
1767864000,3207.5,3209.1,3204.4,3206.3,32891
1767864300,3206.3,3207.0,3203.0,3204.2,29693
1767864600,3204.4,3206.0,3199.0,3200.0,53502
1767864900,3200.8,3204.2,3198.1,3203.6,107821
1767865200,3203.6,3208.8,3202.4,3203.1,109624
1767865500,3204.0,3206.5,3202.3,3205.8,113197
1767865800,3204.8,3208.0,3202.6,3203.5,130492
1767866100,3203.6,3205.1,3195.0,3195.1,85242
1767930300,3191.0,3229.7,3191.0,3226.5,101068
1767930600,3227.4,3227.4,3212.0,3213.0,31240
1767930900,3213.0,3214.8,3201.0,3201.0,33391
1767931200,3201.1,3212.4,3200.1,3206.7,16975
1767931500,3206.0,3212.2,3204.0,3207.0,14208
1767931800,3206.4,3218.0,3204.0,3217.4,14491
1767932100,3217.7,3221.4,3215.0,3221.4,14393
1767932400,3220.3,3220.3,3213.1,3216.7,9206
1767932700,3216.5,3219.8,3216.2,3218.5,17860
1767933000,3219.3,3222.0,3216.0,3217.3,12049
1767933300,3217.8,3221.7,3215.0,3220.6,14647
1767933600,3220.7,3223.5,3218.0,3219.3,8119
1767933900,3219.9,3220.7,3216.0,3219.2,22076
1767934200,3219.2,3227.4,3215.0,3220.8,27980
1767934500,3221.2,3224.0,3217.0,3218.0,19697
1767934800,3218.0,3220.5,3213.9,3214.5,11126
1767935100,3215.0,3218.0,3212.0,3216.6,10599
1767935400,3217.9,3222.2,3216.9,3220.0,9589
1767935700,3220.5,3222.2,3219.0,3219.0,6601
1767936000,3220.2,3220.8,3215.5,3216.3,8055
1767936300,3216.3,3216.5,3209.5,3213.2,11592
1767936600,3213.2,3213.9,3210.0,3212.4,8303
1767936900,3212.3,3214.0,3211.6,3214.0,9138
1767937200,3213.7,3215.8,3210.7,3210.7,18932
1767937500,3210.7,3214.1,3207.4,3213.5,47762
1767937800,3214.1,3216.0,3213.5,3214.1,25347
1767938100,3214.6,3215.5,3214.1,3215.0,7131
1767938400,3215.0,3215.3,3211.1,3213.5,33540
1767938700,3211.8,3213.0,3204.0,3205.5,41078
1767939000,3205.9,3211.0,3205.5,3210.1,15146
1767939300,3210.2,3210.9,3202.5,3202.6,20732
1767939600,3202.6,3207.4,3202.0,3207.4,47564
1767939900,3207.4,3209.5,3205.0,3208.0,6418
1767940200,3208.0,3212.7,3207.5,3212.5,6696
1767940500,3212.5,3212.6,3211.0,3211.1,11438
1767940800,3211.3,3211.5,3205.5,3206.2,38850
1767941100,3206.3,3208.9,3205.0,3207.2,8643
1767941400,3207.2,3208.0,3204.1,3205.5,5051
1767941700,3205.2,3209.8,3200.0,3200.1,46174
1767942000,3200.0,3208.0,3200.0,3204.1,45161
1767942300,3204.1,3204.7,3197.3,3203.7,76994
1767942600,3203.7,3204.9,3196.0,3203.6,53920
1767942900,3203.2,3204.9,3199.3,3201.1,46983
1767943200,3201.2,3202.0,3198.1,3200.6,9299
1767943500,3200.6,3202.5,3199.0,3200.8,13277
1767943800,3200.8,3207.0,3200.3,3207.0,34124
1767944100,3207.0,3214.1,3205.6,3213.3,67146
1767944400,3213.3,3220.9,3213.2,3216.3,40299
1767944700,3216.3,3219.1,3213.6,3217.0,37400
1767945000,3216.4,3220.0,3213.5,3213.5,16140
1767945300,3214.3,3214.4,3211.6,3212.2,9652
1767945600,3211.8,3213.8,3208.9,3213.7,13665
1767945900,3213.7,3217.6,3212.8,3215.6,19563
1767946200,3215.6,3215.9,3212.1,3212.2,5206
1767946500,3212.2,3213.0,3210.1,3212.4,9144
1767946800,3212.4,3213.6,3211.0,3212.6,4917
1767947100,3212.6,3214.6,3210.1,3214.4,11114
1767947400,3214.8,3216.9,3212.8,3215.3,9724
1767947700,3215.3,3215.7,3213.6,3215.0,10175
1767948000,3215.1,3215.3,3209.3,3210.1,21872
1767948300,3210.1,3211.9,3206.0,3207.2,17583
1767948600,3207.9,3209.0,3202.9,3203.0,15507
1767948900,3203.3,3205.0,3203.0,3203.2,10708
1767949200,3203.2,3204.1,3198.4,3201.0,17655
1767949500,3201.0,3205.0,3200.7,3204.0,15396
1767949800,3204.1,3204.1,3195.6,3199.7,81439
1767950100,3199.5,3202.5,3199.0,3200.0,11711
1767950400,3199.9,3200.9,3197.1,3200.9,12800
1767950700,3201.0,3208.0,3199.9,3206.3,25792
1767951000,3207.9,3207.9,3202.4,3203.3,40226
1767951300,3204.3,3208.8,3201.8,3206.6,97223
1767951600,3205.3,3210.0,3203.9,3208.6,47222
1767951900,3208.6,3209.4,3206.1,3208.2,46554
1767952200,3208.2,3212.3,3208.2,3211.1,61265
1767952500,3210.8,3218.9,3210.5,3212.6,53361
1768189500,3203.0,3226.7,3187.0,3188.0,70236
1768189800,3187.7,3209.2,3186.0,3199.6,91949
1768190100,3199.3,3199.6,3188.2,3190.5,51936
1768190400,3188.7,3196.7,3188.1,3190.3,24475
1768190700,3189.7,3200.6,3188.1,3198.0,22930
1768191000,3198.0,3202.5,3190.8,3199.5,25687
1768191300,3199.5,3203.2,3195.1,3201.4,16970
1768191600,3204.4,3207.8,3197.5,3199.5,26618
1768191900,3198.6,3199.5,3195.0,3197.1,15358
1768192200,3196.1,3196.3,3192.0,3195.0,14506
1768192500,3194.7,3197.0,3192.0,3192.3,14227
1768192800,3192.5,3192.5,3187.1,3188.0,13192
1768193100,3187.5,3188.4,3181.2,3187.4,17442
1768193400,3187.3,3191.9,3184.1,3190.9,15826
1768193700,3190.9,3197.4,3190.1,3195.2,10318
1768194000,3195.3,3198.9,3195.3,3197.0,6763
1768194300,3197.5,3200.0,3192.6,3199.8,10524
1768194600,3199.3,3202.5,3195.9,3196.5,12249
1768194900,3196.5,3198.7,3193.3,3197.2,29339
1768195200,3197.8,3201.6,3197.0,3198.4,14106
1768195500,3198.9,3199.0,3195.0,3195.2,9693
1768195800,3195.2,3202.0,3195.0,3201.6,8825
1768196100,3200.5,3204.9,3200.4,3203.7,10859
1768196400,3203.7,3205.8,3191.6,3192.1,29788
1768196700,3192.1,3195.2,3189.1,3195.1,32186
1768197000,3195.0,3196.4,3190.2,3190.7,49637
1768197300,3190.6,3194.6,3187.3,3188.0,18373
1768197600,3188.0,3188.2,3174.5,3175.8,41697
1768197900,3175.8,3184.0,3174.3,3180.6,21127
1768198200,3181.8,3183.9,3180.0,3183.6,8853
1768198500,3182.6,3190.0,3180.0,3189.4,16763
1768198800,3189.9,3192.0,3189.0,3190.1,59987
1768199100,3190.5,3192.0,3190.0,3191.8,11890
1768199400,3191.8,3195.3,3190.0,3190.5,21658
1768199700,3190.6,3193.5,3188.5,3191.6,39856
1768200000,3191.9,3200.0,3189.9,3200.0,68688
1768200300,3200.0,3202.8,3195.0,3200.3,30858
1768200600,3200.3,3209.3,3197.3,3207.9,24631
1768200900,3207.9,3209.8,3204.4,3208.6,21163
1768201200,3208.6,3215.8,3208.6,3214.6,39351
1768201500,3214.6,3215.9,3210.0,3211.1,32904
1768201800,3211.0,3231.8,3211.0,3221.6,53562
1768202100,3221.3,3224.3,3217.1,3221.1,15766
1768202400,3221.1,3225.0,3217.5,3217.6,21578
1768202700,3218.0,3218.5,3212.1,3212.1,10584
1768203000,3212.6,3215.0,3210.0,3215.0,34791
1768203300,3214.6,3215.0,3212.3,3214.9,14894
1768203600,3214.5,3215.0,3210.3,3213.2,18842
1768203900,3213.1,3213.7,3210.0,3210.9,9165
1768204200,3210.8,3212.5,3210.0,3211.6,19912
1768204500,3211.0,3211.7,3210.0,3210.3,9614
1768204800,3210.0,3219.9,3210.0,3218.2,22365
1768205100,3218.1,3220.0,3215.7,3216.7,7682
1768205400,3216.8,3218.9,3214.0,3214.4,15865
1768205700,3214.5,3216.1,3211.9,3213.5,7654
1768206000,3213.1,3214.0,3211.0,3211.2,7326
1768206300,3211.2,3216.7,3210.7,3215.5,10908
1768206600,3215.5,3216.0,3211.1,3211.9,9254
1768206900,3211.5,3215.4,3210.5,3211.8,27794
1768207200,3211.6,3213.3,3210.0,3211.4,11757
1768207500,3211.2,3215.8,3210.8,3215.0,17573
1768207800,3214.6,3220.0,3214.0,3218.2,13788
1768208100,3218.2,3220.6,3214.6,3215.1,19350
1768208400,3215.9,3216.8,3212.6,3214.1,19592
1768208700,3214.0,3215.0,3210.8,3214.9,10264
1768209000,3215.0,3216.2,3214.0,3215.0,20384
1768209300,3215.0,3218.7,3214.7,3215.3,19701
1768209600,3215.8,3225.0,3215.8,3220.7,37280
1768209900,3220.8,3234.4,3220.3,3232.8,44720
1768210200,3232.8,3233.6,3224.6,3227.0,39266
1768210500,3227.1,3229.6,3225.5,3226.4,52144
1768210800,3226.4,3227.8,3221.0,3227.2,49937
1768211100,3227.8,3232.8,3227.0,3230.5,52825
1768211400,3230.5,3245.1,3230.0,3242.5,86783
1768211700,3245.0,3252.0,3242.1,3243.0,292563
1768275900,3245.0,3280.0,3220.1,3220.9,434941
1768276200,3220.6,3234.9,3211.0,3228.1,182338
1768276500,3228.9,3230.2,3211.0,3212.0,96445
1768276800,3212.2,3227.9,3210.5,3226.3,136634
1768277100,3226.5,3237.5,3224.1,3235.3,147175
1768277400,3235.5,3248.1,3233.4,3242.6,132432
1768277700,3242.6,3252.0,3237.1,3237.5,127901
1768278000,3237.9,3242.8,3231.0,3236.9,87202
1768278300,3236.3,3238.9,3231.0,3238.9,58071
1768278600,3238.1,3247.2,3236.5,3242.9,82642
1768278900,3242.7,3243.9,3234.0,3238.9,95493
1768279200,3239.4,3249.4,3238.9,3240.0,76553
1768279500,3240.5,3247.0,3237.5,3238.6,34665
1768279800,3239.0,3252.9,3238.2,3246.2,55018
1768280100,3246.5,3266.0,3246.5,3259.3,104955
1768280400,3259.3,3267.0,3257.7,3260.3,52389
1768280700,3260.0,3261.2,3255.9,3259.8,37388
1768281000,3259.8,3260.8,3254.1,3260.4,53607
1768281300,3260.8,3260.8,3254.8,3259.0,43974
1768281600,3259.0,3263.8,3257.9,3258.5,44470
1768281900,3258.4,3260.1,3256.1,3257.1,22883
1768282200,3257.5,3259.1,3255.0,3255.5,27975
1768282500,3255.3,3259.0,3251.9,3259.0,34161
1768282800,3258.5,3263.9,3257.4,3260.2,25935
1768283100,3260.2,3261.2,3252.8,3256.5,41480
1768283400,3256.5,3260.2,3253.6,3254.4,32727
1768283700,3254.2,3257.6,3251.4,3253.0,57852
1768284000,3253.0,3256.5,3251.6,3255.6,29594
1768284300,3255.3,3257.9,3254.1,3256.9,47325
1768284600,3256.5,3257.5,3250.3,3253.0,38876
1768284900,3253.0,3254.3,3251.0,3254.0,60600
1768285200,3253.9,3256.4,3250.1,3251.2,30618
1768285500,3250.2,3262.9,3249.7,3259.0,102422
1768285800,3258.8,3259.2,3254.0,3254.2,20348
1768286100,3254.5,3255.4,3252.3,3254.6,20468
1768286400,3254.7,3258.2,3254.0,3256.0,33324
1768286700,3256.0,3257.0,3253.9,3254.9,24371
1768287000,3254.7,3255.4,3251.2,3254.1,41319
1768287300,3252.6,3254.2,3250.0,3254.1,43854
1768287600,3254.2,3256.4,3250.0,3251.0,47891
1768287900,3251.4,3255.2,3251.4,3255.2,23103
1768288200,3255.2,3258.9,3252.8,3256.5,36294
1768288500,3256.6,3258.0,3252.5,3252.5,42537
1768288800,3252.5,3253.8,3250.0,3250.9,59108
1768289100,3251.0,3251.2,3250.0,3250.0,26883
1768289400,3250.2,3252.0,3250.0,3251.1,104297
1768289700,3251.1,3254.9,3250.5,3253.0,33130
1768290000,3253.2,3258.5,3253.0,3257.3,36641
1768290300,3257.0,3258.1,3255.0,3256.3,43970
1768290600,3257.0,3261.4,3256.0,3261.4,31263
1768290900,3261.4,3263.9,3256.0,3256.5,52325
1768291200,3256.5,3259.4,3256.0,3258.6,39754
1768291500,3258.6,3258.6,3252.2,3253.8,43492
1768291800,3253.1,3255.2,3252.3,3254.0,36815
1768292100,3254.0,3254.1,3250.0,3251.5,47300
1768292400,3251.5,3252.8,3250.0,3250.0,65678
1768292700,3250.1,3250.3,3243.4,3246.6,256796
1768293000,3246.7,3251.7,3245.0,3251.3,66096
1768293300,3250.5,3255.0,3250.0,3254.6,44970
1768293600,3254.4,3254.8,3250.0,3253.3,47335
1768293900,3252.9,3253.7,3250.5,3252.3,27908
1768294200,3252.4,3254.5,3251.5,3252.0,24564
1768294500,3252.5,3258.0,3252.1,3255.7,65504
1768294800,3255.6,3260.7,3253.7,3254.7,80941
1768295100,3255.7,3259.4,3253.3,3258.7,48754
1768295400,3258.7,3263.4,3256.2,3261.0,84765
1768295700,3261.3,3264.0,3260.5,3261.9,57573
1768296000,3261.9,3262.6,3258.5,3260.0,80888
1768296300,3260.7,3269.0,3260.0,3266.5,117442
1768296600,3267.0,3275.0,3267.0,3269.0,180741
1768296900,3268.7,3275.9,3267.0,3271.1,244273
1768297200,3271.7,3273.1,3266.1,3267.3,139901
1768297500,3267.4,3270.6,3259.8,3261.3,167506
1768297800,3261.5,3264.6,3258.2,3261.2,141623
1768298100,3261.4,3264.3,3255.1,3263.0,101871
1768362300,3260.0,3260.0,3241.9,3246.6,59087
1768362600,3246.2,3247.3,3240.0,3240.4,51922
1768362900,3240.4,3242.9,3238.1,3239.8,43741
1768363200,3240.0,3240.1,3232.8,3238.5,35170
1768363500,3238.5,3239.0,3233.4,3235.8,21870
1768363800,3235.8,3235.8,3228.5,3229.9,39261
1768364100,3230.0,3231.2,3226.0,3228.4,26489
1768364400,3228.4,3235.0,3227.0,3234.5,20288
1768364700,3234.4,3235.5,3225.0,3227.3,34367
1768365000,3227.2,3229.9,3223.2,3224.6,43497
1768365300,3224.3,3224.6,3221.9,3223.4,28248
1768365600,3223.4,3223.4,3218.3,3221.9,47566
1768365900,3221.9,3225.9,3218.4,3219.9,34639
1768366200,3219.9,3220.4,3212.0,3214.7,59216
1768366500,3215.0,3215.1,3209.1,3211.6,64836
1768366800,3211.5,3211.6,3205.6,3208.8,44986
1768367100,3209.0,3209.2,3203.0,3206.3,46392
1768367400,3207.4,3214.0,3204.0,3205.3,130737
1768367700,3205.1,3210.0,3202.1,3209.0,39326
1768368000,3209.0,3209.2,3202.6,3206.0,22038
1768368300,3205.8,3208.4,3205.1,3208.4,27471
1768368600,3208.4,3210.0,3207.0,3209.7,65724
1768368900,3209.9,3211.0,3203.2,3207.1,103244
1768369200,3207.3,3208.5,3205.8,3206.8,50370
1768369500,3206.8,3211.9,3205.1,3211.4,52719
1768369800,3211.4,3214.4,3210.8,3212.3,30200
1768370100,3212.3,3218.9,3211.0,3216.0,33100
1768370400,3216.0,3219.0,3214.0,3218.3,55626
1768370700,3218.3,3218.3,3215.1,3215.1,11285
1768371000,3215.7,3216.0,3211.4,3211.4,22258
1768371300,3211.6,3214.4,3210.1,3213.9,18082
1768371600,3213.8,3215.5,3210.3,3211.3,39507
1768371900,3211.2,3214.2,3210.0,3211.9,51941
1768372200,3211.7,3214.6,3211.6,3214.3,17461
1768372500,3214.2,3216.0,3213.3,3215.2,23874
1768372800,3214.9,3215.5,3210.8,3210.9,32681
1768373100,3210.8,3210.8,3208.0,3209.4,41994
1768373400,3209.2,3211.8,3209.0,3209.3,17597
1768373700,3209.3,3209.9,3208.3,3209.8,14369
1768374000,3209.7,3210.5,3208.0,3208.6,15682
1768374300,3208.5,3211.3,3208.3,3210.5,19263
1768374600,3210.2,3211.8,3205.2,3206.9,46369
1768374900,3206.9,3210.6,3206.2,3207.3,33737
1768375200,3206.8,3208.0,3203.3,3206.8,69588
1768375500,3206.7,3208.4,3204.3,3207.2,53493
1768375800,3207.3,3208.2,3204.7,3207.7,35357
1768376100,3207.7,3208.0,3206.1,3207.6,19409
1768376400,3207.4,3208.2,3205.1,3205.4,15923
1768376700,3205.6,3205.6,3202.0,3202.8,49185
1768377000,3202.3,3203.5,3201.0,3201.4,57568
1768377300,3201.4,3202.9,3198.0,3200.1,96580
1768377600,3200.6,3203.0,3198.8,3200.8,49298
1768377900,3200.9,3201.3,3193.4,3193.7,57602
1768378200,3194.7,3197.5,3193.7,3194.7,42330
1768378500,3194.5,3196.3,3193.0,3195.0,67079
1768378800,3195.7,3197.0,3190.2,3191.0,40225
1768379100,3191.0,3192.3,3190.0,3190.4,31229
1768379400,3191.1,3194.1,3190.2,3190.7,49706
1768379700,3190.6,3191.9,3188.5,3190.3,43230
1768380000,3190.3,3191.0,3187.0,3189.3,39132
1768380300,3189.3,3192.5,3189.0,3190.6,41409
1768380600,3190.6,3191.1,3185.0,3185.6,44624
1768380900,3185.6,3188.5,3185.0,3187.5,45754
1768381200,3187.1,3187.5,3183.0,3184.9,56522
1768381500,3185.0,3189.5,3183.0,3189.0,33847
1768381800,3188.8,3193.0,3187.0,3190.7,60858
1768382100,3190.7,3192.7,3189.2,3190.5,42059
1768382400,3190.6,3191.9,3188.0,3191.0,29348
1768382700,3191.0,3193.0,3187.0,3187.3,36706
1768383000,3187.7,3194.2,3186.1,3192.9,95012
1768383300,3192.9,3198.0,3188.5,3191.0,135281
1768383600,3191.1,3193.8,3190.1,3191.0,111748
1768383900,3191.0,3194.0,3190.7,3193.8,87359
1768384200,3193.8,3194.5,3191.8,3194.5,88718
1768384500,3194.5,3198.0,3192.5,3197.8,84528
1768535100,3219.4,3219.4,3171.0,3179.0,775265
1768535400,3180.0,3187.0,3178.0,3187.0,97424
1768535700,3186.7,3198.0,3184.0,3194.6,139610
1768536000,3195.0,3198.0,3185.0,3197.7,91369
1768536300,3197.5,3197.6,3184.3,3190.4,58077
1768536600,3190.4,3200.7,3188.8,3196.5,78534
1768536900,3196.6,3199.9,3193.0,3193.8,149469
1768537200,3193.8,3195.9,3192.0,3193.3,28005
1768537500,3193.2,3200.7,3191.3,3197.5,42760
1768537800,3197.5,3203.8,3197.2,3201.0,37396
1768538100,3201.0,3205.9,3201.0,3204.8,30373
1768538400,3204.9,3212.4,3204.8,3208.5,42874
1768538700,3208.5,3221.9,3208.5,3213.7,167628
1768539000,3213.6,3217.0,3212.4,3216.3,31275
1768539300,3217.0,3218.1,3213.2,3214.7,29255
1768539600,3214.5,3216.0,3212.0,3214.6,27812
1768539900,3214.6,3218.3,3208.3,3210.7,45790
1768540200,3210.1,3210.6,3204.0,3204.0,153942
1768540500,3204.2,3206.5,3200.0,3204.8,91054
1768540800,3206.8,3210.0,3204.5,3205.0,44733
1768541100,3205.4,3210.0,3204.3,3205.0,50722
1768541400,3204.8,3209.6,3204.3,3204.3,80341
1768541700,3204.4,3204.6,3199.6,3202.5,72974
1768542000,3202.5,3204.5,3197.7,3200.1,43662
1768542300,3200.2,3202.2,3199.6,3201.3,38970
1768542600,3201.3,3203.4,3199.0,3202.5,35033
1768542900,3202.4,3203.9,3199.0,3200.0,33413
1768543200,3200.1,3205.0,3200.0,3203.0,43757
1768543500,3203.0,3204.7,3200.1,3200.2,45257
1768543800,3200.2,3204.3,3200.0,3200.9,19988
1768544100,3200.9,3205.2,3200.8,3200.8,66596
1768544400,3201.5,3205.7,3200.6,3205.0,35288
1768544700,3205.0,3205.6,3200.2,3200.7,58206
1768545000,3200.7,3202.9,3200.0,3200.0,29663
1768545300,3200.0,3204.2,3200.0,3203.3,26657
1768545600,3203.4,3208.6,3202.0,3206.8,31341
1768545900,3207.4,3210.0,3203.5,3204.1,26182
1768546200,3204.0,3206.0,3201.7,3204.9,26262
1768546500,3204.9,3212.5,3201.5,3204.1,42498
1768546800,3205.0,3209.4,3200.4,3208.6,69358
1768547100,3208.6,3215.4,3207.0,3213.0,35520
1768547400,3213.1,3214.7,3210.6,3212.7,21417
1768547700,3212.7,3212.9,3208.6,3210.3,22722
1768548000,3210.3,3211.0,3206.9,3210.0,24381
1768548300,3209.9,3210.4,3207.7,3208.6,20259
1768548600,3208.9,3211.4,3208.1,3208.8,24735
1768548900,3209.0,3213.7,3208.7,3211.2,22011
1768549200,3211.1,3211.5,3208.3,3209.9,27284
1768549500,3209.8,3211.5,3207.0,3207.7,16742
1768549800,3206.9,3207.7,3204.3,3205.6,13871
1768550100,3205.6,3205.6,3201.1,3205.4,17392
1768550400,3205.9,3210.1,3205.7,3206.2,22396
1768550700,3206.1,3207.8,3204.0,3207.0,11735
1768551000,3207.0,3210.0,3206.0,3210.0,16190
1768551300,3209.9,3210.0,3207.1,3209.2,12451
1768551600,3209.1,3209.8,3204.6,3205.3,13382
1768551900,3205.3,3206.7,3204.1,3204.6,16796
1768552200,3205.0,3205.4,3204.3,3205.1,14202
1768552500,3205.4,3205.6,3202.3,3203.0,29474
1768552800,3202.1,3206.5,3202.1,3205.3,18739
1768553100,3204.7,3205.5,3202.4,3205.3,20046
1768553400,3205.3,3206.4,3204.4,3206.3,13802
1768553700,3205.7,3208.9,3205.6,3206.9,20584
1768554000,3207.0,3211.1,3206.1,3209.8,17310
1768554300,3210.0,3211.6,3207.2,3209.5,20360
1768554600,3209.5,3212.8,3209.3,3210.7,24304
1768554900,3210.7,3211.2,3208.4,3209.7,16202
1768555200,3209.7,3212.1,3208.2,3208.2,36055
1768555500,3208.3,3212.0,3207.7,3210.0,27878
1768555800,3209.7,3209.8,3203.3,3204.3,68171
1768556100,3204.2,3206.0,3204.0,3205.9,93112
1768556400,3206.0,3206.1,3202.3,3205.3,88357
1768556700,3205.4,3206.2,3204.8,3205.5,86048
1768557000,3205.5,3210.0,3205.0,3209.3,103997
1768557300,3209.4,3214.0,3207.2,3209.0,88967
1768794300,3188.0,3218.4,3183.7,3216.6,133426
1768794600,3215.9,3220.0,3200.9,3201.0,45841
1768794900,3200.8,3202.0,3191.6,3191.8,33848
1768795200,3191.0,3191.9,3181.2,3186.5,31593
1768795500,3186.5,3186.5,3175.0,3176.1,34448
1768795800,3175.1,3183.6,3171.7,3178.2,44369
1768796100,3178.7,3182.9,3175.0,3179.2,19898
1768796400,3180.0,3183.0,3176.5,3177.5,24974
1768796700,3177.0,3183.8,3175.3,3182.6,84120
1768797000,3182.1,3182.8,3177.1,3179.0,26888
1768797300,3179.0,3187.0,3176.5,3186.2,42800
1768797600,3187.0,3187.0,3182.3,3185.0,57574
1768797900,3184.9,3194.3,3183.7,3187.9,113142
1768798200,3188.8,3191.6,3183.1,3186.0,34665
1768798500,3186.0,3186.0,3176.6,3176.7,42749
1768798800,3177.0,3180.0,3174.2,3179.0,95278
1768799100,3178.9,3180.0,3175.0,3176.4,20531
1768799400,3176.4,3179.6,3176.3,3177.2,19206
1768799700,3177.2,3179.8,3177.0,3177.7,16409
1768800000,3177.7,3178.2,3173.8,3174.3,22253
1768800300,3174.0,3175.0,3173.1,3174.1,14020
1768800600,3174.1,3175.0,3173.0,3174.9,14410
1768800900,3175.0,3175.2,3172.3,3172.8,28587
1768801200,3172.5,3174.5,3167.6,3169.3,51476
1768801500,3169.5,3169.5,3164.8,3165.5,37449
1768801800,3165.9,3167.6,3156.5,3159.0,179420
1768802100,3159.7,3161.1,3155.3,3158.8,59826
1768802400,3158.5,3162.5,3158.1,3161.8,46395
1768802700,3161.8,3162.0,3156.6,3158.8,63627
1768803000,3158.8,3159.5,3153.9,3154.0,35489
1768803300,3154.0,3155.3,3152.1,3154.8,28579
1768803600,3154.9,3160.0,3153.8,3158.3,46317
1768803900,3158.3,3158.4,3155.0,3157.2,40049
1768804200,3156.7,3158.0,3155.0,3155.4,33479
1768804500,3155.4,3157.2,3155.0,3155.9,40430
1768804800,3155.9,3158.5,3154.0,3158.3,58548
1768805100,3158.4,3160.8,3155.7,3158.0,123635
1768805400,3158.1,3159.3,3157.0,3158.1,25216
1768805700,3158.1,3159.6,3157.0,3158.1,30757
1768806000,3158.1,3158.5,3157.4,3158.0,13313
1768806300,3158.1,3161.1,3157.8,3159.9,22132
1768806600,3159.6,3160.0,3158.0,3158.6,9556
1768806900,3158.4,3159.7,3158.0,3158.3,9868
1768807200,3158.2,3160.6,3158.0,3159.6,14673
1768807500,3159.9,3160.9,3157.9,3159.3,26629
1768807800,3159.3,3160.4,3158.1,3159.4,13214
1768808100,3159.4,3160.3,3159.3,3159.4,43050
1768808400,3159.8,3160.6,3156.8,3159.0,39949
1768808700,3159.0,3160.0,3159.0,3159.8,10675
1768809000,3159.6,3160.0,3158.0,3159.1,25060
1768809300,3159.3,3159.8,3159.0,3159.1,6983
1768809600,3159.3,3160.0,3159.0,3159.2,20181
1768809900,3159.4,3161.1,3158.9,3160.6,95466
1768810200,3160.6,3160.6,3158.6,3159.3,68250
1768810500,3159.3,3160.8,3158.9,3160.1,66354
1768810800,3160.6,3162.1,3160.0,3161.7,112075
1768811100,3161.7,3162.4,3160.6,3161.6,39926
1768811400,3161.6,3165.4,3161.3,3163.2,49128
1768811700,3163.2,3165.1,3163.1,3164.8,25491
1768812000,3164.9,3165.0,3164.0,3164.0,53661
1768812300,3164.1,3164.5,3162.0,3164.5,62936
1768812600,3164.5,3164.9,3163.9,3164.2,8514
1768812900,3164.2,3164.3,3161.4,3162.8,27766
1768813200,3162.7,3163.7,3161.6,3162.0,13906
1768813500,3162.0,3163.7,3160.1,3162.2,66218
1768813800,3162.2,3164.9,3161.3,3164.0,17195
1768814100,3164.0,3165.0,3163.0,3165.0,27025
1768814400,3165.0,3165.2,3164.1,3164.9,38608
1768814700,3164.9,3168.6,3164.1,3167.1,49657
1768815000,3167.5,3167.6,3163.3,3165.0,45486
1768815300,3164.9,3165.4,3162.0,3162.3,37571
1768815600,3162.0,3164.4,3161.2,3162.6,162090
1768815900,3162.8,3164.6,3161.6,3162.6,31480
1768816200,3162.6,3164.7,3161.4,3162.0,77158
1768816500,3161.9,3164.6,3160.0,3161.0,37141
1768880700,3151.6,3160.0,3142.0,3156.4,73750
1768881000,3155.2,3155.2,3141.7,3146.2,351090
1768881300,3146.2,3151.0,3145.5,3149.0,23710
1768881600,3148.0,3149.4,3144.0,3146.0,28142
1768881900,3146.6,3146.6,3140.2,3144.5,31046
1768882200,3144.0,3148.0,3143.0,3144.5,24019
1768882500,3145.0,3145.5,3141.6,3145.0,16331
1768882800,3145.0,3146.8,3142.7,3143.4,20590
1768883100,3143.4,3146.8,3141.5,3146.5,19160
1768883400,3146.6,3146.6,3136.9,3140.6,117206
1768883700,3139.0,3145.0,3136.6,3142.0,273670
1768884000,3141.8,3143.9,3141.8,3143.8,13383
1768884300,3143.8,3143.8,3137.9,3140.0,85726
1768884600,3139.5,3143.8,3138.3,3139.7,74410
1768884900,3139.7,3139.8,3136.5,3137.3,9335
1768885200,3137.0,3137.3,3130.1,3135.8,55253
1768885500,3135.3,3139.0,3132.3,3134.5,41799
1768885800,3135.0,3138.2,3134.5,3136.1,14119
1768886100,3136.6,3138.0,3134.6,3137.0,44050
1768886400,3137.0,3141.3,3134.5,3139.7,107497
1768886700,3139.8,3141.3,3134.3,3136.2,58480
1768887000,3134.9,3136.5,3132.6,3135.0,39977
1768887300,3134.0,3138.9,3132.4,3136.3,263191
1768887600,3136.0,3137.5,3134.6,3136.0,20592
1768887900,3136.0,3141.8,3135.1,3140.5,65257
1768888200,3140.1,3141.5,3137.5,3138.6,245771
1768888500,3138.5,3140.2,3136.0,3139.5,22762
1768888800,3139.4,3140.4,3137.0,3139.7,28016
1768889100,3139.6,3139.7,3135.3,3138.0,31097
1768889400,3138.0,3138.4,3136.2,3138.2,44714
1768889700,3138.1,3138.1,3134.8,3137.3,14017
1768890000,3137.3,3140.0,3136.0,3139.7,26636
1768890300,3139.7,3139.7,3137.0,3139.0,11179
1768890600,3138.6,3139.5,3137.0,3137.3,12715
1768890900,3137.0,3138.5,3136.5,3137.6,15020
1768891200,3137.5,3138.5,3136.4,3137.0,9981
1768891500,3137.1,3137.5,3135.1,3135.5,63637
1768891800,3135.2,3136.2,3130.6,3133.0,64331
1768892100,3133.0,3133.0,3126.0,3128.4,28388
1768892400,3128.9,3130.0,3122.9,3123.9,120382
1768892700,3124.0,3126.1,3123.0,3123.8,14149
1768893000,3123.5,3124.9,3121.2,3122.3,20897
1768893300,3122.2,3124.0,3122.2,3123.0,12779
1768893600,3123.3,3124.0,3121.0,3123.0,41955
1768893900,3123.3,3123.4,3123.0,3123.0,19404
1768894200,3123.1,3123.4,3122.1,3123.4,47182
1768894500,3123.4,3124.1,3117.4,3121.8,138775
1768894800,3121.4,3122.5,3117.7,3118.9,21840
1768895100,3118.9,3120.0,3117.2,3119.8,10914
1768895400,3119.9,3122.8,3118.6,3120.0,13642
1768895700,3120.0,3123.6,3114.9,3117.9,67454
1768896000,3117.9,3119.4,3115.4,3116.6,19558
1768896300,3116.6,3119.6,3116.0,3117.4,26150
1768896600,3117.4,3119.2,3114.4,3117.1,32765
1768896900,3117.1,3118.4,3113.6,3118.1,28689
1768897200,3118.1,3119.2,3116.1,3118.3,29367
1768897500,3118.5,3119.5,3116.1,3118.4,24363
1768897800,3117.6,3119.2,3115.8,3118.6,34418
1768898100,3117.7,3117.7,3114.0,3115.3,22984
1768898400,3115.3,3119.2,3114.0,3116.9,44392
1768898700,3116.8,3119.2,3116.8,3118.4,27976
1768899000,3118.4,3119.2,3116.6,3119.2,20374
1768899300,3119.2,3119.2,3115.4,3116.5,26441
1768899600,3116.5,3116.5,3112.1,3113.0,30558
1768899900,3112.4,3113.8,3108.9,3110.5,48098
1768900200,3110.6,3111.0,3106.3,3108.7,79575
1768900500,3108.7,3111.9,3108.5,3110.1,34860
1768900800,3110.1,3112.2,3108.8,3110.6,27073
1768901100,3110.6,3112.0,3109.3,3109.9,21478
1768901400,3110.0,3110.0,3100.0,3106.6,151272
1768901700,3106.3,3111.4,3105.7,3106.0,121092
1768902000,3107.1,3109.3,3101.3,3102.5,165993
1768902300,3103.9,3107.4,3095.1,3096.2,193900
1768902600,3097.2,3099.5,3091.1,3095.7,147430
1768902900,3095.7,3107.0,3094.4,3104.2,107171
1768967100,3100.0,3109.2,3085.1,3107.0,128849
1768967400,3106.7,3108.4,3093.4,3107.3,30923
1768967700,3107.2,3112.0,3089.1,3090.5,29832
1768968000,3090.5,3097.3,3085.5,3089.2,27696
1768968300,3089.3,3093.0,3085.0,3086.6,31084
1768968600,3085.6,3094.5,3082.0,3090.2,43044
1768968900,3090.9,3097.4,3087.3,3096.5,18246
1768969200,3096.5,3103.5,3094.7,3097.5,14211
1768969500,3097.8,3107.7,3096.3,3102.2,22648
1768969800,3103.1,3105.9,3097.6,3105.9,12001
1768970100,3105.9,3111.6,3105.6,3108.9,14715
1768970400,3108.9,3115.9,3107.3,3112.4,15011
1768970700,3112.5,3114.9,3111.3,3114.2,13195
1768971000,3113.9,3115.8,3107.8,3107.9,13402
1768971300,3107.6,3108.8,3103.8,3107.5,11738
1768971600,3106.9,3109.7,3103.1,3104.4,14637
1768971900,3104.4,3106.3,3100.6,3102.6,13959
1768972200,3102.4,3105.4,3096.7,3098.0,12730
1768972500,3098.0,3101.9,3095.6,3101.2,13931
1768972800,3100.7,3101.0,3093.4,3095.9,16778
1768973100,3095.9,3101.5,3092.0,3098.8,35648
1768973400,3100.2,3100.2,3095.0,3097.7,18533
1768973700,3097.7,3102.6,3095.0,3099.4,24865
1768974000,3099.4,3113.6,3099.4,3113.1,15631
1768974300,3113.1,3118.9,3109.6,3118.9,18889
1768974600,3118.9,3122.9,3117.4,3118.3,25385
1768974900,3118.4,3120.9,3112.4,3115.2,19188
1768975200,3115.2,3122.3,3114.3,3119.8,12743
1768975500,3119.7,3122.4,3115.9,3118.0,12151
1768975800,3117.3,3118.0,3111.3,3112.2,16729
1768976100,3112.3,3114.1,3110.7,3111.6,11091
1768976400,3111.4,3118.4,3110.8,3115.9,23633
1768976700,3116.4,3119.3,3115.7,3118.7,10507
1768977000,3119.0,3126.5,3117.3,3125.9,25835
1768977300,3125.6,3126.1,3121.3,3122.5,12495
1768977600,3122.5,3127.6,3121.2,3127.1,9304
1768977900,3128.5,3134.0,3127.1,3132.9,18759
1768978200,3132.5,3134.9,3131.0,3134.1,11796
1768978500,3133.9,3134.5,3125.4,3128.1,13822
1768978800,3128.1,3134.8,3127.4,3134.8,8051
1768979100,3134.8,3138.5,3134.2,3137.3,17187
1768979400,3137.2,3137.3,3131.3,3131.4,21259
1768979700,3131.3,3133.8,3130.0,3131.8,14663
1768980000,3131.4,3131.4,3126.8,3129.4,14832
1768980300,3129.4,3130.5,3127.0,3130.5,12219
1768980600,3130.5,3134.3,3129.9,3132.6,9312
1768980900,3132.6,3135.9,3132.4,3134.4,12022
1768981200,3134.3,3134.3,3126.5,3126.9,11733
1768981500,3128.3,3128.8,3121.3,3122.1,41591
1768981800,3122.1,3124.3,3121.0,3121.9,14770
1768982100,3121.9,3124.4,3121.0,3123.8,8938
1768982400,3123.6,3123.6,3117.2,3117.4,21792
1768982700,3117.3,3118.0,3114.3,3114.3,75003
1768983000,3114.6,3116.7,3110.0,3114.4,106664
1768983300,3114.2,3116.4,3111.8,3115.4,44753
1768983600,3115.4,3116.4,3111.4,3113.1,23652
1768983900,3113.5,3114.9,3112.3,3112.7,8204
1768984200,3112.7,3115.0,3111.2,3113.0,22850
1768984500,3113.6,3115.0,3111.5,3111.5,15976
1768984800,3111.5,3115.0,3111.3,3113.0,14735
1768985100,3113.6,3118.7,3111.8,3115.0,46170
1768985400,3115.0,3116.2,3112.3,3113.0,30643
1768985700,3113.0,3113.0,3106.0,3106.6,47021
1768986000,3106.6,3115.0,3106.2,3112.5,39467
1768986300,3112.5,3113.2,3108.8,3111.3,47974
1768986600,3110.8,3112.4,3108.6,3110.1,27930
1768986900,3110.1,3114.8,3110.0,3113.9,11207
1768987200,3113.9,3115.7,3111.1,3113.1,24466
1768987500,3113.0,3117.4,3112.5,3115.5,19460
1768987800,3115.0,3124.0,3115.0,3124.0,59259
1768988100,3123.3,3127.0,3121.7,3125.9,74778
1768988400,3124.2,3127.2,3121.1,3123.0,60453
1768988700,3122.9,3125.0,3122.8,3124.5,53107
1768989000,3124.5,3124.7,3118.5,3121.1,66467
1768989300,3120.9,3122.8,3117.2,3122.0,39114
1769053500,3150.0,3154.7,3135.1,3139.3,99219
1769053800,3138.9,3139.8,3132.0,3139.2,31514
1769054100,3138.3,3145.0,3135.9,3143.2,30223
1769054400,3143.2,3149.5,3142.7,3144.7,19854
1769054700,3145.6,3150.0,3143.0,3143.8,18990
1769055000,3143.8,3148.9,3143.0,3146.9,15042
1769055300,3147.8,3154.0,3147.1,3152.3,20849
1769055600,3152.5,3155.0,3150.9,3152.3,17744
1769055900,3152.1,3152.5,3148.2,3152.4,18477
1769056200,3152.0,3153.9,3147.6,3150.0,16960
1769056500,3150.2,3151.7,3147.0,3148.1,8838
1769056800,3147.0,3151.9,3147.0,3149.8,8865
1769057100,3149.8,3151.7,3147.1,3147.2,8892
1769057400,3146.2,3148.2,3144.0,3146.9,11299
1769057700,3146.9,3147.3,3140.8,3143.9,10595
1769058000,3143.6,3147.9,3140.5,3146.3,23386
1769058300,3146.3,3148.7,3141.3,3142.0,9417
1769058600,3142.1,3146.5,3141.9,3146.5,5479
1769058900,3146.1,3147.0,3144.6,3145.7,8760
1769059200,3145.7,3147.4,3142.3,3144.8,6414
1769059500,3145.3,3146.5,3141.0,3141.0,7459
1769059800,3141.0,3141.4,3137.8,3138.9,10894
1769060100,3138.5,3142.1,3136.1,3141.8,303964
1769060400,3141.8,3142.6,3138.0,3141.0,12779
1769060700,3141.0,3146.8,3140.2,3146.5,21281
1769061000,3146.0,3153.0,3146.0,3151.2,14201
1769061300,3151.3,3154.0,3150.2,3151.7,13989
1769061600,3152.0,3152.8,3150.0,3150.9,7336
1769061900,3150.5,3151.9,3149.0,3149.4,9060
1769062200,3149.4,3150.0,3146.1,3147.5,6169
1769062500,3147.2,3148.7,3145.3,3148.3,9645
1769062800,3148.1,3150.8,3148.1,3149.2,10041
1769063100,3149.2,3150.5,3149.0,3149.3,12339
1769063400,3149.3,3154.9,3149.0,3153.8,13944
1769063700,3153.8,3157.5,3153.2,3155.0,16713
1769064000,3154.8,3158.0,3152.5,3157.7,13014
1769064300,3157.6,3157.6,3151.0,3154.0,21535
1769064600,3154.0,3158.6,3152.6,3153.6,20578
1769064900,3153.5,3157.6,3152.4,3156.8,6584
1769065200,3156.0,3157.1,3152.5,3153.4,34408
1769065500,3153.4,3153.8,3145.8,3145.8,52250
1769065800,3146.7,3147.0,3135.2,3141.6,42559
1769066100,3141.3,3144.1,3139.8,3143.5,51065
1769066400,3143.5,3143.9,3138.4,3138.7,29743
1769066700,3139.1,3139.1,3133.8,3134.2,14923
1769067000,3134.1,3135.5,3130.0,3131.5,17394
1769067300,3131.5,3133.4,3127.9,3128.7,22350
1769067600,3128.7,3131.3,3126.3,3126.4,21695
1769067900,3126.4,3126.9,3122.3,3124.1,13561
1769068200,3125.3,3129.9,3123.2,3127.8,33549
1769068500,3127.6,3130.4,3126.1,3127.8,39462
1769068800,3127.8,3132.3,3126.5,3131.4,32104
1769069100,3131.5,3134.3,3128.9,3133.0,67501
1769069400,3133.4,3134.5,3128.5,3131.7,36875
1769069700,3130.9,3134.5,3128.0,3132.8,9234
1769070000,3132.8,3136.1,3132.5,3134.6,16293
1769070300,3135.5,3135.9,3130.1,3131.0,12527
1769070600,3131.3,3134.8,3129.0,3129.9,15360
1769070900,3130.5,3131.5,3129.8,3130.2,33813
1769071200,3130.2,3130.4,3128.6,3130.2,53990
1769071500,3129.5,3133.9,3129.2,3131.8,35233
1769071800,3132.0,3137.3,3131.2,3135.5,24970
1769072100,3135.8,3139.7,3133.1,3138.8,12295
1769072400,3139.1,3146.2,3139.1,3146.2,21005
1769072700,3146.0,3148.6,3142.4,3147.6,56601
1769073000,3147.6,3151.0,3145.6,3149.0,28635
1769073300,3149.2,3152.8,3147.5,3150.0,31145
1769073600,3149.7,3151.9,3146.3,3147.7,31311
1769073900,3148.4,3150.0,3146.0,3148.7,13200
1769074200,3148.7,3148.7,3140.8,3146.2,98514
1769074500,3146.2,3153.0,3143.5,3150.4,107549
1769074800,3150.5,3153.5,3150.5,3151.8,36604
1769075100,3152.8,3155.0,3150.5,3151.2,54370
1769075400,3151.6,3160.0,3151.2,3157.5,64972
1769075700,3157.5,3158.7,3150.1,3152.2,61043
1769139900,3190.3,3190.3,3160.1,3167.2,227684
1769140200,3167.9,3186.0,3166.8,3185.3,36403
1769140500,3185.1,3193.2,3184.9,3191.8,38024
1769140800,3191.8,3192.7,3187.0,3188.0,14877
1769141100,3188.0,3190.1,3182.4,3185.0,21689
1769141400,3185.5,3187.0,3182.2,3182.2,15421
1769141700,3184.0,3187.0,3177.8,3185.5,20017
1769142000,3185.5,3187.1,3183.7,3185.8,13828
1769142300,3184.5,3186.8,3178.6,3178.6,16117
1769142600,3179.1,3180.3,3174.5,3178.4,15677
1769142900,3178.2,3180.0,3175.6,3175.7,15060
1769143200,3177.6,3181.1,3175.6,3180.8,36257
1769143500,3180.8,3181.8,3179.5,3181.6,54713
1769143800,3181.6,3185.4,3181.6,3184.9,22347
1769144100,3184.0,3186.6,3181.5,3183.0,19437
1769144400,3182.6,3186.9,3182.2,3182.8,16479
1769144700,3182.6,3185.5,3182.5,3185.4,5721
1769145000,3185.9,3186.0,3182.5,3184.5,5961
1769145300,3184.5,3186.0,3182.7,3183.4,5840
1769145600,3183.3,3185.0,3182.9,3183.5,4863
1769145900,3183.5,3185.1,3182.9,3182.9,6250
1769146200,3183.0,3186.9,3182.9,3186.8,20646
1769146500,3186.8,3188.6,3185.3,3187.2,18017
1769146800,3187.5,3188.9,3187.4,3188.6,5018
1769147100,3188.6,3188.7,3186.0,3186.0,8884
1769147400,3186.3,3188.9,3185.0,3186.0,14421
1769147700,3186.0,3193.9,3185.6,3192.3,45234
1769148000,3193.5,3194.5,3187.4,3188.5,38134
1769148300,3188.5,3190.8,3187.6,3188.3,7454
1769148600,3188.2,3189.0,3185.5,3186.5,29178
1769148900,3186.5,3186.6,3180.5,3180.9,72795
1769149200,3180.7,3186.9,3180.1,3185.0,49944
1769149500,3185.5,3187.0,3185.0,3186.9,10955
1769149800,3186.9,3190.2,3186.3,3189.3,10658
1769150100,3189.3,3190.5,3187.2,3188.7,8090
1769150400,3188.7,3189.0,3185.0,3185.7,7694
1769150700,3185.7,3190.0,3185.0,3189.9,5272
1769151000,3189.9,3193.0,3189.3,3192.4,15268
1769151300,3192.4,3193.9,3190.3,3193.0,9466
1769151600,3192.9,3194.0,3190.9,3192.5,5623
1769151900,3192.8,3192.8,3189.7,3191.8,34578
1769152200,3191.7,3193.0,3191.1,3192.5,25157
1769152500,3193.0,3193.0,3185.7,3186.4,15162
1769152800,3186.4,3189.0,3184.6,3188.3,17140
1769153100,3188.7,3188.9,3187.1,3187.7,4784
1769153400,3187.4,3187.5,3183.1,3184.9,13023
1769153700,3185.0,3185.2,3182.0,3185.0,28974
1769154000,3185.1,3188.6,3184.3,3188.4,54742
1769154300,3188.4,3188.4,3181.6,3182.0,57613
1769154600,3182.0,3182.0,3180.3,3181.1,14366
1769154900,3181.5,3184.0,3180.1,3180.4,37852
1769155200,3182.1,3182.1,3175.2,3176.1,22525
1769155500,3176.4,3177.7,3171.0,3171.4,20483
1769155800,3171.1,3175.0,3170.0,3170.6,17711
1769156100,3170.6,3173.9,3170.0,3171.8,11719
1769156400,3171.0,3173.9,3170.0,3172.3,15776
1769156700,3173.0,3175.5,3170.0,3171.0,38333
1769157000,3170.4,3171.9,3166.8,3166.8,10378
1769157300,3166.3,3168.9,3164.4,3167.5,17426
1769157600,3167.4,3167.6,3160.0,3161.4,26046
1769157900,3161.4,3163.7,3153.7,3155.7,20864
1769158200,3155.3,3158.6,3152.0,3157.1,13611
1769158500,3157.1,3162.0,3156.3,3159.5,15006
1769158800,3159.5,3165.9,3158.1,3163.8,23149
1769159100,3163.8,3168.6,3163.2,3168.6,23384
1769159400,3168.5,3168.5,3160.7,3161.5,17757
1769159700,3162.1,3163.9,3159.1,3159.5,22991
1769160000,3160.1,3162.5,3157.3,3157.6,17044
1769160300,3157.7,3169.3,3157.7,3167.0,35242
1769160600,3167.0,3167.0,3162.1,3166.0,57039
1769160900,3165.8,3166.6,3161.6,3162.0,64765
1769161200,3162.0,3162.2,3160.0,3160.9,54864
1769161500,3160.9,3163.3,3160.8,3163.0,63823
1769161800,3163.0,3163.1,3160.1,3160.6,57183
1769162100,3160.6,3163.5,3155.0,3157.0,60164
1769485500,3175.0,3175.0,3141.8,3144.2,277377
1769485800,3142.9,3148.3,3136.1,3137.8,38820
1769486100,3137.8,3143.6,3134.5,3137.7,23422
1769486400,3137.7,3144.6,3130.0,3144.6,38838
1769486700,3142.3,3155.9,3140.9,3155.6,37504
1769487000,3154.9,3161.1,3152.7,3161.1,50183
1769487300,3160.9,3163.9,3155.6,3158.6,23672
1769487600,3158.6,3158.8,3156.0,3157.8,17344
1769487900,3157.8,3158.6,3149.8,3150.5,18425
1769488200,3151.1,3155.5,3150.9,3151.4,16605
1769488500,3151.3,3152.5,3148.7,3149.0,17617
1769488800,3149.6,3151.7,3147.8,3151.5,16088
1769489100,3151.4,3158.2,3150.0,3157.5,21877
1769489400,3157.5,3157.8,3153.8,3154.4,13815
1769489700,3154.4,3156.0,3151.0,3151.3,12645
1769490000,3151.3,3151.3,3146.0,3147.0,65370
1769490300,3147.0,3147.0,3142.7,3143.0,13347
1769490600,3143.0,3143.2,3132.0,3136.2,44809
1769490900,3135.7,3137.8,3133.8,3137.4,27875
1769491200,3137.1,3137.6,3131.3,3133.0,81784
1769491500,3133.0,3135.3,3131.0,3133.4,22046
1769491800,3133.0,3134.4,3131.4,3134.1,25789
1769492100,3133.6,3138.4,3133.6,3135.4,62350
1769492400,3135.5,3136.3,3131.7,3133.8,108107
1769492700,3133.9,3136.4,3130.0,3135.1,82803
1769493000,3135.2,3141.0,3135.0,3135.0,51318
1769493300,3135.1,3147.8,3135.0,3146.9,320433
1769493600,3146.0,3148.9,3142.9,3145.8,22452
1769493900,3145.8,3148.0,3141.4,3146.7,149572
1769494200,3147.6,3153.4,3146.3,3153.0,144918
1769494500,3153.0,3156.6,3150.2,3150.5,32853
1769494800,3151.0,3154.1,3148.7,3152.6,51592
1769495100,3152.6,3153.3,3149.0,3150.0,23779
1769495400,3150.0,3156.7,3148.9,3154.5,34628
1769495700,3154.5,3155.3,3149.3,3149.6,15062
1769496000,3149.9,3153.0,3147.1,3149.9,10322
1769496300,3150.0,3152.4,3143.1,3143.4,22041
1769496600,3143.5,3148.7,3142.9,3146.7,15853
1769496900,3146.7,3148.6,3144.1,3146.9,11197
1769497200,3146.6,3147.5,3138.0,3139.0,17370
1769497500,3139.0,3139.7,3135.1,3136.4,31966
1769497800,3136.4,3139.5,3135.0,3138.0,35938
1769498100,3138.0,3142.6,3138.0,3140.5,22828
1769498400,3140.4,3143.8,3140.0,3143.0,20036
1769498700,3143.0,3143.2,3140.5,3141.3,14383
1769499000,3141.8,3142.0,3136.0,3138.3,47622
1769499300,3138.0,3141.0,3136.3,3139.6,14694
1769499600,3139.6,3142.5,3138.1,3140.9,425055
1769499900,3141.0,3144.0,3138.0,3143.1,55219
1769500200,3143.1,3147.7,3140.9,3144.7,57465
1769500500,3145.6,3147.7,3143.1,3146.8,20825
1769500800,3147.2,3148.3,3144.1,3144.7,11947
1769501100,3144.7,3144.7,3136.5,3136.6,21034
1769501400,3136.6,3141.4,3135.0,3139.9,30329
1769501700,3139.7,3142.2,3138.2,3140.9,16044
1769502000,3141.4,3142.8,3137.0,3137.2,24573
1769502300,3137.6,3138.0,3135.7,3136.9,20996
1769502600,3137.9,3142.9,3137.0,3138.2,23279
1769502900,3138.2,3144.4,3137.2,3142.4,29873
1769503200,3142.7,3145.0,3142.1,3142.7,23271
1769503500,3142.7,3143.7,3139.9,3140.1,45067
1769503800,3140.2,3142.5,3139.4,3140.0,29871
1769504100,3140.0,3141.7,3139.4,3140.9,36754
1769504400,3140.8,3141.9,3138.7,3141.7,82123
1769504700,3141.8,3148.6,3141.7,3148.6,69861
1769505000,3148.6,3150.0,3142.9,3143.2,45635
1769505300,3143.2,3148.3,3143.2,3147.9,44971
1769505600,3148.1,3157.3,3148.1,3155.5,68483
1769505900,3154.8,3161.3,3154.8,3157.6,86655
1769506200,3156.9,3157.8,3150.6,3155.9,129931
1769506500,3156.0,3161.5,3155.1,3158.5,124316
1769506800,3157.5,3160.3,3155.8,3159.5,125323
1769507100,3159.5,3159.7,3154.5,3157.2,130716
1769507400,3157.3,3161.4,3156.7,3160.5,114235
1769507700,3160.5,3167.0,3160.4,3167.0,78120
1769571900,3176.0,3205.2,3170.6,3202.6,148523
1769572200,3202.6,3204.8,3187.1,3187.4,63589
1769572500,3187.9,3193.3,3182.2,3187.4,51013
1769572800,3187.5,3193.4,3186.1,3189.6,31585
1769573100,3188.0,3195.5,3181.1,3194.1,41424
1769573400,3194.5,3194.9,3186.8,3189.5,33103
1769573700,3189.8,3191.0,3186.0,3187.5,25658
1769574000,3187.4,3188.0,3183.4,3187.3,18749
1769574300,3187.2,3189.5,3185.2,3188.3,22176
1769574600,3189.0,3189.1,3185.1,3188.0,24284
1769574900,3188.7,3188.7,3181.0,3184.0,34768
1769575200,3184.1,3185.9,3181.1,3183.9,27909
1769575500,3184.0,3186.2,3179.4,3183.0,38291
1769575800,3183.0,3189.5,3182.8,3189.5,40562
1769576100,3189.5,3190.4,3182.5,3182.5,44147
1769576400,3182.5,3185.8,3182.4,3185.4,23397
1769576700,3185.8,3189.9,3185.0,3189.7,20826
1769577000,3189.7,3192.5,3189.3,3189.3,34423
1769577300,3189.4,3189.7,3185.0,3188.5,23963
1769577600,3188.0,3190.8,3187.8,3189.9,22470
1769577900,3190.0,3190.7,3185.6,3186.8,41522
1769578200,3186.8,3188.3,3184.0,3187.0,40271
1769578500,3187.3,3188.9,3184.0,3185.8,44920
1769578800,3185.8,3188.4,3184.0,3187.8,22825
1769579100,3187.7,3189.2,3184.3,3188.7,19980
1769579400,3189.0,3189.7,3185.2,3187.4,49577
1769579700,3187.2,3187.9,3184.5,3185.1,34266
1769580000,3184.8,3189.0,3184.2,3186.3,28755
1769580300,3186.0,3186.4,3180.5,3182.5,46347
1769580600,3182.8,3183.3,3180.0,3181.0,24109
1769580900,3181.1,3186.1,3180.3,3184.3,22473
1769581200,3186.1,3195.0,3186.0,3194.8,46437
1769581500,3194.5,3197.6,3194.4,3196.6,20083
1769581800,3196.6,3200.5,3196.5,3197.9,58796
1769582100,3198.1,3199.7,3196.0,3197.1,15694
1769582400,3197.2,3197.7,3195.2,3195.4,16014
1769582700,3195.5,3197.5,3195.0,3196.3,42758
1769583000,3196.3,3196.3,3191.2,3191.3,34180
1769583300,3191.4,3191.8,3189.2,3190.2,30956
1769583600,3190.0,3196.6,3190.0,3195.3,26641
1769583900,3195.2,3195.8,3191.7,3192.4,32334
1769584200,3192.1,3193.8,3190.2,3191.4,28908
1769584500,3191.4,3192.2,3190.0,3190.0,16049
1769584800,3189.5,3193.0,3186.9,3188.6,55319
1769585100,3188.6,3189.6,3186.1,3186.5,14863
1769585400,3186.3,3190.8,3186.3,3190.2,27364
1769585700,3190.0,3191.8,3189.9,3190.4,24758
1769586000,3190.3,3194.4,3190.0,3193.6,20572
1769586300,3193.6,3194.9,3192.0,3193.1,24074
1769586600,3193.0,3193.1,3182.0,3186.2,31192
1769586900,3186.1,3190.0,3184.0,3188.4,26028
1769587200,3188.6,3189.0,3187.0,3188.3,19913
1769587500,3188.1,3188.5,3184.4,3185.5,30933
1769587800,3185.1,3187.7,3182.3,3182.3,15300
1769588100,3182.0,3183.9,3181.7,3183.5,30040
1769588400,3183.4,3188.5,3182.3,3188.1,26628
1769588700,3188.1,3191.3,3187.8,3190.1,15692
1769589000,3190.1,3191.8,3187.6,3189.9,16582
1769589300,3190.0,3190.0,3187.2,3188.8,19515
1769589600,3189.1,3189.9,3187.9,3189.5,18993
1769589900,3189.5,3189.8,3187.9,3187.9,24258
1769590200,3187.9,3188.8,3183.3,3185.2,34292
1769590500,3185.3,3188.8,3185.3,3186.0,18361
1769590800,3185.2,3187.0,3185.0,3185.8,14668
1769591100,3185.1,3186.9,3184.4,3186.2,28216
1769591400,3186.0,3186.9,3184.4,3185.9,28862
1769591700,3185.8,3186.9,3185.8,3186.5,16046
1769592000,3186.7,3189.6,3186.0,3189.4,30362
1769592300,3189.3,3196.3,3189.3,3196.0,37678
1769592600,3196.2,3199.6,3196.0,3199.1,64529
1769592900,3199.1,3201.8,3198.5,3200.9,111487
1769593200,3201.0,3201.5,3198.4,3199.9,97683
1769593500,3199.5,3201.0,3199.3,3199.8,103157
1769593800,3199.7,3203.4,3199.7,3201.8,94352
1769594100,3202.0,3203.6,3197.0,3199.0,98016
1769658300,3200.1,3200.1,3165.3,3166.5,98229
1769658600,3166.0,3168.0,3153.7,3159.2,49313
1769658900,3158.6,3163.8,3152.1,3153.8,27585
1769659200,3152.0,3160.0,3150.1,3157.8,23429
1769659500,3157.7,3157.8,3150.0,3150.5,13923
1769659800,3150.0,3153.0,3150.0,3150.9,14415
1769660100,3150.9,3151.9,3148.1,3151.1,38600
1769660400,3150.2,3151.4,3143.1,3144.0,15927
1769660700,3143.9,3144.0,3140.2,3141.5,19813
1769661000,3141.1,3143.8,3138.1,3140.0,18698
1769661300,3140.0,3140.8,3134.4,3134.5,20989
1769661600,3134.5,3138.8,3133.0,3135.5,16363
1769661900,3136.2,3141.0,3135.5,3140.7,11427
1769662200,3140.7,3140.7,3132.5,3138.0,13900
1769662500,3137.9,3137.9,3132.1,3133.4,18331
1769662800,3133.4,3136.5,3132.6,3133.7,6092
1769663100,3133.7,3134.1,3130.1,3130.5,14457
1769663400,3130.5,3132.3,3128.0,3128.0,12559
1769663700,3128.7,3130.0,3125.6,3128.0,7276
1769664000,3126.6,3131.8,3126.4,3129.0,9914
1769664300,3128.0,3135.0,3128.0,3132.3,9509
1769664600,3132.3,3133.9,3129.4,3130.0,164959
1769664900,3129.5,3134.0,3128.9,3132.6,14219
1769665200,3132.2,3133.0,3129.6,3130.9,7968
1769665500,3130.9,3133.0,3130.2,3130.4,7187
1769665800,3130.4,3135.5,3129.0,3134.9,12117
1769666100,3134.4,3134.4,3130.0,3134.0,8286
1769666400,3133.7,3135.7,3131.1,3131.1,15885
1769666700,3131.5,3132.7,3129.5,3130.2,6981
1769667000,3130.0,3133.0,3130.0,3131.0,8219
1769667300,3131.0,3135.0,3129.3,3134.2,23803
1769667600,3134.7,3137.1,3130.0,3130.9,9431
1769667900,3130.9,3133.9,3130.1,3132.0,21428
1769668200,3132.0,3132.7,3129.3,3130.6,61436
1769668500,3130.6,3133.0,3130.0,3132.6,6075
1769668800,3132.6,3132.6,3130.0,3132.2,4746
1769669100,3132.2,3132.2,3130.0,3131.0,3502
1769669400,3130.7,3132.5,3130.0,3131.4,6220
1769669700,3131.2,3133.0,3130.1,3132.6,3802
1769670000,3133.2,3135.8,3133.1,3133.5,5709
1769670300,3133.8,3135.0,3133.0,3134.5,5927
1769670600,3134.5,3139.0,3134.5,3137.9,6578
1769670900,3138.5,3142.9,3136.2,3139.2,56752
1769671200,3139.0,3142.2,3139.0,3139.4,28611
1769671500,3139.7,3142.0,3138.9,3140.0,17738
1769671800,3140.0,3143.2,3140.0,3141.0,7351
1769672100,3141.4,3143.8,3140.9,3142.4,6929
1769672400,3142.3,3145.4,3141.9,3145.3,19886
1769672700,3145.0,3145.0,3140.0,3140.3,12842
1769673000,3140.6,3143.3,3140.0,3142.0,7483
1769673300,3142.0,3143.7,3141.2,3142.5,17901
1769673600,3142.5,3146.0,3142.0,3144.6,88140
1769673900,3144.6,3145.1,3141.9,3142.5,228852
1769674200,3142.5,3142.5,3137.0,3140.0,49803
1769674500,3139.5,3141.5,3136.8,3139.8,14930
1769674800,3139.8,3142.4,3137.4,3139.1,11143
1769675100,3139.1,3141.0,3138.8,3139.2,8951
1769675400,3139.1,3142.3,3137.0,3137.1,25632
1769675700,3138.6,3139.5,3134.3,3135.9,60280
1769676000,3135.7,3140.5,3135.3,3139.7,16977
1769676300,3139.7,3141.0,3137.4,3137.6,48315
1769676600,3137.6,3139.6,3136.4,3138.0,49583
1769676900,3138.3,3146.0,3137.9,3145.8,24990
1769677200,3145.9,3150.7,3145.8,3148.1,76360
1769677500,3148.1,3149.2,3142.2,3144.9,23714
1769677800,3145.7,3147.7,3143.3,3147.4,26869
1769678100,3147.4,3148.6,3144.1,3144.4,88852
1769678400,3144.3,3148.7,3143.4,3145.0,83274
1769678700,3145.0,3147.0,3145.0,3145.1,22402
1769679000,3145.7,3150.0,3145.7,3149.3,47891
1769679300,3149.4,3150.8,3146.3,3148.5,66903
1769679600,3148.5,3152.0,3144.7,3145.0,91365
1769679900,3145.4,3145.5,3139.2,3141.3,71349
1769680200,3139.9,3141.0,3138.3,3139.6,94939
1769680500,3139.6,3140.0,3137.0,3139.0,46543
1769744700,3141.0,3141.0,3103.2,3104.1,186129
1769745000,3104.6,3111.0,3092.0,3098.8,76218
1769745300,3098.0,3108.4,3098.0,3102.5,48405
1769745600,3102.3,3108.7,3101.0,3107.4,30318
1769745900,3107.6,3112.9,3105.5,3110.9,28369
1769746200,3111.1,3112.5,3106.4,3112.5,60700
1769746500,3112.7,3113.9,3109.4,3112.5,12058
1769746800,3111.7,3112.8,3107.2,3111.0,35883
1769747100,3110.0,3113.0,3108.0,3113.0,17739
1769747400,3113.0,3114.4,3110.0,3110.8,25358
1769747700,3109.3,3110.5,3106.3,3107.7,16241
1769748000,3107.7,3114.0,3106.0,3113.4,8972
1769748300,3113.9,3115.0,3110.0,3110.7,10737
1769748600,3110.7,3111.0,3107.1,3108.3,7426
1769748900,3108.5,3114.5,3107.2,3113.6,10724
1769749200,3113.6,3118.9,3110.7,3116.5,15138
1769749500,3116.0,3117.9,3114.2,3117.8,10734
1769749800,3117.9,3121.6,3116.0,3120.0,26592
1769750100,3120.2,3122.4,3119.3,3120.0,47681
1769750400,3120.0,3120.1,3115.4,3117.7,24971
1769750700,3118.0,3121.5,3117.0,3120.2,18788
1769751000,3120.2,3121.9,3120.0,3120.0,19542
1769751300,3120.0,3121.8,3117.1,3117.9,54740
1769751600,3116.6,3118.3,3111.8,3112.1,32054
1769751900,3112.9,3116.2,3110.4,3113.0,36658
1769752200,3112.8,3118.2,3112.7,3116.0,17038
1769752500,3116.0,3118.3,3115.9,3118.0,15748
1769752800,3118.0,3119.5,3117.6,3119.1,18359
1769753100,3118.6,3122.0,3118.0,3121.0,10665
1769753400,3121.0,3124.8,3121.0,3122.4,11573
1769753700,3122.5,3122.9,3120.0,3122.2,13674
1769754000,3120.8,3128.1,3120.5,3126.2,16672
1769754300,3126.7,3126.7,3124.0,3126.2,17961
1769754600,3126.1,3128.3,3123.5,3127.0,10489
1769754900,3126.8,3129.0,3126.0,3127.1,5966
1769755200,3129.0,3129.2,3127.0,3128.6,8970
1769755500,3128.6,3129.5,3127.0,3127.0,6948
1769755800,3127.0,3130.4,3126.7,3128.1,13119
1769756100,3128.8,3129.9,3127.0,3127.0,6723
1769756400,3127.1,3129.3,3127.0,3127.0,10214
1769756700,3127.3,3128.0,3125.0,3126.6,17148
1769757000,3126.9,3128.2,3125.0,3125.7,6250
1769757300,3125.9,3125.9,3121.5,3123.2,7472
1769757600,3123.2,3127.8,3122.2,3126.4,7073
1769757900,3126.4,3127.7,3125.0,3125.8,4432
1769758200,3125.9,3127.7,3123.0,3124.5,30980
1769758500,3124.5,3124.5,3121.2,3121.8,5481
1769758800,3121.1,3124.0,3119.1,3123.3,10560
1769759100,3123.2,3124.7,3122.5,3123.1,22201
1769759400,3124.0,3124.0,3120.8,3122.9,13179
1769759700,3121.9,3125.9,3121.2,3123.3,27784
1769760000,3123.3,3125.0,3122.0,3123.7,77957
1769760300,3123.7,3126.3,3123.7,3126.3,14628
1769760600,3126.5,3127.5,3125.0,3126.0,7881
1769760900,3126.1,3127.5,3125.0,3125.7,7580
1769761200,3126.4,3132.5,3125.0,3130.1,16126
1769761500,3130.3,3132.4,3129.4,3131.3,9311
1769761800,3132.1,3133.7,3131.2,3132.3,9496
1769762100,3133.2,3136.9,3133.1,3135.6,64127
1769762400,3135.9,3137.9,3131.0,3132.1,29467
1769762700,3132.1,3132.9,3126.4,3128.5,37333
1769763000,3128.4,3133.1,3127.3,3133.1,12434
1769763300,3133.0,3133.5,3130.2,3132.4,9886
1769763600,3132.2,3135.4,3132.0,3133.5,17289
1769763900,3134.6,3135.3,3132.1,3132.7,68901
1769764200,3132.7,3134.9,3127.0,3129.5,12355
1769764500,3128.5,3135.0,3128.5,3134.6,13843
1769764800,3134.9,3135.0,3130.7,3132.3,14862
1769765100,3131.7,3136.7,3130.7,3135.1,15918
1769765400,3136.1,3136.1,3122.0,3122.3,268441
1769765700,3122.3,3123.1,3118.0,3120.5,152371
1769766000,3120.5,3125.1,3120.2,3123.3,246565
1769766300,3123.4,3129.0,3122.4,3122.8,278091
1769766600,3122.7,3125.7,3122.2,3123.5,237764
1769766900,3123.4,3129.0,3122.6,3127.0,161126
1769917500,3123.8,3126.9,3108.4,3121.2,21502
1769917800,3122.0,3127.1,3116.3,3123.7,22041
1769918100,3122.6,3130.0,3120.1,3128.9,11480
1769918400,3129.5,3132.9,3125.1,3129.7,11803
1769918700,3129.7,3129.7,3122.6,3123.2,3291
1769919000,3123.0,3130.0,3123.0,3128.7,3144
1769919300,3130.4,3131.8,3120.2,3121.0,15195
1769919600,3121.0,3121.2,3114.0,3119.0,10280
1769919900,3119.0,3120.0,3115.0,3115.5,6610
1769920200,3115.8,3120.4,3112.6,3116.7,12464
1769920500,3116.0,3119.8,3115.0,3116.3,10366
1769920800,3116.3,3117.0,3111.9,3115.0,10261
1769921100,3115.0,3116.6,3113.3,3115.1,6775
1769921400,3115.8,3119.9,3115.5,3118.0,3848
1769921700,3117.3,3120.0,3116.6,3118.0,8762
1769922000,3117.8,3118.8,3115.8,3116.2,4768
1769922300,3116.2,3119.1,3116.0,3118.1,4075
1769922600,3118.1,3119.5,3118.1,3118.2,3220
1769922900,3118.3,3118.5,3115.3,3116.2,4838
1769923200,3116.2,3118.1,3116.2,3117.1,1774
1769923500,3117.0,3118.5,3117.0,3118.1,2158
1769923800,3118.5,3118.5,3116.0,3116.7,6788
1769924100,3117.3,3125.2,3116.1,3122.4,20607
1769924400,3122.4,3125.8,3122.1,3125.1,7078
1769924700,3125.4,3126.8,3118.0,3120.0,8027
1769925000,3120.0,3121.0,3117.1,3118.8,3990
1769925300,3118.8,3121.8,3118.1,3120.0,6478
1769925600,3120.0,3125.5,3118.6,3122.5,10323
1769925900,3122.5,3126.1,3119.5,3120.6,16775
1769926200,3120.6,3120.9,3116.0,3117.0,5104
1769926500,3117.0,3119.4,3112.2,3115.0,9683
1769926800,3115.0,3122.0,3114.2,3114.9,9316
1769927100,3114.9,3118.7,3113.2,3115.6,8196
1769927400,3115.3,3118.9,3113.3,3117.5,4434
1769927700,3117.7,3193.0,3114.7,3173.2,371499
1769928000,3171.7,3191.9,3144.0,3153.0,187741
1769928300,3153.3,3156.6,3135.6,3135.8,36234
1769928600,3135.8,3144.8,3127.6,3135.6,36676
1769928900,3135.6,3150.3,3127.0,3127.0,32353
1769929200,3125.8,3148.2,3105.2,3134.3,87517
1769929500,3133.2,3157.0,3132.4,3149.3,44469
1769929800,3148.7,3159.9,3137.7,3154.8,28256
1769930100,3154.1,3156.0,3140.0,3145.0,19686
1769930400,3141.9,3147.3,3135.0,3143.2,13585
1769930700,3143.2,3151.9,3138.0,3144.4,11673
1769931000,3144.4,3181.4,3143.9,3178.5,54952
1769931300,3177.2,3213.8,3171.1,3205.8,150521
1769931600,3205.6,3210.4,3185.5,3187.0,226675
1769931900,3187.3,3207.0,3178.5,3206.4,51367
1769932200,3207.0,3234.0,3205.0,3224.6,123134
1769932500,3225.0,3225.0,3205.0,3206.3,43840
1769932800,3206.6,3224.7,3200.1,3222.8,67895
1769933100,3224.2,3224.2,3202.3,3202.3,92096
1769933400,3202.3,3217.9,3198.4,3216.5,68627
1769933700,3216.4,3218.5,3205.2,3210.4,69423
1769934000,3210.1,3222.5,3201.0,3203.1,177705
1769934300,3201.9,3204.7,3194.5,3200.0,30850
1769934600,3199.0,3200.2,3190.0,3191.0,25151
1769934900,3190.0,3195.9,3185.8,3189.0,17685
1769935200,3188.1,3200.6,3184.1,3200.0,15601
1769935500,3200.0,3203.1,3195.5,3198.9,20724
1769935800,3198.3,3203.7,3198.0,3202.0,15124
1769936100,3201.4,3214.7,3201.4,3205.1,75364
1769936400,3205.2,3216.3,3199.7,3212.0,125514
1769936700,3211.6,3218.4,3209.8,3214.7,54320
1769937000,3214.7,3221.0,3210.9,3215.3,117857
1769937300,3214.9,3216.4,3198.1,3198.3,49293
1769937600,3198.1,3200.0,3190.1,3195.3,37130
1769937900,3194.8,3200.5,3194.2,3197.0,15983
1769938200,3197.4,3199.5,3194.1,3198.9,11651
1769938500,3197.8,3199.9,3189.0,3189.5,26239
1769938800,3189.5,3197.6,3189.5,3193.9,12650
1769939100,3193.6,3195.0,3175.0,3175.0,26118
1769939400,3175.0,3184.0,3173.0,3181.9,17052
1769939700,3181.3,3182.0,3176.6,3178.1,25514
1770003900,3198.0,3198.0,3170.0,3181.3,104627
1770004200,3181.3,3189.7,3165.5,3173.9,56566
1770004500,3174.5,3174.6,3163.7,3172.7,39381
1770004800,3172.9,3197.1,3170.7,3191.0,41089
1770005100,3191.0,3193.7,3181.1,3182.0,24845
1770005400,3181.9,3184.4,3172.2,3172.6,19192
1770005700,3172.6,3178.8,3169.8,3173.7,15379
1770006000,3173.7,3178.0,3169.7,3175.1,11458
1770006300,3174.4,3180.0,3170.4,3171.7,20352
1770006600,3171.7,3172.6,3162.0,3163.3,24144
1770006900,3163.5,3168.8,3156.9,3164.0,29188
1770007200,3163.6,3170.3,3161.9,3167.5,15877
1770007500,3167.3,3170.0,3166.2,3168.4,8885
1770007800,3168.4,3169.8,3160.5,3165.1,14641
1770008100,3165.0,3167.3,3160.2,3161.5,19561
1770008400,3161.0,3168.9,3160.8,3161.7,17411
1770008700,3161.3,3166.4,3160.0,3165.0,13311
1770009000,3165.8,3168.2,3160.3,3161.2,14660
1770009300,3161.2,3165.0,3160.8,3161.6,12429
1770009600,3161.2,3167.8,3160.8,3161.8,13520
1770009900,3161.8,3162.3,3152.1,3153.2,19832
1770010200,3152.5,3153.5,3148.6,3149.9,20324
1770010500,3150.0,3151.9,3145.3,3150.0,18348
1770010800,3148.9,3150.0,3143.1,3146.1,26591
1770011100,3146.1,3148.9,3140.0,3141.4,14904
1770011400,3140.6,3142.0,3137.3,3138.7,14414
1770011700,3138.3,3145.2,3134.0,3142.8,53454
1770012000,3142.8,3153.1,3142.8,3151.7,14838
1770012300,3152.2,3153.8,3147.7,3153.8,14929
1770012600,3152.3,3158.5,3148.5,3158.4,31052
1770012900,3158.4,3160.0,3156.7,3157.7,15361
1770013200,3158.0,3160.0,3155.0,3155.3,8254
1770013500,3155.0,3161.1,3154.4,3160.0,37909
1770013800,3160.0,3161.3,3156.5,3159.5,75515
1770014100,3159.2,3165.0,3159.0,3164.8,28964
1770014400,3164.8,3166.0,3162.1,3165.9,10173
1770014700,3165.8,3167.7,3155.8,3156.8,21982
1770015000,3156.8,3160.6,3153.2,3158.6,32050
1770015300,3158.6,3159.2,3154.8,3156.9,34588
1770015600,3156.8,3158.0,3152.5,3155.3,22507
1770015900,3155.2,3160.9,3154.4,3159.1,43445
1770016200,3159.2,3159.2,3154.0,3156.4,7432
1770016500,3156.3,3160.9,3155.0,3159.9,16400
1770016800,3159.5,3163.6,3159.0,3161.7,40554
1770017100,3161.7,3169.0,3161.7,3167.1,32704
1770017400,3167.7,3170.1,3165.3,3169.6,92826
1770017700,3169.9,3174.0,3169.3,3172.5,12037
1770018000,3172.0,3175.4,3169.9,3171.7,45702
1770018300,3172.2,3172.9,3165.1,3166.4,28692
1770018600,3166.4,3166.4,3161.2,3163.0,88515
1770018900,3162.9,3166.7,3161.1,3163.5,54800
1770019200,3163.5,3164.7,3158.2,3160.9,24004
1770019500,3161.5,3164.1,3160.5,3164.1,19490
1770019800,3164.1,3170.5,3164.0,3170.0,37336
1770020100,3170.5,3170.6,3162.5,3164.7,47039
1770020400,3164.7,3167.6,3158.6,3166.2,89141
1770020700,3166.2,3166.3,3158.5,3158.5,31618
1770021000,3159.4,3160.3,3153.2,3154.3,14267
1770021300,3154.3,3161.4,3154.2,3154.9,31545
1770021600,3154.9,3154.9,3146.0,3149.7,80509
1770021900,3149.6,3154.3,3148.6,3153.1,12547
1770022200,3153.8,3160.6,3153.1,3160.1,9243
1770022500,3160.2,3163.5,3158.1,3161.3,42759
1770022800,3162.1,3163.3,3155.5,3155.5,40520
1770023100,3156.4,3157.0,3155.5,3157.0,14024
1770023400,3156.5,3158.5,3155.0,3155.1,36391
1770023700,3155.5,3161.2,3154.5,3157.9,53524
1770024000,3158.8,3165.7,3158.1,3164.5,18228
1770024300,3165.3,3168.4,3163.7,3168.3,35686
1770024600,3168.5,3172.9,3168.1,3170.1,81942
1770024900,3170.1,3172.6,3168.1,3168.2,132757
1770025200,3168.6,3175.4,3168.1,3172.2,69437
1770025500,3172.2,3173.2,3170.9,3170.9,59842
1770025800,3171.2,3171.2,3161.8,3163.4,60380
1770026100,3163.3,3168.0,3162.0,3167.0,60686
1770090300,3350.0,3350.0,3241.1,3264.4,477456
1770090600,3263.1,3269.2,3234.0,3234.0,195582
1770090900,3235.1,3237.9,3220.5,3221.6,95984
1770091200,3221.6,3223.7,3215.1,3220.5,91515
1770091500,3220.5,3226.6,3213.1,3217.2,71563
1770091800,3217.5,3220.0,3206.0,3209.8,59924
1770092100,3209.8,3209.8,3198.0,3208.0,63492
1770092400,3207.0,3207.5,3196.5,3200.1,119333
1770092700,3201.3,3202.9,3191.7,3192.3,47122
1770093000,3194.4,3197.8,3191.0,3192.5,73187
1770093300,3191.3,3197.6,3186.3,3196.0,62298
1770093600,3196.0,3198.0,3192.7,3196.2,44323
1770093900,3196.4,3211.0,3196.2,3205.0,98781
1770094200,3205.0,3213.9,3203.8,3210.9,54875
1770094500,3211.2,3216.0,3207.5,3213.7,88570
1770094800,3213.3,3222.6,3213.3,3222.6,45023
1770095100,3222.6,3225.0,3219.0,3221.1,23156
1770095400,3221.7,3223.8,3220.0,3223.4,14567
1770095700,3223.2,3224.0,3212.2,3215.9,40402
1770096000,3216.7,3218.7,3214.2,3217.0,10876
1770096300,3217.0,3222.9,3215.9,3222.2,18258
1770096600,3222.2,3229.7,3222.0,3228.4,31261
1770096900,3227.9,3230.0,3227.8,3228.4,10294
1770097200,3228.2,3228.2,3225.1,3226.9,13150
1770097500,3226.9,3228.8,3222.6,3224.0,11766
1770097800,3225.0,3230.0,3224.3,3229.0,13719
1770098100,3228.5,3235.2,3228.4,3235.2,24835
1770098400,3235.8,3243.0,3234.9,3241.3,85419
1770098700,3241.5,3241.9,3232.6,3234.2,46010
1770099000,3233.6,3237.0,3233.1,3235.9,16080
1770099300,3235.2,3236.5,3232.3,3234.0,13002
1770099600,3233.9,3238.0,3232.2,3236.9,25494
1770099900,3236.9,3238.4,3235.0,3235.4,20872
1770100200,3236.2,3236.6,3228.8,3230.0,17904
1770100500,3230.5,3233.1,3229.6,3232.0,8180
1770100800,3233.2,3235.0,3232.0,3235.0,5331
1770101100,3235.0,3235.0,3226.5,3228.2,43044
1770101400,3228.2,3230.9,3225.2,3228.9,20060
1770101700,3228.7,3228.7,3223.9,3224.9,11625
1770102000,3224.9,3229.1,3224.1,3227.6,8898
1770102300,3227.8,3229.3,3221.7,3225.2,67985
1770102600,3225.3,3228.4,3222.9,3226.4,55512
1770102900,3226.3,3226.4,3222.6,3224.7,17757
1770103200,3224.3,3230.0,3224.0,3229.9,13399
1770103500,3229.5,3232.8,3228.4,3231.2,21030
1770103800,3231.2,3232.2,3231.0,3231.3,10869
1770104100,3231.3,3231.7,3225.5,3226.9,13627
1770104400,3227.3,3230.0,3226.1,3228.7,21305
1770104700,3228.8,3231.2,3225.9,3229.7,50296
1770105000,3229.7,3230.3,3226.1,3227.3,32647
1770105300,3227.0,3227.9,3223.0,3224.9,25368
1770105600,3224.6,3225.1,3221.0,3221.8,45373
1770105900,3221.8,3224.3,3218.9,3224.3,22193
1770106200,3224.1,3226.0,3219.9,3223.2,67366
1770106500,3223.2,3226.4,3218.5,3220.8,16707
1770106800,3220.3,3225.0,3220.3,3224.5,13063
1770107100,3224.5,3225.8,3219.2,3220.2,15523
1770107400,3219.2,3220.9,3217.3,3220.1,19492
1770107700,3219.4,3223.4,3218.0,3221.7,86552
1770108000,3221.8,3224.0,3218.9,3222.8,22909
1770108300,3222.1,3224.0,3220.4,3222.7,26650
1770108600,3222.0,3225.9,3221.7,3224.0,37795
1770108900,3223.5,3225.7,3222.3,3224.8,15743
1770109200,3225.5,3227.2,3221.8,3222.5,25361
1770109500,3222.3,3224.0,3220.1,3221.2,33467
1770109800,3220.1,3222.5,3217.7,3220.2,52981
1770110100,3220.2,3225.0,3219.4,3221.6,80591
1770110400,3221.5,3223.4,3220.3,3221.9,24503
1770110700,3222.4,3225.0,3221.2,3222.7,30929
1770111000,3223.7,3227.7,3223.7,3225.7,160205
1770111300,3225.9,3229.0,3222.6,3225.8,190375
1770111600,3224.6,3228.0,3222.0,3225.0,178523
1770111900,3225.0,3229.2,3222.5,3224.0,198345
1770112200,3224.1,3226.3,3223.2,3224.9,153673
1770112500,3224.7,3225.4,3218.0,3220.0,140308
1770176700,3120.0,3120.0,3031.2,3043.1,990161
1770177000,3043.8,3054.0,3036.1,3051.8,256974
1770177300,3051.8,3064.0,3050.2,3052.0,192578
1770177600,3052.0,3062.1,3047.6,3058.4,162144
1770177900,3058.4,3064.0,3054.1,3057.4,119113
1770178200,3056.7,3062.6,3056.5,3062.2,92181
1770178500,3062.1,3062.3,3052.8,3054.9,94979
1770178800,3054.9,3057.5,3050.5,3051.5,96663
1770179100,3051.5,3051.8,3045.4,3051.8,118893
1770179400,3051.2,3055.4,3047.0,3055.0,85522
1770179700,3054.8,3058.3,3054.8,3055.6,62754
1770180000,3055.6,3055.8,3047.0,3048.7,101553
1770180300,3048.7,3048.8,3045.2,3045.6,77429
1770180600,3045.5,3047.0,3043.2,3044.1,93964
1770180900,3044.0,3047.9,3042.0,3043.7,67999
1770181200,3043.3,3044.8,3035.0,3036.3,133754
1770181500,3036.3,3038.9,3031.3,3035.7,130146
1770181800,3035.0,3043.7,3035.0,3042.2,66574
1770182100,3042.1,3051.5,3040.0,3051.0,125451
1770182400,3050.8,3050.9,3041.1,3042.8,75986
1770182700,3042.8,3043.5,3031.2,3034.0,103137
1770183000,3033.2,3036.0,3028.0,3032.4,137536
1770183300,3032.4,3034.0,3028.0,3029.5,58534
1770183600,3029.0,3035.2,3027.0,3032.0,150337
1770183900,3032.0,3033.1,3025.0,3027.2,123145
1770184200,3027.5,3032.0,3020.0,3021.1,236708
1770184500,3021.4,3024.4,3017.8,3022.4,131376
1770184800,3022.1,3031.5,3021.0,3027.6,79882
1770185100,3027.6,3030.6,3025.2,3030.3,104779
1770185400,3030.1,3032.5,3026.7,3026.8,49895
1770185700,3026.9,3028.0,3012.0,3014.0,138141
1770186000,3014.7,3017.8,3009.4,3017.3,92430
1770186300,3017.4,3018.0,3012.8,3015.9,60838
1770186600,3015.9,3018.0,3010.6,3012.8,62833
1770186900,3012.8,3019.9,3012.6,3017.3,75214
1770187200,3017.4,3018.0,3007.0,3008.9,75839
1770187500,3008.9,3011.1,3004.1,3005.1,87070
1770187800,3005.1,3007.0,3003.0,3006.2,63523
1770188100,3006.1,3012.0,3005.8,3007.2,57239
1770188400,3008.0,3008.8,3003.0,3005.0,56901
1770188700,3006.0,3007.0,3002.0,3005.0,55430
1770189000,3004.8,3008.0,3003.4,3006.0,46344
1770189300,3006.1,3006.2,2996.4,2999.0,235445
1770189600,2998.6,3001.0,2995.5,2996.4,102531
1770189900,2996.7,2997.7,2986.0,2990.1,168864
1770190200,2990.1,3000.5,2990.1,2999.9,142116
1770190500,2999.7,3003.7,2998.6,3000.7,162745
1770190800,3000.6,3003.0,2998.0,3001.8,95643
1770191100,3001.8,3003.0,2995.5,2997.8,178783
1770191400,2998.3,3000.0,2995.0,2997.4,126179
1770191700,2998.0,3002.0,2996.1,2996.1,81560
1770192000,2996.6,3006.0,2996.6,3005.6,133402
1770192300,3005.7,3007.0,3000.6,3004.7,161009
1770192600,3003.8,3007.0,3003.5,3005.9,157904
1770192900,3005.5,3006.2,3001.9,3003.4,106123
1770193200,3003.1,3006.0,3001.5,3003.1,123501
1770193500,3003.0,3005.0,2999.3,3000.5,117383
1770193800,3000.5,3001.8,2998.4,2999.8,152901
1770194100,2999.6,3000.0,2995.0,2997.0,106439
1770194400,2997.0,3005.0,2996.5,3004.9,67622
1770194700,3004.9,3014.1,3004.5,3010.0,143539
1770195000,3010.2,3017.8,3010.2,3014.1,145490
1770195300,3014.2,3014.2,3005.5,3006.0,76616
1770195600,3006.0,3006.9,3001.8,3003.4,88965
1770195900,3003.2,3004.7,3001.1,3003.2,74072
1770196200,3002.6,3003.2,2999.5,3000.0,319574
1770196500,3000.0,3013.0,2999.0,3007.9,344949
1770196800,3007.7,3011.0,3004.6,3006.5,266573
1770197100,3006.4,3007.0,3001.7,3004.0,168087
1770197400,3004.0,3006.2,2999.2,2999.5,227653
1770197700,2999.2,3000.9,2998.8,2998.9,243628
1770198000,2998.7,2999.7,2996.6,2998.9,202890
1770198300,2998.9,3001.0,2997.5,2999.6,281770
1770198600,2999.1,3000.0,2995.0,2996.7,333350
1770198900,2996.8,2999.9,2994.4,2999.9,228083
1770263100,2990.0,3010.0,2972.3,3008.9,294246
1770263400,3008.5,3009.0,2998.0,3006.8,117440
1770263700,3006.6,3010.0,2999.1,3004.9,82189
1770264000,3004.8,3011.0,3002.2,3007.3,120249
1770264300,3007.3,3010.1,3001.2,3004.4,73156
1770264600,3005.1,3007.0,2992.4,2992.7,65094
1770264900,2993.2,3003.0,2990.6,3002.0,54008
1770265200,3002.0,3006.9,3000.5,3002.8,30953
1770265500,3002.8,3006.0,3001.4,3005.8,32191
1770265800,3005.8,3014.9,3002.7,3013.7,58276
1770266100,3014.9,3017.5,3009.2,3009.5,56769
1770266400,3009.9,3021.6,3007.4,3018.0,81281
1770266700,3018.0,3024.1,3016.5,3023.2,55239
1770267000,3023.9,3029.7,3023.3,3025.8,81948
1770267300,3025.8,3026.7,3019.1,3020.2,52588
1770267600,3020.1,3023.6,3018.8,3019.5,76070
1770267900,3019.0,3021.0,3013.2,3014.5,45609
1770268200,3014.5,3016.0,3011.9,3012.8,21824
1770268500,3012.8,3012.8,3010.0,3010.3,29946
1770268800,3010.3,3010.3,3006.5,3008.1,34267
1770269100,3008.2,3009.9,3005.8,3006.4,22879
1770269400,3006.5,3008.5,3004.5,3006.0,26354
1770269700,3006.0,3008.7,3005.5,3007.1,56051
1770270000,3007.1,3012.0,3006.7,3011.6,22304
1770270300,3011.7,3012.2,3007.0,3007.5,24909
1770270600,3006.9,3008.6,3005.0,3006.1,64963
1770270900,3006.1,3006.1,2999.0,3000.3,130751
1770271200,3000.3,3002.9,2998.6,2999.1,33868
1770271500,2999.1,3001.6,2998.1,3000.1,22510
1770271800,3000.1,3000.5,2995.0,2995.5,24591
1770272100,2995.6,2995.6,2992.4,2992.4,33142
1770272400,2992.5,2993.8,2985.2,2990.1,63363
1770272700,2989.7,2995.0,2988.9,2995.0,22068
1770273000,2995.0,2995.0,2990.1,2993.1,17550
1770273300,2994.0,2996.4,2992.8,2993.6,14514
1770273600,2994.2,2997.7,2993.4,2996.8,14401
1770273900,2996.9,2997.0,2994.4,2994.4,12910
1770274200,2994.4,2996.4,2993.6,2996.1,21194
1770274500,2995.6,2999.0,2994.6,2994.6,27620
1770274800,2994.6,2997.8,2992.0,2994.7,23247
1770275100,2994.7,2997.7,2994.7,2996.1,19877
1770275400,2996.0,2996.4,2995.5,2996.0,15842
1770275700,2996.1,2996.1,2988.0,2990.8,60599
1770276000,2991.2,2992.9,2989.1,2990.6,60014
1770276300,2990.6,2990.6,2986.5,2989.6,74937
1770276600,2989.6,2992.8,2988.1,2991.8,14577
1770276900,2991.8,2993.5,2991.2,2993.0,15669
1770277200,2993.0,2993.0,2990.6,2991.9,12993
1770277500,2991.9,2992.7,2991.4,2992.7,8570
1770277800,2992.7,2994.7,2992.2,2992.6,19193
1770278100,2992.6,2992.6,2990.0,2990.0,13182
1770278400,2990.1,2995.4,2990.1,2995.3,19220
1770278700,2995.3,2997.7,2991.7,2997.2,37049
1770279000,2997.2,2997.5,2995.0,2995.6,12713
1770279300,2995.6,2996.3,2995.1,2996.0,9976
1770279600,2996.1,2996.2,2991.4,2991.9,14080
1770279900,2991.9,2994.0,2990.3,2993.6,33224
1770280200,2993.6,2995.4,2992.8,2994.2,27703
1770280500,2994.2,2994.2,2990.0,2990.1,39621
1770280800,2990.1,2990.4,2987.0,2989.3,40168
1770281100,2989.3,2990.2,2988.2,2988.6,26996
1770281400,2988.9,2990.4,2988.6,2989.5,19147
1770281700,2989.5,2993.0,2989.1,2991.1,31725
1770282000,2991.1,2992.7,2990.0,2992.2,24263
1770282300,2992.3,2994.0,2992.0,2992.0,37679
1770282600,2993.1,2993.1,2989.1,2990.7,23927
1770282900,2990.6,2991.9,2988.0,2988.9,25281
1770283200,2988.8,2992.8,2988.8,2991.9,25766
1770283500,2991.6,2994.7,2991.0,2993.9,22977
1770283800,2994.8,2996.9,2991.2,2994.9,60574
1770284100,2994.0,2996.0,2990.1,2991.2,71801
1770284400,2992.3,2993.9,2989.2,2993.9,105544
1770284700,2993.9,2994.9,2988.1,2989.8,128501
1770285000,2991.5,2994.2,2985.0,2990.0,132054
1770285300,2991.0,2992.5,2987.0,2991.7,61031
1770349500,2976.6,2985.0,2955.0,2955.4,217652
1770349800,2956.2,2956.8,2935.2,2936.8,174481
1770350100,2936.0,2940.6,2927.0,2927.9,121059
1770350400,2927.5,2942.0,2918.1,2941.0,197584
1770350700,2941.0,2942.8,2931.0,2936.8,71988
1770351000,2936.1,2937.0,2928.5,2931.9,67340
1770351300,2931.9,2935.7,2926.5,2928.3,56135
1770351600,2928.4,2929.1,2921.0,2925.2,67937
1770351900,2925.2,2930.5,2920.1,2925.0,80507
1770352200,2924.8,2933.0,2922.6,2931.5,42946
1770352500,2931.5,2935.8,2930.3,2930.9,100737
1770352800,2930.8,2934.0,2929.5,2933.9,34103
1770353100,2933.2,2943.2,2932.4,2940.1,99800
1770353400,2940.3,2942.4,2939.0,2941.8,84709
1770353700,2942.0,2942.0,2928.9,2929.2,77096
1770354000,2928.3,2931.1,2926.8,2929.3,31420
1770354300,2929.3,2929.9,2924.2,2924.9,31211
1770354600,2925.3,2925.6,2920.1,2921.5,50869
1770354900,2921.6,2923.8,2920.7,2922.3,28292
1770355200,2922.2,2923.1,2916.1,2919.7,67043
1770355500,2919.0,2923.6,2917.1,2919.6,30870
1770355800,2920.0,2921.8,2917.5,2919.9,33101
1770356100,2919.3,2919.5,2916.1,2919.2,36267
1770356400,2919.4,2919.4,2916.0,2917.9,47081
1770356700,2917.9,2923.7,2917.1,2923.7,32180
1770357000,2923.7,2924.6,2918.6,2919.7,54270
1770357300,2919.6,2927.0,2919.3,2924.4,51438
1770357600,2924.8,2927.0,2921.1,2925.7,88289
1770357900,2925.7,2929.8,2924.9,2929.2,49178
1770358200,2929.1,2931.1,2928.3,2930.0,53953
1770358500,2929.9,2933.0,2929.2,2932.4,42990
1770358800,2932.4,2933.0,2930.4,2931.3,35991
1770359100,2931.3,2934.9,2930.0,2933.8,47708
1770359400,2933.2,2942.8,2933.2,2938.0,88779
1770359700,2938.0,2938.8,2934.0,2934.7,46139
1770360000,2935.6,2936.0,2933.5,2935.4,28240
1770360300,2935.5,2937.0,2930.6,2934.4,55613
1770360600,2934.2,2935.4,2928.0,2928.5,64435
1770360900,2928.4,2930.0,2926.7,2928.4,28981
1770361200,2929.0,2930.0,2927.0,2928.4,30157
1770361500,2928.5,2931.6,2928.2,2928.5,19897
1770361800,2928.6,2929.0,2925.0,2926.1,35978
1770362100,2926.2,2931.7,2925.2,2929.3,43228
1770362400,2929.3,2929.8,2927.0,2927.5,24334
1770362700,2927.5,2930.1,2926.1,2929.2,42831
1770363000,2929.3,2931.9,2926.1,2931.1,73190
1770363300,2931.4,2933.3,2928.6,2929.6,48692
1770363600,2929.9,2931.2,2928.3,2928.5,33464
1770363900,2928.0,2930.1,2927.8,2929.9,22539
1770364200,2929.4,2930.0,2925.6,2925.7,23594
1770364500,2925.7,2927.5,2925.0,2925.6,28211
1770364800,2925.9,2929.3,2925.5,2927.0,27500
1770365100,2927.7,2929.2,2926.4,2927.3,26017
1770365400,2926.8,2929.6,2924.2,2924.3,40843
1770365700,2924.2,2927.4,2922.0,2926.5,52135
1770366000,2926.5,2930.5,2925.0,2929.4,38515
1770366300,2929.3,2930.8,2925.7,2929.4,50985
1770366600,2929.2,2929.6,2925.2,2926.2,34242
1770366900,2926.0,2930.1,2925.8,2927.7,53550
1770367200,2927.7,2928.4,2923.2,2924.9,39218
1770367500,2924.6,2929.7,2923.2,2926.9,64550
1770367800,2926.9,2929.4,2924.6,2925.9,28185
1770368100,2925.0,2927.1,2924.3,2925.0,28049
1770368400,2924.8,2926.5,2923.6,2925.7,31892
1770368700,2925.7,2928.3,2923.6,2927.8,37104
1770369000,2927.7,2930.0,2927.0,2929.2,34167
1770369300,2929.2,2934.3,2928.9,2930.9,57221
1770369600,2930.9,2934.0,2930.1,2932.4,68855
1770369900,2932.9,2939.9,2932.2,2937.0,93207
1770370200,2937.1,2938.5,2936.2,2938.5,127082
1770370500,2938.6,2946.0,2937.7,2944.6,153930
1770370800,2944.7,2944.9,2941.0,2942.6,123827
1770371100,2942.5,2945.0,2941.0,2942.0,141369
1770371400,2942.0,2943.8,2940.5,2943.3,123333
1770371700,2943.2,2945.0,2937.0,2940.3,131660
1770608700,2959.1,2977.0,2953.5,2956.3,142016
1770609000,2956.3,2957.9,2947.1,2948.6,71619
1770609300,2949.1,2949.3,2938.0,2947.6,78060
1770609600,2948.9,2954.9,2942.4,2944.3,67407
1770609900,2944.3,2946.9,2937.5,2941.6,66089
1770610200,2941.7,2945.0,2941.6,2943.4,25527
1770610500,2943.4,2950.4,2942.2,2949.6,30994
1770610800,2949.6,2949.6,2944.5,2944.7,15919
1770611100,2944.3,2947.4,2943.5,2946.7,16896
1770611400,2946.7,2950.0,2945.7,2948.7,19577
1770611700,2948.7,2952.0,2946.2,2947.9,21089
1770612000,2947.4,2947.8,2945.1,2945.7,10835
1770612300,2945.4,2947.5,2944.9,2946.4,25652
1770612600,2946.2,2946.2,2943.3,2945.4,27131
1770612900,2944.8,2945.8,2942.5,2945.1,16644
1770613200,2945.0,2950.0,2945.0,2948.7,31067
1770613500,2948.7,2950.9,2947.0,2949.5,19379
1770613800,2949.1,2950.7,2948.5,2949.6,16818
1770614100,2949.5,2952.0,2949.2,2950.0,21989
1770614400,2950.2,2953.0,2949.9,2952.8,27951
1770614700,2952.7,2954.7,2952.5,2953.9,30413
1770615000,2953.6,2954.4,2952.5,2953.9,22384
1770615300,2953.8,2955.0,2952.5,2953.6,29508
1770615600,2953.6,2957.5,2953.3,2953.4,46215
1770615900,2954.0,2954.5,2950.0,2952.8,20134
1770616200,2952.8,2952.8,2950.0,2951.9,21624
1770616500,2952.0,2952.0,2950.0,2950.0,16727
1770616800,2950.1,2950.1,2947.9,2949.0,29752
1770617100,2948.9,2954.2,2948.6,2953.9,20846
1770617400,2953.9,2956.4,2952.0,2952.0,30898
1770617700,2952.0,2956.6,2950.2,2954.5,29220
1770618000,2954.5,2954.6,2952.7,2953.1,12733
1770618300,2953.1,2953.1,2950.7,2951.3,10960
1770618600,2951.7,2953.5,2951.3,2952.7,10989
1770618900,2952.7,2956.0,2952.3,2955.9,20043
1770619200,2955.9,2956.0,2954.4,2955.9,19936
1770619500,2956.0,2956.0,2952.7,2953.7,18136
1770619800,2953.8,2956.9,2953.1,2956.4,22647
1770620100,2956.4,2956.5,2950.1,2950.4,16544
1770620400,2950.5,2951.0,2949.0,2949.7,17457
1770620700,2949.8,2950.2,2947.5,2949.6,26795
1770621000,2950.0,2951.0,2947.5,2949.4,57127
1770621300,2949.4,2949.9,2947.1,2948.6,14931
1770621600,2948.4,2949.1,2945.9,2947.6,12561
1770621900,2947.3,2948.0,2945.6,2947.4,10094
1770622200,2947.4,2947.9,2944.1,2945.9,20686
1770622500,2946.0,2947.0,2944.1,2947.0,13294
1770622800,2946.6,2950.0,2945.5,2949.5,30339
1770623100,2949.5,2949.7,2948.2,2949.7,9749
1770623400,2949.7,2949.7,2948.4,2949.1,13288
1770623700,2949.0,2949.8,2947.0,2948.0,53267
1770624000,2948.0,2949.7,2947.7,2948.9,14837
1770624300,2949.0,2949.0,2948.1,2948.8,10944
1770624600,2948.5,2948.7,2948.0,2948.6,9801
1770624900,2948.5,2949.0,2946.4,2947.5,16217
1770625200,2947.3,2947.5,2946.0,2946.8,12878
1770625500,2945.6,2948.4,2945.6,2948.1,20983
1770625800,2947.4,2948.1,2942.6,2943.6,49852
1770626100,2943.0,2946.1,2940.3,2944.7,16036
1770626400,2944.7,2944.7,2939.5,2939.9,70838
1770626700,2939.9,2943.4,2939.8,2942.2,27136
1770627000,2942.2,2943.5,2941.1,2942.0,21210
1770627300,2942.0,2942.2,2941.0,2941.3,22069
1770627600,2941.6,2941.9,2940.0,2941.3,24163
1770627900,2941.4,2942.7,2939.5,2942.4,37658
1770628200,2941.8,2945.5,2941.0,2945.0,22350
1770628500,2944.6,2945.2,2943.5,2945.1,13724
1770628800,2945.0,2946.1,2943.5,2944.0,18912
1770629100,2943.7,2945.0,2943.4,2943.9,10405
1770629400,2945.0,2947.2,2944.8,2947.1,30925
1770629700,2947.1,2948.0,2944.2,2944.8,53687
1770630000,2945.3,2946.7,2943.0,2943.4,60245
1770630300,2943.3,2944.6,2943.0,2944.2,43848
1770630600,2944.1,2945.6,2941.6,2942.4,63109
1770630900,2942.3,2960.8,2940.0,2951.0,228691
1770695100,2949.8,2960.7,2943.5,2958.6,152658
1770695400,2958.7,2963.8,2954.0,2961.9,76206
1770695700,2961.9,2965.5,2960.4,2965.0,58428
1770696000,2964.9,2970.9,2964.2,2969.7,93460
1770696300,2969.7,2974.0,2966.6,2967.0,73533
1770696600,2967.1,2983.0,2966.9,2975.2,126937
1770696900,2975.1,2977.3,2971.1,2974.6,45294
1770697200,2974.6,2974.9,2972.1,2974.3,28503
1770697500,2974.1,2974.1,2969.2,2970.1,29319
1770697800,2970.2,2975.1,2970.2,2974.8,22809
1770698100,2974.9,2989.0,2974.9,2982.0,68125
1770698400,2981.7,2982.5,2975.8,2980.6,134101
1770698700,2981.2,2993.7,2980.5,2990.8,156244
1770699000,2990.3,2991.4,2984.0,2988.5,48562
1770699300,2988.3,2988.5,2983.8,2985.8,38342
1770699600,2986.1,2992.0,2983.9,2990.5,47001
1770699900,2990.3,3002.0,2989.3,2999.6,112223
1770700200,3000.0,3003.0,2996.5,3000.4,82703
1770700500,3000.4,3011.6,3000.1,3004.3,158952
1770700800,3004.2,3005.9,2999.2,3001.7,103380
1770701100,3001.6,3003.8,2992.9,2993.2,66701
1770701400,2992.9,2998.0,2990.7,2991.2,44239
1770701700,2990.8,2997.7,2990.0,2995.7,29411
1770702000,2995.6,2997.3,2992.7,2993.7,21444
1770702300,2993.7,2995.7,2992.0,2992.5,16262
1770702600,2992.0,2992.4,2987.6,2988.7,27499
1770702900,2988.7,2991.4,2985.9,2988.0,25355
1770703200,2988.4,2990.3,2987.7,2989.3,16134
1770703500,2988.7,2990.6,2986.1,2989.8,28102
1770703800,2989.6,2989.8,2985.0,2987.2,23897
1770704100,2987.2,2991.1,2987.0,2988.8,16896
1770704400,2988.9,2991.3,2985.0,2991.0,27018
1770704700,2990.5,2999.0,2989.8,2996.9,24324
1770705000,2997.0,3001.6,2996.2,2998.0,50078
1770705300,2997.5,2998.0,2992.2,2992.2,16426
1770705600,2992.1,2992.8,2990.5,2991.2,13940
1770705900,2991.4,2994.5,2990.8,2994.3,22088
1770706200,2993.4,2994.3,2991.5,2992.8,24181
1770706500,2992.3,2992.8,2990.5,2991.1,27986
1770706800,2991.0,2992.8,2989.5,2991.0,18358
1770707100,2990.6,2991.3,2989.2,2990.3,20567
1770707400,2990.0,2992.0,2988.0,2991.5,22571
1770707700,2991.4,2994.3,2991.4,2993.6,16830
1770708000,2993.6,2996.6,2993.5,2994.8,19278
1770708300,2995.2,3000.3,2994.9,2997.8,44870
1770708600,2997.8,2998.0,2994.8,2995.3,17850
1770708900,2995.0,2999.0,2994.5,2998.5,43107
1770709200,2998.5,2998.9,2996.4,2997.0,13573
1770709500,2996.6,2997.8,2994.1,2996.1,47803
1770709800,2996.1,2996.1,2992.2,2993.6,16787
1770710100,2994.0,2998.1,2993.1,2994.1,38954
1770710400,2993.9,2993.9,2987.6,2989.5,22378
1770710700,2989.3,2991.7,2988.0,2991.6,17070
1770711000,2991.0,2992.5,2990.5,2990.9,17582
1770711300,2990.6,2996.0,2990.6,2994.0,34152
1770711600,2993.6,2995.0,2993.2,2993.7,17142
1770711900,2993.7,2994.2,2991.0,2992.5,19874
1770712200,2992.5,2992.7,2987.0,2988.9,29554
1770712500,2988.9,2991.8,2987.1,2989.0,26004
1770712800,2988.9,2989.2,2987.1,2987.4,15104
1770713100,2987.4,2989.1,2986.5,2989.0,32010
1770713400,2989.0,2989.3,2985.0,2985.0,20335
1770713700,2985.0,2988.9,2983.1,2983.1,24228
1770714000,2983.9,2987.7,2982.6,2984.3,39735
1770714300,2984.9,2984.9,2980.0,2980.1,25793
1770714600,2980.0,2981.9,2978.1,2980.1,39470
1770714900,2980.5,2983.0,2980.0,2981.4,28495
1770715200,2982.0,2985.8,2980.8,2984.2,26023
1770715500,2984.8,2986.9,2983.5,2985.4,14392
1770715800,2985.5,2989.4,2984.8,2985.8,96844
1770716100,2985.5,2991.0,2982.0,2990.6,171263
1770716400,2989.3,2989.3,2981.7,2983.8,74192
1770716700,2983.7,2985.3,2978.7,2982.6,89734
1770717000,2982.7,2986.1,2981.0,2981.4,90623
1770717300,2981.4,2986.0,2980.1,2984.8,54872
1770781500,2980.0,2998.0,2980.0,2993.7,126338
1770781800,2993.4,2993.7,2981.2,2982.9,63788
1770782100,2982.5,2984.7,2975.0,2976.7,61290
1770782400,2976.7,2977.1,2969.6,2971.8,60321
1770782700,2971.9,2972.0,2966.0,2966.8,47896
1770783000,2966.9,2968.0,2964.3,2965.4,40750
1770783300,2965.1,2966.1,2961.5,2961.5,45256
1770783600,2961.4,2963.0,2956.8,2960.5,71169
1770783900,2960.5,2963.4,2960.2,2961.5,37515
1770784200,2961.5,2962.3,2957.0,2957.1,36251
1770784500,2957.1,2958.9,2952.8,2956.6,53437
1770784800,2956.6,2964.2,2956.5,2958.3,35843
1770785100,2959.3,2967.2,2958.7,2964.2,33790
1770785400,2964.2,2970.8,2963.5,2969.8,58733
1770785700,2969.9,2971.3,2965.0,2965.2,42900
1770786000,2965.2,2967.2,2964.3,2965.9,24805
1770786300,2966.0,2972.1,2965.2,2970.6,28992
1770786600,2970.6,2974.9,2969.0,2971.4,32847
1770786900,2971.8,2973.0,2968.0,2972.6,24236
1770787200,2972.4,2973.0,2968.3,2969.2,24815
1770787500,2969.2,2970.9,2968.0,2969.1,11092
1770787800,2969.0,2970.0,2967.0,2970.0,21471
1770788100,2970.0,2971.0,2962.1,2962.9,25279
1770788400,2962.9,2963.6,2958.3,2960.4,45482
1770788700,2960.4,2962.0,2957.6,2957.7,23010
1770789000,2957.9,2960.0,2957.4,2958.7,23358
1770789300,2959.1,2960.0,2957.2,2957.8,19522
1770789600,2958.8,2960.0,2956.6,2960.0,23961
1770789900,2960.0,2961.3,2955.2,2955.7,27610
1770790200,2956.0,2958.8,2954.6,2954.8,30562
1770790500,2955.0,2955.0,2950.1,2950.7,29229
1770790800,2950.7,2954.5,2950.2,2952.3,15410
1770791100,2952.2,2953.0,2948.0,2948.0,38336
1770791400,2948.0,2950.6,2945.0,2949.0,27568
1770791700,2949.0,2951.9,2948.5,2949.2,16918
1770792000,2949.2,2950.0,2945.9,2946.2,19002
1770792300,2946.4,2946.4,2940.1,2940.6,44296
1770792600,2940.4,2941.2,2936.0,2937.0,42229
1770792900,2937.2,2939.4,2936.0,2938.4,23267
1770793200,2938.0,2940.0,2935.7,2935.8,22631
1770793500,2936.0,2937.7,2928.3,2931.5,49401
1770793800,2931.5,2932.0,2926.5,2927.7,38218
1770794100,2927.9,2930.2,2925.8,2929.3,32797
1770794400,2929.1,2932.0,2928.4,2929.0,20032
1770794700,2929.0,2931.6,2928.0,2930.9,31733
1770795000,2930.9,2931.4,2924.3,2926.9,57972
1770795300,2926.1,2929.0,2925.8,2927.0,19997
1770795600,2927.1,2930.4,2925.0,2925.8,34993
1770795900,2926.0,2927.8,2924.2,2926.2,24141
1770796200,2926.3,2929.2,2924.2,2926.6,22343
1770796500,2926.1,2929.9,2926.0,2929.7,17124
1770796800,2929.4,2931.8,2927.0,2927.9,25990
1770797100,2928.1,2930.7,2927.5,2928.2,17799
1770797400,2928.4,2933.6,2928.4,2932.2,30493
1770797700,2932.2,2932.2,2925.3,2925.5,27875
1770798000,2925.6,2926.6,2924.5,2925.1,33979
1770798300,2925.2,2925.3,2921.3,2921.8,41302
1770798600,2921.7,2922.4,2918.5,2920.3,53464
1770798900,2920.2,2921.6,2917.3,2920.5,38475
1770799200,2921.0,2924.2,2919.6,2923.1,29232
1770799500,2923.0,2923.8,2921.2,2923.0,29612
1770799800,2922.9,2923.8,2915.0,2915.8,102597
1770800100,2915.8,2916.0,2913.6,2914.5,73387
1770800400,2914.5,2915.5,2911.8,2914.5,49946
1770800700,2914.6,2915.6,2911.4,2912.9,56053
1770801000,2913.1,2914.3,2910.2,2912.1,40105
1770801300,2912.0,2914.4,2910.1,2912.6,54324
1770801600,2912.5,2916.7,2912.1,2915.1,49252
1770801900,2915.0,2916.9,2912.9,2913.4,44879
1770802200,2914.6,2918.0,2911.0,2911.1,106420
1770802500,2911.3,2911.7,2908.1,2910.7,163765
1770802800,2910.7,2912.0,2908.0,2910.0,105418
1770803100,2910.5,2911.9,2907.3,2908.0,118688
1770803400,2908.3,2908.8,2905.2,2905.7,108532
1770803700,2905.8,2909.0,2904.2,2909.0,109412
1770867900,2869.8,2880.0,2826.0,2831.4,633935
1770868200,2831.5,2831.7,2797.3,2813.7,441190
1770868500,2813.1,2815.3,2799.6,2801.0,235677
1770868800,2801.3,2801.3,2780.2,2781.5,385511
1770869100,2782.5,2790.8,2776.0,2786.5,410012
1770869400,2786.5,2793.8,2782.8,2789.8,185782
1770869700,2790.1,2810.7,2786.0,2808.3,272641
1770870000,2809.0,2812.8,2792.3,2797.5,576066
1770870300,2797.5,2799.7,2793.1,2793.1,128812
1770870600,2793.8,2800.0,2792.9,2800.0,82499
1770870900,2799.7,2804.6,2794.5,2797.7,112866
1770871200,2797.7,2799.7,2791.8,2798.0,96122
1770871500,2798.1,2800.5,2792.5,2797.8,99038
1770871800,2798.1,2799.0,2791.1,2792.3,93186
1770872100,2791.8,2794.0,2788.6,2793.3,133182
1770872400,2793.3,2794.8,2788.2,2789.9,82452
1770872700,2790.0,2790.0,2784.5,2789.3,164631
1770873000,2789.3,2791.0,2787.2,2789.6,96141
1770873300,2789.6,2790.9,2787.5,2789.4,50497
1770873600,2789.4,2789.9,2782.5,2787.2,76705
1770873900,2787.2,2789.0,2785.8,2788.2,168156
1770874200,2788.0,2789.0,2781.6,2782.6,106862
1770874500,2782.7,2787.5,2780.0,2786.1,174911
1770874800,2786.1,2786.3,2781.7,2782.8,55650
1770875100,2782.6,2782.8,2778.2,2779.3,116405
1770875400,2779.8,2780.5,2776.2,2778.9,84416
1770875700,2779.0,2779.4,2774.4,2775.4,117458
1770876000,2775.0,2775.5,2769.0,2771.2,137035
1770876300,2770.8,2771.6,2766.0,2768.9,107113
1770876600,2769.0,2773.0,2767.3,2772.9,79173
1770876900,2772.9,2776.2,2769.0,2769.3,78381
1770877200,2768.9,2769.8,2767.0,2768.1,74334
1770877500,2768.1,2771.4,2767.0,2770.7,65559
1770877800,2770.7,2771.9,2767.4,2768.9,64430
1770878100,2768.9,2771.3,2768.2,2770.9,55924
1770878400,2770.9,2771.3,2767.0,2767.8,44274
1770878700,2767.8,2775.0,2767.1,2774.9,57904
1770879000,2774.1,2775.4,2768.2,2768.9,77323
1770879300,2769.0,2773.9,2765.1,2765.9,98165
1770879600,2765.9,2767.0,2763.2,2764.3,90652
1770879900,2764.3,2765.2,2763.2,2764.8,42073
1770880200,2764.2,2768.0,2763.0,2764.0,64141
1770880500,2764.0,2767.1,2763.2,2766.2,51645
1770880800,2766.2,2766.2,2761.0,2762.8,76396
1770881100,2762.5,2763.1,2761.0,2762.2,52779
1770881400,2762.0,2763.0,2758.0,2758.5,103367
1770881700,2758.6,2758.9,2753.0,2754.0,101844
1770882000,2754.0,2757.0,2753.0,2756.3,91880
1770882300,2756.5,2763.0,2755.4,2760.8,93801
1770882600,2761.3,2761.3,2756.0,2758.5,92972
1770882900,2757.9,2763.7,2757.9,2759.6,85873
1770883200,2759.6,2760.3,2754.4,2757.0,88558
1770883500,2757.2,2758.5,2755.1,2755.7,68538
1770883800,2756.3,2757.7,2754.3,2754.6,64671
1770884100,2755.0,2755.0,2750.5,2751.8,111562
1770884400,2751.8,2751.8,2745.0,2748.0,257124
1770884700,2748.0,2749.8,2747.0,2747.3,70779
1770885000,2747.3,2747.9,2744.0,2747.2,103440
1770885300,2747.2,2750.7,2745.0,2749.8,81575
1770885600,2749.1,2750.0,2747.0,2748.9,75287
1770885900,2749.0,2749.9,2746.6,2749.0,67111
1770886200,2749.2,2754.9,2747.8,2752.3,99691
1770886500,2752.3,2756.2,2748.9,2754.2,113161
1770886800,2754.5,2760.0,2752.8,2758.9,124849
1770887100,2759.0,2759.0,2751.6,2753.9,135106
1770887400,2754.5,2758.5,2753.7,2757.6,94569
1770887700,2757.9,2757.9,2749.9,2751.9,260059
1770888000,2751.9,2752.6,2749.0,2750.9,107673
1770888300,2751.0,2752.4,2750.0,2751.1,90192
1770888600,2751.1,2756.0,2749.1,2754.3,208448
1770888900,2754.9,2755.4,2748.5,2754.0,277586
1770889200,2754.0,2755.0,2750.1,2751.7,197952
1770889500,2751.6,2753.2,2748.4,2751.1,245014
1770889800,2751.1,2753.0,2747.7,2748.9,232572
1770890100,2748.7,2750.3,2740.0,2741.9,312575
1770954300,2585.0,2636.0,2585.0,2611.2,1183369
1770954600,2611.9,2614.0,2596.5,2612.6,676197
1770954900,2612.9,2616.7,2605.1,2611.8,345396
1770955200,2611.5,2613.8,2605.0,2609.7,157477
1770955500,2608.9,2609.9,2601.8,2605.2,240742
1770955800,2605.9,2629.4,2603.2,2626.8,846064
1770956100,2626.0,2626.6,2615.0,2618.2,194185
1770956400,2618.2,2627.0,2615.7,2624.0,202591
1770956700,2624.7,2628.4,2612.2,2614.0,215367
1770957000,2614.0,2624.7,2611.0,2619.1,178697
1770957300,2619.0,2619.8,2612.0,2614.7,121358
1770957600,2614.3,2616.6,2611.0,2615.2,92675
1770957900,2614.7,2616.6,2611.0,2613.5,170311
1770958200,2614.0,2638.7,2612.8,2638.7,286968
1770958500,2637.8,2646.6,2637.8,2643.9,300188
1770958800,2642.8,2656.5,2640.6,2654.0,332028
1770959100,2653.7,2661.7,2646.1,2658.5,260038
1770959400,2659.2,2669.0,2655.5,2665.9,218121
1770959700,2666.0,2666.0,2659.0,2664.0,150030
1770960000,2664.0,2668.5,2658.9,2662.7,192582
1770960300,2662.7,2671.5,2660.0,2661.5,128107
1770960600,2661.9,2663.0,2650.6,2655.7,139416
1770960900,2655.7,2661.2,2652.9,2658.0,67893
1770961200,2658.7,2672.0,2657.4,2670.2,173039
1770961500,2670.0,2671.6,2665.0,2670.7,131277
1770961800,2671.0,2674.7,2664.7,2669.5,116406
1770962100,2669.4,2679.6,2667.3,2674.0,91231
1770962400,2674.5,2674.5,2669.0,2672.1,49020
1770962700,2672.2,2675.0,2669.0,2673.9,56094
1770963000,2674.1,2686.0,2671.9,2685.0,93202
1770963300,2685.4,2689.0,2680.6,2688.3,89657
1770963600,2688.3,2693.8,2686.3,2690.4,130639
1770963900,2690.0,2693.0,2685.5,2688.8,93755
1770964200,2688.7,2691.5,2686.2,2688.5,61483
1770964500,2689.0,2704.4,2689.0,2699.1,151535
1770964800,2699.1,2709.0,2697.0,2700.9,136703
1770965100,2701.0,2705.0,2690.0,2698.0,94503
1770965400,2698.4,2701.7,2695.0,2698.1,55629
1770965700,2698.4,2709.7,2696.0,2700.8,104878
1770966000,2700.8,2708.4,2700.0,2707.4,158642
1770966300,2707.4,2713.0,2701.5,2707.2,186068
1770966600,2707.4,2707.4,2697.1,2702.0,80241
1770966900,2701.9,2709.0,2696.2,2697.9,62570
1770967200,2697.7,2699.0,2692.1,2696.0,75086
1770967500,2694.9,2696.5,2680.0,2683.0,121076
1770967800,2683.0,2690.2,2682.0,2688.0,68481
1770968100,2688.0,2688.5,2679.2,2683.0,55982
1770968400,2683.2,2693.9,2682.9,2693.3,62238
1770968700,2694.0,2699.9,2692.7,2697.8,47366
1770969000,2697.8,2698.6,2693.0,2693.8,35142
1770969300,2693.7,2696.5,2690.0,2692.9,30734
1770969600,2692.4,2695.9,2685.9,2687.5,43787
1770969900,2687.5,2696.0,2686.1,2695.5,93472
1770970200,2696.0,2697.4,2691.0,2691.7,65233
1770970500,2691.7,2692.0,2684.3,2686.7,40442
1770970800,2686.6,2689.8,2685.0,2689.5,21682
1770971100,2689.4,2699.8,2688.7,2699.6,48432
1770971400,2699.0,2704.7,2696.0,2702.0,57540
1770971700,2702.0,2703.0,2696.4,2698.0,40654
1770972000,2698.0,2703.0,2696.2,2702.8,32115
1770972300,2702.6,2704.0,2698.0,2699.0,33018
1770972600,2699.4,2701.0,2695.2,2700.9,62359
1770972900,2700.9,2708.7,2700.0,2704.2,69061
1770973200,2704.2,2705.0,2693.1,2694.0,61113
1770973500,2694.0,2699.2,2693.3,2696.6,48429
1770973800,2696.3,2696.9,2691.0,2695.4,41607
1770974100,2695.4,2696.0,2692.0,2692.3,36691
1770974400,2692.3,2695.3,2690.9,2692.6,32585
1770974700,2693.5,2696.5,2691.0,2695.1,46145
1770975000,2695.7,2696.7,2688.5,2694.0,119786
1770975300,2694.0,2695.0,2687.0,2689.6,105067
1770975600,2688.9,2692.0,2688.7,2689.5,103892
1770975900,2689.8,2693.2,2685.0,2692.5,135093
1770976200,2692.5,2697.4,2691.9,2696.2,180871
1770976500,2695.8,2697.8,2689.7,2695.0,143108
1771213500,2700.0,2719.8,2695.0,2708.7,188367
1771213800,2708.1,2708.4,2688.3,2689.0,116815
1771214100,2690.0,2690.7,2672.8,2680.7,98049
1771214400,2680.0,2695.7,2680.0,2690.0,51435
1771214700,2690.4,2692.8,2683.1,2685.0,38356
1771215000,2685.8,2688.3,2681.0,2684.1,31883
1771215300,2683.9,2684.5,2678.3,2680.9,42487
1771215600,2680.2,2685.7,2676.0,2685.0,31040
1771215900,2685.0,2690.7,2682.2,2689.7,25678
1771216200,2690.0,2701.0,2690.0,2698.8,56042
1771216500,2699.4,2699.7,2692.1,2693.0,32135
1771216800,2693.0,2708.5,2692.0,2701.7,66452
1771217100,2701.6,2702.2,2696.8,2698.4,31791
1771217400,2698.3,2701.8,2695.5,2698.7,37184
1771217700,2698.7,2698.7,2691.7,2693.3,22507
1771218000,2692.8,2701.0,2692.0,2698.1,19805
1771218300,2697.7,2701.5,2694.5,2696.0,21277
1771218600,2695.9,2699.4,2695.1,2697.0,10182
1771218900,2697.0,2697.2,2690.7,2691.7,25610
1771219200,2691.7,2692.4,2685.3,2687.0,30249
1771219500,2686.7,2689.9,2685.0,2687.0,39562
1771219800,2686.1,2687.0,2678.7,2681.0,55601
1771220100,2681.0,2685.5,2681.0,2682.3,18401
1771220400,2682.3,2684.5,2679.0,2683.0,19175
1771220700,2683.0,2683.2,2680.0,2680.1,25840
1771221000,2680.3,2685.0,2678.8,2683.3,11406
1771221300,2684.7,2685.5,2677.0,2678.8,28479
1771221600,2679.5,2684.5,2678.2,2681.3,17881
1771221900,2680.8,2682.6,2678.0,2681.5,27186
1771222200,2681.3,2682.2,2678.0,2678.6,57708
1771222500,2679.0,2681.4,2671.0,2680.7,80749
1771222800,2680.4,2681.7,2678.0,2679.3,47503
1771223100,2680.0,2684.9,2679.0,2683.0,22633
1771223400,2683.7,2686.0,2683.0,2684.9,46587
1771223700,2684.9,2689.8,2684.0,2687.3,31581
1771224000,2688.0,2690.0,2685.0,2685.1,26362
1771224300,2685.0,2689.5,2682.3,2689.0,21867
1771224600,2689.0,2690.0,2685.0,2689.7,20311
1771224900,2689.1,2693.5,2687.7,2693.4,25534
1771225200,2693.5,2695.6,2690.0,2694.1,37884
1771225500,2693.9,2694.0,2687.5,2688.8,37209
1771225800,2688.0,2690.7,2685.2,2688.8,33126
1771226100,2688.9,2690.9,2685.4,2686.3,32641
1771226400,2687.3,2690.8,2684.6,2685.4,77382
1771226700,2685.9,2687.6,2682.1,2683.9,14359
1771227000,2683.9,2687.0,2682.1,2687.0,19076
1771227300,2687.0,2690.0,2686.2,2688.3,13515
1771227600,2687.3,2689.7,2686.1,2686.9,12321
1771227900,2686.9,2688.5,2685.0,2686.9,18023
1771228200,2687.6,2691.0,2686.9,2690.1,23090
1771228500,2690.4,2693.7,2690.0,2693.6,26593
1771228800,2693.6,2693.6,2685.7,2689.7,42917
1771229100,2689.7,2691.0,2688.2,2688.7,14074
1771229400,2688.6,2689.9,2685.6,2687.0,17840
1771229700,2687.9,2690.0,2687.0,2689.0,19408
1771230000,2689.4,2692.0,2686.2,2686.2,27187
1771230300,2686.6,2686.8,2683.0,2684.5,32815
1771230600,2684.8,2687.5,2683.6,2684.7,49090
1771230900,2684.8,2686.4,2681.0,2682.0,48161
1771231200,2682.2,2685.9,2680.9,2684.9,27168
1771231500,2684.9,2687.1,2684.1,2685.0,24581
1771231800,2685.0,2686.8,2684.0,2686.0,18955
1771232100,2686.8,2699.9,2686.1,2698.2,52969
1771232400,2698.6,2706.0,2696.8,2705.0,66437
1771232700,2705.3,2706.9,2698.0,2699.3,54052
1771233000,2698.5,2700.9,2695.3,2699.6,37742
1771233300,2699.6,2700.5,2695.1,2698.4,26217
1771233600,2698.5,2698.5,2692.9,2694.7,28535
1771233900,2694.9,2698.5,2694.6,2698.0,23541
1771234200,2697.4,2703.6,2697.4,2701.6,50529
1771234500,2701.0,2702.2,2698.6,2701.4,64311
1771234800,2701.3,2708.5,2701.3,2707.0,66685
1771235100,2707.0,2709.5,2706.0,2708.8,40595
1771235400,2708.6,2715.0,2707.0,2714.8,66822
1771235700,2713.6,2716.9,2707.4,2713.5,52258
1771299900,2716.0,2743.7,2695.2,2732.9,208429
1771300200,2733.0,2733.1,2718.3,2720.4,91014
1771300500,2720.3,2727.1,2716.0,2725.9,72701
1771300800,2725.9,2752.6,2724.7,2746.7,159967
1771301100,2745.4,2746.4,2736.0,2740.8,92373
1771301400,2740.9,2749.2,2733.2,2733.5,121385
1771301700,2732.9,2741.2,2729.3,2737.7,79780
1771302000,2737.7,2744.9,2735.4,2743.9,54872
1771302300,2744.1,2750.8,2743.1,2750.0,117105
1771302600,2749.1,2751.6,2734.4,2739.4,104153
1771302900,2738.9,2739.4,2732.0,2738.0,46651
1771303200,2737.9,2744.7,2737.3,2743.2,57988
1771303500,2742.9,2749.5,2742.2,2747.1,50647
1771303800,2747.1,2748.0,2740.0,2740.0,25405
1771304100,2740.6,2741.5,2735.0,2737.5,31007
1771304400,2737.8,2742.8,2737.7,2738.3,30109
1771304700,2738.3,2740.0,2731.4,2732.0,45708
1771305000,2732.0,2735.4,2725.0,2726.0,61816
1771305300,2726.8,2735.0,2726.8,2732.7,35220
1771305600,2732.0,2734.0,2727.2,2728.5,51755
1771305900,2728.7,2733.0,2727.2,2733.0,87746
1771306200,2732.1,2737.9,2732.0,2733.9,24820
1771306500,2733.9,2734.8,2729.0,2732.5,22859
1771306800,2732.5,2733.8,2730.0,2732.0,26858
1771307100,2732.0,2734.8,2732.0,2733.8,14328
1771307400,2733.0,2734.4,2731.0,2731.5,15267
1771307700,2731.5,2741.0,2731.5,2740.4,33330
1771308000,2740.5,2760.0,2740.0,2752.9,147793
1771308300,2752.9,2759.0,2745.2,2756.3,106569
1771308600,2755.1,2755.6,2745.6,2749.9,55191
1771308900,2749.8,2756.1,2749.5,2756.0,46925
1771309200,2755.7,2758.9,2752.1,2756.5,39094
1771309500,2756.5,2757.0,2748.0,2750.0,44606
1771309800,2750.0,2754.0,2747.3,2750.6,24705
1771310100,2750.6,2752.6,2750.0,2750.3,15841
1771310400,2750.3,2752.0,2750.0,2750.8,20163
1771310700,2750.8,2756.0,2750.4,2755.1,30359
1771311000,2755.2,2757.6,2752.2,2753.6,32559
1771311300,2754.6,2756.0,2747.3,2749.9,28156
1771311600,2749.0,2749.9,2744.0,2744.3,31772
1771311900,2744.0,2745.8,2740.0,2741.3,27965
1771312200,2741.3,2743.0,2740.0,2742.6,23791
1771312500,2742.5,2744.2,2741.6,2743.0,25620
1771312800,2743.2,2752.0,2742.0,2748.0,27211
1771313100,2747.8,2751.0,2745.4,2750.1,65847
1771313400,2750.1,2754.6,2749.0,2750.5,29849
1771313700,2749.8,2759.0,2748.7,2758.5,67170
1771314000,2758.6,2758.9,2749.7,2751.9,48134
1771314300,2751.8,2752.0,2748.0,2748.7,65352
1771314600,2748.7,2750.0,2745.0,2746.7,60327
1771314900,2746.8,2746.9,2738.5,2740.1,39722
1771315200,2740.4,2747.3,2740.4,2741.5,107351
1771315500,2741.3,2743.9,2740.0,2740.2,19244
1771315800,2740.2,2742.3,2740.0,2740.1,28719
1771316100,2740.2,2741.0,2734.5,2735.7,34437
1771316400,2736.2,2739.1,2734.0,2735.8,28510
1771316700,2735.1,2737.1,2729.0,2730.1,55911
1771317000,2730.8,2735.3,2730.0,2733.5,40963
1771317300,2733.5,2736.2,2730.0,2730.7,27954
1771317600,2730.7,2730.7,2723.1,2723.1,53654
1771317900,2723.2,2729.1,2720.1,2727.0,63942
1771318200,2726.5,2728.9,2723.0,2725.1,31157
1771318500,2725.1,2725.8,2713.7,2716.0,57416
1771318800,2716.0,2720.8,2714.7,2717.2,30232
1771319100,2717.1,2718.6,2713.5,2717.6,55917
1771319400,2717.8,2722.5,2715.1,2719.3,86726
1771319700,2719.3,2719.6,2712.8,2713.9,40330
1771320000,2713.9,2717.0,2711.4,2716.4,33102
1771320300,2716.4,2720.8,2711.6,2720.0,76166
1771320600,2720.0,2722.9,2715.6,2715.6,62105
1771320900,2715.6,2721.4,2715.2,2720.1,103728
1771321200,2720.1,2720.1,2715.0,2717.8,55848
1771321500,2717.8,2718.3,2715.5,2716.0,67005
1771321800,2716.0,2719.6,2715.5,2716.8,69197
1771322100,2716.7,2720.0,2712.1,2719.8,99571
1771386300,2730.0,2730.0,2692.6,2720.0,172164
1771386600,2720.8,2721.6,2708.0,2709.0,70336
1771386900,2709.1,2714.2,2707.4,2712.5,52898
1771387200,2711.4,2712.3,2699.0,2701.3,84730
1771387500,2702.0,2708.7,2700.2,2701.0,29474
1771387800,2701.1,2702.8,2688.5,2690.6,83624
1771388100,2690.5,2690.6,2683.5,2684.8,77101
1771388400,2685.2,2691.5,2684.1,2685.0,41065
1771388700,2685.0,2685.0,2670.0,2675.0,95574
1771389000,2674.9,2675.0,2662.3,2664.0,110902
1771389300,2664.1,2670.4,2658.6,2660.8,88005
1771389600,2660.8,2672.5,2657.3,2671.5,57923
1771389900,2671.0,2674.0,2666.5,2673.5,27848
1771390200,2673.5,2673.6,2669.5,2671.4,23939
1771390500,2671.5,2672.0,2666.0,2670.7,19229
1771390800,2670.7,2679.8,2668.0,2677.5,51990
1771391100,2677.6,2686.9,2676.6,2682.5,248151
1771391400,2682.9,2683.8,2677.9,2680.2,32448
1771391700,2680.2,2686.8,2679.3,2685.6,26444
1771392000,2685.6,2686.9,2684.0,2684.3,18185
1771392300,2685.0,2689.4,2683.3,2687.1,40968
1771392600,2686.9,2689.6,2684.9,2689.1,40638
1771392900,2689.1,2689.1,2685.2,2686.4,17371
1771393200,2685.9,2686.8,2683.0,2685.3,21031
1771393500,2685.8,2685.8,2681.3,2683.3,19167
1771393800,2683.3,2684.7,2681.2,2682.2,11621
1771394100,2682.2,2682.6,2678.8,2680.6,18728
1771394400,2680.6,2683.0,2674.0,2682.4,37074
1771394700,2681.3,2683.8,2676.2,2677.5,18355
1771395000,2677.9,2678.8,2673.6,2676.1,23466
1771395300,2676.0,2677.5,2671.0,2672.6,24155
1771395600,2673.8,2674.9,2670.4,2673.4,20958
1771395900,2673.5,2678.0,2672.2,2677.5,25532
1771396200,2677.1,2681.0,2676.2,2677.9,17933
1771396500,2677.9,2683.7,2676.0,2683.6,18364
1771396800,2683.6,2687.2,2681.2,2682.5,32829
1771397100,2682.2,2684.7,2680.1,2680.3,33230
1771397400,2681.3,2683.9,2680.0,2680.0,27582
1771397700,2680.3,2683.0,2676.0,2683.0,33021
1771398000,2682.6,2690.0,2682.1,2688.4,47581
1771398300,2688.4,2692.8,2688.1,2690.9,37351
1771398600,2690.8,2694.6,2690.0,2693.9,30958
1771398900,2693.9,2694.0,2690.2,2691.1,21211
1771399200,2691.1,2693.7,2690.0,2692.0,16698
1771399500,2692.0,2693.0,2690.0,2692.6,17706
1771399800,2692.6,2692.8,2687.1,2691.4,19946
1771400100,2691.4,2693.0,2689.5,2691.4,20057
1771400400,2691.4,2691.6,2687.9,2689.5,14151
1771400700,2689.6,2692.4,2688.1,2690.9,29651
1771401000,2691.1,2693.6,2690.1,2691.9,22373
1771401300,2691.9,2693.2,2684.8,2686.6,25963
1771401600,2686.6,2689.0,2684.1,2687.1,17478
1771401900,2687.2,2688.2,2685.0,2686.3,24586
1771402200,2686.3,2686.8,2683.3,2684.9,21181
1771402500,2685.6,2689.0,2684.4,2688.0,32256
1771402800,2688.5,2690.6,2683.0,2683.2,27282
1771403100,2683.1,2688.2,2682.1,2687.2,29386
1771403400,2687.2,2688.3,2684.8,2685.0,24830
1771403700,2684.5,2687.1,2684.4,2686.9,12216
1771404000,2686.9,2693.7,2686.8,2692.1,22539
1771404300,2692.1,2694.0,2690.1,2693.0,19104
1771404600,2692.9,2696.4,2692.0,2695.0,26450
1771404900,2695.8,2695.8,2691.6,2692.8,16764
1771405200,2692.8,2694.9,2691.2,2693.2,18702
1771405500,2693.9,2695.6,2690.6,2690.9,31548
1771405800,2690.9,2691.7,2687.2,2688.0,22410
1771406100,2688.0,2689.4,2686.0,2687.8,30361
1771406400,2688.3,2691.0,2687.0,2690.3,22171
1771406700,2690.3,2692.7,2688.8,2689.6,20439
1771407000,2690.0,2699.0,2690.0,2697.3,51112
1771407300,2697.3,2697.3,2694.1,2696.5,60789
1771407600,2696.6,2697.0,2693.8,2695.0,47378
1771407900,2695.0,2696.0,2691.5,2692.3,54912
1771408200,2692.2,2697.0,2692.1,2695.8,55218
1771408500,2695.9,2695.9,2691.9,2694.5,49477
1771472700,2708.0,2732.2,2706.1,2724.0,173553
1771473000,2724.2,2733.6,2721.0,2723.8,85509
1771473300,2724.4,2725.4,2719.1,2721.0,67029
1771473600,2721.0,2721.0,2715.3,2715.9,37397
1771473900,2715.9,2722.1,2715.3,2719.8,56652
1771474200,2719.8,2720.5,2717.0,2718.8,25710
1771474500,2718.8,2732.0,2717.8,2731.0,71835
1771474800,2731.6,2735.5,2723.0,2724.0,77340
1771475100,2724.0,2726.0,2720.2,2724.6,32151
1771475400,2725.9,2738.2,2724.7,2737.1,79992
1771475700,2737.9,2748.6,2737.0,2745.4,116271
1771476000,2744.8,2748.7,2740.0,2741.0,77842
1771476300,2741.0,2742.6,2734.4,2736.0,53275
1771476600,2736.5,2736.5,2731.3,2732.6,47849
1771476900,2732.5,2733.5,2724.0,2727.1,66582
1771477200,2726.4,2728.6,2724.0,2726.8,39665
1771477500,2726.9,2728.6,2721.9,2723.0,51754
1771477800,2723.1,2727.5,2721.1,2725.1,32011
1771478100,2725.1,2726.7,2721.0,2723.4,36872
1771478400,2723.1,2724.1,2718.2,2722.7,49235
1771478700,2722.3,2726.9,2721.1,2724.6,23464
1771479000,2724.2,2731.6,2723.2,2730.6,37771
1771479300,2730.6,2730.8,2723.1,2724.9,27586
1771479600,2724.4,2726.6,2717.9,2718.7,27720
1771479900,2718.7,2720.7,2715.5,2716.7,30268
1771480200,2716.3,2718.0,2711.6,2713.8,40813
1771480500,2713.6,2718.1,2713.0,2717.4,20918
1771480800,2717.4,2718.0,2715.0,2715.7,17512
1771481100,2716.4,2716.4,2710.5,2713.7,30757
1771481400,2713.7,2713.8,2710.0,2711.6,23313
1771481700,2711.6,2712.4,2709.0,2710.5,32996
1771482000,2710.5,2710.5,2708.0,2708.7,22138
1771482300,2708.7,2709.2,2705.6,2709.2,21291
1771482600,2709.2,2709.9,2705.5,2707.0,17906
1771482900,2706.8,2708.1,2705.0,2706.0,27027
1771483200,2705.4,2705.4,2697.9,2701.7,59010
1771483500,2701.5,2703.4,2696.5,2702.6,37373
1771483800,2702.1,2707.4,2700.6,2705.3,30443
1771484100,2706.3,2707.5,2703.2,2703.4,22442
1771484400,2704.5,2706.8,2701.6,2704.1,21332
1771484700,2704.0,2705.7,2700.0,2700.0,20242
1771485000,2700.3,2702.0,2697.2,2699.5,26040
1771485300,2699.5,2699.7,2695.3,2698.1,25623
1771485600,2698.3,2700.9,2696.6,2697.1,19680
1771485900,2698.4,2699.6,2697.4,2699.5,12362
1771486200,2699.5,2701.6,2697.0,2701.1,23189
1771486500,2701.1,2705.6,2700.0,2703.8,39364
1771486800,2703.8,2703.8,2698.6,2699.6,40867
1771487100,2699.8,2701.4,2697.0,2700.6,19349
1771487400,2700.6,2705.5,2700.1,2704.1,28311
1771487700,2704.1,2705.2,2700.0,2703.1,25666
1771488000,2703.1,2703.7,2696.6,2699.7,42469
1771488300,2700.4,2701.7,2698.3,2699.8,20597
1771488600,2699.8,2700.8,2697.9,2699.2,16674
1771488900,2699.0,2699.5,2696.2,2697.3,13597
1771489200,2697.3,2698.6,2695.0,2697.1,19223
1771489500,2697.8,2697.8,2692.5,2695.0,22319
1771489800,2695.0,2696.4,2692.4,2692.4,20160
1771490100,2692.4,2697.0,2690.5,2696.0,25659
1771490400,2697.0,2701.0,2697.0,2700.0,22709
1771490700,2700.5,2704.2,2700.0,2702.4,43037
1771491000,2702.4,2706.8,2701.2,2702.4,44921
1771491300,2702.0,2702.0,2697.1,2697.5,18283
1771491600,2697.8,2701.8,2697.8,2700.3,14025
1771491900,2700.8,2702.8,2700.3,2701.2,19250
1771492200,2702.0,2702.4,2695.1,2695.7,28074
1771492500,2695.7,2696.6,2690.2,2694.6,51613
1771492800,2694.7,2696.8,2690.5,2690.5,35475
1771493100,2691.3,2692.7,2687.6,2687.9,53877
1771493400,2688.2,2688.8,2676.2,2683.5,144152
1771493700,2683.0,2684.6,2675.4,2682.2,117839
1771494000,2682.1,2684.5,2675.1,2676.0,101000
1771494300,2676.0,2676.1,2671.2,2672.1,70247
1771494600,2672.1,2674.0,2667.8,2671.0,90122
1771494900,2670.4,2675.0,2666.6,2673.0,60588
1771559100,2667.0,2673.0,2647.5,2670.2,143802
1771559400,2669.5,2677.0,2663.7,2664.5,69100
1771559700,2665.0,2670.0,2660.2,2667.4,34120
1771560000,2667.0,2689.7,2666.6,2686.6,76531
1771560300,2686.6,2690.3,2681.0,2687.0,38583
1771560600,2686.9,2687.0,2681.0,2681.7,23497
1771560900,2681.8,2687.6,2680.6,2687.5,30161
1771561200,2687.3,2692.8,2681.0,2682.0,42656
1771561500,2682.0,2685.3,2678.0,2685.0,49082
1771561800,2685.0,2686.5,2673.0,2675.0,31618
1771562100,2674.5,2680.8,2673.5,2677.2,36560
1771562400,2678.0,2684.6,2677.0,2681.9,32228
1771562700,2681.7,2693.9,2681.7,2693.0,44708
1771563000,2693.0,2698.0,2690.0,2698.0,57673
1771563300,2698.0,2700.0,2694.3,2694.9,28647
1771563600,2695.1,2698.6,2695.0,2697.4,15997
1771563900,2697.3,2699.9,2695.5,2697.8,25178
1771564200,2697.1,2702.0,2697.1,2698.8,23606
1771564500,2699.7,2701.5,2698.1,2699.8,11051
1771564800,2699.5,2702.0,2696.8,2700.4,16073
1771565100,2700.4,2702.6,2698.0,2699.0,22191
1771565400,2699.3,2699.7,2695.2,2697.4,12855
1771565700,2697.1,2697.3,2693.6,2696.1,24174
1771566000,2696.1,2701.8,2696.0,2697.6,31327
1771566300,2697.4,2700.0,2696.6,2697.8,6870
1771566600,2697.4,2697.8,2694.7,2696.9,9361
1771566900,2696.9,2697.8,2693.9,2694.2,9712
1771567200,2694.0,2695.8,2691.1,2692.8,16028
1771567500,2692.8,2695.2,2691.7,2694.3,10929
1771567800,2694.0,2695.0,2690.5,2692.5,12779
1771568100,2692.5,2693.5,2686.2,2687.6,20579
1771568400,2687.6,2687.9,2684.0,2685.9,17993
1771568700,2685.6,2688.9,2684.0,2687.5,15471
1771569000,2687.6,2687.8,2682.7,2683.9,8775
1771569300,2684.4,2685.0,2683.0,2684.9,9180
1771569600,2685.0,2688.7,2684.1,2688.2,10653
1771569900,2688.3,2689.0,2686.0,2687.0,19889
1771570200,2687.0,2688.2,2686.0,2686.4,11920
1771570500,2686.1,2692.0,2685.0,2688.5,17014
1771570800,2688.5,2689.0,2684.7,2687.0,15444
1771571100,2687.0,2687.0,2682.9,2685.4,26361
1771571400,2686.0,2687.0,2682.2,2682.5,9404
1771571700,2682.7,2685.0,2680.4,2683.2,41525
1771572000,2683.6,2686.5,2683.0,2686.0,38393
1771572300,2685.9,2686.1,2681.0,2682.5,13544
1771572600,2683.9,2685.5,2682.0,2683.6,14413
1771572900,2682.7,2684.7,2681.0,2682.6,21806
1771573200,2682.6,2683.8,2680.5,2681.5,18807
1771573500,2681.4,2681.4,2675.6,2678.9,23938
1771573800,2678.8,2679.5,2672.8,2674.3,34911
1771574100,2674.3,2680.5,2672.1,2680.1,38260
1771574400,2680.0,2683.0,2679.0,2682.6,31291
1771574700,2682.9,2684.5,2680.0,2682.7,29027
1771575000,2682.7,2684.0,2681.0,2683.0,14790
1771575300,2683.5,2684.0,2679.9,2682.5,22437
1771575600,2682.4,2683.0,2680.8,2682.0,14200
1771575900,2681.6,2685.0,2681.1,2685.0,32741
1771576200,2685.0,2685.7,2682.9,2683.4,22749
1771576500,2683.4,2684.5,2681.5,2683.5,21027
1771576800,2683.5,2684.5,2682.0,2684.1,19212
1771577100,2684.1,2691.0,2683.4,2690.8,46633
1771577400,2691.0,2692.0,2684.3,2684.8,31462
1771577700,2685.0,2688.8,2684.2,2687.8,43862
1771578000,2687.0,2692.0,2686.1,2690.6,25148
1771578300,2690.6,2691.7,2689.3,2690.8,13980
1771578600,2690.8,2694.9,2690.1,2693.9,26780
1771578900,2694.6,2696.2,2693.9,2695.4,15199
1771579200,2695.4,2695.4,2690.6,2694.7,15653
1771579500,2694.8,2696.0,2694.0,2694.8,16109
1771579800,2695.7,2695.7,2688.5,2689.7,62135
1771580100,2689.4,2689.9,2686.0,2686.3,58881
1771580400,2686.3,2686.8,2684.1,2685.8,74595
1771580700,2685.7,2685.8,2682.0,2683.0,68564
1771581000,2682.8,2686.0,2681.6,2685.3,87464
1771581300,2685.3,2686.0,2678.9,2685.5,61849
1771818300,2686.0,2699.1,2675.0,2687.9,237713
1771818600,2687.1,2700.0,2687.1,2699.0,60612
1771818900,2698.8,2704.0,2697.7,2698.4,58772
1771819200,2698.1,2701.0,2691.0,2691.1,40147
1771819500,2691.9,2696.2,2687.8,2688.0,60875
1771819800,2688.0,2688.8,2677.4,2685.3,95344
1771820100,2686.1,2688.2,2683.7,2685.6,45211
1771820400,2686.0,2689.2,2680.4,2682.3,50358
1771820700,2681.3,2682.3,2675.0,2676.1,63665
1771821000,2676.8,2680.1,2673.8,2680.0,52093
1771821300,2680.0,2681.1,2673.7,2675.8,57283
1771821600,2675.9,2680.8,2674.3,2679.5,57092
1771821900,2679.4,2680.4,2676.1,2678.1,34586
1771822200,2678.4,2679.8,2673.6,2676.8,33737
1771822500,2676.6,2677.3,2669.1,2670.8,75515
1771822800,2670.8,2671.7,2665.0,2667.3,79117
1771823100,2667.3,2673.0,2666.8,2672.2,35195
1771823400,2672.2,2672.2,2663.5,2663.6,64809
1771823700,2664.1,2665.7,2660.2,2662.7,84521
1771824000,2662.9,2668.6,2662.7,2667.7,42198
1771824300,2667.8,2668.3,2664.6,2666.0,38493
1771824600,2666.2,2673.4,2665.1,2672.0,74929
1771824900,2671.8,2676.0,2669.2,2675.5,38478
1771825200,2675.5,2679.3,2672.0,2675.6,49616
1771825500,2675.6,2678.5,2671.8,2671.8,39712
1771825800,2672.0,2674.9,2669.4,2670.8,34098
1771826100,2671.2,2673.4,2668.3,2668.3,27323
1771826400,2668.8,2671.3,2666.7,2667.0,32045
1771826700,2667.0,2672.6,2666.5,2671.5,42962
1771827000,2671.8,2675.5,2670.5,2674.0,31558
1771827300,2674.4,2677.0,2673.0,2676.6,40669
1771827600,2677.0,2680.8,2674.6,2680.6,39446
1771827900,2680.6,2684.2,2677.9,2681.0,65826
1771828200,2680.6,2682.0,2679.9,2681.0,50323
1771828500,2681.0,2681.3,2677.5,2680.3,65553
1771828800,2680.5,2682.0,2677.1,2677.6,40581
1771829100,2678.0,2681.5,2677.5,2680.7,28513
1771829400,2680.7,2681.5,2677.8,2680.0,51207
1771829700,2680.2,2681.0,2678.4,2680.1,29940
1771830000,2680.3,2685.9,2680.3,2682.8,42379
1771830300,2682.1,2684.0,2680.0,2683.1,26355
1771830600,2683.4,2686.0,2680.7,2685.4,30911
1771830900,2685.9,2688.0,2683.2,2683.2,54993
1771831200,2683.1,2684.5,2680.9,2684.3,25941
1771831500,2684.4,2684.4,2673.6,2674.7,46833
1771831800,2674.2,2674.9,2670.0,2671.4,25891
1771832100,2671.6,2677.6,2671.6,2675.9,33334
1771832400,2675.9,2678.1,2674.1,2675.3,37954
1771832700,2675.0,2678.9,2673.9,2677.0,17073
1771833000,2677.5,2681.2,2675.4,2676.5,25317
1771833300,2676.8,2677.8,2674.2,2674.6,28166
1771833600,2675.0,2675.4,2670.6,2671.3,38443
1771833900,2671.3,2671.6,2668.5,2670.1,75676
1771834200,2669.2,2670.5,2666.2,2670.0,54686
1771834500,2670.0,2673.8,2668.8,2668.8,34446
1771834800,2668.7,2669.5,2666.3,2666.4,36127
1771835100,2666.5,2666.8,2662.5,2665.0,48741
1771835400,2665.6,2667.2,2662.5,2664.4,45542
1771835700,2664.4,2665.8,2662.7,2663.8,32094
1771836000,2663.9,2666.9,2663.5,2666.2,37499
1771836300,2666.5,2667.8,2665.5,2667.5,30786
1771836600,2667.5,2670.0,2666.6,2668.1,52714
1771836900,2668.9,2672.5,2667.3,2672.2,37941
1771837200,2672.2,2676.3,2671.8,2674.0,51390
1771837500,2674.6,2676.0,2671.2,2672.6,63102
1771837800,2672.7,2675.1,2671.1,2671.1,52272
1771838100,2671.1,2672.8,2669.7,2672.5,52631
1771838400,2672.6,2672.8,2667.9,2670.1,105086
1771838700,2670.1,2670.5,2666.7,2670.1,191851
1771839000,2670.5,2676.5,2670.2,2675.7,146824
1771839300,2675.2,2678.7,2675.2,2675.4,185709
1771839600,2675.3,2677.0,2673.4,2676.0,190388
1771839900,2676.2,2677.0,2675.8,2676.2,150804
1771840200,2676.6,2679.2,2673.3,2678.8,293718
1771840500,2678.8,2679.6,2673.5,2674.0,113263
1771904700,2641.0,2647.5,2602.4,2605.5,367416
1771905000,2605.5,2615.6,2605.0,2606.9,244211
1771905300,2607.4,2611.0,2600.0,2600.8,215537
1771905600,2600.9,2604.6,2595.9,2600.0,155683
1771905900,2600.1,2601.5,2592.0,2593.1,116993
1771906200,2592.1,2593.9,2581.0,2588.1,139378
1771906500,2588.8,2593.4,2581.0,2591.2,133121
1771906800,2592.2,2593.7,2581.5,2588.9,99987
1771907100,2589.2,2592.2,2588.0,2589.6,69181
1771907400,2589.6,2596.3,2588.2,2591.7,74692
1771907700,2591.7,2597.9,2590.0,2594.3,142506
1771908000,2594.5,2596.1,2587.8,2590.5,111206
1771908300,2591.0,2592.0,2585.2,2591.7,76890
1771908600,2591.8,2597.7,2589.0,2589.8,83742
1771908900,2589.3,2596.0,2589.3,2595.1,81859
1771909200,2595.0,2598.9,2594.0,2598.5,110605
1771909500,2598.3,2609.5,2598.3,2605.5,129411
1771909800,2605.5,2610.0,2602.2,2604.3,172066
1771910100,2604.3,2605.2,2596.2,2598.0,74801
1771910400,2598.4,2598.9,2595.0,2596.5,78285
1771910700,2596.5,2601.0,2595.3,2600.0,69130
1771911000,2599.5,2600.7,2595.0,2595.9,47008
1771911300,2595.9,2599.9,2595.0,2596.5,42585
1771911600,2596.5,2599.7,2595.8,2598.6,41929
1771911900,2597.8,2599.6,2597.1,2598.7,38957
1771912200,2598.3,2601.9,2595.8,2600.4,54684
1771912500,2601.5,2602.7,2598.5,2602.3,41863
1771912800,2602.7,2604.0,2597.5,2600.3,69127
1771913100,2599.7,2602.6,2599.0,2601.5,72311
1771913400,2601.8,2603.0,2596.4,2597.2,49859
1771913700,2597.2,2597.9,2595.0,2595.8,68112
1771914000,2595.8,2597.0,2594.1,2594.1,57172
1771914300,2594.8,2595.9,2587.0,2587.4,175491
1771914600,2587.9,2588.9,2582.0,2584.9,130068
1771914900,2584.9,2585.5,2575.0,2575.9,189551
1771915200,2575.9,2580.0,2573.4,2578.9,106291
1771915500,2578.2,2583.2,2575.9,2581.3,56944
1771915800,2581.3,2581.8,2574.0,2578.2,63511
1771916100,2579.2,2583.7,2578.2,2581.7,61069
1771916400,2582.1,2584.4,2580.3,2582.2,40149
1771916700,2582.5,2583.0,2577.6,2578.0,59625
1771917000,2578.3,2579.8,2575.5,2575.6,50408
1771917300,2575.6,2575.6,2568.0,2569.9,167914
1771917600,2569.9,2573.5,2568.8,2573.4,71424
1771917900,2573.4,2574.7,2571.0,2573.0,71590
1771918200,2573.0,2575.1,2568.5,2574.4,88930
1771918500,2574.2,2576.0,2572.3,2574.1,65893
1771918800,2574.5,2574.8,2571.0,2573.3,56997
1771919100,2572.7,2575.6,2570.3,2573.3,74595
1771919400,2573.3,2573.4,2565.1,2565.5,104491
1771919700,2565.4,2565.9,2561.3,2565.0,113675
1771920000,2565.5,2565.5,2562.2,2564.7,108045
1771920300,2564.5,2574.0,2563.5,2573.3,138241
1771920600,2573.5,2577.1,2573.1,2576.1,113252
1771920900,2576.3,2578.0,2575.0,2577.7,77011
1771921200,2577.7,2580.0,2576.8,2578.7,69300
1771921500,2578.7,2583.5,2578.4,2581.0,90436
1771921800,2581.0,2582.0,2577.3,2579.2,83644
1771922100,2579.8,2585.8,2579.0,2585.6,149558
1771922400,2585.5,2589.8,2584.4,2585.4,130664
1771922700,2585.7,2588.7,2583.1,2585.0,104336
1771923000,2585.3,2585.3,2577.1,2578.8,114884
1771923300,2578.7,2581.7,2578.2,2579.8,56737
1771923600,2580.2,2580.3,2574.5,2575.0,55569
1771923900,2575.0,2578.8,2574.2,2576.8,64079
1771924200,2576.8,2578.9,2574.8,2575.0,83694
1771924500,2575.0,2578.5,2573.2,2578.0,70377
1771924800,2578.0,2579.4,2572.2,2574.1,99216
1771925100,2575.0,2575.3,2569.0,2569.9,121721
1771925400,2569.5,2574.0,2569.5,2570.8,113721
1771925700,2570.8,2571.8,2568.6,2570.1,195717
1771926000,2569.9,2575.1,2569.4,2575.1,184671
1771926300,2575.1,2579.9,2574.6,2577.6,174485
1771926600,2577.1,2577.6,2574.4,2574.5,114734
1771926900,2574.4,2582.0,2573.3,2582.0,150420
1771991100,2596.0,2649.1,2595.0,2644.6,334913
1771991400,2645.0,2652.6,2633.1,2636.0,144590
1771991700,2635.7,2638.3,2626.7,2637.6,96772
1771992000,2637.4,2637.8,2626.3,2632.3,69632
1771992300,2632.2,2632.2,2620.0,2623.0,76787
1771992600,2623.6,2628.2,2622.0,2624.0,46915
1771992900,2625.0,2629.9,2623.0,2628.9,40699
1771993200,2629.9,2633.0,2625.9,2631.6,51635
1771993500,2631.6,2646.4,2628.4,2643.5,91441
1771993800,2643.7,2646.0,2640.1,2645.0,62694
1771994100,2645.8,2647.2,2640.0,2642.8,63567
1771994400,2642.5,2645.0,2640.0,2644.6,34773
1771994700,2644.7,2648.7,2639.1,2640.8,96342
1771995000,2640.9,2642.1,2635.2,2640.0,41225
1771995300,2640.0,2641.5,2635.2,2638.0,27905
1771995600,2638.0,2641.0,2635.1,2638.1,23576
1771995900,2638.1,2640.0,2632.4,2633.6,30164
1771996200,2633.6,2635.4,2631.0,2633.2,21927
1771996500,2633.2,2643.0,2632.5,2641.5,40320
1771996800,2641.5,2652.8,2641.2,2651.9,152468
1771997100,2652.0,2652.9,2647.7,2648.7,104009
1771997400,2648.7,2652.3,2647.4,2651.0,26894
1771997700,2651.3,2651.5,2646.1,2646.5,27770
1771998000,2647.0,2651.0,2645.9,2648.6,23929
1771998300,2648.4,2648.6,2643.7,2644.0,26516
1771998600,2644.4,2644.6,2642.0,2644.1,18348
1771998900,2644.2,2647.9,2642.8,2646.6,29132
1771999200,2646.6,2649.5,2645.1,2648.1,17347
1771999500,2648.2,2649.5,2645.1,2646.0,13170
1771999800,2645.9,2648.0,2642.2,2645.9,32493
1772000100,2645.9,2654.0,2645.9,2653.7,47646
1772000400,2654.0,2654.2,2650.3,2652.0,18507
1772000700,2652.3,2652.3,2648.0,2649.8,19818
1772001000,2650.0,2652.0,2649.0,2650.0,16286
1772001300,2650.9,2651.9,2648.3,2649.1,13375
1772001600,2649.2,2649.5,2645.4,2647.2,20704
1772001900,2647.4,2648.5,2644.3,2645.8,22138
1772002200,2645.4,2646.0,2640.0,2640.2,38397
1772002500,2640.0,2642.2,2639.0,2640.9,29964
1772002800,2640.9,2642.9,2631.0,2631.4,53838
1772003100,2631.5,2632.6,2627.4,2628.2,102098
1772003400,2628.2,2628.4,2615.4,2616.4,67075
1772003700,2617.0,2619.6,2613.0,2613.0,52722
1772004000,2613.0,2617.8,2612.4,2612.5,45072
1772004300,2613.2,2616.2,2611.1,2614.6,26902
1772004600,2614.5,2619.0,2612.5,2618.0,20460
1772004900,2618.2,2618.8,2615.0,2617.4,22021
1772005200,2617.4,2619.7,2617.1,2617.1,23773
1772005500,2617.8,2618.7,2616.0,2616.1,15045
1772005800,2616.1,2616.1,2610.9,2610.9,29784
1772006100,2611.2,2613.3,2608.4,2613.3,45327
1772006400,2613.1,2616.7,2613.1,2614.7,22941
1772006700,2614.6,2617.5,2614.0,2614.7,12847
1772007000,2614.7,2618.0,2614.4,2615.0,15376
1772007300,2615.8,2617.0,2615.0,2616.3,10126
1772007600,2616.0,2617.7,2614.0,2616.0,12435
1772007900,2615.9,2617.1,2613.5,2616.9,18826
1772008200,2616.9,2617.0,2610.8,2612.5,22163
1772008500,2612.4,2614.6,2610.2,2610.7,21096
1772008800,2611.6,2618.8,2610.4,2618.8,22873
1772009100,2618.6,2622.8,2618.0,2621.3,34175
1772009400,2621.3,2622.1,2617.3,2617.7,41073
1772009700,2617.3,2618.5,2614.1,2615.3,48132
1772010000,2615.3,2620.8,2612.6,2619.7,54525
1772010300,2619.7,2622.2,2617.1,2620.8,30104
1772010600,2621.4,2626.4,2620.3,2626.4,56336
1772010900,2625.9,2627.0,2620.1,2624.1,26589
1772011200,2624.5,2624.8,2619.7,2621.2,29071
1772011500,2621.7,2624.0,2620.0,2622.6,25636
1772011800,2622.6,2631.9,2622.2,2630.6,99443
1772012100,2630.1,2631.4,2626.4,2630.0,83878
1772012400,2630.0,2630.0,2624.1,2628.0,89991
1772012700,2628.5,2629.9,2626.7,2629.3,81365
1772013000,2629.0,2634.9,2629.0,2631.9,85938
1772013300,2632.5,2633.0,2629.0,2629.0,52691
1772077500,2650.0,2668.0,2638.2,2664.6,152836
1772077800,2664.7,2668.0,2650.6,2652.7,67668
1772078100,2652.5,2656.3,2647.1,2648.9,55992
1772078400,2648.7,2654.0,2647.1,2653.6,51246
1772078700,2653.8,2660.5,2653.2,2658.4,44944
1772079000,2659.0,2669.6,2658.5,2668.8,67603
1772079300,2669.0,2671.0,2661.8,2663.8,43060
1772079600,2664.2,2666.5,2656.0,2657.0,25482
1772079900,2657.0,2662.0,2655.6,2658.2,18831
1772080200,2658.2,2666.0,2657.5,2665.0,20780
1772080500,2664.4,2665.0,2661.9,2663.0,10997
1772080800,2663.0,2665.0,2661.3,2661.9,18245
1772081100,2661.0,2662.3,2656.0,2658.2,22445
1772081400,2658.2,2658.3,2650.0,2652.4,47123
1772081700,2652.4,2655.7,2650.9,2651.4,26673
1772082000,2650.8,2652.2,2647.3,2650.9,28469
1772082300,2651.2,2652.7,2649.6,2650.7,15589
1772082600,2650.7,2652.2,2648.7,2649.6,12695
1772082900,2649.6,2654.9,2649.5,2653.0,12410
1772083200,2653.6,2654.0,2644.0,2644.0,30647
1772083500,2644.5,2649.1,2642.3,2647.2,104539
1772083800,2647.2,2653.9,2646.2,2653.3,32677
1772084100,2652.5,2653.6,2650.7,2652.9,11524
1772084400,2652.8,2653.5,2649.4,2653.2,10108
1772084700,2653.5,2654.6,2652.0,2652.4,17642
1772085000,2652.2,2654.0,2650.8,2654.0,8748
1772085300,2654.0,2658.7,2652.2,2653.7,25769
1772085600,2653.0,2653.9,2649.2,2652.4,20773
1772085900,2652.4,2653.9,2648.7,2650.0,8975
1772086200,2650.0,2650.3,2641.6,2645.8,243371
1772086500,2645.6,2652.0,2644.7,2648.9,93972
1772086800,2648.9,2652.0,2646.1,2649.0,60365
1772087100,2648.4,2649.8,2647.1,2648.2,8973
1772087400,2648.8,2653.5,2648.1,2653.5,23372
1772087700,2653.5,2655.9,2651.2,2652.9,21680
1772088000,2652.8,2654.2,2650.2,2651.8,20050
1772088300,2651.8,2655.0,2651.1,2653.8,11187
1772088600,2653.3,2653.3,2643.0,2645.2,33806
1772088900,2646.0,2649.3,2642.7,2647.6,119089
1772089200,2647.7,2649.1,2643.0,2645.3,56023
1772089500,2645.3,2648.8,2644.8,2646.8,27859
1772089800,2646.7,2651.7,2645.2,2650.9,81281
1772090100,2650.3,2650.9,2640.5,2645.0,85000
1772090400,2645.0,2649.8,2642.6,2646.8,109166
1772090700,2647.9,2647.9,2641.7,2642.2,68348
1772091000,2643.0,2648.0,2641.5,2648.0,19409
1772091300,2648.0,2648.0,2642.2,2643.7,20381
1772091600,2644.0,2644.0,2641.0,2641.3,17983
1772091900,2641.3,2642.2,2635.0,2640.0,42210
1772092200,2640.0,2644.1,2639.2,2643.8,44365
1772092500,2643.8,2646.2,2643.2,2643.8,52118
1772092800,2643.8,2645.0,2640.8,2640.8,20534
1772093100,2641.0,2643.0,2640.1,2641.0,12900
1772093400,2641.0,2642.9,2640.0,2640.1,12073
1772093700,2640.5,2640.9,2636.9,2637.0,42099
1772094000,2637.2,2644.9,2636.8,2643.3,74874
1772094300,2643.3,2646.4,2642.3,2645.4,65589
1772094600,2645.4,2646.8,2642.2,2642.4,24174
1772094900,2642.4,2645.0,2640.1,2643.6,30937
1772095200,2644.1,2647.0,2643.6,2646.4,11165
1772095500,2646.3,2647.5,2643.8,2643.8,11759
1772095800,2643.8,2645.0,2641.3,2642.0,16554
1772096100,2641.8,2647.8,2641.0,2645.4,40947
1772096400,2645.0,2646.2,2643.3,2646.2,61005
1772096700,2646.3,2649.7,2645.8,2648.8,80530
1772097000,2648.9,2652.0,2648.1,2652.0,24391
1772097300,2652.2,2654.4,2650.1,2653.9,43472
1772097600,2653.9,2654.8,2650.0,2651.7,29296
1772097900,2651.7,2653.1,2650.0,2651.9,22328
1772098200,2652.0,2652.4,2646.5,2647.1,56301
1772098500,2647.3,2648.6,2645.0,2646.4,57120
1772098800,2646.0,2648.7,2644.9,2648.1,129500
1772099100,2648.2,2649.0,2646.2,2647.3,59809
1772099400,2647.4,2648.8,2646.5,2646.9,102005
1772099700,2647.0,2649.4,2645.0,2649.0,145614
1772163900,2681.6,2688.6,2663.1,2666.7,358049
1772164200,2666.8,2669.3,2658.8,2662.0,109164
1772164500,2662.0,2662.0,2655.1,2655.5,92978
1772164800,2655.7,2659.6,2654.4,2655.8,53763
1772165100,2655.8,2660.7,2654.2,2660.0,51139
1772165400,2660.0,2660.3,2653.2,2654.6,45326
1772165700,2654.3,2657.2,2653.6,2656.8,39470
1772166000,2656.5,2658.9,2655.0,2656.8,37549
1772166300,2656.8,2659.8,2656.8,2659.0,18731
1772166600,2658.9,2658.9,2654.0,2654.6,16783
1772166900,2654.4,2654.6,2650.2,2652.6,37361
1772167200,2652.6,2654.8,2652.1,2652.5,15922
1772167500,2652.5,2653.4,2649.2,2651.2,34031
1772167800,2651.2,2654.6,2647.0,2653.2,52537
1772168100,2653.2,2653.9,2650.0,2652.2,29349
1772168400,2652.0,2652.2,2648.4,2650.7,24438
1772168700,2650.9,2654.6,2650.9,2651.9,18317
1772169000,2652.0,2654.0,2650.7,2652.3,18530
1772169300,2652.0,2653.2,2650.3,2651.2,18151
1772169600,2651.0,2651.0,2645.0,2645.2,46141
1772169900,2645.5,2647.4,2642.5,2644.6,28584
1772170200,2645.0,2647.3,2644.3,2647.2,20501
1772170500,2646.8,2650.7,2646.0,2650.7,20951
1772170800,2650.9,2652.0,2644.9,2645.0,24369
1772171100,2645.0,2648.1,2643.0,2645.0,42234
1772171400,2644.9,2648.0,2644.9,2646.3,17192
1772171700,2646.3,2646.6,2643.6,2646.0,13426
1772172000,2646.3,2647.9,2641.0,2641.0,25954
1772172300,2640.8,2644.5,2640.1,2641.8,33843
1772172600,2641.6,2643.9,2641.4,2641.9,14601
1772172900,2642.0,2645.5,2640.8,2645.0,101790
1772173200,2645.1,2645.8,2641.4,2642.6,69878
1772173500,2642.5,2646.2,2640.9,2645.7,92456
1772173800,2645.4,2645.9,2642.0,2643.5,22997
1772174100,2643.2,2643.9,2640.0,2640.5,21895
1772174400,2640.2,2642.1,2640.0,2640.1,17375
1772174700,2640.2,2641.5,2638.5,2641.2,21308
1772175000,2641.1,2642.1,2637.0,2638.0,28810
1772175300,2638.0,2643.9,2637.3,2642.7,45660
1772175600,2642.6,2644.3,2641.4,2642.0,19879
1772175900,2642.0,2643.5,2639.2,2640.0,13939
1772176200,2640.0,2640.0,2638.2,2639.2,14779
1772176500,2639.2,2644.4,2639.2,2640.9,28984
1772176800,2640.9,2642.9,2638.6,2639.4,53946
1772177100,2639.0,2642.5,2639.0,2641.7,29184
1772177400,2641.4,2644.0,2641.4,2643.3,15240
1772177700,2643.1,2646.0,2643.1,2644.6,29728
1772178000,2644.6,2644.7,2641.7,2642.0,14162
1772178300,2642.0,2643.0,2641.8,2642.3,14210
1772178600,2642.2,2643.2,2640.4,2642.9,22134
1772178900,2642.9,2643.5,2641.7,2643.1,11507
1772179200,2643.0,2643.6,2642.6,2643.0,10620
1772179500,2643.0,2646.0,2642.0,2644.3,30548
1772179800,2644.3,2645.3,2642.1,2643.0,19269
1772180100,2643.0,2644.8,2642.0,2644.5,22109
1772180400,2644.5,2644.9,2642.0,2644.5,15979
1772180700,2644.2,2645.9,2644.2,2645.9,12678
1772181000,2645.5,2649.0,2642.0,2643.0,34483
1772181300,2643.0,2643.2,2641.0,2641.9,27274
1772181600,2641.8,2643.7,2640.0,2640.4,25080
1772181900,2640.3,2641.2,2639.0,2639.4,16604
1772182200,2639.7,2640.8,2638.9,2639.1,16086
1772182500,2639.0,2639.3,2632.4,2634.8,34330
1772182800,2634.8,2638.0,2634.8,2637.7,17853
1772183100,2637.8,2641.6,2637.4,2641.2,26973
1772183400,2641.3,2641.5,2639.0,2640.4,18924
1772183700,2640.2,2641.4,2638.7,2639.4,19759
1772184000,2639.6,2641.3,2638.1,2641.0,27574
1772184300,2640.9,2644.7,2639.1,2643.9,79006
1772184600,2643.5,2643.5,2629.4,2635.6,641031
1772184900,2635.4,2640.1,2626.1,2634.0,542752
1772185200,2634.2,2644.9,2633.5,2639.6,379344
1772185500,2640.0,2643.7,2639.4,2640.4,325227
1772185800,2641.1,2642.1,2638.0,2640.0,308409
1772186100,2640.0,2649.2,2632.4,2639.7,308555
1772423100,2592.0,2608.0,2580.3,2596.0,250519
1772423400,2595.9,2609.4,2595.3,2601.1,79995
1772423700,2601.4,2609.4,2598.0,2603.0,104879
1772424000,2602.8,2619.3,2602.1,2618.4,76488
1772424300,2618.8,2621.7,2608.0,2613.5,65324
1772424600,2613.2,2615.3,2607.8,2614.2,45802
1772424900,2614.2,2623.8,2614.0,2618.0,82367
1772425200,2618.0,2620.0,2614.0,2614.0,29876
1772425500,2614.0,2621.5,2614.0,2621.0,21004
1772425800,2621.1,2623.0,2615.5,2616.9,18733
1772426100,2616.5,2619.0,2616.1,2617.8,11962
1772426400,2618.3,2620.0,2615.0,2618.0,23355
1772426700,2618.5,2621.0,2615.6,2619.3,20641
1772427000,2618.9,2621.9,2616.8,2619.6,19634
1772427300,2619.6,2619.8,2613.0,2615.3,26721
1772427600,2615.3,2615.9,2613.3,2615.5,11543
1772427900,2615.6,2615.9,2610.9,2613.8,19786
1772428200,2613.7,2614.4,2610.0,2610.2,27461
1772428500,2610.2,2614.6,2610.1,2611.4,18189
1772428800,2610.8,2618.0,2610.8,2618.0,14030
1772429100,2617.9,2619.1,2614.3,2618.0,19033
1772429400,2619.1,2619.1,2613.4,2614.1,16214
1772429700,2614.2,2616.0,2612.3,2612.6,17091
1772430000,2612.7,2613.9,2609.1,2609.5,28158
1772430300,2609.4,2610.0,2606.3,2608.8,35439
1772430600,2608.6,2609.6,2606.5,2607.1,13710
1772430900,2607.0,2607.1,2602.0,2603.1,59686
1772431200,2602.8,2604.0,2600.0,2602.0,63925
1772431500,2602.0,2608.0,2599.0,2607.4,38823
1772431800,2607.7,2612.0,2605.8,2610.2,25000
1772432100,2610.5,2612.6,2608.6,2609.8,14725
1772432400,2609.9,2610.0,2607.1,2608.9,17600
1772432700,2608.8,2609.0,2605.1,2605.8,13286
1772433000,2605.3,2606.9,2602.5,2603.2,66202
1772433300,2603.2,2606.6,2601.0,2606.4,52092
1772433600,2606.3,2609.3,2605.0,2605.4,25339
1772433900,2605.2,2607.4,2602.0,2602.0,27941
1772434200,2602.0,2602.0,2598.1,2600.9,64630
1772434500,2600.9,2603.6,2600.9,2602.2,13415
1772434800,2602.1,2602.4,2600.1,2601.0,11998
1772435100,2600.9,2602.6,2599.0,2599.5,58541
1772435400,2600.6,2602.5,2598.0,2598.6,28646
1772435700,2598.6,2600.2,2595.0,2595.8,63104
1772436000,2595.7,2601.2,2595.5,2598.8,36208
1772436300,2599.0,2600.4,2596.1,2598.2,41505
1772436600,2597.9,2603.1,2596.6,2601.3,73301
1772436900,2601.0,2603.0,2600.0,2600.9,8923
1772437200,2601.0,2603.0,2600.3,2600.8,18230
1772437500,2600.7,2602.8,2600.0,2601.0,20213
1772437800,2600.5,2602.4,2600.0,2601.5,15211
1772438100,2601.2,2602.0,2598.0,2598.7,19658
1772438400,2598.9,2601.0,2598.0,2599.4,15344
1772438700,2599.3,2601.2,2598.0,2599.4,22742
1772439000,2599.4,2599.8,2597.0,2598.7,25539
1772439300,2598.7,2599.6,2595.0,2595.7,34949
1772439600,2595.7,2597.6,2593.2,2594.3,24447
1772439900,2594.0,2594.3,2590.0,2593.0,153287
1772440200,2592.9,2606.9,2590.9,2600.8,57147
1772440500,2600.9,2610.0,2600.7,2606.8,44901
1772440800,2607.3,2614.0,2606.6,2613.4,19384
1772441100,2613.3,2613.8,2607.2,2610.3,21487
1772441400,2610.4,2611.2,2607.0,2608.7,20271
1772441700,2608.7,2609.7,2601.6,2602.5,36451
1772442000,2602.5,2610.0,2601.2,2610.0,24037
1772442300,2610.7,2615.0,2608.0,2611.2,67727
1772442600,2611.3,2616.2,2611.1,2614.0,38413
1772442900,2614.2,2614.8,2607.0,2610.1,27959
1772443200,2610.1,2610.2,2606.1,2607.1,28821
1772443500,2607.0,2607.9,2603.0,2603.6,21080
1772443800,2603.6,2612.0,2602.7,2610.0,65585
1772444100,2610.0,2615.4,2608.1,2615.4,178136
1772444400,2615.5,2617.0,2613.9,2615.8,96802
1772444700,2615.9,2617.0,2613.7,2615.4,74831
1772445000,2615.5,2616.2,2611.9,2612.5,151136
1772445300,2613.6,2616.0,2611.0,2611.7,101778
1772595900,2625.0,2635.0,2601.1,2615.8,378692
1772596200,2616.9,2627.2,2615.0,2615.6,104037
1772596500,2615.0,2621.0,2611.0,2617.1,67690
1772596800,2617.4,2617.4,2608.2,2609.0,49359
1772597100,2609.4,2618.5,2609.0,2614.0,53102
1772597400,2613.0,2620.0,2610.6,2620.0,58470
1772597700,2620.0,2627.0,2616.4,2616.4,55983
1772598000,2616.4,2616.4,2607.5,2610.5,40196
1772598300,2610.5,2611.1,2602.2,2603.3,49379
1772598600,2603.2,2604.8,2597.3,2600.4,52782
1772598900,2601.0,2604.0,2595.2,2599.6,44636
1772599200,2599.6,2601.4,2595.4,2601.4,26536
1772599500,2602.0,2602.1,2597.8,2598.5,24547
1772599800,2598.5,2603.0,2593.1,2599.4,33597
1772600100,2599.4,2600.2,2596.1,2599.3,23817
1772600400,2599.3,2599.3,2592.1,2593.3,40774
1772600700,2593.4,2596.2,2591.1,2595.1,24222
1772601000,2595.5,2595.5,2592.2,2592.2,14927
1772601300,2592.6,2596.8,2592.2,2595.0,17002
1772601600,2594.9,2598.2,2593.1,2595.5,15817
1772601900,2595.5,2596.0,2592.4,2595.9,19822
1772602200,2597.5,2599.0,2595.6,2597.2,20522
1772602500,2597.1,2601.6,2597.0,2599.6,32270
1772602800,2599.6,2602.3,2598.0,2598.0,15963
1772603100,2598.7,2600.2,2595.4,2595.4,23817
1772603400,2595.7,2598.6,2593.8,2595.1,32182
1772603700,2595.1,2595.1,2586.5,2590.8,78295
1772604000,2590.0,2592.9,2590.0,2591.9,27508
1772604300,2591.9,2594.9,2591.5,2592.2,15134
1772604600,2592.1,2594.3,2591.0,2592.0,11551
1772604900,2592.0,2594.5,2591.4,2592.5,11855
1772605200,2592.0,2597.9,2592.0,2594.0,14436
1772605500,2593.5,2595.0,2592.5,2593.1,13080
1772605800,2593.7,2599.0,2593.2,2598.4,17976
1772606100,2597.4,2598.5,2595.3,2597.4,9740
1772606400,2597.2,2598.5,2595.1,2595.3,9967
1772606700,2595.2,2596.0,2593.3,2594.1,10000
1772607000,2593.9,2596.0,2592.0,2592.6,10395
1772607300,2592.0,2593.1,2591.0,2592.5,17353
1772607600,2592.5,2592.8,2591.1,2591.5,6565
1772607900,2591.5,2592.3,2590.5,2590.8,12261
1772608200,2590.8,2590.8,2586.0,2588.0,28561
1772608500,2587.8,2590.8,2587.8,2590.0,17091
1772608800,2589.9,2591.8,2589.3,2590.8,11209
1772609100,2590.3,2593.8,2590.2,2591.7,8352
1772609400,2591.5,2592.6,2590.1,2590.6,12905
1772609700,2590.5,2591.5,2589.5,2591.1,20088
1772610000,2591.1,2594.0,2591.1,2594.0,13327
1772610300,2594.0,2594.7,2591.8,2591.9,14402
1772610600,2591.9,2593.0,2590.5,2591.8,13015
1772610900,2591.8,2594.7,2589.5,2589.6,25131
1772611200,2589.8,2592.6,2587.8,2587.8,18867
1772611500,2588.1,2588.1,2581.0,2585.2,69114
1772611800,2585.3,2586.9,2583.4,2586.7,24168
1772612100,2586.1,2587.9,2582.2,2583.1,20772
1772612400,2583.0,2583.9,2580.7,2583.5,75985
1772612700,2583.4,2584.9,2582.3,2584.6,114604
1772613000,2584.6,2586.0,2583.5,2585.2,16039
1772613300,2585.2,2587.2,2584.0,2584.8,258652
1772613600,2584.9,2594.0,2584.0,2593.5,34322
1772613900,2593.5,2596.8,2590.5,2594.9,27511
1772614200,2595.0,2595.0,2590.3,2590.6,50285
1772614500,2590.6,2592.0,2587.0,2587.0,29299
1772614800,2586.5,2591.9,2586.0,2588.0,34711
1772615100,2587.9,2591.5,2585.8,2588.0,42171
1772615400,2588.0,2590.4,2587.1,2589.2,19473
1772615700,2589.1,2591.0,2585.0,2589.0,32167
1772616000,2588.9,2596.2,2587.7,2595.1,71996
1772616300,2595.0,2595.1,2590.0,2592.2,81763
1772616600,2592.7,2595.1,2589.4,2592.3,157302
1772616900,2592.1,2593.5,2587.8,2588.2,68533
1772617200,2588.0,2588.0,2585.1,2586.3,74083
1772617500,2586.3,2588.7,2585.1,2586.2,65761
1772617800,2586.2,2586.3,2580.4,2584.7,125854
1772618100,2584.7,2587.0,2582.2,2583.0,73856
1772682300,2600.0,2609.5,2585.1,2586.0,121183
1772682600,2585.7,2587.1,2574.0,2576.1,75525
1772682900,2575.5,2578.5,2571.0,2572.6,44179
1772683200,2572.0,2574.5,2568.0,2568.6,81152
1772683500,2568.5,2572.9,2560.6,2561.8,75967
1772683800,2561.4,2568.0,2560.6,2568.0,45942
1772684100,2567.9,2571.0,2565.1,2566.8,38414
1772684400,2566.7,2570.0,2565.7,2569.7,26491
1772684700,2569.7,2571.7,2567.3,2567.3,44060
1772685000,2567.3,2569.0,2564.2,2564.4,23433
1772685300,2564.2,2564.4,2561.0,2562.5,23583
1772685600,2562.5,2562.5,2558.1,2559.2,56479
1772685900,2559.4,2560.0,2557.5,2559.0,19439
1772686200,2559.0,2559.8,2556.6,2557.9,32492
1772686500,2557.9,2558.3,2553.1,2556.1,41391
1772686800,2556.1,2556.1,2553.0,2553.6,21155
1772687100,2554.5,2559.1,2554.4,2556.0,22451
1772687400,2556.0,2558.0,2555.4,2556.5,13508
1772687700,2556.5,2558.6,2554.4,2554.7,23049
1772688000,2554.6,2555.0,2552.0,2554.4,22907
1772688300,2554.3,2555.1,2551.2,2551.8,23254
1772688600,2551.8,2552.2,2550.2,2550.8,22445
1772688900,2550.8,2555.0,2550.3,2554.3,17749
1772689200,2554.5,2555.0,2552.6,2553.4,16990
1772689500,2553.4,2555.0,2552.0,2552.5,13417
1772689800,2552.8,2552.8,2550.2,2550.6,23623
1772690100,2550.6,2551.0,2547.3,2548.1,51697
1772690400,2548.0,2551.0,2547.4,2550.3,14314
1772690700,2550.3,2550.3,2546.4,2547.8,23109
1772691000,2547.8,2550.0,2547.4,2548.8,12499
1772691300,2548.8,2551.0,2547.7,2549.8,14529
1772691600,2550.9,2556.9,2547.4,2555.7,54381
1772691900,2556.5,2556.5,2552.5,2554.2,16249
1772692200,2554.6,2555.9,2552.8,2553.5,29848
1772692500,2553.6,2555.2,2552.0,2554.0,45729
1772692800,2554.0,2561.6,2554.0,2561.6,47204
1772693100,2561.3,2561.3,2557.0,2557.5,22470
1772693400,2558.0,2564.5,2557.5,2562.9,38020
1772693700,2562.9,2567.0,2562.9,2566.2,46470
1772694000,2566.2,2568.0,2564.0,2564.6,21945
1772694300,2564.6,2567.9,2563.4,2566.3,25584
1772694600,2566.4,2569.8,2564.1,2565.3,24766
1772694900,2565.3,2565.3,2559.2,2560.9,35312
1772695200,2560.9,2565.0,2559.7,2563.7,30254
1772695500,2563.7,2566.2,2563.0,2565.3,27490
1772695800,2565.0,2566.9,2561.7,2561.7,19624
1772696100,2561.9,2564.0,2561.2,2563.3,12265
1772696400,2562.7,2565.0,2561.3,2563.5,11233
1772696700,2563.2,2564.0,2561.2,2562.6,8643
1772697000,2562.6,2565.0,2560.4,2562.2,18045
1772697300,2562.8,2565.0,2560.6,2564.9,12177
1772697600,2564.6,2569.7,2562.0,2563.7,57834
1772697900,2563.0,2563.7,2559.0,2562.8,24245
1772698200,2562.8,2564.3,2561.1,2563.2,21787
1772698500,2563.2,2564.0,2561.0,2561.0,11938
1772698800,2561.0,2561.8,2557.3,2558.1,22749
1772699100,2558.6,2558.8,2555.1,2555.1,20468
1772699400,2555.7,2557.4,2553.3,2557.2,21682
1772699700,2556.9,2558.5,2555.2,2555.5,19619
1772700000,2555.7,2556.9,2553.8,2554.3,17889
1772700300,2555.0,2557.3,2552.6,2553.2,26018
1772700600,2553.3,2557.6,2553.0,2556.3,40733
1772700900,2556.3,2560.7,2555.7,2558.7,32340
1772701200,2559.0,2559.5,2556.1,2557.3,56769
1772701500,2558.6,2567.9,2556.9,2566.5,62042
1772701800,2566.3,2577.8,2566.1,2574.7,103086
1772702100,2575.3,2581.0,2572.9,2580.6,59495
1772702400,2580.7,2590.0,2580.7,2587.8,75073
1772702700,2587.8,2589.1,2582.9,2587.3,34148
1772703000,2587.8,2591.8,2580.5,2583.1,171326
1772703300,2583.2,2583.5,2576.7,2577.1,106724
1772703600,2577.5,2579.7,2571.3,2571.6,103180
1772703900,2573.0,2577.0,2571.0,2574.8,77004
1772704200,2574.8,2577.0,2572.0,2575.5,75832
1772704500,2575.5,2577.9,2570.0,2575.0,70441
1772768700,2572.0,2617.2,2567.1,2606.5,403936
1772769000,2605.3,2619.2,2603.8,2613.2,180358
1772769300,2614.0,2619.0,2612.4,2617.1,99528
1772769600,2618.3,2618.6,2607.0,2609.0,89476
1772769900,2608.8,2612.6,2607.0,2609.0,63214
1772770200,2609.1,2611.7,2605.6,2607.1,55239
1772770500,2607.7,2611.0,2606.8,2608.1,55257
1772770800,2609.1,2613.0,2606.9,2608.7,45746
1772771100,2608.6,2608.6,2606.5,2606.8,23861
1772771400,2607.1,2607.6,2601.7,2607.2,54466
1772771700,2607.2,2609.9,2604.6,2604.7,47255
1772772000,2604.5,2607.4,2604.1,2604.2,29427
1772772300,2604.5,2607.7,2604.1,2605.8,34272
1772772600,2606.0,2606.0,2602.7,2603.8,29895
1772772900,2603.6,2605.0,2601.7,2602.7,38349
1772773200,2602.5,2602.9,2601.0,2601.4,15666
1772773500,2601.4,2603.0,2597.8,2601.5,42926
1772773800,2601.5,2602.5,2600.0,2600.9,9088
1772774100,2600.7,2600.9,2595.2,2595.9,14695
1772774400,2595.6,2598.7,2590.9,2591.0,74047
1772774700,2590.9,2594.3,2590.5,2591.5,28299
1772775000,2591.5,2596.2,2591.1,2592.6,49897
1772775300,2592.6,2595.0,2592.6,2595.0,19656
1772775600,2594.9,2595.9,2592.2,2592.7,21562
1772775900,2592.7,2593.4,2589.4,2590.0,28801
1772776200,2590.0,2592.4,2589.1,2589.5,11425
1772776500,2589.5,2591.2,2588.1,2590.7,22309
1772776800,2590.7,2591.9,2588.0,2591.1,11732
1772777100,2591.1,2592.0,2589.1,2589.4,9750
1772777400,2589.1,2594.0,2586.1,2587.0,23604
1772777700,2586.5,2588.0,2582.5,2582.5,19134
1772778000,2582.7,2582.8,2578.6,2579.3,33725
1772778300,2579.3,2583.4,2578.1,2581.6,37336
1772778600,2581.5,2583.7,2580.4,2580.5,19597
1772778900,2580.9,2583.3,2578.0,2581.3,54187
1772779200,2581.7,2585.4,2578.9,2580.9,25293
1772779500,2581.0,2582.4,2579.9,2580.7,28161
1772779800,2580.7,2580.7,2577.0,2578.7,18935
1772780100,2578.6,2578.6,2573.8,2574.7,26416
1772780400,2574.7,2579.6,2574.6,2579.6,31981
1772780700,2579.1,2579.2,2576.5,2576.6,20699
1772781000,2576.6,2579.2,2575.8,2578.0,29976
1772781300,2578.0,2578.5,2575.1,2578.0,34513
1772781600,2578.0,2578.0,2574.4,2575.0,58568
1772781900,2574.9,2576.0,2573.3,2573.5,16477
1772782200,2573.5,2575.0,2570.0,2571.7,61356
1772782500,2571.9,2573.9,2569.9,2569.9,50436
1772782800,2569.7,2571.3,2568.1,2569.6,30238
1772783100,2569.7,2570.0,2568.0,2568.9,18608
1772783400,2568.9,2570.0,2567.9,2568.5,20880
1772783700,2568.2,2569.1,2564.8,2566.0,66669
1772784000,2565.5,2567.3,2563.6,2565.0,30792
1772784300,2565.0,2570.0,2562.0,2567.9,113634
1772784600,2567.9,2569.4,2566.4,2568.3,19948
1772784900,2568.4,2569.0,2566.0,2567.9,18171
1772785200,2568.2,2568.8,2564.7,2566.4,34976
1772785500,2566.5,2566.9,2563.6,2564.7,87068
1772785800,2564.7,2568.0,2563.5,2564.0,39894
1772786100,2564.0,2565.4,2562.8,2563.0,42759
1772786400,2562.9,2566.7,2562.8,2564.0,67817
1772786700,2563.9,2568.9,2563.9,2566.6,60157
1772787000,2566.6,2571.4,2566.2,2568.2,73145
1772787300,2568.1,2569.7,2564.0,2564.8,53462
1772787600,2564.8,2568.0,2564.7,2565.6,50515
1772787900,2565.0,2568.7,2564.3,2568.7,73181
1772788200,2568.7,2568.7,2562.1,2564.1,39740
1772788500,2563.9,2566.8,2553.6,2558.3,110186
1772788800,2558.3,2561.8,2558.1,2558.9,65208
1772789100,2559.5,2560.0,2557.1,2558.7,64527
1772789400,2558.6,2559.3,2555.0,2555.5,92953
1772789700,2555.4,2558.8,2555.0,2557.7,97287
1772790000,2556.9,2560.0,2556.0,2559.5,98514
1772790300,2559.3,2560.0,2555.5,2557.7,99231
1772790600,2557.9,2560.0,2557.2,2560.0,119762
1772790900,2560.0,2560.2,2557.5,2560.0,96348
1773027900,2530.0,2536.8,2505.0,2514.0,207485
1773028200,2515.8,2523.5,2511.2,2523.5,52185
1773028500,2523.4,2524.8,2514.1,2516.9,47358
1773028800,2516.9,2523.1,2516.8,2522.8,77862
1773029100,2524.0,2526.7,2516.7,2518.0,48854
1773029400,2518.0,2519.8,2508.2,2511.5,39374
1773029700,2511.6,2519.7,2510.7,2519.0,23225
1773030000,2519.7,2520.2,2515.6,2520.0,24757
1773030300,2519.8,2519.9,2515.0,2516.2,41982
1773030600,2516.2,2518.0,2509.4,2512.5,46627
1773030900,2512.4,2518.0,2509.3,2515.2,51235
1773031200,2515.2,2517.8,2511.0,2512.4,33611
1773031500,2512.3,2513.2,2505.6,2508.3,30458
1773031800,2508.6,2516.2,2507.9,2514.8,31896
1773032100,2515.4,2516.4,2510.9,2513.0,31089
1773032400,2513.0,2513.8,2510.7,2512.3,29611
1773032700,2512.3,2518.0,2512.2,2516.8,45800
1773033000,2516.9,2526.8,2516.8,2525.9,60577
1773033300,2525.9,2532.0,2525.7,2528.0,44138
1773033600,2528.0,2537.0,2526.2,2535.2,130704
1773033900,2534.7,2547.0,2534.7,2540.0,70936
1773034200,2539.4,2540.2,2534.4,2537.4,25692
1773034500,2537.4,2543.3,2537.4,2541.5,36756
1773034800,2541.4,2547.0,2537.0,2546.1,47168
1773035100,2546.0,2546.9,2539.9,2545.0,32217
1773035400,2545.0,2551.0,2544.0,2548.0,37774
1773035700,2547.8,2556.0,2545.2,2551.7,44403
1773036000,2551.7,2551.7,2546.2,2547.0,35514
1773036300,2547.0,2557.0,2546.1,2554.8,45969
1773036600,2555.8,2560.0,2550.1,2550.8,48766
1773036900,2550.8,2555.0,2548.3,2548.8,23327
1773037200,2548.8,2548.8,2542.0,2542.7,28767
1773037500,2542.7,2545.6,2540.4,2543.8,27248
1773037800,2543.8,2543.8,2538.7,2542.6,29644
1773038100,2542.2,2544.3,2536.6,2536.6,23563
1773038400,2537.0,2538.5,2533.0,2538.5,33810
1773038700,2538.5,2539.7,2536.0,2537.0,11462
1773039000,2537.9,2537.9,2528.3,2531.9,36412
1773039300,2531.6,2534.0,2530.3,2532.8,16239
1773039600,2533.0,2533.2,2526.4,2526.4,29788
1773039900,2526.0,2528.8,2525.4,2527.4,39006
1773040200,2526.8,2530.9,2525.1,2526.0,43744
1773040500,2525.4,2526.0,2517.3,2518.0,49749
1773040800,2518.0,2522.0,2517.8,2521.8,26321
1773041100,2521.2,2525.8,2519.8,2524.2,47723
1773041400,2524.4,2525.9,2521.6,2525.4,105288
1773041700,2524.4,2527.0,2522.6,2524.8,35787
1773042000,2524.8,2525.1,2518.4,2519.4,21991
1773042300,2519.4,2520.7,2516.0,2516.6,54118
1773042600,2516.9,2521.4,2516.8,2517.6,56951
1773042900,2517.4,2523.2,2516.9,2517.5,84942
1773043200,2518.5,2523.8,2518.5,2520.3,76366
1773043500,2520.0,2521.1,2517.0,2519.4,16610
1773043800,2519.6,2521.5,2519.0,2519.8,26768
1773044100,2519.6,2520.3,2515.5,2515.7,35802
1773044400,2515.5,2518.5,2515.2,2517.3,15606
1773044700,2517.0,2518.6,2515.0,2515.2,8787
1773045000,2515.1,2516.4,2513.1,2515.5,20723
1773045300,2515.3,2516.4,2514.0,2514.9,16068
1773045600,2514.9,2518.0,2512.0,2513.0,49030
1773045900,2512.3,2514.7,2511.4,2513.6,21571
1773046200,2513.6,2515.8,2511.7,2514.9,41516
1773046500,2514.6,2515.9,2513.0,2515.7,28722
1773046800,2515.7,2518.1,2514.9,2515.0,58187
1773047100,2515.4,2517.9,2513.8,2516.3,53757
1773047400,2516.4,2517.5,2514.3,2516.0,34022
1773047700,2516.1,2523.0,2514.0,2521.9,124342
1773048000,2521.8,2526.1,2520.0,2524.7,82293
1773048300,2523.7,2525.3,2521.2,2524.5,43952
1773048600,2524.5,2531.1,2519.5,2528.5,109176
1773048900,2528.7,2529.2,2523.9,2525.7,78827
1773049200,2525.3,2529.5,2524.7,2528.5,103881
1773049500,2528.4,2534.7,2528.4,2529.8,101830
1773049800,2529.8,2529.8,2525.3,2528.8,73075
1773050100,2527.9,2529.4,2525.0,2527.8,57716
1773114300,2541.0,2545.2,2532.5,2541.7,200107
1773114600,2541.5,2544.4,2530.0,2530.2,85902
1773114900,2529.9,2532.5,2523.0,2525.4,54498
1773115200,2525.8,2525.8,2518.0,2521.2,51169
1773115500,2521.2,2521.2,2512.0,2512.0,52263
1773115800,2512.0,2515.0,2512.0,2515.0,65721
1773116100,2515.5,2516.4,2510.5,2514.4,37654
1773116400,2514.5,2515.7,2509.1,2511.0,48399
1773116700,2511.1,2512.8,2507.3,2510.7,32097
1773117000,2510.7,2511.9,2509.0,2509.9,23937
1773117300,2509.5,2511.4,2509.0,2511.4,23446
1773117600,2511.0,2515.4,2510.1,2515.1,33080
1773117900,2515.1,2520.0,2514.4,2518.0,56751
1773118200,2518.2,2518.2,2514.7,2515.2,19976
1773118500,2515.8,2516.3,2514.1,2514.2,25820
1773118800,2514.0,2518.2,2514.0,2518.1,32645
1773119100,2517.2,2519.9,2516.0,2519.0,23584
1773119400,2519.0,2521.3,2517.7,2517.9,14789
1773119700,2518.1,2519.0,2516.3,2517.0,12194
1773120000,2517.3,2519.5,2515.2,2516.5,16503
1773120300,2516.2,2516.6,2514.5,2515.9,13024
1773120600,2515.9,2517.1,2515.5,2516.0,16738
1773120900,2516.0,2519.0,2515.9,2518.0,31497
1773121200,2518.0,2518.0,2514.5,2515.1,15082
1773121500,2515.1,2517.0,2511.3,2511.7,19488
1773121800,2511.6,2512.6,2508.5,2511.1,52964
1773122100,2511.1,2512.0,2508.7,2509.8,22837
1773122400,2509.8,2510.4,2508.1,2509.9,17480
1773122700,2510.0,2511.8,2508.7,2510.0,35229
1773123000,2510.0,2510.2,2507.0,2507.1,34025
1773123300,2507.1,2508.6,2505.0,2506.2,38621
1773123600,2506.0,2507.3,2505.3,2506.0,20717
1773123900,2505.9,2508.4,2503.0,2504.3,45431
1773124200,2503.6,2505.0,2502.5,2503.2,22098
1773124500,2503.2,2506.9,2501.5,2502.2,58128
1773124800,2502.4,2504.5,2499.0,2499.6,74471
1773125100,2499.6,2500.8,2497.1,2500.5,22830
1773125400,2500.5,2501.0,2496.0,2498.0,24227
1773125700,2498.2,2500.0,2497.1,2500.0,11426
1773126000,2500.0,2500.0,2498.4,2500.0,35280
1773126300,2500.0,2501.9,2495.5,2496.5,74240
1773126600,2495.6,2496.4,2490.5,2491.9,83138
1773126900,2491.9,2493.0,2490.1,2492.3,75949
1773127200,2492.9,2495.0,2491.2,2494.6,96109
1773127500,2494.6,2495.0,2493.2,2495.0,45929
1773127800,2495.0,2496.0,2492.0,2493.0,156134
1773128100,2493.0,2495.0,2490.3,2491.3,49117
1773128400,2491.2,2495.9,2491.0,2494.9,82264
1773128700,2495.8,2496.0,2490.5,2490.9,69136
1773129000,2490.5,2496.0,2490.3,2494.8,72463
1773129300,2494.8,2498.2,2494.2,2496.9,35784
1773129600,2496.9,2498.8,2496.0,2497.3,88556
1773129900,2497.7,2501.0,2496.7,2500.4,113147
1773130200,2500.3,2501.0,2496.7,2497.7,26586
1773130500,2497.4,2497.9,2494.6,2495.8,46408
1773130800,2495.0,2499.9,2495.0,2498.5,38855
1773131100,2498.5,2499.7,2497.0,2498.4,15798
1773131400,2498.4,2499.2,2496.0,2498.1,59676
1773131700,2498.1,2503.0,2498.1,2501.9,101195
1773132000,2502.0,2504.0,2498.7,2500.1,116032
1773132300,2500.1,2502.0,2496.5,2497.5,65445
1773132600,2497.5,2500.6,2495.4,2498.6,34508
1773132900,2499.3,2500.0,2497.0,2499.5,21591
1773133200,2499.6,2502.0,2498.9,2501.0,42179
1773133500,2501.0,2503.0,2500.0,2500.7,43349
1773133800,2500.7,2503.0,2499.0,2500.5,96503
1773134100,2500.5,2507.0,2499.8,2506.4,124611
1773134400,2506.0,2506.9,2503.7,2505.9,57912
1773134700,2505.7,2512.6,2505.1,2511.2,108154
1773135000,2510.9,2514.5,2508.0,2511.3,175874
1773135300,2511.3,2511.7,2509.0,2511.0,146567
1773135600,2511.0,2513.4,2509.4,2511.0,122412
1773135900,2511.1,2519.5,2510.8,2518.2,108973
1773136200,2518.2,2519.9,2516.5,2519.9,93246
1773136500,2519.9,2520.0,2515.7,2517.4,83166
1773200700,2508.1,2521.0,2495.1,2513.1,145326
1773201000,2513.1,2518.0,2506.1,2507.2,76299
1773201300,2507.2,2509.0,2504.6,2505.8,46750
1773201600,2505.0,2507.0,2501.0,2502.2,56449
1773201900,2501.9,2501.9,2493.3,2494.9,80533
1773202200,2495.5,2495.6,2487.0,2490.7,82206
1773202500,2490.6,2496.0,2489.1,2494.0,36884
1773202800,2494.2,2496.0,2491.4,2492.6,35906
1773203100,2492.8,2493.8,2490.0,2490.2,24786
1773203400,2490.6,2491.4,2487.2,2490.1,43853
1773203700,2490.1,2490.1,2487.2,2487.2,33758
1773204000,2487.2,2487.6,2483.4,2484.4,60743
1773204300,2484.6,2488.3,2484.1,2487.7,25972
1773204600,2487.5,2487.9,2485.0,2487.7,24821
1773204900,2487.7,2488.0,2483.2,2486.5,29730
1773205200,2486.5,2490.1,2485.8,2487.1,28859
1773205500,2487.0,2487.1,2479.1,2480.9,91538
1773205800,2480.7,2482.2,2480.0,2481.5,33322
1773206100,2481.5,2481.6,2478.5,2480.5,42544
1773206400,2480.8,2482.6,2478.2,2481.5,32327
1773206700,2481.5,2484.7,2480.8,2484.3,19797
1773207000,2484.2,2487.7,2484.1,2486.7,22546
1773207300,2486.8,2486.8,2484.5,2485.2,14634
1773207600,2484.8,2488.6,2484.8,2487.0,34193
1773207900,2486.9,2487.0,2484.5,2485.8,19598
1773208200,2485.9,2486.8,2484.4,2484.8,18669
1773208500,2484.8,2488.4,2484.8,2487.7,17802
1773208800,2487.6,2487.7,2485.7,2485.9,13937
1773209100,2485.8,2488.0,2485.2,2487.4,26656
1773209400,2487.5,2487.5,2483.8,2484.5,20399
1773209700,2484.3,2484.5,2482.2,2482.8,13085
1773210000,2482.8,2484.1,2481.8,2483.6,13339
1773210300,2483.6,2483.6,2481.0,2481.8,15837
1773210600,2481.7,2486.0,2481.3,2485.5,14360
1773210900,2485.5,2485.5,2482.5,2483.9,15486
1773211200,2483.9,2488.0,2483.6,2486.4,16282
1773211500,2486.5,2486.8,2484.9,2485.2,11154
1773211800,2485.2,2487.0,2484.9,2486.1,15197
1773212100,2486.2,2486.7,2483.8,2486.4,15825
1773212400,2486.7,2488.0,2483.8,2485.7,35653
1773212700,2485.7,2486.1,2483.5,2484.0,19579
1773213000,2484.0,2489.6,2483.9,2489.6,30979
1773213300,2489.6,2489.6,2486.9,2488.0,18521
1773213600,2488.0,2488.9,2486.3,2487.0,13912
1773213900,2487.0,2488.2,2485.9,2485.9,19653
1773214200,2485.8,2488.7,2481.6,2483.7,26789
1773214500,2483.7,2483.7,2482.0,2482.1,20582
1773214800,2482.0,2482.1,2475.7,2477.6,82344
1773215100,2478.0,2478.5,2475.0,2477.7,25587
1773215400,2477.7,2479.4,2477.2,2478.5,18673
1773215700,2478.3,2479.3,2477.4,2479.3,21314
1773216000,2479.3,2481.0,2477.6,2478.5,21759
1773216300,2478.5,2479.1,2477.8,2477.9,14533
1773216600,2477.9,2480.5,2477.6,2479.1,27830
1773216900,2479.1,2480.8,2479.0,2479.9,14725
1773217200,2479.9,2480.9,2479.3,2480.9,16200
1773217500,2480.9,2482.0,2479.2,2480.0,16904
1773217800,2479.9,2479.9,2477.0,2477.9,22984
1773218100,2477.9,2477.9,2475.0,2475.1,24169
1773218400,2475.0,2476.3,2474.1,2474.8,41025
1773218700,2474.8,2474.8,2471.7,2471.9,27813
1773219000,2471.9,2473.2,2471.0,2471.7,24963
1773219300,2471.7,2479.0,2470.1,2478.2,43531
1773219600,2478.6,2478.6,2474.0,2474.1,16951
1773219900,2474.4,2476.5,2474.0,2475.5,20099
1773220200,2475.2,2475.5,2473.1,2473.9,23348
1773220500,2473.9,2475.0,2473.0,2473.3,17872
1773220800,2473.5,2474.0,2470.8,2472.2,36486
1773221100,2472.0,2472.0,2468.0,2468.8,49532
1773221400,2468.4,2471.9,2468.0,2468.1,61133
1773221700,2468.1,2468.9,2462.1,2465.0,92738
1773222000,2465.1,2466.2,2462.7,2463.0,71812
1773222300,2463.0,2466.0,2462.5,2465.8,102179
1773222600,2465.5,2466.1,2461.1,2464.0,97616
1773222900,2464.0,2464.0,2460.1,2463.0,103388
1773287100,2459.8,2459.8,2442.4,2451.3,141866
1773287400,2451.3,2455.0,2445.4,2454.9,60608
1773287700,2454.8,2456.2,2448.4,2454.5,41150
1773288000,2454.5,2458.0,2452.9,2454.8,47564
1773288300,2454.8,2456.3,2451.0,2451.7,46429
1773288600,2451.6,2454.2,2451.0,2453.8,20162
1773288900,2454.1,2455.1,2448.2,2452.7,46174
1773289200,2452.7,2457.6,2452.7,2457.6,24600
1773289500,2458.0,2459.6,2454.0,2457.6,28758
1773289800,2457.7,2458.0,2453.1,2454.1,23018
1773290100,2454.1,2454.1,2450.0,2450.0,31082
1773290400,2450.6,2450.8,2440.2,2442.8,57517
1773290700,2442.8,2444.8,2438.6,2442.4,41558
1773291000,2442.8,2448.3,2441.5,2447.9,35807
1773291300,2447.9,2456.1,2447.9,2454.0,28398
1773291600,2454.0,2454.3,2450.0,2453.4,13552
1773291900,2453.4,2456.7,2451.1,2455.3,21041
1773292200,2455.7,2457.3,2452.6,2452.6,20528
1773292500,2452.6,2454.9,2451.0,2451.0,9299
1773292800,2451.6,2455.0,2450.0,2452.9,15505
1773293100,2452.9,2459.8,2451.2,2459.8,23041
1773293400,2459.5,2463.0,2457.2,2460.0,30528
1773293700,2460.0,2460.2,2455.0,2457.0,14345
1773294000,2457.0,2461.0,2456.7,2459.8,12858
1773294300,2459.8,2462.0,2456.5,2459.2,17074
1773294600,2459.2,2461.4,2456.9,2461.4,17440
1773294900,2461.3,2465.8,2459.8,2464.7,27816
1773295200,2464.7,2465.2,2460.1,2463.0,31526
1773295500,2463.0,2463.6,2460.2,2463.1,8906
1773295800,2463.1,2471.0,2461.0,2471.0,69107
1773296100,2471.0,2471.4,2467.0,2467.9,19997
1773296400,2467.9,2470.8,2467.1,2467.1,12236
1773296700,2467.2,2472.0,2465.8,2472.0,19338
1773297000,2472.0,2472.9,2469.5,2470.3,22180
1773297300,2470.3,2470.5,2466.6,2466.6,13722
1773297600,2467.3,2468.9,2464.0,2466.4,12225
1773297900,2466.5,2466.5,2459.0,2459.0,22558
1773298200,2459.0,2460.0,2455.6,2458.6,53408
1773298500,2459.1,2459.8,2455.0,2456.0,13776
1773298800,2456.2,2457.0,2451.4,2452.7,24311
1773299100,2452.9,2454.5,2450.6,2453.8,18119
1773299400,2453.0,2453.9,2451.0,2452.6,12352
1773299700,2452.7,2453.2,2449.1,2450.4,56957
1773300000,2450.4,2451.4,2449.9,2451.1,13467
1773300300,2451.2,2451.3,2449.2,2450.3,19149
1773300600,2450.4,2450.6,2448.0,2449.0,10764
1773300900,2448.4,2449.0,2444.8,2447.1,31822
1773301200,2447.1,2450.7,2447.1,2449.4,24109
1773301500,2450.0,2450.1,2447.1,2447.7,11906
1773301800,2447.7,2453.0,2446.8,2449.9,64481
1773302100,2450.8,2452.3,2449.5,2451.1,86384
1773302400,2451.3,2456.8,2450.6,2455.3,74741
1773302700,2455.4,2461.0,2455.2,2457.0,33156
1773303000,2457.6,2458.0,2453.0,2454.8,18930
1773303300,2454.6,2455.1,2451.8,2453.2,15638
1773303600,2453.7,2455.0,2451.5,2452.0,11441
1773303900,2452.5,2452.5,2450.0,2450.4,20355
1773304200,2450.5,2454.0,2450.0,2452.3,10342
1773304500,2452.4,2456.2,2451.2,2451.6,19710
1773304800,2452.0,2455.9,2450.4,2455.7,46254
1773305100,2455.7,2459.9,2454.7,2455.0,26071
1773305400,2455.0,2457.2,2451.4,2452.3,44739
1773305700,2452.3,2454.9,2450.0,2450.5,18155
1773306000,2450.4,2453.9,2450.0,2453.6,26558
1773306300,2453.8,2456.2,2452.4,2453.2,45143
1773306600,2453.3,2453.3,2445.9,2447.4,44327
1773306900,2446.6,2447.6,2444.1,2446.0,26879
1773307200,2446.3,2446.8,2440.0,2442.5,45640
1773307500,2442.7,2444.9,2441.0,2442.3,18045
1773307800,2442.7,2443.0,2436.0,2440.0,136147
1773308100,2440.0,2442.2,2439.1,2441.5,82358
1773308400,2441.6,2444.7,2438.5,2443.4,139748
1773308700,2443.3,2447.0,2442.7,2446.7,87522
1773309000,2446.9,2447.8,2444.8,2445.5,89635
1773309300,2445.9,2448.0,2442.5,2446.1,80467
1773373500,2437.0,2438.0,2419.0,2422.8,150496
1773373800,2422.8,2429.9,2420.6,2425.0,43664
1773374100,2425.5,2432.6,2424.6,2428.5,31767
1773374400,2428.5,2431.0,2424.0,2424.7,27163
1773374700,2424.2,2429.9,2419.2,2426.5,35979
1773375000,2426.5,2429.7,2425.0,2428.8,27192
1773375300,2428.8,2429.0,2421.7,2423.8,28482
1773375600,2423.9,2424.8,2417.5,2418.0,52017
1773375900,2418.1,2418.3,2414.1,2417.3,43747
1773376200,2418.1,2419.7,2416.0,2419.0,23120
1773376500,2419.0,2419.0,2415.1,2417.1,17559
1773376800,2417.1,2421.0,2416.5,2420.7,31554
1773377100,2420.7,2426.3,2419.6,2425.5,27322
1773377400,2426.5,2429.6,2424.7,2426.5,28974
1773377700,2427.1,2435.4,2427.1,2434.6,38519
1773378000,2434.6,2436.5,2431.6,2435.7,25670
1773378300,2435.6,2440.1,2433.4,2440.0,33832
1773378600,2440.6,2445.9,2438.2,2441.0,69273
1773378900,2441.5,2443.0,2432.5,2434.2,39833
1773379200,2434.2,2434.8,2430.6,2431.0,55331
1773379500,2430.9,2434.8,2430.5,2430.6,14839
1773379800,2430.9,2430.9,2426.0,2426.4,36132
1773380100,2426.4,2428.3,2424.0,2424.1,24249
1773380400,2423.9,2425.2,2421.3,2423.6,17597
1773380700,2423.6,2423.9,2421.5,2422.0,13845
1773381000,2422.3,2427.9,2422.0,2427.9,14492
1773381300,2427.9,2431.4,2426.0,2430.8,12280
1773381600,2430.9,2430.9,2427.2,2428.4,15747
1773381900,2428.4,2431.4,2427.8,2430.0,18487
1773382200,2430.7,2434.1,2430.0,2431.4,17829
1773382500,2431.5,2432.1,2428.4,2431.7,14165
1773382800,2431.6,2432.0,2425.8,2427.1,11831
1773383100,2426.9,2427.0,2421.5,2422.6,15514
1773383400,2422.5,2422.5,2418.9,2420.5,30642
1773383700,2421.0,2421.0,2417.5,2420.0,16176
1773384000,2420.0,2421.0,2418.6,2420.6,13207
1773384300,2420.0,2422.1,2419.2,2419.6,40084
1773384600,2419.7,2420.0,2416.8,2418.7,13916
1773384900,2418.7,2421.6,2418.4,2419.8,15563
1773385200,2419.8,2420.0,2412.3,2413.9,38531
1773385500,2413.9,2414.0,2410.1,2411.6,21233
1773385800,2411.6,2412.9,2409.0,2412.6,21586
1773386100,2412.5,2413.7,2411.0,2412.0,16224
1773386400,2412.0,2413.4,2409.3,2411.0,14190
1773386700,2411.1,2412.2,2409.8,2411.3,14401
1773387000,2411.0,2411.7,2408.0,2409.7,18604
1773387300,2409.3,2410.4,2405.7,2406.7,21803
1773387600,2406.8,2407.6,2403.8,2404.3,30766
1773387900,2404.3,2406.5,2403.5,2404.8,17431
1773388200,2404.7,2405.2,2401.5,2401.9,24626
1773388500,2401.4,2405.0,2401.2,2404.5,21488
1773388800,2404.6,2406.4,2402.5,2403.5,31016
1773389100,2403.6,2403.9,2401.6,2402.0,13866
1773389400,2402.1,2405.2,2400.0,2401.4,66495
1773389700,2401.6,2403.7,2399.6,2402.0,42846
1773390000,2402.5,2402.9,2397.0,2400.8,38076
1773390300,2400.4,2402.0,2397.0,2398.3,25686
1773390600,2398.8,2407.1,2398.2,2406.6,28532
1773390900,2406.7,2409.7,2405.6,2408.5,38634
1773391200,2408.7,2410.5,2407.2,2410.0,35648
1773391500,2410.0,2413.0,2407.0,2413.0,34494
1773391800,2413.0,2413.5,2410.3,2411.0,24465
1773392100,2411.0,2413.6,2410.0,2412.2,30990
1773392400,2412.3,2417.3,2412.1,2414.3,38720
1773392700,2414.5,2417.0,2412.6,2413.2,33786
1773393000,2413.5,2420.7,2412.6,2419.8,39533
1773393300,2419.8,2419.8,2413.0,2416.0,30164
1773393600,2416.2,2419.1,2412.0,2412.1,36109
1773393900,2412.8,2414.0,2408.7,2413.7,53191
1773394200,2413.8,2415.4,2410.1,2410.7,43636
1773394500,2410.7,2412.4,2409.1,2410.1,51897
1773394800,2411.2,2411.5,2408.2,2410.1,63442
1773395100,2410.1,2410.1,2405.9,2407.9,76700
1773395400,2407.9,2412.0,2407.0,2412.0,38570
1773395700,2412.0,2414.4,2410.2,2412.0,77529
1773632700,2410.0,2421.6,2397.1,2411.3,169051
1773633000,2411.3,2415.5,2406.0,2411.3,63789
1773633300,2411.1,2411.8,2405.0,2405.9,54966
1773633600,2406.3,2408.8,2400.2,2402.2,41343
1773633900,2402.8,2410.0,2400.5,2405.7,31346
1773634200,2405.6,2412.1,2404.1,2405.5,37531
1773634500,2405.8,2408.3,2403.0,2404.2,22508
1773634800,2404.3,2404.4,2395.2,2396.6,50103
1773635100,2396.5,2399.4,2393.0,2393.8,45006
1773635400,2393.9,2394.6,2388.0,2389.3,59718
1773635700,2388.6,2392.3,2386.0,2391.3,42794
1773636000,2391.9,2396.3,2390.5,2391.8,40015
1773636300,2390.7,2390.8,2382.2,2382.2,42212
1773636600,2382.2,2382.2,2372.4,2373.9,98934
1773636900,2373.8,2374.3,2368.9,2373.0,48726
1773637200,2373.0,2378.0,2373.0,2374.4,34162
1773637500,2374.3,2377.5,2371.6,2377.0,25049
1773637800,2376.9,2379.8,2376.0,2378.1,26575
1773638100,2377.9,2379.7,2375.0,2376.0,23543
1773638400,2377.0,2377.8,2368.4,2369.8,27875
1773638700,2370.0,2372.6,2366.4,2371.2,30980
1773639000,2370.9,2374.3,2368.0,2373.9,56891
1773639300,2373.9,2376.6,2372.0,2374.9,44301
1773639600,2374.9,2377.9,2374.9,2375.4,31580
1773639900,2375.4,2384.0,2375.4,2382.6,32792
1773640200,2382.9,2385.0,2380.0,2382.9,29098
1773640500,2382.4,2382.7,2378.9,2380.2,35568
1773640800,2380.6,2385.0,2380.0,2383.6,31803
1773641100,2383.2,2383.6,2375.7,2377.6,36311
1773641400,2377.7,2381.4,2376.0,2376.0,33206
1773641700,2376.6,2376.6,2371.0,2372.5,31095
1773642000,2373.1,2375.7,2372.6,2373.9,14887
1773642300,2373.6,2375.5,2370.3,2373.6,16786
1773642600,2372.7,2378.7,2372.7,2375.6,17472
1773642900,2375.6,2378.3,2374.5,2375.3,21939
1773643200,2375.5,2376.6,2372.6,2373.5,9316
1773643500,2373.5,2376.5,2373.2,2375.9,12988
1773643800,2375.8,2380.4,2375.1,2380.0,21409
1773644100,2379.9,2380.4,2376.4,2377.5,17527
1773644400,2377.5,2378.4,2371.1,2371.7,34302
1773644700,2371.7,2374.6,2368.0,2374.6,47258
1773645000,2374.6,2377.0,2373.7,2374.8,86977
1773645300,2374.7,2374.9,2366.5,2367.0,27111
1773645600,2367.0,2371.9,2366.1,2371.2,21544
1773645900,2371.2,2375.0,2370.5,2375.0,16618
1773646200,2375.0,2379.1,2374.6,2375.2,24407
1773646500,2373.7,2377.2,2371.0,2375.5,35045
1773646800,2375.5,2377.3,2373.9,2375.6,17104
1773647100,2375.6,2379.8,2374.9,2379.6,22886
1773647400,2379.5,2383.7,2379.5,2382.1,42397
1773647700,2382.0,2383.3,2375.3,2376.0,48351
1773648000,2376.0,2377.0,2371.3,2372.9,105149
1773648300,2373.0,2377.7,2372.4,2377.7,34840
1773648600,2377.5,2382.0,2376.6,2379.1,17107
1773648900,2379.1,2384.0,2377.3,2382.6,57028
1773649200,2381.6,2383.1,2380.0,2381.4,18960
1773649500,2381.8,2382.3,2379.9,2380.8,13804
1773649800,2381.6,2382.0,2380.0,2380.5,11270
1773650100,2380.5,2384.4,2380.0,2384.2,25158
1773650400,2383.6,2387.0,2383.6,2385.6,30482
1773650700,2385.6,2391.4,2383.5,2390.9,29016
1773651000,2391.4,2401.0,2390.9,2399.8,120722
1773651300,2401.0,2404.8,2398.4,2402.3,108441
1773651600,2402.6,2405.4,2400.8,2404.0,102480
1773651900,2404.2,2410.0,2402.7,2409.2,108624
1773652200,2408.7,2411.1,2405.0,2408.7,104562
1773652500,2408.7,2415.0,2407.7,2415.0,101433
1773652800,2415.0,2425.0,2413.4,2417.5,125155
1773653100,2417.8,2422.4,2412.7,2416.0,143292
1773653400,2415.6,2416.7,2408.0,2408.0,149649
1773653700,2408.0,2415.8,2408.0,2412.1,109845
1773654000,2412.2,2414.7,2407.4,2411.4,111782
1773654300,2411.2,2411.4,2404.0,2404.0,84515
1773654600,2404.2,2409.0,2402.3,2403.2,73812
1773654900,2403.2,2403.2,2400.0,2401.0,63968
1773719100,2420.0,2420.0,2397.3,2399.3,105941
1773719400,2398.7,2398.8,2376.0,2376.0,92108
1773719700,2375.2,2377.5,2371.3,2373.0,80295
1773720000,2373.3,2375.0,2360.0,2360.4,121609
1773720300,2360.4,2366.0,2360.0,2361.0,71290
1773720600,2361.5,2368.5,2360.7,2367.3,74427
1773720900,2368.4,2370.8,2363.7,2369.9,52293
1773721200,2370.0,2376.5,2369.0,2374.6,43191
1773721500,2374.7,2380.0,2369.3,2378.2,70657
1773721800,2377.6,2381.0,2373.6,2375.9,52804
1773722100,2375.9,2380.9,2375.0,2380.9,37328
1773722400,2379.8,2383.5,2378.2,2381.0,43395
1773722700,2381.7,2384.8,2380.7,2384.8,35690
1773723000,2384.5,2386.8,2383.0,2384.3,35584
1773723300,2383.5,2384.6,2378.0,2378.7,45230
1773723600,2378.1,2380.7,2375.4,2376.9,38010
1773723900,2377.0,2379.8,2373.0,2379.2,47121
1773724200,2379.2,2380.0,2374.4,2378.1,21408
1773724500,2378.6,2389.2,2378.2,2389.2,43644
1773724800,2389.6,2391.4,2386.5,2389.1,34032
1773725100,2389.1,2391.9,2386.0,2391.0,31896
1773725400,2391.3,2394.0,2390.2,2391.9,30004
1773725700,2391.4,2396.8,2388.5,2390.9,40270
1773726000,2390.9,2392.9,2388.0,2391.0,20873
1773726300,2391.4,2393.0,2385.8,2387.0,26171
1773726600,2387.2,2391.6,2383.8,2388.1,30910
1773726900,2388.4,2389.1,2381.6,2383.3,31227
1773727200,2383.4,2385.5,2380.0,2381.3,32351
1773727500,2380.6,2387.8,2380.1,2385.0,29830
1773727800,2384.4,2387.4,2382.5,2385.6,33665
1773728100,2385.6,2388.8,2385.2,2386.4,14884
1773728400,2386.4,2389.9,2385.3,2388.0,18404
1773728700,2388.0,2388.0,2382.1,2386.9,24736
1773729000,2386.9,2387.7,2384.5,2386.4,13076
1773729300,2386.4,2388.5,2385.1,2387.7,12031
1773729600,2387.7,2389.0,2385.7,2385.9,12005
1773729900,2386.9,2387.6,2379.0,2379.5,28077
1773730200,2378.4,2384.3,2378.4,2381.0,16564
1773730500,2381.3,2385.0,2380.7,2383.9,13114
1773730800,2383.9,2386.9,2381.3,2385.0,17962
1773731100,2384.7,2388.0,2384.0,2384.4,15543
1773731400,2384.0,2392.0,2383.0,2391.9,41693
1773731700,2391.9,2395.2,2391.5,2394.8,35208
1773732000,2395.0,2397.2,2390.2,2390.9,29255
1773732300,2390.4,2394.0,2389.2,2392.9,16478
1773732600,2393.6,2395.0,2392.2,2393.6,14164
1773732900,2393.9,2396.3,2389.9,2394.9,27184
1773733200,2394.8,2398.3,2394.0,2398.0,25360
1773733500,2398.0,2400.9,2397.7,2399.7,49987
1773733800,2399.7,2400.5,2397.0,2398.9,21997
1773734100,2399.2,2401.8,2398.4,2400.8,25213
1773734400,2400.8,2405.0,2400.0,2401.0,31902
1773734700,2401.0,2402.5,2395.8,2396.4,21370
1773735000,2396.2,2400.0,2393.1,2397.7,23749
1773735300,2397.7,2400.7,2397.2,2400.0,18523
1773735600,2400.5,2403.6,2399.4,2400.6,17721
1773735900,2400.6,2401.6,2396.8,2397.4,16365
1773736200,2398.2,2402.5,2396.3,2401.8,43855
1773736500,2401.9,2402.0,2398.4,2401.8,30422
1773736800,2401.8,2404.2,2401.0,2402.8,30449
1773737100,2402.8,2402.8,2396.0,2396.5,31585
1773737400,2396.5,2397.1,2392.0,2393.3,49072
1773737700,2393.0,2396.2,2392.5,2394.0,27099
1773738000,2394.4,2395.9,2392.5,2394.2,18929
1773738300,2394.5,2398.5,2394.0,2397.1,25122
1773738600,2397.1,2399.8,2395.5,2397.8,34750
1773738900,2397.3,2399.7,2395.1,2399.7,36212
1773739200,2399.8,2401.2,2397.7,2399.6,43669
1773739500,2400.0,2402.0,2399.2,2401.6,35126
1773739800,2401.1,2401.5,2393.5,2396.0,97101
1773740100,2395.9,2396.0,2390.0,2391.0,106444
1773740400,2391.4,2392.0,2388.4,2391.2,84990
1773740700,2390.8,2391.2,2388.1,2390.8,72187
1773741000,2391.2,2391.2,2388.0,2390.2,90016
1773741300,2389.7,2394.0,2388.7,2393.9,69968
1773805500,2410.0,2453.9,2410.0,2451.0,210615
1773805800,2451.6,2456.0,2442.9,2452.6,133011
1773806100,2452.6,2463.9,2446.5,2460.7,137898
1773806400,2460.9,2466.0,2455.2,2459.5,77685
1773806700,2459.5,2465.2,2458.1,2461.0,57011
1773807000,2461.0,2465.7,2457.2,2461.5,50235
1773807300,2462.0,2468.5,2458.9,2468.0,50685
1773807600,2468.5,2470.0,2463.1,2463.7,73451
1773807900,2463.1,2463.8,2457.8,2461.9,50969
1773808200,2461.9,2467.5,2461.9,2464.3,44116
1773808500,2464.0,2467.2,2460.9,2466.0,31913
1773808800,2465.9,2467.8,2461.8,2466.5,32977
1773809100,2466.5,2475.1,2466.5,2471.0,113376
1773809400,2471.0,2473.5,2463.0,2467.7,60066
1773809700,2467.1,2468.8,2464.0,2465.6,34171
1773810000,2465.6,2465.9,2463.1,2464.2,45952
1773810300,2464.2,2469.5,2463.0,2467.7,45956
1773810600,2467.7,2469.0,2465.1,2466.8,18008
1773810900,2466.9,2475.9,2466.6,2475.8,57853
1773811200,2475.5,2479.5,2475.5,2477.0,45045
1773811500,2477.5,2478.0,2474.8,2477.3,20864
1773811800,2477.5,2480.0,2477.1,2478.6,25088
1773812100,2478.7,2479.1,2475.1,2476.7,21570
1773812400,2476.7,2478.0,2475.0,2477.2,17609
1773812700,2477.2,2479.0,2475.0,2478.5,21322
1773813000,2479.0,2479.3,2473.4,2476.1,37673
1773813300,2476.1,2479.4,2476.1,2478.3,15707
1773813600,2478.4,2478.5,2474.9,2475.2,16256
1773813900,2475.5,2475.6,2473.2,2475.0,19760
1773814200,2475.1,2482.9,2473.7,2475.5,52755
1773814500,2475.3,2476.0,2470.0,2470.5,34010
1773814800,2470.9,2474.5,2470.1,2474.0,17213
1773815100,2473.8,2474.0,2470.0,2470.6,20826
1773815400,2470.3,2471.4,2464.4,2465.8,51113
1773815700,2465.8,2467.8,2464.4,2466.0,21704
1773816000,2466.0,2467.8,2464.0,2467.8,21341
1773816300,2467.9,2468.6,2465.6,2467.5,12885
1773816600,2467.5,2467.5,2462.0,2464.8,30102
1773816900,2465.0,2465.9,2462.9,2464.2,13821
1773817200,2464.2,2468.0,2463.7,2466.0,12438
1773817500,2466.0,2467.9,2464.0,2465.6,15226
1773817800,2466.7,2467.3,2465.0,2466.8,13829
1773818100,2466.0,2467.3,2464.1,2467.3,15108
1773818400,2466.8,2467.3,2461.9,2462.0,23099
1773818700,2462.0,2463.0,2460.6,2461.2,17138
1773819000,2461.4,2465.0,2461.4,2463.9,12914
1773819300,2464.5,2464.9,2460.0,2460.7,18266
1773819600,2460.4,2462.2,2460.0,2462.2,10256
1773819900,2462.2,2464.6,2461.0,2461.5,22751
1773820200,2461.5,2464.8,2461.0,2464.6,15925
1773820500,2464.8,2465.9,2460.0,2461.8,35668
1773820800,2462.0,2463.0,2460.5,2462.1,14929
1773821100,2461.8,2464.0,2460.1,2462.5,18728
1773821400,2463.0,2463.0,2460.3,2461.5,14462
1773821700,2461.7,2461.7,2457.3,2458.5,23045
1773822000,2458.9,2460.2,2456.6,2459.7,23680
1773822300,2459.8,2460.0,2455.8,2456.3,21778
1773822600,2456.4,2459.6,2456.2,2457.9,22688
1773822900,2457.7,2457.7,2455.2,2456.9,21792
1773823200,2457.5,2457.9,2454.0,2455.0,21890
1773823500,2454.8,2456.3,2453.5,2454.8,15923
1773823800,2454.8,2457.0,2454.0,2456.7,20856
1773824100,2456.8,2459.2,2455.0,2455.4,19594
1773824400,2455.2,2456.3,2450.7,2451.0,26480
1773824700,2450.9,2452.4,2450.0,2450.9,30113
1773825000,2451.1,2451.8,2446.6,2448.2,40480
1773825300,2448.2,2449.1,2446.2,2448.6,28345
1773825600,2449.1,2453.4,2447.9,2450.0,125927
1773825900,2449.8,2451.5,2448.6,2450.2,25723
1773826200,2450.9,2450.9,2441.2,2443.9,96841
1773826500,2443.9,2444.5,2441.3,2441.7,57200
1773826800,2441.3,2442.8,2440.5,2440.8,79812
1773827100,2441.0,2441.7,2439.2,2440.0,83281
1773827400,2440.0,2440.2,2435.5,2436.7,78856
1773827700,2436.7,2440.0,2436.2,2439.2,86182
1773891900,2417.0,2424.0,2401.3,2408.8,162769
1773892200,2409.6,2411.0,2403.3,2409.1,52098
1773892500,2409.2,2411.6,2403.0,2403.3,45651
1773892800,2403.2,2407.5,2400.4,2402.2,47412
1773893100,2402.2,2412.1,2402.0,2406.0,57509
1773893400,2406.9,2413.4,2405.3,2410.7,32912
1773893700,2411.8,2413.0,2402.2,2406.0,45836
1773894000,2404.9,2409.0,2403.7,2405.1,33150
1773894300,2404.9,2409.0,2402.9,2404.3,21880
1773894600,2404.3,2405.2,2401.8,2405.0,27973
1773894900,2403.8,2405.0,2395.0,2397.9,67146
1773895200,2397.9,2399.0,2393.6,2394.7,35668
1773895500,2394.7,2396.0,2392.3,2394.5,30427
1773895800,2394.5,2398.0,2392.0,2397.1,33517
1773896100,2397.1,2398.2,2393.7,2395.3,21409
1773896400,2394.8,2396.0,2390.0,2390.6,39248
1773896700,2390.7,2391.6,2388.0,2390.6,27872
1773897000,2390.5,2391.6,2388.0,2390.0,30578
1773897300,2389.4,2391.1,2385.1,2385.9,29948
1773897600,2386.8,2386.8,2383.2,2385.5,29116
1773897900,2385.5,2386.4,2382.0,2382.3,30908
1773898200,2382.1,2384.2,2379.8,2383.0,45672
1773898500,2383.0,2384.9,2381.3,2382.0,18399
1773898800,2382.1,2383.9,2380.0,2381.0,19313
1773899100,2381.0,2383.9,2380.0,2382.5,20658
1773899400,2382.5,2387.4,2381.0,2385.1,24843
1773899700,2385.1,2385.5,2377.0,2379.4,28980
1773900000,2379.6,2380.3,2377.2,2380.1,32113
1773900300,2379.6,2379.7,2377.0,2377.9,21125
1773900600,2377.9,2378.9,2376.0,2378.8,23947
1773900900,2378.9,2379.2,2377.3,2377.4,15238
1773901200,2377.4,2379.0,2376.1,2377.3,27567
1773901500,2376.9,2383.2,2376.9,2380.6,28991
1773901800,2380.6,2382.0,2378.0,2379.6,24897
1773902100,2379.5,2381.0,2377.5,2380.9,23808
1773902400,2380.8,2382.0,2378.5,2381.9,16340
1773902700,2381.9,2384.0,2379.6,2383.4,33716
1773903000,2383.4,2383.6,2378.0,2378.8,26492
1773903300,2378.8,2381.2,2377.2,2380.6,20078
1773903600,2380.6,2381.0,2377.2,2378.8,14819
1773903900,2378.8,2380.0,2378.0,2379.1,12192
1773904200,2379.1,2379.5,2376.2,2377.1,18067
1773904500,2377.0,2379.0,2376.0,2377.6,14649
1773904800,2378.0,2378.9,2374.0,2377.1,35655
1773905100,2377.4,2377.5,2374.4,2376.2,17478
1773905400,2375.8,2375.9,2371.1,2372.1,38418
1773905700,2372.6,2373.7,2371.3,2373.3,15920
1773906000,2373.3,2376.8,2370.2,2370.5,24552
1773906300,2371.5,2373.0,2370.0,2371.0,23808
1773906600,2370.8,2371.5,2369.0,2369.9,32857
1773906900,2370.1,2371.9,2369.0,2369.5,20213
1773907200,2369.5,2371.7,2369.1,2370.5,18127
1773907500,2370.6,2371.9,2369.0,2371.0,26871
1773907800,2371.0,2373.7,2370.0,2371.9,27710
1773908100,2371.9,2374.9,2370.6,2373.9,20622
1773908400,2373.7,2374.5,2371.1,2373.1,11535
1773908700,2373.1,2373.2,2367.5,2369.1,24553
1773909000,2370.0,2371.5,2366.0,2366.8,26396
1773909300,2366.8,2367.7,2365.0,2365.3,33239
1773909600,2365.3,2366.3,2362.4,2365.5,38538
1773909900,2365.6,2368.0,2365.2,2367.7,19889
1773910200,2367.7,2368.0,2364.5,2367.0,17961
1773910500,2367.1,2367.1,2363.0,2363.9,24146
1773910800,2363.7,2366.1,2363.0,2364.9,22207
1773911100,2364.9,2367.8,2362.3,2363.5,27538
1773911400,2363.5,2369.1,2363.0,2367.6,69637
1773911700,2367.6,2367.8,2362.4,2363.4,31897
1773912000,2363.4,2363.4,2358.0,2359.7,71059
1773912300,2360.0,2361.0,2351.5,2352.1,87260
1773912600,2352.2,2356.7,2350.6,2354.8,101298
1773912900,2355.0,2355.8,2350.2,2355.2,91508
1773913200,2355.5,2359.0,2351.6,2353.1,99301
1773913500,2353.6,2357.0,2352.9,2357.0,64212
1773913800,2356.5,2362.4,2356.5,2360.2,98430
1773914100,2360.8,2362.8,2357.3,2360.8,66072
1773978300,2386.0,2407.8,2383.0,2388.2,152397
1773978600,2388.0,2395.9,2383.1,2384.7,67776
1773978900,2384.7,2390.9,2376.9,2388.4,61672
1773979200,2387.9,2389.5,2381.0,2382.6,30101
1773979500,2383.4,2383.7,2375.0,2377.7,53048
1773979800,2377.7,2378.2,2371.0,2376.9,46930
1773980100,2376.9,2377.7,2371.1,2372.7,22501
1773980400,2372.7,2377.8,2372.7,2376.9,30936
1773980700,2376.0,2384.0,2373.7,2379.3,50068
1773981000,2379.3,2382.0,2376.0,2377.6,21922
1773981300,2377.6,2380.0,2375.3,2378.9,22878
1773981600,2378.9,2379.6,2376.0,2376.5,21425
1773981900,2376.4,2377.9,2372.5,2375.9,46906
1773982200,2375.9,2379.9,2373.2,2379.9,36727
1773982500,2379.3,2386.0,2378.9,2385.9,32958
1773982800,2385.7,2386.7,2382.6,2384.0,32631
1773983100,2383.9,2385.0,2381.1,2384.8,23298
1773983400,2384.9,2387.7,2383.9,2386.2,34628
1773983700,2386.2,2386.5,2380.0,2381.9,22422
1773984000,2381.9,2387.2,2381.5,2385.4,25348
1773984300,2384.8,2385.8,2379.8,2382.0,19577
1773984600,2382.6,2382.9,2378.6,2379.4,20751
1773984900,2379.4,2382.6,2377.8,2381.3,15998
1773985200,2381.3,2382.0,2376.0,2379.1,29740
1773985500,2378.9,2381.9,2378.0,2379.9,15436
1773985800,2379.9,2386.0,2379.5,2383.5,18482
1773986100,2384.3,2385.0,2381.4,2384.2,18722
1773986400,2384.2,2385.9,2383.0,2384.9,18336
1773986700,2384.9,2385.0,2382.3,2384.0,15594
1773987000,2384.0,2384.9,2379.9,2382.0,22189
1773987300,2382.0,2383.0,2379.6,2381.8,14066
1773987600,2381.8,2381.8,2375.0,2375.4,21914
1773987900,2375.4,2375.7,2370.3,2375.6,29153
1773988200,2375.7,2376.6,2371.4,2372.0,18232
1773988500,2372.6,2374.6,2371.0,2372.0,19076
1773988800,2372.0,2375.9,2372.0,2375.7,16095
1773989100,2374.8,2374.9,2371.2,2371.6,12744
1773989400,2371.6,2372.9,2367.9,2368.3,31591
1773989700,2368.3,2370.8,2368.1,2369.0,30108
1773990000,2369.3,2369.5,2364.2,2368.1,33457
1773990300,2368.1,2368.8,2365.9,2367.2,21806
1773990600,2367.0,2369.4,2366.8,2368.0,15572
1773990900,2368.0,2371.0,2367.1,2369.6,19131
1773991200,2369.6,2374.5,2368.8,2373.1,18120
1773991500,2373.1,2373.1,2368.3,2368.3,13846
1773991800,2369.0,2370.9,2368.0,2369.8,18134
1773992100,2369.8,2369.9,2367.1,2368.4,22467
1773992400,2368.2,2370.0,2367.0,2370.0,10929
1773992700,2370.0,2373.5,2370.0,2370.9,27145
1773993000,2370.9,2373.8,2370.0,2371.0,122802
1773993300,2371.1,2374.0,2370.0,2374.0,9773
1773993600,2374.0,2377.0,2374.0,2375.3,58497
1773993900,2375.5,2378.4,2373.3,2377.0,26196
1773994200,2377.0,2377.1,2373.3,2373.8,13674
1773994500,2373.8,2375.3,2371.9,2372.3,12206
1773994800,2372.3,2375.8,2370.8,2375.8,14766
1773995100,2375.8,2377.3,2372.6,2373.9,13684
1773995400,2373.9,2378.0,2372.7,2378.0,15843
1773995700,2377.9,2379.8,2377.0,2378.9,15909
1773996000,2379.7,2380.0,2375.8,2377.5,19927
1773996300,2377.6,2378.1,2375.2,2377.5,20825
1773996600,2377.5,2378.3,2373.9,2375.7,19893
1773996900,2375.6,2376.8,2372.7,2375.0,13484
1773997200,2374.6,2377.2,2372.3,2375.7,19472
1773997500,2375.7,2378.3,2375.0,2377.4,40831
1773997800,2377.0,2378.6,2373.2,2373.6,18470
1773998100,2373.5,2375.5,2370.3,2371.0,39581
1773998400,2371.1,2371.1,2366.7,2368.7,39674
1773998700,2368.8,2371.8,2368.3,2371.8,25606
1773999000,2372.2,2397.6,2372.0,2391.0,448615
1773999300,2390.9,2397.7,2389.3,2390.6,351540
1773999600,2390.6,2392.5,2384.8,2387.4,424782
1773999900,2387.4,2390.0,2384.9,2388.4,390307
1774000200,2388.3,2396.6,2388.3,2394.9,327438
1774000500,2395.1,2400.0,2393.2,2396.0,260183
1774237500,2365.0,2371.9,2348.0,2358.4,189871
1774237800,2358.9,2368.4,2358.0,2366.9,60129
1774238100,2367.1,2376.5,2366.8,2371.3,68242
1774238400,2371.2,2381.5,2370.0,2380.0,66426
1774238700,2379.9,2389.5,2378.3,2383.0,63919
1774239000,2383.0,2403.1,2382.1,2398.6,116824
1774239300,2398.2,2405.0,2390.3,2393.0,93152
1774239600,2392.0,2399.0,2390.2,2396.5,74719
1774239900,2397.2,2398.9,2390.3,2391.4,60549
1774240200,2391.4,2399.2,2388.1,2397.8,76519
1774240500,2397.9,2401.4,2395.9,2399.1,95173
1774240800,2399.1,2402.0,2396.8,2401.3,145697
1774241100,2401.3,2405.0,2400.4,2403.5,62079
1774241400,2403.5,2403.6,2394.6,2399.0,53177
1774241700,2399.8,2400.0,2391.9,2392.9,36122
1774242000,2393.3,2403.0,2392.2,2395.6,54813
1774242300,2395.7,2405.0,2394.1,2403.5,48432
1774242600,2403.6,2405.0,2396.2,2402.8,42718
1774242900,2403.8,2406.8,2398.7,2400.1,86373
1774243200,2399.7,2400.8,2396.0,2398.7,51090
1774243500,2398.7,2399.9,2395.4,2399.0,40268
1774243800,2399.0,2399.0,2391.2,2394.9,33725
1774244100,2394.8,2400.0,2393.9,2400.0,30824
1774244400,2400.0,2400.0,2388.7,2391.0,62135
1774244700,2390.9,2394.0,2387.0,2391.4,44053
1774245000,2391.4,2392.3,2381.0,2382.2,39716
1774245300,2382.5,2383.1,2376.0,2377.5,59969
1774245600,2376.7,2382.6,2375.3,2377.7,54829
1774245900,2377.0,2384.8,2374.3,2382.0,56125
1774246200,2382.3,2383.3,2375.3,2377.5,21572
1774246500,2377.8,2382.2,2376.8,2379.5,20014
1774246800,2379.8,2386.5,2377.5,2384.0,27628
1774247100,2384.1,2388.3,2381.0,2385.7,21652
1774247400,2385.7,2388.1,2382.5,2386.1,17711
1774247700,2386.5,2392.1,2385.2,2388.8,30831
1774248000,2390.0,2390.0,2386.0,2386.5,14618
1774248300,2386.5,2387.2,2382.5,2384.9,23567
1774248600,2385.2,2387.5,2381.2,2382.9,53790
1774248900,2382.9,2388.4,2380.2,2388.0,25525
1774249200,2388.3,2391.4,2386.5,2391.2,23568
1774249500,2391.0,2395.4,2390.0,2393.7,30775
1774249800,2394.3,2395.0,2390.8,2393.0,45213
1774250100,2393.0,2396.4,2390.2,2395.7,40850
1774250400,2395.8,2397.0,2389.8,2390.8,62847
1774250700,2390.3,2390.8,2386.0,2389.0,40725
1774251000,2388.7,2390.7,2386.0,2386.9,23131
1774251300,2386.9,2390.2,2385.4,2388.4,18991
1774251600,2388.5,2389.2,2386.0,2389.1,17884
1774251900,2389.6,2392.0,2385.5,2387.3,42709
1774252200,2386.7,2392.8,2386.1,2389.8,22527
1774252500,2389.8,2392.3,2386.0,2388.1,29692
1774252800,2387.2,2393.6,2387.2,2389.0,23907
1774253100,2389.0,2393.0,2387.9,2392.2,22535
1774253400,2392.3,2393.6,2388.0,2391.0,24411
1774253700,2391.0,2393.7,2390.2,2392.8,27998
1774254000,2392.5,2397.2,2392.5,2394.9,40956
1774254300,2394.9,2397.0,2392.0,2394.5,33011
1774254600,2394.8,2399.2,2392.7,2398.2,42369
1774254900,2399.1,2399.8,2392.5,2397.1,55031
1774255200,2396.8,2397.4,2392.7,2392.7,32981
1774255500,2392.5,2398.5,2392.1,2397.1,37597
1774255800,2397.5,2399.5,2394.8,2395.8,34855
1774256100,2395.7,2401.4,2392.1,2399.2,62076
1774256400,2399.4,2401.8,2392.3,2395.6,50113
1774256700,2396.0,2399.9,2394.1,2398.1,51962
1774257000,2398.0,2398.4,2392.5,2396.7,50304
1774257300,2397.0,2397.5,2395.0,2395.4,35522
1774257600,2396.2,2402.6,2396.0,2398.0,59678
1774257900,2398.0,2398.7,2394.0,2397.8,41941
1774258200,2397.8,2398.0,2383.0,2383.7,94639
1774258500,2383.5,2387.2,2380.6,2385.1,81945
1774258800,2385.1,2387.6,2383.0,2383.1,66708
1774259100,2383.1,2384.0,2380.2,2380.5,76667
1774259400,2380.6,2384.0,2379.0,2381.0,91612
1774259700,2381.0,2381.9,2376.7,2380.0,73564
1774323900,2404.1,2412.7,2391.2,2394.0,148283
1774324200,2393.8,2397.0,2387.1,2396.5,69737
1774324500,2397.0,2398.9,2392.0,2395.1,38578
1774324800,2395.6,2397.0,2390.8,2391.6,36816
1774325100,2391.1,2393.8,2387.0,2389.2,46494
1774325400,2389.8,2391.6,2386.0,2388.1,32852
1774325700,2388.8,2389.8,2382.6,2386.5,49252
1774326000,2386.4,2390.5,2384.5,2388.0,23236
1774326300,2388.2,2390.5,2386.1,2387.4,17593
1774326600,2387.0,2387.6,2379.1,2383.6,40850
1774326900,2383.0,2385.0,2382.4,2384.5,18296
1774327200,2384.5,2387.6,2383.5,2384.4,19993
1774327500,2384.8,2389.8,2382.6,2387.8,23509
1774327800,2387.0,2394.7,2387.0,2393.4,38612
1774328100,2394.3,2394.4,2390.5,2393.0,22700
1774328400,2393.5,2393.5,2385.0,2385.1,30001
1774328700,2384.1,2385.3,2381.2,2381.4,25616
1774329000,2381.6,2386.3,2381.4,2384.0,23416
1774329300,2384.4,2389.0,2382.2,2386.1,17988
1774329600,2386.2,2387.5,2384.0,2385.3,14199
1774329900,2384.7,2386.9,2383.4,2385.2,21509
1774330200,2385.2,2391.0,2385.2,2387.7,26331
1774330500,2388.1,2392.6,2386.2,2392.1,20984
1774330800,2391.6,2397.0,2391.5,2397.0,44559
1774331100,2397.1,2404.4,2396.9,2403.9,62385
1774331400,2403.9,2411.2,2403.2,2408.2,79814
1774331700,2408.2,2422.8,2405.8,2421.2,89243
1774332000,2421.1,2429.2,2418.0,2426.8,73759
1774332300,2425.6,2430.9,2425.4,2428.6,60284
1774332600,2428.5,2428.9,2422.9,2424.0,34275
1774332900,2423.9,2427.5,2420.0,2424.8,39978
1774333200,2424.8,2428.2,2424.3,2425.4,20236
1774333500,2425.1,2433.6,2425.0,2432.0,35764
1774333800,2432.7,2435.4,2430.0,2430.8,45967
1774334100,2430.5,2431.0,2423.8,2426.0,35173
1774334400,2425.1,2429.9,2422.4,2424.3,31192
1774334700,2424.1,2426.1,2422.0,2423.0,35222
1774335000,2423.0,2431.0,2422.3,2431.0,36081
1774335300,2431.2,2435.1,2421.3,2422.9,67389
1774335600,2423.8,2426.2,2421.9,2423.4,25843
1774335900,2423.4,2426.0,2417.7,2419.2,40032
1774336200,2419.2,2427.5,2418.0,2421.7,36248
1774336500,2421.8,2424.0,2418.6,2419.5,24187
1774336800,2419.5,2422.0,2418.2,2419.7,18852
1774337100,2419.7,2421.9,2417.0,2419.9,22819
1774337400,2420.0,2420.0,2414.1,2414.1,29523
1774337700,2413.7,2415.0,2410.8,2411.7,38051
1774338000,2412.0,2414.5,2410.5,2414.3,22058
1774338300,2414.0,2415.2,2411.0,2414.7,18222
1774338600,2414.5,2419.0,2413.7,2416.6,20321
1774338900,2416.4,2422.5,2416.0,2420.9,21254
1774339200,2420.3,2424.4,2419.3,2422.5,24374
1774339500,2422.0,2424.0,2417.3,2421.2,19422
1774339800,2421.2,2425.0,2419.3,2424.4,20749
1774340100,2425.0,2427.4,2417.7,2417.7,43516
1774340400,2417.6,2421.8,2417.0,2418.7,19659
1774340700,2419.7,2419.8,2415.1,2415.5,17706
1774341000,2416.0,2419.9,2414.6,2417.4,17369
1774341300,2417.2,2419.7,2414.1,2415.9,16438
1774341600,2415.9,2417.7,2414.0,2416.7,18366
1774341900,2416.4,2419.4,2414.6,2415.4,27895
1774342200,2415.0,2417.3,2404.5,2406.2,124816
1774342500,2406.2,2406.4,2400.0,2401.4,134774
1774342800,2401.4,2402.6,2398.5,2401.2,134350
1774343100,2401.2,2401.9,2396.0,2401.0,147865
1774343400,2401.0,2403.8,2397.0,2399.9,30806
1774343700,2399.5,2403.9,2399.5,2400.6,24442
1774344000,2400.8,2402.0,2398.6,2401.4,25423
1774344300,2401.2,2405.0,2401.0,2402.1,45844
1774344600,2402.1,2404.0,2397.2,2401.9,118123
1774344900,2401.7,2401.9,2398.0,2399.6,68082
1774345200,2399.6,2399.7,2395.4,2397.5,120510
1774345500,2397.4,2399.0,2393.6,2399.0,111127
1774345800,2399.0,2399.9,2397.2,2399.4,91834
1774346100,2399.3,2403.2,2396.8,2400.8,82570
1774410300,2400.9,2408.2,2390.7,2398.4,147420
1774410600,2398.0,2403.1,2395.0,2396.9,89392
1774410900,2397.0,2402.0,2394.3,2398.1,75127
1774411200,2397.8,2399.9,2395.5,2396.3,41357
1774411500,2396.7,2399.9,2394.3,2396.9,45326
1774411800,2396.9,2399.3,2390.3,2397.9,89482
1774412100,2398.0,2406.4,2397.0,2406.1,83271
1774412400,2406.5,2413.0,2404.9,2409.3,84546
1774412700,2409.2,2417.1,2407.3,2415.5,61005
1774413000,2416.5,2417.4,2411.0,2411.6,40168
1774413300,2411.0,2412.5,2407.9,2411.3,36772
1774413600,2411.5,2413.9,2410.3,2413.0,27055
1774413900,2413.0,2414.9,2410.6,2411.2,56321
1774414200,2412.0,2418.4,2411.1,2418.0,46169
1774414500,2417.2,2420.0,2413.9,2415.0,118034
1774414800,2415.5,2417.0,2415.0,2415.1,65705
1774415100,2415.1,2416.5,2414.0,2415.8,50524
1774415400,2415.7,2421.6,2415.0,2421.1,86086
1774415700,2421.0,2421.0,2417.9,2419.0,64063
1774416000,2419.0,2419.5,2416.1,2418.8,48320
1774416300,2418.0,2418.9,2415.0,2416.7,59420
1774416600,2417.1,2419.8,2416.9,2416.9,92031
1774416900,2416.8,2420.9,2416.4,2419.9,105500
1774417200,2419.9,2420.9,2418.9,2420.0,61539
1774417500,2420.0,2420.5,2416.0,2418.0,43578
1774417800,2418.0,2418.0,2415.0,2415.3,75441
1774418100,2415.2,2418.1,2414.6,2417.0,105579
1774418400,2416.5,2418.0,2415.2,2415.4,41592
1774418700,2416.3,2416.6,2413.0,2414.1,41349
1774419000,2414.3,2416.4,2412.0,2412.6,77665
1774419300,2412.5,2415.0,2410.0,2414.8,29093
1774419600,2415.0,2416.0,2413.9,2415.0,23795
1774419900,2415.0,2415.6,2412.2,2413.0,23866
1774420200,2413.0,2415.0,2411.2,2411.9,32627
1774420500,2412.8,2412.9,2411.0,2411.7,23747
1774420800,2411.7,2415.0,2410.0,2412.4,45872
1774421100,2413.0,2415.8,2410.5,2414.8,38703
1774421400,2415.0,2419.4,2414.7,2415.9,71711
1774421700,2416.9,2418.0,2413.3,2414.2,64430
1774422000,2414.5,2418.0,2414.2,2415.7,53496
1774422300,2416.6,2416.8,2413.1,2414.0,17919
1774422600,2414.0,2416.5,2413.1,2416.0,31772
1774422900,2416.0,2416.9,2411.0,2412.2,24692
1774423200,2412.2,2413.0,2409.0,2409.0,20944
1774423500,2409.1,2410.4,2406.0,2407.9,20542
1774423800,2407.9,2410.9,2407.2,2410.9,22883
1774424100,2410.0,2411.9,2409.0,2411.5,32620
1774424400,2411.9,2414.0,2410.7,2411.8,18881
1774424700,2411.9,2415.0,2408.0,2408.4,25750
1774425000,2408.4,2410.0,2407.0,2409.0,24709
1774425300,2408.5,2409.9,2408.1,2408.7,15267
1774425600,2409.5,2409.9,2406.2,2408.7,31715
1774425900,2408.5,2409.7,2406.6,2408.0,16633
1774426200,2408.3,2409.7,2406.5,2407.9,19462
1774426500,2408.0,2409.9,2406.3,2407.9,23692
1774426800,2407.7,2409.9,2402.2,2403.8,38819
1774427100,2403.7,2404.0,2398.2,2399.1,81468
1774427400,2399.0,2400.0,2397.1,2400.0,184545
1774427700,2400.0,2400.0,2395.5,2395.6,40898
1774428000,2396.3,2398.7,2396.0,2396.6,27380
1774428300,2396.6,2398.2,2394.0,2395.2,34511
1774428600,2395.2,2396.0,2387.0,2388.1,82430
1774428900,2388.9,2391.7,2386.0,2388.7,81575
1774429200,2388.6,2391.9,2384.7,2389.0,148338
1774429500,2388.7,2390.2,2387.1,2390.0,135156
1774429800,2390.0,2391.0,2386.8,2388.7,158054
1774430100,2388.7,2389.4,2386.3,2387.0,152483
1774430400,2386.9,2388.7,2379.9,2381.3,179863
1774430700,2381.4,2385.0,2380.6,2382.7,176437
1774431000,2382.6,2384.9,2379.8,2380.7,303999
1774431300,2380.7,2381.7,2378.0,2379.9,132966
1774431600,2380.0,2380.0,2375.6,2378.7,184908
1774431900,2378.5,2382.0,2374.5,2374.8,223650
1774432200,2375.0,2377.8,2373.9,2377.6,249978
1774432500,2377.4,2380.8,2369.8,2379.8,382123
1774583100,2403.9,2407.9,2391.1,2402.1,350667
1774583400,2401.2,2417.0,2401.2,2409.8,210078
1774583700,2409.4,2411.6,2406.0,2409.2,68549
1774584000,2409.3,2409.5,2403.0,2406.7,53421
1774584300,2407.4,2410.7,2402.8,2404.6,59275
1774584600,2405.5,2414.0,2405.1,2411.8,54646
1774584900,2412.0,2412.8,2407.1,2409.8,43190
1774585200,2409.7,2412.5,2403.2,2403.7,127729
1774585500,2403.2,2404.0,2399.0,2400.0,51415
1774585800,2400.0,2404.9,2398.3,2402.0,47614
1774586100,2401.7,2404.6,2399.1,2403.2,35304
1774586400,2403.0,2408.0,2402.0,2408.0,43740
1774586700,2408.0,2415.0,2406.4,2412.5,107417
1774587000,2412.5,2415.7,2410.1,2415.0,75519
1774587300,2414.7,2416.5,2412.9,2415.9,48916
1774587600,2415.9,2418.0,2413.5,2415.0,86211
1774587900,2414.9,2416.0,2412.0,2416.0,45691
1774588200,2415.9,2416.0,2409.2,2410.4,36516
1774588500,2410.0,2411.1,2407.7,2409.4,39937
1774588800,2409.4,2410.0,2407.5,2407.9,29867
1774589100,2407.9,2410.0,2405.8,2409.7,44006
1774589400,2409.7,2411.3,2406.9,2407.3,38258
1774589700,2407.2,2410.0,2405.7,2409.6,25012
1774590000,2409.1,2414.0,2408.2,2413.7,39328
1774590300,2413.5,2415.0,2408.4,2409.7,40044
1774590600,2409.6,2411.5,2407.0,2407.5,31234
1774590900,2408.0,2409.9,2404.0,2405.5,47287
1774591200,2405.0,2405.8,2402.5,2405.0,34914
1774591500,2405.5,2409.0,2404.9,2407.0,29610
1774591800,2406.5,2408.0,2405.9,2407.6,18333
1774592100,2407.4,2409.6,2406.6,2408.7,23382
1774592400,2408.9,2413.1,2408.6,2413.0,25832
1774592700,2413.1,2415.9,2410.6,2415.0,67215
1774593000,2414.8,2415.0,2412.5,2413.4,29837
1774593300,2413.3,2415.0,2412.2,2413.8,27993
1774593600,2413.8,2415.5,2412.1,2415.5,25059
1774593900,2414.6,2417.1,2411.0,2411.3,45200
1774594200,2411.3,2415.5,2410.6,2415.2,52308
1774594500,2415.2,2419.0,2413.7,2414.4,76324
1774594800,2414.4,2416.6,2413.0,2416.0,34614
1774595100,2415.9,2419.8,2415.7,2418.1,52657
1774595400,2418.0,2421.0,2414.2,2420.1,75049
1774595700,2420.1,2421.0,2416.0,2420.1,57714
1774596000,2420.1,2422.1,2416.8,2418.0,72070
1774596300,2418.0,2418.6,2413.8,2415.0,21654
1774596600,2415.0,2418.6,2414.4,2414.9,15023
1774596900,2414.9,2417.0,2413.8,2415.9,19280
1774597200,2415.4,2420.3,2415.2,2420.2,27820
1774597500,2420.2,2421.4,2416.9,2419.1,20044
1774597800,2419.1,2419.5,2415.4,2416.6,25273
1774598100,2416.6,2418.9,2411.2,2412.3,51010
1774598400,2412.3,2414.0,2410.4,2410.6,35224
1774598700,2410.5,2412.8,2408.3,2410.6,38070
1774599000,2410.5,2415.6,2410.0,2412.0,24178
1774599300,2411.9,2414.6,2410.7,2411.9,56778
1774599600,2411.7,2414.1,2411.2,2412.8,19290
1774599900,2411.9,2414.4,2409.3,2410.5,25794
1774600200,2410.2,2411.9,2407.3,2408.1,43894
1774600500,2408.5,2408.7,2403.1,2405.0,94638
1774600800,2405.0,2405.5,2397.8,2398.4,107517
1774601100,2398.3,2400.1,2397.0,2397.2,55676
1774601400,2397.5,2399.1,2393.0,2395.5,79878
1774601700,2395.5,2400.1,2395.5,2396.7,65590
1774602000,2397.9,2398.5,2391.0,2392.5,80779
1774602300,2392.5,2395.0,2390.7,2390.9,48636
1774602600,2391.4,2394.9,2390.5,2392.5,63027
1774602900,2392.5,2393.7,2387.4,2388.5,90448
1774603200,2389.0,2392.4,2388.5,2390.7,53328
1774603500,2390.7,2392.0,2388.0,2389.5,47857
1774603800,2389.7,2393.9,2389.5,2393.3,156680
1774604100,2393.7,2394.0,2390.0,2390.9,165075
1774604400,2391.2,2392.9,2387.5,2387.9,177772
1774604700,2387.9,2391.2,2385.8,2390.3,203406
1774605000,2390.2,2390.2,2386.0,2389.9,175809
1774605300,2389.9,2390.1,2385.0,2387.5,122461
1774842300,2375.1,2378.6,2355.0,2378.6,548232
1774842600,2379.1,2380.7,2374.0,2376.3,262775
1774842900,2375.8,2389.8,2373.6,2389.0,225270
1774843200,2389.6,2393.8,2387.1,2392.3,277184
1774843500,2391.6,2397.2,2391.4,2395.2,120550
1774843800,2395.2,2398.0,2392.0,2393.6,216629
1774844100,2393.7,2396.0,2386.0,2386.0,141067
1774844400,2386.1,2391.6,2384.1,2386.0,205124
1774844700,2386.0,2390.1,2380.7,2390.0,245399
1774845000,2386.2,2388.9,2380.2,2386.3,56284
1774845300,2385.4,2387.3,2380.0,2380.7,30446
1774845600,2381.0,2381.0,2377.0,2379.8,43696
1774845900,2379.8,2380.0,2372.9,2375.0,45567
1774846200,2375.0,2377.2,2368.6,2369.3,59478
1774846500,2368.3,2371.3,2367.1,2367.9,32546
1774846800,2368.2,2369.1,2366.2,2367.8,34390
1774847100,2367.8,2370.4,2366.6,2368.4,36312
1774847400,2368.5,2369.4,2361.0,2363.1,55879
1774847700,2363.2,2366.1,2360.9,2365.0,46994
1774848000,2365.1,2368.8,2362.6,2363.7,64694
1774848300,2363.7,2368.7,2361.0,2368.1,72916
1774848600,2368.2,2368.4,2363.7,2365.2,49738
1774848900,2364.8,2365.8,2360.2,2362.0,65843
1774849200,2361.8,2366.4,2360.1,2365.9,45437
1774849500,2366.3,2371.0,2366.0,2370.4,49127
1774849800,2370.3,2370.4,2366.3,2369.5,48428
1774850100,2370.0,2370.1,2367.2,2367.7,25591
1774850400,2367.7,2369.4,2365.7,2368.6,58361
1774850700,2368.6,2380.0,2368.3,2379.3,76146
1774851000,2378.2,2379.3,2371.6,2371.8,45703
1774851300,2372.3,2372.3,2366.8,2368.6,35676
1774851600,2368.0,2371.1,2366.0,2371.0,21206
1774851900,2371.1,2377.7,2370.7,2377.5,69913
1774852200,2377.5,2387.8,2377.0,2387.1,81011
1774852500,2387.5,2394.7,2387.4,2389.4,83782
1774852800,2389.5,2396.2,2389.0,2393.4,93401
1774853100,2393.7,2394.5,2391.5,2393.0,26632
1774853400,2392.9,2394.2,2390.2,2391.4,20565
1774853700,2391.1,2392.8,2388.3,2390.6,65793
1774854000,2390.6,2390.9,2388.0,2390.6,34526
1774854300,2390.6,2393.0,2390.0,2391.4,23435
1774854600,2391.1,2392.9,2390.0,2390.6,16043
1774854900,2390.8,2391.1,2386.0,2386.5,36932
1774855200,2386.5,2387.9,2385.0,2387.2,35253
1774855500,2387.0,2387.9,2385.0,2385.9,19641
1774855800,2385.9,2386.6,2379.0,2379.0,48159
1774856100,2379.5,2383.1,2377.5,2381.3,20851
1774856400,2381.6,2384.0,2380.0,2383.6,41029
1774856700,2383.6,2384.0,2372.0,2372.2,66066
1774857000,2372.2,2378.1,2371.8,2375.2,31043
1774857300,2375.2,2376.6,2372.8,2374.3,26493
1774857600,2374.3,2374.5,2371.4,2373.3,26554
1774857900,2373.7,2374.7,2372.7,2373.7,28995
1774858200,2373.6,2375.0,2365.2,2365.7,46656
1774858500,2365.6,2367.7,2363.0,2363.4,36566
1774858800,2363.0,2363.4,2351.8,2352.3,93396
1774859100,2351.9,2357.4,2351.9,2355.5,28102
1774859400,2355.2,2362.3,2355.0,2356.4,64876
1774859700,2356.6,2359.2,2356.0,2356.4,30539
1774860000,2356.8,2356.9,2351.0,2352.3,35942
1774860300,2352.2,2354.6,2351.8,2352.7,24828
1774860600,2352.8,2353.5,2350.0,2350.0,56837
1774860900,2350.0,2351.0,2346.2,2347.4,81860
1774861200,2347.8,2354.5,2347.4,2348.9,83700
1774861500,2349.5,2354.1,2348.4,2351.9,39603
1774861800,2352.0,2355.5,2351.4,2352.0,60961
1774862100,2352.0,2353.3,2350.0,2351.7,50817
1774862400,2351.7,2355.9,2351.6,2354.4,66939
1774862700,2354.6,2355.6,2353.5,2355.1,49945
1774863000,2355.1,2356.9,2353.0,2355.0,385935
1774863300,2355.1,2357.0,2354.1,2356.8,266845
1774863600,2356.8,2361.1,2356.7,2359.6,281127
1774863900,2359.6,2363.5,2359.0,2360.4,281957
1774864200,2360.4,2362.9,2360.1,2362.9,227238
1774864500,2362.9,2368.4,2360.0,2365.0,224368
1775015100,2429.0,2432.9,2408.3,2414.0,280263
1775015400,2414.5,2431.8,2413.6,2429.2,116059
1775015700,2429.5,2443.3,2428.3,2442.0,104803
1775016000,2443.0,2446.6,2435.2,2441.1,93499
1775016300,2441.1,2446.9,2438.6,2440.4,52630
1775016600,2440.4,2454.0,2439.8,2448.6,124070
1775016900,2448.5,2458.8,2447.7,2457.5,77756
1775017200,2456.5,2466.7,2455.6,2465.3,107158
1775017500,2466.1,2467.0,2462.6,2462.9,43627
1775017800,2463.0,2468.8,2459.4,2468.4,42555
1775018100,2468.5,2471.2,2465.3,2467.9,44577
1775018400,2467.9,2468.1,2458.2,2461.6,48968
1775018700,2461.5,2465.0,2461.0,2465.0,26390
1775019000,2465.0,2472.0,2456.6,2459.8,92130
1775019300,2458.1,2459.2,2451.5,2458.0,59296
1775019600,2457.6,2461.1,2453.5,2455.8,23336
1775019900,2455.8,2460.8,2455.1,2457.6,30019
1775020200,2457.3,2460.0,2453.7,2454.0,35718
1775020500,2453.6,2454.6,2449.0,2450.0,43219
1775020800,2450.0,2455.0,2448.0,2451.2,25454
1775021100,2451.4,2453.7,2450.0,2451.8,16458
1775021400,2451.4,2452.5,2445.0,2445.5,93377
1775021700,2445.5,2450.0,2444.7,2448.6,34151
1775022000,2448.9,2451.1,2445.9,2446.5,29999
1775022300,2446.5,2451.0,2445.1,2451.0,28116
1775022600,2450.9,2453.7,2445.6,2450.1,45198
1775022900,2449.4,2452.7,2446.1,2448.0,37024
1775023200,2448.0,2450.0,2445.5,2445.8,33836
1775023500,2445.8,2449.8,2445.8,2447.5,33574
1775023800,2448.4,2448.6,2447.0,2447.4,27483
1775024100,2448.2,2448.4,2441.6,2445.5,58569
1775024400,2445.0,2447.5,2444.2,2446.5,37824
1775024700,2446.5,2448.7,2445.6,2447.7,21686
1775025000,2448.3,2450.9,2446.3,2449.6,56138
1775025300,2449.6,2452.1,2448.2,2449.4,101269
1775025600,2448.8,2450.9,2447.1,2450.0,28032
1775025900,2449.4,2450.0,2445.0,2446.0,52884
1775026200,2445.8,2445.8,2437.8,2437.8,106028
1775026500,2437.3,2439.6,2435.1,2437.3,44066
1775026800,2437.3,2440.8,2433.8,2434.5,35118
1775027100,2434.3,2438.6,2432.4,2438.3,44413
1775027400,2438.3,2441.0,2434.0,2436.6,59447
1775027700,2436.7,2440.0,2435.5,2437.5,40236
1775028000,2437.5,2438.6,2434.3,2435.2,22953
1775028300,2435.7,2438.1,2434.0,2434.9,33764
1775028600,2434.9,2435.7,2432.7,2434.0,34575
1775028900,2433.8,2435.1,2425.0,2426.0,46919
1775029200,2426.1,2434.9,2425.3,2434.1,59481
1775029500,2434.9,2440.0,2430.0,2430.5,62377
1775029800,2430.7,2430.7,2426.5,2428.9,19685
1775030100,2428.9,2429.2,2425.0,2425.2,26619
1775030400,2425.3,2425.3,2418.0,2420.9,52207
1775030700,2420.2,2420.5,2416.2,2418.2,27232
1775031000,2418.4,2418.4,2406.6,2410.5,68395
1775031300,2410.4,2416.7,2409.0,2413.8,34078
1775031600,2413.8,2415.8,2412.1,2413.9,16517
1775031900,2413.9,2418.1,2413.5,2414.4,18068
1775032200,2414.4,2416.9,2413.6,2415.2,25386
1775032500,2415.0,2416.0,2413.6,2416.0,19382
1775032800,2415.8,2415.9,2412.0,2415.7,22521
1775033100,2415.7,2416.0,2410.0,2412.1,31311
1775033400,2412.1,2412.1,2408.9,2410.5,32804
1775033700,2410.5,2410.9,2406.8,2408.4,20770
1775034000,2408.3,2412.0,2408.1,2409.0,33571
1775034300,2408.9,2409.6,2401.0,2401.7,48505
1775034600,2401.7,2405.0,2400.0,2403.6,51040
1775034900,2403.6,2403.6,2397.9,2401.0,45852
1775035200,2401.0,2406.7,2401.0,2403.5,46177
1775035500,2403.5,2408.4,2403.1,2403.8,34004
1775035800,2404.1,2409.5,2404.1,2405.4,130699
1775036100,2405.5,2409.4,2404.9,2408.8,88441
1775036400,2409.1,2411.8,2408.2,2410.2,91519
1775036700,2410.0,2410.0,2406.0,2406.0,71088
1775037000,2406.7,2412.4,2405.3,2412.4,68708
1775037300,2412.2,2414.0,2409.1,2411.0,73345
1775101500,2386.0,2403.9,2375.7,2392.0,212061
1775101800,2391.1,2405.0,2390.2,2404.3,44126
1775102100,2404.0,2411.0,2396.4,2403.7,59225
1775102400,2405.9,2410.0,2400.0,2402.4,54333
1775102700,2402.4,2406.8,2400.3,2401.5,36947
1775103000,2401.1,2415.0,2398.4,2412.6,135751
1775103300,2412.6,2417.0,2402.0,2403.5,80666
1775103600,2402.8,2409.8,2402.8,2409.4,37650
1775103900,2409.4,2410.9,2401.1,2404.8,45355
1775104200,2404.8,2408.0,2401.3,2406.2,35489
1775104500,2406.2,2406.2,2400.5,2404.2,35605
1775104800,2404.3,2405.0,2401.8,2404.8,29726
1775105100,2404.1,2415.0,2402.0,2414.3,62467
1775105400,2415.0,2416.2,2409.2,2411.7,56064
1775105700,2411.7,2419.7,2411.7,2417.8,52562
1775106000,2417.8,2421.8,2415.0,2417.7,53221
1775106300,2418.9,2419.9,2415.8,2419.3,29473
1775106600,2419.3,2419.6,2410.7,2411.2,49845
1775106900,2411.4,2416.7,2411.4,2413.5,32736
1775107200,2413.2,2414.0,2411.5,2412.5,25919
1775107500,2412.5,2414.4,2408.4,2409.5,117920
1775107800,2408.6,2410.0,2406.2,2409.0,90362
1775108100,2409.4,2410.0,2404.2,2406.0,57254
1775108400,2406.0,2406.4,2403.9,2405.8,42324
1775108700,2405.3,2409.9,2403.0,2404.2,120627
1775109000,2404.2,2408.4,2403.4,2405.5,35883
1775109300,2405.5,2410.0,2405.2,2410.0,37224
1775109600,2409.3,2414.7,2406.2,2407.6,132873
1775109900,2407.6,2411.2,2406.6,2411.1,56191
1775110200,2411.1,2413.1,2409.0,2409.6,70207
1775110500,2409.5,2411.0,2409.1,2409.8,44424
1775110800,2409.9,2414.2,2406.0,2407.5,89797
1775111100,2407.5,2410.9,2405.1,2409.2,44832
1775111400,2407.9,2409.5,2406.2,2407.9,42866
1775111700,2407.9,2407.9,2403.1,2406.8,44908
1775112000,2406.7,2407.1,2405.3,2406.6,17294
1775112300,2407.1,2407.7,2403.0,2405.2,39020
1775112600,2405.2,2407.0,2404.1,2407.0,27010
1775112900,2407.0,2411.0,2406.4,2411.0,32037
1775113200,2411.0,2411.9,2408.2,2411.9,18610
1775113500,2411.9,2416.6,2410.9,2412.3,33449
1775113800,2412.3,2413.6,2410.9,2412.8,15579
1775114100,2412.8,2413.0,2410.6,2411.7,17588
1775114400,2411.8,2411.9,2408.6,2409.0,35928
1775114700,2409.5,2412.0,2408.7,2411.2,26504
1775115000,2411.0,2418.7,2410.2,2416.7,77464
1775115300,2416.7,2418.6,2411.0,2418.5,46481
1775115600,2418.5,2420.4,2415.2,2419.5,75778
1775115900,2419.5,2424.5,2419.1,2423.2,69355
1775116200,2423.5,2439.0,2420.6,2437.5,140962
1775116500,2438.4,2446.7,2436.6,2446.0,127718
1775116800,2445.9,2448.0,2440.0,2446.7,99014
1775117100,2446.7,2453.6,2445.7,2449.0,87272
1775117400,2449.0,2455.0,2448.1,2453.8,68310
1775117700,2453.1,2453.9,2446.5,2449.8,58402
1775118000,2449.8,2453.6,2442.7,2442.7,114501
1775118300,2442.7,2443.7,2438.1,2442.8,73482
1775118600,2443.2,2444.9,2436.1,2444.4,74627
1775118900,2444.4,2449.1,2443.0,2447.6,35924
1775119200,2448.5,2454.0,2448.3,2453.0,88894
1775119500,2453.5,2454.4,2447.8,2450.5,49100
1775119800,2451.0,2454.0,2449.4,2454.0,40356
1775120100,2453.1,2465.0,2452.9,2461.4,118323
1775120400,2462.3,2469.9,2461.4,2464.0,99634
1775120700,2464.0,2465.9,2457.0,2458.5,67963
1775121000,2458.8,2459.4,2450.5,2452.0,152942
1775121300,2452.0,2453.7,2448.9,2449.3,96787
1775121600,2449.3,2454.9,2449.1,2452.5,82234
1775121900,2452.5,2456.8,2452.0,2453.5,78279
1775122200,2453.8,2454.1,2449.0,2451.9,174338
1775122500,2451.7,2457.8,2449.2,2454.8,140915
1775122800,2454.7,2457.8,2453.6,2455.7,105794
1775123100,2456.4,2458.0,2448.3,2448.6,143799
1775123400,2448.4,2448.4,2442.0,2446.1,186071
1775123700,2446.1,2448.0,2445.0,2445.8,124080
1775447100,2474.0,2474.0,2450.0,2472.3,162884
1775447400,2473.5,2479.0,2469.2,2475.4,99280
1775447700,2476.5,2476.5,2464.0,2465.7,67100
1775448000,2465.3,2469.2,2458.0,2463.0,44878
1775448300,2463.6,2467.7,2456.1,2458.4,46628
1775448600,2458.6,2459.0,2448.2,2455.2,57899
1775448900,2455.0,2455.2,2449.4,2451.5,25702
1775449200,2450.6,2455.9,2449.1,2452.0,29215
1775449500,2452.3,2455.9,2451.6,2455.6,15316
1775449800,2455.6,2457.5,2453.0,2455.5,24405
1775450100,2455.2,2461.6,2455.0,2459.2,28346
1775450400,2459.2,2463.6,2457.0,2460.8,19309
1775450700,2460.8,2463.0,2455.5,2457.0,22343
1775451000,2456.7,2459.3,2454.1,2456.7,29163
1775451300,2456.7,2462.3,2454.6,2461.3,20832
1775451600,2461.3,2461.3,2457.0,2461.0,12449
1775451900,2460.3,2461.5,2457.5,2459.9,14310
1775452200,2459.9,2461.0,2458.0,2460.2,14967
1775452500,2460.5,2462.0,2456.1,2461.9,19572
1775452800,2461.5,2463.0,2457.1,2459.3,22494
1775453100,2459.5,2464.9,2456.5,2463.3,31686
1775453400,2463.0,2464.0,2458.1,2458.9,41893
1775453700,2458.8,2460.0,2457.8,2458.7,19939
1775454000,2458.7,2458.7,2451.1,2451.3,50287
1775454300,2451.3,2458.3,2451.2,2458.2,22623
1775454600,2458.2,2459.2,2454.1,2457.9,30554
1775454900,2457.9,2457.9,2453.2,2455.0,19175
1775455200,2455.4,2455.7,2449.3,2454.0,50356
1775455500,2454.3,2458.0,2453.0,2456.4,18362
1775455800,2456.3,2459.0,2452.3,2456.7,24725
1775456100,2456.4,2459.1,2453.0,2455.0,39676
1775456400,2455.2,2457.7,2453.0,2455.0,22834
1775456700,2455.8,2459.0,2453.8,2455.9,30409
1775457000,2456.3,2457.7,2454.3,2457.2,25320
1775457300,2457.2,2459.6,2456.0,2457.0,29310
1775457600,2457.1,2458.5,2455.0,2456.7,42582
1775457900,2456.7,2458.5,2455.9,2456.5,14218
1775458200,2456.5,2468.8,2456.4,2462.9,82042
1775458500,2462.3,2467.8,2461.9,2466.2,26037
1775458800,2466.1,2466.1,2455.6,2457.5,33643
1775459100,2457.5,2460.2,2455.6,2458.8,30523
1775459400,2458.2,2459.9,2454.0,2457.9,27560
1775459700,2457.8,2466.6,2457.8,2465.6,33558
1775460000,2465.5,2471.0,2465.2,2470.8,48613
1775460300,2470.7,2474.1,2469.8,2473.4,44523
1775460600,2473.4,2474.8,2470.6,2473.9,46201
1775460900,2473.3,2477.4,2473.0,2475.2,45250
1775461200,2475.6,2482.0,2475.6,2480.0,61120
1775461500,2480.0,2481.3,2477.8,2478.0,39640
1775461800,2477.9,2480.5,2475.1,2476.4,26872
1775462100,2476.4,2477.1,2472.1,2472.9,28828
1775462400,2473.0,2477.0,2472.9,2474.3,16407
1775462700,2474.3,2475.0,2469.2,2469.5,20768
1775463000,2469.5,2473.6,2468.0,2471.6,37780
1775463300,2471.8,2473.0,2468.4,2468.7,37497
1775463600,2468.6,2473.9,2468.6,2473.9,27021
1775463900,2473.9,2475.0,2470.3,2471.1,26040
1775464200,2471.1,2474.7,2471.0,2473.0,14926
1775464500,2472.6,2473.4,2470.5,2470.8,13355
1775464800,2470.5,2474.8,2470.0,2471.6,29935
1775465100,2471.6,2474.9,2471.0,2472.2,40338
1775465400,2472.2,2474.4,2472.0,2472.3,18686
1775465700,2472.3,2473.9,2470.4,2470.7,30875
1775466000,2470.7,2473.6,2470.0,2472.0,29098
1775466300,2472.1,2473.7,2468.3,2469.0,23395
1775466600,2469.0,2472.1,2469.0,2470.6,13898
1775466900,2470.5,2471.8,2468.3,2471.2,17680
1775467200,2471.3,2472.0,2468.7,2470.4,21845
1775467500,2470.4,2473.8,2468.6,2472.9,29969
1775467800,2472.1,2477.9,2472.1,2474.5,59158
1775468100,2473.7,2475.0,2472.3,2474.5,20385
1775468400,2474.6,2476.0,2472.5,2475.6,31022
1775468700,2475.5,2476.0,2471.0,2471.9,39342
1775469000,2471.8,2474.3,2471.0,2473.3,36775
1775469300,2473.3,2474.8,2471.0,2474.8,50297
1775533500,2461.0,2466.3,2448.0,2462.0,86334
1775533800,2461.8,2480.9,2461.0,2478.4,101419
1775534100,2478.2,2489.0,2477.8,2486.2,111700
1775534400,2486.7,2492.9,2486.5,2486.6,43585
1775534700,2487.5,2487.5,2475.0,2476.5,65193
1775535000,2476.5,2477.1,2465.5,2470.7,48527
1775535300,2471.4,2484.4,2471.0,2483.5,36647
1775535600,2483.6,2490.9,2481.8,2485.3,40469
1775535900,2487.0,2496.0,2486.2,2494.6,43792
1775536200,2495.0,2498.9,2491.7,2496.9,41947
1775536500,2496.9,2500.0,2496.1,2498.1,36539
1775536800,2498.3,2500.0,2495.2,2499.8,23834
1775537100,2499.5,2505.9,2498.2,2505.0,86473
1775537400,2504.4,2506.0,2501.2,2503.0,115684
1775537700,2503.6,2505.4,2500.1,2503.7,36201
1775538000,2504.3,2504.3,2499.5,2500.3,26795
1775538300,2501.2,2504.5,2497.4,2504.5,29222
1775538600,2504.7,2511.0,2504.2,2510.7,70034
1775538900,2510.6,2514.0,2510.0,2512.0,38494
1775539200,2512.0,2515.0,2509.2,2511.9,48675
1775539500,2511.9,2516.9,2509.1,2511.5,57927
1775539800,2510.8,2516.0,2510.3,2513.5,29450
1775540100,2513.6,2524.6,2512.7,2521.3,82395
1775540400,2521.3,2527.8,2520.6,2523.9,71451
1775540700,2523.9,2529.9,2522.5,2526.2,53224
1775541000,2527.0,2533.0,2523.9,2529.1,79183
1775541300,2529.2,2533.0,2527.0,2532.5,43687
1775541600,2532.5,2535.2,2531.2,2534.9,43057
1775541900,2535.2,2538.0,2532.6,2534.7,46555
1775542200,2534.7,2539.0,2531.9,2535.3,59466
1775542500,2535.3,2535.9,2526.0,2531.9,169855
1775542800,2532.6,2538.0,2532.4,2537.6,111015
1775543100,2537.6,2543.9,2537.0,2539.3,183890
1775543400,2539.3,2540.2,2531.1,2532.2,89968
1775543700,2532.0,2538.1,2530.0,2537.9,49644
1775544000,2537.1,2538.0,2530.0,2536.2,41035
1775544300,2535.6,2537.8,2532.6,2533.3,30892
1775544600,2533.3,2533.8,2526.8,2529.0,47771
1775544900,2529.0,2531.0,2527.1,2530.0,50886
1775545200,2530.0,2533.9,2530.0,2532.7,48921
1775545500,2532.4,2533.3,2530.2,2533.0,54273
1775545800,2533.2,2533.6,2529.8,2531.3,38524
1775546100,2531.3,2531.8,2526.9,2526.9,39043
1775546400,2526.8,2530.9,2526.1,2528.9,60272
1775546700,2529.3,2529.8,2521.3,2522.2,58361
1775547000,2523.0,2528.1,2521.0,2527.6,49576
1775547300,2527.7,2527.8,2522.3,2524.0,31275
1775547600,2524.4,2529.2,2523.2,2526.7,38408
1775547900,2527.5,2533.0,2527.4,2532.3,28351
1775548200,2532.3,2532.9,2528.9,2531.0,38358
1775548500,2531.0,2532.5,2527.3,2530.8,12813
1775548800,2530.9,2536.9,2530.7,2533.2,36641
1775549100,2533.3,2533.8,2530.0,2532.8,25728
1775549400,2532.8,2536.1,2531.0,2533.8,41675
1775549700,2534.0,2536.5,2532.3,2534.0,29020
1775550000,2534.0,2535.0,2530.0,2533.4,39868
1775550300,2533.4,2534.3,2526.6,2529.2,37249
1775550600,2529.6,2532.4,2528.0,2530.4,28096
1775550900,2530.4,2532.0,2528.0,2531.0,24490
1775551200,2531.0,2531.5,2527.0,2530.0,41007
1775551500,2530.1,2531.9,2527.5,2529.4,20083
1775551800,2529.0,2529.8,2526.5,2529.6,17415
1775552100,2530.0,2533.3,2528.2,2530.9,27989
1775552400,2530.9,2537.8,2530.1,2535.1,61696
1775552700,2535.9,2536.0,2531.2,2533.9,27907
1775553000,2534.3,2538.0,2533.0,2536.7,38361
1775553300,2536.7,2538.0,2535.0,2538.0,26592
1775553600,2538.0,2539.0,2536.2,2537.5,31650
1775553900,2537.5,2541.7,2537.5,2540.6,75691
1775554200,2540.5,2540.5,2535.2,2538.2,145927
1775554500,2537.6,2541.3,2537.0,2540.0,143556
1775554800,2540.2,2543.0,2539.0,2540.0,135958
1775555100,2539.9,2540.3,2537.8,2538.3,157570
1775555400,2538.7,2542.0,2538.7,2541.7,171958
1775555700,2541.5,2543.9,2539.1,2541.3,151291
1775619900,2572.0,2580.3,2547.6,2552.4,556647
1775620200,2551.7,2560.2,2544.5,2548.5,228977
1775620500,2548.4,2550.0,2540.2,2545.8,190928
1775620800,2544.8,2550.7,2541.0,2541.9,105080
1775621100,2541.9,2549.0,2541.1,2545.9,70325
1775621400,2546.4,2556.0,2540.1,2555.6,93106
1775621700,2555.7,2559.9,2552.3,2553.3,141449
1775622000,2553.7,2559.5,2546.1,2548.2,104377
1775622300,2547.7,2554.8,2547.0,2553.9,64725
1775622600,2553.9,2557.0,2551.7,2552.7,78873
1775622900,2552.7,2557.2,2550.5,2551.6,79149
1775623200,2551.6,2552.5,2548.0,2550.7,80512
1775623500,2550.8,2551.2,2545.0,2549.4,100469
1775623800,2549.7,2551.7,2544.5,2547.6,87634
1775624100,2547.5,2547.7,2543.4,2545.6,51484
1775624400,2545.6,2547.3,2543.1,2547.3,36781
1775624700,2547.3,2554.0,2545.9,2553.2,58144
1775625000,2552.6,2560.8,2552.0,2560.6,75349
1775625300,2560.9,2565.0,2556.0,2562.0,72685
1775625600,2562.0,2562.9,2555.6,2561.6,39157
1775625900,2559.4,2563.8,2557.5,2563.2,31340
1775626200,2563.2,2563.2,2557.3,2562.0,42478
1775626500,2562.0,2566.0,2561.2,2562.2,49801
1775626800,2562.2,2564.0,2558.5,2560.2,31652
1775627100,2560.5,2561.4,2555.9,2560.0,22721
1775627400,2560.0,2567.0,2559.7,2565.1,59747
1775627700,2565.1,2566.0,2559.5,2564.7,49850
1775628000,2564.7,2564.7,2558.0,2560.5,49376
1775628300,2560.1,2564.5,2560.1,2564.5,55825
1775628600,2564.2,2568.0,2563.0,2567.0,35721
1775628900,2567.1,2575.0,2567.1,2569.9,66773
1775629200,2569.8,2569.8,2560.2,2561.5,39028
1775629500,2560.0,2564.5,2558.5,2562.6,49634
1775629800,2562.8,2564.9,2561.1,2564.6,14949
1775630100,2564.9,2567.4,2564.2,2566.5,20004
1775630400,2566.5,2567.3,2564.1,2565.0,18434
1775630700,2565.0,2571.1,2564.1,2570.3,25299
1775631000,2570.3,2570.7,2566.9,2566.9,15909
1775631300,2567.4,2568.9,2565.2,2565.9,14135
1775631600,2565.9,2566.4,2553.9,2555.5,95254
1775631900,2555.4,2557.6,2554.0,2554.5,25341
1775632200,2554.8,2557.1,2552.1,2556.8,22055
1775632500,2556.7,2556.8,2553.1,2553.4,22405
1775632800,2553.7,2555.0,2553.5,2554.6,11337
1775633100,2554.4,2557.3,2554.0,2555.8,11223
1775633400,2555.8,2557.4,2554.2,2556.8,12442
1775633700,2556.7,2557.3,2553.9,2554.3,18171
1775634000,2554.2,2560.4,2554.1,2557.4,27673
1775634300,2557.0,2557.8,2552.0,2552.0,42944
1775634600,2552.0,2552.7,2550.0,2552.0,31942
1775634900,2551.7,2557.0,2551.0,2552.9,33655
1775635200,2551.9,2554.5,2550.1,2551.7,32011
1775635500,2551.7,2567.4,2551.5,2565.3,66232
1775635800,2565.0,2565.3,2555.4,2555.8,90871
1775636100,2555.8,2557.6,2554.0,2557.3,30837
1775636400,2557.5,2559.0,2551.7,2552.8,61442
1775636700,2552.8,2559.1,2552.8,2556.7,31254
1775637000,2556.7,2558.5,2553.5,2553.7,20660
1775637300,2553.7,2554.2,2550.0,2551.2,37635
1775637600,2551.2,2555.0,2550.0,2551.3,47591
1775637900,2551.3,2554.8,2550.1,2554.0,21077
1775638200,2554.0,2557.0,2553.6,2554.9,22326
1775638500,2554.9,2558.4,2554.3,2556.7,45516
1775638800,2556.4,2560.0,2555.6,2557.6,35748
1775639100,2556.5,2560.1,2552.8,2553.8,49485
1775639400,2553.7,2558.0,2552.3,2555.1,33180
1775639700,2556.3,2557.4,2552.0,2554.8,59756
1775640000,2554.8,2557.7,2553.1,2556.0,49994
1775640300,2556.0,2561.4,2555.2,2560.0,52645
1775640600,2560.0,2561.9,2554.0,2559.7,82732
1775640900,2559.5,2561.0,2557.0,2558.2,85858
1775641200,2558.2,2562.3,2558.2,2560.1,74031
1775641500,2560.3,2561.0,2557.4,2559.8,54692
1775641800,2559.8,2563.0,2558.9,2560.8,80877
1775642100,2560.4,2562.0,2550.5,2561.1,182143
1775706300,2554.0,2573.0,2531.1,2553.0,217783
1775706600,2552.5,2569.9,2550.0,2568.4,136803
1775706900,2569.4,2578.2,2567.4,2572.1,124176
1775707200,2572.1,2576.0,2563.0,2566.5,111117
1775707500,2566.9,2576.4,2565.0,2567.8,78432
1775707800,2568.5,2568.8,2555.5,2557.3,76384
1775708100,2557.3,2563.6,2552.9,2562.0,80083
1775708400,2562.0,2570.9,2560.5,2567.4,71468
1775708700,2568.5,2569.1,2561.0,2564.2,50578
1775709000,2564.2,2567.0,2561.1,2563.8,45229
1775709300,2562.9,2567.4,2555.0,2558.2,71020
1775709600,2558.2,2566.3,2558.2,2563.4,85349
1775709900,2563.4,2567.2,2552.4,2567.0,126715
1775710200,2566.8,2570.6,2556.3,2562.2,92332
1775710500,2562.2,2564.4,2552.7,2562.8,120476
1775710800,2562.5,2564.6,2559.7,2562.8,31130
1775711100,2562.8,2565.0,2557.4,2563.6,53196
1775711400,2563.0,2565.7,2561.3,2564.3,38390
1775711700,2564.8,2567.0,2562.6,2565.8,20316
1775712000,2565.4,2566.8,2561.1,2562.9,41663
1775712300,2563.8,2566.0,2560.2,2564.3,18214
1775712600,2564.3,2569.7,2561.2,2567.6,61583
1775712900,2568.5,2570.0,2564.5,2567.3,47180
1775713200,2567.3,2570.7,2564.6,2566.0,70399
1775713500,2567.3,2571.0,2565.5,2566.3,36840
1775713800,2566.3,2569.1,2561.0,2568.5,155666
1775714100,2568.5,2578.0,2567.6,2578.0,83986
1775714400,2577.9,2588.9,2576.0,2586.7,201233
1775714700,2586.5,2587.4,2580.0,2585.2,67788
1775715000,2585.1,2589.9,2583.2,2585.7,68058
1775715300,2585.5,2596.9,2583.2,2596.9,112391
1775715600,2596.7,2597.0,2588.0,2591.2,88558
1775715900,2591.9,2593.4,2587.2,2592.7,65937
1775716200,2592.8,2599.0,2589.2,2589.5,86264
1775716500,2589.6,2595.0,2587.0,2593.9,56786
1775716800,2593.8,2593.8,2588.0,2588.6,28588
1775717100,2588.0,2588.7,2583.0,2584.6,37268
1775717400,2584.0,2589.6,2583.0,2585.7,57326
1775717700,2585.7,2592.0,2583.5,2590.5,45408
1775718000,2589.9,2591.8,2585.8,2589.8,33720
1775718300,2590.0,2592.0,2588.0,2590.4,33391
1775718600,2589.2,2591.9,2589.2,2590.9,17893
1775718900,2590.7,2594.2,2587.9,2592.1,28058
1775719200,2590.8,2600.9,2590.2,2597.3,79992
1775719500,2597.1,2605.0,2597.1,2603.0,88653
1775719800,2603.6,2605.0,2595.2,2597.0,69491
1775720100,2597.6,2597.7,2593.2,2595.1,27516
1775720400,2595.3,2600.6,2595.0,2598.5,39904
1775720700,2598.7,2598.9,2596.1,2596.2,17345
1775721000,2597.2,2597.3,2587.8,2588.4,44411
1775721300,2588.4,2590.0,2586.0,2587.4,38221
1775721600,2587.5,2591.5,2587.0,2590.2,81151
1775721900,2590.2,2592.5,2587.5,2587.5,50429
1775722200,2586.4,2586.7,2582.0,2585.2,66562
1775722500,2584.9,2586.9,2581.2,2585.2,113367
1775722800,2584.8,2589.1,2581.4,2584.1,65394
1775723100,2584.1,2585.2,2580.1,2582.3,34412
1775723400,2582.7,2583.9,2580.5,2583.4,20110
1775723700,2582.4,2583.8,2580.0,2582.0,87354
1775724000,2582.4,2582.9,2578.1,2580.0,121988
1775724300,2580.0,2581.0,2576.2,2577.2,37625
1775724600,2577.2,2581.1,2575.2,2576.7,41137
1775724900,2576.7,2576.8,2572.2,2573.0,36345
1775725200,2573.0,2575.0,2568.8,2574.2,50646
1775725500,2574.2,2579.5,2574.0,2575.8,43725
1775725800,2575.8,2583.0,2575.0,2577.1,52740
1775726100,2577.0,2581.9,2576.4,2580.9,44249
1775726400,2580.9,2583.0,2576.1,2581.0,65935
1775726700,2581.0,2585.8,2580.0,2580.6,60402
1775727000,2580.9,2586.1,2580.1,2584.5,169689
1775727300,2583.1,2595.4,2581.0,2592.3,150927
1775727600,2591.2,2591.9,2587.2,2588.6,122196
1775727900,2588.7,2590.0,2585.1,2586.2,108928
1775728200,2586.6,2595.0,2586.0,2594.9,145063
1775728500,2594.9,2596.3,2583.0,2589.9,239183
1775792700,2565.8,2565.8,2530.1,2547.3,1171551
1775793000,2548.0,2550.0,2536.1,2537.2,618803
1775793300,2536.8,2546.8,2532.6,2541.1,357781
1775793600,2540.7,2542.1,2530.7,2531.5,278421
1775793900,2531.5,2534.4,2510.0,2516.8,554268
1775794200,2516.9,2518.0,2506.1,2510.0,353746
1775794500,2509.3,2514.8,2505.0,2511.7,266696
1775794800,2511.7,2516.1,2510.7,2513.5,194134
1775795100,2513.0,2519.5,2512.2,2516.3,148872
1775795400,2516.0,2517.0,2511.0,2513.0,125063
1775795700,2513.4,2514.2,2507.5,2513.1,233779
1775796000,2513.5,2516.0,2510.4,2511.0,105237
1775796300,2511.0,2515.8,2508.7,2511.0,167281
1775796600,2511.0,2516.0,2510.0,2516.0,75671
1775796900,2516.0,2517.7,2514.8,2517.5,68170
1775797200,2517.7,2518.8,2512.6,2516.0,65663
1775797500,2516.0,2516.4,2511.0,2514.0,85766
1775797800,2514.1,2514.6,2508.0,2508.3,138696
1775798100,2508.1,2510.9,2507.0,2509.8,90270
1775798400,2509.7,2512.5,2508.0,2509.1,86945
1775798700,2508.9,2509.3,2502.0,2504.9,240148
1775799000,2504.9,2505.0,2501.2,2504.0,135580
1775799300,2504.0,2504.4,2501.2,2502.5,87510
1775799600,2502.5,2510.0,2501.1,2507.6,105487
1775799900,2507.8,2507.9,2503.0,2504.0,51654
1775800200,2504.4,2506.3,2503.1,2504.1,45368
1775800500,2504.0,2508.0,2504.0,2507.2,40707
1775800800,2507.2,2509.8,2505.0,2508.8,49855
1775801100,2508.8,2509.0,2502.2,2503.0,72488
1775801400,2503.5,2506.0,2502.5,2505.0,36337
1775801700,2505.0,2508.0,2503.0,2505.3,55873
1775802000,2505.3,2508.5,2504.1,2506.6,37542
1775802300,2506.6,2507.9,2505.2,2506.7,25752
1775802600,2506.7,2507.2,2504.3,2506.5,34509
1775802900,2506.5,2508.5,2506.0,2508.0,37645
1775803200,2508.0,2511.7,2506.8,2511.0,100401
1775803500,2510.7,2512.0,2508.2,2510.8,66328
1775803800,2510.9,2511.0,2508.0,2510.3,35386
1775804100,2510.9,2514.8,2507.8,2507.8,110190
1775804400,2507.7,2509.2,2505.4,2507.1,57780
1775804700,2506.9,2509.3,2506.5,2509.2,33234
1775805000,2509.3,2512.2,2509.1,2511.9,50320
1775805300,2511.9,2515.0,2511.5,2514.4,90112
1775805600,2514.0,2515.7,2510.1,2511.9,62903
1775805900,2512.0,2515.0,2509.5,2513.2,85574
1775806200,2513.0,2516.7,2512.5,2514.5,57403
1775806500,2514.6,2515.5,2512.0,2513.0,40572
1775806800,2513.0,2513.0,2510.9,2512.6,33175
1775807100,2512.7,2515.4,2512.1,2512.9,41206
1775807400,2512.9,2514.5,2512.5,2514.2,23861
1775807700,2514.4,2514.4,2513.0,2513.9,20036
1775808000,2514.1,2524.2,2513.8,2522.7,325202
1775808300,2522.1,2524.7,2520.6,2522.5,96002
1775808600,2522.5,2530.9,2521.8,2528.5,321696
1775808900,2528.2,2531.9,2526.9,2527.6,164340
1775809200,2527.4,2530.0,2526.0,2527.7,91115
1775809500,2527.7,2528.0,2521.2,2525.0,90545
1775809800,2525.0,2525.7,2515.5,2517.8,113267
1775810100,2517.9,2520.4,2516.3,2517.9,40606
1775810400,2517.9,2521.5,2516.0,2517.9,87297
1775810700,2517.8,2518.6,2512.8,2516.1,80895
1775811000,2516.3,2517.7,2512.3,2512.9,55001
1775811300,2512.9,2515.8,2511.2,2514.7,57475
1775811600,2515.1,2517.3,2513.4,2514.1,96190
1775811900,2514.1,2515.9,2513.0,2514.1,43326
1775812200,2515.0,2517.5,2513.9,2516.6,47564
1775812500,2516.7,2519.4,2513.5,2519.4,68252
1775812800,2519.5,2520.9,2516.8,2518.7,75534
1775813100,2518.7,2519.8,2516.9,2518.3,48384
1775813400,2518.2,2522.0,2517.6,2520.3,142039
1775813700,2521.0,2523.0,2521.0,2522.2,164880
1775814000,2522.4,2527.3,2522.1,2527.0,260594
1775814300,2526.0,2528.0,2525.1,2526.7,283752
1775814600,2526.1,2527.0,2522.3,2524.0,220558
1775814900,2524.0,2524.7,2520.0,2523.0,186992
1776051900,2489.9,2504.9,2485.0,2491.1,249161
1776052200,2491.1,2498.0,2479.0,2484.7,129926
1776052500,2484.3,2488.9,2481.0,2483.2,59298
1776052800,2483.7,2483.7,2478.0,2480.8,61739
1776053100,2481.0,2481.5,2475.7,2480.0,72915
1776053400,2479.6,2485.0,2477.0,2480.0,52781
1776053700,2480.0,2480.0,2475.0,2476.2,60036
1776054000,2476.2,2482.2,2476.2,2479.8,52415
1776054300,2479.9,2483.4,2479.0,2480.5,40114
1776054600,2480.1,2483.0,2478.1,2481.9,43089
1776054900,2481.9,2484.0,2480.5,2483.6,28256
1776055200,2483.6,2485.6,2478.3,2480.6,62348
1776055500,2480.3,2482.0,2478.0,2481.8,32852
1776055800,2482.2,2487.7,2482.2,2485.3,53394
1776056100,2485.3,2487.6,2484.6,2485.1,32360
1776056400,2485.1,2486.2,2484.0,2484.2,15266
1776056700,2484.5,2486.7,2482.6,2485.7,29661
1776057000,2485.7,2488.9,2484.3,2486.6,38290
1776057300,2486.6,2488.0,2485.0,2486.2,23202
1776057600,2486.3,2487.7,2483.8,2486.1,49362
1776057900,2486.2,2489.7,2485.6,2489.4,42871
1776058200,2488.5,2490.0,2484.0,2486.1,47930
1776058500,2486.4,2489.0,2486.0,2488.5,13630
1776058800,2489.0,2489.9,2486.0,2486.3,21108
1776059100,2486.9,2487.2,2485.0,2485.1,20186
1776059400,2485.1,2488.0,2481.3,2487.0,44411
1776059700,2486.8,2490.5,2486.0,2488.0,39420
1776060000,2488.2,2488.2,2484.1,2485.0,18683
1776060300,2485.0,2487.8,2483.6,2486.8,33791
1776060600,2486.8,2487.1,2481.0,2482.5,58019
1776060900,2483.0,2484.2,2482.0,2483.7,17438
1776061200,2484.3,2486.7,2481.0,2483.1,61963
1776061500,2483.4,2484.5,2479.1,2479.4,62470
1776061800,2479.4,2480.0,2477.0,2479.8,47809
1776062100,2480.0,2481.7,2479.8,2480.9,28454
1776062400,2480.9,2482.2,2480.0,2482.0,26366
1776062700,2481.5,2482.9,2481.5,2482.6,16259
1776063000,2482.6,2483.4,2481.0,2482.0,17061
1776063300,2482.0,2484.0,2482.0,2483.8,12906
1776063600,2483.8,2483.8,2479.8,2479.8,30919
1776063900,2480.0,2480.8,2477.1,2477.5,51944
1776064200,2478.0,2479.8,2477.1,2479.0,21781
1776064500,2479.2,2479.2,2475.1,2478.2,44706
1776064800,2478.5,2479.5,2476.5,2476.8,41649
1776065100,2476.8,2477.4,2474.3,2477.0,58672
1776065400,2477.0,2477.3,2474.2,2474.9,27959
1776065700,2474.9,2477.3,2474.5,2476.6,18812
1776066000,2477.1,2477.9,2475.1,2477.2,19221
1776066300,2477.1,2477.7,2475.0,2476.0,24971
1776066600,2476.4,2477.8,2475.4,2477.1,28262
1776066900,2476.9,2477.7,2476.5,2477.6,15463
1776067200,2477.6,2479.9,2477.1,2479.2,48092
1776067500,2479.2,2479.9,2477.0,2477.5,21501
1776067800,2477.5,2477.7,2476.0,2476.2,30569
1776068100,2476.2,2477.9,2476.0,2476.6,19335
1776068400,2477.7,2479.9,2477.2,2479.9,47590
1776068700,2479.9,2483.8,2479.6,2481.5,58480
1776069000,2481.5,2481.6,2480.0,2481.0,33608
1776069300,2481.0,2481.0,2475.5,2475.7,63631
1776069600,2475.7,2476.9,2475.0,2476.9,58054
1776069900,2476.8,2478.6,2475.1,2477.0,48957
1776070200,2477.0,2478.2,2475.1,2475.8,52944
1776070500,2476.1,2477.3,2473.1,2473.1,65653
1776070800,2472.8,2477.9,2472.3,2476.0,49225
1776071100,2476.1,2477.5,2475.2,2476.1,37504
1776071400,2475.6,2476.5,2474.2,2475.8,37140
1776071700,2476.1,2478.9,2474.7,2478.8,48419
1776072000,2478.7,2478.8,2476.0,2477.5,36562
1776072300,2476.8,2479.6,2476.7,2478.1,56565
1776072600,2478.0,2478.1,2471.2,2472.6,124502
1776072900,2472.6,2475.7,2471.2,2474.8,126301
1776073200,2474.7,2475.9,2472.2,2473.3,98772
1776073500,2473.7,2474.0,2471.1,2471.2,101075
1776073800,2471.3,2472.0,2470.1,2470.3,113421
1776074100,2470.5,2471.9,2470.0,2470.7,106429
1776224700,2501.9,2531.0,2493.4,2529.5,613300
1776225000,2529.5,2553.6,2527.8,2548.2,556951
1776225300,2547.5,2552.4,2543.9,2547.8,192309
1776225600,2547.8,2548.9,2534.0,2534.2,126598
1776225900,2535.2,2543.5,2532.0,2543.2,169133
1776226200,2541.8,2552.8,2541.4,2549.9,149323
1776226500,2549.8,2552.0,2548.0,2548.5,91142
1776226800,2548.7,2550.7,2547.4,2549.5,93252
1776227100,2549.5,2550.0,2545.6,2548.8,70227
1776227400,2549.7,2551.9,2544.0,2551.0,85770
1776227700,2550.5,2551.5,2548.5,2550.3,43020
1776228000,2551.0,2551.9,2548.7,2549.3,41437
1776228300,2549.2,2554.9,2549.1,2552.6,83162
1776228600,2552.7,2552.7,2541.8,2546.4,59945
1776228900,2546.4,2547.0,2542.2,2542.8,53627
1776229200,2543.0,2545.9,2542.5,2543.5,32504
1776229500,2543.5,2543.5,2534.5,2536.0,86931
1776229800,2535.6,2539.5,2534.8,2538.2,42439
1776230100,2537.5,2539.6,2535.3,2535.5,45306
1776230400,2535.6,2535.7,2530.3,2534.6,77347
1776230700,2533.9,2537.4,2533.4,2537.0,26206
1776231000,2537.2,2539.5,2536.1,2537.8,35695
1776231300,2537.8,2538.6,2535.9,2537.3,29994
1776231600,2537.3,2540.7,2536.6,2538.0,59505
1776231900,2538.2,2540.5,2536.0,2538.6,38972
1776232200,2538.7,2539.6,2537.1,2538.6,22438
1776232500,2538.5,2538.6,2536.0,2537.1,22142
1776232800,2536.9,2538.5,2535.6,2535.6,25733
1776233100,2536.1,2542.7,2535.6,2542.3,22529
1776233400,2542.6,2545.0,2542.1,2545.0,22995
1776233700,2545.0,2545.7,2544.0,2545.1,21976
1776234000,2545.2,2545.3,2542.1,2544.7,22969
1776234300,2543.3,2546.4,2543.0,2545.9,39937
1776234600,2545.6,2546.0,2544.4,2544.9,22527
1776234900,2544.9,2545.8,2544.6,2545.8,14498
1776235200,2545.6,2545.9,2544.1,2544.9,14716
1776235500,2544.9,2545.1,2540.8,2543.0,21414
1776235800,2543.0,2543.0,2540.8,2543.0,33070
1776236100,2543.0,2545.6,2542.9,2543.8,19907
1776236400,2543.8,2545.3,2541.7,2544.9,22825
1776236700,2544.9,2548.0,2544.8,2546.7,35387
1776237000,2546.6,2547.7,2542.5,2547.4,36031
1776237300,2547.4,2548.6,2545.5,2547.4,31292
1776237600,2547.1,2548.5,2546.0,2546.3,27116
1776237900,2547.2,2547.3,2542.9,2542.9,27797
1776238200,2543.2,2546.9,2541.0,2543.6,52927
1776238500,2543.7,2545.3,2543.0,2545.2,16445
1776238800,2545.2,2546.0,2544.7,2545.5,16110
1776239100,2545.6,2546.0,2544.3,2546.0,20280
1776239400,2545.9,2546.1,2542.0,2544.6,23130
1776239700,2543.9,2544.4,2541.7,2542.6,23071
1776240000,2542.6,2544.0,2542.2,2543.7,33286
1776240300,2544.0,2544.0,2539.5,2540.5,38770
1776240600,2540.4,2546.0,2540.2,2546.0,27344
1776240900,2546.0,2546.4,2543.6,2544.6,26947
1776241200,2545.0,2546.3,2541.9,2541.9,20496
1776241500,2541.6,2546.0,2541.6,2546.0,19311
1776241800,2546.0,2546.5,2543.9,2545.5,26365
1776242100,2545.5,2547.0,2544.9,2547.0,27662
1776242400,2547.0,2549.0,2546.8,2547.3,48773
1776242700,2547.0,2548.2,2545.4,2546.0,32792
1776243000,2545.9,2548.0,2545.4,2546.9,25022
1776243300,2547.0,2551.0,2546.8,2550.6,61064
1776243600,2550.9,2551.9,2549.6,2551.1,45355
1776243900,2551.9,2552.0,2546.9,2548.1,51617
1776244200,2547.3,2550.0,2547.3,2549.3,29082
1776244500,2549.3,2549.9,2548.3,2549.7,36034
1776244800,2549.1,2552.0,2548.7,2550.8,82941
1776245100,2550.9,2552.8,2550.0,2551.4,59380
1776245400,2551.3,2555.0,2550.7,2554.8,139035
1776245700,2554.5,2556.0,2551.1,2553.4,169672
1776246000,2553.3,2554.5,2552.1,2554.5,151693
1776246300,2554.6,2557.7,2552.8,2556.9,158185
1776246600,2556.9,2559.0,2555.5,2557.0,178077
1776246900,2556.5,2558.1,2552.0,2552.8,140160
1776311100,2572.0,2582.2,2565.9,2577.1,265707
1776311400,2577.9,2591.0,2577.0,2588.9,156537
1776311700,2590.4,2594.0,2584.7,2586.7,149579
1776312000,2586.0,2590.0,2578.0,2580.8,126597
1776312300,2580.1,2584.5,2578.3,2584.0,64602
1776312600,2583.8,2585.0,2580.0,2582.4,49766
1776312900,2583.4,2587.0,2581.1,2581.8,55998
1776313200,2581.8,2586.5,2580.0,2585.0,89272
1776313500,2585.0,2585.0,2575.5,2577.6,59327
1776313800,2576.6,2579.7,2573.5,2578.3,75567
1776314100,2578.5,2579.1,2575.0,2577.6,32940
1776314400,2577.6,2580.0,2568.3,2571.5,96140
1776314700,2571.1,2580.1,2569.6,2577.6,82623
1776315000,2577.7,2581.0,2576.2,2578.2,29632
1776315300,2578.0,2578.0,2572.5,2573.8,22278
1776315600,2574.5,2578.4,2574.1,2575.3,34370
1776315900,2575.2,2577.9,2573.9,2575.0,24916
1776316200,2575.4,2579.0,2575.0,2576.7,25814
1776316500,2576.4,2580.0,2576.1,2577.6,35289
1776316800,2577.6,2579.0,2574.0,2575.0,18718
1776317100,2574.5,2575.1,2571.0,2573.5,35368
1776317400,2573.5,2578.0,2573.3,2574.7,45194
1776317700,2574.6,2580.0,2573.2,2578.3,41119
1776318000,2577.9,2579.3,2574.0,2578.9,52180
1776318300,2578.9,2584.1,2576.5,2582.3,67346
1776318600,2581.7,2582.6,2578.0,2580.1,61320
1776318900,2579.8,2581.8,2576.5,2580.3,45144
1776319200,2581.4,2582.9,2578.3,2580.7,34863
1776319500,2580.7,2582.0,2578.0,2581.3,21892
1776319800,2580.6,2581.4,2574.2,2575.6,44297
1776320100,2575.6,2575.6,2568.5,2573.7,75081
1776320400,2572.6,2574.0,2571.2,2572.9,23923
1776320700,2572.6,2573.0,2566.8,2567.0,48164
1776321000,2565.9,2566.6,2560.2,2560.3,103331
1776321300,2560.4,2564.3,2558.0,2560.5,49536
1776321600,2561.3,2565.3,2560.1,2565.3,32790
1776321900,2565.0,2566.0,2562.0,2563.3,42468
1776322200,2563.3,2566.8,2562.1,2564.0,23195
1776322500,2564.1,2565.0,2562.0,2564.7,31562
1776322800,2564.7,2565.9,2561.7,2561.7,20122
1776323100,2562.4,2564.3,2560.0,2564.1,26532
1776323400,2564.5,2568.0,2563.4,2564.1,30512
1776323700,2564.6,2566.4,2563.4,2564.3,23259
1776324000,2565.4,2567.6,2564.3,2565.5,20682
1776324300,2565.7,2567.8,2563.7,2567.8,27993
1776324600,2567.6,2569.8,2565.6,2569.3,37245
1776324900,2569.6,2570.0,2564.0,2565.4,31302
1776325200,2565.6,2570.7,2563.9,2568.7,55211
1776325500,2568.8,2570.4,2566.8,2569.2,27939
1776325800,2569.3,2569.4,2563.4,2563.9,23147
1776326100,2563.5,2570.9,2562.8,2567.2,40345
1776326400,2567.2,2571.0,2567.2,2568.6,25612
1776326700,2568.7,2570.0,2567.4,2569.8,18988
1776327000,2569.8,2570.0,2568.2,2568.9,15132
1776327300,2569.4,2572.0,2568.7,2571.0,21559
1776327600,2570.9,2575.0,2570.9,2574.7,46657
1776327900,2574.4,2575.0,2569.9,2572.4,37266
1776328200,2572.4,2573.0,2567.8,2569.5,26984
1776328500,2569.9,2571.4,2567.4,2569.9,32217
1776328800,2570.0,2572.0,2569.2,2570.0,28893
1776329100,2570.1,2571.0,2568.3,2569.3,17256
1776329400,2568.6,2571.0,2568.6,2569.9,19439
1776329700,2569.9,2571.8,2568.4,2570.6,29882
1776330000,2570.5,2574.0,2570.3,2574.0,53769
1776330300,2574.0,2576.0,2572.0,2574.6,58635
1776330600,2575.0,2578.5,2574.4,2575.3,45507
1776330900,2575.2,2579.3,2575.2,2577.9,56879
1776331200,2577.9,2579.9,2576.0,2577.4,40117
1776331500,2577.4,2578.3,2573.6,2576.0,42049
1776331800,2576.2,2579.0,2574.6,2576.9,94963
1776332100,2577.6,2578.5,2574.3,2576.5,81792
1776332400,2576.4,2578.0,2574.5,2575.5,93910
1776332700,2576.0,2579.0,2575.0,2578.2,73933
1776333000,2578.2,2580.0,2576.5,2578.3,100114
1776333300,2578.3,2578.5,2572.0,2573.0,77054
1776397500,2570.0,2589.0,2555.9,2585.0,170373
1776397800,2586.6,2588.9,2577.4,2577.4,62220
1776398100,2578.4,2584.7,2576.8,2582.5,40629
1776398400,2582.9,2583.0,2563.0,2565.1,89280
1776398700,2564.1,2571.9,2560.1,2568.7,51640
1776399000,2568.7,2569.8,2563.0,2567.0,23758
1776399300,2566.1,2569.8,2565.3,2569.1,20689
1776399600,2569.1,2574.6,2567.3,2573.0,27712
1776399900,2573.0,2576.0,2571.6,2575.5,30016
1776400200,2575.5,2579.0,2572.5,2579.0,35840
1776400500,2578.1,2580.0,2575.8,2577.5,26332
1776400800,2577.4,2581.1,2577.0,2580.8,17437
1776401100,2580.8,2581.2,2579.1,2579.3,20848
1776401400,2579.0,2582.0,2579.0,2581.3,15138
1776401700,2580.4,2582.0,2579.1,2579.5,25874
1776402000,2579.1,2581.2,2578.3,2580.2,24129
1776402300,2580.7,2582.1,2576.3,2577.5,33305
1776402600,2577.4,2581.0,2576.8,2580.2,21306
1776402900,2580.6,2582.0,2579.3,2581.7,8461
1776403200,2581.7,2581.7,2579.0,2579.5,14760
1776403500,2579.7,2581.0,2577.8,2578.5,21606
1776403800,2578.3,2578.3,2575.2,2576.8,19098
1776404100,2576.4,2577.4,2574.3,2576.0,30970
1776404400,2576.0,2576.9,2575.0,2576.1,16251
1776404700,2576.1,2576.6,2572.8,2575.8,15598
1776405000,2576.2,2577.0,2573.0,2573.2,13403
1776405300,2573.0,2574.0,2571.2,2571.9,18412
1776405600,2572.9,2574.9,2572.3,2573.0,9710
1776405900,2573.3,2577.0,2573.3,2574.0,15304
1776406200,2573.6,2575.6,2573.1,2574.1,11744
1776406500,2574.4,2574.4,2572.4,2573.1,11277
1776406800,2573.1,2575.0,2572.3,2575.0,15983
1776407100,2575.0,2577.8,2571.8,2575.1,52671
1776407400,2575.1,2578.8,2570.5,2576.2,100414
1776407700,2576.5,2582.6,2575.0,2581.3,55017
1776408000,2581.9,2583.5,2581.2,2581.5,29561
1776408300,2582.1,2582.5,2580.6,2581.0,18237
1776408600,2581.1,2582.2,2575.6,2579.0,32742
1776408900,2578.8,2581.0,2578.4,2579.0,12126
1776409200,2579.0,2580.0,2576.5,2577.5,20238
1776409500,2577.2,2579.1,2577.2,2578.4,14815
1776409800,2578.3,2580.7,2577.4,2579.0,23683
1776410100,2579.0,2581.5,2579.0,2581.0,17749
1776410400,2581.0,2581.2,2577.0,2578.2,31217
1776410700,2578.5,2579.6,2577.5,2578.3,28961
1776411000,2578.5,2579.3,2576.0,2577.1,22180
1776411300,2577.0,2579.6,2577.0,2579.3,16696
1776411600,2579.3,2581.0,2579.3,2580.4,20538
1776411900,2580.9,2581.0,2579.0,2579.0,21668
1776412200,2579.0,2579.8,2576.9,2578.1,25806
1776412500,2578.2,2579.8,2576.5,2578.9,25780
1776412800,2579.0,2579.2,2576.7,2577.0,23236
1776413100,2577.2,2577.5,2575.7,2577.0,37735
1776413400,2576.9,2578.8,2576.1,2576.6,25901
1776413700,2576.5,2579.2,2576.5,2579.2,16983
1776414000,2579.0,2580.0,2579.0,2579.9,21134
1776414300,2580.0,2581.0,2579.9,2580.5,20187
1776414600,2580.7,2582.4,2580.5,2580.9,38676
1776414900,2580.9,2582.5,2580.3,2581.8,27325
1776415200,2581.9,2583.0,2581.9,2582.8,28174
1776415500,2582.8,2584.4,2581.9,2582.8,44644
1776415800,2582.9,2584.9,2582.5,2583.9,35990
1776416100,2583.8,2584.8,2579.0,2579.0,37361
1776416400,2579.1,2579.9,2576.0,2576.6,45075
1776416700,2576.9,2581.0,2576.2,2577.4,34159
1776417000,2577.5,2578.9,2575.2,2575.5,41642
1776417300,2575.9,2577.7,2574.2,2575.7,53161
1776417600,2575.6,2577.5,2575.1,2575.9,26553
1776417900,2575.9,2577.8,2575.1,2575.5,26291
1776418200,2575.5,2581.6,2575.5,2581.4,124130
1776418500,2581.4,2583.0,2578.9,2581.3,116839
1776418800,2581.2,2584.0,2581.2,2582.0,78797
1776419100,2582.0,2583.8,2581.0,2582.2,90941
1776419400,2582.3,2584.8,2581.6,2584.0,97567
1776419700,2583.9,2584.6,2582.1,2583.6,70529
1776656700,2587.1,2589.0,2561.2,2572.4,117127
1776657000,2573.3,2583.6,2571.6,2575.7,65181
1776657300,2576.0,2577.9,2569.2,2569.2,50796
1776657600,2570.0,2578.8,2569.0,2575.9,45202
1776657900,2575.6,2577.5,2573.1,2576.3,50925
1776658200,2576.5,2577.0,2568.6,2573.0,40606
1776658500,2572.7,2572.9,2566.5,2569.4,80181
1776658800,2569.4,2575.1,2566.0,2575.1,49568
1776659100,2575.2,2575.6,2569.8,2573.5,21489
1776659400,2574.1,2577.0,2572.7,2576.4,19306
1776659700,2575.9,2577.4,2574.9,2575.8,11151
1776660000,2575.3,2575.8,2573.3,2574.9,13444
1776660300,2574.8,2574.9,2571.0,2571.5,12344
1776660600,2571.5,2573.7,2569.5,2571.4,17240
1776660900,2571.4,2573.2,2569.2,2572.8,16450
1776661200,2572.5,2575.8,2572.5,2575.0,19569
1776661500,2574.5,2579.5,2574.5,2578.3,27221
1776661800,2577.9,2578.6,2575.0,2575.0,10390
1776662100,2575.3,2575.3,2571.1,2573.0,26487
1776662400,2573.5,2574.4,2571.5,2573.0,16661
1776662700,2572.9,2574.1,2571.0,2573.1,12994
1776663000,2573.6,2578.0,2571.6,2578.0,15919
1776663300,2577.9,2580.7,2575.0,2575.1,46020
1776663600,2575.6,2577.7,2574.4,2576.6,24641
1776663900,2576.4,2580.9,2576.3,2580.3,20619
1776664200,2580.2,2589.7,2579.6,2589.0,46781
1776664500,2589.0,2593.0,2586.3,2590.0,42946
1776664800,2590.0,2590.5,2583.1,2588.0,44799
1776665100,2588.0,2590.3,2587.3,2589.8,29657
1776665400,2590.0,2592.0,2588.2,2590.9,40251
1776665700,2590.5,2591.7,2589.3,2590.2,24922
1776666000,2590.8,2591.7,2589.8,2590.4,22779
1776666300,2590.4,2591.6,2589.9,2591.2,30552
1776666600,2591.2,2591.8,2588.0,2589.2,26353
1776666900,2588.7,2591.1,2588.0,2590.0,15395
1776667200,2590.0,2590.0,2588.0,2588.3,14959
1776667500,2588.8,2589.4,2585.4,2586.5,21539
1776667800,2586.5,2588.7,2585.9,2588.3,28644
1776668100,2588.2,2591.5,2587.3,2591.0,17694
1776668400,2591.4,2593.8,2591.4,2593.3,21827
1776668700,2593.5,2594.0,2592.0,2592.7,20148
1776669000,2592.7,2592.9,2589.4,2592.2,20672
1776669300,2592.3,2593.0,2589.6,2591.6,15931
1776669600,2590.8,2593.1,2590.8,2592.2,16970
1776669900,2592.3,2592.6,2590.0,2591.5,15126
1776670200,2591.3,2591.5,2583.4,2585.2,33790
1776670500,2585.2,2587.5,2582.3,2583.5,21543
1776670800,2583.5,2586.0,2582.2,2583.0,40020
1776671100,2583.5,2586.6,2582.5,2584.1,15570
1776671400,2584.1,2585.5,2582.3,2584.5,15974
1776671700,2584.4,2585.9,2582.5,2585.9,44223
1776672000,2585.8,2586.8,2583.5,2585.0,19105
1776672300,2584.9,2585.3,2582.1,2582.6,16637
1776672600,2583.0,2584.7,2582.3,2583.8,15596
1776672900,2583.3,2583.8,2580.0,2580.4,19040
1776673200,2580.4,2584.0,2580.0,2583.7,16169
1776673500,2583.9,2584.8,2582.1,2583.8,24313
1776673800,2583.6,2583.8,2580.9,2582.1,15024
1776674100,2581.7,2582.0,2580.0,2581.7,13820
1776674400,2581.8,2584.8,2581.8,2584.3,15128
1776674700,2584.4,2585.0,2581.9,2583.2,20307
1776675000,2583.2,2586.5,2582.7,2585.6,22944
1776675300,2586.1,2589.6,2585.6,2588.4,22495
1776675600,2588.4,2588.5,2585.2,2588.0,29970
1776675900,2587.6,2588.1,2585.6,2586.4,16837
1776676200,2586.0,2587.5,2582.4,2586.9,41613
1776676500,2586.9,2587.5,2582.0,2587.5,39857
1776676800,2587.1,2589.2,2585.5,2589.2,23783
1776677100,2589.2,2590.5,2588.0,2589.1,21939
1776677400,2589.2,2590.3,2584.1,2584.4,41966
1776677700,2584.4,2585.6,2582.8,2582.8,46786
1776678000,2583.0,2583.7,2580.0,2581.0,63969
1776678300,2581.1,2581.1,2571.0,2571.6,73787
1776678600,2571.6,2578.5,2571.4,2573.8,75360
1776678900,2574.1,2577.3,2573.0,2575.9,52973
1776743100,2560.0,2577.7,2560.0,2570.0,108288
1776743400,2570.9,2578.0,2570.9,2574.5,30735
1776743700,2573.3,2578.4,2571.5,2571.8,18796
1776744000,2572.0,2575.0,2570.8,2572.6,20883
1776744300,2572.6,2575.9,2571.0,2572.7,22537
1776744600,2573.0,2575.8,2571.9,2574.8,16741
1776744900,2574.0,2581.6,2573.8,2580.2,40087
1776745200,2580.2,2583.5,2577.1,2580.4,42020
1776745500,2580.0,2582.4,2578.1,2582.2,21432
1776745800,2582.2,2584.6,2581.4,2584.0,15074
1776746100,2584.2,2592.0,2583.0,2590.3,55416
1776746400,2590.3,2593.0,2588.6,2589.5,30700
1776746700,2589.5,2590.7,2585.5,2586.0,21672
1776747000,2586.0,2587.8,2585.2,2586.8,16450
1776747300,2587.3,2587.5,2585.1,2587.3,14390
1776747600,2587.3,2590.0,2586.1,2588.6,20438
1776747900,2588.9,2589.0,2585.0,2586.0,14324
1776748200,2586.0,2586.9,2583.6,2584.6,18765
1776748500,2584.8,2587.1,2580.8,2582.5,34851
1776748800,2582.4,2586.4,2582.0,2584.8,37427
1776749100,2584.8,2591.5,2583.4,2587.3,40039
1776749400,2587.4,2589.2,2585.0,2588.9,34140
1776749700,2589.0,2589.8,2586.8,2588.0,27929
1776750000,2588.0,2589.0,2586.1,2586.3,12843
1776750300,2587.0,2589.5,2585.5,2589.2,29728
1776750600,2589.1,2589.2,2586.4,2588.9,15378
1776750900,2588.3,2589.7,2586.9,2588.4,16581
1776751200,2588.0,2588.5,2584.6,2585.9,67021
1776751500,2584.8,2595.2,2584.6,2591.3,98190
1776751800,2591.3,2598.0,2589.5,2597.9,43704
1776752100,2597.9,2600.8,2597.9,2600.0,82288
1776752400,2600.0,2601.5,2598.5,2601.0,26699
1776752700,2601.2,2603.0,2600.0,2601.0,27658
1776753000,2601.7,2602.0,2600.0,2601.1,18927
1776753300,2601.1,2602.9,2600.2,2602.9,16846
1776753600,2602.7,2606.9,2600.4,2605.8,62995
1776753900,2605.0,2606.0,2600.1,2602.0,36985
1776754200,2602.6,2603.8,2601.0,2601.5,17837
1776754500,2601.5,2603.4,2600.6,2602.0,16642
1776754800,2601.9,2605.0,2599.5,2600.6,45299
1776755100,2600.7,2601.9,2598.7,2600.2,24493
1776755400,2601.0,2602.0,2599.0,2601.1,28603
1776755700,2601.6,2601.6,2597.7,2600.6,25130
1776756000,2599.9,2600.9,2595.2,2600.5,80390
1776756300,2600.1,2601.2,2597.0,2599.1,34602
1776756600,2599.1,2600.0,2598.0,2599.0,20292
1776756900,2599.2,2600.6,2598.0,2599.4,32691
1776757200,2599.4,2600.8,2599.0,2600.2,22650
1776757500,2600.3,2601.5,2600.0,2601.5,23766
1776757800,2602.7,2604.7,2601.8,2603.7,25734
1776758100,2603.7,2605.3,2601.5,2603.8,44860
1776758400,2603.8,2605.0,2601.7,2605.0,17670
1776758700,2604.8,2605.0,2601.4,2604.0,29555
1776759000,2604.1,2604.1,2601.2,2603.3,30745
1776759300,2603.4,2603.9,2600.9,2603.9,27512
1776759600,2604.0,2606.0,2603.4,2605.0,19189
1776759900,2605.0,2606.2,2603.7,2605.1,15943
1776760200,2605.2,2606.5,2602.7,2603.1,48601
1776760500,2603.5,2604.6,2602.7,2603.1,15038
1776760800,2603.8,2604.7,2601.0,2602.3,28053
1776761100,2602.3,2603.3,2600.0,2600.4,28518
1776761400,2600.5,2604.7,2600.0,2603.7,28170
1776761700,2604.2,2604.3,2603.1,2604.3,21210
1776762000,2604.5,2606.0,2603.9,2605.5,28134
1776762300,2604.4,2605.9,2603.3,2603.5,20451
1776762600,2603.9,2604.3,2602.0,2603.7,24609
1776762900,2604.1,2605.0,2602.5,2604.5,29061
1776763200,2604.5,2607.0,2603.3,2606.2,32191
1776763500,2606.5,2609.3,2606.2,2608.0,36684
1776763800,2608.0,2614.0,2608.0,2611.9,122925
1776764100,2611.9,2612.0,2606.5,2608.4,59463
1776764400,2608.4,2611.7,2607.5,2609.9,108922
1776764700,2609.8,2612.6,2608.0,2609.7,72760
1776765000,2609.6,2612.3,2609.6,2611.6,75539
1776765300,2611.8,2612.0,2609.0,2609.9,60912
1776829500,2580.0,2580.0,2560.1,2576.3,323375
1776829800,2575.2,2577.6,2561.1,2562.4,131771
1776830100,2562.6,2566.4,2558.1,2560.6,101138
1776830400,2560.4,2572.9,2557.0,2571.1,154221
1776830700,2571.4,2577.9,2570.8,2570.9,90375
1776831000,2570.4,2576.2,2567.0,2574.9,44460
1776831300,2575.7,2579.4,2574.2,2575.0,67867
1776831600,2574.9,2577.3,2570.0,2570.4,64867
1776831900,2570.2,2573.7,2568.0,2569.4,42427
1776832200,2570.0,2570.6,2566.0,2568.3,46583
1776832500,2567.8,2569.5,2566.0,2567.0,29712
1776832800,2566.4,2568.4,2564.0,2565.0,35900
1776833100,2564.9,2565.9,2563.0,2565.0,34859
1776833400,2565.0,2565.2,2560.9,2563.1,58737
1776833700,2562.9,2564.0,2562.0,2562.8,26190
1776834000,2562.8,2564.6,2562.0,2563.5,29708
1776834300,2563.5,2564.8,2560.0,2561.4,64377
1776834600,2561.6,2563.7,2560.2,2562.7,38354
1776834900,2562.0,2565.3,2561.5,2564.9,44639
1776835200,2564.9,2564.9,2561.0,2561.2,44214
1776835500,2561.0,2563.8,2560.0,2562.1,30034
1776835800,2562.1,2562.1,2560.0,2560.9,36651
1776836100,2560.9,2561.5,2557.4,2557.4,38816
1776836400,2557.4,2558.6,2553.0,2554.6,76871
1776836700,2554.6,2555.0,2551.0,2551.8,51177
1776837000,2552.0,2554.0,2551.3,2554.0,36903
1776837300,2554.0,2556.4,2552.2,2554.1,59865
1776837600,2554.2,2554.2,2547.8,2550.0,80629
1776837900,2549.6,2550.8,2548.0,2550.2,20670
1776838200,2550.1,2550.6,2535.2,2536.7,92695
1776838500,2536.7,2539.0,2533.3,2534.7,94375
1776838800,2534.7,2535.9,2531.8,2532.9,43831
1776839100,2532.8,2536.0,2531.2,2534.9,42445
1776839400,2534.8,2535.7,2527.1,2527.2,69763
1776839700,2527.2,2527.5,2520.1,2520.5,84939
1776840000,2520.5,2522.4,2516.2,2517.6,64808
1776840300,2517.9,2518.7,2510.0,2513.7,94430
1776840600,2513.7,2513.7,2508.8,2511.3,187856
1776840900,2510.7,2511.9,2503.6,2507.8,99008
1776841200,2508.1,2512.5,2507.1,2508.9,129187
1776841500,2507.6,2508.8,2505.3,2507.0,57458
1776841800,2507.2,2510.0,2506.3,2509.7,49232
1776842100,2508.9,2514.9,2508.6,2513.5,66590
1776842400,2513.5,2514.0,2509.3,2513.2,64418
1776842700,2513.2,2517.9,2512.7,2515.4,57530
1776843000,2514.5,2517.5,2513.0,2516.9,39595
1776843300,2516.8,2522.1,2516.8,2520.8,58296
1776843600,2521.0,2524.4,2520.0,2523.3,47989
1776843900,2522.7,2523.9,2520.8,2522.0,36749
1776844200,2522.0,2523.9,2521.0,2523.9,38342
1776844500,2523.9,2530.7,2522.9,2529.7,68134
1776844800,2529.7,2529.8,2527.5,2529.4,42292
1776845100,2529.4,2530.8,2526.8,2530.0,92734
1776845400,2529.9,2531.6,2528.5,2530.0,36492
1776845700,2530.0,2533.0,2529.5,2532.0,34991
1776846000,2531.9,2538.0,2527.7,2537.4,52063
1776846300,2537.7,2551.1,2537.1,2550.2,136234
1776846600,2550.5,2555.3,2546.3,2552.0,299833
1776846900,2551.8,2558.3,2550.0,2552.1,81949
1776847200,2552.1,2552.1,2542.6,2543.6,74482
1776847500,2544.0,2548.0,2540.5,2542.4,49658
1776847800,2542.8,2544.7,2540.1,2543.5,50438
1776848100,2543.5,2544.9,2541.7,2542.5,34917
1776848400,2542.5,2546.9,2541.7,2546.5,36517
1776848700,2546.5,2548.6,2544.2,2544.6,43992
1776849000,2544.7,2546.0,2542.8,2544.6,54201
1776849300,2544.6,2545.0,2542.8,2544.0,37766
1776849600,2544.0,2545.0,2543.0,2544.8,30603
1776849900,2544.6,2545.0,2544.1,2545.0,40613
1776850200,2545.0,2545.0,2538.7,2541.0,82963
1776850500,2540.6,2541.1,2539.3,2540.8,60707
1776850800,2540.8,2540.9,2538.2,2538.5,89513
1776851100,2538.3,2539.9,2535.6,2537.4,74762
1776851400,2537.1,2538.5,2535.3,2538.1,84937
1776851700,2537.1,2538.2,2530.0,2535.3,93599
1776915900,2529.0,2551.0,2518.4,2547.2,149600
1776916200,2548.2,2548.5,2538.0,2540.9,63407
1776916500,2540.7,2544.2,2535.1,2536.7,51951
1776916800,2536.7,2538.9,2530.9,2535.6,56758
1776917100,2535.6,2536.0,2532.1,2535.4,49582
1776917400,2536.0,2537.9,2534.3,2536.0,24662
1776917700,2535.9,2540.0,2532.8,2537.5,35708
1776918000,2538.0,2541.7,2537.8,2538.2,27192
1776918300,2538.1,2543.3,2538.0,2541.9,25422
1776918600,2542.2,2550.7,2539.1,2548.7,49607
1776918900,2549.0,2550.9,2546.4,2547.7,27926
1776919200,2547.6,2547.7,2542.5,2547.0,27783
1776919500,2547.0,2550.0,2545.2,2549.1,35909
1776919800,2549.6,2554.8,2547.4,2553.0,44983
1776920100,2553.3,2554.3,2550.4,2551.3,21673
1776920400,2550.4,2553.3,2550.4,2553.0,17155
1776920700,2553.3,2554.7,2549.1,2552.2,45821
1776921000,2552.9,2559.0,2551.4,2554.9,42783
1776921300,2554.9,2555.9,2551.5,2553.1,32856
1776921600,2553.9,2556.8,2553.2,2556.4,23359
1776921900,2556.4,2559.0,2554.8,2557.9,30172
1776922200,2557.9,2559.3,2556.5,2558.1,18423
1776922500,2558.0,2559.5,2552.6,2553.9,24023
1776922800,2553.5,2554.3,2550.0,2552.5,28839
1776923100,2552.5,2557.2,2552.0,2552.4,37236
1776923400,2552.8,2555.0,2552.1,2553.1,26868
1776923700,2553.9,2555.1,2552.3,2554.3,22444
1776924000,2553.8,2557.3,2553.8,2556.0,9658
1776924300,2556.2,2556.2,2552.8,2554.8,15035
1776924600,2554.6,2555.3,2553.3,2554.3,13120
1776924900,2554.0,2554.8,2552.7,2554.5,9960
1776925200,2554.5,2554.7,2552.8,2554.0,9791
1776925500,2554.5,2554.7,2551.3,2551.4,19857
1776925800,2551.3,2553.7,2551.0,2553.0,15520
1776926100,2552.9,2554.5,2551.0,2553.1,19759
1776926400,2552.6,2554.1,2549.3,2549.3,23500
1776926700,2549.5,2551.1,2548.0,2548.6,13954
1776927000,2549.1,2551.2,2548.6,2549.4,11621
1776927300,2549.0,2549.1,2542.4,2545.2,30236
1776927600,2545.2,2545.6,2541.3,2543.4,23541
1776927900,2543.2,2544.6,2539.3,2540.7,45120
1776928200,2540.4,2543.9,2539.3,2542.3,67157
1776928500,2541.2,2543.4,2536.6,2538.4,30874
1776928800,2538.9,2538.9,2534.2,2536.9,32830
1776929100,2537.1,2537.5,2534.0,2536.5,20983
1776929400,2536.7,2537.5,2534.8,2536.0,20380
1776929700,2536.0,2537.3,2534.5,2536.8,11898
1776930000,2536.2,2537.0,2534.1,2534.2,15772
1776930300,2534.7,2538.6,2533.3,2538.1,22319
1776930600,2537.8,2542.2,2537.8,2541.4,82022
1776930900,2541.4,2544.0,2538.6,2540.2,40679
1776931200,2540.2,2540.2,2538.0,2538.3,13810
1776931500,2538.6,2538.8,2532.8,2534.0,24259
1776931800,2533.8,2535.0,2532.0,2532.5,16984
1776932100,2533.0,2534.0,2530.0,2530.9,47108
1776932400,2531.5,2532.7,2530.0,2532.3,17342
1776932700,2531.5,2533.0,2530.0,2531.3,45066
1776933000,2530.9,2531.0,2527.0,2530.3,21069
1776933300,2530.4,2530.4,2526.9,2528.0,23175
1776933600,2528.1,2528.2,2526.0,2527.2,18949
1776933900,2527.2,2528.8,2524.8,2524.9,33193
1776934200,2526.8,2527.8,2524.6,2525.0,30727
1776934500,2525.3,2525.9,2523.9,2525.0,19448
1776934800,2525.0,2527.4,2524.8,2525.9,25692
1776935100,2526.3,2526.4,2524.0,2524.0,36948
1776935400,2524.3,2524.3,2519.1,2520.0,31049
1776935700,2520.0,2524.9,2518.0,2523.4,50954
1776936000,2522.4,2524.2,2520.5,2523.6,36832
1776936300,2523.3,2524.9,2522.6,2524.7,23800
1776936600,2524.8,2526.9,2521.8,2524.3,64345
1776936900,2524.2,2524.9,2522.2,2524.3,37107
1776937200,2524.3,2525.5,2521.8,2522.5,42949
1776937500,2521.0,2521.9,2519.0,2520.5,59722
1776937800,2520.5,2522.9,2519.6,2519.8,60497
1776938100,2519.8,2521.1,2516.3,2518.2,65073
1777002300,2488.0,2505.0,2484.0,2502.4,195373
1777002600,2502.4,2504.0,2478.0,2481.4,154433
1777002900,2481.4,2481.7,2472.3,2474.7,91745
1777003200,2474.6,2475.3,2468.3,2470.2,70924
1777003500,2470.1,2476.0,2469.5,2475.5,70023
1777003800,2475.5,2476.5,2468.6,2471.0,58920
1777004100,2471.7,2472.3,2463.0,2466.9,123998
1777004400,2466.9,2468.4,2458.5,2460.6,63749
1777004700,2460.7,2465.9,2456.7,2464.8,73445
1777005000,2464.8,2468.6,2459.7,2460.8,50462
1777005300,2460.7,2465.0,2457.1,2458.1,46947
1777005600,2457.6,2462.2,2454.0,2460.2,66226
1777005900,2460.1,2460.2,2452.7,2460.0,55556
1777006200,2460.0,2462.8,2454.9,2456.5,58553
1777006500,2456.5,2462.7,2455.5,2459.9,44976
1777006800,2459.9,2463.0,2456.5,2460.3,43256
1777007100,2460.3,2463.0,2457.9,2460.0,25356
1777007400,2459.4,2460.3,2446.3,2447.0,82578
1777007700,2446.8,2448.8,2438.7,2441.1,160450
1777008000,2440.6,2448.1,2440.4,2446.1,46875
1777008300,2445.4,2446.6,2437.0,2438.3,114637
1777008600,2439.0,2443.9,2435.1,2440.0,51087
1777008900,2440.7,2445.5,2440.0,2443.6,31698
1777009200,2443.6,2445.1,2438.6,2439.9,27956
1777009500,2439.3,2440.0,2431.0,2435.0,85479
1777009800,2435.1,2437.3,2432.6,2434.4,62366
1777010100,2434.4,2435.1,2430.0,2430.4,62474
1777010400,2430.3,2430.6,2426.6,2429.9,45860
1777010700,2429.9,2430.8,2425.9,2426.6,25081
1777011000,2426.6,2426.6,2421.6,2424.0,45322
1777011300,2424.0,2426.0,2413.5,2416.5,135198
1777011600,2416.0,2416.5,2406.0,2410.4,181077
1777011900,2410.0,2415.4,2406.2,2410.0,49030
1777012200,2409.6,2413.2,2408.5,2410.0,40625
1777012500,2410.0,2413.8,2409.5,2412.3,48534
1777012800,2411.5,2415.0,2411.5,2412.8,33982
1777013100,2413.0,2415.0,2411.1,2411.1,42204
1777013400,2411.0,2412.1,2410.0,2411.2,32563
1777013700,2411.2,2412.6,2409.1,2411.0,32927
1777014000,2410.8,2415.1,2409.0,2414.0,64943
1777014300,2414.0,2414.2,2406.0,2409.3,55861
1777014600,2409.2,2410.2,2404.0,2404.1,40287
1777014900,2404.2,2405.0,2402.2,2403.2,65998
1777015200,2403.5,2405.0,2401.2,2403.3,52896
1777015500,2403.1,2405.5,2402.1,2402.2,25293
1777015800,2402.2,2402.4,2395.1,2395.6,115621
1777016100,2395.2,2396.2,2391.0,2395.5,77852
1777016400,2395.6,2395.9,2391.3,2395.9,35527
1777016700,2395.9,2398.5,2394.2,2397.8,39094
1777017000,2397.8,2398.9,2395.0,2397.7,26379
1777017300,2397.4,2401.0,2397.0,2398.2,31663
1777017600,2397.7,2397.8,2395.0,2395.4,30530
1777017900,2395.2,2396.6,2391.6,2392.5,41775
1777018200,2392.2,2394.8,2391.1,2392.0,51075
1777018500,2391.9,2399.9,2391.6,2396.4,84309
1777018800,2396.4,2399.7,2395.0,2398.6,31799
1777019100,2398.5,2398.8,2393.0,2395.8,28972
1777019400,2395.8,2398.7,2394.0,2395.0,30431
1777019700,2394.2,2395.1,2388.8,2391.1,87205
1777020000,2391.1,2394.6,2390.5,2393.0,74103
1777020300,2393.0,2399.0,2391.5,2398.6,46124
1777020600,2398.1,2403.1,2396.4,2397.1,100245
1777020900,2396.5,2402.5,2396.0,2398.1,62364
1777021200,2398.0,2399.7,2396.4,2398.0,59036
1777021500,2397.1,2399.1,2393.2,2396.6,70862
1777021800,2396.5,2400.9,2396.5,2399.8,61729
1777022100,2400.0,2404.0,2398.0,2402.8,76227
1777022400,2402.8,2403.9,2399.0,2400.0,65389
1777022700,2400.0,2401.0,2398.0,2398.7,65641
1777023000,2398.6,2400.5,2395.1,2395.9,73638
1777023300,2395.8,2396.0,2392.7,2395.5,78067
1777023600,2395.3,2396.3,2392.2,2395.5,120060
1777023900,2396.0,2398.5,2394.6,2397.3,114443
1777024200,2397.3,2398.9,2396.1,2398.9,118612
1777024500,2398.6,2403.0,2395.0,2401.0,141128
1777261500,2396.9,2420.3,2396.9,2416.0,312699
1777261800,2415.4,2428.8,2414.1,2425.5,192386
1777262100,2424.2,2427.6,2421.7,2423.9,106117
1777262400,2423.9,2428.0,2418.6,2418.6,91945
1777262700,2419.6,2422.8,2415.3,2416.7,92066
1777263000,2416.9,2429.9,2416.8,2428.8,88880
1777263300,2428.8,2435.0,2428.6,2434.9,106230
1777263600,2435.0,2439.0,2430.8,2435.9,86119
1777263900,2435.4,2438.0,2430.0,2430.2,61160
1777264200,2430.0,2430.2,2426.3,2426.6,56097
1777264500,2425.7,2426.5,2423.8,2424.3,46439
1777264800,2424.2,2429.4,2424.2,2427.5,49376
1777265100,2427.5,2436.4,2427.0,2434.8,53021
1777265400,2434.4,2436.6,2432.3,2436.5,46196
1777265700,2436.3,2438.4,2435.2,2436.6,36259
1777266000,2436.6,2437.5,2432.1,2434.2,36147
1777266300,2434.2,2439.9,2433.9,2435.3,61499
1777266600,2435.3,2436.0,2431.1,2434.8,65426
1777266900,2434.6,2437.0,2434.3,2437.0,42658
1777267200,2436.7,2438.9,2435.4,2436.5,40330
1777267500,2436.5,2437.0,2434.9,2435.0,34609
1777267800,2435.6,2446.0,2435.6,2442.2,95093
1777268100,2442.2,2442.2,2434.9,2437.0,55261
1777268400,2437.0,2442.0,2435.7,2439.9,42056
1777268700,2439.9,2442.8,2439.6,2441.3,51851
1777269000,2441.4,2441.5,2434.4,2438.5,60968
1777269300,2438.3,2438.5,2433.3,2435.2,53813
1777269600,2435.4,2436.7,2432.9,2435.1,73097
1777269900,2435.0,2435.1,2430.8,2432.8,75430
1777270200,2432.8,2439.0,2431.6,2438.3,154692
1777270500,2438.3,2439.9,2434.0,2438.7,48906
1777270800,2438.7,2441.9,2436.9,2441.9,56379
1777271100,2441.9,2444.0,2441.8,2443.1,48455
1777271400,2443.1,2445.0,2442.5,2443.1,57043
1777271700,2443.2,2448.7,2443.2,2448.4,69080
1777272000,2448.4,2451.0,2448.3,2449.9,82058
1777272300,2449.9,2450.0,2448.2,2449.9,48793
1777272600,2449.9,2452.0,2446.4,2450.9,77152
1777272900,2450.9,2450.9,2449.0,2450.4,39680
1777273200,2450.5,2451.5,2448.4,2448.4,64471
1777273500,2447.7,2450.4,2446.9,2448.4,55621
1777273800,2448.6,2449.0,2444.7,2448.7,37359
1777274100,2448.7,2451.0,2447.8,2449.0,45736
1777274400,2449.1,2451.4,2448.7,2449.3,50874
1777274700,2449.4,2450.2,2448.0,2448.9,40968
1777275000,2448.9,2450.9,2448.2,2450.1,70989
1777275300,2450.1,2450.1,2447.0,2449.2,45953
1777275600,2449.2,2449.9,2446.2,2449.1,47893
1777275900,2448.8,2450.0,2443.6,2444.4,72524
1777276200,2444.4,2446.0,2442.6,2444.6,52357
1777276500,2444.5,2446.6,2444.1,2445.2,59101
1777276800,2445.4,2446.9,2444.7,2446.0,53910
1777277100,2446.0,2447.9,2445.0,2447.3,62377
1777277400,2447.5,2449.2,2444.3,2444.7,53991
1777277700,2444.8,2447.6,2443.0,2443.4,57270
1777278000,2443.2,2446.2,2442.1,2446.1,41387
1777278300,2446.1,2447.0,2444.5,2446.4,49028
1777278600,2446.3,2448.3,2445.9,2447.5,47548
1777278900,2447.5,2448.4,2444.8,2447.7,46054
1777279200,2447.7,2449.1,2446.1,2447.7,74316
1777279500,2447.6,2448.0,2445.4,2446.8,47668
1777279800,2446.8,2446.8,2442.7,2442.7,38215
1777280100,2442.7,2444.2,2440.8,2443.7,56055
1777280400,2443.7,2446.0,2442.2,2444.0,161874
1777280700,2444.0,2458.0,2443.2,2454.6,149859
1777281000,2454.9,2459.0,2453.3,2454.6,157653
1777281300,2454.8,2457.2,2450.3,2451.2,84061
1777281600,2451.2,2452.3,2449.2,2450.2,123705
1777281900,2450.2,2451.0,2448.5,2450.1,48790
1777282200,2449.3,2449.7,2446.7,2448.3,142869
1777282500,2448.4,2448.6,2444.5,2445.8,121194
1777282800,2444.8,2448.1,2443.8,2447.8,154539
1777283100,2447.6,2448.2,2444.5,2444.8,157558
1777283400,2444.8,2454.9,2444.8,2450.5,196183
1777283700,2449.9,2451.0,2445.0,2448.0,153675
1777347900,2444.0,2467.6,2437.9,2463.1,160099
1777348200,2462.3,2463.2,2450.4,2452.0,82008
1777348500,2452.0,2460.7,2451.9,2459.6,35172
1777348800,2459.3,2459.7,2455.5,2456.3,32804
1777349100,2456.4,2459.0,2454.9,2457.6,46810
1777349400,2457.5,2459.5,2455.7,2458.9,35910
1777349700,2459.0,2460.7,2455.5,2456.4,44025
1777350000,2456.4,2460.3,2455.6,2459.3,61245
1777350300,2459.5,2476.8,2458.1,2476.1,119352
1777350600,2476.5,2487.0,2475.1,2476.2,118660
1777350900,2475.4,2483.7,2474.9,2479.9,72535
1777351200,2479.9,2480.2,2477.8,2479.1,32045
1777351500,2479.0,2481.0,2477.1,2477.1,40966
1777351800,2477.8,2480.0,2477.0,2479.0,28652
1777352100,2478.5,2481.4,2478.5,2481.2,26618
1777352400,2481.2,2481.5,2473.7,2477.0,43095
1777352700,2477.0,2478.6,2470.0,2471.4,33868
1777353000,2470.6,2473.1,2469.7,2473.1,40456
1777353300,2473.1,2474.9,2471.1,2471.8,33994
1777353600,2471.3,2474.8,2471.0,2474.8,23167
1777353900,2474.5,2476.5,2471.8,2471.8,31317
1777354200,2472.0,2472.0,2468.0,2469.0,36888
1777354500,2469.3,2470.0,2465.7,2466.9,70612
1777354800,2466.6,2468.8,2464.7,2467.9,66053
1777355100,2467.9,2469.4,2466.1,2468.9,46417
1777355400,2468.9,2470.5,2468.1,2468.4,35879
1777355700,2468.4,2468.8,2462.1,2464.5,44913
1777356000,2464.5,2467.3,2461.0,2467.2,36810
1777356300,2467.6,2470.0,2467.2,2469.2,37444
1777356600,2469.3,2469.3,2465.5,2468.1,26706
1777356900,2468.4,2469.6,2465.7,2469.4,29308
1777357200,2469.4,2469.4,2461.3,2463.6,258383
1777357500,2463.6,2464.3,2458.6,2460.0,72387
1777357800,2460.0,2460.9,2453.2,2454.0,33882
1777358100,2453.8,2455.4,2448.8,2450.7,131011
1777358400,2450.8,2454.0,2449.0,2452.9,33462
1777358700,2452.6,2456.0,2452.4,2454.9,54537
1777359000,2455.2,2456.7,2450.2,2452.1,40278
1777359300,2452.1,2453.3,2449.1,2451.0,39023
1777359600,2451.1,2451.3,2447.8,2449.6,47634
1777359900,2450.0,2450.2,2448.0,2448.3,32996
1777360200,2448.0,2448.0,2444.5,2444.6,42735
1777360500,2445.0,2445.1,2440.5,2441.7,48798
1777360800,2442.5,2442.5,2439.1,2442.0,74800
1777361100,2442.0,2442.3,2437.0,2437.9,43382
1777361400,2438.3,2442.1,2433.9,2440.2,49900
1777361700,2440.3,2444.0,2440.1,2442.3,31261
1777362000,2442.3,2442.7,2438.8,2439.8,91248
1777362300,2439.9,2441.0,2438.5,2440.6,23349
1777362600,2440.7,2441.7,2438.1,2438.6,31424
1777362900,2438.4,2440.0,2436.2,2436.2,37458
1777363200,2436.8,2437.1,2432.1,2433.8,43155
1777363500,2433.8,2434.1,2427.4,2433.5,70125
1777363800,2433.4,2437.1,2432.7,2434.8,34142
1777364100,2434.7,2435.9,2430.0,2433.4,78927
1777364400,2433.2,2436.8,2433.0,2435.0,30195
1777364700,2435.1,2436.9,2433.1,2435.0,48300
1777365000,2435.1,2435.2,2433.2,2435.0,73451
1777365300,2435.0,2435.9,2431.4,2435.4,37499
1777365600,2435.7,2435.9,2432.3,2434.7,33831
1777365900,2434.7,2434.8,2431.6,2433.7,41764
1777366200,2433.7,2434.6,2431.3,2433.5,30675
1777366500,2433.5,2436.0,2432.5,2434.4,37060
1777366800,2434.6,2439.5,2434.4,2436.1,77329
1777367100,2436.5,2439.9,2434.8,2439.0,48202
1777367400,2439.0,2440.5,2438.6,2440.5,47014
1777367700,2440.3,2445.0,2439.1,2444.9,63058
1777368000,2444.9,2449.9,2444.9,2449.4,94049
1777368300,2449.3,2450.6,2447.8,2448.6,62424
1777368600,2449.3,2450.0,2444.1,2445.0,130272
1777368900,2445.0,2447.7,2443.0,2443.2,125792
1777369200,2443.3,2444.0,2441.4,2442.3,102644
1777369500,2442.3,2445.0,2442.3,2444.3,109322
1777369800,2444.3,2446.2,2444.0,2444.4,193568
1777370100,2444.4,2450.7,2444.0,2450.7,79554
1777434300,2451.0,2459.6,2447.6,2455.7,83997
1777434600,2456.3,2457.5,2449.8,2454.4,57996
1777434900,2454.4,2456.1,2451.2,2453.7,46205
1777435200,2452.8,2454.1,2448.1,2449.7,32788
1777435500,2449.7,2458.0,2449.0,2457.1,34130
1777435800,2457.1,2465.0,2457.1,2461.8,61513
1777436100,2461.8,2472.0,2461.0,2471.8,56952
1777436400,2471.5,2481.0,2471.2,2475.5,76072
1777436700,2475.3,2475.3,2462.1,2463.4,59661
1777437000,2463.4,2470.5,2463.1,2469.5,37838
1777437300,2468.9,2470.7,2465.7,2470.1,16287
1777437600,2470.1,2474.6,2470.0,2474.0,18069
1777437900,2474.0,2474.8,2469.5,2470.5,29730
1777438200,2470.1,2472.2,2470.0,2471.6,13174
1777438500,2471.7,2474.1,2471.0,2472.9,24273
1777438800,2472.6,2472.9,2468.4,2471.9,26620
1777439100,2471.8,2476.1,2471.7,2474.8,32005
1777439400,2474.6,2475.0,2471.0,2471.9,17632
1777439700,2472.5,2472.5,2470.1,2470.1,27741
1777440000,2470.3,2472.0,2468.9,2472.0,28694
1777440300,2472.0,2480.0,2471.7,2480.0,58921
1777440600,2479.9,2482.8,2479.6,2480.8,44220
1777440900,2480.5,2485.0,2479.6,2485.0,28372
1777441200,2485.0,2485.8,2476.9,2480.0,47810
1777441500,2480.3,2483.4,2472.5,2475.0,92953
1777441800,2475.0,2475.0,2470.0,2473.4,52110
1777442100,2473.6,2475.8,2473.0,2473.3,14182
1777442400,2473.2,2476.0,2472.8,2475.4,38817
1777442700,2475.4,2478.0,2475.0,2476.4,15518
1777443000,2476.8,2477.7,2475.2,2475.8,15721
1777443300,2475.8,2477.4,2474.1,2474.6,12519
1777443600,2475.0,2477.6,2474.9,2475.4,17328
1777443900,2475.4,2477.5,2474.5,2477.4,14664
1777444200,2477.6,2478.2,2475.7,2476.7,13837
1777444500,2476.8,2479.9,2475.4,2479.5,14520
1777444800,2479.6,2483.5,2479.3,2481.1,45373
1777445100,2481.2,2483.0,2480.7,2482.3,16393
1777445400,2482.8,2482.8,2480.2,2481.8,15626
1777445700,2481.8,2482.8,2480.9,2482.0,19892
1777446000,2482.1,2484.0,2481.0,2483.4,33124
1777446300,2483.5,2486.0,2480.2,2482.8,49315
1777446600,2482.5,2485.1,2482.0,2485.0,24126
1777446900,2485.2,2485.9,2485.0,2485.6,14550
1777447200,2485.9,2486.6,2485.0,2485.3,16867
1777447500,2485.6,2486.5,2485.0,2485.5,14793
1777447800,2485.6,2486.0,2483.2,2484.4,53915
1777448100,2485.1,2486.5,2483.6,2485.4,20924
1777448400,2485.9,2486.4,2485.0,2485.3,10752
1777448700,2485.4,2485.5,2483.5,2485.5,32985
1777449000,2485.5,2486.0,2483.5,2484.7,33978
1777449300,2485.1,2487.9,2480.6,2480.6,34684
1777449600,2481.8,2482.4,2476.5,2480.2,42364
1777449900,2480.3,2480.7,2478.6,2479.2,45697
1777450200,2480.0,2480.0,2471.5,2473.4,123299
1777450500,2474.0,2476.0,2472.6,2473.7,20496
1777450800,2474.0,2475.9,2473.2,2474.1,18937
1777451100,2474.2,2477.1,2473.6,2476.1,23813
1777451400,2476.2,2476.6,2468.0,2468.9,52327
1777451700,2469.3,2470.1,2467.3,2468.9,23152
1777452000,2468.9,2470.1,2467.2,2470.1,26908
1777452300,2470.1,2472.0,2467.3,2467.3,29693
1777452600,2467.3,2472.2,2467.2,2471.3,20578
1777452900,2471.7,2471.8,2469.0,2470.0,22443
1777453200,2470.2,2477.6,2468.5,2476.0,49754
1777453500,2475.6,2477.0,2474.3,2475.8,11042
1777453800,2475.7,2478.8,2475.2,2478.3,26492
1777454100,2478.5,2479.0,2474.4,2475.5,25172
1777454400,2475.5,2476.9,2475.0,2475.9,22840
1777454700,2476.1,2476.3,2472.3,2474.3,34467
1777455000,2474.2,2479.2,2473.9,2477.2,93331
1777455300,2477.3,2478.3,2476.6,2478.0,72388
1777455600,2477.8,2478.1,2472.1,2473.5,85143
1777455900,2473.6,2474.9,2472.7,2473.1,74570
1777456200,2473.4,2475.2,2470.5,2470.9,93423
1777456500,2471.0,2472.9,2465.0,2465.0,81886
1777520700,2479.0,2479.0,2455.1,2466.0,167588
1777521000,2465.3,2467.6,2455.1,2456.0,49539
1777521300,2455.3,2460.9,2451.0,2455.4,112128
1777521600,2455.0,2473.0,2455.0,2470.0,62641
1777521900,2470.0,2476.0,2464.8,2471.8,48989
1777522200,2472.8,2472.8,2466.0,2470.0,28209
1777522500,2469.9,2470.7,2467.0,2469.6,27852
1777522800,2469.2,2475.9,2467.9,2474.2,45529
1777523100,2473.2,2477.9,2470.2,2474.3,28684
1777523400,2473.8,2474.7,2470.1,2470.6,30827
1777523700,2470.4,2474.3,2468.9,2469.4,32455
1777524000,2468.8,2471.2,2468.4,2471.0,20743
1777524300,2471.0,2472.8,2465.0,2467.1,38722
1777524600,2466.8,2471.8,2464.0,2468.0,79868
1777524900,2467.5,2471.8,2465.8,2469.8,28165
1777525200,2469.5,2470.2,2466.6,2468.1,31452
1777525500,2468.1,2468.3,2464.6,2465.2,15763
1777525800,2465.0,2466.2,2462.0,2462.3,20887
1777526100,2462.3,2462.3,2458.0,2459.1,25079
1777526400,2458.7,2459.1,2455.2,2455.9,25198
1777526700,2455.3,2457.5,2453.0,2454.1,28477
1777527000,2454.0,2455.9,2453.5,2454.8,20433
1777527300,2454.6,2459.6,2454.0,2455.5,48101
1777527600,2455.7,2456.6,2453.0,2453.1,17435
1777527900,2453.1,2456.0,2450.0,2450.9,35282
1777528200,2450.3,2450.3,2445.0,2445.8,44718
1777528500,2446.6,2447.3,2445.0,2445.1,21527
1777528800,2444.5,2445.3,2438.0,2441.2,41699
1777529100,2441.9,2444.0,2438.5,2439.8,63237
1777529400,2439.8,2443.2,2438.4,2441.2,14426
1777529700,2441.0,2442.5,2439.5,2441.3,15278
1777530000,2441.8,2448.4,2441.1,2447.9,26513
1777530300,2447.7,2453.9,2447.5,2452.8,24745
1777530600,2452.5,2457.9,2452.5,2454.7,70045
1777530900,2455.0,2457.1,2453.7,2455.0,24068
1777531200,2455.0,2457.8,2453.5,2457.1,70441
1777531500,2457.1,2457.7,2454.1,2455.2,16098
1777531800,2455.1,2455.9,2453.6,2455.2,32213
1777532100,2455.2,2460.9,2453.9,2460.5,41744
1777532400,2460.5,2467.9,2460.0,2467.6,46624
1777532700,2467.6,2470.6,2461.3,2465.1,54371
1777533000,2465.1,2473.9,2463.7,2473.0,41360
1777533300,2473.0,2474.3,2470.5,2472.9,27026
1777533600,2472.9,2474.0,2468.5,2472.0,39339
1777533900,2472.1,2472.4,2468.7,2470.1,23593
1777534200,2470.0,2472.2,2468.2,2470.3,24531
1777534500,2470.1,2470.7,2462.4,2465.7,24149
1777534800,2465.6,2469.6,2463.4,2468.7,22002
1777535100,2468.4,2471.1,2467.3,2470.0,32035
1777535400,2469.7,2473.0,2469.5,2470.2,28413
1777535700,2469.7,2472.7,2469.0,2470.3,63413
1777536000,2469.6,2472.5,2468.9,2469.8,20104
1777536300,2469.8,2474.7,2469.8,2473.4,30081
1777536600,2474.1,2481.1,2473.4,2480.8,53754
1777536900,2480.8,2481.8,2479.0,2481.0,52409
1777537200,2481.0,2481.2,2478.5,2479.4,34516
1777537500,2480.0,2484.0,2480.0,2482.8,26627
1777537800,2482.7,2488.0,2482.1,2486.4,45330
1777538100,2486.1,2486.6,2481.0,2483.6,50549
1777538400,2482.8,2484.5,2480.1,2480.3,43273
1777538700,2480.3,2481.9,2477.6,2478.5,39190
1777539000,2478.5,2480.6,2476.1,2478.1,65031
1777539300,2477.5,2478.2,2472.7,2474.8,53760
1777539600,2473.9,2482.2,2473.9,2480.2,44655
1777539900,2480.2,2483.8,2479.0,2483.4,58573
1777540200,2483.8,2490.9,2482.0,2490.0,193474
1777540500,2490.3,2491.0,2482.0,2483.3,239544
1777540800,2483.3,2483.3,2476.5,2477.1,103034
1777541100,2477.5,2479.2,2475.2,2476.1,78228
1777541400,2477.2,2478.7,2470.0,2473.2,151501
1777541700,2473.1,2473.6,2470.0,2470.1,99949
1777542000,2470.2,2473.8,2468.4,2473.0,121510
1777542300,2473.0,2477.0,2472.5,2474.8,114025
1777542600,2474.8,2477.4,2472.9,2476.9,119011
1777542900,2476.8,2477.6,2472.0,2474.8,101753
1777866300,2494.0,2498.3,2458.2,2461.7,230286
1777866600,2461.1,2466.5,2452.4,2454.2,101361
1777866900,2454.2,2458.5,2448.0,2456.7,92844
1777867200,2456.4,2466.1,2452.9,2462.9,73250
1777867500,2464.0,2476.0,2459.3,2467.0,109405
1777867800,2467.0,2467.8,2460.0,2463.1,31419
1777868100,2463.9,2463.9,2459.4,2460.0,26048
1777868400,2460.0,2467.2,2458.6,2464.7,15850
1777868700,2464.4,2466.7,2461.4,2463.3,12713
1777869000,2463.3,2464.0,2460.0,2461.5,15265
1777869300,2461.6,2464.7,2459.0,2461.0,14765
1777869600,2461.7,2462.2,2447.5,2449.0,71083
1777869900,2449.8,2452.8,2449.0,2450.0,33633
1777870200,2450.0,2450.0,2445.2,2447.0,40894
1777870500,2447.5,2449.6,2444.0,2449.6,29618
1777870800,2449.2,2450.0,2445.2,2446.6,29741
1777871100,2446.6,2448.5,2445.8,2448.5,13104
1777871400,2447.6,2447.6,2445.0,2445.9,15330
1777871700,2445.1,2447.6,2445.0,2446.5,15875
1777872000,2446.5,2448.8,2445.1,2446.8,18725
1777872300,2446.3,2446.8,2443.0,2444.0,25431
1777872600,2444.0,2446.4,2443.0,2444.4,14351
1777872900,2444.3,2446.0,2441.5,2442.6,15641
1777873200,2442.9,2446.0,2442.3,2445.6,18311
1777873500,2446.0,2447.8,2441.1,2442.0,19034
1777873800,2442.0,2445.0,2442.0,2443.8,17476
1777874100,2444.1,2444.6,2441.0,2441.5,25627
1777874400,2441.5,2442.2,2436.6,2441.0,47167
1777874700,2441.0,2441.7,2435.0,2436.6,47061
1777875000,2436.6,2438.4,2435.8,2436.9,22215
1777875300,2436.9,2441.0,2434.0,2440.1,28524
1777875600,2440.0,2441.9,2437.0,2438.5,14577
1777875900,2438.5,2439.8,2437.4,2438.1,15514
1777876200,2438.4,2440.0,2437.6,2438.3,15530
1777876500,2438.3,2440.0,2438.0,2439.2,22027
1777876800,2439.2,2439.2,2435.7,2435.7,16844
1777877100,2436.0,2436.7,2431.1,2434.4,38892
1777877400,2434.2,2435.8,2432.0,2433.3,19205
1777877700,2433.3,2434.7,2433.0,2433.8,16038
1777878000,2433.8,2433.9,2431.0,2431.0,22535
1777878300,2431.3,2434.0,2431.0,2431.0,18880
1777878600,2431.8,2432.1,2426.4,2427.3,54334
1777878900,2428.0,2430.2,2426.2,2428.7,27039
1777879200,2428.7,2432.5,2428.6,2432.1,32922
1777879500,2431.8,2431.8,2429.0,2430.5,24756
1777879800,2430.6,2431.0,2428.5,2430.1,16988
1777880100,2430.2,2432.7,2430.0,2431.0,30870
1777880400,2431.0,2431.9,2430.0,2430.2,10406
1777880700,2430.6,2433.8,2430.1,2431.0,26443
1777881000,2431.0,2431.1,2428.1,2429.6,22527
1777881300,2429.6,2430.9,2426.0,2426.9,24342
1777881600,2426.0,2428.4,2425.0,2425.9,40677
1777881900,2425.9,2428.0,2425.4,2426.0,23021
1777882200,2426.4,2430.0,2426.0,2428.6,26369
1777882500,2428.6,2429.0,2427.0,2427.7,20524
1777882800,2427.7,2430.3,2427.2,2428.1,19703
1777883100,2428.1,2429.8,2426.0,2429.0,30598
1777883400,2429.0,2429.0,2426.5,2429.0,19519
1777883700,2429.0,2431.0,2427.5,2431.0,29937
1777884000,2431.0,2434.7,2430.0,2431.3,43434
1777884300,2431.3,2439.0,2431.1,2437.5,64012
1777884600,2437.5,2438.8,2435.0,2436.5,33278
1777884900,2436.5,2437.3,2435.3,2436.4,18693
1777885200,2436.6,2438.0,2435.8,2436.9,20570
1777885500,2437.0,2438.2,2436.2,2437.9,19530
1777885800,2437.9,2438.2,2435.1,2435.9,21662
1777886100,2436.4,2436.4,2432.3,2433.1,25266
1777886400,2433.1,2434.8,2430.7,2434.8,29310
1777886700,2434.6,2435.5,2431.5,2433.5,20488
1777887000,2433.2,2435.0,2431.0,2432.4,38708
1777887300,2433.0,2434.3,2431.9,2433.0,34426
1777887600,2433.6,2434.2,2431.7,2432.6,60062
1777887900,2432.6,2433.5,2430.1,2431.6,76541
1777888200,2431.7,2431.7,2429.0,2429.7,67322
1777888500,2429.6,2431.0,2426.4,2430.0,99268
1777952700,2430.0,2454.8,2412.2,2452.9,144565
1777953000,2452.0,2460.4,2436.5,2436.5,101734
1777953300,2437.1,2440.9,2434.0,2436.5,66972
1777953600,2437.1,2441.2,2435.9,2436.0,36350
1777953900,2436.4,2438.5,2431.3,2438.5,42726
1777954200,2438.3,2441.0,2433.3,2437.1,43163
1777954500,2437.1,2448.9,2434.6,2448.3,47362
1777954800,2448.3,2455.3,2447.8,2454.1,101531
1777955100,2454.1,2454.1,2446.1,2448.6,34637
1777955400,2448.6,2450.4,2443.7,2446.6,37615
1777955700,2446.0,2449.5,2446.0,2447.4,19604
1777956000,2447.4,2449.4,2445.3,2445.9,14751
1777956300,2445.9,2449.4,2439.6,2447.5,56615
1777956600,2447.3,2450.7,2445.3,2446.5,44973
1777956900,2446.6,2447.2,2444.5,2446.8,12062
1777957200,2446.8,2448.0,2444.8,2445.9,23077
1777957500,2446.5,2447.0,2441.1,2445.3,19931
1777957800,2445.4,2446.6,2443.4,2445.5,15415
1777958100,2445.5,2445.8,2440.4,2441.6,20759
1777958400,2441.8,2441.8,2437.1,2439.1,51488
1777958700,2439.0,2443.9,2437.6,2441.7,41024
1777959000,2441.7,2444.4,2439.5,2443.9,28419
1777959300,2444.0,2444.6,2440.0,2440.3,30019
1777959600,2440.2,2442.1,2438.0,2441.0,25705
1777959900,2440.3,2443.0,2438.7,2440.4,24389
1777960200,2440.4,2443.9,2439.7,2440.0,36715
1777960500,2440.4,2440.6,2435.7,2436.7,35596
1777960800,2436.7,2439.5,2436.7,2438.9,12749
1777961100,2438.9,2439.9,2436.6,2437.9,15630
1777961400,2437.7,2437.9,2433.0,2434.4,15975
1777961700,2434.4,2434.8,2430.9,2433.5,24867
1777962000,2433.4,2436.0,2432.1,2434.7,17153
1777962300,2434.6,2435.8,2433.9,2434.7,19314
1777962600,2435.0,2436.0,2433.0,2435.4,19849
1777962900,2435.5,2437.9,2435.3,2437.3,7121
1777963200,2437.4,2439.5,2436.9,2438.3,19025
1777963500,2438.3,2441.5,2437.8,2439.7,19171
1777963800,2440.3,2442.1,2438.8,2439.5,21041
1777964100,2439.0,2439.7,2436.5,2437.9,13000
1777964400,2438.0,2440.7,2437.8,2440.2,28144
1777964700,2440.2,2441.7,2436.9,2440.9,50941
1777965000,2441.0,2443.4,2438.0,2438.0,31221
1777965300,2437.8,2437.8,2429.4,2430.6,38398
1777965600,2430.5,2431.2,2425.8,2426.5,27507
1777965900,2426.9,2428.6,2425.0,2426.5,34289
1777966200,2426.5,2427.4,2424.0,2426.1,30229
1777966500,2425.8,2429.5,2424.0,2425.1,36186
1777966800,2425.0,2425.7,2424.1,2425.0,52336
1777967100,2425.1,2425.2,2421.9,2422.9,49133
1777967400,2422.7,2424.1,2419.3,2422.4,67566
1777967700,2422.4,2423.7,2418.5,2419.0,35203
1777968000,2419.5,2421.2,2417.0,2419.2,107916
1777968300,2420.0,2426.3,2418.7,2424.6,37918
1777968600,2425.3,2428.7,2422.2,2426.2,59757
1777968900,2426.2,2428.6,2423.7,2425.3,38016
1777969200,2425.7,2426.4,2423.9,2424.1,25679
1777969500,2424.2,2425.0,2421.0,2421.8,51582
1777969800,2421.7,2422.6,2420.0,2420.2,21200
1777970100,2421.1,2422.4,2420.6,2421.3,16825
1777970400,2421.3,2424.0,2419.4,2422.1,25958
1777970700,2422.1,2424.7,2420.8,2422.3,41433
1777971000,2422.3,2424.0,2420.8,2421.4,21729
1777971300,2421.4,2427.5,2420.4,2427.3,27040
1777971600,2426.9,2427.4,2423.4,2424.8,55375
1777971900,2424.8,2425.7,2420.6,2423.7,112200
1777972200,2423.4,2426.9,2421.3,2426.4,22297
1777972500,2426.7,2426.9,2421.6,2422.0,40236
1777972800,2422.6,2423.8,2421.2,2421.8,52833
1777973100,2421.8,2422.8,2420.1,2420.9,36755
1777973400,2421.0,2426.6,2420.1,2426.5,155074
1777973700,2426.7,2430.0,2422.9,2429.0,129703
1777974000,2429.2,2431.0,2425.5,2430.0,132413
1777974300,2430.1,2432.0,2428.7,2429.9,82664
1777974600,2430.8,2430.8,2423.6,2428.3,134220
1777974900,2428.4,2434.9,2428.2,2432.0,103878
1778039100,2441.9,2454.6,2439.1,2446.9,159184
1778039400,2446.9,2460.0,2446.0,2459.5,96767
1778039700,2459.1,2469.0,2459.1,2464.5,111223
1778040000,2464.8,2471.0,2457.7,2458.0,76384
1778040300,2458.5,2459.0,2451.0,2452.7,49329
1778040600,2453.0,2453.5,2444.2,2445.3,59367
1778040900,2445.2,2448.2,2443.2,2447.5,34084
1778041200,2447.5,2451.3,2446.6,2450.7,55316
1778041500,2451.3,2452.9,2449.4,2449.5,26976
1778041800,2449.5,2451.6,2447.6,2449.0,53595
1778042100,2449.6,2451.4,2446.6,2450.1,18052
1778042400,2450.1,2453.5,2449.7,2453.5,21921
1778042700,2453.5,2453.5,2449.7,2450.4,17839
1778043000,2450.3,2451.4,2446.2,2446.2,18578
1778043300,2446.8,2446.8,2440.0,2441.2,34370
1778043600,2441.2,2441.4,2435.6,2436.9,83933
1778043900,2436.9,2436.9,2433.4,2433.9,17299
1778044200,2434.0,2439.2,2433.6,2437.0,15309
1778044500,2437.0,2437.3,2433.5,2434.2,19686
1778044800,2434.1,2434.2,2431.0,2433.8,28442
1778045100,2433.8,2435.5,2431.3,2432.0,70721
1778045400,2431.7,2433.0,2431.1,2431.3,140395
1778045700,2431.1,2431.2,2427.3,2428.2,35127
1778046000,2428.6,2429.0,2425.5,2428.3,20680
1778046300,2428.3,2431.4,2426.9,2428.9,18502
1778046600,2428.9,2430.0,2426.4,2427.2,19208
1778046900,2427.2,2427.8,2426.0,2426.7,20288
1778047200,2426.5,2426.6,2422.0,2422.5,27250
1778047500,2422.5,2422.5,2418.5,2420.4,59511
1778047800,2420.5,2427.7,2420.5,2426.4,43588
1778048100,2426.1,2427.7,2424.1,2427.5,12871
1778048400,2427.5,2427.5,2424.0,2425.6,14703
1778048700,2425.6,2426.9,2424.6,2425.9,9191
1778049000,2426.0,2427.0,2424.4,2426.2,26932
1778049300,2425.9,2426.1,2421.5,2422.3,14531
1778049600,2422.7,2422.8,2420.3,2420.5,10524
1778049900,2420.5,2421.6,2417.0,2421.0,41488
1778050200,2420.8,2422.6,2420.0,2422.5,18330
1778050500,2422.5,2422.5,2420.3,2421.0,13607
1778050800,2421.0,2421.3,2419.0,2420.1,8825
1778051100,2420.1,2421.8,2418.8,2420.6,26138
1778051400,2420.6,2421.7,2418.3,2418.9,13707
1778051700,2419.0,2419.5,2416.0,2418.0,24985
1778052000,2418.1,2418.3,2413.0,2414.6,34620
1778052300,2414.7,2415.4,2412.4,2414.4,27956
1778052600,2414.8,2415.2,2413.0,2413.1,18080
1778052900,2413.4,2418.9,2413.0,2417.7,25990
1778053200,2417.8,2418.2,2415.0,2416.2,17358
1778053500,2416.5,2417.8,2415.9,2417.4,19883
1778053800,2417.5,2420.3,2417.3,2420.3,27611
1778054100,2420.3,2421.2,2418.9,2420.2,20580
1778054400,2420.2,2421.1,2418.1,2421.1,20255
1778054700,2421.0,2423.6,2420.4,2421.2,20717
1778055000,2421.5,2422.6,2420.1,2422.3,15114
1778055300,2422.6,2424.4,2420.0,2423.4,36363
1778055600,2423.5,2425.0,2414.2,2415.5,193135
1778055900,2415.7,2416.6,2410.3,2412.4,35950
1778056200,2412.4,2412.7,2406.5,2412.0,50571
1778056500,2412.0,2412.3,2409.2,2410.7,32162
1778056800,2410.6,2414.3,2409.3,2412.6,22794
1778057100,2413.4,2414.9,2412.6,2413.7,22253
1778057400,2414.2,2428.0,2414.2,2427.8,88474
1778057700,2428.0,2437.5,2427.1,2433.9,79768
1778058000,2434.3,2436.4,2426.6,2428.5,34355
1778058300,2427.6,2428.9,2425.5,2426.5,29459
1778058600,2426.4,2430.8,2426.1,2430.8,25227
1778058900,2430.8,2433.3,2429.0,2431.8,29718
1778059200,2431.5,2432.9,2427.5,2430.0,42032
1778059500,2430.0,2433.4,2429.3,2433.1,55315
1778059800,2433.2,2440.8,2432.3,2439.8,96558
1778060100,2439.6,2439.6,2436.1,2436.1,57949
1778060400,2436.5,2436.8,2431.0,2431.0,73578
1778060700,2431.0,2434.9,2430.6,2434.5,56169
1778061000,2433.9,2436.2,2432.0,2435.2,80993
1778061300,2435.2,2438.9,2434.8,2437.0,61140
1778125500,2438.2,2439.7,2422.1,2426.1,163118
1778125800,2426.0,2427.3,2415.0,2417.4,82407
1778126100,2417.4,2417.4,2406.7,2406.8,110176
1778126400,2407.0,2414.2,2403.2,2407.7,134825
1778126700,2407.7,2411.3,2403.4,2410.8,82410
1778127000,2410.5,2417.7,2410.1,2415.3,62817
1778127300,2415.1,2416.0,2413.0,2413.9,250685
1778127600,2413.9,2413.9,2410.0,2411.0,54411
1778127900,2411.0,2417.7,2411.0,2414.6,56572
1778128200,2414.6,2416.7,2414.1,2416.6,26715
1778128500,2416.4,2417.0,2412.0,2413.0,31494
1778128800,2413.2,2413.8,2411.0,2411.7,29737
1778129100,2412.0,2414.7,2411.0,2413.6,27790
1778129400,2413.6,2416.0,2413.2,2414.2,19659
1778129700,2414.0,2414.1,2411.0,2411.2,27676
1778130000,2411.3,2415.0,2411.0,2414.8,29452
1778130300,2414.7,2415.6,2412.6,2414.7,340221
1778130600,2414.7,2414.8,2411.4,2412.0,23449
1778130900,2412.0,2413.0,2410.7,2412.8,45519
1778131200,2412.7,2412.9,2408.0,2412.9,52327
1778131500,2412.9,2413.4,2411.3,2412.5,15961
1778131800,2412.2,2412.5,2408.4,2410.5,26390
1778132100,2410.4,2410.6,2408.0,2408.3,22894
1778132400,2408.2,2408.4,2405.3,2408.4,38668
1778132700,2408.4,2408.9,2406.5,2407.0,74878
1778133000,2407.2,2407.2,2404.0,2404.9,261053
1778133300,2405.0,2405.0,2401.4,2404.3,46862
1778133600,2404.8,2407.9,2403.0,2405.8,35232
1778133900,2405.8,2407.1,2404.5,2405.2,19651
1778134200,2405.7,2405.7,2401.6,2401.6,35884
1778134500,2401.6,2404.0,2400.9,2403.6,54273
1778134800,2403.6,2404.7,2402.3,2404.2,38547
1778135100,2404.0,2407.0,2403.9,2406.2,22072
1778135400,2406.4,2409.9,2405.6,2406.2,196768
1778135700,2406.3,2407.4,2405.0,2405.5,30387
1778136000,2405.8,2406.8,2403.6,2404.3,37479
1778136300,2404.2,2407.7,2403.6,2406.2,38403
1778136600,2406.1,2409.0,2405.5,2408.2,44161
1778136900,2408.6,2409.8,2408.0,2408.9,28460
1778137200,2408.8,2408.8,2404.1,2407.2,37776
1778137500,2407.2,2414.1,2405.1,2413.9,221060
1778137800,2414.0,2417.0,2413.5,2415.0,174862
1778138100,2415.0,2416.0,2412.0,2415.6,64897
1778138400,2415.9,2416.3,2410.0,2412.4,131580
1778138700,2412.4,2413.8,2408.5,2411.9,42021
1778139000,2411.9,2413.9,2410.2,2413.1,22237
1778139300,2413.4,2415.0,2411.3,2412.6,29471
1778139600,2412.6,2412.7,2410.2,2412.5,16734
1778139900,2412.5,2413.3,2406.0,2409.6,48386
1778140200,2409.7,2411.9,2408.0,2409.5,38020
1778140500,2409.6,2410.4,2408.6,2409.6,10779
1778140800,2409.6,2410.0,2408.0,2409.1,20474
1778141100,2409.1,2409.2,2407.2,2407.8,36842
1778141400,2407.8,2410.0,2405.6,2408.9,35772
1778141700,2408.7,2411.0,2406.0,2409.5,30509
1778142000,2409.4,2409.9,2406.9,2409.3,25140
1778142300,2409.3,2409.9,2408.0,2409.1,22321
1778142600,2409.1,2409.2,2405.4,2406.5,28704
1778142900,2406.5,2407.7,2405.0,2406.3,54025
1778143200,2406.4,2407.6,2404.2,2404.3,34919
1778143500,2404.4,2406.0,2403.5,2403.5,57766
1778143800,2403.6,2406.1,2402.9,2405.8,37686
1778144100,2405.6,2406.5,2405.0,2405.0,18855
1778144400,2405.2,2406.7,2403.3,2405.4,41337
1778144700,2405.3,2406.0,2403.5,2404.2,132333
1778145000,2404.1,2405.8,2403.3,2405.0,58261
1778145300,2405.5,2406.0,2403.0,2403.1,58868
1778145600,2403.0,2404.3,2402.0,2403.1,58923
1778145900,2403.0,2403.4,2401.4,2402.2,367707
1778146200,2402.8,2406.0,2401.0,2402.1,219225
1778146500,2402.0,2403.6,2398.0,2398.1,250830
1778146800,2398.1,2402.3,2398.0,2400.0,190365
1778147100,2400.3,2403.2,2399.9,2401.6,201685
1778147400,2401.9,2401.9,2400.4,2400.4,148454
1778147700,2400.4,2405.0,2400.0,2403.0,128520
1778211900,2398.0,2404.9,2388.7,2403.3,198562
1778212200,2403.3,2406.3,2396.0,2398.1,93141
1778212500,2398.0,2407.0,2397.1,2404.5,52091
1778212800,2404.0,2404.5,2391.6,2394.9,67855
1778213100,2394.8,2397.0,2391.7,2396.4,52622
1778213400,2396.4,2397.7,2392.0,2393.1,34191
1778213700,2392.5,2396.8,2391.8,2396.3,36872
1778214000,2396.3,2397.3,2388.8,2390.0,135770
1778214300,2390.0,2391.0,2385.7,2390.1,86403
1778214600,2390.1,2392.7,2386.5,2387.1,52683
1778214900,2386.8,2389.0,2384.3,2384.8,57895
1778215200,2384.8,2385.4,2383.0,2384.9,43742
1778215500,2384.9,2385.0,2381.1,2382.2,72295
1778215800,2382.2,2387.2,2381.5,2384.7,138498
1778216100,2384.7,2385.7,2379.6,2384.8,167974
1778216400,2384.8,2388.5,2384.0,2387.8,69041
1778216700,2388.0,2388.9,2384.4,2384.4,81318
1778217000,2384.3,2385.0,2382.5,2384.9,44933
1778217300,2384.8,2384.8,2378.2,2378.7,68300
1778217600,2378.7,2382.3,2378.2,2380.8,43658
1778217900,2381.0,2381.9,2380.0,2380.0,29027
1778218200,2380.1,2382.1,2379.1,2380.7,31424
1778218500,2380.7,2382.0,2380.0,2381.6,15739
1778218800,2381.8,2381.8,2379.3,2380.7,18679
1778219100,2380.7,2380.7,2376.1,2377.1,42514
1778219400,2377.1,2379.0,2375.1,2377.0,29328
1778219700,2377.1,2378.5,2375.9,2376.7,45106
1778220000,2376.7,2380.6,2375.9,2380.1,19788
1778220300,2380.0,2380.4,2379.0,2379.9,20427
1778220600,2379.8,2380.2,2378.2,2378.2,16813
1778220900,2378.3,2378.9,2378.0,2378.0,14566
1778221200,2377.8,2378.8,2377.0,2378.7,13114
1778221500,2378.5,2379.1,2377.0,2378.2,17675
1778221800,2378.3,2378.4,2376.0,2376.7,25923
1778222100,2376.7,2377.4,2376.0,2376.7,14735
1778222400,2376.2,2377.3,2376.0,2377.0,12151
1778222700,2377.0,2378.2,2376.0,2378.1,28908
1778223000,2378.1,2379.3,2376.0,2376.5,21569
1778223300,2376.6,2380.0,2376.1,2379.4,18132
1778223600,2379.4,2380.8,2377.0,2378.0,20876
1778223900,2377.6,2380.0,2376.9,2378.9,16312
1778224200,2378.9,2380.0,2378.0,2378.0,13802
1778224500,2378.1,2378.4,2377.0,2377.6,16567
1778224800,2378.1,2379.0,2377.0,2379.0,16002
1778225100,2378.9,2380.0,2378.9,2380.0,12071
1778225400,2379.9,2380.0,2379.4,2380.0,18477
1778225700,2380.0,2387.0,2380.0,2383.8,80550
1778226000,2384.0,2386.6,2383.0,2385.3,80525
1778226300,2386.2,2386.5,2384.2,2385.3,41286
1778226600,2385.3,2387.0,2384.1,2386.0,47400
1778226900,2386.0,2389.7,2386.0,2387.9,127307
1778227200,2388.1,2388.2,2385.0,2387.5,34632
1778227500,2387.5,2387.9,2383.6,2384.2,29730
1778227800,2384.2,2385.6,2382.0,2383.0,21898
1778228100,2383.0,2383.9,2381.4,2382.0,50380
1778228400,2382.0,2382.9,2380.2,2382.5,44279
1778228700,2382.0,2382.6,2379.0,2379.9,34861
1778229000,2380.0,2382.9,2378.6,2381.2,49187
1778229300,2381.1,2384.7,2380.0,2383.3,42674
1778229600,2383.4,2384.8,2382.1,2383.8,50227
1778229900,2382.9,2384.2,2381.6,2384.2,34259
1778230200,2384.1,2385.0,2382.4,2383.8,37558
1778230500,2383.9,2386.5,2383.2,2386.2,40869
1778230800,2386.5,2394.0,2385.9,2392.0,85529
1778231100,2391.9,2398.2,2390.0,2396.5,110227
1778231400,2396.6,2397.2,2393.5,2394.5,49133
1778231700,2394.6,2401.5,2394.5,2401.0,63191
1778232000,2401.2,2402.5,2398.6,2400.0,38878
1778232300,2400.0,2400.0,2396.2,2398.2,32563
1778232600,2397.6,2397.6,2392.0,2393.7,70603
1778232900,2393.4,2394.8,2391.0,2394.4,51849
1778233200,2394.4,2396.4,2393.0,2395.0,50136
1778233500,2394.9,2396.1,2393.2,2394.1,58037
1778233800,2394.1,2396.9,2392.0,2396.7,85499
1778234100,2396.3,2397.2,2394.6,2397.2,60993
1778471100,2371.0,2393.8,2371.0,2391.9,115191
1778471400,2391.9,2391.9,2380.8,2385.9,55319
1778471700,2386.7,2387.9,2381.4,2387.6,26653
1778472000,2387.4,2394.0,2387.0,2392.1,43807
1778472300,2392.0,2392.8,2385.4,2385.8,28577
1778472600,2386.7,2388.9,2384.0,2385.0,20313
1778472900,2385.5,2390.0,2385.5,2388.8,17082
1778473200,2388.8,2392.4,2386.1,2392.2,19130
1778473500,2392.7,2394.9,2391.0,2391.5,21158
1778473800,2391.7,2393.8,2389.5,2390.3,13758
1778474100,2390.1,2394.5,2390.1,2392.0,13588
1778474400,2392.3,2392.3,2385.6,2387.0,29730
1778474700,2387.2,2387.4,2379.3,2381.6,37951
1778475000,2381.6,2387.0,2381.5,2385.8,10409
1778475300,2385.6,2390.0,2384.5,2388.9,10343
1778475600,2388.7,2401.0,2388.6,2400.5,49103
1778475900,2400.7,2401.0,2396.2,2396.4,18921
1778476200,2397.0,2400.2,2395.0,2399.6,20111
1778476500,2399.6,2399.9,2397.0,2397.6,14716
1778476800,2397.2,2399.9,2397.0,2399.3,9674
1778477100,2399.1,2406.0,2399.0,2404.6,21265
1778477400,2404.6,2408.8,2403.0,2407.9,27592
1778477700,2407.7,2410.0,2404.5,2406.3,26989
1778478000,2406.3,2408.9,2406.0,2407.0,15877
1778478300,2407.1,2408.0,2406.0,2407.7,37757
1778478600,2407.9,2409.8,2407.3,2407.9,12145
1778478900,2408.2,2408.6,2403.3,2405.6,17816
1778479200,2405.5,2405.7,2401.0,2402.6,14692
1778479500,2402.5,2402.9,2397.6,2402.2,16649
1778479800,2402.3,2405.9,2401.3,2405.5,11263
1778480100,2405.6,2405.6,2402.3,2404.2,7238
1778480400,2404.8,2407.2,2404.5,2406.7,11753
1778480700,2406.7,2406.7,2404.0,2405.9,12062
1778481000,2405.9,2406.0,2404.0,2404.5,10036
1778481300,2404.6,2406.5,2404.5,2405.0,6723
1778481600,2404.8,2406.0,2401.3,2402.0,8378
1778481900,2402.1,2403.7,2400.2,2403.6,15427
1778482200,2403.6,2414.6,2403.3,2409.6,39682
1778482500,2410.4,2412.4,2409.1,2410.0,21461
1778482800,2410.0,2414.0,2409.8,2413.0,36121
1778483100,2413.0,2413.4,2409.4,2410.2,25262
1778483400,2410.2,2414.0,2410.0,2413.8,20284
1778483700,2414.0,2415.0,2408.4,2408.7,22353
1778484000,2409.1,2410.0,2407.9,2409.4,8537
1778484300,2409.4,2409.5,2405.2,2405.6,20272
1778484600,2405.4,2407.9,2400.0,2403.3,58167
1778484900,2403.5,2409.6,2401.9,2409.1,20292
1778485200,2409.6,2410.8,2407.8,2409.9,23887
1778485500,2409.9,2410.0,2406.6,2408.9,20903
1778485800,2408.9,2410.8,2408.9,2409.9,8849
1778486100,2410.4,2410.7,2408.5,2408.9,9213
1778486400,2408.9,2409.1,2404.3,2406.5,15074
1778486700,2406.9,2409.5,2405.1,2405.7,9261
1778487000,2405.0,2406.7,2402.5,2402.5,19169
1778487300,2403.2,2404.8,2401.0,2402.0,66365
1778487600,2402.3,2404.7,2401.5,2403.5,13441
1778487900,2403.5,2404.4,2402.2,2402.6,13183
1778488200,2403.4,2404.1,2401.6,2403.1,17734
1778488500,2403.0,2405.0,2402.6,2403.7,9295
1778488800,2403.0,2405.0,2403.0,2403.7,9731
1778489100,2403.7,2404.7,2399.1,2400.7,25452
1778489400,2400.0,2403.5,2399.9,2400.0,14276
1778489700,2400.2,2401.7,2399.2,2399.9,12587
1778490000,2399.9,2405.5,2399.8,2404.7,24111
1778490300,2404.7,2405.5,2401.9,2403.0,15394
1778490600,2403.0,2403.3,2395.9,2399.1,26517
1778490900,2398.9,2400.1,2395.3,2396.9,23982
1778491200,2396.5,2400.6,2395.9,2398.0,30839
1778491500,2398.2,2399.6,2397.2,2398.6,9537
1778491800,2398.5,2398.5,2393.0,2393.0,73626
1778492100,2392.9,2393.1,2390.1,2391.0,60023
1778492400,2391.0,2392.9,2390.1,2392.1,63533
1778492700,2392.1,2393.6,2392.1,2393.3,57829
1778493000,2393.2,2393.3,2393.0,2393.0,66412
1778493300,2392.9,2400.0,2390.0,2400.0,85964
1778557500,2375.0,2375.0,2325.3,2337.3,337831
1778557800,2336.0,2337.9,2328.0,2331.9,142073
1778558100,2332.2,2332.2,2313.3,2315.3,200552
1778558400,2316.1,2317.0,2304.0,2312.4,162124
1778558700,2312.1,2315.0,2307.4,2311.5,126373
1778559000,2312.0,2314.8,2310.0,2311.5,85810
1778559300,2311.5,2312.4,2306.0,2306.4,107222
1778559600,2307.0,2311.5,2301.0,2310.2,175405
1778559900,2310.2,2311.7,2299.0,2301.0,182124
1778560200,2301.1,2304.7,2300.0,2300.7,65379
1778560500,2300.9,2303.6,2300.0,2300.6,67690
1778560800,2301.0,2303.5,2300.5,2301.0,72719
1778561100,2301.3,2302.9,2300.0,2302.5,63706
1778561400,2302.5,2305.0,2297.0,2298.8,120611
1778561700,2298.8,2298.9,2290.1,2290.8,141699
1778562000,2290.8,2291.0,2286.0,2288.4,156641
1778562300,2288.6,2289.0,2283.6,2286.6,130155
1778562600,2286.2,2293.0,2286.2,2292.7,58128
1778562900,2292.7,2295.0,2290.3,2291.8,52399
1778563200,2291.8,2296.0,2290.1,2295.0,79409
1778563500,2295.0,2296.3,2294.0,2296.1,41931
1778563800,2296.1,2296.9,2293.5,2295.8,44068
1778564100,2295.8,2296.2,2290.8,2292.9,40676
1778564400,2293.0,2293.9,2290.0,2291.1,33292
1778564700,2291.1,2294.9,2290.1,2293.7,28812
1778565000,2293.7,2295.3,2291.1,2291.1,36523
1778565300,2292.0,2293.5,2290.0,2290.9,61266
1778565600,2290.9,2296.9,2289.1,2295.8,122206
1778565900,2295.7,2300.1,2295.7,2298.3,109814
1778566200,2298.3,2298.3,2295.6,2297.0,32147
1778566500,2297.4,2298.4,2296.0,2297.8,32768
1778566800,2297.9,2298.9,2295.1,2298.0,41549
1778567100,2297.9,2302.7,2297.8,2301.8,85766
1778567400,2301.9,2302.0,2287.0,2288.4,109559
1778567700,2289.3,2292.0,2287.3,2288.9,51890
1778568000,2288.9,2289.0,2284.1,2286.1,107470
1778568300,2285.4,2287.7,2285.0,2286.0,51857
1778568600,2285.9,2287.8,2283.0,2286.9,81717
1778568900,2286.8,2291.0,2286.0,2290.7,55880
1778569200,2291.4,2295.9,2290.0,2295.6,57894
1778569500,2295.2,2297.0,2294.5,2295.8,32700
1778569800,2295.8,2301.6,2295.8,2300.0,45550
1778570100,2300.3,2302.0,2297.9,2300.9,45997
1778570400,2300.5,2301.0,2295.7,2296.3,48096
1778570700,2297.4,2299.4,2296.6,2298.6,32211
1778571000,2298.0,2299.2,2296.6,2299.0,33844
1778571300,2299.0,2300.0,2298.0,2298.2,50433
1778571600,2298.3,2304.0,2297.0,2302.8,67671
1778571900,2303.2,2304.0,2300.4,2301.5,69617
1778572200,2301.5,2303.0,2300.2,2300.9,38086
1778572500,2300.9,2301.9,2300.0,2301.9,47209
1778572800,2301.9,2303.0,2301.0,2301.0,47030
1778573100,2301.1,2301.7,2296.7,2297.3,61379
1778573400,2297.3,2299.8,2295.6,2296.9,46704
1778573700,2296.9,2298.0,2293.9,2296.8,68643
1778574000,2296.5,2301.0,2296.5,2300.1,36275
1778574300,2300.6,2301.0,2296.5,2297.1,41083
1778574600,2297.6,2299.1,2296.0,2296.5,59713
1778574900,2297.2,2300.0,2293.0,2294.2,56075
1778575200,2294.9,2295.0,2292.5,2294.6,48519
1778575500,2294.6,2299.0,2293.6,2299.0,48606
1778575800,2299.0,2302.2,2298.3,2302.2,54534
1778576100,2302.0,2302.2,2298.3,2299.7,66184
1778576400,2299.7,2299.8,2295.5,2296.6,42324
1778576700,2296.7,2299.1,2296.0,2298.3,56934
1778577000,2298.0,2298.8,2296.7,2297.5,64125
1778577300,2297.8,2300.5,2296.0,2298.3,86757
1778577600,2298.3,2300.9,2297.2,2299.8,62228
1778577900,2299.8,2299.8,2297.1,2299.6,93439
1778578200,2300.0,2300.3,2294.8,2299.8,186970
1778578500,2299.6,2301.0,2297.2,2300.8,204507
1778578800,2300.8,2302.0,2298.8,2299.0,221520
1778579100,2299.0,2304.0,2297.4,2304.0,187859
1778579400,2304.1,2305.2,2301.5,2302.7,138529
1778579700,2302.7,2304.4,2301.1,2303.5,84463
1778643900,2306.0,2309.2,2291.8,2303.2,183810
1778644200,2303.2,2307.3,2300.8,2305.0,61565
1778644500,2305.0,2306.0,2298.4,2298.6,62440
1778644800,2298.6,2301.9,2296.6,2296.8,38751
1778645100,2297.0,2301.0,2290.4,2291.5,58638
1778645400,2290.6,2295.0,2288.6,2293.0,57454
1778645700,2293.0,2296.6,2288.0,2289.4,33041
1778646000,2289.1,2296.5,2289.1,2294.6,34567
1778646300,2295.0,2297.2,2292.0,2293.5,28575
1778646600,2293.4,2295.0,2290.1,2294.6,27603
1778646900,2294.5,2298.0,2294.1,2296.0,21624
1778647200,2295.7,2296.4,2292.0,2295.8,23493
1778647500,2296.4,2297.4,2293.4,2296.1,29582
1778647800,2296.7,2298.8,2295.8,2297.2,27047
1778648100,2298.0,2299.2,2290.8,2291.2,51325
1778648400,2291.0,2297.1,2290.6,2296.0,35365
1778648700,2296.1,2296.3,2285.6,2287.7,65736
1778649000,2288.2,2291.8,2286.8,2291.5,28670
1778649300,2291.4,2293.8,2291.4,2291.9,17824
1778649600,2291.6,2296.5,2291.6,2293.8,22560
1778649900,2293.9,2294.4,2286.5,2286.5,35608
1778650200,2287.0,2290.8,2286.5,2287.2,27646
1778650500,2287.6,2288.9,2286.3,2287.4,18217
1778650800,2287.2,2288.7,2285.1,2286.9,33535
1778651100,2286.7,2290.0,2286.7,2289.4,18293
1778651400,2289.1,2291.8,2288.5,2291.2,13871
1778651700,2291.7,2291.7,2287.8,2289.5,40633
1778652000,2289.5,2293.6,2289.2,2292.4,26857
1778652300,2292.4,2296.0,2291.3,2294.3,28909
1778652600,2294.2,2294.5,2290.8,2293.2,25257
1778652900,2293.2,2293.3,2287.4,2287.6,49600
1778653200,2287.9,2290.0,2285.2,2286.2,54868
1778653500,2285.6,2286.5,2281.0,2281.5,62352
1778653800,2281.6,2285.0,2277.6,2285.0,78080
1778654100,2285.0,2288.0,2282.8,2284.8,28984
1778654400,2284.8,2287.7,2283.0,2287.2,18475
1778654700,2287.2,2287.7,2284.0,2285.4,22779
1778655000,2285.1,2285.1,2281.9,2283.0,29151
1778655300,2282.8,2283.7,2281.0,2281.7,24657
1778655600,2281.7,2283.4,2279.5,2280.9,28650
1778655900,2280.9,2283.5,2278.2,2283.5,41861
1778656200,2283.5,2283.7,2277.0,2278.1,39228
1778656500,2278.1,2279.8,2277.6,2278.9,18685
1778656800,2279.0,2282.9,2278.1,2282.2,28159
1778657100,2282.2,2285.0,2282.0,2284.6,23444
1778657400,2285.0,2285.9,2280.5,2282.3,57315
1778657700,2283.1,2283.9,2278.4,2278.7,23668
1778658000,2278.7,2281.6,2278.5,2280.2,15640
1778658300,2280.9,2281.0,2278.2,2279.0,15440
1778658600,2278.9,2279.4,2277.5,2278.0,19703
1778658900,2278.0,2278.0,2272.8,2274.3,69942
1778659200,2274.3,2278.7,2274.3,2277.0,19299
1778659500,2277.0,2278.4,2276.0,2277.9,14046
1778659800,2277.9,2278.0,2275.6,2276.5,19509
1778660100,2276.1,2277.9,2275.1,2275.7,27537
1778660400,2276.6,2277.0,2274.1,2276.0,26460
1778660700,2275.5,2278.6,2274.0,2278.5,28385
1778661000,2278.5,2280.4,2276.0,2277.4,64021
1778661300,2277.7,2280.9,2277.0,2280.9,32082
1778661600,2280.9,2285.2,2280.5,2284.7,70689
1778661900,2285.0,2285.2,2279.9,2279.9,109674
1778662200,2280.0,2281.9,2276.0,2280.0,50215
1778662500,2279.9,2280.3,2277.0,2279.0,23321
1778662800,2278.9,2281.0,2278.4,2280.0,31022
1778663100,2280.0,2282.9,2278.2,2278.5,28698
1778663400,2279.0,2281.7,2277.0,2279.8,45567
1778663700,2279.8,2281.1,2277.8,2280.4,29913
1778664000,2280.0,2282.1,2279.3,2281.6,34436
1778664300,2281.0,2281.6,2278.3,2280.0,26776
1778664600,2280.5,2280.5,2273.9,2274.7,98852
1778664900,2274.6,2275.1,2273.0,2274.4,86060
1778665200,2274.5,2274.7,2271.5,2272.4,81924
1778665500,2272.4,2272.4,2270.1,2271.7,78078
1778665800,2271.9,2271.9,2269.0,2270.9,112714
1778666100,2270.8,2275.0,2270.1,2274.0,72955
1778730300,2265.0,2265.0,2206.4,2250.9,570123
1778730600,2250.0,2256.3,2245.2,2254.2,146139
1778730900,2254.1,2256.9,2249.3,2255.1,80029
1778731200,2255.0,2256.3,2244.6,2244.9,109018
1778731500,2243.9,2245.0,2230.7,2231.9,137376
1778731800,2231.8,2235.8,2230.0,2234.6,101885
1778732100,2235.3,2237.0,2231.0,2231.2,102463
1778732400,2231.9,2232.6,2228.6,2230.0,69992
1778732700,2230.0,2231.8,2226.0,2231.2,60426
1778733000,2230.7,2240.7,2229.7,2239.0,114272
1778733300,2239.1,2246.5,2236.0,2242.9,69675
1778733600,2243.0,2245.1,2236.0,2239.9,76577
1778733900,2239.8,2239.8,2234.4,2236.0,48115
1778734200,2236.6,2236.7,2230.1,2234.2,41035
1778734500,2234.3,2235.6,2231.1,2232.9,32858
1778734800,2232.9,2235.4,2231.0,2234.9,37991
1778735100,2234.9,2240.5,2233.8,2235.7,37936
1778735400,2236.6,2237.5,2232.0,2232.0,43874
1778735700,2232.0,2232.2,2222.8,2223.0,84438
1778736000,2223.1,2223.9,2221.0,2222.6,49429
1778736300,2222.1,2224.4,2218.9,2222.1,61422
1778736600,2222.1,2226.6,2220.2,2224.4,40628
1778736900,2224.4,2228.0,2223.8,2226.5,49620
1778737200,2226.5,2230.0,2226.1,2229.0,42891
1778737500,2229.0,2237.3,2227.1,2237.3,84807
1778737800,2237.4,2243.6,2235.3,2243.6,100708
1778738100,2243.5,2244.5,2233.7,2236.6,74352
1778738400,2236.6,2236.6,2231.6,2231.6,55265
1778738700,2231.6,2233.4,2224.8,2227.3,82454
1778739000,2227.3,2230.3,2225.2,2230.1,39265
1778739300,2230.1,2233.3,2229.2,2231.8,53731
1778739600,2231.8,2232.4,2229.0,2230.3,44862
1778739900,2230.3,2233.4,2227.0,2227.5,69985
1778740200,2227.5,2227.7,2217.1,2219.0,76326
1778740500,2219.2,2220.9,2218.0,2219.0,52151
1778740800,2218.2,2220.3,2215.1,2219.2,85215
1778741100,2219.9,2224.1,2219.0,2219.6,45507
1778741400,2219.6,2222.0,2216.0,2220.2,53632
1778741700,2220.2,2222.1,2218.5,2220.1,56849
1778742000,2220.6,2221.6,2217.9,2219.0,43302
1778742300,2219.1,2219.8,2214.2,2215.0,55270
1778742600,2215.0,2217.1,2213.0,2216.1,66266
1778742900,2216.3,2219.4,2215.1,2218.6,93201
1778743200,2218.6,2219.4,2212.9,2213.5,49470
1778743500,2214.1,2216.1,2212.1,2214.5,53480
1778743800,2214.0,2227.6,2213.9,2227.1,67094
1778744100,2227.5,2231.3,2226.7,2230.0,65057
1778744400,2229.8,2239.9,2228.8,2238.3,141621
1778744700,2238.3,2245.1,2237.8,2243.8,100512
1778745000,2244.0,2249.0,2242.6,2243.4,85914
1778745300,2243.4,2247.6,2242.9,2245.0,70531
1778745600,2245.0,2246.9,2243.0,2246.0,40526
1778745900,2245.5,2247.5,2243.9,2244.1,41860
1778746200,2244.6,2247.0,2243.1,2246.0,44508
1778746500,2246.0,2250.0,2245.5,2248.8,69703
1778746800,2248.6,2252.0,2245.6,2251.6,71708
1778747100,2251.8,2255.9,2250.0,2252.0,55830
1778747400,2252.6,2255.0,2250.4,2253.2,44173
1778747700,2253.6,2255.9,2250.6,2253.4,55106
1778748000,2253.3,2254.0,2248.9,2249.6,49013
1778748300,2249.7,2252.5,2249.7,2251.6,32981
1778748600,2251.4,2253.0,2251.1,2252.0,32257
1778748900,2252.0,2254.0,2249.4,2251.3,56434
1778749200,2252.9,2254.7,2250.7,2253.4,43157
1778749500,2253.1,2253.9,2247.0,2247.8,64367
1778749800,2247.4,2249.8,2246.0,2247.0,38021
1778750100,2247.8,2248.9,2243.1,2245.8,70149
1778750400,2246.2,2253.4,2245.8,2249.8,77880
1778750700,2249.7,2250.6,2247.2,2248.9,34817
1778751000,2248.4,2250.8,2244.4,2247.0,152023
1778751300,2246.5,2247.2,2243.0,2244.2,85343
1778751600,2244.3,2247.0,2242.3,2246.0,91517
1778751900,2246.0,2249.7,2244.5,2248.9,96133
1778752200,2248.2,2249.5,2242.9,2244.8,112799
1778752500,2244.8,2250.0,2243.1,2249.9,68876
1778816700,2252.0,2290.0,2252.0,2286.1,229622
1778817000,2286.3,2304.8,2280.1,2303.4,207434
1778817300,2303.8,2304.9,2295.9,2299.4,163682
1778817600,2299.7,2300.0,2284.1,2288.4,297534
1778817900,2288.3,2297.1,2285.0,2293.5,98393
1778818200,2293.2,2296.4,2289.4,2295.8,115687
1778818500,2295.8,2298.0,2291.6,2291.8,54465
1778818800,2291.4,2297.1,2290.2,2297.0,36985
1778819100,2297.4,2299.9,2290.9,2292.4,52038
1778819400,2292.0,2297.1,2290.2,2295.0,29810
1778819700,2294.4,2295.3,2286.4,2287.0,42680
1778820000,2286.8,2290.1,2282.3,2290.0,45948
1778820300,2290.1,2293.1,2288.4,2289.8,35211
1778820600,2290.2,2291.8,2288.5,2289.8,13508
1778820900,2289.7,2289.8,2287.0,2287.3,15002
1778821200,2286.5,2289.3,2284.0,2289.1,18176
1778821500,2289.1,2290.0,2287.5,2289.8,20939
1778821800,2289.8,2293.7,2288.0,2293.0,30778
1778822100,2292.9,2296.2,2292.2,2294.3,27275
1778822400,2294.2,2295.4,2290.1,2292.9,28541
1778822700,2292.6,2294.5,2290.9,2292.5,15088
1778823000,2292.5,2293.2,2288.2,2289.6,39412
1778823300,2289.5,2289.5,2281.0,2281.7,41428
1778823600,2281.7,2285.4,2277.2,2279.5,37428
1778823900,2279.2,2282.0,2277.0,2280.9,26349
1778824200,2281.1,2284.5,2279.2,2281.8,19962
1778824500,2281.8,2284.8,2281.5,2282.7,14292
1778824800,2281.9,2283.7,2279.0,2282.3,14868
1778825100,2281.8,2284.1,2281.2,2283.5,15254
1778825400,2283.1,2283.5,2280.0,2282.4,15557
1778825700,2282.4,2283.4,2278.4,2280.2,15485
1778826000,2280.4,2282.3,2278.7,2280.0,33404
1778826300,2280.0,2282.0,2277.7,2281.1,17259
1778826600,2280.9,2285.4,2280.0,2283.1,16647
1778826900,2284.0,2286.8,2282.2,2283.7,18817
1778827200,2283.7,2286.0,2283.0,2285.0,13831
1778827500,2285.0,2286.0,2281.6,2281.9,19524
1778827800,2281.8,2282.4,2278.3,2279.7,16686
1778828100,2279.6,2280.9,2278.2,2280.1,12639
1778828400,2280.3,2283.5,2280.0,2282.6,9551
1778828700,2281.1,2285.0,2281.1,2284.4,16022
1778829000,2284.6,2288.2,2284.6,2287.3,17044
1778829300,2287.7,2289.1,2284.7,2287.1,20632
1778829600,2286.7,2289.1,2284.1,2285.5,15291
1778829900,2285.1,2287.2,2282.2,2283.9,13027
1778830200,2283.7,2283.8,2281.4,2282.2,12647
1778830500,2282.3,2284.7,2282.3,2284.0,10147
1778830800,2284.4,2285.9,2282.9,2284.8,11268
1778831100,2284.7,2285.8,2283.5,2284.4,22130
1778831400,2284.4,2284.8,2278.1,2281.7,19724
1778831700,2281.6,2281.8,2279.7,2280.1,15810
1778832000,2280.5,2280.5,2275.3,2276.7,27072
1778832300,2276.4,2279.5,2276.2,2277.4,15083
1778832600,2277.4,2278.9,2275.1,2275.6,16333
1778832900,2275.8,2276.9,2269.0,2271.1,59241
1778833200,2271.2,2274.8,2269.9,2274.2,18125
1778833500,2274.3,2274.5,2270.0,2270.9,13300
1778833800,2269.3,2271.0,2268.2,2268.4,25752
1778834100,2268.9,2271.5,2268.1,2271.0,10750
1778834400,2271.0,2271.6,2268.7,2271.5,13364
1778834700,2271.2,2272.2,2269.3,2271.8,15882
1778835000,2272.1,2272.3,2270.2,2272.1,12472
1778835300,2271.6,2272.6,2268.5,2271.0,16616
1778835600,2271.0,2271.5,2265.9,2268.6,50523
1778835900,2268.4,2269.1,2260.0,2267.6,60449
1778836200,2267.3,2267.7,2264.3,2267.7,32408
1778836500,2267.4,2268.0,2260.8,2260.8,53133
1778836800,2260.8,2264.0,2260.0,2261.1,67791
1778837100,2261.4,2267.3,2261.4,2265.1,31846
1778837400,2265.1,2269.0,2262.0,2267.6,130328
1778837700,2267.4,2269.0,2262.1,2262.6,95625
1778838000,2263.0,2265.0,2262.0,2263.8,120839
1778838300,2263.8,2263.9,2258.8,2261.5,147164
1778838600,2261.5,2265.0,2261.5,2263.9,132109
1778838900,2263.3,2267.5,2263.0,2267.0,79797
1779075900,2264.0,2283.6,2261.7,2278.1,137749
1779076200,2278.2,2279.0,2264.2,2269.3,77589
1779076500,2269.2,2272.9,2265.0,2265.2,32466
1779076800,2265.2,2267.1,2261.0,2263.5,44505
1779077100,2262.8,2264.1,2256.7,2258.5,32271
1779077400,2259.2,2265.8,2258.3,2262.7,23329
1779077700,2262.0,2262.8,2259.3,2262.3,13305
1779078000,2261.9,2263.9,2257.8,2258.1,16412
1779078300,2258.2,2261.7,2257.3,2260.6,20077
1779078600,2260.6,2264.0,2260.1,2261.4,20464
1779078900,2261.9,2261.9,2252.2,2254.6,35726
1779079200,2253.9,2255.7,2253.0,2254.7,18383
1779079500,2255.1,2260.5,2254.2,2259.2,15761
1779079800,2259.2,2260.2,2257.3,2257.8,10311
1779080100,2257.8,2258.3,2255.0,2255.3,11617
1779080400,2255.2,2260.3,2255.2,2260.0,23400
1779080700,2260.4,2271.0,2260.3,2270.0,28720
1779081000,2270.1,2272.0,2265.3,2266.7,34594
1779081300,2266.7,2269.1,2262.0,2268.5,22360
1779081600,2268.6,2274.9,2268.5,2274.0,35672
1779081900,2274.7,2278.6,2273.0,2277.0,26965
1779082200,2277.5,2280.0,2269.0,2270.1,166248
1779082500,2270.2,2272.3,2268.0,2268.6,19997
1779082800,2268.6,2269.4,2263.6,2264.1,23156
1779083100,2264.1,2267.5,2263.1,2266.1,16952
1779083400,2266.1,2271.1,2264.7,2270.6,19813
1779083700,2270.8,2272.9,2265.4,2267.5,85108
1779084000,2267.6,2271.6,2267.1,2268.3,18482
1779084300,2268.3,2268.4,2266.3,2268.1,15656
1779084600,2268.1,2268.6,2265.3,2268.6,12769
1779084900,2267.5,2270.5,2265.0,2266.0,17206
1779085200,2266.0,2269.7,2263.0,2268.6,13618
1779085500,2268.7,2269.3,2265.0,2265.5,10391
1779085800,2265.8,2269.3,2265.3,2267.3,62786
1779086100,2267.8,2270.9,2267.2,2269.8,19435
1779086400,2269.8,2278.5,2269.2,2278.2,140666
1779086700,2278.9,2282.5,2275.7,2278.0,51825
1779087000,2278.1,2280.9,2274.0,2274.8,131021
1779087300,2275.0,2280.0,2274.6,2275.0,70682
1779087600,2275.0,2284.0,2275.0,2280.5,103733
1779087900,2279.8,2286.3,2279.0,2283.9,49818
1779088200,2284.0,2284.5,2278.7,2279.0,38946
1779088500,2279.2,2281.3,2278.9,2280.0,17898
1779088800,2280.3,2282.0,2279.5,2281.0,18068
1779089100,2281.3,2285.4,2281.0,2284.0,21266
1779089400,2283.8,2290.0,2283.8,2287.8,40013
1779089700,2289.0,2289.1,2283.1,2283.9,26257
1779090000,2283.9,2287.0,2283.5,2286.9,20716
1779090300,2286.9,2288.0,2284.7,2287.1,29388
1779090600,2287.1,2287.1,2285.5,2287.0,10582
1779090900,2287.0,2292.0,2285.3,2287.3,166796
1779091200,2287.3,2290.1,2278.6,2279.8,60868
1779091500,2279.8,2280.3,2278.0,2278.8,30321
1779091800,2278.8,2280.3,2278.6,2279.5,31612
1779092100,2279.5,2279.5,2276.0,2278.9,30949
1779092400,2279.0,2281.8,2279.0,2280.8,15982
1779092700,2280.9,2284.1,2280.9,2282.3,12140
1779093000,2282.6,2282.7,2281.0,2282.3,10937
1779093300,2282.1,2282.3,2280.0,2281.5,10762
1779093600,2280.9,2282.7,2279.0,2280.1,53834
1779093900,2280.0,2280.0,2276.1,2279.9,25034
1779094200,2280.0,2281.2,2276.4,2276.9,26915
1779094500,2276.5,2281.0,2275.8,2280.5,53855
1779094800,2280.5,2282.1,2279.2,2279.3,22517
1779095100,2279.9,2280.0,2278.1,2278.7,10430
1779095400,2278.6,2280.9,2278.6,2279.5,15019
1779095700,2280.1,2280.1,2278.2,2278.9,11651
1779096000,2279.3,2279.5,2277.5,2278.0,15399
1779096300,2278.4,2279.6,2277.1,2279.6,31629
1779096600,2279.4,2292.9,2278.6,2280.0,305152
1779096900,2282.8,2286.8,2280.0,2282.7,229806
1779097200,2282.6,2283.9,2280.0,2281.5,192394
1779097500,2281.7,2283.8,2279.0,2283.0,190346
1779097800,2283.2,2287.4,2280.0,2287.0,159930
1779098100,2287.5,2289.9,2285.6,2289.9,97031
1779162300,2300.0,2355.1,2297.1,2353.0,1142359
1779162600,2352.5,2370.1,2348.8,2349.3,1317682
1779162900,2349.5,2351.7,2337.9,2351.7,254560
1779163200,2352.7,2363.5,2348.5,2359.0,475749
1779163500,2358.8,2377.6,2355.8,2360.0,435135
1779163800,2360.3,2366.0,2347.0,2353.7,830403
1779164100,2354.0,2356.8,2345.0,2346.3,89401
1779164400,2346.8,2349.1,2344.1,2347.4,88968
1779164700,2347.9,2352.1,2346.9,2348.1,47158
1779165000,2348.7,2354.9,2348.4,2350.4,65878
1779165300,2350.4,2357.5,2349.8,2355.1,76369
1779165600,2356.2,2357.6,2354.2,2354.6,43692
1779165900,2354.1,2356.0,2343.3,2344.4,185216
1779166200,2344.0,2349.5,2343.9,2347.0,34750
1779166500,2347.0,2348.1,2345.7,2347.6,37539
1779166800,2347.6,2350.1,2344.7,2350.1,45246
1779167100,2350.0,2355.6,2349.0,2354.3,47709
1779167400,2354.3,2359.0,2352.8,2358.0,70360
1779167700,2358.0,2359.2,2346.1,2346.6,295838
1779168000,2346.6,2348.9,2342.4,2348.3,98575
1779168300,2348.3,2357.1,2348.3,2352.4,219532
1779168600,2352.2,2355.4,2350.8,2355.3,23638
1779168900,2355.1,2360.8,2353.9,2359.5,171717
1779169200,2360.3,2368.8,2359.0,2364.0,364357
1779169500,2363.3,2368.7,2358.1,2365.2,302747
1779169800,2365.2,2369.0,2359.2,2363.6,271740
1779170100,2363.1,2363.9,2358.0,2362.7,33001
1779170400,2363.2,2363.7,2354.0,2356.5,263267
1779170700,2356.8,2360.8,2355.0,2358.9,30258
1779171000,2359.1,2362.5,2358.8,2360.0,24069
1779171300,2360.3,2361.9,2354.5,2356.3,149867
1779171600,2356.3,2356.3,2352.1,2352.8,40874
1779171900,2352.8,2354.0,2351.0,2351.1,35220
1779172200,2351.3,2352.9,2347.5,2350.0,65253
1779172500,2350.0,2350.5,2348.0,2348.3,33627
1779172800,2348.5,2350.7,2344.4,2346.0,42352
1779173100,2346.3,2346.7,2342.3,2343.0,31737
1779173400,2343.0,2343.4,2337.5,2338.7,41575
1779173700,2338.7,2340.6,2338.0,2339.3,32491
1779174000,2338.7,2339.5,2336.3,2337.7,22494
1779174300,2337.7,2340.3,2334.2,2339.0,42289
1779174600,2339.0,2339.0,2335.1,2336.5,27940
1779174900,2336.5,2338.6,2333.9,2336.7,49544
1779175200,2336.9,2337.1,2332.7,2333.6,43741
1779175500,2333.7,2336.3,2332.7,2333.1,25740
1779175800,2333.9,2334.6,2330.1,2330.4,31012
1779176100,2330.8,2335.1,2330.3,2333.6,43814
1779176400,2333.4,2334.3,2329.5,2334.1,127501
1779176700,2333.9,2337.4,2332.0,2336.3,26368
1779177000,2336.4,2336.5,2333.5,2335.1,28832
1779177300,2335.1,2335.2,2331.2,2331.7,41251
1779177600,2332.2,2337.1,2331.5,2336.0,56018
1779177900,2335.8,2335.8,2328.1,2328.6,73438
1779178200,2329.2,2329.3,2327.0,2329.3,28853
1779178500,2329.6,2331.5,2328.9,2331.0,25845
1779178800,2330.8,2331.0,2327.8,2329.7,37833
1779179100,2329.8,2330.3,2324.8,2326.1,83048
1779179400,2326.1,2337.2,2326.1,2334.0,94122
1779179700,2334.5,2337.0,2333.4,2336.5,45571
1779180000,2336.5,2339.0,2333.9,2335.8,73279
1779180300,2335.8,2338.0,2335.4,2335.9,33220
1779180600,2336.4,2338.8,2334.2,2337.6,63621
1779180900,2337.8,2339.5,2336.2,2338.0,48040
1779181200,2338.0,2338.0,2334.7,2338.0,47619
1779181500,2337.9,2337.9,2332.8,2333.3,51275
1779181800,2333.3,2338.6,2333.0,2335.5,52468
1779182100,2335.5,2335.9,2331.3,2334.0,57404
1779182400,2334.1,2337.1,2333.7,2335.5,61212
1779182700,2335.5,2336.1,2332.2,2334.4,48798
1779183000,2334.6,2334.6,2326.6,2329.1,185398
1779183300,2328.8,2331.8,2326.2,2329.5,162937
1779183600,2329.6,2329.6,2327.7,2328.4,117216
1779183900,2328.2,2328.4,2322.0,2327.1,156885
1779184200,2327.1,2327.2,2323.1,2325.0,181681
1779184500,2325.0,2331.9,2323.1,2330.0,192953
1779248700,2323.9,2342.0,2317.8,2339.0,257857
1779249000,2339.1,2339.9,2330.5,2332.2,65253
1779249300,2332.3,2333.0,2328.9,2332.5,46673
1779249600,2332.3,2335.0,2330.4,2335.0,43715
1779249900,2334.4,2340.0,2333.0,2339.8,78429
1779250200,2339.5,2340.0,2333.8,2334.4,44001
1779250500,2334.4,2338.0,2330.2,2336.4,43200
1779250800,2336.6,2342.0,2336.5,2339.8,97167
1779251100,2339.9,2340.8,2336.9,2337.2,37222
1779251400,2337.6,2340.0,2334.2,2335.0,19656
1779251700,2335.0,2335.5,2328.0,2331.9,100543
1779252000,2331.9,2331.9,2328.6,2329.5,23087
1779252300,2329.5,2332.3,2328.3,2328.3,26609
1779252600,2329.2,2330.8,2323.9,2325.9,36194
1779252900,2325.8,2333.0,2325.4,2332.5,15657
1779253200,2332.5,2334.0,2330.8,2332.9,45401
1779253500,2333.0,2333.0,2329.7,2330.6,16931
1779253800,2330.9,2331.0,2329.4,2329.8,7641
1779254100,2329.8,2330.0,2327.1,2328.0,9598
1779254400,2328.2,2330.0,2326.5,2330.0,16742
1779254700,2330.2,2332.8,2330.0,2331.0,16899
1779255000,2331.0,2335.0,2331.0,2334.5,29487
1779255300,2334.5,2336.2,2334.4,2336.2,30373
1779255600,2336.2,2340.0,2334.4,2334.9,144408
1779255900,2334.9,2336.3,2334.6,2335.8,9082
1779256200,2335.6,2338.5,2335.0,2336.3,27074
1779256500,2336.8,2336.8,2333.5,2335.0,15591
1779256800,2335.0,2335.8,2334.2,2334.8,11981
1779257100,2334.8,2337.9,2334.8,2336.9,31842
1779257400,2336.6,2337.9,2335.1,2335.9,59502
1779257700,2336.0,2338.0,2335.9,2337.9,18562
1779258000,2337.8,2340.0,2337.0,2339.7,27827
1779258300,2339.5,2340.0,2337.2,2337.7,17882
1779258600,2338.0,2338.0,2335.8,2337.5,14061
1779258900,2337.2,2339.9,2336.9,2338.1,28212
1779259200,2338.8,2339.0,2336.0,2337.5,27327
1779259500,2337.1,2337.5,2333.5,2334.9,16261
1779259800,2335.0,2335.5,2334.1,2334.5,5984
1779260100,2334.4,2335.5,2333.5,2335.4,11979
1779260400,2335.5,2335.5,2334.2,2334.7,5285
1779260700,2334.6,2335.5,2332.7,2333.1,19662
1779261000,2333.1,2333.4,2328.1,2329.8,17299
1779261300,2329.5,2331.8,2329.0,2330.6,10360
1779261600,2330.5,2333.4,2330.0,2332.6,9066
1779261900,2332.6,2334.1,2331.0,2331.0,12114
1779262200,2332.1,2332.5,2329.5,2330.6,14876
1779262500,2330.6,2331.5,2329.2,2330.0,20470
1779262800,2330.0,2330.0,2327.0,2327.0,23085
1779263100,2327.7,2328.2,2324.4,2327.0,18660
1779263400,2327.0,2327.8,2323.0,2323.9,14074
1779263700,2323.9,2326.7,2323.3,2323.7,10460
1779264000,2323.9,2329.0,2323.3,2328.6,10908
1779264300,2328.5,2330.0,2327.0,2327.5,14577
1779264600,2328.1,2328.9,2326.3,2327.5,8429
1779264900,2328.0,2328.3,2326.3,2327.0,12916
1779265200,2327.1,2328.2,2326.5,2328.0,8785
1779265500,2328.1,2329.9,2328.0,2329.0,7611
1779265800,2330.0,2330.9,2327.8,2330.0,32071
1779266100,2330.0,2330.5,2329.7,2330.4,11281
1779266400,2330.5,2331.0,2329.0,2329.7,24950
1779266700,2329.7,2330.5,2327.3,2330.2,45256
1779267000,2329.9,2332.1,2328.5,2329.8,135311
1779267300,2330.0,2330.0,2328.0,2330.0,18540
1779267600,2330.0,2330.0,2327.8,2328.5,13155
1779267900,2328.8,2330.0,2327.3,2329.3,15730
1779268200,2330.0,2330.0,2328.5,2329.5,7883
1779268500,2329.3,2330.0,2327.5,2328.7,14373
1779268800,2329.0,2329.0,2325.9,2326.5,15731
1779269100,2326.5,2328.5,2325.0,2326.6,13398
1779269400,2326.7,2330.0,2324.3,2329.3,50906
1779269700,2330.0,2330.0,2328.1,2329.0,57387
1779270000,2328.8,2330.0,2327.9,2328.6,49286
1779270300,2328.6,2329.9,2325.8,2326.0,70829
1779270600,2326.5,2326.9,2324.2,2325.2,59491
1779270900,2325.3,2328.0,2320.0,2324.1,74927
1779335100,2331.0,2335.9,2317.5,2326.6,137375
1779335400,2326.9,2330.8,2325.0,2329.5,39168
1779335700,2329.4,2329.5,2321.0,2326.0,54872
1779336000,2327.3,2328.6,2322.0,2324.4,45022
1779336300,2324.6,2325.0,2321.3,2324.7,67497
1779336600,2324.7,2325.5,2322.4,2323.6,52420
1779336900,2323.7,2323.7,2319.9,2321.9,50249
1779337200,2321.9,2326.9,2320.5,2324.1,66906
1779337500,2324.1,2325.0,2315.0,2316.2,54379
1779337800,2316.4,2320.6,2314.0,2320.4,128849
1779338100,2320.5,2322.4,2319.8,2321.5,28722
1779338400,2321.5,2322.7,2320.4,2321.4,29322
1779338700,2320.5,2322.0,2318.9,2321.5,22253
1779339000,2321.9,2327.0,2321.5,2322.4,96159
1779339300,2322.4,2324.0,2321.0,2322.7,23500
1779339600,2323.5,2324.0,2320.0,2321.4,31912
1779339900,2321.6,2322.5,2317.0,2317.0,34881
1779340200,2317.9,2324.3,2316.4,2324.3,29539
1779340500,2324.5,2326.0,2322.2,2322.4,36298
1779340800,2322.4,2327.0,2322.4,2326.4,23174
1779341100,2326.4,2326.4,2322.1,2324.3,20979
1779341400,2324.0,2326.5,2322.7,2325.2,36584
1779341700,2324.6,2326.0,2324.4,2325.7,36486
1779342000,2325.2,2326.2,2323.1,2323.7,27105
1779342300,2323.7,2324.0,2316.1,2320.5,27735
1779342600,2320.5,2323.0,2319.7,2321.9,10784
1779342900,2321.5,2323.9,2320.0,2322.0,15220
1779343200,2322.0,2322.0,2318.4,2319.9,17300
1779343500,2320.4,2323.6,2319.0,2321.7,17018
1779343800,2321.7,2322.0,2319.1,2319.1,10793
1779344100,2319.6,2320.5,2318.2,2319.4,15696
1779344400,2319.6,2322.4,2319.3,2321.6,17944
1779344700,2321.2,2322.4,2319.2,2320.5,21151
1779345000,2320.5,2321.8,2320.0,2320.5,7226
1779345300,2320.4,2320.9,2319.1,2319.5,6748
1779345600,2319.6,2321.9,2319.3,2319.4,10604
1779345900,2319.8,2321.6,2319.0,2319.0,19354
1779346200,2319.3,2320.2,2318.0,2318.8,17985
1779346500,2318.8,2320.4,2316.0,2316.9,26855
1779346800,2316.9,2318.2,2316.0,2317.1,19079
1779347100,2317.2,2318.4,2316.0,2316.5,23527
1779347400,2316.8,2320.0,2316.0,2319.4,12844
1779347700,2319.6,2322.9,2319.1,2319.4,23321
1779348000,2319.6,2322.8,2319.4,2322.4,8264
1779348300,2322.5,2323.4,2321.0,2321.4,18794
1779348600,2321.6,2324.3,2320.8,2324.2,17511
1779348900,2324.2,2324.9,2320.9,2322.3,28299
1779349200,2322.3,2323.1,2320.2,2320.5,11858
1779349500,2320.4,2322.5,2320.0,2321.5,20734
1779349800,2321.5,2324.4,2320.1,2324.4,24760
1779350100,2324.4,2325.2,2322.0,2323.1,33969
1779350400,2323.3,2325.8,2320.4,2324.8,38422
1779350700,2325.0,2325.7,2322.9,2322.9,27255
1779351000,2322.9,2324.1,2321.1,2322.4,12136
1779351300,2322.4,2324.6,2321.6,2323.0,12124
1779351600,2323.0,2324.5,2321.7,2323.2,7570
1779351900,2323.4,2330.0,2323.4,2328.0,57662
1779352200,2328.0,2328.0,2325.0,2326.4,24842
1779352500,2326.4,2327.0,2323.5,2323.6,36205
1779352800,2324.0,2326.1,2323.0,2324.7,84745
1779353100,2324.7,2325.4,2321.3,2322.3,17768
1779353400,2322.3,2324.4,2321.9,2324.4,9369
1779353700,2324.8,2325.4,2322.7,2324.0,38192
1779354000,2324.0,2324.5,2321.7,2323.9,25881
1779354300,2323.4,2326.0,2321.9,2322.3,39668
1779354600,2323.1,2326.0,2321.2,2323.1,50972
1779354900,2323.1,2325.8,2322.7,2324.3,40580
1779355200,2324.2,2327.7,2323.0,2327.0,107488
1779355500,2327.0,2330.5,2324.7,2329.9,162041
1779355800,2329.2,2330.0,2327.4,2328.1,114864
1779356100,2328.5,2328.5,2325.4,2326.8,176993
1779356400,2327.0,2332.0,2325.9,2326.7,194102
1779356700,2326.6,2329.4,2324.0,2324.6,138574
1779357000,2324.6,2327.1,2324.0,2325.2,115614
1779357300,2325.1,2326.7,2323.8,2326.0,81702
1779421500,2331.1,2334.9,2319.0,2321.6,61667
1779421800,2322.5,2324.6,2315.2,2315.8,44890
1779422100,2315.8,2317.4,2310.1,2312.0,60440
1779422400,2312.0,2318.5,2308.1,2317.6,55277
1779422700,2317.7,2321.5,2316.2,2318.0,35650
1779423000,2318.0,2318.9,2314.6,2318.0,16155
1779423300,2317.9,2318.7,2314.0,2316.7,13267
1779423600,2316.5,2323.3,2315.7,2322.4,71154
1779423900,2323.3,2331.6,2322.4,2327.5,96845
1779424200,2328.2,2332.3,2325.9,2331.8,59469
1779424500,2331.6,2334.4,2330.0,2333.0,71016
1779424800,2333.6,2334.0,2324.0,2324.7,106516
1779425100,2325.0,2326.5,2323.9,2326.0,31163
1779425400,2326.4,2332.2,2325.7,2328.4,22596
1779425700,2328.4,2331.7,2328.0,2330.8,15963
1779426000,2331.0,2339.0,2330.3,2334.3,37295
1779426300,2334.1,2338.5,2329.2,2336.4,222912
1779426600,2336.4,2340.0,2334.2,2336.0,64692
1779426900,2336.8,2339.7,2332.5,2332.8,22977
1779427200,2333.2,2334.5,2331.3,2333.7,18150
1779427500,2334.0,2334.4,2329.8,2330.2,18173
1779427800,2330.8,2331.0,2327.0,2328.7,30128
1779428100,2329.2,2330.6,2328.0,2329.0,16014
1779428400,2329.0,2330.0,2324.5,2326.1,27371
1779428700,2326.1,2327.6,2325.0,2326.0,13591
1779429000,2326.5,2329.5,2325.8,2329.4,12403
1779429300,2329.8,2330.3,2325.5,2330.3,72623
1779429600,2329.3,2329.9,2326.5,2327.1,23125
1779429900,2327.1,2329.0,2325.9,2328.6,19607
1779430200,2328.6,2330.9,2327.4,2330.9,81115
1779430500,2330.9,2334.4,2328.7,2328.7,20801
1779430800,2329.8,2330.5,2325.9,2327.6,41705
1779431100,2327.3,2328.1,2324.0,2325.0,40126
1779431400,2325.7,2326.0,2321.1,2322.3,27146
1779431700,2322.3,2322.7,2319.0,2319.4,53610
1779432000,2319.9,2321.5,2318.2,2321.5,14924
1779432300,2321.5,2322.1,2319.7,2320.1,13788
1779432600,2320.5,2321.8,2319.8,2320.1,9435
1779432900,2320.1,2321.0,2319.1,2321.0,10520
1779433200,2321.0,2321.0,2316.0,2319.5,25240
1779433500,2320.0,2321.1,2318.5,2319.1,10837
1779433800,2319.6,2321.2,2319.0,2319.6,6516
1779434100,2319.6,2323.6,2319.5,2322.4,11948
1779434400,2323.1,2325.0,2322.8,2324.7,16278
1779434700,2324.7,2325.1,2322.0,2322.7,10984
1779435000,2322.7,2323.4,2321.0,2321.0,8321
1779435300,2321.7,2322.2,2319.9,2320.0,11471
1779435600,2320.6,2321.8,2319.0,2320.8,8883
1779435900,2320.8,2321.8,2318.8,2318.9,8835
1779436200,2319.0,2320.4,2318.0,2318.8,8824
1779436500,2319.2,2322.3,2318.3,2320.4,6611
1779436800,2320.4,2321.2,2319.1,2320.0,7080
1779437100,2320.1,2320.1,2315.0,2316.4,23667
1779437400,2316.5,2318.1,2316.0,2316.8,7985
1779437700,2316.7,2320.7,2316.7,2317.2,10485
1779438000,2317.2,2319.3,2316.6,2317.8,8063
1779438300,2318.1,2318.3,2315.2,2316.7,10796
1779438600,2316.7,2317.5,2313.0,2314.9,29880
1779438900,2314.8,2316.7,2312.7,2315.1,11321
1779439200,2315.8,2316.0,2312.0,2313.1,25825
1779439500,2313.0,2314.7,2312.5,2313.1,22191
1779439800,2313.5,2317.1,2312.8,2317.1,20071
1779440100,2317.0,2318.6,2314.1,2315.0,20279
1779440400,2314.9,2317.4,2312.8,2316.5,30596
1779440700,2316.2,2318.5,2314.0,2315.0,16089
1779441000,2314.3,2315.8,2313.7,2314.5,24257
1779441300,2314.6,2317.0,2313.4,2316.6,26514
1779441600,2316.4,2317.4,2315.6,2316.8,20967
1779441900,2316.7,2319.5,2316.3,2318.0,30852
1779442200,2318.1,2318.3,2315.9,2318.2,70631
1779442500,2318.2,2320.2,2316.4,2319.3,64937
1779442800,2319.2,2319.4,2316.2,2316.4,59980
1779443100,2316.4,2319.0,2315.0,2318.4,67708
1779443400,2318.3,2318.4,2315.0,2318.0,106101
1779443700,2318.0,2318.0,2315.2,2317.9,88102
1779680700,2325.0,2326.1,2296.7,2300.0,684199
1779681000,2299.9,2306.5,2296.4,2300.0,74840
1779681300,2301.0,2306.8,2300.1,2303.0,531183
1779681600,2303.0,2303.7,2293.9,2298.6,68374
1779681900,2299.7,2302.7,2298.4,2301.9,34727
1779682200,2301.9,2305.0,2301.1,2303.5,23475
1779682500,2303.5,2304.0,2300.0,2300.6,55978
1779682800,2300.6,2301.3,2295.4,2296.4,36794
1779683100,2296.0,2298.2,2295.4,2297.4,33877
1779683400,2297.2,2297.2,2293.0,2294.5,36894
1779683700,2294.5,2299.5,2293.0,2297.9,31641
1779684000,2298.8,2299.5,2298.1,2299.0,11783
1779684300,2299.6,2303.3,2299.5,2303.0,19769
1779684600,2303.3,2311.9,2302.2,2305.4,55280
1779684900,2305.8,2305.8,2302.1,2303.9,15243
1779685200,2303.9,2305.2,2302.3,2303.9,15998
1779685500,2303.9,2304.8,2302.3,2303.3,17714
1779685800,2303.3,2307.9,2303.0,2307.0,28764
1779686100,2307.0,2310.8,2306.0,2306.3,47241
1779686400,2306.8,2307.8,2304.3,2307.7,46878
1779686700,2307.7,2310.5,2306.5,2310.5,26966
1779687000,2310.5,2314.8,2310.4,2314.1,42980
1779687300,2314.4,2317.9,2314.1,2317.2,45386
1779687600,2317.2,2317.2,2314.2,2315.3,27365
1779687900,2316.1,2317.9,2311.0,2312.6,33520
1779688200,2312.6,2313.8,2311.9,2313.0,11983
1779688500,2313.4,2313.4,2308.8,2311.1,28796
1779688800,2311.1,2312.2,2309.5,2310.1,19868
1779689100,2310.4,2311.8,2308.8,2311.8,16802
1779689400,2311.8,2313.7,2309.8,2310.6,12725
1779689700,2310.6,2311.5,2309.5,2309.6,8616
1779690000,2310.0,2310.2,2307.9,2308.4,18916
1779690300,2308.9,2308.9,2306.1,2307.3,19167
1779690600,2307.1,2309.3,2306.7,2307.8,14911
1779690900,2308.5,2308.6,2306.1,2307.7,31367
1779691200,2307.2,2308.5,2306.8,2308.1,14880
1779691500,2308.1,2308.1,2305.5,2307.8,16944
1779691800,2307.8,2307.8,2305.9,2306.0,16768
1779692100,2306.0,2306.3,2305.0,2305.9,33152
1779692400,2305.9,2306.7,2305.4,2306.7,9282
1779692700,2306.7,2311.7,2306.1,2311.2,16772
1779693000,2311.2,2312.9,2309.9,2310.0,14758
1779693300,2310.0,2310.1,2306.1,2307.4,12642
1779693600,2307.4,2311.5,2307.1,2310.7,14184
1779693900,2311.0,2313.6,2309.6,2313.3,15117
1779694200,2313.4,2316.7,2312.7,2316.0,20085
1779694500,2316.0,2316.9,2315.0,2315.2,14609
1779694800,2315.1,2316.9,2314.6,2315.5,19718
1779695100,2315.2,2316.5,2314.4,2315.6,16787
1779695400,2315.7,2316.5,2315.5,2316.1,10168
1779695700,2316.1,2316.6,2314.1,2314.6,19591
1779696000,2315.3,2319.7,2313.8,2319.3,45290
1779696300,2319.2,2319.2,2313.2,2315.8,17829
1779696600,2315.5,2317.1,2314.0,2314.3,12243
1779696900,2314.1,2315.0,2312.3,2313.8,15974
1779697200,2313.8,2314.7,2310.9,2311.8,24518
1779697500,2312.7,2313.0,2310.8,2312.0,22773
1779697800,2312.1,2314.6,2311.6,2313.7,33623
1779698100,2313.7,2314.3,2310.9,2312.2,35822
1779698400,2312.2,2313.8,2308.5,2309.3,28454
1779698700,2309.3,2310.9,2309.0,2310.5,21327
1779699000,2310.5,2312.7,2309.0,2311.9,25439
1779699300,2311.9,2314.7,2311.1,2313.2,23711
1779699600,2313.2,2314.5,2312.0,2313.7,23433
1779699900,2313.9,2314.7,2312.5,2313.7,19626
1779700200,2313.8,2315.0,2312.4,2314.9,35637
1779700500,2315.0,2315.0,2310.6,2311.7,26727
1779700800,2311.9,2312.5,2311.0,2312.1,22671
1779701100,2312.0,2313.9,2311.8,2313.8,27133
1779701400,2313.3,2313.3,2309.8,2310.2,48299
1779701700,2310.2,2311.0,2309.3,2309.3,39030
1779702000,2309.3,2309.9,2308.0,2308.2,42067
1779702300,2308.0,2308.1,2305.2,2305.8,50958
1779702600,2305.8,2307.4,2305.2,2306.0,63842
1779702900,2306.6,2309.7,2305.8,2308.0,51376
1779767100,2308.2,2327.9,2302.6,2326.4,147194
1779767400,2327.0,2327.4,2320.4,2322.1,67815
1779767700,2322.1,2322.7,2309.7,2310.0,56486
1779768000,2310.2,2312.7,2306.0,2306.4,39254
1779768300,2306.0,2309.1,2303.0,2308.5,66086
1779768600,2308.9,2309.5,2306.0,2307.9,21469
1779768900,2307.6,2308.4,2305.0,2305.0,32190
1779769200,2305.3,2306.2,2303.0,2303.9,31645
1779769500,2303.9,2304.5,2297.4,2299.8,52289
1779769800,2299.7,2299.8,2295.9,2297.6,38254
1779770100,2297.5,2298.5,2294.0,2296.9,35303
1779770400,2296.9,2298.5,2296.4,2298.5,25683
1779770700,2297.9,2298.2,2295.0,2295.1,27147
1779771000,2295.4,2296.4,2292.0,2296.4,44691
1779771300,2296.4,2298.3,2295.5,2296.9,23342
1779771600,2296.9,2299.8,2296.3,2299.7,19581
1779771900,2299.5,2300.4,2298.0,2299.0,27745
1779772200,2299.1,2299.2,2295.0,2296.6,46338
1779772500,2296.5,2296.6,2293.6,2294.7,40091
1779772800,2294.6,2297.4,2294.2,2296.1,31845
1779773100,2296.0,2296.7,2292.2,2292.9,54813
1779773400,2292.9,2294.0,2292.0,2292.9,55490
1779773700,2292.8,2295.4,2292.0,2295.3,26962
1779774000,2295.3,2296.5,2294.0,2296.5,19887
1779774300,2296.2,2296.5,2295.2,2296.0,18281
1779774600,2296.0,2296.1,2293.1,2293.9,15439
1779774900,2293.9,2295.6,2288.4,2288.9,62377
1779775200,2287.7,2289.4,2285.2,2288.5,45978
1779775500,2289.3,2290.3,2288.5,2289.8,38034
1779775800,2289.8,2290.5,2287.0,2287.7,40059
1779776100,2287.7,2289.6,2287.0,2289.5,29144
1779776400,2289.5,2291.0,2288.8,2289.9,21138
1779776700,2289.9,2294.9,2289.4,2292.7,53324
1779777000,2292.7,2293.0,2289.4,2291.6,68775
1779777300,2291.5,2294.7,2290.5,2294.5,42406
1779777600,2294.5,2294.8,2292.2,2292.6,18742
1779777900,2293.1,2294.0,2291.6,2294.0,16118
1779778200,2293.9,2296.0,2293.0,2295.3,26382
1779778500,2295.3,2295.8,2293.5,2295.5,14276
1779778800,2295.1,2298.5,2294.3,2296.2,34176
1779779100,2296.1,2296.4,2294.1,2295.2,12978
1779779400,2295.3,2296.7,2292.4,2296.5,38934
1779779700,2296.0,2297.6,2295.0,2297.3,63060
1779780000,2297.3,2298.7,2295.0,2298.6,42550
1779780300,2298.6,2299.9,2297.8,2299.0,64452
1779780600,2298.8,2298.8,2293.4,2294.2,26647
1779780900,2294.0,2295.0,2289.8,2290.6,58188
1779781200,2290.6,2293.3,2289.7,2293.3,38010
1779781500,2293.3,2295.3,2292.0,2294.8,40598
1779781800,2294.8,2296.8,2294.1,2295.6,34952
1779782100,2296.3,2297.0,2293.2,2293.6,42035
1779782400,2293.6,2297.7,2292.3,2294.6,76155
1779782700,2294.6,2295.4,2291.6,2291.6,10957
1779783000,2292.0,2293.5,2288.0,2288.5,45415
1779783300,2288.5,2289.9,2285.0,2285.4,61865
1779783600,2285.3,2285.3,2281.0,2283.0,56732
1779783900,2282.9,2282.9,2280.0,2281.3,37192
1779784200,2281.4,2281.5,2276.0,2277.2,58888
1779784500,2277.0,2278.0,2275.0,2277.6,30627
1779784800,2277.2,2277.6,2276.0,2276.6,22187
1779785100,2276.4,2276.4,2275.0,2276.0,28688
1779785400,2276.0,2276.7,2273.6,2274.8,73650
1779785700,2275.0,2276.0,2273.8,2274.8,84799
1779786000,2273.8,2276.1,2273.1,2275.7,40409
1779786300,2275.7,2277.0,2273.0,2275.5,38026
1779786600,2275.6,2276.0,2272.5,2275.2,47643
1779786900,2275.1,2277.0,2274.2,2276.4,30839
1779787200,2276.4,2277.5,2273.6,2275.6,25451
1779787500,2275.5,2276.5,2274.8,2276.0,25747
1779787800,2275.8,2275.9,2272.4,2275.0,92193
1779788100,2275.0,2276.8,2274.2,2275.5,112786
1779788400,2275.4,2275.8,2273.9,2275.2,137959
1779788700,2275.6,2278.6,2274.0,2276.2,160187
1779789000,2276.1,2278.8,2275.3,2277.9,125411
1779789300,2277.2,2281.4,2277.1,2281.4,115199
1779853500,2275.0,2292.9,2273.1,2279.7,128384
1779853800,2279.8,2283.3,2277.1,2281.8,53110
1779854100,2281.8,2282.5,2276.1,2276.5,35366
1779854400,2275.8,2276.6,2269.0,2270.4,77459
1779854700,2270.0,2272.9,2269.8,2271.6,72707
1779855000,2270.8,2272.9,2267.5,2268.8,59227
1779855300,2268.7,2268.7,2260.9,2263.5,75701
1779855600,2264.3,2268.5,2263.2,2267.1,28603
1779855900,2267.1,2269.7,2266.0,2266.1,21151
1779856200,2266.0,2267.8,2265.5,2267.8,16157
1779856500,2268.0,2270.0,2267.0,2268.6,28901
1779856800,2268.6,2270.4,2267.4,2269.9,30004
1779857100,2269.9,2276.7,2269.6,2276.0,90035
1779857400,2275.9,2277.8,2270.0,2271.3,26233
1779857700,2271.5,2271.5,2268.5,2270.0,17696
1779858000,2269.3,2270.6,2268.9,2269.2,15092
1779858300,2269.3,2270.4,2268.4,2269.9,15789
1779858600,2270.0,2270.7,2268.6,2269.2,15621
1779858900,2269.2,2270.6,2268.2,2269.8,32964
1779859200,2270.0,2274.0,2269.4,2274.0,20997
1779859500,2274.0,2274.8,2270.7,2273.1,30146
1779859800,2273.0,2276.5,2272.5,2275.9,27208
1779860100,2275.9,2283.2,2275.9,2281.7,85776
1779860400,2281.1,2282.9,2279.6,2280.2,27186
1779860700,2279.6,2280.2,2276.0,2276.0,18711
1779861000,2276.1,2277.8,2276.0,2276.7,11541
1779861300,2276.7,2277.0,2273.8,2275.0,18022
1779861600,2275.1,2276.7,2273.4,2273.5,19476
1779861900,2273.8,2275.1,2271.5,2273.6,21681
1779862200,2273.6,2277.0,2272.6,2275.0,14208
1779862500,2275.0,2277.0,2274.4,2275.8,22931
1779862800,2275.3,2275.4,2273.3,2274.9,15728
1779863100,2274.6,2275.6,2272.9,2273.6,12501
1779863400,2273.7,2275.0,2272.6,2274.2,13584
1779863700,2274.3,2275.1,2274.2,2275.0,8981
1779864000,2274.9,2277.0,2273.8,2274.0,14771
1779864300,2273.6,2275.6,2272.9,2274.4,16040
1779864600,2274.3,2274.4,2270.1,2271.0,24277
1779864900,2271.0,2271.1,2268.0,2268.0,17026
1779865200,2268.0,2270.0,2266.8,2270.0,16025
1779865500,2269.9,2273.7,2269.9,2273.5,11396
1779865800,2273.0,2274.8,2273.0,2274.3,10642
1779866100,2273.9,2274.7,2271.3,2272.4,10707
1779866400,2272.3,2272.9,2270.7,2272.0,9553
1779866700,2271.5,2272.1,2270.5,2270.8,6532
1779867000,2271.4,2272.0,2270.2,2271.8,7140
1779867300,2272.0,2272.4,2271.4,2271.9,10763
1779867600,2271.7,2272.1,2270.0,2271.6,14829
1779867900,2270.5,2271.4,2268.5,2269.7,16789
1779868200,2269.3,2272.2,2268.5,2272.0,8834
1779868500,2272.0,2273.5,2271.9,2273.2,9774
1779868800,2273.0,2273.7,2272.9,2273.0,10685
1779869100,2273.0,2273.0,2272.0,2272.0,6961
1779869400,2272.2,2272.8,2271.0,2271.7,7246
1779869700,2271.5,2272.3,2270.8,2271.8,7767
1779870000,2272.0,2273.0,2271.1,2272.9,11795
1779870300,2272.8,2273.5,2271.6,2272.9,10947
1779870600,2273.0,2273.1,2271.4,2272.9,19995
1779870900,2272.9,2272.9,2270.0,2270.5,20898
1779871200,2270.1,2271.5,2269.6,2270.4,18656
1779871500,2270.3,2271.8,2269.2,2269.4,16865
1779871800,2269.2,2270.8,2268.3,2269.6,23056
1779872100,2269.8,2270.4,2268.6,2269.3,16358
1779872400,2268.9,2270.6,2267.2,2267.5,20520
1779872700,2267.7,2268.8,2265.0,2266.9,27943
1779873000,2266.7,2269.9,2265.5,2269.6,26935
1779873300,2269.3,2270.0,2267.5,2269.9,33045
1779873600,2269.9,2274.4,2269.1,2273.0,99080
1779873900,2273.2,2274.7,2272.9,2273.9,57050
1779874200,2273.9,2277.0,2273.0,2273.8,105807
1779874500,2273.9,2275.9,2273.8,2275.6,72266
1779874800,2275.8,2279.3,2275.2,2278.7,112482
1779875100,2278.7,2291.2,2278.1,2291.2,208719
1779875400,2291.1,2295.6,2288.6,2295.5,206687
1779875700,2295.1,2295.6,2283.5,2289.9,85384
1780026300,2291.0,2325.0,2291.0,2322.9,529253
1780026600,2323.3,2324.7,2313.0,2320.8,158889
1780026900,2320.8,2324.0,2309.7,2310.7,165514
1780027200,2310.6,2310.7,2299.8,2305.0,134917
1780027500,2305.3,2314.9,2304.4,2313.0,66654
1780027800,2312.4,2323.6,2312.4,2319.1,162253
1780028100,2319.3,2324.5,2318.0,2324.0,75892
1780028400,2323.8,2326.5,2321.0,2324.1,106330
1780028700,2324.1,2326.3,2323.0,2323.5,75157
1780029000,2323.5,2334.0,2323.4,2331.8,177900
1780029300,2331.8,2332.0,2321.9,2324.1,86874
1780029600,2324.1,2329.1,2316.8,2322.5,74449
1780029900,2323.0,2325.4,2320.2,2322.1,74727
1780030200,2322.8,2322.8,2315.1,2316.7,95636
1780030500,2316.7,2316.7,2309.0,2310.5,65545
1780030800,2310.5,2316.4,2310.0,2315.6,43314
1780031100,2315.5,2316.9,2307.0,2308.3,66168
1780031400,2307.8,2311.4,2305.4,2309.5,71933
1780031700,2309.4,2311.1,2308.4,2310.1,25015
1780032000,2310.1,2310.2,2306.0,2306.7,18589
1780032300,2306.1,2311.8,2305.7,2311.1,59015
1780032600,2311.5,2313.3,2306.4,2308.4,28698
1780032900,2307.7,2309.5,2306.2,2309.5,20346
1780033200,2309.5,2311.6,2308.1,2311.4,21323
1780033500,2311.4,2311.8,2309.2,2310.5,36026
1780033800,2310.5,2310.5,2308.3,2309.0,30628
1780034100,2309.1,2309.2,2308.0,2309.1,62148
1780034400,2309.1,2310.0,2303.8,2305.7,40036
1780034700,2305.7,2311.0,2304.8,2307.8,85911
1780035000,2307.8,2308.5,2305.0,2307.5,29282
1780035300,2307.5,2309.4,2300.0,2301.6,48887
1780035600,2302.1,2303.2,2300.0,2300.8,28251
1780035900,2300.9,2300.9,2295.5,2298.0,102301
1780036200,2297.8,2297.9,2296.0,2296.8,33783
1780036500,2296.6,2296.6,2294.2,2294.6,35569
1780036800,2294.1,2296.1,2293.2,2294.1,53432
1780037100,2294.1,2294.9,2292.5,2294.3,32666
1780037400,2294.8,2294.9,2292.6,2293.4,34246
1780037700,2293.3,2293.9,2292.6,2293.4,27090
1780038000,2293.4,2293.4,2290.0,2291.4,59522
1780038300,2291.4,2295.7,2291.3,2293.8,46754
1780038600,2293.7,2294.5,2291.1,2292.2,31583
1780038900,2292.1,2295.0,2292.0,2294.3,33466
1780039200,2294.2,2294.8,2291.0,2291.0,28436
1780039500,2291.2,2292.0,2290.1,2290.6,29394
1780039800,2290.1,2291.0,2287.5,2289.5,67575
1780040100,2289.4,2290.6,2287.1,2289.4,29317
1780040400,2289.2,2289.4,2287.0,2287.1,35293
1780040700,2287.1,2288.2,2285.0,2287.7,31612
1780041000,2287.7,2287.7,2282.0,2284.4,53343
1780041300,2284.6,2286.2,2283.7,2284.9,35669
1780041600,2284.5,2285.8,2284.0,2284.5,22044
1780041900,2284.5,2285.3,2283.3,2284.8,29086
1780042200,2284.7,2287.8,2284.3,2284.9,40317
1780042500,2284.9,2285.7,2282.6,2283.0,34588
1780042800,2282.9,2282.9,2279.5,2281.2,80266
1780043100,2281.2,2283.8,2280.8,2283.8,21932
1780043400,2282.9,2283.3,2280.1,2280.9,39643
1780043700,2280.9,2283.0,2280.1,2282.8,34581
1780044000,2282.8,2284.8,2282.0,2283.5,36322
1780044300,2283.6,2283.6,2281.7,2281.7,33633
1780044600,2281.7,2284.9,2281.6,2283.5,39899
1780044900,2283.5,2284.4,2281.7,2283.1,48508
1780045200,2282.8,2294.7,2282.8,2293.6,95758
1780045500,2293.6,2296.4,2292.1,2292.9,44364
1780045800,2292.9,2293.8,2290.4,2293.3,50552
1780046100,2293.3,2296.1,2291.5,2296.1,59580
1780046400,2295.5,2297.7,2293.6,2297.6,72240
1780046700,2297.6,2298.2,2295.0,2297.6,97457
1780047000,2296.1,2299.0,2260.7,2264.3,2540589
1780047300,2264.3,2264.5,2249.6,2251.7,2250665
1780047600,2250.9,2254.4,2246.6,2253.5,2440478
1780047900,2253.3,2258.4,2252.6,2255.4,1814307
1780048200,2255.4,2255.7,2249.0,2250.2,1484205
1780048500,2250.1,2259.4,2235.0,2256.0,1283208
1780285500,2284.0,2306.4,2280.0,2293.8,253781
1780285800,2293.9,2303.3,2292.7,2301.7,119725
1780286100,2300.5,2303.5,2295.2,2302.1,80765
1780286400,2302.4,2306.4,2300.0,2304.8,91844
1780286700,2304.9,2308.7,2296.2,2296.2,129459
1780287000,2296.7,2300.0,2296.1,2299.9,20785
1780287300,2299.9,2304.5,2299.7,2303.0,79165
1780287600,2303.0,2308.0,2302.1,2305.5,116166
1780287900,2305.5,2307.8,2300.0,2300.2,61410
1780288200,2300.4,2303.5,2300.2,2301.1,59815
1780288500,2301.4,2307.9,2301.2,2303.0,86614
1780288800,2303.9,2307.2,2303.0,2307.1,57740
1780289100,2307.8,2312.9,2303.8,2311.2,138382
1780289400,2311.2,2328.1,2311.0,2325.4,160950
1780289700,2325.2,2329.0,2319.1,2322.2,72763
1780290000,2322.7,2324.8,2316.2,2317.7,26346
1780290300,2317.0,2320.7,2315.0,2317.3,22745
1780290600,2317.3,2319.8,2295.4,2303.2,3402490
1780290900,2303.1,2309.7,2297.0,2309.7,164200
1780291200,2309.7,2315.5,2308.6,2312.1,70081
1780291500,2312.6,2313.3,2310.0,2313.0,25563
1780291800,2312.4,2318.0,2312.4,2316.6,58720
1780292100,2316.6,2317.5,2314.5,2316.9,25984
1780292400,2316.9,2322.8,2316.6,2321.4,52921
1780292700,2321.1,2322.1,2317.4,2320.5,29093
1780293000,2320.5,2327.8,2320.5,2322.6,102685
1780293300,2323.1,2325.5,2321.6,2323.2,40332
1780293600,2323.4,2328.8,2323.4,2326.5,62735
1780293900,2327.1,2328.5,2325.0,2327.0,41368
1780294200,2327.0,2328.9,2325.0,2327.8,35473
1780294500,2328.3,2329.9,2326.4,2329.2,30472
1780294800,2329.0,2329.8,2326.4,2328.1,33345
1780295100,2328.6,2328.8,2321.7,2323.9,36744
1780295400,2324.7,2325.6,2322.6,2324.0,31869
1780295700,2323.9,2331.8,2323.9,2330.4,100287
1780296000,2331.0,2333.2,2329.9,2332.9,46199
1780296300,2332.0,2335.0,2331.1,2334.5,54304
1780296600,2334.5,2334.6,2331.0,2331.0,39114
1780296900,2332.0,2334.8,2331.1,2334.0,20572
1780297200,2334.2,2334.5,2333.0,2334.0,17041
1780297500,2334.3,2334.3,2330.1,2332.8,17192
1780297800,2333.0,2333.8,2329.7,2330.0,18559
1780298100,2330.5,2331.5,2329.9,2331.0,25716
1780298400,2331.0,2331.9,2329.7,2331.0,22837
1780298700,2331.0,2334.4,2330.2,2331.1,53528
1780299000,2331.1,2333.0,2327.5,2328.7,65041
1780299300,2328.5,2328.7,2326.0,2326.9,19096
1780299600,2326.9,2327.1,2324.0,2325.4,33677
1780299900,2325.9,2326.6,2323.3,2324.8,22324
1780300200,2324.9,2325.5,2322.0,2322.5,18671
1780300500,2322.5,2323.9,2322.0,2322.5,13140
1780300800,2322.5,2324.7,2320.5,2323.5,29934
1780301100,2323.5,2323.8,2320.9,2322.0,28211
1780301400,2322.0,2322.0,2320.6,2321.4,21426
1780301700,2321.4,2321.4,2319.1,2319.3,20168
1780302000,2319.4,2320.0,2317.2,2317.7,22914
1780302300,2317.7,2318.0,2314.0,2315.6,27140
1780302600,2315.6,2316.5,2310.8,2312.0,23409
1780302900,2312.0,2312.7,2310.0,2310.2,20070
1780303200,2310.3,2311.4,2307.4,2308.0,16461
1780303500,2308.5,2310.0,2306.3,2310.0,37367
1780303800,2310.0,2312.2,2308.9,2308.9,18854
1780304100,2308.6,2312.0,2307.7,2310.3,26133
1780304400,2309.4,2312.0,2303.8,2304.5,64362
1780304700,2304.3,2309.5,2303.3,2308.5,31845
1780305000,2307.8,2307.9,2303.1,2304.0,26527
1780305300,2304.0,2306.0,2301.8,2302.7,34307
1780305600,2302.7,2304.0,2301.0,2302.5,24308
1780305900,2302.5,2303.0,2300.1,2303.0,37069
1780306200,2303.0,2303.0,2298.2,2299.7,84734
1780306500,2299.7,2299.8,2295.1,2297.7,108065
1780306800,2298.0,2301.1,2296.0,2296.7,74864
1780307100,2296.7,2297.9,2295.1,2295.2,98064
1780307400,2295.1,2296.8,2294.1,2296.8,110999
1780307700,2296.8,2299.8,2296.3,2296.4,93735
1780371900,2320.0,2351.0,2316.2,2349.0,661144
1780372200,2347.7,2365.9,2347.4,2361.0,419530
1780372500,2361.0,2370.6,2359.9,2364.1,243473
1780372800,2365.0,2370.0,2364.0,2366.5,229440
1780373100,2366.4,2371.9,2363.2,2364.8,184681
1780373400,2364.5,2381.6,2364.5,2380.8,297582
1780373700,2380.1,2384.5,2375.4,2377.5,157303
1780374000,2377.5,2389.0,2372.4,2388.7,216363
1780374300,2389.0,2395.1,2387.0,2393.8,239569
1780374600,2394.7,2400.0,2390.2,2397.0,164452
1780374900,2397.3,2406.0,2395.9,2405.6,258160
1780375200,2405.8,2415.0,2405.8,2411.2,267414
1780375500,2411.7,2423.6,2411.0,2421.0,268364
1780375800,2421.0,2422.0,2413.8,2415.6,190322
1780376100,2415.0,2418.5,2412.9,2415.4,133043
1780376400,2415.0,2420.0,2413.0,2416.9,126352
1780376700,2416.9,2430.0,2414.4,2429.0,235897
1780377000,2429.0,2439.3,2426.1,2439.0,199905
1780377300,2439.3,2444.0,2435.4,2439.0,213959
1780377600,2439.0,2443.8,2434.1,2437.6,155613
1780377900,2438.6,2439.1,2431.9,2433.2,117930
1780378200,2433.2,2436.0,2428.8,2435.4,120601
1780378500,2435.4,2435.6,2431.3,2435.0,82105
1780378800,2435.0,2435.8,2432.2,2434.1,68366
1780379100,2434.0,2440.0,2434.0,2440.0,139509
1780379400,2440.0,2443.8,2439.9,2443.0,118428
1780379700,2443.0,2451.1,2442.0,2445.7,256656
1780380000,2445.6,2448.5,2444.0,2447.9,82500
1780380300,2447.9,2449.1,2446.6,2448.4,64830
1780380600,2448.4,2451.0,2446.4,2447.0,106881
1780380900,2447.0,2448.9,2445.5,2445.9,70430
1780381200,2446.0,2449.0,2442.7,2442.7,87984
1780381500,2443.7,2445.5,2440.7,2444.1,73655
1780381800,2444.1,2444.1,2433.0,2434.5,145734
1780382100,2434.7,2439.0,2434.1,2437.1,88052
1780382400,2437.1,2438.8,2432.6,2433.9,85931
1780382700,2434.0,2434.9,2428.0,2428.0,125415
1780383000,2429.0,2429.0,2424.4,2425.1,174057
1780383300,2426.2,2432.4,2425.2,2431.7,120764
1780383600,2431.7,2447.7,2431.0,2447.5,164940
1780383900,2447.0,2447.5,2444.1,2445.5,63464
1780384200,2445.5,2447.4,2444.0,2446.0,80697
1780384500,2446.9,2457.4,2445.8,2451.0,218421
1780384800,2450.5,2451.1,2443.3,2445.0,140675
1780385100,2444.8,2446.9,2440.5,2443.6,144681
1780385400,2443.6,2446.3,2441.4,2444.1,78559
1780385700,2444.0,2446.0,2442.0,2445.6,62365
1780386000,2444.9,2446.0,2443.0,2444.6,79715
1780386300,2444.6,2444.7,2438.5,2439.7,73788
1780386600,2438.8,2440.0,2436.4,2437.8,58901
1780386900,2437.7,2439.7,2436.5,2438.6,66188
1780387200,2438.1,2444.5,2437.5,2443.9,79197
1780387500,2443.9,2445.7,2441.0,2442.0,63615
1780387800,2442.0,2444.0,2440.1,2443.1,53627
1780388100,2443.1,2443.7,2440.0,2441.0,55981
1780388400,2441.0,2444.0,2439.7,2443.6,57365
1780388700,2443.5,2444.0,2440.9,2441.0,52992
1780389000,2441.5,2441.5,2437.3,2439.9,69073
1780389300,2439.9,2443.7,2439.4,2443.0,60743
1780389600,2443.0,2446.1,2441.0,2444.7,83527
1780389900,2444.8,2445.0,2440.0,2443.6,69214
1780390200,2443.5,2447.1,2441.1,2444.0,129911
1780390500,2443.6,2444.8,2441.1,2441.9,87648
1780390800,2441.5,2444.0,2441.5,2442.4,75196
1780391100,2442.4,2443.0,2440.1,2441.1,93552
1780391400,2441.0,2444.0,2440.0,2443.7,144480
1780391700,2443.9,2447.5,2441.1,2441.9,153790
1780392000,2441.9,2445.3,2441.3,2442.0,85821
1780392300,2442.0,2446.5,2441.7,2444.7,89084
1780392600,2444.7,2447.2,2442.1,2446.0,239192
1780392900,2445.7,2446.9,2441.6,2442.3,282987
1780393200,2442.2,2444.1,2442.1,2443.2,239500
1780393500,2443.5,2454.3,2443.0,2450.9,307510
1780393800,2451.3,2452.5,2446.5,2451.4,260418
1780394100,2451.4,2453.2,2447.0,2451.1,206522
1780458300,2393.0,2393.0,2321.7,2323.0,1145662
1780458600,2321.6,2326.8,2307.2,2309.6,1061400
1780458900,2311.4,2311.4,2297.7,2305.0,616477
1780459200,2305.0,2305.2,2291.6,2297.5,438968
1780459500,2297.6,2299.9,2286.0,2286.5,335474
1780459800,2287.4,2287.9,2280.6,2284.9,313375
1780460100,2284.3,2289.6,2282.6,2286.8,208688
1780460400,2286.8,2293.0,2283.5,2284.7,214151
1780460700,2283.8,2285.0,2277.3,2279.2,266527
1780461000,2280.0,2280.0,2276.0,2279.0,210983
1780461300,2279.1,2283.3,2276.6,2278.1,204100
1780461600,2279.0,2279.1,2275.0,2276.9,158199
1780461900,2276.7,2278.0,2268.0,2271.4,396631
1780462200,2271.4,2276.7,2270.3,2271.0,185534
1780462500,2270.4,2274.0,2268.9,2271.9,155606
1780462800,2272.2,2274.0,2263.0,2265.9,270743
1780463100,2266.7,2267.2,2262.1,2263.0,164927
1780463400,2263.0,2264.1,2256.0,2257.0,275462
1780463700,2257.5,2266.0,2255.0,2261.2,197776
1780464000,2261.4,2266.0,2260.4,2266.0,131817
1780464300,2266.4,2266.4,2261.1,2263.7,88944
1780464600,2263.4,2263.8,2256.0,2257.0,159042
1780464900,2257.0,2257.5,2246.7,2247.7,388997
1780465200,2247.7,2251.5,2244.1,2246.0,210817
1780465500,2246.2,2248.0,2243.0,2245.2,173532
1780465800,2245.3,2252.0,2242.3,2248.9,174097
1780466100,2248.9,2252.4,2244.0,2245.5,208805
1780466400,2245.5,2251.0,2245.0,2248.7,137250
1780466700,2248.7,2252.7,2246.1,2252.3,106900
1780467000,2252.4,2252.5,2247.3,2250.3,84306
1780467300,2250.3,2253.0,2246.2,2247.4,143032
1780467600,2247.2,2247.4,2238.0,2238.7,271233
1780467900,2238.7,2240.0,2224.8,2225.7,356357
1780468200,2226.2,2231.0,2225.4,2229.5,187921
1780468500,2229.7,2232.8,2225.1,2231.3,165283
1780468800,2231.9,2234.3,2226.3,2227.2,181256
1780469100,2228.0,2233.6,2227.5,2232.8,88713
1780469400,2232.8,2233.6,2231.0,2232.0,77729
1780469700,2232.0,2240.5,2230.5,2237.6,124959
1780470000,2237.6,2242.0,2236.0,2241.0,143596
1780470300,2240.6,2244.9,2237.9,2241.0,163713
1780470600,2241.3,2242.9,2238.4,2241.5,108046
1780470900,2241.5,2242.0,2237.1,2242.0,113802
1780471200,2242.0,2242.6,2240.2,2241.6,61244
1780471500,2241.6,2242.3,2237.0,2238.7,83957
1780471800,2239.1,2239.7,2235.3,2237.8,71175
1780472100,2237.9,2239.0,2235.1,2236.3,66945
1780472400,2236.3,2239.4,2233.6,2239.3,83567
1780472700,2241.0,2241.8,2237.0,2238.9,70970
1780473000,2238.7,2242.9,2238.0,2242.3,108406
1780473300,2242.5,2243.5,2240.6,2241.5,65356
1780473600,2241.5,2242.0,2235.8,2237.5,94503
1780473900,2237.4,2239.9,2233.2,2234.0,234932
1780474200,2234.7,2238.0,2234.0,2235.6,79703
1780474500,2235.7,2245.9,2235.0,2244.0,135805
1780474800,2244.0,2244.7,2241.6,2242.0,72856
1780475100,2242.0,2242.9,2239.2,2239.7,56804
1780475400,2239.8,2243.9,2238.9,2243.8,59018
1780475700,2243.8,2244.9,2240.6,2243.7,82094
1780476000,2243.7,2243.8,2241.5,2242.0,54929
1780476300,2242.0,2247.5,2241.6,2246.6,103275
1780476600,2247.0,2248.0,2243.9,2245.7,108792
1780476900,2246.0,2246.0,2243.1,2244.3,75766
1780477200,2244.4,2246.0,2243.2,2245.5,91506
1780477500,2245.5,2247.0,2243.1,2246.5,99013
1780477800,2247.0,2249.7,2245.6,2248.3,225698
1780478100,2248.5,2249.6,2246.0,2248.0,115549
1780478400,2248.2,2249.6,2247.0,2247.9,121313
1780478700,2247.9,2248.4,2245.0,2245.0,149442
1780479000,2246.0,2246.4,2243.0,2246.0,179182
1780479300,2246.0,2246.0,2238.9,2240.0,405297
1780479600,2239.7,2241.0,2238.9,2240.9,210904
1780479900,2241.0,2241.0,2236.0,2239.6,443401
1780480200,2239.5,2244.9,2239.0,2242.2,441076
1780480500,2242.2,2245.3,2239.0,2245.0,526361
1780544700,2241.7,2253.0,2216.6,2249.7,595697
1780545000,2249.6,2253.1,2241.8,2249.0,190717
1780545300,2248.4,2249.1,2239.2,2243.2,159237
1780545600,2243.7,2247.4,2235.0,2238.8,110986
1780545900,2237.5,2240.0,2233.0,2233.0,110818
1780546200,2233.5,2235.0,2230.1,2231.8,90700
1780546500,2231.7,2237.9,2230.0,2235.8,115290
1780546800,2235.3,2235.5,2228.0,2232.6,106445
1780547100,2232.1,2239.4,2229.4,2231.7,129241
1780547400,2231.4,2235.0,2230.5,2234.7,61126
1780547700,2234.7,2236.6,2232.2,2236.1,45102
1780548000,2236.1,2237.8,2233.0,2233.6,60330
1780548300,2233.6,2236.0,2230.9,2233.8,51117
1780548600,2234.2,2234.5,2230.5,2230.8,42827
1780548900,2230.5,2231.9,2223.0,2227.9,120020
1780549200,2227.9,2231.3,2226.7,2227.9,62352
1780549500,2228.3,2232.4,2227.0,2231.0,37804
1780549800,2230.6,2231.3,2227.2,2227.9,29605
1780550100,2228.1,2231.9,2227.8,2229.7,35392
1780550400,2229.7,2233.0,2228.1,2232.5,38303
1780550700,2232.5,2235.5,2231.0,2235.0,52887
1780551000,2235.0,2235.9,2228.5,2230.0,52053
1780551300,2229.9,2231.4,2228.3,2230.8,28116
1780551600,2230.5,2231.9,2230.1,2231.3,18160
1780551900,2231.6,2232.0,2230.0,2230.3,20255
1780552200,2230.2,2230.7,2228.4,2230.3,40932
1780552500,2230.0,2230.9,2229.0,2229.5,37535
1780552800,2229.6,2232.0,2227.0,2231.6,44610
1780553100,2231.9,2239.9,2231.6,2239.7,80911
1780553400,2239.7,2241.8,2237.3,2238.0,61743
1780553700,2237.9,2240.9,2237.9,2239.0,25550
1780554000,2239.0,2239.2,2234.3,2237.8,46863
1780554300,2237.8,2237.8,2236.0,2236.7,36191
1780554600,2237.0,2237.3,2234.1,2235.8,34635
1780554900,2235.9,2236.4,2233.0,2234.1,29830
1780555200,2234.1,2235.7,2232.8,2234.6,26576
1780555500,2234.6,2235.7,2232.8,2233.5,24561
1780555800,2233.5,2233.7,2231.2,2232.5,28224
1780556100,2232.6,2232.7,2230.0,2231.2,35620
1780556400,2231.1,2231.4,2227.5,2227.6,45339
1780556700,2227.7,2231.0,2227.1,2230.5,39688
1780557000,2230.6,2232.9,2230.3,2231.1,20350
1780557300,2231.4,2234.9,2230.7,2234.2,27570
1780557600,2234.2,2237.9,2233.0,2237.5,31939
1780557900,2237.5,2238.0,2234.8,2237.0,34622
1780558200,2237.0,2238.0,2235.1,2236.1,28840
1780558500,2236.9,2238.1,2234.5,2236.9,38556
1780558800,2236.9,2236.9,2230.4,2231.0,29863
1780559100,2231.0,2232.8,2228.2,2232.8,51506
1780559400,2232.5,2234.6,2231.1,2234.6,27697
1780559700,2234.6,2235.8,2233.8,2234.3,15583
1780560000,2234.1,2234.9,2232.0,2234.2,18059
1780560300,2234.2,2236.0,2233.0,2234.9,22779
1780560600,2234.9,2237.3,2233.1,2234.8,38442
1780560900,2234.8,2235.8,2233.9,2234.6,17185
1780561200,2234.3,2234.7,2231.0,2233.4,37129
1780561500,2233.4,2235.0,2231.3,2233.9,18219
1780561800,2233.9,2236.0,2233.8,2236.0,27477
1780562100,2236.0,2236.0,2232.3,2233.7,21927
1780562400,2234.4,2234.7,2232.1,2233.5,19972
1780562700,2233.0,2234.9,2232.9,2233.8,28657
1780563000,2233.8,2234.5,2232.6,2233.0,25177
1780563300,2233.0,2234.6,2232.6,2233.7,23573
1780563600,2233.7,2237.7,2233.1,2235.5,41059
1780563900,2235.4,2237.4,2235.3,2237.3,43040
1780564200,2237.1,2241.0,2235.7,2239.8,64112
1780564500,2239.6,2243.0,2238.6,2242.3,55008
1780564800,2242.4,2242.8,2239.0,2240.7,72427
1780565100,2240.9,2240.9,2237.8,2239.6,59561
1780565400,2240.1,2240.3,2235.0,2237.7,102673
1780565700,2237.5,2238.0,2235.0,2237.0,87638
1780566000,2238.2,2240.9,2237.9,2240.7,126028
1780566300,2240.6,2242.7,2240.1,2241.7,152191
1780566600,2241.3,2242.8,2241.0,2242.0,138555
1780566900,2242.0,2247.8,2239.0,2243.0,265242
1780631100,2262.9,2271.8,2251.0,2259.7,376875
1780631400,2259.7,2261.9,2252.1,2253.0,126149
1780631700,2253.0,2256.4,2250.0,2252.7,101963
1780632000,2252.2,2253.5,2250.0,2250.0,59612
1780632300,2250.7,2253.5,2247.8,2252.1,77700
1780632600,2251.3,2252.2,2244.9,2248.7,70536
1780632900,2248.7,2251.5,2247.8,2249.5,32628
1780633200,2249.6,2252.9,2249.6,2252.5,32880
1780633500,2252.5,2252.8,2246.7,2247.2,42533
1780633800,2247.2,2251.0,2245.1,2247.8,61158
1780634100,2247.6,2247.6,2243.1,2246.7,55722
1780634400,2246.6,2248.3,2244.9,2246.5,28677
1780634700,2246.5,2248.4,2244.4,2244.8,41030
1780635000,2244.8,2244.8,2235.4,2238.0,85284
1780635300,2238.0,2238.0,2232.2,2232.9,56632
1780635600,2232.0,2234.8,2230.5,2231.9,52076
1780635900,2231.2,2231.6,2225.0,2225.5,98928
1780636200,2225.4,2228.5,2225.1,2227.5,49586
1780636500,2227.5,2228.0,2222.0,2226.1,96040
1780636800,2226.1,2226.7,2224.5,2225.3,26957
1780637100,2225.2,2225.3,2222.5,2223.5,29903
1780637400,2223.5,2226.9,2223.5,2226.4,28058
1780637700,2226.4,2229.9,2226.0,2226.1,46314
1780638000,2226.1,2226.2,2221.0,2223.1,65806
1780638300,2222.9,2225.5,2222.3,2224.9,38082
1780638600,2225.5,2225.5,2220.8,2221.1,59937
1780638900,2221.1,2222.8,2217.1,2221.2,100412
1780639200,2220.6,2224.0,2220.3,2223.9,39106
1780639500,2223.5,2224.1,2221.2,2222.0,30750
1780639800,2222.0,2226.1,2221.5,2224.1,46005
1780640100,2224.9,2225.0,2223.1,2223.1,18583
1780640400,2223.1,2223.8,2221.0,2221.4,30727
1780640700,2221.3,2222.9,2221.1,2221.5,18483
1780641000,2221.5,2221.7,2220.0,2221.2,34218
1780641300,2221.0,2223.5,2218.0,2218.7,41107
1780641600,2218.7,2222.6,2218.7,2222.6,17901
1780641900,2222.5,2225.9,2222.0,2223.2,30082
1780642200,2223.2,2223.2,2219.3,2219.3,46230
1780642500,2220.0,2220.1,2217.1,2217.5,57181
1780642800,2217.5,2217.8,2213.1,2214.3,92636
1780643100,2214.0,2214.8,2210.4,2212.9,86206
1780643400,2212.9,2212.9,2208.0,2208.5,85552
1780643700,2208.5,2209.7,2207.5,2208.8,62703
1780644000,2208.1,2209.0,2206.0,2207.8,72406
1780644300,2207.1,2208.3,2206.0,2206.1,55156
1780644600,2206.1,2207.0,2205.2,2206.8,53489
1780644900,2206.8,2207.6,2202.5,2203.4,92306
1780645200,2203.6,2204.8,2202.0,2202.0,94941
1780645500,2202.0,2204.3,2201.7,2202.5,56212
1780645800,2202.5,2202.5,2198.1,2198.4,134411
1780646100,2198.2,2203.7,2198.2,2200.0,111817
1780646400,2199.9,2201.8,2199.2,2200.0,56800
1780646700,2200.0,2201.0,2199.6,2200.0,76242
1780647000,2200.0,2200.0,2198.1,2198.4,36169
1780647300,2198.1,2200.0,2198.1,2199.7,36613
1780647600,2199.8,2200.3,2199.2,2199.5,20874
1780647900,2199.4,2200.0,2199.0,2200.0,17091
1780648200,2200.0,2200.6,2199.5,2200.0,29972
1780648500,2200.0,2201.8,2199.3,2199.9,66960
1780648800,2199.9,2201.0,2199.7,2200.0,29031
1780649100,2199.9,2202.9,2199.8,2201.4,25721
1780649400,2201.5,2203.0,2201.0,2202.9,20875
1780649700,2202.9,2203.9,2202.3,2203.9,53834
1780650000,2203.5,2205.8,2203.1,2204.1,40055
1780650300,2203.7,2204.8,2200.9,2203.1,39419
1780650600,2203.0,2207.1,2202.1,2205.5,65099
1780650900,2205.8,2206.9,2202.1,2202.8,54106
1780651200,2203.0,2205.0,2203.0,2204.2,34121
1780651500,2204.7,2204.9,2202.7,2203.0,50885
1780651800,2203.0,2203.0,2200.0,2201.9,119966
1780652100,2201.9,2201.9,2200.0,2200.1,121715
1780652400,2200.2,2201.5,2200.0,2201.0,112273
1780652700,2201.2,2201.2,2200.0,2200.2,129299
1780653000,2200.1,2200.7,2195.2,2195.5,207146
1780653300,2195.2,2197.0,2192.0,2195.0,201895
1780890300,2170.0,2170.0,2155.0,2158.0,395814
1780890600,2157.9,2161.0,2147.0,2148.0,281569
1780890900,2148.0,2153.7,2144.1,2152.2,216922
1780891200,2152.2,2157.0,2151.8,2153.3,167459
1780891500,2153.8,2154.2,2150.0,2152.5,89742
1780891800,2151.7,2155.0,2149.0,2154.4,136081
1780892100,2154.1,2160.0,2154.0,2156.7,141226
1780892400,2156.7,2167.5,2153.5,2163.6,121545
1780892700,2163.6,2168.0,2163.0,2168.0,97349
1780893000,2168.0,2172.8,2164.6,2167.9,231671
1780893300,2167.0,2169.5,2163.0,2167.0,63022
1780893600,2167.0,2168.8,2162.5,2163.4,59963
1780893900,2163.4,2165.7,2160.0,2164.5,85972
1780894200,2164.5,2168.0,2163.1,2166.0,61110
1780894500,2166.0,2166.5,2161.9,2163.0,63836
1780894800,2162.4,2172.0,2162.4,2167.9,110946
1780895100,2167.9,2174.9,2167.0,2174.2,105795
1780895400,2174.0,2177.0,2168.1,2169.0,143819
1780895700,2168.5,2173.7,2167.3,2170.0,72303
1780896000,2170.0,2170.0,2167.5,2168.1,54568
1780896300,2168.6,2170.3,2163.1,2168.7,134869
1780896600,2169.0,2169.9,2167.3,2168.0,58314
1780896900,2168.0,2168.5,2167.0,2167.6,18500
1780897200,2167.9,2168.0,2163.6,2164.8,47373
1780897500,2164.8,2165.0,2161.1,2162.5,77534
1780897800,2163.5,2167.7,2162.5,2164.9,110632
1780898100,2164.8,2165.0,2161.3,2162.2,28098
1780898400,2162.6,2168.1,2161.0,2165.9,136966
1780898700,2166.5,2168.8,2165.2,2168.8,70886
1780899000,2169.4,2173.1,2166.2,2167.3,126335
1780899300,2166.9,2171.8,2166.5,2169.8,77871
1780899600,2169.8,2170.0,2165.6,2165.8,41709
1780899900,2165.8,2168.2,2163.3,2165.0,56333
1780900200,2164.8,2169.2,2164.0,2169.2,36290
1780900500,2169.3,2172.5,2168.1,2170.7,42446
1780900800,2170.7,2172.0,2169.9,2170.8,23680
1780901100,2171.0,2171.0,2169.3,2170.3,37111
1780901400,2170.3,2171.2,2169.5,2170.4,11627
1780901700,2170.4,2170.7,2164.0,2164.4,56273
1780902000,2164.4,2167.0,2163.9,2165.0,33926
1780902300,2164.9,2165.0,2162.5,2163.5,22445
1780902600,2163.7,2165.1,2162.6,2163.0,64533
1780902900,2162.6,2165.1,2162.6,2164.7,23367
1780903200,2164.9,2168.6,2163.7,2164.7,95939
1780903500,2164.5,2165.0,2161.6,2162.1,27412
1780903800,2162.1,2163.0,2158.5,2159.9,73119
1780904100,2159.9,2160.5,2157.1,2157.1,37054
1780904400,2157.3,2159.6,2155.9,2158.5,25487
1780904700,2158.5,2158.9,2154.5,2155.0,162941
1780905000,2155.2,2156.6,2154.4,2155.0,38677
1780905300,2155.0,2155.3,2153.4,2154.7,32600
1780905600,2154.4,2155.9,2153.0,2154.0,30621
1780905900,2154.0,2155.8,2152.5,2153.5,22289
1780906200,2153.5,2153.6,2146.6,2149.7,133213
1780906500,2149.7,2152.0,2146.2,2151.0,74275
1780906800,2151.0,2151.7,2148.2,2150.0,31984
1780907100,2150.0,2150.1,2148.6,2149.6,37642
1780907400,2150.0,2151.7,2149.1,2149.9,73169
1780907700,2149.9,2150.0,2148.5,2149.2,28944
1780908000,2149.3,2149.5,2148.1,2148.8,50864
1780908300,2148.8,2148.8,2144.7,2146.9,110620
1780908600,2146.0,2146.5,2144.0,2144.0,93604
1780908900,2144.6,2145.5,2143.6,2144.8,40000
1780909200,2144.6,2146.4,2144.3,2145.0,63831
1780909500,2145.0,2145.9,2144.1,2144.9,44777
1780909800,2144.5,2147.4,2143.3,2146.3,115798
1780910100,2146.4,2152.8,2144.9,2146.4,226278
1780910400,2146.0,2149.8,2145.0,2148.2,125182
1780910700,2148.2,2155.2,2147.0,2153.8,99838
1780911000,2154.5,2154.5,2148.9,2149.9,59505
1780911300,2149.9,2151.1,2146.0,2150.9,77418
1780911600,2151.0,2152.6,2150.1,2151.7,70423
1780911900,2151.6,2153.0,2150.1,2151.9,97623
1780912200,2152.0,2153.4,2150.0,2153.4,89085
1780912500,2153.4,2155.0,2149.5,2153.4,146706
1780976700,2174.0,2174.0,2154.0,2159.3,369443
1780977000,2158.9,2162.0,2155.7,2159.1,111957
1780977300,2159.1,2160.0,2152.0,2153.0,58028
1780977600,2152.4,2156.5,2151.4,2156.4,84028
1780977900,2155.2,2155.2,2148.0,2148.1,86303
1780978200,2148.1,2150.1,2145.5,2145.7,66534
1780978500,2145.1,2148.0,2144.0,2147.1,55868
1780978800,2147.1,2151.4,2147.1,2148.3,36945
1780979100,2148.5,2149.6,2147.1,2149.3,32014
1780979400,2149.3,2153.6,2149.2,2150.5,33367
1780979700,2150.5,2153.0,2149.0,2150.5,27787
1780980000,2150.5,2150.9,2146.9,2148.3,23881
1780980300,2148.3,2152.9,2146.9,2152.7,30697
1780980600,2152.7,2152.8,2150.1,2150.3,42672
1780980900,2150.3,2150.3,2146.0,2147.5,33151
1780981200,2147.5,2148.2,2146.0,2146.0,28501
1780981500,2146.7,2149.1,2146.4,2148.8,22311
1780981800,2148.7,2150.0,2147.0,2149.0,21691
1780982100,2149.5,2152.0,2148.2,2148.5,51709
1780982400,2148.5,2149.4,2146.9,2148.8,19220
1780982700,2148.8,2150.0,2148.0,2148.3,19849
1780983000,2148.1,2149.0,2146.0,2147.6,25246
1780983300,2147.6,2151.0,2147.0,2151.0,36039
1780983600,2151.0,2151.0,2149.0,2149.4,43086
1780983900,2149.4,2150.0,2149.1,2150.0,32300
1780984200,2150.0,2150.0,2146.2,2147.5,27984
1780984500,2147.5,2150.0,2146.6,2149.8,41024
1780984800,2149.8,2150.0,2149.3,2150.0,13665
1780985100,2150.0,2151.0,2149.9,2151.0,66112
1780985400,2151.0,2152.7,2147.3,2152.5,59586
1780985700,2152.0,2155.0,2152.0,2152.6,48866
1780986000,2152.6,2153.8,2151.5,2152.8,17194
1780986300,2152.4,2153.4,2152.1,2153.2,13713
1780986600,2153.2,2153.9,2152.3,2153.7,20470
1780986900,2153.7,2153.8,2151.1,2152.9,26035
1780987200,2153.0,2153.0,2148.2,2148.7,28217
1780987500,2148.7,2148.7,2148.1,2148.4,13672
1780987800,2148.4,2148.4,2146.1,2146.7,47865
1780988100,2146.7,2148.2,2146.4,2148.1,20198
1780988400,2148.1,2149.9,2147.3,2148.6,20521
1780988700,2148.6,2149.7,2147.3,2147.5,29312
1780989000,2147.3,2147.5,2139.0,2141.5,154288
1780989300,2141.9,2143.5,2139.8,2140.7,55969
1780989600,2140.7,2141.4,2138.0,2140.6,43375
1780989900,2140.9,2142.0,2140.0,2141.3,26747
1780990200,2141.3,2142.6,2140.6,2142.1,26559
1780990500,2142.1,2142.4,2140.0,2140.0,38330
1780990800,2140.0,2141.6,2139.6,2141.6,41770
1780991100,2141.7,2142.9,2140.1,2140.6,35957
1780991400,2140.5,2140.5,2138.5,2139.9,42482
1780991700,2139.9,2140.6,2139.5,2140.6,40575
1780992000,2140.6,2141.7,2139.5,2139.9,42772
1780992300,2139.9,2141.8,2139.5,2141.0,46069
1780992600,2141.0,2144.5,2140.6,2143.8,57093
1780992900,2143.9,2144.7,2142.0,2142.5,25682
1780993200,2142.5,2143.2,2139.9,2140.0,120993
1780993500,2140.0,2141.5,2136.1,2138.0,101585
1780993800,2138.0,2138.4,2133.8,2135.9,81285
1780994100,2135.3,2137.1,2133.6,2134.6,70425
1780994400,2134.6,2137.9,2132.8,2137.4,103409
1780994700,2137.4,2142.7,2137.4,2142.4,39780
1780995000,2142.4,2146.0,2142.1,2145.7,58149
1780995300,2145.7,2148.5,2145.3,2148.4,56255
1780995600,2148.3,2151.1,2148.3,2149.7,37460
1780995900,2149.8,2151.5,2148.2,2150.6,39971
1780996200,2150.6,2151.4,2148.0,2151.0,45079
1780996500,2151.2,2151.3,2149.3,2151.0,32426
1780996800,2151.0,2151.3,2149.0,2150.0,34694
1780997100,2149.9,2150.2,2148.1,2149.7,51036
1780997400,2148.8,2148.8,2146.0,2146.9,104877
1780997700,2147.0,2154.3,2146.9,2154.2,117554
1780998000,2154.4,2154.4,2151.5,2153.2,118686
1780998300,2153.3,2153.6,2151.5,2152.7,84962
1780998600,2152.7,2152.8,2150.3,2151.0,86537
1780998900,2151.0,2152.0,2148.4,2152.0,118187
1781063100,2151.3,2167.7,2145.9,2167.6,283524
1781063400,2166.7,2169.7,2160.6,2165.2,98602
1781063700,2164.4,2168.0,2162.7,2164.6,52355
1781064000,2164.7,2169.9,2161.2,2168.0,52504
1781064300,2168.0,2170.0,2166.8,2166.8,29385
1781064600,2167.4,2172.0,2165.7,2171.0,47329
1781064900,2171.0,2176.9,2170.5,2174.0,62865
1781065200,2173.5,2180.8,2172.0,2177.2,77377
1781065500,2178.2,2180.3,2173.7,2175.4,56722
1781065800,2175.0,2177.6,2172.1,2174.3,47293
1781066100,2174.3,2175.0,2172.0,2172.3,20867
1781066400,2172.5,2173.1,2166.1,2167.5,57767
1781066700,2167.5,2169.2,2165.1,2169.0,27121
1781067000,2169.0,2169.7,2164.0,2164.1,32577
1781067300,2165.0,2166.8,2164.0,2166.1,19731
1781067600,2166.0,2166.1,2162.9,2166.0,33145
1781067900,2166.7,2169.0,2163.3,2163.3,26430
1781068200,2163.3,2164.9,2163.0,2164.5,17326
1781068500,2164.4,2165.1,2163.0,2164.4,13997
1781068800,2164.4,2165.9,2163.1,2164.6,25124
1781069100,2164.9,2168.3,2161.1,2166.9,64597
1781069400,2167.5,2167.8,2163.7,2165.0,13070
1781069700,2164.9,2167.8,2164.8,2167.7,11460
1781070000,2167.8,2167.8,2164.5,2164.6,13697
1781070300,2165.0,2169.6,2164.8,2166.0,42784
1781070600,2166.1,2166.1,2163.6,2165.7,11421
1781070900,2165.7,2169.0,2165.1,2169.0,18925
1781071200,2169.0,2169.5,2166.5,2167.6,16153
1781071500,2167.7,2168.7,2166.5,2167.2,16503
1781071800,2167.6,2168.5,2166.3,2166.7,15758
1781072100,2166.6,2166.9,2162.5,2164.6,39430
1781072400,2164.6,2166.0,2164.0,2165.8,13411
1781072700,2165.7,2169.0,2164.5,2168.8,17976
1781073000,2168.5,2168.8,2166.5,2167.3,25871
1781073300,2167.3,2168.9,2165.7,2167.9,14390
1781073600,2167.8,2172.3,2167.3,2171.4,30121
1781073900,2171.4,2171.9,2168.0,2169.3,15174
1781074200,2169.3,2170.6,2162.8,2163.2,46256
1781074500,2162.8,2163.0,2158.8,2162.1,56526
1781074800,2162.2,2163.1,2160.8,2162.2,16948
1781075100,2161.9,2165.0,2161.0,2163.6,67607
1781075400,2163.6,2163.8,2158.5,2159.6,30119
1781075700,2159.6,2163.6,2158.4,2163.2,28783
1781076000,2163.2,2168.0,2162.6,2166.4,23148
1781076300,2166.7,2166.7,2163.2,2165.8,16031
1781076600,2165.3,2167.3,2164.1,2165.7,22188
1781076900,2166.0,2167.0,2164.0,2165.1,11276
1781077200,2165.2,2165.3,2161.0,2162.4,18597
1781077500,2162.8,2163.7,2162.0,2162.5,29707
1781077800,2162.1,2162.5,2160.5,2161.7,17121
1781078100,2161.4,2165.8,2160.2,2165.2,30414
1781078400,2165.9,2167.3,2164.8,2165.5,16476
1781078700,2165.7,2166.6,2164.1,2164.2,19434
1781079000,2164.1,2164.9,2162.3,2164.0,19144
1781079300,2164.0,2164.7,2162.7,2163.6,17166
1781079600,2163.6,2164.3,2161.8,2163.0,12958
1781079900,2162.8,2164.5,2162.0,2163.5,18121
1781080200,2164.4,2165.5,2162.9,2165.5,13521
1781080500,2165.5,2165.5,2162.5,2162.9,14301
1781080800,2162.9,2164.5,2162.2,2164.0,17426
1781081100,2163.8,2164.1,2163.0,2163.2,14570
1781081400,2163.2,2165.0,2162.2,2164.2,21314
1781081700,2164.5,2164.9,2160.5,2161.9,21325
1781082000,2161.9,2161.9,2155.5,2159.5,66147
1781082300,2159.2,2161.9,2159.0,2160.5,33779
1781082600,2160.4,2161.8,2154.0,2155.4,59963
1781082900,2155.7,2155.7,2150.3,2152.1,66933
1781083200,2152.3,2153.6,2151.1,2153.6,31137
1781083500,2153.5,2154.8,2151.6,2152.6,34817
1781083800,2153.2,2155.0,2151.0,2154.3,49595
1781084100,2154.1,2157.0,2153.5,2155.4,78993
1781084400,2155.5,2156.4,2153.0,2153.5,62732
1781084700,2153.4,2155.7,2152.9,2155.0,76020
1781085000,2155.0,2155.9,2152.3,2152.9,93287
1781085300,2153.0,2155.0,2144.8,2151.8,98615
1781149500,2127.0,2143.0,2120.0,2123.5,154172
1781149800,2123.3,2127.7,2121.0,2124.4,70254
1781150100,2124.4,2124.9,2117.2,2123.2,91242
1781150400,2123.3,2123.4,2114.9,2117.1,88644
1781150700,2116.0,2125.0,2113.4,2121.8,73680
1781151000,2122.0,2125.0,2118.5,2119.1,44108
1781151300,2118.6,2124.5,2118.2,2123.7,43203
1781151600,2123.6,2123.8,2116.0,2117.2,58936
1781151900,2117.9,2118.5,2110.0,2110.3,94961
1781152200,2110.4,2115.8,2110.0,2112.4,73087
1781152500,2112.5,2119.6,2112.0,2118.7,36393
1781152800,2118.7,2122.0,2117.5,2118.0,35032
1781153100,2118.0,2120.6,2116.0,2120.6,19315
1781153400,2120.7,2123.5,2117.8,2119.1,52118
1781153700,2119.1,2129.0,2118.7,2125.8,62415
1781154000,2125.8,2147.8,2125.3,2136.6,217563
1781154300,2136.8,2138.8,2134.0,2136.2,49909
1781154600,2136.2,2138.1,2135.0,2135.9,28264
1781154900,2135.7,2137.0,2132.1,2134.0,27738
1781155200,2133.1,2136.7,2131.6,2136.4,26367
1781155500,2135.8,2140.5,2135.1,2139.6,38883
1781155800,2140.2,2143.0,2138.0,2140.6,23681
1781156100,2140.8,2144.9,2140.8,2142.6,34078
1781156400,2142.6,2144.5,2140.0,2142.0,23976
1781156700,2142.5,2148.5,2141.5,2147.6,45255
1781157000,2148.1,2154.6,2141.3,2143.0,98309
1781157300,2144.3,2144.3,2137.3,2140.6,41407
1781157600,2140.4,2141.5,2136.3,2141.5,33677
1781157900,2141.5,2145.0,2137.5,2138.0,36728
1781158200,2138.0,2139.4,2133.8,2136.9,26853
1781158500,2137.3,2140.9,2136.2,2138.5,21506
1781158800,2138.4,2140.3,2137.7,2138.2,15562
1781159100,2139.0,2143.6,2138.6,2141.5,19005
1781159400,2142.0,2143.7,2141.0,2142.5,12779
1781159700,2143.0,2144.2,2140.4,2142.6,21506
1781160000,2142.5,2142.9,2138.6,2140.3,16323
1781160300,2140.6,2143.1,2139.1,2139.9,9636
1781160600,2140.0,2141.5,2138.5,2139.0,9517
1781160900,2139.1,2140.4,2137.0,2138.6,15799
1781161200,2138.8,2142.0,2138.8,2141.0,9832
1781161500,2140.3,2143.8,2137.7,2140.8,33396
1781161800,2140.7,2140.8,2135.0,2136.0,27747
1781162100,2135.5,2136.8,2131.1,2131.8,25931
1781162400,2132.0,2135.8,2131.5,2134.2,17338
1781162700,2134.0,2138.4,2133.1,2138.0,14981
1781163000,2138.0,2139.2,2135.2,2136.0,12930
1781163300,2135.9,2137.0,2135.4,2136.0,9718
1781163600,2135.6,2137.0,2135.0,2136.8,14485
1781163900,2136.9,2139.7,2135.7,2135.9,25854
1781164200,2136.0,2138.2,2132.2,2135.7,25554
1781164500,2135.7,2135.7,2132.7,2134.1,21108
1781164800,2134.0,2136.8,2133.7,2134.5,12996
1781165100,2134.5,2134.7,2132.3,2133.0,12275
1781165400,2133.6,2134.9,2131.0,2131.8,22902
1781165700,2132.2,2134.6,2131.2,2133.6,13523
1781166000,2133.5,2133.6,2131.7,2133.0,10949
1781166300,2133.0,2134.1,2131.3,2132.4,9061
1781166600,2132.9,2134.5,2132.1,2134.3,17315
1781166900,2134.4,2134.5,2131.0,2131.6,11360
1781167200,2131.7,2134.8,2131.7,2133.7,13003
1781167500,2133.8,2135.3,2133.0,2135.1,13495
1781167800,2135.1,2137.6,2134.2,2136.5,21527
1781168100,2136.5,2141.5,2135.7,2138.1,28493
1781168400,2138.0,2141.0,2137.5,2140.7,17368
1781168700,2140.7,2142.0,2136.2,2138.0,44524
1781169000,2138.0,2138.0,2133.3,2134.1,35084
1781169300,2134.5,2137.5,2131.7,2133.6,21324
1781169600,2133.6,2135.0,2132.0,2134.3,13375
1781169900,2134.3,2134.3,2131.5,2133.0,20807
1781170200,2133.0,2135.9,2130.2,2132.2,101128
1781170500,2132.3,2134.4,2132.0,2133.8,84128
1781170800,2133.7,2137.9,2133.3,2136.5,97402
1781171100,2136.3,2139.9,2135.1,2138.7,90474
1781171400,2139.1,2140.6,2136.4,2137.8,97746
1781171700,2137.8,2138.7,2134.5,2136.7,99466
1781235900,2150.0,2154.1,2138.0,2143.9,191638
1781236200,2143.3,2144.3,2139.2,2143.0,57786
1781236500,2143.5,2145.8,2141.2,2141.9,38242
1781236800,2141.9,2148.9,2138.5,2148.9,62138
1781237100,2148.4,2148.4,2144.0,2146.2,46237
1781237400,2145.8,2147.5,2143.3,2145.0,22788
1781237700,2144.8,2144.8,2141.6,2142.7,27933
1781238000,2143.0,2143.6,2141.0,2141.0,19960
1781238300,2141.2,2144.0,2140.5,2143.1,21659
1781238600,2143.8,2145.9,2142.5,2144.0,18844
1781238900,2144.4,2145.0,2142.6,2142.9,13935
1781239200,2143.7,2148.9,2142.9,2148.0,22080
1781239500,2148.0,2149.7,2145.0,2147.5,20949
1781239800,2147.8,2150.0,2147.0,2149.5,28691
1781240100,2149.5,2150.8,2146.0,2148.4,25711
1781240400,2148.3,2148.5,2146.6,2147.6,8994
1781240700,2147.6,2150.0,2147.0,2149.9,12868
1781241000,2149.6,2152.0,2148.4,2152.0,39824
1781241300,2152.0,2152.5,2150.7,2151.9,20672
1781241600,2152.0,2152.8,2150.1,2151.9,13928
1781241900,2151.8,2154.6,2151.4,2154.0,23382
1781242200,2154.0,2155.6,2153.3,2155.6,14365
1781242500,2155.6,2168.0,2155.2,2164.9,75632
1781242800,2164.9,2166.1,2162.5,2163.0,28456
1781243100,2163.3,2165.0,2162.3,2163.1,13820
1781243400,2163.5,2163.5,2160.1,2161.8,29374
1781243700,2161.9,2162.6,2157.4,2158.0,12982
1781244000,2158.3,2160.8,2158.0,2159.2,11267
1781244300,2159.3,2159.9,2158.0,2159.7,11768
1781244600,2159.3,2160.7,2158.1,2158.8,11075
1781244900,2158.6,2163.0,2158.0,2162.6,19430
1781245200,2162.0,2162.9,2160.4,2162.6,9269
1781245500,2162.8,2164.0,2161.5,2161.5,17477
1781245800,2162.7,2162.8,2160.4,2162.8,15059
1781246100,2161.9,2163.1,2160.6,2160.8,11891
1781246400,2160.6,2160.9,2155.3,2156.4,28778
1781246700,2156.4,2159.1,2155.4,2156.8,17426
1781247000,2156.8,2159.2,2156.5,2157.7,12208
1781247300,2157.7,2159.0,2157.4,2158.0,5850
1781247600,2157.9,2158.0,2155.0,2155.6,12058
1781247900,2156.0,2159.0,2152.9,2157.0,24701
1781248200,2157.4,2158.4,2153.2,2153.5,12694
1781248500,2153.9,2154.4,2151.0,2153.0,21695
1781248800,2153.0,2153.8,2149.0,2149.5,37742
1781249100,2149.2,2151.0,2148.0,2149.1,19643
1781249400,2149.0,2150.0,2148.2,2149.8,10551
1781249700,2149.8,2150.0,2146.3,2148.9,30662
1781250000,2148.9,2149.9,2147.0,2149.0,25818
1781250300,2149.2,2150.0,2147.3,2148.2,18152
1781250600,2148.9,2150.3,2147.4,2148.3,18222
1781250900,2148.3,2154.5,2146.5,2150.9,42099
1781251200,2150.5,2154.0,2150.0,2150.0,22881
1781251500,2150.0,2155.0,2150.0,2154.4,22927
1781251800,2154.5,2156.2,2152.7,2155.1,39167
1781252100,2155.1,2158.4,2154.4,2157.0,29163
1781252400,2157.0,2157.7,2154.2,2156.4,19903
1781252700,2156.3,2157.0,2153.9,2155.0,18834
1781253000,2155.8,2156.6,2155.0,2155.0,14327
1781253300,2155.4,2155.6,2153.0,2155.0,16019
1781253600,2155.0,2156.0,2153.8,2154.8,15739
1781253900,2154.8,2155.0,2152.9,2154.4,17078
1781254200,2154.4,2154.6,2152.0,2152.5,15134
1781254500,2152.4,2153.4,2149.7,2152.1,36775
1781254800,2152.1,2154.3,2151.5,2153.3,18901
1781255100,2153.3,2155.0,2151.9,2155.0,21300
1781255400,2155.0,2156.0,2153.0,2154.9,31411
1781255700,2155.0,2155.0,2153.3,2153.8,17422
1781256000,2154.4,2155.0,2153.4,2154.3,19064
1781256300,2154.5,2157.7,2154.0,2156.6,36111
1781256600,2156.2,2164.5,2154.0,2163.4,79053
1781256900,2163.3,2166.2,2161.3,2162.8,53657
1781257200,2162.8,2163.7,2161.3,2161.9,54331
1781257500,2161.9,2162.9,2161.3,2161.6,37499
1781257800,2161.5,2162.6,2160.9,2161.4,51951
1781258100,2161.4,2162.3,2159.0,2160.1,64817
1781495100,2192.0,2192.0,2170.4,2172.9,166231
1781495400,2171.6,2176.3,2171.6,2176.3,46644
1781495700,2176.3,2176.3,2166.6,2173.3,96286
1781496000,2173.6,2174.1,2167.5,2168.6,58272
1781496300,2169.0,2169.0,2165.0,2167.3,45056
1781496600,2167.5,2174.0,2166.3,2173.4,43418
1781496900,2173.5,2175.0,2170.0,2170.8,30170
1781497200,2170.8,2172.0,2169.0,2170.9,29578
1781497500,2170.8,2172.0,2166.1,2168.0,23747
1781497800,2168.0,2170.4,2167.8,2169.6,16965
1781498100,2169.5,2172.5,2166.0,2167.7,27683
1781498400,2167.7,2168.5,2165.1,2165.9,20669
1781498700,2165.9,2168.6,2163.0,2168.4,33629
1781499000,2167.8,2170.1,2167.3,2170.0,26715
1781499300,2170.0,2171.8,2168.1,2171.1,17347
1781499600,2171.1,2172.5,2168.6,2172.4,23221
1781499900,2172.0,2172.9,2169.1,2170.7,12967
1781500200,2170.1,2171.9,2168.5,2170.7,24669
1781500500,2171.4,2171.8,2170.1,2171.4,15101
1781500800,2171.4,2174.5,2170.1,2174.1,35708
1781501100,2174.5,2186.0,2173.8,2183.9,161358
1781501400,2183.9,2184.0,2174.0,2175.7,56792
1781501700,2176.9,2183.3,2175.4,2182.0,50949
1781502000,2182.0,2185.0,2179.3,2181.7,80973
1781502300,2181.4,2181.8,2178.2,2179.5,53933
1781502600,2179.0,2182.6,2178.1,2179.4,36333
1781502900,2179.8,2181.0,2176.4,2177.6,92994
1781503200,2177.5,2178.8,2175.0,2175.2,31411
1781503500,2175.3,2176.9,2173.0,2175.2,38494
1781503800,2175.2,2176.0,2171.2,2171.6,43700
1781504100,2171.9,2174.2,2169.8,2174.0,68764
1781504400,2173.7,2174.4,2172.0,2173.4,19632
1781504700,2174.0,2174.4,2173.0,2173.6,20438
1781505000,2173.8,2175.1,2173.0,2173.1,21827
1781505300,2173.9,2174.9,2171.0,2171.4,21383
1781505600,2171.4,2173.8,2170.1,2171.5,41928
1781505900,2172.1,2173.0,2167.5,2169.3,27126
1781506200,2169.0,2169.7,2168.3,2169.1,18617
1781506500,2169.1,2170.0,2168.1,2169.0,18297
1781506800,2169.0,2172.0,2167.7,2171.5,22714
1781507100,2173.0,2173.4,2170.5,2171.9,16040
1781507400,2172.1,2174.8,2171.9,2173.7,17851
1781507700,2174.3,2174.9,2173.0,2173.9,18450
1781508000,2173.9,2174.5,2172.4,2174.4,14968
1781508300,2174.5,2175.4,2173.0,2173.4,19610
1781508600,2173.4,2173.8,2172.2,2172.8,20631
1781508900,2173.0,2173.9,2172.3,2173.8,13230
1781509200,2173.8,2176.0,2172.8,2173.1,27289
1781509500,2173.4,2173.8,2172.5,2172.8,13039
1781509800,2172.9,2175.6,2172.9,2173.9,21787
1781510100,2173.9,2174.8,2172.9,2173.7,17029
1781510400,2173.7,2173.7,2172.0,2172.1,11723
1781510700,2172.2,2173.9,2171.0,2171.3,12341
1781511000,2171.2,2171.9,2169.1,2169.2,31764
1781511300,2169.2,2171.2,2167.2,2169.0,69677
1781511600,2169.0,2169.1,2165.0,2168.0,42525
1781511900,2167.3,2170.8,2167.0,2169.6,16673
1781512200,2169.7,2171.1,2169.6,2170.8,12320
1781512500,2170.8,2171.8,2168.8,2168.8,18813
1781512800,2169.0,2169.9,2168.0,2168.4,31427
1781513100,2168.0,2168.9,2168.0,2168.4,16972
1781513400,2168.5,2170.0,2167.1,2168.9,65894
1781513700,2169.3,2169.3,2165.0,2166.2,117333
1781514000,2166.2,2168.0,2165.4,2166.8,40705
1781514300,2166.9,2169.0,2165.7,2166.3,62187
1781514600,2166.5,2166.7,2164.5,2164.7,51207
1781514900,2164.9,2165.2,2161.7,2164.3,77657
1781515200,2164.2,2164.6,2161.4,2164.6,32475
1781515500,2164.3,2164.7,2161.4,2161.4,43723
1781515800,2162.0,2163.8,2160.0,2163.2,119008
1781516100,2163.2,2163.8,2160.5,2160.7,76883
1781516400,2161.3,2162.0,2159.3,2161.4,106570
1781516700,2161.4,2163.2,2160.8,2162.6,125784
1781517000,2162.9,2163.9,2161.7,2162.0,110605
1781517300,2161.9,2163.7,2161.3,2162.6,106027
1781581500,2167.0,2179.9,2160.6,2179.3,239455
1781581800,2179.5,2184.4,2175.0,2176.5,111877
1781582100,2180.0,2184.0,2178.1,2183.4,67678
1781582400,2183.4,2190.9,2183.0,2186.9,134590
1781582700,2187.9,2198.0,2183.0,2195.5,164962
1781583000,2195.5,2196.8,2190.7,2191.3,87085
1781583300,2192.3,2192.3,2185.7,2187.9,89202
1781583600,2187.7,2188.5,2186.0,2187.7,35794
1781583900,2187.5,2195.8,2186.6,2195.7,85471
1781584200,2195.8,2199.9,2194.0,2195.5,74450
1781584500,2195.5,2197.9,2192.9,2195.9,40811
1781584800,2195.9,2196.2,2194.0,2195.5,17212
1781585100,2195.7,2203.6,2194.5,2202.9,80319
1781585400,2202.9,2209.0,2201.4,2205.8,90967
1781585700,2205.8,2207.4,2200.0,2201.1,55035
1781586000,2201.1,2205.8,2194.1,2194.5,60089
1781586300,2194.4,2197.9,2191.5,2193.5,50195
1781586600,2193.5,2195.0,2190.1,2192.0,50672
1781586900,2191.1,2192.9,2190.5,2191.0,32891
1781587200,2191.1,2192.1,2188.5,2190.5,34802
1781587500,2190.5,2191.9,2188.6,2189.8,20480
1781587800,2189.8,2191.5,2189.0,2189.1,20891
1781588100,2189.0,2190.8,2188.4,2188.9,19416
1781588400,2188.7,2188.9,2183.7,2184.4,50105
1781588700,2184.0,2186.9,2183.6,2185.0,28616
1781589000,2185.0,2186.4,2184.0,2186.3,14649
1781589300,2186.7,2187.4,2184.1,2184.8,19608
1781589600,2184.9,2185.9,2183.5,2184.4,17843
1781589900,2184.4,2184.4,2182.0,2182.8,21033
1781590200,2182.7,2185.0,2182.0,2182.0,22800
1781590500,2182.0,2182.0,2180.1,2181.9,22361
1781590800,2182.0,2186.7,2180.5,2181.3,37624
1781591100,2181.1,2181.9,2179.0,2181.4,23162
1781591400,2181.3,2181.7,2179.1,2180.3,15245
1781591700,2180.5,2182.8,2179.0,2182.7,14598
1781592000,2182.7,2184.5,2182.0,2182.6,11688
1781592300,2182.8,2184.1,2182.0,2182.2,14042
1781592600,2182.0,2184.0,2182.0,2183.6,11059
1781592900,2184.0,2184.8,2183.1,2184.0,8128
1781593200,2183.6,2186.5,2182.6,2185.1,15350
1781593500,2185.3,2188.0,2185.0,2186.3,20838
1781593800,2186.3,2186.7,2183.0,2185.7,18265
1781594100,2184.9,2186.2,2184.2,2186.0,9865
1781594400,2186.1,2188.4,2185.0,2186.5,22359
1781594700,2186.5,2187.7,2185.0,2187.6,12253
1781595000,2187.7,2188.0,2185.8,2187.4,17875
1781595300,2187.2,2188.6,2185.3,2188.6,14860
1781595600,2188.4,2189.3,2187.0,2187.9,15764
1781595900,2187.9,2188.6,2186.4,2187.6,9298
1781596200,2187.6,2188.9,2187.1,2188.1,9906
1781596500,2188.2,2189.5,2187.4,2188.3,9496
1781596800,2187.9,2189.1,2187.9,2188.8,7250
1781597100,2189.0,2189.2,2186.5,2187.7,16364
1781597400,2187.7,2189.1,2186.6,2188.4,12080
1781597700,2188.4,2189.2,2187.6,2189.0,8969
1781598000,2188.5,2189.3,2186.1,2187.9,14972
1781598300,2188.0,2189.7,2187.9,2189.2,10016
1781598600,2189.0,2190.1,2188.1,2189.5,15123
1781598900,2189.4,2190.5,2187.0,2188.0,16780
1781599200,2188.3,2190.9,2187.9,2190.1,22691
1781599500,2190.1,2192.0,2187.6,2188.4,55773
1781599800,2187.9,2188.5,2187.1,2188.1,13361
1781600100,2188.3,2189.0,2187.4,2189.0,16403
1781600400,2189.0,2193.5,2188.3,2192.8,38850
1781600700,2192.8,2195.6,2192.5,2195.0,41008
1781601000,2195.3,2201.7,2195.0,2197.1,79763
1781601300,2197.1,2199.0,2196.0,2198.5,29212
1781601600,2198.5,2200.0,2197.8,2199.0,34170
1781601900,2199.0,2199.2,2196.5,2197.5,23857
1781602200,2197.4,2198.3,2196.0,2196.9,67114
1781602500,2197.0,2199.9,2196.9,2199.7,51447
1781602800,2199.7,2199.7,2198.3,2199.2,44544
1781603100,2199.5,2200.4,2197.5,2200.3,68706
1781603400,2200.2,2201.6,2198.3,2198.5,86219
1781603700,2198.8,2199.9,2196.5,2197.9,76640
1781667900,2209.0,2224.9,2200.7,2223.6,229071
1781668200,2223.8,2228.8,2218.0,2219.8,180447
1781668500,2219.9,2223.4,2216.0,2221.0,69791
1781668800,2221.0,2227.8,2220.6,2226.4,85536
1781669100,2226.5,2231.0,2226.0,2227.8,117585
1781669400,2227.9,2227.9,2220.0,2220.5,57256
1781669700,2221.0,2222.5,2216.0,2222.1,63137
1781670000,2221.8,2222.4,2220.1,2220.6,24204
1781670300,2220.6,2221.7,2219.2,2219.7,22347
1781670600,2219.1,2219.2,2213.9,2215.1,37214
1781670900,2215.1,2217.2,2215.0,2216.7,23906
1781671200,2216.8,2217.5,2210.1,2210.2,56086
1781671500,2210.6,2213.7,2210.0,2212.6,26267
1781671800,2213.0,2214.7,2211.7,2213.6,25741
1781672100,2214.4,2215.5,2213.0,2214.4,20799
1781672400,2214.4,2216.5,2214.4,2216.4,17791
1781672700,2216.4,2216.8,2213.0,2213.2,39352
1781673000,2213.9,2220.0,2213.1,2219.1,71238
1781673300,2219.0,2220.0,2216.1,2218.0,19401
1781673600,2218.0,2225.5,2216.0,2224.4,65015
1781673900,2224.4,2229.5,2223.1,2223.4,69048
1781674200,2224.0,2224.2,2221.3,2222.4,18155
1781674500,2222.9,2223.7,2220.3,2220.3,15172
1781674800,2221.1,2224.0,2220.1,2223.2,33133
1781675100,2223.8,2224.0,2221.0,2223.3,21264
1781675400,2223.3,2224.0,2221.8,2223.5,16938
1781675700,2222.7,2223.8,2221.1,2221.7,12896
1781676000,2222.7,2227.9,2221.6,2224.8,44327
1781676300,2224.4,2225.5,2223.0,2223.0,18121
1781676600,2223.5,2224.0,2218.0,2218.5,37235
1781676900,2218.5,2219.2,2217.0,2217.5,19782
1781677200,2217.5,2218.7,2216.1,2217.3,16169
1781677500,2217.1,2218.3,2216.0,2216.6,18349
1781677800,2216.5,2218.0,2215.0,2218.0,25821
1781678100,2218.0,2218.2,2216.0,2217.1,15436
1781678400,2217.7,2218.9,2217.1,2218.2,9700
1781678700,2217.7,2219.0,2217.1,2218.4,12643
1781679000,2218.2,2220.9,2218.0,2218.5,15172
1781679300,2218.8,2219.9,2216.3,2219.4,19797
1781679600,2219.2,2219.8,2216.9,2217.8,12820
1781679900,2217.5,2218.3,2215.9,2217.0,17125
1781680200,2217.2,2218.4,2216.8,2217.6,12282
1781680500,2217.6,2218.0,2216.8,2217.8,9376
1781680800,2217.8,2219.8,2217.4,2218.5,11273
1781681100,2218.0,2219.8,2217.1,2219.0,10620
1781681400,2218.9,2220.0,2217.7,2219.6,17068
1781681700,2219.8,2220.0,2218.1,2218.3,13975
1781682000,2218.5,2218.6,2216.9,2217.5,11132
1781682300,2217.5,2220.3,2217.0,2219.2,24927
1781682600,2219.2,2220.2,2218.7,2219.4,13113
1781682900,2219.4,2220.0,2218.0,2218.4,8249
1781683200,2218.0,2219.8,2218.0,2219.0,9376
1781683500,2219.5,2223.2,2219.0,2222.4,25981
1781683800,2222.5,2223.0,2220.0,2221.4,18440
1781684100,2221.4,2223.3,2220.9,2222.7,19088
1781684400,2222.9,2223.5,2218.5,2219.6,34454
1781684700,2220.0,2220.2,2218.5,2218.6,12304
1781685000,2218.6,2221.5,2218.1,2220.3,25526
1781685300,2220.1,2220.9,2217.1,2217.6,24984
1781685600,2218.2,2218.2,2215.7,2216.5,21149
1781685900,2216.5,2217.7,2215.1,2216.8,15736
1781686200,2216.9,2218.5,2216.5,2216.6,16340
1781686500,2216.6,2216.6,2213.3,2214.1,63373
1781686800,2213.2,2217.4,2212.4,2215.0,19846
1781687100,2215.2,2217.5,2214.2,2217.0,14374
1781687400,2217.2,2219.6,2216.3,2219.4,21842
1781687700,2219.2,2219.5,2218.1,2218.1,15855
1781688000,2218.2,2219.9,2216.1,2218.7,29196
1781688300,2218.7,2220.6,2217.3,2220.1,25159
1781688600,2220.4,2223.5,2219.6,2222.3,95294
1781688900,2222.7,2223.9,2222.0,2223.9,91643
1781689200,2223.2,2224.7,2222.6,2223.0,120136
1781689500,2223.1,2223.8,2222.4,2223.0,98342
1781689800,2223.1,2224.2,2222.9,2223.4,104321
1781690100,2223.4,2223.5,2220.0,2221.0,77614
1781754300,2209.0,2209.0,2187.7,2193.4,242077
1781754600,2193.4,2195.9,2188.5,2194.0,112496
1781754900,2193.8,2195.0,2190.0,2194.5,63139
1781755200,2194.9,2196.9,2191.1,2193.0,54182
1781755500,2192.3,2198.4,2188.1,2189.0,96144
1781755800,2189.2,2195.0,2188.0,2193.7,64605
1781756100,2193.7,2197.3,2193.1,2196.7,37341
1781756400,2196.0,2196.8,2194.9,2195.5,32974
1781756700,2195.5,2197.9,2194.1,2197.3,27117
1781757000,2197.8,2202.1,2197.4,2200.3,44991
1781757300,2200.0,2207.0,2199.0,2207.0,46403
1781757600,2207.0,2214.0,2205.5,2206.3,79143
1781757900,2206.9,2208.4,2206.0,2206.4,35670
1781758200,2206.4,2207.9,2205.0,2207.7,20833
1781758500,2207.7,2210.9,2205.6,2210.0,20213
1781758800,2210.0,2211.0,2205.0,2205.0,37102
1781759100,2205.1,2206.1,2202.0,2202.9,32304
1781759400,2202.9,2205.0,2202.0,2204.4,19044
1781759700,2204.6,2207.9,2204.6,2207.5,19715
1781760000,2207.5,2208.8,2206.1,2206.7,21178
1781760300,2207.0,2208.6,2206.4,2208.6,11272
1781760600,2208.7,2210.8,2206.7,2209.2,20296
1781760900,2209.9,2211.0,2209.0,2210.1,14632
1781761200,2210.4,2210.4,2202.5,2203.3,22482
1781761500,2203.3,2203.3,2197.1,2198.2,38596
1781761800,2198.2,2198.5,2189.9,2190.0,88038
1781762100,2190.0,2190.0,2184.0,2185.5,95146
1781762400,2185.7,2188.5,2184.0,2186.8,47654
1781762700,2186.8,2187.0,2184.5,2185.0,40918
1781763000,2185.0,2185.0,2182.0,2183.3,90026
1781763300,2183.5,2184.0,2182.2,2183.0,25701
1781763600,2183.2,2184.9,2182.7,2184.9,22041
1781763900,2184.7,2185.0,2184.6,2185.0,24680
1781764200,2184.9,2185.0,2184.0,2184.9,29483
1781764500,2185.0,2188.5,2183.5,2187.3,27579
1781764800,2187.3,2189.3,2187.1,2188.7,21418
1781765100,2188.4,2189.0,2187.2,2187.8,12028
1781765400,2188.0,2189.9,2187.8,2188.7,16644
1781765700,2188.7,2190.3,2188.1,2190.0,21339
1781766000,2190.1,2190.4,2187.0,2188.5,21083
1781766300,2188.6,2189.5,2188.1,2188.8,11052
1781766600,2188.7,2189.9,2186.0,2187.5,16304
1781766900,2187.6,2187.9,2185.1,2187.8,15109
1781767200,2187.8,2193.0,2187.0,2192.1,24198
1781767500,2192.7,2194.4,2192.4,2194.0,28782
1781767800,2194.0,2194.7,2191.9,2193.2,21160
1781768100,2193.2,2193.5,2192.0,2192.6,9706
1781768400,2192.9,2194.5,2192.3,2193.9,14133
1781768700,2194.1,2195.3,2193.4,2193.9,22539
1781769000,2194.0,2195.5,2192.7,2194.6,16065
1781769300,2194.9,2195.7,2194.0,2194.9,16945
1781769600,2194.9,2195.9,2194.0,2194.7,19456
1781769900,2194.8,2195.5,2193.0,2193.9,15489
1781770200,2193.9,2194.7,2192.2,2193.1,10022
1781770500,2193.1,2194.0,2191.8,2193.7,16585
1781770800,2193.7,2194.4,2192.0,2192.6,16106
1781771100,2192.6,2193.1,2190.5,2190.8,40786
1781771400,2191.1,2192.4,2189.1,2190.1,34580
1781771700,2190.2,2191.0,2188.2,2188.5,24306
1781772000,2188.4,2190.0,2188.0,2189.2,23799
1781772300,2189.2,2189.2,2188.0,2188.3,7521
1781772600,2188.3,2189.6,2187.5,2189.6,15866
1781772900,2189.8,2190.1,2188.1,2189.0,18383
1781773200,2188.9,2192.8,2187.6,2192.6,40539
1781773500,2192.7,2195.0,2191.7,2193.2,68016
1781773800,2193.3,2193.8,2191.7,2193.0,33317
1781774100,2193.0,2194.6,2192.0,2192.8,48788
1781774400,2192.7,2193.4,2191.3,2191.4,29091
1781774700,2191.5,2193.9,2191.4,2193.8,19175
1781775000,2193.8,2208.0,2193.1,2205.8,295936
1781775300,2205.8,2206.5,2202.5,2204.0,185560
1781775600,2204.0,2204.6,2202.5,2203.6,179416
1781775900,2203.6,2206.2,2202.4,2205.1,190088
1781776200,2205.1,2206.7,2202.5,2202.5,199583
1781776500,2202.6,2203.6,2202.4,2203.0,188730
1781840700,2105.0,2112.1,2059.9,2071.9,1739000
1781841000,2072.3,2075.9,2064.2,2074.2,503354
1781841300,2074.6,2075.3,2064.1,2068.6,473085
1781841600,2068.6,2076.0,2065.6,2070.6,350508
1781841900,2070.5,2078.6,2070.3,2078.5,234556
1781842200,2078.2,2080.0,2072.7,2074.5,386615
1781842500,2074.5,2075.0,2069.0,2072.4,279670
1781842800,2072.4,2082.5,2069.0,2082.5,252117
1781843100,2082.4,2085.0,2081.3,2084.4,249571
1781843400,2084.3,2086.8,2079.2,2080.8,175690
1781843700,2080.8,2081.1,2076.2,2076.8,158595
1781844000,2076.7,2082.1,2076.0,2079.1,162934
1781844300,2078.9,2079.0,2072.8,2077.9,189881
1781844600,2078.3,2081.3,2077.0,2077.6,129158
1781844900,2077.6,2078.0,2075.0,2076.7,76273
1781845200,2076.6,2077.3,2073.0,2074.1,99675
1781845500,2074.0,2075.9,2073.4,2075.7,70108
1781845800,2075.7,2076.0,2072.3,2073.6,105773
1781846100,2073.8,2078.8,2073.3,2074.5,92746
1781846400,2074.5,2074.8,2071.6,2071.8,101914
1781846700,2071.9,2074.0,2071.6,2072.5,72659
1781847000,2072.5,2074.0,2070.3,2073.7,115040
1781847300,2073.7,2074.4,2072.1,2074.3,75300
1781847600,2074.4,2078.0,2073.8,2075.8,88251
1781847900,2075.8,2077.5,2074.2,2077.4,61567
1781848200,2077.4,2077.9,2075.3,2076.7,65959
1781848500,2076.7,2077.3,2074.2,2075.5,60592
1781848800,2075.7,2077.3,2074.0,2074.5,58773
1781849100,2074.5,2076.3,2072.5,2073.9,68224
1781849400,2073.6,2074.9,2073.0,2073.8,41721
1781849700,2073.9,2073.9,2070.1,2070.5,109615
1781850000,2070.8,2071.9,2070.0,2071.0,153842
1781850300,2071.1,2073.5,2070.0,2073.3,58443
1781850600,2073.3,2075.4,2072.0,2074.8,61447
1781850900,2074.8,2080.0,2074.6,2077.6,136869
1781851200,2077.5,2083.9,2077.5,2082.3,114678
1781851500,2082.8,2085.0,2080.5,2083.2,137537
1781851800,2083.3,2088.0,2082.7,2085.3,163056
1781852100,2085.5,2088.6,2083.0,2083.9,89419
1781852400,2083.9,2085.0,2080.7,2081.6,94376
1781852700,2081.5,2082.7,2078.3,2079.7,129940
1781853000,2080.0,2080.2,2075.0,2077.0,91685
1781853300,2077.0,2079.0,2074.0,2075.0,61057
1781853600,2075.0,2076.8,2074.4,2074.8,46860
1781853900,2074.7,2075.0,2072.0,2074.6,55857
1781854200,2074.3,2075.8,2073.6,2074.5,36442
1781854500,2074.4,2075.8,2072.5,2075.0,95689
1781854800,2075.0,2075.0,2072.3,2073.0,39158
1781855100,2073.3,2074.0,2071.4,2073.3,64471
1781855400,2073.2,2075.5,2072.7,2073.3,31886
1781855700,2073.2,2075.5,2073.1,2074.9,22045
1781856000,2074.9,2075.4,2073.5,2075.0,26553
1781856300,2074.5,2075.2,2073.5,2073.6,33481
1781856600,2073.6,2074.8,2072.0,2074.0,78981
1781856900,2074.7,2083.4,2073.7,2082.8,154146
1781857200,2082.8,2084.9,2080.2,2081.1,157752
1781857500,2081.0,2083.2,2081.0,2082.0,54318
1781857800,2081.9,2082.4,2077.0,2079.9,58397
1781858100,2079.9,2081.3,2077.2,2078.0,45752
1781858400,2077.9,2082.5,2077.5,2081.6,52541
1781858700,2081.5,2088.0,2081.3,2087.9,117778
1781859000,2087.9,2089.9,2086.3,2089.0,119939
1781859300,2088.7,2094.1,2088.0,2092.7,170783
1781859600,2092.8,2095.0,2090.5,2091.0,119277
1781859900,2091.0,2098.1,2090.4,2097.3,92548
1781860200,2097.5,2102.7,2097.3,2101.1,153212
1781860500,2101.4,2102.7,2100.0,2100.5,76869
1781860800,2100.9,2106.8,2100.1,2105.1,121737
1781861100,2105.1,2110.9,2104.1,2110.9,160499
1781861400,2110.0,2122.4,2109.2,2120.0,843890
1781861700,2119.3,2123.6,2118.7,2120.6,515479
1781862000,2120.8,2131.0,2120.6,2130.1,559331
1781862300,2129.4,2132.0,2128.4,2130.4,441924
1781862600,2130.3,2134.0,2128.3,2130.0,459275
1781862900,2130.3,2138.0,2124.5,2135.0,208323
1782099900,2132.2,2150.0,2131.3,2142.1,222722
1782100200,2142.1,2143.9,2135.4,2138.0,99315
1782100500,2137.3,2139.0,2132.6,2134.3,68016
1782100800,2134.0,2142.0,2133.1,2138.0,97811
1782101100,2138.3,2138.3,2131.0,2135.6,69576
1782101400,2135.6,2136.5,2132.1,2134.3,48472
1782101700,2134.3,2135.0,2132.1,2134.4,34238
1782102000,2135.9,2138.9,2134.2,2137.9,47907
1782102300,2137.0,2141.0,2135.1,2138.4,55010
1782102600,2138.4,2139.7,2132.0,2134.8,49943
1782102900,2134.0,2136.5,2132.0,2136.0,38287
1782103200,2136.0,2137.4,2133.5,2134.0,34201
1782103500,2134.0,2134.1,2130.8,2132.0,52707
1782103800,2132.0,2132.2,2129.6,2130.5,59362
1782104100,2130.8,2132.0,2130.0,2131.9,35337
1782104400,2131.8,2131.8,2127.6,2127.9,52555
1782104700,2127.6,2130.0,2125.7,2130.0,45447
1782105000,2130.0,2130.1,2126.7,2127.3,25314
1782105300,2127.3,2129.8,2126.8,2129.6,18325
1782105600,2129.6,2134.5,2129.0,2132.7,47867
1782105900,2132.8,2137.9,2130.0,2136.9,178545
1782106200,2137.0,2140.5,2135.7,2139.8,75825
1782106500,2139.8,2146.0,2139.0,2146.0,113136
1782106800,2145.6,2155.0,2145.1,2152.7,178974
1782107100,2152.7,2155.0,2147.8,2151.0,60282
1782107400,2151.0,2152.1,2148.4,2151.0,75417
1782107700,2151.4,2157.0,2150.0,2156.0,94580
1782108000,2156.4,2156.4,2151.1,2151.5,32469
1782108300,2151.5,2153.0,2151.0,2151.2,19826
1782108600,2151.0,2151.4,2147.7,2149.0,27058
1782108900,2149.0,2149.0,2146.0,2146.3,26226
1782109200,2146.3,2146.3,2143.0,2143.0,33219
1782109500,2143.4,2146.3,2141.3,2145.9,36370
1782109800,2146.1,2147.0,2144.0,2145.9,29609
1782110100,2145.6,2145.8,2143.3,2144.5,21693
1782110400,2144.5,2146.3,2143.5,2144.8,21100
1782110700,2144.8,2146.0,2143.5,2145.6,23150
1782111000,2145.7,2146.0,2144.0,2145.8,23798
1782111300,2144.8,2147.1,2143.2,2145.6,28410
1782111600,2145.6,2147.5,2144.0,2144.9,32475
1782111900,2145.3,2145.8,2143.6,2144.1,34201
1782112200,2144.1,2144.7,2142.2,2142.9,25969
1782112500,2142.9,2144.0,2141.3,2143.4,30547
1782112800,2143.7,2145.5,2142.0,2142.1,25982
1782113100,2142.1,2142.7,2141.0,2141.6,22204
1782113400,2141.1,2142.4,2140.0,2140.3,23959
1782113700,2140.7,2140.7,2139.5,2139.6,23027
1782114000,2139.4,2140.0,2138.3,2139.1,30856
1782114300,2139.2,2140.4,2138.3,2139.7,29559
1782114600,2139.7,2140.5,2134.1,2135.2,44548
1782114900,2134.5,2135.9,2134.0,2135.0,16263
1782115200,2135.0,2136.0,2134.0,2135.0,17293
1782115500,2135.0,2135.2,2132.0,2132.1,22015
1782115800,2132.0,2133.7,2130.0,2133.0,49311
1782116100,2133.0,2133.6,2130.2,2131.2,17267
1782116400,2131.0,2131.4,2130.3,2131.2,15964
1782116700,2131.2,2134.4,2130.5,2133.0,20382
1782117000,2133.2,2135.0,2132.2,2133.6,25396
1782117300,2133.9,2137.7,2133.6,2134.1,31890
1782117600,2134.6,2136.8,2132.7,2133.3,22631
1782117900,2133.3,2136.0,2132.1,2135.0,28053
1782118200,2135.5,2135.5,2133.3,2134.0,13724
1782118500,2134.0,2136.9,2133.5,2136.8,14084
1782118800,2136.9,2137.9,2133.0,2133.3,48143
1782119100,2133.0,2136.1,2133.0,2134.0,22079
1782119400,2134.3,2135.8,2132.5,2133.7,21758
1782119700,2133.7,2135.4,2132.5,2133.0,27148
1782120000,2133.0,2133.3,2131.5,2132.2,36452
1782120300,2132.3,2132.3,2131.1,2131.7,17647
1782120600,2131.6,2132.7,2124.0,2125.7,211719
1782120900,2126.4,2127.0,2124.1,2125.0,135689
1782121200,2124.7,2125.2,2123.9,2125.1,234938
1782121500,2125.1,2125.7,2121.0,2125.0,194238
1782121800,2125.1,2132.8,2125.0,2130.6,362925
1782122100,2131.4,2137.3,2127.5,2129.5,317343
1782186300,2111.0,2114.0,2087.4,2099.4,399394
1782186600,2099.4,2101.9,2097.0,2097.8,103848
1782186900,2097.8,2100.0,2086.5,2089.9,181513
1782187200,2089.5,2093.0,2085.0,2087.5,155902
1782187500,2087.1,2090.2,2083.0,2089.0,160773
1782187800,2089.0,2089.6,2085.0,2085.2,76442
1782188100,2085.9,2086.8,2083.7,2084.7,92709
1782188400,2085.0,2086.5,2083.0,2085.2,105311
1782188700,2085.3,2086.0,2082.0,2083.6,95919
1782189000,2083.6,2086.1,2082.6,2085.5,73030
1782189300,2085.6,2087.3,2084.0,2086.6,71644
1782189600,2086.9,2088.4,2086.0,2087.6,53707
1782189900,2087.6,2088.5,2086.4,2087.9,43626
1782190200,2087.9,2090.7,2086.5,2086.6,72894
1782190500,2086.1,2087.0,2081.1,2082.5,114620
1782190800,2082.5,2083.0,2081.4,2081.6,65670
1782191100,2082.0,2082.1,2080.1,2081.0,78287
1782191400,2081.0,2081.8,2080.1,2080.2,61730
1782191700,2080.2,2080.3,2075.6,2077.9,155462
1782192000,2077.1,2078.5,2076.1,2076.9,80760
1782192300,2076.3,2076.9,2073.0,2073.0,125483
1782192600,2073.7,2073.7,2070.2,2070.3,120479
1782192900,2070.4,2075.2,2070.2,2072.0,76325
1782193200,2072.1,2073.8,2070.5,2071.1,77213
1782193500,2071.1,2074.9,2070.7,2074.5,49854
1782193800,2074.4,2075.8,2072.5,2073.0,67021
1782194100,2073.0,2073.4,2070.0,2070.3,77332
1782194400,2070.3,2071.3,2070.0,2070.0,70814
1782194700,2070.1,2070.9,2069.0,2069.5,66054
1782195000,2069.5,2070.0,2068.0,2069.0,52702
1782195300,2069.0,2070.5,2067.3,2068.7,49528
1782195600,2068.9,2070.0,2067.3,2069.1,40587
1782195900,2069.1,2070.0,2065.0,2066.8,74623
1782196200,2066.3,2068.9,2065.5,2067.5,48031
1782196500,2067.6,2069.0,2066.4,2067.2,32643
1782196800,2067.2,2069.0,2066.0,2066.5,47469
1782197100,2066.5,2068.5,2066.0,2067.6,39243
1782197400,2067.6,2067.6,2065.0,2065.0,46142
1782197700,2065.1,2067.1,2065.1,2066.2,33005
1782198000,2066.6,2067.1,2062.0,2062.5,81398
1782198300,2062.7,2065.0,2062.0,2064.1,47872
1782198600,2064.1,2064.5,2062.6,2063.6,43741
1782198900,2063.2,2065.0,2062.2,2062.7,41848
1782199200,2062.5,2064.0,2061.0,2063.3,42646
1782199500,2063.3,2065.0,2063.1,2064.7,38980
1782199800,2064.7,2065.9,2063.0,2063.7,35748
1782200100,2064.0,2067.2,2063.5,2065.6,45279
1782200400,2065.5,2065.7,2064.0,2064.5,28474
1782200700,2064.5,2066.6,2064.4,2065.8,39180
1782201000,2065.8,2067.1,2064.8,2066.9,40964
1782201300,2066.8,2066.9,2061.0,2061.4,85803
1782201600,2061.9,2062.9,2061.0,2062.4,59090
1782201900,2062.4,2062.9,2061.5,2062.1,39004
1782202200,2062.1,2066.0,2061.8,2065.0,61987
1782202500,2065.0,2065.0,2062.1,2064.0,53243
1782202800,2064.0,2065.5,2062.0,2064.4,69933
1782203100,2064.4,2064.8,2062.4,2062.9,40974
1782203400,2062.9,2065.3,2062.6,2064.0,53487
1782203700,2064.6,2065.7,2063.0,2064.7,55542
1782204000,2064.7,2066.8,2063.4,2066.0,52114
1782204300,2066.0,2067.8,2064.0,2064.0,62167
1782204600,2064.3,2068.5,2063.3,2067.8,54579
1782204900,2068.0,2068.3,2065.6,2068.0,77867
1782205200,2068.0,2068.7,2066.3,2067.3,72179
1782205500,2067.2,2068.5,2065.7,2067.0,62142
1782205800,2066.9,2069.2,2066.1,2069.2,98519
1782206100,2069.3,2072.3,2069.1,2071.0,116280
1782206400,2070.9,2071.3,2068.5,2069.7,77746
1782206700,2069.7,2070.5,2069.0,2069.7,81514
1782207000,2069.6,2069.8,2060.5,2062.6,221899
1782207300,2062.8,2063.6,2061.1,2061.2,127618
1782207600,2061.2,2061.9,2057.6,2057.7,207002
1782207900,2057.7,2058.3,2056.0,2057.8,222562
1782208200,2057.9,2059.4,2056.0,2056.6,194465
1782208500,2056.7,2060.0,2055.0,2059.0,182757
1782272700,2061.0,2075.3,2061.0,2073.1,197008
1782273000,2072.5,2076.0,2066.0,2066.0,99575
1782273300,2066.3,2071.6,2063.0,2066.8,89411
1782273600,2066.5,2068.9,2062.3,2063.4,53112
1782273900,2064.0,2066.9,2063.0,2064.1,50264
1782274200,2064.4,2078.2,2063.0,2076.7,105900
1782274500,2077.0,2083.0,2075.2,2079.0,136307
1782274800,2078.9,2083.0,2073.6,2074.3,57363
1782275100,2074.8,2077.9,2070.1,2070.5,49055
1782275400,2071.2,2073.0,2069.0,2071.0,57978
1782275700,2071.0,2073.0,2069.1,2071.6,70196
1782276000,2071.7,2071.7,2070.0,2070.9,82628
1782276300,2070.9,2075.9,2070.2,2075.3,48440
1782276600,2074.9,2084.6,2072.7,2083.3,106750
1782276900,2083.3,2087.9,2082.5,2083.9,110182
1782277200,2084.0,2087.7,2082.7,2083.3,85635
1782277500,2083.3,2091.0,2082.1,2089.0,105052
1782277800,2088.7,2092.2,2083.4,2084.9,68102
1782278100,2084.7,2086.0,2080.6,2082.6,36448
1782278400,2082.6,2082.6,2077.7,2079.0,31296
1782278700,2079.0,2083.3,2077.1,2080.9,35633
1782279000,2080.7,2081.8,2078.4,2080.0,26094
1782279300,2079.5,2083.8,2078.0,2083.0,37686
1782279600,2083.0,2091.4,2082.3,2090.7,55965
1782279900,2090.4,2094.0,2089.2,2091.0,84781
1782280200,2091.9,2092.9,2090.0,2091.6,59867
1782280500,2091.8,2092.0,2089.4,2090.1,33068
1782280800,2090.6,2090.6,2087.1,2089.6,55837
1782281100,2089.7,2093.0,2088.6,2091.7,48461
1782281400,2091.7,2092.5,2088.7,2091.4,27778
1782281700,2090.9,2092.0,2089.0,2090.5,30526
1782282000,2092.0,2092.5,2090.0,2091.3,34598
1782282300,2091.0,2094.5,2090.1,2093.1,47539
1782282600,2094.0,2096.5,2093.2,2095.4,52963
1782282900,2095.4,2096.0,2091.0,2092.1,42020
1782283200,2092.8,2094.8,2090.0,2091.8,41617
1782283500,2091.8,2092.9,2090.4,2091.7,25280
1782283800,2091.7,2094.9,2090.0,2093.5,44249
1782284100,2093.4,2094.2,2088.6,2090.1,54438
1782284400,2090.3,2092.6,2087.2,2092.2,35225
1782284700,2092.4,2093.3,2090.4,2091.3,28981
1782285000,2091.3,2092.0,2089.3,2091.0,27141
1782285300,2090.9,2093.8,2090.3,2093.5,45102
1782285600,2093.3,2093.5,2090.4,2092.8,25332
1782285900,2092.4,2094.2,2091.2,2091.3,22298
1782286200,2091.1,2098.9,2090.9,2098.6,46915
1782286500,2098.3,2108.9,2096.5,2107.8,113514
1782286800,2107.1,2107.2,2103.1,2105.0,43788
1782287100,2105.7,2106.0,2101.2,2104.4,44411
1782287400,2104.4,2105.7,2102.1,2105.2,42194
1782287700,2105.3,2109.9,2103.8,2106.7,50596
1782288000,2106.5,2109.5,2105.1,2108.7,39735
1782288300,2108.4,2111.7,2105.0,2106.9,61111
1782288600,2106.9,2110.5,2105.6,2108.9,36664
1782288900,2109.1,2113.0,2107.0,2111.2,65136
1782289200,2111.0,2112.0,2108.2,2108.9,46067
1782289500,2109.5,2109.8,2107.0,2109.6,37198
1782289800,2109.7,2110.6,2107.5,2110.2,34882
1782290100,2109.6,2111.0,2106.3,2108.0,49268
1782290400,2108.0,2118.4,2106.9,2118.0,96773
1782290700,2117.6,2120.0,2116.0,2118.8,83121
1782291000,2118.7,2120.7,2113.2,2114.3,71135
1782291300,2113.6,2117.8,2111.8,2117.3,58342
1782291600,2116.7,2117.5,2110.3,2112.0,34215
1782291900,2112.0,2117.9,2110.5,2115.2,62130
1782292200,2115.8,2119.0,2114.1,2117.2,43144
1782292500,2117.4,2119.0,2114.5,2117.1,41672
1782292800,2116.5,2116.7,2114.0,2115.6,48349
1782293100,2114.9,2116.0,2112.0,2112.9,44170
1782293400,2112.9,2112.9,2106.6,2108.9,138153
1782293700,2108.9,2112.0,2107.1,2111.1,88956
1782294000,2111.5,2111.5,2107.8,2109.8,124921
1782294300,2108.9,2111.2,2108.3,2109.7,150062
1782294600,2110.0,2110.0,2107.0,2108.4,114737
1782294900,2107.9,2110.0,2106.2,2107.0,145145
1782359100,2133.6,2144.0,2121.0,2123.6,267749
1782359400,2123.1,2126.3,2117.5,2119.6,83127
1782359700,2119.7,2120.0,2116.0,2118.3,57760
1782360000,2118.5,2119.4,2112.0,2113.1,75037
1782360300,2112.9,2116.9,2111.0,2113.3,55272
1782360600,2113.6,2122.0,2112.4,2119.2,55049
1782360900,2119.0,2124.6,2119.0,2123.7,43270
1782361200,2123.8,2127.0,2121.5,2126.9,66957
1782361500,2126.7,2131.7,2124.6,2130.7,64245
1782361800,2131.0,2147.4,2130.5,2147.4,207791
1782362100,2147.4,2148.5,2142.7,2146.0,98253
1782362400,2146.0,2146.5,2141.4,2144.9,58665
1782362700,2145.0,2145.0,2139.1,2139.4,47325
1782363000,2140.6,2142.0,2138.3,2140.0,43006
1782363300,2139.8,2142.3,2137.8,2139.6,32495
1782363600,2139.8,2142.4,2139.1,2141.7,22985
1782363900,2142.0,2142.0,2136.6,2137.5,26315
1782364200,2138.0,2140.5,2137.0,2140.4,22858
1782364500,2140.0,2141.6,2135.7,2137.8,27286
1782364800,2137.5,2137.5,2132.7,2132.7,32182
1782365100,2133.0,2135.6,2131.2,2134.8,26725
1782365400,2135.0,2135.1,2130.8,2130.9,34630
1782365700,2130.9,2131.4,2126.5,2127.6,69840
1782366000,2128.2,2132.4,2127.1,2132.2,48650
1782366300,2132.4,2133.0,2126.0,2126.6,46247
1782366600,2126.6,2127.0,2122.9,2126.0,44051
1782366900,2125.7,2125.7,2121.4,2122.3,34653
1782367200,2122.0,2125.4,2121.6,2124.9,34745
1782367500,2124.5,2129.5,2123.3,2129.4,51254
1782367800,2129.3,2131.5,2126.0,2128.0,47787
1782368100,2128.0,2133.5,2127.5,2130.9,74266
1782368400,2130.9,2132.0,2126.7,2128.4,60006
1782368700,2128.2,2134.8,2127.4,2131.3,45402
1782369000,2131.3,2132.1,2126.7,2129.0,35392
1782369300,2128.6,2130.7,2128.3,2129.2,30293
1782369600,2129.3,2129.6,2125.2,2125.5,37276
1782369900,2125.8,2126.8,2122.7,2124.5,45402
1782370200,2124.5,2124.9,2122.0,2122.5,40956
1782370500,2122.5,2125.6,2122.1,2123.9,52439
1782370800,2124.2,2124.8,2117.0,2117.6,73440
1782371100,2118.2,2122.5,2117.0,2122.5,44846
1782371400,2122.5,2122.7,2117.2,2120.1,38114
1782371700,2120.3,2121.3,2117.5,2120.6,38128
1782372000,2120.6,2121.6,2118.0,2121.0,35016
1782372300,2121.6,2122.0,2119.9,2121.8,34048
1782372600,2121.8,2128.0,2120.5,2127.6,50837
1782372900,2127.2,2127.3,2123.1,2124.6,27016
1782373200,2124.2,2124.6,2120.7,2121.3,26818
1782373500,2121.4,2129.8,2120.8,2128.8,36520
1782373800,2128.9,2128.9,2123.1,2123.6,24843
1782374100,2123.9,2124.0,2121.2,2122.8,36160
1782374400,2122.8,2125.0,2122.0,2124.2,23919
1782374700,2124.1,2124.9,2122.1,2123.9,23655
1782375000,2123.9,2126.0,2123.6,2124.6,26433
1782375300,2124.3,2125.4,2123.4,2125.0,24628
1782375600,2125.0,2125.7,2121.7,2122.3,25868
1782375900,2122.6,2127.3,2122.6,2124.7,43210
1782376200,2124.5,2127.4,2122.9,2126.0,47906
1782376500,2125.9,2125.9,2120.4,2123.4,25050
1782376800,2123.5,2124.4,2117.6,2119.8,48911
1782377100,2120.0,2120.0,2116.0,2117.8,34640
1782377400,2117.8,2118.3,2111.7,2112.6,60929
1782377700,2112.1,2112.9,2108.5,2110.3,55846
1782378000,2110.3,2111.6,2108.6,2110.5,54783
1782378300,2110.8,2112.8,2107.2,2108.2,55958
1782378600,2108.1,2108.8,2101.1,2102.9,67094
1782378900,2103.0,2104.3,2100.6,2101.5,184186
1782379200,2101.6,2104.5,2101.2,2103.0,46466
1782379500,2103.4,2103.9,2096.2,2098.3,81909
1782379800,2098.5,2099.9,2094.8,2096.2,213873
1782380100,2096.7,2097.7,2094.3,2096.1,179620
1782380400,2096.0,2097.5,2095.4,2095.7,115505
1782380700,2095.9,2096.6,2092.5,2094.2,144406
1782381000,2094.1,2094.6,2091.9,2093.3,135916
1782381300,2093.7,2096.1,2088.0,2095.9,273951
1782704700,2090.0,2094.7,2078.2,2081.0,160289
1782705000,2080.5,2088.0,2075.1,2085.9,84821
1782705300,2086.1,2087.0,2082.2,2084.7,44374
1782705600,2084.7,2088.0,2080.7,2081.5,41740
1782705900,2081.7,2083.9,2078.0,2082.1,38877
1782706200,2081.9,2083.9,2079.6,2080.2,23481
1782706500,2080.6,2080.6,2076.1,2077.7,35559
1782706800,2077.7,2078.7,2072.6,2072.9,49308
1782707100,2072.9,2081.8,2071.0,2081.8,41418
1782707400,2081.8,2085.9,2079.1,2080.4,27939
1782707700,2080.7,2082.5,2078.6,2079.4,24024
1782708000,2079.7,2081.2,2077.5,2078.5,23658
1782708300,2078.6,2082.0,2077.8,2081.7,19282
1782708600,2082.0,2089.0,2080.9,2088.6,37094
1782708900,2088.9,2090.0,2085.0,2085.0,27192
1782709200,2085.0,2086.3,2082.7,2083.2,23054
1782709500,2083.2,2084.0,2077.8,2080.6,32615
1782709800,2080.6,2083.4,2079.3,2081.7,21874
1782710100,2082.3,2082.5,2076.2,2078.2,29098
1782710400,2078.4,2079.0,2076.2,2076.3,14597
1782710700,2076.5,2079.9,2076.0,2078.5,19735
1782711000,2078.5,2082.0,2078.5,2081.2,22648
1782711300,2081.3,2082.0,2079.4,2079.4,21139
1782711600,2079.6,2083.1,2079.4,2081.3,16562
1782711900,2082.0,2083.3,2080.5,2082.9,12023
1782712200,2083.3,2086.4,2082.3,2085.4,34347
1782712500,2086.0,2088.0,2085.0,2086.5,21188
1782712800,2085.8,2087.9,2081.7,2082.0,27249
1782713100,2082.5,2086.0,2082.0,2085.6,14567
1782713400,2085.6,2085.9,2083.6,2084.8,10801
1782713700,2084.8,2085.6,2082.0,2082.0,8596
1782714000,2082.5,2084.2,2081.1,2081.1,11786
1782714300,2081.6,2082.3,2079.0,2080.0,21341
1782714600,2080.7,2082.5,2080.1,2081.9,8330
1782714900,2082.3,2084.3,2081.1,2082.5,11544
1782715200,2083.0,2084.1,2080.0,2083.0,11765
1782715500,2083.5,2083.7,2079.1,2079.1,12543
1782715800,2079.5,2081.2,2079.0,2080.0,11528
1782716100,2080.3,2080.6,2077.2,2077.7,21379
1782716400,2077.8,2078.5,2075.1,2076.5,17580
1782716700,2076.5,2077.7,2075.7,2075.7,10428
1782717000,2076.0,2076.2,2072.6,2076.0,41704
1782717300,2076.2,2079.4,2076.1,2078.0,14113
1782717600,2078.0,2079.2,2076.8,2077.8,9407
1782717900,2077.8,2080.7,2077.7,2080.2,18371
1782718200,2080.6,2082.8,2079.5,2081.6,29900
1782718500,2082.0,2082.7,2079.0,2080.8,19971
1782718800,2080.6,2081.1,2077.7,2079.9,14450
1782719100,2079.9,2081.0,2077.8,2078.1,14430
1782719400,2078.5,2080.9,2078.1,2080.5,13391
1782719700,2080.5,2083.5,2080.1,2082.6,15232
1782720000,2083.1,2084.5,2081.0,2081.0,15595
1782720300,2081.4,2083.0,2080.6,2081.4,14553
1782720600,2081.4,2081.4,2078.6,2078.9,16628
1782720900,2079.1,2080.1,2078.0,2079.7,15191
1782721200,2080.2,2081.6,2078.8,2080.9,20265
1782721500,2080.9,2085.0,2080.3,2084.2,24034
1782721800,2084.2,2086.4,2083.4,2085.3,35972
1782722100,2085.3,2086.4,2082.5,2084.3,50726
1782722400,2084.5,2086.9,2083.2,2086.0,31135
1782722700,2086.8,2086.9,2083.6,2083.6,62432
1782723000,2084.0,2084.6,2083.1,2083.6,19586
1782723300,2083.5,2086.9,2083.1,2085.0,33476
1782723600,2085.5,2085.8,2083.1,2085.0,24436
1782723900,2085.0,2086.7,2084.3,2085.5,24822
1782724200,2085.9,2087.0,2084.5,2086.7,31170
1782724500,2087.4,2088.0,2086.1,2086.6,20510
1782724800,2086.7,2086.7,2084.4,2084.6,18735
1782725100,2085.0,2085.2,2083.0,2084.6,24729
1782725400,2086.0,2101.6,2086.0,2097.0,253989
1782725700,2097.0,2100.0,2094.0,2096.9,190758
1782726000,2097.0,2104.6,2096.4,2102.9,360604
1782726300,2102.9,2105.0,2096.2,2097.2,331340
1782726600,2097.7,2099.5,2090.4,2092.7,277738
1782726900,2091.8,2098.5,2090.1,2092.6,131407
1782791100,2090.0,2104.3,2085.6,2089.8,158570
1782791400,2089.8,2090.7,2075.2,2075.7,92283
1782791700,2075.6,2076.6,2063.1,2063.9,188463
1782792000,2063.8,2063.8,2040.0,2040.9,279157
1782792300,2039.4,2046.0,2037.0,2042.1,138964
1782792600,2042.5,2043.6,2037.2,2040.2,120912
1782792900,2040.9,2042.7,2038.1,2042.7,72253
1782793200,2042.8,2049.5,2042.6,2047.4,82164
1782793500,2047.4,2053.5,2046.5,2050.6,65366
1782793800,2050.6,2054.8,2048.1,2054.8,47243
1782794100,2054.9,2055.0,2050.4,2053.4,49237
1782794400,2053.0,2053.1,2050.1,2051.2,23948
1782794700,2051.5,2053.4,2049.1,2052.7,77136
1782795000,2052.7,2053.7,2050.4,2053.7,25895
1782795300,2053.4,2058.4,2053.2,2054.3,54141
1782795600,2054.3,2055.2,2050.0,2052.4,28141
1782795900,2052.4,2053.4,2051.0,2052.2,29641
1782796200,2051.4,2052.0,2049.4,2051.5,24078
1782796500,2051.5,2053.0,2050.0,2051.0,16188
1782796800,2051.1,2053.3,2050.0,2052.0,15499
1782797100,2052.3,2052.7,2049.0,2050.8,26203
1782797400,2050.6,2052.2,2049.3,2049.9,36601
1782797700,2049.9,2053.8,2049.5,2053.4,61565
1782798000,2053.6,2058.9,2053.1,2058.2,71328
1782798300,2058.4,2058.4,2052.0,2053.6,42525
1782798600,2053.5,2060.0,2053.0,2059.5,46640
1782798900,2059.1,2059.7,2053.5,2054.0,43407
1782799200,2054.0,2054.0,2044.1,2047.8,96995
1782799500,2047.8,2047.8,2045.0,2045.9,63806
1782799800,2045.7,2047.6,2045.1,2046.0,72988
1782800100,2046.0,2046.5,2043.0,2045.8,80339
1782800400,2045.7,2047.9,2044.8,2047.0,40374
1782800700,2047.3,2047.9,2045.9,2046.8,49737
1782801000,2046.6,2047.0,2045.2,2045.9,40688
1782801300,2045.9,2046.3,2040.0,2041.1,94107
1782801600,2041.1,2042.0,2038.5,2040.0,85824
1782801900,2040.0,2041.4,2039.5,2040.8,49485
1782802200,2040.8,2043.6,2039.6,2042.9,65235
1782802500,2042.9,2043.2,2040.4,2040.9,46854
1782802800,2040.9,2042.0,2039.1,2041.7,58106
1782803100,2041.8,2045.4,2040.8,2043.8,72832
1782803400,2044.0,2048.0,2043.7,2047.6,51207
1782803700,2047.1,2049.4,2046.0,2046.0,66495
1782804000,2046.6,2047.2,2043.6,2046.0,30691
1782804300,2045.7,2047.6,2045.0,2047.0,38678
1782804600,2047.0,2047.9,2045.0,2045.9,35362
1782804900,2045.9,2047.8,2044.3,2045.0,31060
1782805200,2045.0,2046.5,2044.0,2045.4,36171
1782805500,2046.0,2048.0,2045.0,2045.4,35244
1782805800,2045.0,2045.8,2043.0,2044.0,38001
1782806100,2044.0,2045.6,2043.7,2044.7,32263
1782806400,2044.7,2045.8,2039.5,2040.7,104587
1782806700,2040.7,2042.3,2038.3,2039.1,81642
1782807000,2039.1,2041.9,2039.1,2040.0,52233
1782807300,2040.3,2041.8,2039.3,2040.9,41069
1782807600,2040.7,2043.0,2040.7,2041.2,41544
1782807900,2041.3,2042.0,2039.0,2039.9,56545
1782808200,2040.0,2040.7,2032.7,2034.2,164764
1782808500,2034.2,2034.6,2031.7,2032.8,86668
1782808800,2032.7,2033.4,2030.1,2031.3,71052
1782809100,2031.3,2032.6,2026.1,2028.8,137388
1782809400,2028.1,2034.0,2028.0,2034.0,110616
1782809700,2034.0,2036.7,2033.0,2033.0,95120
1782810000,2032.8,2033.4,2030.0,2033.1,97515
1782810300,2033.1,2035.1,2032.6,2033.9,79179
1782810600,2034.1,2035.9,2033.0,2035.0,75749
1782810900,2035.1,2035.7,2031.0,2032.8,79730
1782811200,2032.6,2033.3,2031.2,2032.7,72879
1782811500,2032.9,2034.0,2029.1,2030.0,112952
1782811800,2029.9,2030.1,2018.8,2019.8,364710
1782812100,2019.8,2028.8,2019.7,2027.0,279461
1782812400,2027.0,2045.8,2026.8,2035.0,638815
1782812700,2034.9,2036.9,2033.5,2033.7,262294
1782813000,2033.6,2034.6,2029.9,2030.0,308091
1782813300,2030.0,2033.9,2026.7,2033.0,176155
1782877500,2039.9,2051.6,2032.0,2048.0,190282
1782877800,2048.1,2051.0,2045.4,2048.0,72077
1782878100,2048.0,2052.0,2047.5,2048.9,38819
1782878400,2048.1,2049.5,2043.4,2045.7,35770
1782878700,2045.7,2046.4,2038.5,2041.7,50208
1782879000,2042.5,2044.4,2040.0,2041.5,32838
1782879300,2042.9,2049.7,2041.5,2048.0,26169
1782879600,2048.4,2048.9,2043.0,2044.1,26414
1782879900,2044.0,2046.0,2042.2,2042.3,45593
1782880200,2042.3,2044.4,2041.0,2043.9,20814
1782880500,2043.6,2044.7,2042.0,2043.5,23397
1782880800,2043.0,2044.5,2042.2,2043.9,13016
1782881100,2043.3,2044.8,2041.9,2043.9,17554
1782881400,2043.8,2044.3,2033.9,2038.0,105444
1782881700,2038.1,2039.0,2034.4,2036.0,46173
1782882000,2035.6,2038.0,2035.3,2037.6,21338
1782882300,2038.0,2038.0,2035.5,2036.1,18111
1782882600,2036.3,2037.3,2035.0,2035.1,22890
1782882900,2035.0,2037.9,2034.1,2037.0,27341
1782883200,2036.9,2038.0,2036.0,2037.9,18930
1782883500,2037.5,2038.4,2037.0,2037.7,14305
1782883800,2038.0,2039.0,2037.5,2038.5,15121
1782884100,2038.5,2039.4,2035.7,2036.5,15988
1782884400,2036.5,2038.8,2036.0,2037.2,11225
1782884700,2037.8,2038.0,2035.0,2035.9,17057
1782885000,2035.5,2037.9,2034.2,2036.9,25789
1782885300,2037.0,2037.7,2035.5,2035.9,10974
1782885600,2035.8,2036.8,2034.0,2035.0,13815
1782885900,2035.0,2037.5,2033.1,2036.9,18674
1782886200,2036.5,2037.2,2035.0,2036.0,11475
1782886500,2036.3,2037.9,2035.6,2036.0,16536
1782886800,2035.5,2035.5,2033.0,2034.8,19382
1782887100,2034.2,2035.9,2033.4,2035.8,19005
1782887400,2035.9,2035.9,2033.5,2034.4,13696
1782887700,2034.4,2035.6,2032.6,2034.4,25067
1782888000,2034.8,2035.1,2027.0,2028.2,64853
1782888300,2028.1,2028.2,2025.2,2026.0,49805
1782888600,2026.0,2026.7,2023.1,2025.3,55474
1782888900,2025.3,2025.3,2021.0,2021.4,34876
1782889200,2021.5,2024.7,2021.4,2023.9,23656
1782889500,2023.8,2024.3,2022.7,2022.7,25044
1782889800,2023.4,2023.4,2019.6,2020.0,57680
1782890100,2020.0,2020.2,2017.9,2019.6,32061
1782890400,2019.8,2020.3,2016.4,2017.6,37066
1782890700,2017.0,2018.3,2013.2,2013.9,39679
1782891000,2013.9,2015.0,2013.1,2014.0,28373
1782891300,2014.0,2014.9,2012.8,2013.9,33186
1782891600,2013.5,2017.4,2013.0,2015.0,35656
1782891900,2015.4,2016.2,2014.7,2015.5,14474
1782892200,2015.5,2015.5,2008.8,2009.0,81789
1782892500,2009.0,2010.0,2008.2,2008.3,30158
1782892800,2008.9,2009.8,2007.7,2008.0,24105
1782893100,2007.7,2008.3,2005.0,2006.0,99802
1782893400,2005.5,2006.0,2001.1,2003.6,94952
1782893700,2003.6,2003.8,2001.3,2001.8,67256
1782894000,2001.8,2002.7,2000.3,2001.0,87002
1782894300,2000.6,2002.1,1999.0,2000.0,162621
1782894600,1999.9,2001.0,1996.0,1997.4,112737
1782894900,1997.7,1997.8,1995.0,1996.2,81138
1782895200,1996.2,1996.2,1993.2,1995.0,56688
1782895500,1995.0,1996.5,1994.6,1995.6,66136
1782895800,1995.4,1996.0,1991.1,1992.9,104197
1782896100,1992.8,1993.7,1989.4,1989.4,140310
1782896400,1988.5,1991.5,1987.7,1989.6,120543
1782896700,1989.8,1991.6,1983.7,1984.6,174589
1782897000,1984.6,1993.5,1983.7,1990.0,166457
1782897300,1989.5,1990.5,1986.5,1989.8,138842
1782897600,1989.8,1990.0,1985.0,1986.5,120089
1782897900,1987.0,1988.2,1985.1,1987.9,111645
1782898200,1988.7,1989.9,1984.0,1985.5,140868
1782898500,1985.5,1987.1,1983.0,1983.8,114996
1782898800,1983.4,1984.9,1983.1,1984.4,113362
1782899100,1984.0,1985.1,1981.6,1981.9,122132
1782899400,1982.5,1982.7,1978.0,1979.6,254875
1782899700,1979.9,1983.0,1976.8,1982.0,187891
1782963900,2008.0,2037.0,2002.5,2034.6,762639
1782964200,2034.9,2045.0,2034.7,2044.2,335833
1782964500,2044.1,2047.7,2030.4,2037.0,258946
1782964800,2037.0,2041.1,2034.0,2035.3,164407
1782965100,2035.5,2043.8,2035.4,2042.1,102137
1782965400,2042.8,2047.6,2041.0,2044.4,133117
1782965700,2045.0,2048.1,2041.0,2041.0,99978
1782966000,2041.0,2046.8,2038.1,2045.4,91433
1782966300,2046.4,2047.5,2044.0,2045.4,71168
1782966600,2045.2,2045.6,2039.6,2043.5,60002
1782966900,2043.0,2044.4,2039.7,2042.1,48830
1782967200,2042.5,2044.0,2040.5,2041.9,34855
1782967500,2041.6,2045.6,2041.0,2045.0,53942
1782967800,2045.0,2049.0,2044.4,2048.1,104354
1782968100,2048.2,2048.9,2045.3,2047.0,59765
1782968400,2047.5,2048.0,2043.3,2043.5,39357
1782968700,2042.9,2045.5,2042.8,2045.2,52979
1782969000,2045.5,2047.0,2044.9,2045.1,28933
1782969300,2045.2,2047.7,2044.0,2047.4,28428
1782969600,2047.0,2052.0,2046.0,2046.8,121597
1782969900,2046.8,2050.2,2046.7,2049.3,48929
1782970200,2049.6,2050.2,2044.8,2045.7,35438
1782970500,2045.8,2048.2,2044.0,2047.6,45574
1782970800,2047.3,2049.0,2046.3,2048.8,34196
1782971100,2048.2,2051.5,2047.0,2051.1,58244
1782971400,2051.5,2055.0,2050.6,2051.6,91425
1782971700,2052.0,2052.5,2050.2,2050.8,35803
1782972000,2050.8,2051.5,2049.1,2049.9,38806
1782972300,2050.1,2051.5,2049.0,2051.1,23545
1782972600,2050.4,2051.0,2048.0,2049.6,24922
1782972900,2049.6,2052.8,2049.1,2050.9,45645
1782973200,2051.0,2054.0,2050.8,2052.9,41384
1782973500,2052.9,2055.0,2052.1,2054.4,55410
1782973800,2054.3,2056.9,2053.0,2054.7,71067
1782974100,2054.8,2062.5,2054.8,2060.3,123733
1782974400,2060.1,2060.8,2056.6,2058.0,70541
1782974700,2058.0,2058.5,2055.4,2056.7,68282
1782975000,2056.7,2058.0,2055.1,2057.2,26012
1782975300,2057.2,2059.8,2057.2,2059.1,37199
1782975600,2059.1,2059.5,2057.0,2058.6,22453
1782975900,2057.7,2060.6,2057.7,2059.3,29383
1782976200,2058.7,2060.3,2057.8,2058.0,43812
1782976500,2058.0,2064.0,2057.2,2063.0,78578
1782976800,2063.2,2063.5,2061.5,2062.7,41574
1782977100,2062.7,2063.8,2059.0,2059.8,42530
1782977400,2060.0,2063.5,2059.4,2062.2,42020
1782977700,2062.5,2063.6,2062.0,2063.0,18929
1782978000,2062.8,2063.0,2060.7,2062.8,28036
1782978300,2062.0,2062.8,2060.0,2061.5,38686
1782978600,2061.5,2062.0,2057.0,2057.9,51237
1782978900,2058.5,2061.3,2057.5,2060.5,33560
1782979200,2060.5,2061.6,2060.0,2061.0,24424
1782979500,2060.6,2062.0,2060.2,2060.4,35736
1782979800,2060.5,2063.5,2060.2,2063.1,41594
1782980100,2062.2,2068.8,2062.2,2067.5,117809
1782980400,2067.2,2070.7,2067.2,2070.7,163448
1782980700,2069.9,2071.0,2065.0,2065.3,108677
1782981000,2065.2,2067.8,2064.6,2064.7,39309
1782981300,2064.7,2066.1,2061.4,2062.7,60497
1782981600,2062.7,2067.0,2062.1,2065.2,65337
1782981900,2065.2,2066.0,2062.2,2063.0,36907
1782982200,2063.3,2065.9,2063.3,2064.5,37029
1782982500,2064.0,2065.0,2061.4,2064.4,56478
1782982800,2064.8,2065.7,2061.8,2064.5,58268
1782983100,2064.5,2069.3,2063.1,2068.8,78650
1782983400,2068.7,2075.0,2068.0,2073.5,116851
1782983700,2073.4,2076.9,2072.9,2073.3,94178
1782984000,2073.3,2075.0,2071.6,2071.9,48962
1782984300,2071.8,2072.3,2068.0,2069.7,70144
1782984600,2069.7,2069.7,2064.6,2064.6,115719
1782984900,2064.7,2067.0,2064.2,2065.4,102585
1782985200,2065.7,2068.2,2064.5,2068.1,79502
1782985500,2068.2,2068.9,2067.5,2067.5,98737
1782985800,2067.6,2072.0,2067.5,2071.8,126671
1782986100,2071.8,2073.0,2068.4,2070.9,123948
1783050300,2100.0,2116.6,2092.1,2103.0,371126
1783050600,2102.9,2107.9,2098.5,2100.8,163479
1783050900,2100.8,2107.8,2099.8,2104.9,145110
1783051200,2105.3,2106.6,2101.0,2102.8,155114
1783051500,2103.6,2104.8,2097.0,2099.0,129955
1783051800,2099.1,2099.5,2085.7,2087.1,132798
1783052100,2085.8,2093.0,2085.0,2087.7,103730
1783052400,2087.7,2091.2,2085.9,2088.5,71960
1783052700,2088.0,2096.4,2087.1,2092.7,53643
1783053000,2092.8,2094.7,2089.1,2089.6,47758
1783053300,2089.6,2099.5,2088.8,2092.0,65089
1783053600,2091.8,2094.0,2089.0,2093.5,33187
1783053900,2093.5,2093.8,2091.0,2091.8,20519
1783054200,2092.1,2093.0,2086.8,2087.5,58549
1783054500,2087.6,2090.0,2087.0,2089.8,14569
1783054800,2090.0,2092.2,2088.2,2091.9,16251
1783055100,2092.0,2095.9,2091.1,2095.2,20569
1783055400,2095.9,2096.4,2091.2,2093.1,22154
1783055700,2093.5,2098.0,2092.1,2097.0,28738
1783056000,2098.3,2102.5,2097.2,2101.9,80709
1783056300,2101.3,2103.2,2098.1,2100.5,40588
1783056600,2101.0,2110.7,2097.6,2110.1,103016
1783056900,2110.3,2110.5,2106.0,2107.0,41403
1783057200,2107.0,2107.8,2105.0,2105.6,18867
1783057500,2105.9,2107.0,2103.5,2106.0,27390
1783057800,2106.1,2106.8,2104.0,2104.0,17293
1783058100,2104.1,2106.6,2103.9,2106.0,19861
1783058400,2106.1,2106.5,2103.2,2104.1,26066
1783058700,2104.3,2106.1,2103.0,2106.1,19789
1783059000,2106.8,2109.5,2106.0,2107.9,30668
1783059300,2107.9,2108.2,2105.4,2107.3,26016
1783059600,2107.3,2109.9,2106.6,2108.6,30809
1783059900,2109.0,2109.0,2101.9,2102.8,29953
1783060200,2103.0,2103.0,2101.0,2102.8,21733
1783060500,2102.8,2107.1,2101.6,2105.9,40310
1783060800,2106.2,2107.7,2106.1,2107.2,42166
1783061100,2107.2,2111.5,2106.5,2111.5,41362
1783061400,2111.4,2114.9,2111.0,2114.9,51495
1783061700,2114.9,2115.0,2108.2,2110.7,39890
1783062000,2111.0,2111.0,2108.0,2109.0,18125
1783062300,2108.9,2110.0,2105.8,2105.8,33171
1783062600,2106.6,2107.0,2104.2,2106.9,23807
1783062900,2106.8,2107.5,2104.8,2107.3,22640
1783063200,2106.9,2108.0,2103.0,2104.7,38814
1783063500,2104.7,2108.0,2103.6,2106.5,54028
1783063800,2107.4,2107.6,2104.9,2106.7,29773
1783064100,2105.7,2107.5,2104.0,2105.6,32231
1783064400,2105.1,2105.7,2099.1,2100.8,99107
1783064700,2101.5,2104.0,2100.4,2102.7,48687
1783065000,2102.9,2103.2,2099.0,2099.9,28808
1783065300,2100.0,2100.9,2096.9,2099.4,30577
1783065600,2099.6,2100.5,2098.2,2099.5,23886
1783065900,2099.5,2100.8,2096.0,2099.8,41757
1783066200,2099.7,2100.6,2098.0,2099.6,24189
1783066500,2099.6,2100.0,2096.4,2099.6,34024
1783066800,2099.7,2099.9,2097.0,2098.1,24958
1783067100,2098.0,2098.6,2093.3,2095.5,40293
1783067400,2095.3,2095.5,2093.4,2094.1,25191
1783067700,2094.2,2096.5,2094.0,2096.0,31908
1783068000,2095.7,2096.1,2094.0,2094.7,22317
1783068300,2095.6,2097.0,2093.1,2095.9,28145
1783068600,2095.9,2097.5,2095.0,2096.2,24192
1783068900,2096.2,2097.1,2091.4,2091.6,76464
1783069200,2092.6,2094.8,2090.6,2091.1,32239
1783069500,2091.6,2094.5,2090.0,2090.6,46734
1783069800,2090.2,2090.6,2087.4,2088.4,44517
1783070100,2088.1,2091.2,2087.4,2090.9,35465
1783070400,2090.9,2094.6,2090.1,2093.9,25268
1783070700,2093.8,2094.5,2092.2,2093.0,25098
1783071000,2093.7,2100.6,2093.3,2096.0,74799
1783071300,2096.0,2097.8,2094.2,2095.1,47291
1783071600,2095.8,2096.8,2092.7,2093.6,68006
1783071900,2093.6,2095.0,2092.0,2093.1,78164
1783072200,2093.7,2094.1,2090.3,2093.6,115733
1783072500,2094.0,2095.0,2087.0,2088.0,114836
1783309500,2090.0,2093.0,2073.5,2075.0,98298
1783309800,2075.1,2077.3,2070.2,2076.7,49794
1783310100,2076.7,2082.7,2075.6,2080.7,66632
1783310400,2080.7,2081.5,2075.8,2076.9,26791
1783310700,2076.5,2079.0,2073.6,2077.3,25249
1783311000,2077.3,2081.8,2076.5,2078.9,20557
1783311300,2078.9,2079.9,2072.9,2074.5,31428
1783311600,2074.8,2076.4,2066.1,2066.3,50513
1783311900,2067.0,2067.4,2061.2,2064.0,55584
1783312200,2064.3,2064.3,2058.0,2059.0,53462
1783312500,2058.6,2061.9,2057.0,2058.2,48568
1783312800,2058.5,2060.9,2056.0,2057.3,39379
1783313100,2056.9,2065.4,2056.3,2063.5,38772
1783313400,2064.3,2065.0,2063.0,2063.7,19789
1783313700,2063.7,2068.0,2062.2,2066.8,62862
1783314000,2066.8,2068.2,2064.0,2064.2,33350
1783314300,2064.5,2065.3,2061.0,2061.4,25339
1783314600,2061.1,2065.0,2060.1,2062.4,26401
1783314900,2062.6,2066.4,2062.0,2066.1,15481
1783315200,2066.1,2069.7,2064.4,2065.4,52376
1783315500,2065.4,2067.4,2064.9,2066.7,19504
1783315800,2066.7,2067.0,2063.5,2065.0,18455
1783316100,2065.0,2065.7,2060.7,2060.7,16177
1783316400,2061.0,2062.9,2057.0,2062.0,44771
1783316700,2062.8,2064.1,2060.0,2063.0,11093
1783317000,2062.6,2064.0,2061.6,2063.1,17528
1783317300,2063.0,2063.0,2059.1,2062.0,16904
1783317600,2062.1,2062.1,2060.0,2061.0,7754
1783317900,2060.9,2064.5,2060.8,2064.4,11535
1783318200,2064.0,2064.9,2062.0,2062.4,19496
1783318500,2062.4,2065.0,2062.4,2064.5,10159
1783318800,2064.6,2065.4,2062.5,2062.6,20568
1783319100,2062.6,2064.0,2060.3,2062.2,15272
1783319400,2062.4,2065.0,2062.0,2062.0,11704
1783319700,2062.0,2063.1,2057.8,2057.8,30457
1783320000,2057.8,2058.2,2053.8,2057.7,53881
1783320300,2057.0,2061.0,2057.0,2059.4,24342
1783320600,2059.5,2060.2,2059.0,2060.1,12124
1783320900,2059.9,2060.7,2058.2,2059.0,11658
1783321200,2058.8,2062.4,2058.5,2060.7,16309
1783321500,2060.8,2061.9,2060.2,2060.9,9767
1783321800,2061.0,2062.4,2060.9,2061.5,7306
1783322100,2061.4,2063.0,2060.0,2060.1,11988
1783322400,2060.3,2061.8,2060.0,2060.2,10702
1783322700,2060.1,2061.7,2059.3,2060.5,10169
1783323000,2060.3,2063.6,2059.9,2062.4,12408
1783323300,2062.0,2063.0,2060.6,2062.9,11375
1783323600,2063.3,2064.3,2060.5,2061.8,15351
1783323900,2061.6,2064.1,2060.7,2061.5,11466
1783324200,2060.7,2062.6,2060.6,2062.1,5947
1783324500,2062.0,2062.5,2058.2,2060.8,24347
1783324800,2060.8,2062.1,2059.1,2059.6,7565
1783325100,2059.6,2062.2,2059.3,2060.0,15219
1783325400,2060.0,2061.8,2059.1,2059.2,15437
1783325700,2059.2,2060.0,2058.1,2059.7,18485
1783326000,2058.9,2060.0,2055.4,2056.1,55477
1783326300,2056.3,2056.4,2053.3,2054.1,37720
1783326600,2054.0,2055.1,2051.3,2053.0,44725
1783326900,2053.0,2054.8,2052.0,2054.6,27633
1783327200,2054.5,2055.9,2053.0,2054.2,23950
1783327500,2053.6,2056.1,2053.4,2053.8,28196
1783327800,2053.8,2055.5,2053.0,2055.0,25857
1783328100,2055.4,2056.5,2054.0,2054.2,25922
1783328400,2054.2,2054.5,2052.0,2053.9,23750
1783328700,2054.1,2055.3,2052.3,2052.4,20564
1783329000,2052.2,2053.6,2051.6,2051.6,30159
1783329300,2051.5,2052.0,2050.6,2051.1,26693
1783329600,2050.9,2057.6,2050.9,2056.5,59991
1783329900,2056.7,2059.4,2055.0,2057.6,49853
1783330200,2057.2,2057.6,2054.7,2054.7,87986
1783330500,2055.1,2059.3,2054.9,2058.6,119074
1783330800,2058.1,2058.8,2056.8,2057.9,92526
1783331100,2058.5,2058.7,2056.8,2057.9,119738
1783331400,2057.9,2059.0,2057.9,2058.1,123286
1783331700,2058.0,2059.5,2057.0,2059.0,107807
1783395900,2050.0,2074.5,2049.0,2072.2,193412
1783396200,2072.2,2084.8,2071.9,2072.4,142707
1783396500,2072.4,2073.9,2065.0,2073.9,79734
1783396800,2073.9,2073.9,2068.0,2070.0,39733
1783397100,2070.3,2079.5,2069.5,2077.5,66885
1783397400,2078.0,2083.7,2075.0,2080.3,72788
1783397700,2080.3,2089.7,2078.9,2086.9,117634
1783398000,2086.9,2090.0,2085.0,2086.0,54625
1783398300,2085.4,2093.9,2080.8,2093.6,125426
1783398600,2093.6,2101.2,2093.0,2098.0,162194
1783398900,2097.5,2104.9,2093.0,2102.3,108276
1783399200,2102.2,2106.9,2101.1,2104.3,108949
1783399500,2104.8,2107.1,2102.1,2104.1,66223
1783399800,2104.6,2122.7,2104.6,2115.1,381510
1783400100,2115.2,2120.0,2111.4,2112.0,108516
1783400400,2111.3,2112.3,2105.8,2108.1,67407
1783400700,2108.6,2108.9,2100.0,2100.5,58054
1783401000,2100.5,2107.2,2097.6,2098.8,81093
1783401300,2099.4,2103.2,2096.8,2101.2,58665
1783401600,2101.2,2101.2,2098.1,2100.0,24958
1783401900,2098.9,2100.5,2097.3,2099.5,25932
1783402200,2099.6,2106.9,2099.0,2105.9,51253
1783402500,2106.0,2110.0,2105.0,2109.2,45808
1783402800,2109.8,2113.9,2108.4,2113.0,41958
1783403100,2113.3,2116.0,2106.0,2106.5,75548
1783403400,2106.1,2108.9,2104.0,2106.2,37498
1783403700,2106.0,2109.5,2105.7,2106.5,23738
1783404000,2106.5,2110.0,2104.7,2106.5,56855
1783404300,2106.7,2110.3,2104.7,2110.2,24623
1783404600,2110.4,2113.5,2108.4,2110.9,50432
1783404900,2110.9,2113.5,2106.6,2107.1,55460
1783405200,2107.3,2110.4,2107.3,2109.0,28466
1783405500,2109.0,2112.0,2108.9,2110.4,26735
1783405800,2110.3,2112.1,2110.2,2111.6,29587
1783406100,2111.5,2112.0,2109.1,2110.0,28115
1783406400,2110.0,2110.8,2102.4,2103.1,41556
1783406700,2103.2,2106.6,2101.5,2105.4,111831
1783407000,2105.8,2107.0,2103.0,2105.0,41273
1783407300,2105.7,2105.7,2100.3,2100.6,21115
1783407600,2100.6,2101.9,2096.1,2098.0,52802
1783407900,2098.2,2102.3,2096.0,2098.1,117962
1783408200,2098.1,2098.8,2096.3,2098.0,31386
1783408500,2098.0,2098.1,2095.6,2096.6,31387
1783408800,2096.2,2102.4,2095.5,2102.4,89433
1783409100,2102.0,2103.9,2097.0,2097.8,57204
1783409400,2098.0,2099.9,2097.0,2098.0,21692
1783409700,2098.0,2099.7,2097.0,2098.2,14860
1783410000,2098.3,2099.0,2096.0,2097.2,31358
1783410300,2097.7,2098.0,2094.0,2095.1,25828
1783410600,2095.1,2096.0,2093.8,2095.1,19232
1783410900,2095.1,2096.0,2093.9,2095.7,19796
1783411200,2095.7,2096.0,2093.3,2094.0,17798
1783411500,2094.0,2097.8,2094.0,2095.5,70347
1783411800,2095.5,2097.7,2095.1,2096.5,37402
1783412100,2096.5,2099.5,2096.0,2098.5,23429
1783412400,2098.1,2102.0,2097.0,2100.4,31715
1783412700,2100.6,2104.8,2100.6,2103.4,37842
1783413000,2103.3,2103.8,2100.4,2102.2,30926
1783413300,2102.2,2108.8,2102.0,2108.2,53462
1783413600,2108.2,2111.0,2106.9,2108.8,53804
1783413900,2108.9,2110.8,2107.9,2108.6,55183
1783414200,2108.6,2108.6,2105.0,2105.0,52778
1783414500,2105.0,2106.4,2102.9,2104.0,40514
1783414800,2104.0,2105.5,2102.7,2103.8,28195
1783415100,2103.5,2103.8,2099.8,2099.8,51034
1783415400,2099.7,2103.5,2098.7,2102.8,32713
1783415700,2103.1,2103.5,2100.0,2102.2,27516
1783416000,2102.3,2102.6,2100.0,2100.8,23190
1783416300,2100.8,2102.6,2099.5,2100.3,43990
1783416600,2100.3,2100.6,2095.3,2097.0,85979
1783416900,2097.0,2099.0,2094.1,2096.4,125583
1783417200,2096.3,2097.8,2095.5,2096.5,74603
1783417500,2096.8,2097.6,2095.2,2097.0,99594
1783417800,2097.1,2097.2,2094.0,2096.0,103161
1783418100,2095.3,2097.0,2094.0,2095.9,104427
1783482300,2094.0,2109.7,2086.7,2099.7,238628
1783482600,2099.5,2105.0,2099.1,2100.2,88799
1783482900,2100.2,2103.0,2095.1,2098.9,61016
1783483200,2098.9,2098.9,2091.0,2092.2,55674
1783483500,2092.6,2092.7,2081.0,2081.0,125546
1783483800,2081.0,2083.9,2081.0,2083.0,38113
1783484100,2082.4,2084.1,2081.0,2082.7,30962
1783484400,2082.0,2083.0,2078.5,2079.8,44053
1783484700,2079.7,2088.0,2079.0,2085.8,118850
1783485000,2085.8,2089.9,2085.4,2085.4,32152
1783485300,2086.5,2086.6,2080.1,2080.3,27431
1783485600,2080.3,2087.2,2080.3,2084.0,19165
1783485900,2083.6,2084.1,2076.0,2080.0,39392
1783486200,2079.9,2081.1,2074.0,2074.8,37568
1783486500,2075.1,2082.0,2074.9,2080.0,36595
1783486800,2080.9,2081.8,2079.2,2080.0,18540
1783487100,2079.9,2084.6,2078.3,2084.3,37468
1783487400,2084.3,2090.0,2083.6,2085.4,52874
1783487700,2085.4,2088.0,2085.0,2085.8,28804
1783488000,2085.8,2091.5,2083.3,2090.8,33232
1783488300,2090.7,2096.8,2090.7,2092.3,63346
1783488600,2092.3,2093.5,2090.8,2091.8,13922
1783488900,2092.2,2092.2,2085.9,2087.1,48556
1783489200,2087.3,2093.0,2084.8,2092.7,48071
1783489500,2092.7,2104.0,2092.7,2100.9,80877
1783489800,2101.7,2101.7,2096.0,2097.0,61555
1783490100,2097.2,2098.1,2095.5,2096.9,25603
1783490400,2097.2,2097.5,2096.0,2096.7,18884
1783490700,2096.9,2097.1,2092.8,2096.9,38698
1783491000,2096.3,2096.3,2089.9,2089.9,85639
1783491300,2089.9,2091.1,2087.4,2089.3,22209
1783491600,2089.6,2091.8,2087.1,2090.5,24232
1783491900,2090.5,2090.6,2088.0,2090.5,14459
1783492200,2090.4,2090.7,2087.3,2087.4,13423
1783492500,2087.4,2088.3,2085.4,2086.0,22335
1783492800,2086.0,2089.0,2084.4,2085.7,16760
1783493100,2085.6,2088.1,2085.0,2087.7,16733
1783493400,2087.8,2088.0,2084.0,2084.3,14711
1783493700,2084.0,2086.0,2084.0,2084.1,16150
1783494000,2084.2,2084.3,2082.0,2082.2,18615
1783494300,2082.2,2082.3,2080.1,2081.1,26485
1783494600,2081.0,2082.8,2080.0,2082.8,17592
1783494900,2082.2,2083.7,2080.2,2081.3,40987
1783495200,2081.3,2082.9,2080.0,2081.3,19402
1783495500,2081.3,2082.3,2080.1,2080.1,14375
1783495800,2080.2,2080.5,2077.0,2078.3,40576
1783496100,2078.3,2078.4,2077.0,2077.4,17867
1783496400,2077.3,2081.0,2077.0,2078.7,43530
1783496700,2079.2,2083.0,2079.0,2081.7,20213
1783497000,2081.6,2082.0,2078.2,2080.3,18927
1783497300,2079.7,2080.8,2078.3,2080.1,18399
1783497600,2079.8,2080.7,2079.2,2080.1,12073
1783497900,2079.8,2081.3,2079.3,2080.0,14784
1783498200,2079.5,2082.0,2078.7,2081.2,15724
1783498500,2081.0,2081.7,2074.0,2076.0,68007
1783498800,2076.0,2077.1,2072.1,2072.8,32812
1783499100,2072.8,2074.1,2070.0,2070.4,42508
1783499400,2070.0,2072.5,2068.4,2070.1,35975
1783499700,2069.7,2069.8,2063.2,2064.2,47433
1783500000,2064.2,2065.8,2060.3,2062.2,45443
1783500300,2062.2,2066.3,2060.0,2061.3,52442
1783500600,2061.7,2063.6,2060.2,2062.2,38484
1783500900,2062.3,2062.3,2057.0,2057.9,35992
1783501200,2058.2,2060.3,2055.2,2056.2,43122
1783501500,2055.0,2058.0,2055.0,2056.8,59051
1783501800,2056.8,2058.4,2055.4,2057.4,32459
1783502100,2056.8,2058.9,2053.0,2054.1,43140
1783502400,2054.1,2054.3,2050.8,2052.6,46329
1783502700,2052.7,2053.6,2050.5,2051.3,41733
1783503000,2051.8,2056.8,2051.2,2051.5,101999
1783503300,2051.6,2053.2,2048.8,2050.0,99208
1783503600,2049.6,2062.3,2049.6,2062.2,166344
1783503900,2062.1,2064.0,2059.0,2060.2,144455
1783504200,2060.0,2063.2,2057.0,2057.0,158003
1783504500,2056.8,2061.6,2055.9,2059.6,134748
1783568700,2057.5,2065.0,2017.4,2020.5,268180
1783569000,2019.9,2029.5,2016.0,2029.4,120543
1783569300,2029.4,2029.4,2024.1,2027.0,64124
1783569600,2027.3,2035.5,2026.0,2033.7,89685
1783569900,2033.8,2035.9,2029.4,2033.4,63495
1783570200,2033.3,2040.0,2033.3,2037.7,77246
1783570500,2038.2,2038.4,2031.1,2032.5,65012
1783570800,2032.0,2036.0,2031.3,2032.9,36490
1783571100,2032.6,2037.0,2032.1,2035.5,34371
1783571400,2035.5,2036.9,2033.0,2033.0,31329
1783571700,2033.5,2036.0,2031.0,2035.0,47717
1783572000,2034.7,2036.7,2030.5,2032.5,35069
1783572300,2032.6,2033.4,2030.1,2030.9,28579
1783572600,2030.7,2037.0,2029.8,2036.2,37406
1783572900,2036.2,2037.4,2034.0,2036.9,38166
1783573200,2037.0,2043.6,2037.0,2042.6,57608
1783573500,2041.9,2042.9,2035.7,2040.0,50343
1783573800,2040.0,2046.0,2038.1,2039.5,60824
1783574100,2038.8,2039.9,2032.0,2033.1,41452
1783574400,2033.8,2036.0,2031.0,2035.5,23643
1783574700,2035.4,2037.2,2033.3,2035.2,20767
1783575000,2034.1,2036.0,2031.6,2034.9,53778
1783575300,2034.5,2035.9,2031.3,2033.6,23638
1783575600,2032.8,2034.8,2031.7,2033.0,14032
1783575900,2033.0,2034.0,2032.0,2033.3,16601
1783576200,2033.3,2034.8,2032.3,2033.6,18306
1783576500,2034.5,2036.5,2033.0,2036.0,32987
1783576800,2035.1,2037.8,2035.0,2035.5,23980
1783577100,2035.8,2037.0,2033.5,2035.6,35198
1783577400,2035.3,2041.9,2034.9,2041.0,49187
1783577700,2041.0,2045.0,2039.2,2042.6,48419
1783578000,2042.6,2046.0,2042.0,2044.6,35072
1783578300,2044.6,2049.0,2044.6,2046.0,54228
1783578600,2045.3,2049.0,2044.5,2048.8,33663
1783578900,2048.9,2050.0,2043.0,2047.0,46218
1783579200,2046.3,2047.5,2043.5,2045.3,23431
1783579500,2045.3,2048.9,2043.4,2047.5,34674
1783579800,2047.5,2051.7,2044.7,2050.9,36398
1783580100,2050.5,2052.7,2047.0,2047.2,63670
1783580400,2047.1,2050.0,2045.0,2045.5,24245
1783580700,2045.5,2048.3,2044.0,2046.2,25673
1783581000,2045.4,2046.3,2042.1,2044.4,30904
1783581300,2045.0,2058.9,2044.4,2058.5,81150
1783581600,2058.5,2059.1,2053.5,2055.6,59808
1783581900,2054.5,2056.3,2051.6,2051.6,29877
1783582200,2051.6,2055.2,2050.0,2053.7,30356
1783582500,2053.5,2053.8,2050.0,2053.4,22903
1783582800,2052.5,2053.7,2049.7,2051.3,25357
1783583100,2051.0,2052.8,2047.4,2049.7,38731
1783583400,2049.8,2053.3,2046.7,2050.2,75218
1783583700,2049.1,2052.9,2048.0,2049.6,34035
1783584000,2049.6,2053.0,2048.4,2052.4,23287
1783584300,2052.5,2053.5,2050.4,2052.8,28435
1783584600,2052.7,2053.0,2050.5,2051.6,18673
1783584900,2051.0,2051.6,2048.1,2048.8,35993
1783585200,2049.3,2050.5,2048.0,2049.2,23453
1783585500,2049.1,2053.0,2049.0,2051.2,34200
1783585800,2051.2,2053.3,2049.5,2051.1,20614
1783586100,2051.5,2053.3,2050.4,2052.0,28222
1783586400,2051.4,2056.8,2050.6,2054.9,106835
1783586700,2055.0,2057.9,2051.0,2054.0,91997
1783587000,2054.4,2054.8,2050.0,2052.5,23193
1783587300,2052.3,2055.0,2052.2,2053.9,33756
1783587600,2053.9,2058.8,2051.6,2057.4,47029
1783587900,2057.0,2058.0,2054.2,2056.2,36137
1783588200,2056.5,2056.7,2052.0,2054.9,36789
1783588500,2054.1,2055.3,2053.5,2054.7,19183
1783588800,2054.0,2056.0,2054.0,2054.6,29777
1783589100,2054.8,2059.9,2054.4,2059.0,52430
1783589400,2058.8,2059.3,2046.2,2047.1,110852
1783589700,2047.0,2050.1,2042.9,2046.1,141807
1783590000,2046.1,2047.8,2043.7,2044.3,108881
1783590300,2044.6,2050.4,2044.1,2049.6,90466
1783590600,2050.2,2055.0,2049.0,2054.3,94871
1783590900,2054.3,2061.3,2053.5,2059.0,95047
1783655100,2105.2,2133.3,2104.6,2123.0,1113604
1783655400,2123.4,2124.9,2095.8,2098.9,513548
1783655700,2097.0,2099.6,2083.4,2087.8,353735
1783656000,2088.4,2089.3,2072.0,2079.3,390106
1783656300,2079.3,2091.0,2079.0,2089.9,232081
1783656600,2090.7,2093.9,2083.0,2083.3,193768
1783656900,2083.3,2088.8,2083.0,2084.8,101306
1783657200,2084.8,2088.0,2078.7,2080.0,104853
1783657500,2079.5,2086.9,2074.2,2085.8,140837
1783657800,2085.9,2096.2,2084.0,2092.8,132857
1783658100,2092.8,2092.9,2088.0,2090.0,71045
1783658400,2090.0,2095.0,2087.4,2091.7,83209
1783658700,2091.8,2093.0,2086.2,2088.0,53531
1783659000,2088.0,2088.3,2083.3,2085.1,66644
1783659300,2085.3,2085.6,2081.0,2084.8,53413
1783659600,2084.1,2084.7,2076.2,2079.3,102449
1783659900,2079.2,2080.0,2076.0,2079.4,53804
1783660200,2079.6,2082.1,2079.0,2080.0,54970
1783660500,2080.1,2080.1,2073.3,2076.2,120671
1783660800,2076.3,2077.0,2074.3,2075.1,42677
1783661100,2075.2,2075.3,2068.6,2072.3,118328
1783661400,2072.3,2073.9,2070.6,2072.0,52632
1783661700,2071.7,2074.8,2071.7,2073.6,34957
1783662000,2073.6,2074.0,2070.0,2070.4,57422
1783662300,2070.5,2072.9,2068.8,2071.3,47514
1783662600,2071.4,2076.0,2070.6,2074.2,52605
1783662900,2074.3,2075.0,2071.4,2071.9,27854
1783663200,2072.0,2076.5,2071.4,2076.5,20559
1783663500,2076.7,2077.0,2071.5,2072.4,35842
1783663800,2072.6,2074.2,2070.1,2074.0,31769
1783664100,2074.0,2074.6,2071.1,2072.4,26877
1783664400,2072.4,2072.7,2065.3,2067.1,91369
1783664700,2067.0,2068.5,2066.0,2066.1,54757
1783665000,2066.3,2071.0,2066.0,2069.9,50460
1783665300,2069.9,2072.9,2068.6,2071.3,33613
1783665600,2071.3,2072.5,2070.2,2072.0,23841
1783665900,2072.1,2074.9,2071.4,2073.0,25577
1783666200,2073.0,2077.8,2072.7,2076.7,48442
1783666500,2076.7,2077.9,2075.0,2077.1,42259
1783666800,2077.5,2078.0,2075.0,2076.8,29970
1783667100,2076.9,2078.5,2075.6,2076.3,21287
1783667400,2076.4,2076.4,2072.9,2074.2,30630
1783667700,2074.3,2074.5,2072.0,2072.9,21074
1783668000,2072.5,2076.2,2072.0,2074.8,30456
1783668300,2074.8,2075.6,2072.1,2073.2,28684
1783668600,2074.0,2077.8,2072.2,2077.5,42432
1783668900,2077.5,2079.5,2076.4,2076.9,41002
1783669200,2077.3,2077.9,2075.7,2076.7,23320
1783669500,2076.8,2078.0,2075.0,2075.3,19270
1783669800,2075.4,2076.2,2072.2,2072.8,24432
1783670100,2072.9,2077.4,2072.7,2076.0,31753
1783670400,2075.9,2077.0,2075.8,2076.7,15622
1783670700,2076.8,2078.6,2075.7,2078.0,23851
1783671000,2078.0,2079.0,2076.5,2076.8,19120
1783671300,2076.0,2078.5,2075.9,2076.0,22792
1783671600,2076.6,2077.1,2074.4,2075.2,27953
1783671900,2075.3,2077.7,2073.3,2074.0,36764
1783672200,2074.0,2074.9,2070.1,2074.2,43502
1783672500,2074.2,2074.2,2070.8,2072.5,23705
1783672800,2072.5,2072.9,2068.3,2068.5,40769
1783673100,2068.7,2071.2,2068.5,2071.2,39829
1783673400,2071.0,2072.0,2069.7,2071.7,26653
1783673700,2071.7,2075.5,2071.7,2074.6,43182
1783674000,2074.6,2074.6,2072.7,2073.1,26395
1783674300,2073.1,2074.5,2072.7,2073.3,25534
1783674600,2073.9,2074.0,2070.4,2071.4,31309
1783674900,2071.0,2072.9,2069.0,2069.7,38097
1783675200,2069.5,2072.7,2068.0,2070.7,46084
1783675500,2070.7,2071.7,2068.2,2070.0,32188
1783675800,2069.3,2070.0,2066.3,2066.4,83542
1783676100,2066.4,2074.0,2066.0,2073.8,126374
1783676400,2073.9,2074.0,2071.1,2072.1,116828
1783676700,2072.1,2072.1,2066.6,2068.9,153078
1783677000,2068.9,2069.4,2065.0,2065.8,199976
1783677300,2065.7,2069.0,2064.6,2068.0,179682
1783914300,2075.0,2106.9,2065.1,2102.8,493330
1783914600,2102.3,2109.0,2093.3,2095.3,183858
1783914900,2096.0,2098.0,2092.7,2097.0,112692
1783915200,2097.0,2102.0,2091.2,2095.1,98444
1783915500,2095.1,2112.6,2095.1,2112.5,240790
1783915800,2112.5,2116.4,2108.7,2113.3,195279
1783916100,2114.1,2126.9,2111.5,2125.4,262659
1783916400,2125.6,2129.0,2123.3,2124.8,231069
1783916700,2125.0,2126.9,2120.0,2120.4,240626
1783917000,2120.8,2125.5,2119.0,2122.0,85927
1783917300,2122.0,2124.0,2117.4,2121.8,90739
1783917600,2121.8,2123.0,2119.9,2121.2,44583
1783917900,2121.5,2123.0,2117.0,2119.6,61765
1783918200,2119.5,2122.8,2116.0,2117.6,55791
1783918500,2117.6,2126.0,2117.1,2125.0,98196
1783918800,2125.0,2127.7,2123.5,2125.1,97673
1783919100,2125.1,2126.5,2124.0,2125.5,89207
1783919400,2125.6,2127.3,2124.7,2127.0,162211
1783919700,2126.8,2139.3,2126.0,2136.8,288494
1783920000,2136.4,2143.2,2135.1,2136.8,172462
1783920300,2136.6,2137.3,2133.4,2135.0,72247
1783920600,2135.0,2138.9,2133.5,2138.8,141682
1783920900,2138.5,2146.4,2138.0,2146.2,232195
1783921200,2145.6,2149.4,2145.0,2147.7,183620
1783921500,2147.8,2156.5,2146.2,2155.8,207008
1783921800,2155.8,2155.9,2151.0,2151.0,91360
1783922100,2151.0,2159.5,2150.1,2158.9,183904
1783922400,2158.5,2165.0,2158.0,2161.8,202413
1783922700,2161.3,2167.6,2159.2,2160.6,204672
1783923000,2159.9,2165.0,2157.5,2160.5,192126
1783923300,2160.8,2165.8,2160.5,2165.1,101000
1783923600,2165.0,2180.0,2165.0,2176.4,395649
1783923900,2177.0,2199.9,2175.6,2188.0,647891
1783924200,2187.5,2188.0,2181.8,2183.5,210249
1783924500,2183.4,2193.2,2183.0,2192.0,239430
1783924800,2192.1,2198.3,2190.9,2193.0,554586
1783925100,2193.4,2195.0,2185.2,2185.3,236821
1783925400,2186.0,2189.9,2184.0,2189.1,156416
1783925700,2189.1,2189.7,2182.0,2184.6,121256
1783926000,2184.6,2194.0,2183.7,2193.9,226344
1783926300,2193.9,2202.0,2193.6,2195.0,331577
1783926600,2194.4,2195.7,2191.4,2193.0,123942
1783926900,2193.2,2196.0,2192.0,2195.0,109927
1783927200,2195.8,2204.9,2194.9,2202.3,436215
1783927500,2202.3,2204.5,2195.1,2197.9,200845
1783927800,2197.4,2199.5,2194.1,2198.2,99257
1783928100,2198.2,2200.3,2196.3,2197.5,92925
1783928400,2197.5,2198.8,2195.2,2195.7,73694
1783928700,2195.6,2195.7,2187.6,2191.0,182256
1783929000,2190.8,2191.9,2186.0,2186.7,111510
1783929300,2186.7,2188.0,2185.0,2185.8,92401
1783929600,2185.0,2188.9,2184.3,2186.3,157906
1783929900,2186.3,2188.2,2184.1,2187.0,123063
1783930200,2186.9,2188.9,2183.0,2184.8,99251
1783930500,2184.0,2185.5,2181.1,2182.2,78510
1783930800,2182.2,2184.9,2179.1,2180.0,113975
1783931100,2179.7,2182.7,2179.7,2180.6,60841
1783931400,2181.0,2182.9,2180.1,2182.0,62410
1783931700,2182.0,2186.0,2181.1,2184.7,87197
1783932000,2184.7,2185.5,2179.1,2181.2,151207
1783932300,2181.0,2182.0,2179.5,2181.0,56305
1783932600,2180.9,2184.3,2180.6,2182.8,96206
1783932900,2182.7,2183.3,2180.6,2181.0,59221
1783933200,2181.6,2183.0,2180.1,2181.8,66320
1783933500,2181.1,2183.3,2180.1,2182.9,68936
1783933800,2183.0,2185.2,2182.3,2184.4,66773
1783934100,2184.9,2188.4,2183.0,2184.8,120177
1783934400,2184.2,2184.9,2182.1,2183.5,142762
1783934700,2183.7,2185.0,2182.1,2184.5,65485
1783935000,2183.1,2183.9,2180.2,2181.3,150382
1783935300,2181.3,2182.3,2180.1,2180.2,97027
1783935600,2180.2,2181.6,2180.1,2181.1,101643
1783935900,2181.0,2184.8,2180.5,2180.7,210903
1783936200,2180.5,2182.0,2180.3,2181.8,194130
1783936500,2181.9,2182.9,2180.9,2182.9,136301
1784000700,2182.9,2204.0,2179.0,2202.5,475140
1784001000,2202.5,2228.0,2201.1,2213.0,654165
1784001300,2212.2,2226.9,2211.2,2226.0,388323
1784001600,2225.6,2225.7,2207.0,2208.3,346853
1784001900,2207.9,2208.5,2202.8,2205.5,218910
1784002200,2205.5,2206.2,2201.0,2201.3,139759
1784002500,2201.3,2205.0,2193.7,2204.8,221880
1784002800,2204.5,2206.7,2200.0,2200.2,94420
1784003100,2200.2,2204.0,2198.0,2199.6,68170
1784003400,2199.6,2200.8,2193.1,2193.7,86901
1784003700,2193.9,2199.7,2193.2,2198.1,79147
1784004000,2198.0,2199.1,2192.4,2192.4,89371
1784004300,2192.8,2196.0,2187.3,2190.7,106032
1784004600,2190.8,2194.5,2190.6,2193.9,52895
1784004900,2193.8,2211.6,2190.0,2210.0,320839
1784005200,2210.0,2214.0,2203.4,2205.9,548963
1784005500,2205.2,2207.0,2201.4,2205.0,92208
1784005800,2205.0,2205.0,2197.0,2198.3,71273
1784006100,2198.2,2199.7,2193.9,2198.2,91100
1784006400,2198.5,2199.0,2192.8,2197.7,70121
1784006700,2197.7,2203.1,2197.2,2200.5,80573
1784007000,2200.9,2204.4,2197.8,2198.0,93452
1784007300,2198.3,2202.7,2197.7,2202.3,57141
1784007600,2202.3,2204.0,2200.7,2202.1,49056
1784007900,2202.1,2202.5,2200.0,2201.3,63751
1784008200,2201.3,2201.3,2197.5,2199.8,62027
1784008500,2199.8,2200.8,2197.0,2198.8,68513
1784008800,2198.8,2199.1,2195.3,2197.3,70336
1784009100,2197.3,2199.0,2195.1,2198.5,59673
1784009400,2198.5,2200.7,2197.7,2199.8,78958
1784009700,2199.8,2201.0,2195.9,2196.3,46754
1784010000,2196.2,2198.9,2194.0,2194.4,95205
1784010300,2194.8,2197.8,2190.0,2196.3,166690
1784010600,2196.2,2198.0,2190.5,2190.5,64180
1784010900,2190.9,2192.9,2186.0,2186.5,106032
1784011200,2186.5,2187.2,2182.2,2182.2,89531
1784011500,2182.7,2186.0,2182.0,2183.7,56306
1784011800,2183.7,2189.5,2183.1,2187.2,56941
1784012100,2187.2,2188.9,2185.3,2187.5,40902
1784012400,2187.9,2188.2,2185.4,2185.6,41555
1784012700,2186.2,2187.8,2183.5,2186.0,55636
1784013000,2186.0,2189.6,2185.1,2186.2,57620
1784013300,2186.2,2190.6,2185.0,2190.6,70104
1784013600,2190.6,2192.2,2187.2,2189.2,77885
1784013900,2189.2,2191.3,2188.6,2189.2,56959
1784014200,2189.1,2191.0,2186.5,2188.6,67175
1784014500,2189.2,2190.3,2186.0,2188.2,49731
1784014800,2188.1,2188.9,2185.7,2186.3,50817
1784015100,2186.3,2189.3,2185.1,2188.9,62765
1784015400,2188.9,2190.0,2187.6,2189.3,66316
1784015700,2189.3,2192.4,2186.0,2192.1,105179
1784016000,2192.0,2192.1,2190.0,2190.6,47178
1784016300,2190.6,2191.5,2190.0,2190.9,71703
1784016600,2191.0,2192.0,2190.0,2192.0,40905
1784016900,2192.0,2195.9,2191.9,2195.4,79234
1784017200,2195.4,2196.0,2191.2,2192.7,71734
1784017500,2192.7,2195.0,2190.7,2194.1,49223
1784017800,2194.2,2194.5,2191.0,2191.9,102318
1784018100,2192.0,2192.8,2190.0,2192.0,184611
1784018400,2192.1,2198.2,2192.1,2197.8,84600
1784018700,2198.0,2201.0,2196.0,2198.2,228030
1784019000,2198.2,2198.9,2195.2,2197.6,103024
1784019300,2197.6,2198.8,2195.6,2196.2,65879
1784019600,2196.2,2198.4,2195.5,2197.7,51221
1784019900,2198.0,2202.6,2197.0,2202.5,115757
1784020200,2202.4,2204.4,2198.2,2198.2,93068
1784020500,2198.2,2199.2,2194.5,2198.0,110491
1784020800,2197.6,2199.7,2196.5,2197.8,107023
1784021100,2197.8,2201.0,2196.3,2196.4,116285
1784021400,2197.0,2199.6,2193.0,2196.0,168211
1784021700,2195.4,2202.5,2195.3,2200.0,286167
1784022000,2200.0,2201.5,2197.9,2200.2,254319
1784022300,2200.4,2203.1,2200.0,2203.0,207132
1784022600,2203.0,2205.1,2198.4,2200.1,371890
1784022900,2200.0,2200.5,2195.0,2197.0,120555
1784087100,2174.1,2174.1,2145.4,2151.4,352312
1784087400,2151.4,2168.0,2146.0,2166.0,163447
1784087700,2166.4,2185.0,2165.0,2180.9,187343
1784088000,2181.0,2187.0,2178.0,2179.6,355181
1784088300,2180.0,2180.5,2168.8,2169.8,103751
1784088600,2169.5,2174.0,2165.7,2172.9,75570
1784088900,2173.2,2176.9,2171.0,2172.3,42469
1784089200,2172.4,2178.0,2170.8,2172.6,39886
1784089500,2172.0,2177.3,2171.6,2175.0,48479
1784089800,2174.9,2182.6,2173.2,2179.3,61768
1784090100,2179.3,2181.0,2178.2,2178.4,21617
1784090400,2179.1,2198.8,2178.2,2197.0,206662
1784090700,2197.5,2202.9,2193.0,2196.6,247851
1784091000,2196.6,2197.8,2190.0,2195.0,66288
1784091300,2194.6,2197.4,2191.2,2193.6,37119
1784091600,2193.6,2194.4,2184.0,2185.9,73080
1784091900,2185.0,2186.4,2180.1,2186.4,54996
1784092200,2186.9,2193.1,2186.9,2189.3,67108
1784092500,2189.3,2191.6,2186.3,2190.6,32292
1784092800,2191.3,2192.1,2182.6,2183.5,49541
1784093100,2183.3,2187.8,2182.5,2184.9,32460
1784093400,2184.8,2188.0,2184.1,2186.2,39894
1784093700,2186.2,2189.0,2186.1,2187.0,16685
1784094000,2187.0,2187.5,2182.4,2183.3,19671
1784094300,2183.3,2187.9,2183.3,2187.2,21163
1784094600,2187.3,2188.3,2184.2,2186.2,20984
1784094900,2186.3,2191.2,2186.3,2188.3,45888
1784095200,2188.4,2191.0,2187.5,2189.2,81990
1784095500,2189.2,2194.8,2187.9,2193.7,41254
1784095800,2193.7,2194.5,2190.8,2191.4,26965
1784096100,2191.4,2191.9,2190.1,2190.7,18542
1784096400,2191.0,2191.4,2187.4,2188.4,54375
1784096700,2188.6,2190.1,2187.7,2190.0,16433
1784097000,2189.7,2190.8,2188.6,2190.5,18473
1784097300,2190.3,2192.9,2190.3,2191.4,36925
1784097600,2191.4,2191.6,2188.8,2191.0,18307
1784097900,2191.0,2192.0,2189.2,2191.4,19247
1784098200,2191.5,2192.3,2190.3,2192.2,59001
1784098500,2192.0,2192.8,2190.2,2191.3,117611
1784098800,2191.8,2192.5,2189.9,2191.0,79332
1784099100,2191.0,2192.9,2187.5,2191.0,121519
1784099400,2191.0,2192.0,2189.5,2191.7,37794
1784099700,2192.0,2192.6,2187.5,2187.5,52789
1784100000,2187.5,2189.8,2187.5,2188.1,26691
1784100300,2188.1,2188.4,2173.6,2180.0,178202
1784100600,2179.0,2184.0,2177.8,2182.6,47700
1784100900,2183.0,2184.4,2180.6,2183.6,51824
1784101200,2183.6,2185.0,2183.0,2185.0,20096
1784101500,2185.0,2188.0,2184.2,2187.4,41226
1784101800,2187.4,2188.0,2184.8,2187.0,25555
1784102100,2187.6,2187.9,2186.2,2187.0,15917
1784102400,2187.1,2187.2,2184.6,2186.9,31353
1784102700,2186.9,2188.0,2186.0,2187.2,21600
1784103000,2187.6,2189.4,2186.5,2188.0,22799
1784103300,2188.0,2188.9,2184.0,2184.6,65887
1784103600,2185.0,2188.0,2182.3,2187.9,49267
1784103900,2187.4,2196.7,2186.5,2195.9,66051
1784104200,2195.2,2198.9,2193.0,2193.3,94519
1784104500,2193.3,2195.0,2191.4,2192.8,40736
1784104800,2192.6,2194.8,2191.1,2193.6,22851
1784105100,2193.6,2195.9,2193.4,2195.3,35495
1784105400,2195.0,2195.8,2191.6,2192.6,34555
1784105700,2192.6,2195.2,2191.8,2193.8,27242
1784106000,2193.8,2194.7,2192.2,2193.0,32926
1784106300,2193.0,2194.9,2192.5,2194.6,32268
1784106600,2194.2,2198.1,2193.0,2197.5,46412
1784106900,2197.0,2197.5,2192.0,2192.1,67319
1784107200,2192.1,2192.8,2190.1,2192.8,54530
1784107500,2192.8,2192.9,2188.2,2188.4,46856
1784107800,2188.4,2193.4,2187.0,2190.2,169913
1784108100,2190.2,2192.8,2190.0,2192.1,139786
1784108400,2192.4,2192.5,2188.1,2188.1,254352
1784108700,2188.6,2188.6,2183.6,2184.3,104999
1784109000,2184.3,2188.1,2184.3,2187.7,130074
1784109300,2187.6,2189.4,2183.9,2187.0,102164
1784173500,2206.0,2221.3,2195.0,2215.1,246314
1784173800,2215.9,2217.9,2203.9,2208.3,89165
1784174100,2208.4,2208.8,2202.0,2203.1,59806
1784174400,2203.3,2204.7,2195.0,2195.7,73206
1784174700,2195.7,2198.9,2193.9,2197.4,69310
1784175000,2197.0,2203.3,2195.9,2200.8,102106
1784175300,2201.0,2203.4,2192.5,2194.8,83397
1784175600,2195.0,2199.4,2187.8,2199.2,93745
1784175900,2199.2,2211.4,2199.2,2206.7,143678
1784176200,2206.0,2214.0,2205.7,2211.0,103870
1784176500,2211.8,2212.8,2204.0,2204.0,79349
1784176800,2204.5,2207.7,2201.0,2207.7,37673
1784177100,2207.7,2213.5,2207.1,2209.5,86669
1784177400,2209.7,2210.9,2205.1,2210.0,45914
1784177700,2210.1,2213.0,2209.9,2210.3,51224
1784178000,2210.2,2213.0,2209.0,2210.8,62117
1784178300,2210.8,2213.8,2209.5,2213.8,34704
1784178600,2213.9,2216.3,2209.8,2210.2,61136
1784178900,2209.7,2213.6,2209.7,2213.4,24145
1784179200,2213.5,2216.5,2213.0,2213.0,107651
1784179500,2213.0,2214.0,2210.1,2212.6,30975
1784179800,2213.1,2216.3,2212.5,2215.0,112795
1784180100,2214.8,2217.7,2213.9,2216.3,140544
1784180400,2216.3,2216.9,2214.2,2215.1,52022
1784180700,2215.1,2215.5,2213.4,2214.0,89370
1784181000,2214.0,2217.0,2214.0,2214.9,49143
1784181300,2215.1,2218.0,2212.0,2217.0,158769
1784181600,2216.8,2216.8,2215.0,2215.9,26248
1784181900,2215.9,2216.9,2215.0,2215.3,28663
1784182200,2215.2,2216.5,2215.0,2216.0,31682
1784182500,2216.2,2218.9,2215.0,2218.3,38000
1784182800,2218.4,2227.0,2217.0,2226.3,210473
1784183100,2226.5,2229.0,2222.9,2228.6,196259
1784183400,2228.6,2231.4,2225.0,2227.8,193412
1784183700,2227.9,2228.8,2225.0,2225.2,90254
1784184000,2225.6,2225.6,2217.3,2220.0,150536
1784184300,2220.0,2221.8,2218.0,2221.0,50414
1784184600,2221.4,2225.2,2221.0,2223.0,55836
1784184900,2223.0,2227.0,2222.7,2225.5,35492
1784185200,2225.6,2226.3,2224.7,2225.2,33056
1784185500,2225.2,2226.8,2225.0,2225.1,28203
1784185800,2225.2,2227.5,2225.0,2225.3,43427
1784186100,2225.6,2226.7,2222.1,2222.1,49212
1784186400,2222.2,2222.2,2216.3,2217.0,91204
1784186700,2217.5,2218.0,2215.0,2216.7,46731
1784187000,2216.3,2217.6,2214.6,2216.3,48538
1784187300,2216.5,2218.0,2215.5,2215.8,35325
1784187600,2215.8,2220.3,2215.5,2216.8,51012
1784187900,2217.0,2217.0,2214.0,2215.8,33112
1784188200,2215.8,2216.6,2213.6,2214.0,29452
1784188500,2214.4,2214.4,2211.8,2213.0,53181
1784188800,2213.0,2214.0,2211.8,2212.7,32029
1784189100,2213.2,2213.4,2210.3,2210.9,24716
1784189400,2211.3,2214.0,2210.0,2211.9,57811
1784189700,2212.3,2214.5,2210.1,2211.1,37848
1784190000,2211.1,2214.4,2210.5,2211.3,31740
1784190300,2211.3,2215.0,2211.3,2214.6,30714
1784190600,2214.6,2214.7,2211.4,2213.0,30524
1784190900,2213.2,2214.5,2212.8,2213.7,17690
1784191200,2214.0,2215.0,2212.6,2213.6,32211
1784191500,2213.6,2215.0,2213.2,2214.9,18168
1784191800,2215.0,2215.0,2210.6,2213.2,36244
1784192100,2213.2,2214.5,2211.3,2213.6,34687
1784192400,2213.2,2216.8,2213.0,2215.9,29724
1784192700,2215.9,2217.5,2213.0,2215.0,39679
1784193000,2214.9,2216.0,2211.2,2213.8,43425
1784193300,2213.8,2215.0,2211.2,2211.9,34065
1784193600,2211.9,2213.2,2211.0,2211.5,25349
1784193900,2211.7,2212.6,2210.4,2211.6,42175
1784194200,2211.6,2211.6,2202.3,2202.6,127793
1784194500,2202.5,2204.8,2201.2,2201.4,101130
1784194800,2201.7,2201.9,2197.4,2198.0,103116
1784195100,2198.1,2200.5,2197.2,2200.4,100581
1784195400,2200.5,2201.0,2197.1,2199.0,105966
1784195700,2199.0,2201.0,2197.1,2199.1,101486
1784259900,2224.8,2256.9,2215.1,2247.9,478788
1784260200,2248.2,2252.0,2240.8,2248.0,157838
1784260500,2248.0,2251.5,2232.0,2233.2,121333
1784260800,2232.6,2237.6,2231.0,2232.9,57782
1784261100,2233.0,2240.3,2232.0,2235.2,65603
1784261400,2235.3,2240.0,2235.0,2237.4,40088
1784261700,2238.0,2239.2,2228.1,2231.1,60755
1784262000,2230.1,2239.0,2230.1,2238.0,33916
1784262300,2238.3,2242.5,2231.0,2233.5,95081
1784262600,2233.7,2235.0,2226.1,2227.0,59265
1784262900,2227.0,2232.0,2224.0,2231.2,93813
1784263200,2231.2,2233.4,2228.1,2229.6,64767
1784263500,2230.0,2232.1,2224.1,2229.2,46923
1784263800,2229.1,2231.0,2224.6,2226.0,23045
1784264100,2226.0,2226.7,2223.0,2224.5,30297
1784264400,2224.3,2228.0,2223.5,2227.0,15905
1784264700,2227.0,2232.0,2226.3,2230.8,42602
1784265000,2230.7,2231.4,2229.3,2230.8,52768
1784265300,2230.4,2232.2,2229.5,2230.8,22137
1784265600,2231.2,2234.0,2230.0,2233.4,35380
1784265900,2233.1,2235.0,2228.0,2234.2,50847
1784266200,2234.2,2242.5,2231.3,2241.0,108479
1784266500,2241.2,2243.7,2240.0,2243.7,104301
1784266800,2243.7,2244.5,2240.0,2240.0,37671
1784267100,2240.7,2244.7,2240.0,2244.7,40370
1784267400,2244.1,2247.8,2243.9,2246.6,56200
1784267700,2245.7,2246.2,2244.0,2244.4,35467
1784268000,2245.0,2248.7,2244.4,2247.4,38605
1784268300,2247.5,2260.0,2246.8,2252.5,287586
1784268600,2252.8,2253.6,2250.2,2251.0,45168
1784268900,2251.0,2252.0,2250.0,2251.0,41814
1784269200,2250.1,2254.0,2250.1,2253.2,45526
1784269500,2253.2,2255.0,2252.0,2254.4,47985
1784269800,2254.7,2255.9,2252.0,2254.7,57881
1784270100,2254.7,2257.6,2252.9,2256.9,59440
1784270400,2256.6,2257.4,2255.1,2255.3,43669
1784270700,2255.2,2258.6,2255.0,2257.6,50780
1784271000,2258.2,2263.6,2257.5,2263.4,105919
1784271300,2263.5,2264.0,2260.3,2261.0,90425
1784271600,2260.3,2261.6,2258.8,2260.9,78876
1784271900,2260.4,2262.9,2260.4,2261.4,32456
1784272200,2260.6,2266.2,2259.4,2266.0,92185
1784272500,2265.1,2266.8,2262.0,2262.2,97589
1784272800,2263.0,2263.7,2261.2,2262.6,41118
1784273100,2262.7,2266.9,2261.6,2266.0,79218
1784273400,2266.5,2266.5,2265.0,2266.0,35706
1784273700,2266.0,2269.0,2264.4,2265.9,83705
1784274000,2266.0,2269.5,2264.6,2269.0,73167
1784274300,2268.8,2269.9,2267.1,2269.7,91546
1784274600,2269.2,2273.0,2269.1,2272.4,124343
1784274900,2272.4,2272.9,2270.1,2271.9,60182
1784275200,2272.0,2272.0,2270.5,2271.7,40512
1784275500,2271.6,2271.8,2270.0,2271.8,51345
1784275800,2271.1,2272.0,2270.0,2271.0,53445
1784276100,2271.0,2273.9,2270.0,2272.9,74168
1784276400,2273.0,2273.2,2270.0,2271.0,44745
1784276700,2270.8,2271.0,2270.0,2270.7,30035
1784277000,2270.7,2271.6,2270.0,2270.1,40497
1784277300,2270.5,2271.0,2270.0,2270.3,33591
1784277600,2270.6,2271.5,2270.0,2270.3,30335
1784277900,2270.2,2273.8,2270.0,2270.3,69806
1784278200,2270.0,2271.4,2268.1,2270.0,180219
1784278500,2269.9,2270.5,2265.5,2267.0,182961
1784278800,2267.0,2272.6,2266.1,2272.4,90210
1784279100,2272.5,2275.0,2270.0,2271.0,72577
1784279400,2271.0,2272.0,2270.0,2271.1,24882
1784279700,2271.2,2272.0,2270.0,2270.0,64528
1784280000,2270.1,2270.2,2267.0,2269.0,60629
1784280300,2268.8,2269.8,2265.8,2266.0,56455
1784280600,2266.0,2269.8,2265.9,2269.4,47494
1784280900,2269.4,2271.3,2269.0,2271.3,73552
1784281200,2271.0,2272.5,2270.0,2271.6,55125
1784281500,2271.5,2272.9,2267.2,2267.6,165442
1784281800,2267.5,2270.0,2265.0,2266.3,145754
1784282100,2266.0,2268.6,2265.0,2265.0,74564
1784519100,2280.1,2283.4,2261.4,2270.9,145405
1784519400,2270.5,2274.7,2265.0,2267.0,66304
1784519700,2268.0,2268.0,2255.5,2260.0,82874
1784520000,2260.0,2265.0,2257.0,2257.2,54257
1784520300,2258.0,2261.6,2251.0,2251.6,73309
1784520600,2252.0,2264.1,2249.0,2263.6,64673
1784520900,2263.9,2265.0,2255.6,2257.9,33265
1784521200,2258.0,2264.9,2257.0,2261.5,35738
1784521500,2261.4,2264.5,2257.4,2259.5,28111
1784521800,2259.5,2261.6,2258.4,2259.5,21543
1784522100,2259.8,2262.2,2256.1,2257.9,19131
1784522400,2257.9,2262.0,2255.8,2256.0,18059
1784522700,2256.1,2262.1,2254.0,2261.1,37595
1784523000,2261.8,2266.8,2261.0,2264.1,27858
1784523300,2264.0,2264.0,2260.0,2260.5,17457
1784523600,2260.3,2262.6,2259.9,2261.9,13901
1784523900,2261.4,2262.7,2256.9,2260.0,22748
1784524200,2260.0,2261.6,2258.0,2258.0,17416
1784524500,2258.1,2260.5,2258.0,2258.4,19581
1784524800,2258.4,2260.0,2256.9,2258.0,21347
1784525100,2258.0,2260.4,2256.3,2260.1,12277
1784525400,2260.5,2260.9,2259.0,2259.0,7854
1784525700,2259.0,2262.0,2257.0,2260.9,10745
1784526000,2260.9,2261.2,2258.0,2259.0,9055
1784526300,2259.0,2259.9,2257.0,2259.8,19661
1784526600,2259.8,2261.7,2256.1,2258.3,23774
1784526900,2258.3,2259.4,2255.0,2256.0,13948
1784527200,2256.1,2258.0,2253.0,2253.5,31387
1784527500,2253.5,2254.8,2251.1,2253.7,16131
1784527800,2253.6,2253.9,2251.9,2253.0,13233
1784528100,2253.0,2254.6,2252.4,2253.4,11450
1784528400,2253.0,2253.5,2248.2,2249.1,35319
1784528700,2248.9,2250.0,2247.6,2250.0,25718
1784529000,2250.0,2251.8,2246.1,2250.5,45463
1784529300,2250.5,2254.3,2250.4,2254.0,25416
1784529600,2254.0,2255.0,2251.0,2252.0,25359
1784529900,2251.6,2253.0,2245.1,2252.4,41387
1784530200,2252.3,2253.2,2251.7,2253.0,14842
1784530500,2252.2,2254.4,2252.0,2252.0,10400
1784530800,2252.2,2254.2,2250.0,2251.6,12449
1784531100,2251.6,2254.0,2250.8,2253.2,34466
1784531400,2253.1,2255.0,2251.0,2255.0,27819
1784531700,2255.0,2256.5,2253.7,2255.8,20857
1784532000,2255.0,2257.0,2254.2,2255.9,24458
1784532300,2255.9,2257.9,2255.3,2257.0,18769
1784532600,2257.0,2258.5,2255.8,2258.5,18340
1784532900,2258.5,2259.9,2255.0,2255.5,19207
1784533200,2256.1,2260.0,2255.5,2259.7,17455
1784533500,2259.7,2260.0,2254.2,2255.0,19329
1784533800,2255.0,2257.0,2253.1,2256.4,19017
1784534100,2256.4,2258.1,2255.5,2257.0,16457
1784534400,2256.9,2258.0,2253.7,2255.3,17316
1784534700,2255.0,2256.5,2254.0,2256.0,10787
1784535000,2256.0,2256.4,2254.1,2255.2,14782
1784535300,2255.2,2256.9,2254.2,2255.7,23835
1784535600,2255.0,2256.0,2252.2,2254.0,19779
1784535900,2253.9,2256.7,2253.0,2254.8,19566
1784536200,2253.8,2257.2,2253.1,2254.7,26474
1784536500,2254.7,2255.9,2253.2,2253.8,21169
1784536800,2254.2,2254.2,2252.2,2254.0,13480
1784537100,2253.6,2255.0,2252.6,2254.9,9020
1784537400,2254.9,2254.9,2252.8,2253.4,8596
1784537700,2253.1,2256.5,2253.1,2256.0,12014
1784538000,2256.0,2257.0,2254.8,2255.0,13978
1784538300,2255.7,2256.3,2254.3,2255.2,24117
1784538600,2255.2,2259.0,2255.2,2256.7,25503
1784538900,2256.7,2258.5,2256.6,2257.6,11430
1784539200,2257.6,2258.3,2256.4,2257.3,12709
1784539500,2257.3,2258.1,2255.6,2256.3,12684
1784539800,2256.4,2256.4,2250.5,2251.8,70358
1784540100,2251.4,2251.4,2249.1,2250.8,54528
1784540400,2250.8,2251.9,2248.6,2249.2,69268
1784540700,2249.0,2250.9,2245.2,2250.6,69393
1784541000,2250.8,2255.9,2250.0,2255.3,97798
1784541300,2255.2,2255.4,2250.0,2251.0,65726
1784605500,2255.0,2259.6,2241.3,2250.5,111498
1784605800,2250.6,2254.0,2248.7,2252.9,55476
1784606100,2253.1,2255.3,2248.5,2253.6,71414
1784606400,2253.1,2255.0,2248.1,2252.2,49082
1784606700,2253.6,2254.7,2247.5,2247.8,25676
1784607000,2248.1,2248.1,2242.1,2244.8,46316
1784607300,2245.0,2245.5,2233.6,2236.4,69186
1784607600,2236.9,2242.4,2236.4,2240.5,27305
1784607900,2240.5,2241.9,2235.0,2235.3,37216
1784608200,2235.6,2239.5,2234.0,2239.5,33523
1784608500,2239.7,2241.3,2237.1,2238.5,20468
1784608800,2239.0,2239.4,2236.6,2238.0,13726
1784609100,2238.2,2239.8,2237.1,2239.8,20683
1784609400,2239.5,2240.7,2228.0,2230.0,49443
1784609700,2229.7,2231.5,2227.0,2229.9,52981
1784610000,2230.0,2230.4,2227.4,2228.5,21775
1784610300,2228.6,2229.2,2225.8,2227.7,34103
1784610600,2227.7,2229.1,2226.2,2228.2,26756
1784610900,2228.2,2228.7,2226.0,2226.9,40455
1784611200,2226.9,2226.9,2225.0,2226.0,16434
1784611500,2226.0,2228.0,2225.1,2225.6,18414
1784611800,2225.6,2228.0,2225.3,2227.9,19111
1784612100,2227.9,2229.0,2226.9,2227.1,19184
1784612400,2227.1,2229.4,2224.1,2225.6,41055
1784612700,2225.2,2226.9,2223.9,2226.0,31858
1784613000,2226.0,2226.0,2224.0,2225.1,25097
1784613300,2225.6,2228.2,2225.1,2226.2,18401
1784613600,2226.0,2228.4,2226.0,2228.4,13011
1784613900,2227.5,2228.7,2224.0,2224.7,22597
1784614200,2224.7,2224.8,2223.0,2223.5,12957
1784614500,2223.5,2225.0,2223.0,2223.8,7519
1784614800,2224.3,2228.0,2223.4,2227.0,88382
1784615100,2226.4,2233.0,2226.3,2228.3,74239
1784615400,2228.0,2230.0,2228.0,2229.3,12437
1784615700,2229.4,2230.0,2227.1,2228.0,19348
1784616000,2228.4,2228.4,2227.2,2227.9,8391
1784616300,2227.8,2228.4,2221.0,2222.4,28680
1784616600,2222.8,2224.8,2222.0,2222.8,22148
1784616900,2222.8,2223.7,2221.1,2222.0,14164
1784617200,2222.0,2222.9,2220.5,2222.5,21465
1784617500,2222.5,2224.0,2220.5,2221.8,22898
1784617800,2221.8,2222.4,2219.0,2219.6,28383
1784618100,2219.6,2221.6,2219.0,2221.2,17135
1784618400,2221.3,2221.9,2220.0,2221.9,10679
1784618700,2221.8,2222.8,2220.5,2221.6,16274
1784619000,2221.6,2222.8,2220.2,2221.7,13058
1784619300,2221.7,2223.0,2221.7,2222.1,13069
1784619600,2222.3,2222.7,2220.0,2220.8,17940
1784619900,2220.8,2221.8,2219.2,2220.2,16909
1784620200,2220.2,2221.8,2219.1,2221.7,13348
1784620500,2221.7,2223.5,2221.0,2222.1,16296
1784620800,2222.5,2224.8,2221.9,2224.4,16310
1784621100,2224.0,2228.3,2223.9,2226.2,19996
1784621400,2226.6,2227.0,2223.3,2226.8,24425
1784621700,2226.8,2227.8,2225.6,2227.5,20354
1784622000,2226.9,2228.9,2226.2,2227.6,18369
1784622300,2227.6,2227.6,2225.5,2226.0,27561
1784622600,2226.0,2228.4,2225.7,2227.7,12840
1784622900,2227.4,2229.0,2223.5,2224.2,26130
1784623200,2224.5,2226.8,2223.7,2226.8,16287
1784623500,2226.8,2227.9,2225.2,2225.5,23298
1784623800,2225.7,2228.5,2224.4,2228.0,29036
1784624100,2228.0,2228.4,2225.7,2226.0,32246
1784624400,2226.0,2226.9,2224.3,2226.3,38017
1784624700,2226.4,2227.5,2222.2,2222.2,40838
1784625000,2222.2,2225.7,2221.5,2225.7,22806
1784625300,2224.9,2225.8,2222.6,2224.9,25113
1784625600,2224.9,2225.0,2222.0,2224.6,35720
1784625900,2224.9,2227.9,2223.8,2227.1,34690
1784626200,2227.2,2227.5,2223.0,2223.2,43329
1784626500,2223.2,2224.1,2220.0,2220.0,62284
1784626800,2220.2,2221.7,2219.0,2221.0,58063
1784627100,2221.0,2221.7,2220.0,2221.0,58369
1784627400,2221.2,2221.2,2219.0,2221.0,74211
1784627700,2221.1,2221.3,2218.5,2219.0,85477
1784691900,2216.0,2222.0,2202.0,2210.8,112659
1784692200,2211.0,2213.7,2206.2,2210.1,46513
1784692500,2210.8,2213.5,2208.1,2212.7,28679
1784692800,2212.0,2213.9,2211.0,2211.8,32999
1784693100,2212.7,2215.2,2210.8,2211.5,21379
1784693400,2212.0,2214.3,2211.0,2212.2,17865
1784693700,2213.0,2214.0,2207.7,2207.9,13072
1784694000,2207.9,2212.3,2207.6,2209.2,17337
1784694300,2209.1,2215.9,2208.1,2213.5,16767
1784694600,2213.7,2215.2,2210.0,2213.2,14661
1784694900,2213.8,2221.4,2213.1,2217.9,32384
1784695200,2217.9,2219.0,2214.5,2214.5,12630
1784695500,2214.6,2215.1,2211.3,2212.6,20194
1784695800,2212.6,2214.4,2208.5,2208.6,22376
1784696100,2209.3,2209.3,2201.1,2206.9,68772
1784696400,2207.4,2207.6,2201.0,2201.5,26037
1784696700,2201.7,2204.5,2201.3,2203.1,15291
1784697000,2204.0,2205.0,2202.5,2203.0,9501
1784697300,2203.0,2206.2,2202.0,2204.9,17866
1784697600,2205.0,2211.4,2204.4,2211.4,37673
1784697900,2211.6,2218.4,2211.2,2217.1,67297
1784698200,2217.2,2218.5,2212.2,2213.7,139256
1784698500,2213.7,2216.0,2212.0,2215.5,19156
1784698800,2216.0,2216.8,2213.2,2213.2,11674
1784699100,2213.5,2215.6,2212.0,2215.6,12584
1784699400,2215.9,2219.8,2214.2,2219.4,17257
1784699700,2219.5,2220.9,2218.9,2220.4,20117
1784700000,2220.4,2223.6,2219.0,2222.5,24365
1784700300,2222.5,2222.5,2218.7,2221.4,10675
1784700600,2221.5,2226.8,2219.8,2225.0,24501
1784700900,2225.0,2226.8,2223.7,2225.9,15599
1784701200,2225.3,2225.9,2222.2,2223.0,9518
1784701500,2223.0,2223.3,2221.0,2222.4,10116
1784701800,2222.7,2223.0,2220.0,2221.4,11799
1784702100,2221.4,2222.0,2220.0,2220.7,9305
1784702400,2220.0,2222.0,2220.0,2220.6,7998
1784702700,2221.3,2224.0,2219.3,2219.3,12690
1784703000,2218.6,2218.6,2214.3,2215.4,19922
1784703300,2215.9,2216.5,2214.0,2215.6,9192
1784703600,2215.5,2216.5,2214.0,2214.7,9173
1784703900,2215.0,2215.3,2212.0,2213.2,9514
1784704200,2213.2,2213.5,2210.1,2210.8,13010
1784704500,2211.2,2213.0,2210.4,2210.4,9471
1784704800,2211.2,2212.7,2207.7,2208.5,16360
1784705100,2208.0,2209.0,2205.4,2206.4,11023
1784705400,2206.5,2207.0,2204.0,2205.0,9154
1784705700,2204.8,2206.3,2204.4,2205.1,5891
1784706000,2205.2,2206.6,2204.0,2205.0,9421
1784706300,2204.8,2207.4,2204.7,2206.6,9041
1784706600,2206.0,2207.6,2204.2,2204.2,10487
1784706900,2204.7,2207.3,2204.3,2206.3,7655
1784707200,2205.6,2209.4,2205.6,2208.5,10644
1784707500,2208.0,2211.5,2208.0,2209.6,10108
1784707800,2209.5,2210.3,2206.5,2209.2,7701
1784708100,2209.7,2209.7,2208.0,2208.0,4857
1784708400,2208.2,2209.1,2207.1,2207.2,5695
1784708700,2207.5,2208.5,2206.0,2206.7,4121
1784709000,2206.0,2208.9,2205.6,2207.7,5076
1784709300,2208.0,2209.5,2207.1,2208.5,16556
1784709600,2208.3,2210.0,2207.5,2208.9,8965
1784709900,2209.1,2211.0,2208.0,2208.0,12517
1784710200,2208.1,2210.0,2207.0,2208.9,4911
1784710500,2208.9,2210.0,2208.0,2208.0,4382
1784710800,2208.5,2209.8,2207.0,2208.3,16076
1784711100,2209.1,2210.2,2208.0,2208.0,10113
1784711400,2208.5,2210.2,2207.2,2208.2,17003
1784711700,2208.4,2209.3,2207.3,2207.9,11772
1784712000,2207.5,2209.0,2206.3,2208.4,14285
1784712300,2208.4,2209.9,2206.5,2209.0,12022
1784712600,2209.1,2212.0,2209.1,2209.4,26225
1784712900,2209.6,2211.5,2207.6,2207.7,46801
1784713200,2207.8,2210.0,2207.0,2209.4,38231
1784713500,2209.2,2209.8,2206.0,2206.9,30402
1784713800,2206.9,2208.8,2206.2,2208.4,51001
1784714100,2208.4,2210.1,2205.8,2207.0,55449
1784778300,2204.0,2210.5,2193.8,2200.0,70383
1784778600,2200.5,2202.5,2196.3,2202.0,25995
1784778900,2201.9,2201.9,2195.0,2195.0,23744
1784779200,2194.9,2199.8,2194.0,2199.0,15294
1784779500,2198.8,2206.8,2196.7,2206.4,34025
1784779800,2206.2,2208.0,2204.3,2206.2,24596
1784780100,2206.0,2212.1,2205.7,2212.1,36745
1784780400,2212.1,2214.5,2208.4,2208.9,32580
1784780700,2208.9,2210.2,2206.6,2209.0,13642
1784781000,2209.2,2212.0,2208.0,2210.3,21255
1784781300,2210.5,2212.0,2206.6,2209.7,16830
1784781600,2210.0,2214.0,2209.1,2211.5,17771
1784781900,2211.6,2213.1,2209.5,2210.4,9395
1784782200,2210.4,2216.0,2209.5,2214.8,20299
1784782500,2214.8,2215.0,2212.0,2213.5,11523
1784782800,2213.5,2213.8,2210.0,2211.5,6333
1784783100,2211.2,2213.8,2210.8,2212.8,6061
1784783400,2212.8,2213.7,2211.0,2212.7,6305
1784783700,2212.8,2221.6,2212.8,2218.6,25133
1784784000,2219.0,2220.6,2217.0,2219.0,27501
1784784300,2218.9,2219.3,2216.6,2218.3,14597
1784784600,2218.6,2219.4,2215.0,2215.1,13773
1784784900,2215.3,2217.6,2214.2,2215.6,7529
1784785200,2216.4,2222.7,2214.1,2220.4,14291
1784785500,2220.0,2221.2,2217.7,2218.8,14594
1784785800,2219.0,2219.4,2216.2,2216.7,8779
1784786100,2216.7,2217.3,2212.6,2212.6,19263
1784786400,2212.8,2214.4,2211.4,2211.4,24056
1784786700,2211.3,2217.0,2211.2,2215.9,10019
1784787000,2216.0,2217.2,2215.5,2216.5,5040
1784787300,2216.8,2220.8,2216.6,2220.5,13603
1784787600,2220.9,2226.0,2220.3,2225.9,37275
1784787900,2225.1,2228.2,2223.7,2226.0,30371
1784788200,2225.7,2230.7,2225.3,2230.5,46444
1784788500,2230.5,2237.5,2230.0,2237.5,48140
1784788800,2237.3,2239.8,2234.9,2235.6,43842
1784789100,2235.8,2235.8,2230.0,2230.7,24513
1784789400,2230.8,2231.0,2229.0,2230.5,18295
1784789700,2230.5,2230.5,2226.9,2227.5,14102
1784790000,2227.5,2227.5,2224.0,2226.2,35301
1784790300,2226.2,2226.9,2223.0,2223.5,20349
1784790600,2223.4,2224.2,2220.1,2222.9,24783
1784790900,2222.9,2225.1,2221.2,2223.9,22940
1784791200,2223.9,2224.6,2222.1,2223.1,10401
1784791500,2223.1,2224.3,2221.2,2222.9,21303
1784791800,2223.1,2225.7,2221.2,2223.5,16871
1784792100,2223.9,2224.9,2222.3,2224.7,14976
1784792400,2224.6,2226.6,2223.2,2225.5,24766
1784792700,2225.5,2228.6,2223.5,2227.4,15846
1784793000,2227.5,2227.5,2225.5,2226.9,30501
1784793300,2227.3,2230.3,2226.0,2230.0,40596
1784793600,2231.1,2233.9,2230.1,2230.9,28627
1784793900,2230.4,2233.8,2230.4,2233.8,26574
1784794200,2233.9,2235.8,2233.0,2233.6,41003
1784794500,2234.0,2237.0,2234.0,2237.0,32640
1784794800,2237.0,2240.8,2236.9,2238.5,41230
1784795100,2238.8,2239.5,2237.9,2238.8,14690
1784795400,2239.0,2242.5,2238.1,2242.1,34351
1784795700,2242.1,2242.5,2239.5,2240.7,22431
1784796000,2240.7,2241.0,2239.8,2240.0,97891
1784796300,2240.0,2244.0,2239.1,2241.2,44601
1784796600,2241.2,2241.8,2240.0,2240.2,24152
1784796900,2240.2,2241.7,2238.6,2241.2,47480
1784797200,2241.7,2249.5,2240.9,2249.5,52977
1784797500,2249.5,2250.0,2244.2,2244.2,48373
1784797800,2244.2,2245.5,2242.0,2244.0,38926
1784798100,2244.1,2245.2,2240.2,2240.2,49309
1784798400,2240.3,2243.0,2239.9,2242.7,43480
1784798700,2243.0,2244.0,2240.7,2240.9,20844
1784799000,2240.5,2242.2,2240.0,2241.9,47392
1784799300,2242.0,2247.1,2238.0,2245.3,246483
1784799600,2245.3,2245.3,2242.2,2243.7,76059
1784799900,2243.7,2245.6,2242.0,2243.1,85042
1784800200,2243.1,2245.0,2241.6,2244.4,94361
1784800500,2244.5,2246.5,2240.5,2243.9,105745
1784864700,2205.1,2261.0,2205.1,2260.0,291490
1784865000,2259.8,2264.3,2254.8,2257.5,121253
1784865300,2257.5,2258.7,2247.0,2249.0,94208
1784865600,2248.4,2257.4,2247.0,2254.0,53802
1784865900,2254.0,2258.0,2243.0,2244.0,83345
1784866200,2243.9,2247.4,2241.0,2243.2,56695
1784866500,2243.3,2249.0,2243.0,2248.3,46137
1784866800,2248.3,2252.8,2244.2,2251.9,48922
1784867100,2252.0,2252.3,2241.8,2242.6,42844
1784867400,2242.3,2246.5,2241.6,2245.1,28697
1784867700,2245.0,2245.3,2240.0,2241.0,40522
1784868000,2241.0,2243.0,2238.0,2240.0,69105
1784868300,2240.1,2246.2,2239.0,2243.9,65582
1784868600,2243.0,2245.0,2233.0,2235.2,75526
1784868900,2235.2,2236.1,2231.3,2231.7,39840
1784869200,2231.7,2231.7,2228.0,2231.3,35709
1784869500,2231.3,2237.6,2231.1,2235.9,31850
1784869800,2235.9,2238.8,2234.1,2238.8,36877
1784870100,2238.5,2240.4,2235.2,2240.4,28365
1784870400,2240.4,2242.4,2234.9,2235.2,45454
1784870700,2235.2,2239.1,2234.8,2237.0,16808
1784871000,2237.0,2237.3,2235.0,2235.1,11971
1784871300,2235.0,2235.3,2230.1,2231.9,21779
1784871600,2231.9,2233.4,2229.5,2229.5,13442
1784871900,2229.8,2233.8,2228.0,2232.0,17721
1784872200,2231.8,2233.6,2230.7,2230.8,14062
1784872500,2230.8,2230.8,2223.7,2227.0,35776
1784872800,2227.0,2227.0,2217.2,2219.7,85647
1784873100,2221.2,2229.0,2220.1,2228.7,64953
1784873400,2228.7,2238.7,2228.1,2238.1,40751
1784873700,2238.8,2241.0,2236.8,2238.8,23305
1784874000,2239.0,2243.5,2238.3,2240.2,27167
1784874300,2240.5,2240.5,2235.7,2237.3,14877
1784874600,2237.6,2238.5,2235.1,2238.0,11027
1784874900,2238.0,2238.0,2233.6,2236.4,14806
1784875200,2236.4,2238.2,2235.1,2237.1,11786
1784875500,2237.3,2242.0,2236.0,2242.0,19093
1784875800,2241.9,2247.8,2241.0,2247.4,31846
1784876100,2247.4,2249.6,2244.6,2248.9,40337
1784876400,2248.9,2252.0,2245.0,2246.6,34859
1784876700,2246.8,2252.6,2245.7,2251.8,64218
1784877000,2251.1,2258.0,2251.0,2257.7,54542
1784877300,2258.0,2259.9,2253.2,2254.0,61551
1784877600,2254.0,2255.1,2250.1,2250.4,43334
1784877900,2251.2,2252.0,2250.0,2250.0,17251
1784878200,2250.5,2251.4,2249.0,2249.3,29383
1784878500,2249.3,2251.2,2248.6,2250.3,18890
1784878800,2250.7,2251.5,2248.4,2249.5,11123
1784879100,2248.8,2251.1,2248.2,2250.9,21581
1784879400,2251.0,2252.3,2249.3,2251.8,28061
1784879700,2251.5,2253.2,2248.4,2249.7,28464
1784880000,2249.7,2251.2,2247.1,2248.5,26467
1784880300,2247.7,2248.5,2245.3,2246.4,17249
1784880600,2246.3,2246.3,2243.0,2245.9,18196
1784880900,2245.9,2246.3,2245.0,2245.0,58257
1784881200,2245.8,2246.7,2244.0,2246.1,21635
1784881500,2246.1,2251.0,2245.1,2249.3,79999
1784881800,2249.2,2257.7,2248.0,2256.3,35753
1784882100,2257.1,2257.4,2252.8,2253.0,25501
1784882400,2253.0,2257.9,2252.3,2257.3,24982
1784882700,2257.9,2257.9,2255.0,2256.2,17150
1784883000,2256.2,2256.3,2252.0,2256.0,22478
1784883300,2255.8,2257.5,2252.8,2253.6,25329
1784883600,2253.6,2255.3,2252.1,2252.2,24778
1784883900,2252.8,2257.1,2252.1,2256.4,36828
1784884200,2256.0,2256.8,2253.0,2253.5,19606
1784884500,2254.0,2256.8,2253.2,2256.1,16468
1784884800,2256.5,2257.0,2254.3,2255.3,17974
1784885100,2255.8,2256.8,2254.1,2255.6,22385
1784885400,2255.6,2256.5,2253.0,2255.6,74644
1784885700,2255.8,2255.8,2254.0,2254.3,43441
1784886000,2254.5,2255.0,2253.0,2255.0,81880
1784886300,2255.1,2255.7,2253.0,2255.0,67576
1784886600,2255.1,2255.4,2253.1,2255.0,72819
1784886900,2254.9,2255.4,2250.1,2250.2,81041
1785123900,2286.0,2286.0,2272.4,2275.9,155606
1785124200,2276.3,2283.4,2276.3,2281.2,107430
1785124500,2281.1,2291.0,2278.7,2289.8,140452
1785124800,2289.5,2301.9,2288.1,2301.0,198073
1785125100,2301.3,2313.0,2301.2,2301.7,181967
1785125400,2302.0,2309.0,2301.6,2307.5,114458
1785125700,2307.6,2308.8,2300.0,2306.1,108861
1785126000,2306.7,2308.0,2301.4,2304.6,75326
1785126300,2304.5,2304.7,2296.6,2302.5,112218
1785126600,2302.2,2305.2,2300.5,2302.4,75886
1785126900,2302.4,2302.9,2299.5,2300.0,64150
1785127200,2300.0,2311.9,2298.7,2310.8,135055
1785127500,2310.5,2315.0,2309.4,2311.1,96992
1785127800,2311.1,2311.5,2307.8,2308.6,48324
1785128100,2309.0,2309.5,2304.0,2304.0,69239
1785128400,2304.5,2308.0,2303.1,2306.5,42809
1785128700,2307.4,2308.0,2303.5,2304.4,35754
1785129000,2304.5,2307.5,2303.9,2305.6,28059
1785129300,2305.9,2305.9,2298.4,2299.2,57597
1785129600,2299.2,2300.0,2298.4,2299.0,28244
1785129900,2299.0,2303.5,2295.6,2303.5,53540
1785130200,2303.6,2307.5,2299.0,2299.5,40016
1785130500,2299.0,2299.9,2296.0,2297.6,36295
1785130800,2298.0,2299.9,2293.8,2294.0,40949
1785131100,2294.8,2298.7,2293.2,2296.3,33163
1785131400,2296.1,2299.5,2294.4,2298.7,24263
1785131700,2298.6,2312.1,2297.3,2310.5,175439
1785132000,2310.5,2311.8,2310.0,2310.9,54218
1785132300,2310.9,2310.9,2306.9,2306.9,101057
1785132600,2307.0,2310.1,2306.0,2310.1,41749
1785132900,2309.4,2310.0,2306.0,2306.8,27334
1785133200,2306.5,2308.4,2304.4,2307.3,35093
1785133500,2307.6,2309.9,2303.4,2305.0,30495
1785133800,2305.1,2307.7,2303.8,2305.8,25585
1785134100,2305.7,2306.9,2304.4,2306.0,20628
1785134400,2305.7,2306.6,2300.0,2302.2,30313
1785134700,2302.2,2303.8,2301.4,2302.5,17512
1785135000,2302.5,2304.9,2301.0,2304.0,31705
1785135300,2303.7,2304.3,2301.4,2303.4,21466
1785135600,2303.5,2306.8,2302.5,2304.0,31595
1785135900,2303.6,2305.5,2302.6,2304.4,21722
1785136200,2304.4,2305.5,2302.0,2305.0,30138
1785136500,2305.0,2305.9,2303.5,2304.0,21579
1785136800,2304.0,2304.6,2301.4,2302.6,28582
1785137100,2303.4,2303.4,2300.1,2300.8,32465
1785137400,2301.3,2309.9,2298.1,2303.5,143968
1785137700,2304.2,2304.7,2301.1,2301.6,18026
1785138000,2301.7,2301.7,2297.0,2297.6,19762
1785138300,2297.7,2298.4,2296.1,2296.4,29151
1785138600,2296.1,2298.3,2295.8,2296.3,24910
1785138900,2296.3,2296.4,2291.7,2293.3,36702
1785139200,2293.2,2295.5,2293.0,2293.7,18167
1785139500,2293.1,2299.7,2293.1,2298.6,20520
1785139800,2299.0,2299.4,2295.4,2296.7,17849
1785140100,2297.0,2297.0,2294.3,2295.2,13953
1785140400,2294.8,2296.6,2293.7,2296.1,14391
1785140700,2295.9,2296.1,2293.1,2293.4,13290
1785141000,2293.4,2299.7,2293.1,2298.0,30209
1785141300,2297.4,2298.5,2295.4,2296.4,9341
1785141600,2296.7,2296.7,2292.8,2295.3,21100
1785141900,2294.7,2297.7,2294.7,2296.7,16665
1785142200,2296.4,2297.0,2294.5,2296.1,17031
1785142500,2296.1,2296.3,2292.2,2295.5,25856
1785142800,2294.9,2296.5,2293.1,2293.7,32008
1785143100,2293.7,2297.0,2293.4,2295.8,30690
1785143400,2296.1,2297.7,2293.2,2295.0,34102
1785143700,2295.0,2296.0,2293.3,2294.7,29176
1785144000,2295.0,2295.0,2292.1,2293.4,47905
1785144300,2293.4,2298.0,2292.6,2296.6,35099
1785144600,2296.4,2297.0,2294.0,2295.7,50311
1785144900,2295.4,2297.0,2294.1,2296.5,59432
1785145200,2296.5,2297.0,2294.6,2296.0,58160
1785145500,2295.9,2296.0,2294.2,2295.5,64448
1785145800,2295.7,2297.0,2294.5,2294.5,87931
1785146100,2295.1,2298.0,2293.6,2296.9,87616
1785210300,2325.0,2368.9,2323.0,2365.2,909225
1785210600,2365.2,2372.0,2360.0,2365.0,374974
1785210900,2364.5,2365.0,2358.7,2362.1,150337
1785211200,2362.8,2367.8,2361.0,2362.0,146892
1785211500,2362.4,2369.5,2361.3,2366.0,103514
1785211800,2366.0,2377.2,2366.0,2376.4,230042
1785212100,2377.1,2383.0,2372.6,2382.0,304949
1785212400,2383.8,2397.1,2379.0,2396.0,402397
1785212700,2396.0,2397.6,2390.0,2390.2,136271
1785213000,2390.5,2401.8,2390.2,2393.6,288361
1785213300,2393.6,2395.1,2390.7,2393.8,84652
1785213600,2393.7,2399.9,2391.5,2398.5,100765
1785213900,2398.5,2400.5,2395.8,2396.4,128092
1785214200,2396.9,2397.3,2395.0,2396.0,59281
1785214500,2395.7,2397.0,2393.5,2395.2,74320
1785214800,2395.4,2400.0,2391.0,2391.8,125809
1785215100,2391.3,2396.5,2391.3,2396.4,197969
1785215400,2396.6,2400.0,2396.0,2399.5,74523
1785215700,2399.6,2404.0,2399.6,2402.8,112108
1785216000,2402.9,2404.9,2400.0,2401.8,88023
1785216300,2401.8,2403.0,2400.0,2402.4,56367
1785216600,2402.3,2402.4,2399.6,2400.5,92822
1785216900,2400.5,2403.2,2400.1,2402.6,52607
1785217200,2402.5,2402.6,2399.6,2401.8,75217
1785217500,2401.9,2402.7,2400.6,2401.5,33478
1785217800,2401.4,2409.2,2400.8,2407.4,179774
1785218100,2407.4,2408.0,2404.0,2405.8,149355
1785218400,2405.9,2406.5,2402.7,2403.7,75765
1785218700,2403.7,2405.0,2402.9,2404.9,50607
1785219000,2404.9,2410.0,2404.9,2408.6,121960
1785219300,2408.3,2411.9,2406.4,2410.9,85449
1785219600,2410.9,2412.9,2410.0,2411.5,111851
1785219900,2411.4,2414.0,2411.0,2412.0,96658
1785220200,2412.0,2413.4,2411.0,2411.4,57484
1785220500,2411.4,2414.9,2411.0,2411.2,105323
1785220800,2411.2,2417.4,2410.7,2415.0,100639
1785221100,2414.9,2415.5,2412.6,2413.0,34217
1785221400,2413.0,2413.5,2406.2,2406.7,107440
1785221700,2407.0,2409.6,2406.2,2407.7,45177
1785222000,2407.7,2408.2,2404.3,2405.0,89298
1785222300,2405.6,2406.0,2403.1,2405.9,83657
1785222600,2406.0,2406.9,2405.0,2405.4,26022
1785222900,2405.8,2405.9,2403.2,2403.9,40583
1785223200,2404.0,2407.5,2403.0,2406.2,42952
1785223500,2406.1,2407.0,2403.6,2404.0,27999
1785223800,2404.5,2404.8,2398.3,2399.4,159951
1785224100,2400.0,2400.0,2398.5,2399.0,31705
1785224400,2399.0,2400.5,2395.6,2396.0,131392
1785224700,2396.1,2399.0,2394.0,2396.3,84339
1785225000,2396.7,2400.6,2396.1,2400.0,59008
1785225300,2400.0,2401.3,2399.2,2399.5,40315
1785225600,2399.4,2400.0,2397.1,2399.7,39910
1785225900,2399.7,2400.0,2398.1,2400.0,23059
1785226200,2400.0,2400.9,2399.2,2400.2,35998
1785226500,2400.1,2400.2,2398.0,2399.3,55809
1785226800,2399.3,2404.4,2399.1,2402.8,74502
1785227100,2402.5,2405.0,2400.7,2404.2,62234
1785227400,2404.2,2404.2,2401.0,2401.9,24242
1785227700,2401.9,2403.2,2400.5,2402.5,36328
1785228000,2403.1,2403.9,2401.8,2403.2,29318
1785228300,2403.4,2404.9,2401.5,2402.9,33548
1785228600,2402.9,2403.0,2400.0,2400.7,35251
1785228900,2400.8,2402.9,2400.6,2401.5,34819
1785229200,2401.1,2402.5,2400.5,2402.3,30613
1785229500,2402.0,2402.9,2401.0,2401.5,30554
1785229800,2401.5,2402.9,2401.0,2402.8,63380
1785230100,2402.0,2403.1,2401.2,2403.1,57553
1785230400,2403.1,2405.0,2402.4,2404.7,48241
1785230700,2404.8,2405.5,2403.0,2403.8,52668
1785231000,2404.0,2404.0,2400.8,2401.6,95586
1785231300,2401.6,2402.3,2400.0,2400.3,132189
1785231600,2400.0,2400.6,2396.9,2398.0,213116
1785231900,2397.9,2398.0,2392.7,2393.9,184045
1785232200,2393.3,2398.4,2393.0,2396.1,134369
1785232500,2396.1,2399.5,2395.7,2398.0,148222
1785296700,2440.0,2457.0,2436.0,2437.3,561096
1785297000,2437.0,2439.3,2415.1,2422.1,372169
1785297300,2422.1,2436.3,2422.0,2429.4,164233
1785297600,2429.4,2475.5,2429.4,2450.0,836805
1785297900,2450.4,2469.9,2448.0,2466.7,571697
1785298200,2467.0,2472.4,2463.4,2464.4,188283
1785298500,2464.7,2466.0,2460.0,2463.4,138415
1785298800,2464.5,2466.0,2453.8,2457.0,109702
1785299100,2456.9,2462.8,2454.0,2458.3,100516
1785299400,2458.3,2461.9,2456.0,2456.6,126610
1785299700,2457.3,2457.3,2447.3,2451.9,161415
1785300000,2452.2,2454.7,2450.0,2451.9,60622
1785300300,2451.4,2455.0,2450.0,2451.8,49219
1785300600,2451.8,2458.9,2451.8,2456.6,75265
1785300900,2456.6,2457.0,2450.1,2451.0,64898
1785301200,2451.8,2452.7,2449.6,2451.1,54572
1785301500,2451.1,2452.8,2449.7,2451.7,44524
1785301800,2451.7,2452.0,2446.0,2447.4,76045
1785302100,2447.4,2451.0,2446.6,2450.4,46549
1785302400,2450.3,2452.0,2447.6,2452.0,58757
1785302700,2451.5,2458.9,2451.5,2454.3,95638
1785303000,2455.0,2458.0,2449.0,2452.3,101906
1785303300,2453.2,2456.6,2451.7,2455.0,62276
1785303600,2454.9,2456.9,2452.1,2455.6,46957
1785303900,2455.7,2457.0,2454.0,2456.6,39361
1785304200,2457.0,2458.3,2454.4,2457.4,78637
1785304500,2457.2,2460.0,2455.3,2456.3,50949
1785304800,2456.5,2457.0,2449.0,2449.0,63320
1785305100,2449.5,2453.7,2448.0,2449.5,52607
1785305400,2450.0,2452.5,2449.5,2451.0,38679
1785305700,2451.0,2453.4,2447.2,2453.2,79259
1785306000,2453.2,2455.6,2450.7,2452.2,84297
1785306300,2452.7,2453.1,2449.2,2451.7,45711
1785306600,2451.0,2452.0,2449.1,2450.0,38307
1785306900,2450.7,2451.0,2447.3,2450.2,49995
1785307200,2450.9,2450.9,2446.8,2447.1,43027
1785307500,2447.2,2447.5,2445.3,2446.2,45024
1785307800,2446.8,2449.0,2445.6,2448.8,49463
1785308100,2448.5,2450.0,2446.8,2447.2,48804
1785308400,2447.1,2448.8,2442.3,2443.4,57006
1785308700,2443.4,2445.5,2442.5,2444.1,42394
1785309000,2444.1,2445.0,2442.8,2443.9,38664
1785309300,2443.9,2445.0,2441.4,2442.0,40404
1785309600,2442.6,2444.6,2440.8,2441.8,43539
1785309900,2442.5,2444.5,2441.1,2443.8,44252
1785310200,2443.8,2445.2,2442.5,2443.9,40669
1785310500,2444.9,2446.1,2442.0,2442.5,36762
1785310800,2443.1,2445.3,2442.0,2442.8,41166
1785311100,2443.5,2448.4,2443.0,2447.0,56802
1785311400,2447.9,2449.9,2445.0,2448.8,49382
1785311700,2448.8,2448.8,2445.6,2446.4,43103
1785312000,2445.7,2447.5,2441.5,2443.4,57459
1785312300,2443.4,2448.8,2442.9,2447.7,37519
1785312600,2447.7,2456.2,2445.7,2455.0,187468
1785312900,2455.4,2455.4,2447.4,2447.9,48609
1785313200,2447.4,2450.0,2446.0,2449.7,47932
1785313500,2449.7,2450.0,2447.6,2448.8,35222
1785313800,2449.2,2450.3,2446.8,2450.3,57093
1785314100,2450.9,2451.5,2448.3,2449.6,36722
1785314400,2449.5,2450.0,2447.3,2449.7,43241
1785314700,2449.9,2452.7,2449.4,2450.5,51919
1785315000,2450.5,2452.9,2450.4,2451.9,38863
1785315300,2451.9,2452.7,2449.5,2451.7,39659
1785315600,2451.4,2454.4,2450.2,2453.2,65412
1785315900,2453.2,2455.0,2452.3,2453.6,59821
1785316200,2453.6,2455.3,2452.5,2452.5,79723
1785316500,2453.0,2453.6,2450.4,2451.3,75857
1785316800,2451.3,2455.0,2450.0,2454.5,79170
1785317100,2454.1,2454.9,2451.2,2451.6,64688
1785317400,2452.2,2453.5,2450.5,2451.5,74899
1785317700,2451.6,2452.5,2447.4,2447.4,69811
1785318000,2447.5,2450.0,2447.0,2447.2,76947
1785318300,2447.2,2447.7,2443.8,2444.6,91092
1785318600,2444.6,2447.7,2443.3,2443.3,109696
1785318900,2444.0,2444.2,2438.2,2440.0,95337
1785383100,2440.0,2483.9,2434.4,2475.7,388798
1785383400,2475.4,2480.5,2471.6,2471.6,201907
1785383700,2471.6,2476.9,2470.0,2472.2,98795
1785384000,2472.4,2477.5,2466.9,2469.0,86479
1785384300,2469.8,2472.0,2465.7,2468.8,61092
1785384600,2469.9,2477.0,2468.4,2474.6,113195
1785384900,2475.0,2482.7,2474.4,2479.5,97205
1785385200,2479.7,2480.5,2474.3,2476.0,68015
1785385500,2477.0,2481.9,2475.0,2475.0,79609
1785385800,2475.1,2483.2,2475.0,2481.0,150155
1785386100,2481.5,2495.0,2475.8,2491.7,419023
1785386400,2491.5,2492.9,2482.4,2483.4,73369
1785386700,2483.3,2490.4,2479.4,2481.6,83174
1785387000,2481.7,2482.3,2477.0,2479.8,54482
1785387300,2479.7,2486.0,2479.4,2482.0,57178
1785387600,2482.3,2482.3,2472.0,2474.0,66528
1785387900,2473.5,2475.8,2471.2,2471.3,54496
1785388200,2471.2,2472.3,2470.2,2471.3,44829
1785388500,2471.6,2472.0,2466.0,2468.1,57832
1785388800,2468.1,2471.1,2468.0,2469.5,29276
1785389100,2469.4,2469.9,2463.6,2463.9,45060
1785389400,2463.9,2465.0,2460.5,2462.5,53542
1785389700,2462.0,2464.2,2461.7,2463.2,30007
1785390000,2463.0,2465.1,2461.2,2463.8,40258
1785390300,2463.2,2464.6,2457.6,2458.7,42925
1785390600,2458.9,2460.9,2457.5,2459.9,42605
1785390900,2460.0,2462.3,2459.0,2459.4,24264
1785391200,2459.5,2459.5,2454.1,2456.4,44631
1785391500,2456.4,2457.0,2455.0,2455.0,22591
1785391800,2455.2,2456.0,2451.3,2451.7,28943
1785392100,2451.8,2453.8,2448.6,2452.3,41825
1785392400,2453.0,2453.0,2451.3,2451.3,31919
1785392700,2451.3,2453.6,2451.0,2452.5,25976
1785393000,2452.6,2452.8,2448.6,2449.3,132791
1785393300,2449.2,2450.1,2446.8,2448.9,45972
1785393600,2448.5,2457.0,2447.5,2455.9,68592
1785393900,2455.7,2461.0,2454.7,2456.3,61822
1785394200,2456.3,2458.7,2455.8,2458.2,33971
1785394500,2458.0,2458.5,2453.0,2454.1,32541
1785394800,2454.3,2461.8,2453.7,2458.8,42081
1785395100,2459.0,2461.0,2457.4,2459.8,34892
1785395400,2460.0,2460.9,2458.0,2459.8,23495
1785395700,2459.7,2459.7,2456.1,2459.2,24329
1785396000,2459.3,2461.0,2458.1,2461.0,27316
1785396300,2461.0,2462.0,2460.1,2460.9,26422
1785396600,2460.9,2461.8,2456.8,2457.3,19796
1785396900,2460.1,2461.7,2455.2,2458.8,27535
1785397200,2458.8,2461.7,2457.5,2460.8,30735
1785397500,2460.9,2460.9,2458.3,2459.1,21700
1785397800,2459.2,2460.0,2456.7,2458.0,22599
1785398100,2457.9,2457.9,2451.6,2452.2,28811
1785398400,2452.2,2452.6,2449.2,2451.1,35770
1785398700,2451.1,2454.4,2450.8,2454.4,24129
1785399000,2455.0,2456.3,2451.0,2453.6,29172
1785399300,2454.2,2455.1,2452.0,2452.8,21882
1785399600,2452.9,2454.0,2450.0,2453.1,38159
1785399900,2453.1,2454.0,2450.7,2452.6,23213
1785400200,2450.4,2451.2,2445.6,2445.6,35687
1785400500,2445.8,2447.8,2442.0,2442.1,44154
1785400800,2442.3,2444.6,2441.0,2441.5,32074
1785401100,2441.7,2442.1,2438.5,2440.1,40445
1785401400,2440.1,2441.0,2438.0,2438.2,34549
1785401700,2438.2,2438.2,2431.1,2432.8,60059
1785402000,2432.8,2437.2,2431.1,2431.2,68515
1785402300,2431.7,2432.0,2428.7,2431.6,66258
1785402600,2431.5,2431.7,2425.0,2426.0,94171
1785402900,2426.0,2430.4,2423.0,2430.0,104921
1785403200,2429.5,2432.9,2429.4,2429.7,49093
1785403500,2429.7,2431.2,2429.0,2429.7,46197
1785403800,2429.7,2431.2,2425.0,2429.2,87335
1785404100,2429.3,2435.0,2428.7,2434.7,89598
1785404400,2434.8,2436.0,2429.7,2429.8,82003
1785404700,2429.9,2432.9,2429.5,2431.2,99155
1785405000,2431.1,2434.0,2429.4,2433.0,121298
1785405300,2432.9,2436.5,2431.1,2434.0,88101
1785469500,2385.0,2391.0,2326.1,2348.4,450853
1785469800,2346.0,2350.4,2340.2,2344.2,188347
1785470100,2344.1,2353.0,2342.0,2349.5,124445
1785470400,2349.4,2353.7,2346.0,2348.8,57231
1785470700,2348.8,2351.8,2346.8,2348.2,47358
1785471000,2348.9,2360.0,2345.3,2357.6,108409
1785471300,2357.6,2363.9,2355.7,2363.8,94923
1785471600,2363.9,2364.0,2355.0,2361.3,72189
1785471900,2361.3,2361.3,2356.0,2356.9,31671
1785472200,2356.8,2365.2,2356.0,2362.8,57110
1785472500,2362.7,2366.2,2360.6,2364.1,59711
1785472800,2364.0,2366.0,2359.1,2360.2,60634
1785473100,2360.4,2367.5,2358.0,2365.4,43561
1785473400,2365.9,2367.6,2363.0,2367.0,31559
1785473700,2367.0,2368.7,2363.1,2366.5,30133
1785474000,2366.1,2369.0,2362.6,2365.5,41619
1785474300,2365.5,2370.8,2364.6,2368.4,48481
1785474600,2369.1,2373.4,2365.1,2370.1,42501
1785474900,2370.4,2376.9,2368.2,2369.7,64831
1785475200,2369.6,2372.0,2368.3,2371.8,33771
1785475500,2372.0,2372.6,2370.1,2372.0,34169
1785475800,2372.6,2372.8,2370.2,2372.7,26231
1785476100,2372.7,2374.5,2372.1,2373.1,33198
1785476400,2373.0,2374.6,2371.2,2373.5,25704
1785476700,2373.1,2373.1,2371.2,2372.2,18167
1785477000,2372.1,2372.6,2370.1,2372.2,26039
1785477300,2372.5,2373.7,2371.0,2373.7,24358
1785477600,2373.4,2374.6,2372.0,2372.1,17417
1785477900,2372.2,2373.5,2371.4,2371.9,20405
1785478200,2371.9,2374.4,2370.0,2371.7,44406
1785478500,2371.8,2373.7,2370.0,2371.4,33986
1785478800,2371.4,2379.0,2371.3,2377.9,51356
1785479100,2377.3,2379.1,2376.9,2376.9,34224
1785479400,2377.0,2379.9,2376.2,2378.2,29817
1785479700,2378.3,2384.0,2377.9,2380.9,50636
1785480000,2381.2,2381.5,2377.0,2380.9,29117
1785480300,2380.8,2383.0,2380.0,2380.7,24812
1785480600,2381.0,2382.4,2379.6,2379.6,18488
1785480900,2379.7,2382.1,2379.5,2381.2,25152
1785481200,2381.3,2382.4,2380.0,2380.8,24562
1785481500,2380.8,2381.5,2379.0,2380.4,15582
1785481800,2380.6,2382.6,2380.0,2382.4,20481
1785482100,2382.1,2383.8,2380.8,2383.6,21746
1785482400,2382.4,2382.8,2381.4,2381.5,13951
1785482700,2381.6,2385.0,2381.5,2384.5,43992
1785483000,2384.0,2384.8,2382.0,2382.6,14053
1785483300,2382.8,2384.5,2382.2,2383.1,18137
1785483600,2383.4,2383.4,2377.4,2378.6,44913
1785483900,2378.7,2378.8,2376.2,2377.6,36640
1785484200,2377.2,2377.6,2368.6,2369.5,59124
1785484500,2369.5,2370.3,2366.1,2367.8,60662
1785484800,2367.8,2367.8,2364.6,2365.8,39693
1785485100,2365.6,2366.7,2361.8,2363.4,59323
1785485400,2363.9,2365.5,2361.8,2362.4,50492
1785485700,2362.5,2363.9,2362.4,2363.6,38506
1785486000,2363.8,2364.8,2362.5,2364.1,42901
1785486300,2364.2,2364.3,2363.0,2363.0,23868
1785486600,2363.1,2365.3,2363.0,2364.0,37273
1785486900,2363.9,2364.1,2363.2,2363.2,26360
1785487200,2363.4,2364.5,2362.7,2364.1,35787
1785487500,2364.6,2365.0,2360.6,2361.6,47245
1785487800,2361.7,2362.8,2360.5,2361.7,38738
1785488100,2361.3,2365.0,2361.1,2362.7,39553
1785488400,2362.7,2364.5,2362.7,2363.5,42132
1785488700,2363.2,2363.5,2357.8,2362.3,88059
1785489000,2362.2,2363.4,2360.5,2361.2,33859
1785489300,2361.3,2366.7,2361.2,2365.9,60012
1785489600,2365.2,2366.0,2362.0,2362.2,38032
1785489900,2362.4,2362.8,2361.4,2362.1,43092
1785490200,2362.2,2365.0,2362.2,2363.8,127805
1785490500,2363.8,2369.7,2363.7,2369.7,115179
1785490800,2369.8,2369.8,2364.2,2364.8,175683
1785491100,2364.8,2367.6,2364.2,2364.6,166510
1785491400,2364.8,2366.4,2364.4,2366.0,161564
1785491700,2366.1,2366.9,2363.8,2366.0,120009
1785728700,2383.9,2404.8,2383.0,2391.2,161549
1785729000,2391.3,2393.4,2387.2,2391.6,62472
1785729300,2392.6,2395.2,2390.1,2394.1,48885
1785729600,2394.2,2394.9,2391.1,2394.3,26030
1785729900,2394.7,2396.6,2392.5,2396.3,26453
1785730200,2393.0,2399.5,2393.0,2395.4,44786
1785730500,2395.4,2403.9,2391.2,2403.0,47782
1785730800,2403.2,2407.0,2400.5,2401.9,55643
1785731100,2401.1,2404.9,2397.1,2404.3,60713
1785731400,2404.0,2411.0,2403.3,2409.0,67231
1785731700,2409.0,2411.0,2408.5,2410.5,35756
1785732000,2410.9,2421.2,2410.7,2420.5,91651
1785732300,2420.2,2425.7,2420.0,2422.5,66467
1785732600,2422.0,2424.0,2417.9,2424.0,53044
1785732900,2424.0,2425.2,2420.6,2421.5,33919
1785733200,2421.5,2423.5,2416.6,2417.6,33824
1785733500,2418.1,2422.0,2417.5,2420.8,20938
1785733800,2420.8,2421.9,2420.0,2420.5,13798
1785734100,2420.5,2422.0,2416.9,2421.9,30464
1785734400,2421.9,2424.8,2420.7,2423.3,25670
1785734700,2423.9,2426.0,2421.8,2424.8,37706
1785735000,2424.0,2426.0,2424.0,2425.6,23679
1785735300,2426.0,2429.0,2425.6,2428.7,33939
1785735600,2428.7,2431.9,2427.1,2430.5,37541
1785735900,2430.1,2434.0,2429.3,2432.9,29931
1785736200,2432.9,2436.5,2430.2,2432.2,52682
1785736500,2432.3,2432.6,2430.2,2430.5,17147
1785736800,2430.1,2432.0,2426.5,2430.5,30176
1785737100,2430.5,2430.5,2427.7,2429.3,12744
1785737400,2429.3,2431.8,2429.3,2430.7,14297
1785737700,2430.7,2430.8,2429.3,2430.8,9697
1785738000,2430.6,2431.0,2428.6,2431.0,15828
1785738300,2430.9,2430.9,2426.3,2429.6,26015
1785738600,2428.9,2431.7,2428.2,2431.0,18096
1785738900,2431.5,2434.9,2430.8,2434.9,19701
1785739200,2434.9,2436.6,2429.9,2430.0,39050
1785739500,2430.0,2436.0,2430.0,2433.5,33336
1785739800,2432.7,2433.8,2430.1,2430.6,14789
1785740100,2430.7,2434.0,2430.4,2432.2,22132
1785740400,2432.1,2439.1,2430.7,2436.2,41325
1785740700,2436.2,2440.7,2434.7,2437.9,64415
1785741000,2437.3,2438.8,2435.2,2436.9,28780
1785741300,2437.0,2437.6,2433.4,2435.0,20323
1785741600,2435.2,2437.7,2434.2,2436.3,20270
1785741900,2436.6,2439.6,2434.1,2437.5,38667
1785742200,2437.5,2437.9,2435.0,2435.0,24188
1785742500,2435.0,2436.5,2433.3,2435.3,23004
1785742800,2435.0,2435.0,2433.5,2433.9,22671
1785743100,2434.3,2436.0,2434.3,2435.9,17681
1785743400,2436.2,2437.0,2435.2,2436.7,13718
1785743700,2436.8,2439.7,2435.9,2439.1,27698
1785744000,2439.1,2439.5,2438.0,2439.0,17990
1785744300,2438.7,2441.6,2436.9,2437.0,35173
1785744600,2437.0,2440.5,2436.1,2436.7,27065
1785744900,2436.7,2439.4,2435.4,2437.7,33713
1785745200,2437.8,2438.0,2434.5,2435.0,30068
1785745500,2435.0,2437.0,2434.2,2436.4,31230
1785745800,2436.4,2437.0,2435.0,2436.7,19098
1785746100,2437.0,2437.0,2434.0,2435.9,27681
1785746400,2435.9,2437.0,2435.4,2436.2,31906
1785746700,2436.2,2436.9,2434.0,2436.0,26467
1785747000,2436.0,2436.0,2433.0,2433.9,28409
1785747300,2433.6,2434.8,2433.0,2433.1,36648
1785747600,2433.1,2438.0,2433.0,2436.8,47331
1785747900,2436.8,2438.6,2435.4,2437.7,39989
1785748200,2437.7,2442.9,2437.0,2442.0,57158
1785748500,2442.2,2446.7,2441.4,2445.3,73403
1785748800,2444.5,2446.7,2444.3,2445.3,46759
1785749100,2445.3,2446.9,2444.0,2445.3,50664
1785749400,2446.0,2454.1,2445.0,2452.4,123104
1785749700,2451.0,2456.0,2449.3,2454.3,110749
1785750000,2453.6,2464.9,2450.0,2450.0,167571
1785750300,2451.2,2451.2,2451.2,2451.2,1
1785750600,2451.2,2451.2,2451.2,2451.2,0
1785750900,2451.2,2473.7,2451.2,2473.7,112039
1785815100,2463.1,2467.4,2435.1,2438.1,188572
1785815400,2437.9,2449.5,2437.0,2447.6,68993
1785815700,2448.3,2448.9,2438.5,2439.4,70121
1785816000,2439.4,2441.9,2437.9,2441.8,37016
1785816300,2441.9,2443.4,2439.2,2440.0,41001
1785816600,2440.6,2446.3,2439.5,2443.1,38697
1785816900,2442.1,2443.8,2440.2,2442.4,24229
1785817200,2442.4,2443.7,2436.4,2438.2,33734
1785817500,2438.1,2441.9,2437.5,2441.2,30385
1785817800,2441.2,2441.7,2438.1,2438.5,23623
1785818100,2438.9,2439.6,2436.5,2438.7,32517
1785818400,2438.7,2441.9,2438.6,2441.0,18919
1785818700,2441.0,2441.7,2439.8,2440.9,16424
1785819000,2440.7,2442.0,2439.0,2440.5,24255
1785819300,2440.8,2442.5,2440.0,2442.2,27328
1785819600,2442.3,2446.0,2442.0,2442.2,42913
1785819900,2442.2,2445.0,2442.0,2444.6,18761
1785820200,2444.6,2446.0,2443.6,2445.7,26854
1785820500,2445.7,2445.7,2443.0,2444.9,25582
1785820800,2444.9,2450.1,2444.0,2449.2,37822
1785821100,2449.5,2449.8,2446.5,2448.7,25801
1785821400,2448.7,2450.2,2448.1,2448.1,23774
1785821700,2449.0,2452.9,2447.4,2451.0,37979
1785822000,2451.4,2451.6,2448.0,2450.6,22671
1785822300,2450.3,2455.0,2449.3,2454.8,24303
1785822600,2454.7,2455.0,2453.0,2454.0,21278
1785822900,2454.0,2454.0,2453.0,2453.9,17916
1785823200,2453.9,2456.0,2453.0,2454.0,27962
1785823500,2453.9,2456.6,2453.3,2456.4,36144
1785823800,2456.4,2459.7,2455.2,2457.5,36239
1785824100,2458.0,2459.5,2455.4,2455.6,29042
1785824400,2456.5,2457.2,2451.0,2453.7,19919
1785824700,2453.7,2455.0,2451.6,2451.7,17964
1785825000,2451.8,2451.8,2448.1,2450.2,22753
1785825300,2450.6,2450.6,2446.4,2448.0,35230
1785825600,2448.9,2451.0,2447.1,2450.9,19295
1785825900,2450.9,2454.9,2445.9,2452.2,37651
1785826200,2452.7,2452.7,2447.8,2451.5,17273
1785826500,2451.3,2451.9,2450.0,2451.5,19396
1785826800,2451.6,2453.0,2450.0,2450.9,21051
1785827100,2451.8,2452.1,2449.6,2451.7,14637
1785827400,2451.9,2453.0,2449.7,2451.6,17980
1785827700,2452.0,2456.0,2451.3,2452.8,27155
1785828000,2452.8,2453.8,2451.6,2452.1,17284
1785828300,2452.1,2453.0,2450.3,2452.0,17605
1785828600,2451.9,2453.5,2450.2,2453.1,11788
1785828900,2453.5,2453.6,2450.5,2450.5,12294
1785829200,2450.5,2453.5,2450.5,2452.3,12681
1785829500,2452.9,2455.0,2452.3,2454.2,21826
1785829800,2454.9,2456.8,2454.0,2456.3,21504
1785830100,2456.8,2457.9,2455.0,2456.0,21945
1785830400,2456.0,2459.4,2455.1,2458.6,25396
1785830700,2458.6,2458.6,2456.9,2457.4,12573
1785831000,2457.7,2458.0,2454.6,2456.0,10445
1785831300,2456.0,2457.7,2454.4,2456.9,17499
1785831600,2456.9,2456.9,2454.0,2454.3,24870
1785831900,2454.1,2456.0,2454.1,2455.2,42247
1785832200,2455.8,2455.9,2453.0,2454.0,13160
1785832500,2454.1,2457.0,2453.6,2455.7,21200
1785832800,2456.0,2457.2,2454.4,2455.0,268361
1785833100,2456.1,2456.1,2451.7,2453.6,40943
1785833400,2453.5,2453.9,2449.6,2451.6,37896
1785833700,2451.6,2453.3,2448.1,2448.1,33291
1785834000,2448.2,2448.2,2443.3,2445.2,43863
1785834300,2445.4,2445.6,2442.2,2444.6,41647
1785834600,2444.4,2444.9,2443.3,2443.5,40660
1785834900,2443.4,2445.8,2442.7,2445.8,33229
1785835200,2445.4,2448.1,2445.1,2447.7,45166
1785835500,2447.6,2448.4,2445.7,2447.4,55442
1785835800,2447.4,2449.6,2443.8,2443.9,59627
1785836100,2443.9,2443.9,2440.4,2443.0,84390
1785836400,2443.0,2445.1,2440.5,2443.0,81295
1785836700,2443.8,2443.8,2443.8,2443.8,100
1785837000,2443.8,2443.8,2443.8,2443.8,0
1785837300,2443.8,2460.0,2443.8,2460.0,172564
1785901500,2460.0,2460.9,2436.9,2438.3,151851
1785901800,2438.0,2443.6,2437.6,2441.3,63386
1785902100,2441.4,2441.4,2437.8,2439.6,68047
1785902400,2439.6,2442.0,2437.0,2437.0,40198
1785902700,2437.0,2438.9,2435.0,2438.7,52157
1785903000,2438.7,2443.5,2438.6,2443.5,48865
1785903300,2443.5,2443.5,2439.1,2439.8,35819
1785903600,2439.2,2441.0,2432.0,2432.0,46086
1785903900,2432.4,2434.0,2431.3,2433.6,34879
1785904200,2433.5,2434.0,2432.1,2432.5,33594
1785904500,2432.7,2433.0,2430.0,2431.0,34251
1785904800,2430.6,2433.6,2430.0,2432.7,49896
1785905100,2433.4,2434.0,2430.7,2432.5,29895
1785905400,2432.7,2439.5,2432.4,2437.6,42570
1785905700,2437.9,2438.3,2436.1,2437.0,22398
1785906000,2437.2,2437.9,2436.0,2436.1,14443
1785906300,2436.5,2437.7,2434.6,2437.2,45525
1785906600,2437.6,2443.0,2437.1,2441.1,48688
1785906900,2441.4,2441.4,2437.3,2437.4,16471
1785907200,2437.9,2440.7,2436.2,2440.7,21469
1785907500,2440.7,2446.5,2440.4,2444.4,63302
1785907800,2444.4,2445.6,2442.6,2442.9,26146
1785908100,2442.9,2443.0,2438.9,2439.3,26290
1785908400,2438.9,2440.0,2437.2,2437.9,12536
1785908700,2437.6,2437.9,2434.6,2434.6,22296
1785909000,2435.4,2436.5,2434.6,2435.0,10980
1785909300,2435.2,2436.2,2432.3,2432.4,26513
1785909600,2432.4,2432.5,2430.5,2431.2,25169
1785909900,2431.0,2432.4,2430.1,2432.2,17210
1785910200,2432.2,2432.2,2427.6,2429.2,42264
1785910500,2429.4,2430.0,2428.0,2429.9,15829
1785910800,2429.8,2431.6,2429.8,2430.7,26095
1785911100,2430.8,2432.5,2430.0,2431.3,18157
1785911400,2431.8,2432.7,2431.0,2431.7,15452
1785911700,2431.0,2431.7,2430.0,2430.4,9887
1785912000,2430.4,2430.4,2429.0,2429.4,16186
1785912300,2429.2,2430.7,2428.0,2429.6,24111
1785912600,2429.6,2430.5,2428.0,2428.4,23789
1785912900,2428.4,2428.7,2427.4,2427.9,17714
1785913200,2428.0,2428.2,2424.3,2424.5,35384
1785913500,2425.2,2427.8,2423.0,2426.4,52557
1785913800,2426.5,2426.6,2424.9,2425.4,8589
1785914100,2426.0,2426.0,2424.0,2424.7,11295
1785914400,2424.7,2425.0,2418.4,2420.0,114009
1785914700,2420.0,2421.3,2414.0,2414.9,117572
1785915000,2414.9,2420.0,2414.0,2419.6,91924
1785915300,2419.6,2421.9,2418.1,2421.7,25304
1785915600,2421.6,2422.6,2421.0,2422.1,25645
1785915900,2422.0,2423.1,2420.5,2421.2,38056
1785916200,2421.0,2421.4,2419.0,2419.6,25315
1785916500,2419.6,2420.9,2418.0,2418.0,20727
1785916800,2418.1,2419.9,2416.0,2417.3,26544
1785917100,2417.2,2418.9,2416.5,2416.5,12725
1785917400,2416.9,2417.2,2413.1,2414.7,28315
1785917700,2415.0,2416.0,2413.3,2415.2,21453
1785918000,2415.3,2415.8,2413.6,2414.0,22030
1785918300,2414.0,2414.7,2410.9,2411.6,49150
1785918600,2411.6,2412.0,2410.7,2411.9,65141
1785918900,2411.9,2412.5,2410.3,2411.2,70470
1785919200,2411.1,2412.4,2409.6,2410.0,27170
1785919500,2410.4,2410.6,2408.7,2409.7,34824
1785919800,2409.7,2411.3,2409.6,2410.6,23462
1785920100,2410.7,2412.2,2410.0,2411.0,29460
1785920400,2411.0,2412.4,2410.2,2410.8,37274
1785920700,2410.7,2411.8,2409.8,2410.9,30194
1785921000,2410.8,2410.9,2408.8,2410.0,27623
1785921300,2409.9,2410.9,2408.2,2410.3,35328
1785921600,2409.7,2410.4,2408.3,2409.2,33763
1785921900,2409.4,2410.7,2408.0,2409.5,50414
1785922200,2409.6,2410.5,2408.5,2408.9,65690
1785922500,2408.9,2412.0,2408.0,2410.8,95720
1785922800,2411.0,2419.6,2408.8,2419.5,137708
1785923100,2414.2,2414.2,2414.2,2414.2,425
1785923400,2414.2,2414.2,2414.2,2414.2,0
1785923700,2414.2,2414.2,2413.0,2413.0,168428
1785987900,2417.0,2434.5,2417.0,2422.7,194359
1785988200,2422.8,2426.4,2410.5,2410.6,100334
1785988500,2412.4,2414.1,2403.9,2409.9,92391
1785988800,2410.0,2412.7,2406.6,2407.9,34531
1785989100,2407.5,2409.7,2407.0,2408.1,24077
1785989400,2408.4,2409.4,2407.6,2408.0,23553
1785989700,2409.8,2410.0,2407.0,2408.5,13811
1785990000,2409.1,2410.0,2405.5,2406.0,28320
1785990300,2406.3,2407.1,2400.0,2405.0,52675
1785990600,2405.0,2405.0,2401.0,2401.6,15452
1785990900,2401.9,2403.6,2400.0,2403.0,16222
1785991200,2403.1,2405.7,2402.3,2404.3,16851
1785991500,2404.4,2404.5,2396.0,2397.7,46832
1785991800,2397.8,2398.9,2397.0,2398.6,13677
1785992100,2398.7,2398.8,2397.1,2397.8,12406
1785992400,2397.8,2402.4,2397.2,2401.5,22708
1785992700,2401.2,2402.8,2400.7,2402.8,12382
1785993000,2402.8,2402.8,2399.3,2400.9,22880
1785993300,2401.1,2403.0,2399.3,2400.4,17625
1785993600,2400.4,2402.0,2398.6,2402.0,23164
1785993900,2401.8,2402.9,2397.4,2399.0,13750
1785994200,2399.3,2399.9,2398.0,2399.8,13195
1785994500,2399.9,2404.6,2399.8,2404.0,20936
1785994800,2404.2,2405.8,2402.1,2402.8,17632
1785995100,2401.8,2404.7,2401.8,2402.5,13104
1785995400,2403.9,2406.5,2403.4,2404.2,16142
1785995700,2404.5,2405.3,2403.0,2403.8,11984
1785996000,2403.9,2405.1,2402.4,2403.3,10262
1785996300,2403.3,2405.0,2402.4,2403.4,12235
1785996600,2403.2,2403.6,2400.4,2401.0,10355
1785996900,2400.9,2401.0,2400.0,2400.4,7628
1785997200,2400.5,2402.8,2400.5,2402.6,11209
1785997500,2402.5,2403.6,2400.9,2403.1,9875
1785997800,2403.0,2403.4,2400.0,2401.0,8567
1785998100,2400.8,2402.7,2400.2,2401.4,9583
1785998400,2401.3,2402.4,2398.9,2400.1,24024
1785998700,2399.7,2401.1,2399.6,2400.0,6437
1785999000,2400.0,2400.2,2389.7,2395.2,138233
1785999300,2395.1,2397.0,2389.8,2393.4,113480
1785999600,2393.4,2395.5,2392.2,2393.9,16051
1785999900,2394.3,2395.5,2392.5,2392.5,10591
1786000200,2392.6,2393.4,2389.0,2392.4,26800
1786000500,2392.5,2392.5,2391.0,2391.1,10124
1786000800,2391.0,2394.5,2391.0,2394.1,15489
1786001100,2394.5,2395.9,2391.2,2391.8,24903
1786001400,2392.6,2393.2,2391.6,2392.6,8302
1786001700,2392.5,2393.2,2391.0,2391.0,10151
1786002000,2391.1,2394.0,2388.0,2389.6,19932
1786002300,2389.6,2392.8,2388.0,2392.3,37475
1786002600,2392.3,2393.7,2387.0,2387.0,22910
1786002900,2387.1,2388.8,2386.6,2388.3,17041
1786003200,2388.3,2389.5,2388.0,2388.5,10727
1786003500,2388.5,2392.7,2387.1,2388.8,29755
1786003800,2388.8,2389.1,2387.0,2387.4,10739
1786004100,2387.4,2388.7,2386.0,2386.0,38709
1786004400,2386.1,2388.9,2384.8,2388.8,34287
1786004700,2388.7,2391.6,2387.5,2390.6,40822
1786005000,2390.2,2391.0,2387.7,2390.1,18625
1786005300,2390.4,2390.9,2388.4,2390.3,16105
1786005600,2390.3,2390.3,2388.0,2389.2,19729
1786005900,2389.1,2391.4,2388.6,2390.6,27292
1786006200,2390.6,2391.0,2385.0,2385.6,77235
1786006500,2385.9,2386.5,2383.6,2385.3,30860
1786006800,2385.4,2385.6,2383.1,2384.6,51820
1786007100,2385.1,2385.6,2382.8,2384.4,29268
1786007400,2384.0,2384.7,2380.3,2382.2,72191
1786007700,2382.2,2383.0,2380.4,2380.7,45969
1786008000,2380.6,2381.5,2378.0,2378.8,48921
1786008300,2378.8,2378.8,2374.0,2375.5,73089
1786008600,2375.0,2377.2,2371.2,2372.3,79393
1786008900,2372.4,2374.0,2368.5,2371.2,256510
1786009200,2371.5,2375.0,2369.0,2375.0,133916
1786009500,2374.9,2374.9,2374.9,2374.9,74
1786009800,2374.9,2374.9,2374.9,2374.9,0
1786010100,2374.9,2374.9,2373.0,2373.0,75735
1786074300,2375.0,2408.3,2375.0,2406.0,236999
1786074600,2406.7,2426.8,2406.0,2425.8,292530
1786074900,2425.6,2430.0,2420.9,2426.5,114716
1786075200,2425.3,2435.0,2423.0,2431.6,106359
1786075500,2430.4,2440.9,2428.3,2439.5,94344
1786075800,2439.8,2441.0,2435.0,2438.2,61456
1786076100,2438.8,2445.0,2437.3,2443.6,97301
1786076400,2444.2,2450.0,2443.4,2445.6,107540
1786076700,2446.3,2447.4,2441.0,2445.6,50464
1786077000,2445.7,2452.5,2445.3,2448.8,150340
1786077300,2448.9,2451.6,2440.2,2442.0,87594
1786077600,2442.0,2442.9,2437.5,2439.6,88881
1786077900,2439.8,2439.8,2432.1,2433.2,54391
1786078200,2433.5,2433.5,2426.3,2426.3,142596
1786078500,2426.5,2428.8,2424.0,2426.3,95775
1786078800,2426.2,2431.4,2425.3,2428.5,70668
1786079100,2428.6,2428.8,2423.2,2428.6,36298
1786079400,2428.6,2428.8,2421.7,2426.6,130684
1786079700,2426.7,2428.8,2423.8,2424.8,39509
1786080000,2424.8,2428.2,2423.6,2427.9,25951
1786080300,2427.9,2428.7,2424.2,2426.3,116501
1786080600,2426.2,2427.0,2424.5,2424.5,16994
1786080900,2424.6,2427.0,2423.4,2427.0,237198
1786081200,2426.9,2430.0,2426.5,2429.9,48897
1786081500,2429.9,2433.6,2429.1,2430.9,79225
1786081800,2431.0,2431.0,2426.8,2429.9,24928
1786082100,2429.9,2435.0,2429.3,2435.0,26945
1786082400,2435.0,2438.0,2434.5,2436.0,31839
1786082700,2436.0,2438.0,2435.5,2436.8,27550
1786083000,2436.0,2438.5,2434.0,2437.7,20306
1786083300,2437.6,2438.0,2433.6,2434.5,20110
1786083600,2434.5,2435.5,2433.0,2434.2,18631
1786083900,2434.2,2435.6,2432.1,2432.9,15818
1786084200,2432.9,2436.2,2431.6,2435.0,18934
1786084500,2435.2,2435.5,2432.7,2434.7,10978
1786084800,2434.7,2436.0,2433.0,2435.2,17121
1786085100,2435.2,2435.3,2431.3,2432.4,15983
1786085400,2432.4,2435.0,2432.0,2433.0,8541
1786085700,2433.1,2433.9,2431.3,2431.9,16843
1786086000,2431.9,2432.9,2430.3,2431.8,11600
1786086300,2431.8,2433.4,2430.5,2432.7,11246
1786086600,2432.2,2432.7,2430.8,2431.3,9007
1786086900,2431.2,2431.5,2429.6,2431.4,18367
1786087200,2431.4,2434.9,2430.5,2434.0,16672
1786087500,2433.9,2434.0,2430.5,2433.8,19214
1786087800,2433.9,2437.7,2432.1,2436.5,27765
1786088100,2436.5,2440.0,2435.9,2437.8,46209
1786088400,2437.8,2438.5,2433.5,2434.8,26214
1786088700,2434.8,2439.9,2434.8,2436.4,20727
1786089000,2436.4,2439.3,2435.0,2438.8,25166
1786089300,2438.8,2445.0,2438.4,2444.5,84252
1786089600,2444.5,2453.4,2444.0,2447.0,226280
1786089900,2447.2,2451.6,2446.1,2448.6,40169
1786090200,2449.0,2449.7,2447.2,2448.0,21977
1786090500,2448.1,2448.1,2444.5,2447.2,45183
1786090800,2447.2,2448.6,2446.6,2447.5,17881
1786091100,2447.6,2449.5,2446.8,2448.9,32889
1786091400,2449.0,2449.0,2446.0,2447.6,23991
1786091700,2447.8,2447.9,2445.8,2447.1,26877
1786092000,2447.3,2447.3,2444.8,2445.8,27101
1786092300,2445.9,2448.9,2444.1,2447.8,35636
1786092600,2448.2,2448.6,2444.4,2446.5,31648
1786092900,2446.6,2447.0,2445.0,2445.6,23046
1786093200,2445.5,2448.2,2444.9,2447.7,24920
1786093500,2447.8,2447.9,2446.1,2447.0,19871
1786093800,2446.8,2449.0,2446.0,2446.9,48837
1786094100,2447.0,2447.0,2445.0,2446.7,39215
1786094400,2446.7,2446.9,2444.3,2446.4,35431
1786094700,2446.4,2447.1,2446.0,2447.0,37141
1786095000,2447.0,2448.9,2446.4,2448.2,70527
1786095300,2448.2,2455.8,2447.5,2455.0,247040
1786095600,2455.2,2457.7,2451.1,2455.0,209931
1786095900,2455.0,2455.0,2455.0,2455.0,297
1786096200,2455.0,2455.0,2455.0,2455.0,0
1786096500,2455.0,2455.0,2452.7,2452.7,67666
1786333500,2452.7,2456.0,2443.8,2454.9,146278
1786333800,2455.0,2456.1,2449.1,2452.7,66264
1786334100,2452.9,2461.3,2452.2,2458.8,47637
1786334400,2459.0,2463.7,2453.9,2455.0,76166
1786334700,2454.9,2457.3,2451.5,2456.8,52573
1786335000,2456.8,2457.3,2452.5,2452.6,23693
1786335300,2452.6,2454.4,2448.2,2452.8,44875
1786335600,2452.8,2459.5,2447.0,2455.9,55043
1786335900,2455.9,2468.4,2450.0,2463.7,76937
1786336200,2464.2,2464.9,2458.0,2462.0,24883
1786336500,2461.9,2462.9,2457.0,2459.8,21330
1786336800,2459.0,2461.7,2457.9,2457.9,15253
1786337100,2457.8,2460.9,2457.8,2460.9,25455
1786337400,2460.8,2470.9,2459.5,2469.5,56903
1786337700,2469.0,2472.9,2466.0,2467.3,71739
1786338000,2467.0,2469.9,2466.0,2467.5,28802
1786338300,2467.6,2469.0,2466.1,2467.0,24696
1786338600,2467.0,2467.0,2465.3,2465.7,12046
1786338900,2465.6,2467.8,2464.3,2464.8,28281
1786339200,2464.8,2464.8,2462.0,2462.8,14298
1786339500,2462.8,2462.8,2459.3,2461.9,24861
1786339800,2461.9,2462.7,2460.0,2461.9,14679
1786340100,2461.9,2462.5,2459.0,2460.8,18848
1786340400,2460.7,2461.0,2455.3,2459.7,35113
1786340700,2459.7,2461.5,2458.2,2460.5,20752
1786341000,2460.3,2463.6,2459.5,2463.5,27388
1786341300,2463.3,2466.2,2461.5,2461.5,36564
1786341600,2461.8,2461.9,2458.0,2458.7,20249
1786341900,2458.9,2460.4,2456.6,2458.5,59882
1786342200,2458.8,2459.7,2451.8,2452.9,38958
1786342500,2453.0,2453.0,2445.0,2447.0,47845
1786342800,2446.5,2450.2,2445.4,2445.8,30789
1786343100,2445.5,2446.8,2443.0,2444.3,29949
1786343400,2444.7,2446.8,2443.5,2445.9,14785
1786343700,2446.2,2446.8,2443.3,2445.6,17772
1786344000,2445.7,2450.7,2444.5,2450.5,24574
1786344300,2450.3,2450.7,2447.6,2448.2,14459
1786344600,2448.2,2448.8,2441.0,2441.9,29112
1786344900,2441.9,2444.5,2440.0,2440.3,20937
1786345200,2440.6,2442.6,2440.0,2441.5,37922
1786345500,2441.5,2442.3,2437.4,2438.4,34940
1786345800,2438.8,2440.0,2436.3,2437.5,26597
1786346100,2437.0,2439.2,2436.9,2438.6,11264
1786346400,2438.6,2440.5,2438.0,2438.9,12697
1786346700,2438.9,2439.0,2436.3,2436.9,11182
1786347000,2436.9,2438.0,2435.1,2438.0,19393
1786347300,2438.0,2441.1,2437.2,2438.1,18910
1786347600,2437.8,2438.5,2436.0,2436.9,17854
1786347900,2436.9,2438.8,2435.3,2436.6,13534
1786348200,2436.1,2436.5,2435.0,2436.5,8139
1786348500,2435.9,2441.9,2435.9,2441.2,25966
1786348800,2441.1,2442.4,2440.0,2442.0,13425
1786349100,2441.6,2442.0,2440.0,2440.3,9239
1786349400,2440.4,2444.0,2440.0,2442.9,43609
1786349700,2442.7,2443.2,2441.5,2442.2,15510
1786350000,2442.2,2442.7,2440.7,2442.4,15025
1786350300,2442.4,2442.5,2440.1,2440.5,11129
1786350600,2440.7,2442.0,2438.8,2439.9,40052
1786350900,2439.9,2440.0,2437.5,2438.3,9547
1786351200,2438.4,2438.8,2435.0,2437.1,24720
1786351500,2437.1,2440.2,2436.6,2438.8,27376
1786351800,2438.8,2441.9,2438.6,2441.4,14063
1786352100,2441.1,2443.4,2438.4,2440.6,27508
1786352400,2440.5,2441.4,2436.7,2436.7,16299
1786352700,2436.3,2436.9,2435.2,2436.0,20877
1786353000,2435.2,2436.3,2434.0,2435.0,22177
1786353300,2434.7,2435.6,2432.1,2433.4,36438
1786353600,2433.7,2435.7,2433.2,2435.0,19664
1786353900,2435.3,2439.9,2435.3,2437.8,55620
1786354200,2437.8,2438.0,2433.1,2433.1,35743
1786354500,2434.4,2435.3,2427.0,2427.5,64398
1786354800,2428.6,2431.8,2423.5,2431.4,54005
1786355100,2431.4,2431.4,2431.4,2431.4,532
1786355400,2431.4,2431.4,2431.4,2431.4,0
1786355700,2431.4,2431.4,2425.7,2425.7,51309
1786419900,2438.0,2456.6,2431.1,2452.0,121789
1786420200,2453.6,2453.6,2444.4,2445.1,43201
1786420500,2445.1,2447.6,2443.0,2444.9,56317
1786420800,2445.9,2447.2,2442.8,2447.0,22382
1786421100,2446.4,2447.0,2438.5,2439.1,25437
1786421400,2438.0,2439.1,2433.4,2435.3,31013
1786421700,2436.0,2436.5,2433.0,2434.8,15096
1786422000,2434.5,2437.9,2434.5,2437.0,13020
1786422300,2437.8,2439.5,2432.1,2438.5,26228
1786422600,2438.6,2439.6,2432.6,2438.7,43897
1786422900,2438.0,2438.4,2430.8,2435.0,31685
1786423200,2435.9,2435.9,2430.8,2432.5,10960
1786423500,2432.4,2434.0,2430.0,2430.1,13637
1786423800,2429.8,2435.2,2428.0,2434.4,30188
1786424100,2434.5,2435.4,2433.3,2434.3,10656
1786424400,2434.2,2435.1,2433.2,2435.1,6058
1786424700,2435.1,2435.6,2434.0,2434.9,9336
1786425000,2434.9,2436.3,2434.0,2435.9,12007
1786425300,2435.8,2435.9,2433.6,2433.9,9446
1786425600,2434.1,2434.8,2431.7,2434.0,9891
1786425900,2434.0,2436.5,2433.9,2436.5,8386
1786426200,2436.0,2436.7,2431.1,2431.9,4645
1786426500,2431.4,2432.7,2430.5,2430.8,7170
1786426800,2431.3,2433.4,2430.3,2432.9,7779
1786427100,2432.9,2433.7,2431.1,2431.6,5764
1786427400,2432.4,2435.3,2431.5,2434.2,9014
1786427700,2434.4,2434.6,2431.8,2432.9,6139
1786428000,2432.9,2437.0,2431.2,2435.8,8285
1786428300,2435.4,2438.3,2431.1,2437.5,23561
1786428600,2437.2,2443.8,2433.9,2441.9,34536
1786428900,2441.0,2443.2,2438.9,2441.8,21598
1786429200,2441.8,2441.9,2438.8,2439.7,9504
1786429500,2439.9,2440.1,2437.6,2439.6,9208
1786429800,2439.5,2439.9,2438.1,2438.3,3651
1786430100,2438.9,2438.9,2436.9,2438.0,6840
1786430400,2437.9,2442.4,2437.5,2442.3,25837
1786430700,2441.6,2442.1,2438.9,2438.9,12732
1786431000,2438.9,2441.4,2437.0,2437.6,22774
1786431300,2437.8,2439.6,2437.2,2439.0,13254
1786431600,2438.7,2441.3,2438.7,2440.0,6575
1786431900,2439.3,2440.6,2436.8,2436.8,6226
1786432200,2438.6,2439.6,2436.8,2438.7,12684
1786432500,2438.4,2439.6,2436.3,2437.0,3699
1786432800,2437.1,2438.0,2436.0,2437.4,7517
1786433100,2437.4,2437.7,2434.1,2437.1,23450
1786433400,2437.0,2440.9,2435.9,2440.5,12756
1786433700,2440.6,2441.0,2438.1,2440.4,10597
1786434000,2440.4,2441.6,2439.1,2441.0,6946
1786434300,2440.8,2443.6,2439.2,2442.5,15326
1786434600,2442.5,2442.5,2439.0,2440.6,12844
1786434900,2440.6,2441.8,2439.5,2440.0,16686
1786435200,2440.8,2442.6,2438.4,2442.0,12144
1786435500,2442.0,2442.6,2440.7,2441.6,5031
1786435800,2441.6,2442.7,2440.5,2441.5,8236
1786436100,2441.5,2441.8,2440.4,2440.9,9178
1786436400,2441.4,2441.4,2440.0,2441.0,5376
1786436700,2441.0,2441.1,2439.3,2441.1,10699
1786437000,2440.3,2441.8,2439.2,2439.9,7782
1786437300,2439.4,2441.0,2437.0,2440.0,28989
1786437600,2440.9,2441.0,2439.2,2440.0,7814
1786437900,2440.0,2440.8,2437.1,2440.4,19983
1786438200,2440.5,2441.6,2439.6,2440.0,13671
1786438500,2440.0,2441.1,2437.8,2440.3,24055
1786438800,2440.0,2441.0,2438.7,2440.0,10646
1786439100,2440.8,2441.4,2437.8,2438.0,25860
1786439400,2438.7,2440.6,2438.0,2439.3,13759
1786439700,2439.3,2439.9,2438.0,2438.8,11732
1786440000,2439.7,2439.9,2438.1,2438.1,11580
1786440300,2438.9,2440.1,2436.7,2440.1,40038
1786440600,2440.0,2440.3,2435.2,2439.7,51099
1786440900,2439.7,2442.0,2435.0,2440.5,111944
1786441200,2440.5,2445.4,2434.9,2442.1,95534
1786441500,2442.1,2442.1,2442.1,2442.1,0
1786441800,2442.1,2442.1,2442.1,2442.1,0
1786442100,2442.1,2442.1,2442.1,2442.1,0
1786506300,2445.7,2445.8,2424.5,2432.4,87532
1786506600,2433.1,2435.3,2430.8,2435.0,77382
1786506900,2435.2,2437.8,2431.5,2437.8,31077
1786507200,2438.2,2439.4,2436.0,2436.3,15032
1786507500,2436.9,2437.5,2431.0,2434.1,16436
1786507800,2434.1,2437.1,2434.1,2436.0,19835
1786508100,2436.0,2438.1,2425.9,2426.8,36024
1786508400,2426.9,2429.8,2426.0,2428.1,17517
1786508700,2429.0,2429.0,2426.0,2426.2,14848
1786509000,2426.4,2426.5,2420.8,2422.0,26576
1786509300,2421.8,2422.6,2419.0,2420.0,21369
1786509600,2420.0,2420.3,2416.5,2417.8,18191
1786509900,2417.2,2418.9,2415.5,2417.2,18595
1786510200,2416.5,2417.6,2416.0,2416.4,13295
1786510500,2416.4,2418.9,2411.0,2411.0,25219
1786510800,2411.2,2413.8,2410.0,2410.9,18085
1786511100,2410.7,2413.3,2410.1,2412.4,14409
1786511400,2412.2,2412.3,2405.0,2406.4,30457
1786511700,2406.6,2406.6,2395.6,2396.7,51759
1786512000,2396.5,2397.1,2389.2,2393.2,61081
1786512300,2393.5,2393.8,2337.3,2345.2,474951
1786512600,2345.2,2359.6,2327.2,2331.0,339538
1786512900,2331.0,2355.5,2322.0,2342.4,507815
1786513200,2342.4,2354.0,2338.0,2346.3,256363
1786513500,2346.4,2347.5,2338.2,2347.5,137205
1786513800,2347.4,2350.0,2344.2,2344.5,127564
1786514100,2344.8,2349.6,2341.5,2343.6,82399
1786514400,2343.5,2349.5,2340.3,2348.9,51485
1786514700,2349.0,2350.0,2345.0,2348.2,42108
1786515000,2348.1,2355.0,2346.6,2351.4,89863
1786515300,2351.5,2354.3,2348.3,2349.1,61327
1786515600,2349.1,2350.0,2317.1,2319.7,285471
1786515900,2319.5,2324.4,2301.1,2302.3,272695
1786516200,2302.8,2316.0,2301.0,2303.1,498557
1786516500,2304.7,2310.7,2300.1,2307.1,138139
1786516800,2307.4,2316.0,2304.3,2315.0,151727
1786517100,2315.1,2322.3,2315.0,2321.6,88503
1786517400,2321.6,2326.2,2316.8,2325.5,111339
1786517700,2325.5,2325.8,2315.6,2317.8,74458
1786518000,2317.8,2324.2,2316.7,2323.3,45575
1786518300,2323.3,2332.7,2322.0,2331.7,106966
1786518600,2331.7,2336.7,2328.0,2332.3,180096
1786518900,2332.1,2336.0,2326.0,2335.1,83242
1786519200,2335.1,2336.6,2330.1,2336.0,81496
1786519500,2336.1,2336.5,2316.9,2317.3,227775
1786519800,2317.1,2321.6,2316.6,2320.0,99866
1786520100,2320.0,2323.9,2318.2,2323.0,53244
1786520400,2323.0,2325.6,2322.6,2325.2,55167
1786520700,2325.2,2327.2,2324.1,2324.7,56542
1786521000,2324.9,2326.3,2322.9,2323.4,27754
1786521300,2323.4,2325.5,2322.2,2323.8,51780
1786521600,2323.9,2324.1,2320.4,2322.0,34551
1786521900,2322.1,2324.7,2321.0,2321.7,30657
1786522200,2321.9,2325.0,2320.0,2324.6,63389
1786522500,2324.6,2325.3,2322.3,2323.8,28611
1786522800,2323.8,2324.0,2320.0,2322.0,34173
1786523100,2322.0,2325.0,2321.1,2325.0,37943
1786523400,2324.8,2329.7,2324.5,2326.9,50284
1786523700,2326.9,2328.0,2326.4,2327.1,27483
1786524000,2326.7,2329.3,2325.0,2327.5,87269
1786524300,2327.5,2334.6,2327.3,2333.2,70284
1786524600,2333.2,2335.2,2328.9,2329.2,64016
1786524900,2329.3,2335.1,2329.2,2333.4,108767
1786525200,2333.7,2338.2,2332.6,2333.1,108876
1786525500,2332.7,2336.0,2332.0,2334.0,58921
1786525800,2334.2,2340.4,2334.0,2336.0,96621
1786526100,2336.2,2337.1,2332.5,2334.1,47630
1786526400,2334.2,2340.5,2332.5,2340.0,98947
1786526700,2340.0,2341.4,2336.1,2336.6,64425
1786527000,2336.5,2341.0,2335.4,2340.0,99649
1786527300,2340.0,2342.0,2335.1,2338.4,117058
1786527600,2338.3,2341.2,2337.0,2339.0,133648
1786527900,2339.0,2339.0,2339.0,2339.0,0
1786528200,2339.0,2339.0,2339.0,2339.0,0
1786528500,2339.0,2349.7,2339.0,2349.7,68004
1786592700,2349.7,2354.5,2332.3,2339.0,102801
1786593000,2339.9,2345.1,2338.6,2342.0,50345
1786593300,2342.9,2349.5,2341.0,2348.8,29653
1786593600,2349.0,2349.4,2344.0,2348.4,39751
1786593900,2347.1,2348.8,2345.8,2346.6,21145
1786594200,2346.6,2348.5,2343.5,2347.0,30404
1786594500,2347.4,2347.4,2345.0,2345.4,10269
1786594800,2345.4,2345.4,2341.1,2343.5,26042
1786595100,2343.7,2343.7,2341.0,2341.0,10451
1786595400,2341.5,2341.8,2337.8,2338.0,24123
1786595700,2338.9,2345.2,2338.0,2343.2,16039
1786596000,2343.2,2346.0,2340.0,2345.0,18834
1786596300,2345.2,2345.9,2343.0,2344.4,5473
1786596600,2344.9,2345.7,2335.1,2340.3,41785
1786596900,2341.0,2342.5,2340.2,2340.4,8743
1786597200,2340.4,2342.5,2339.8,2342.4,8397
1786597500,2342.4,2343.9,2341.8,2343.4,7339
1786597800,2343.4,2344.6,2342.2,2343.1,6807
1786598100,2343.3,2347.0,2343.0,2345.9,14552
1786598400,2346.0,2346.9,2344.2,2345.5,19485
1786598700,2345.9,2346.3,2344.1,2345.9,10364
1786599000,2346.0,2346.0,2344.0,2345.6,8965
1786599300,2345.6,2347.4,2342.5,2345.9,22147
1786599600,2345.9,2346.5,2343.7,2346.5,8569
1786599900,2345.9,2347.9,2345.9,2347.7,8602
1786600200,2347.9,2349.0,2346.6,2349.0,8167
1786600500,2349.0,2351.2,2345.0,2346.5,60900
1786600800,2346.5,2347.4,2345.2,2347.2,26302
1786601100,2347.2,2347.9,2346.0,2347.0,8548
1786601400,2347.4,2350.9,2347.0,2349.8,16420
1786601700,2348.0,2357.8,2347.7,2354.4,60020
1786602000,2354.9,2362.3,2354.8,2360.0,53051
1786602300,2360.0,2367.0,2359.2,2365.4,62598
1786602600,2365.5,2369.9,2365.0,2365.8,49513
1786602900,2365.9,2368.0,2363.6,2364.4,35504
1786603200,2365.0,2365.0,2360.1,2360.8,21869
1786603500,2361.0,2361.9,2360.0,2360.0,15461
1786603800,2360.1,2363.0,2357.5,2362.8,47586
1786604100,2362.8,2363.0,2360.0,2360.8,11708
1786604400,2360.8,2364.9,2360.0,2364.9,16110
1786604700,2364.4,2364.4,2360.1,2362.0,18880
1786605000,2362.0,2363.0,2360.7,2361.3,11712
1786605300,2362.4,2365.8,2361.0,2362.1,24168
1786605600,2363.2,2364.6,2360.3,2363.2,23548
1786605900,2363.3,2363.8,2361.5,2363.4,6394
1786606200,2363.5,2363.5,2360.5,2361.2,9419
1786606500,2361.6,2363.4,2360.3,2360.3,38547
1786606800,2361.2,2364.8,2358.0,2364.0,64294
1786607100,2364.8,2367.5,2362.0,2364.7,33973
1786607400,2365.6,2368.0,2364.5,2367.7,23147
1786607700,2367.7,2367.9,2366.2,2367.5,12578
1786608000,2367.7,2367.9,2365.0,2365.2,11586
1786608300,2366.1,2369.7,2365.2,2369.4,18969
1786608600,2369.3,2372.6,2367.7,2371.5,28777
1786608900,2371.5,2372.0,2369.3,2370.5,26079
1786609200,2371.0,2373.0,2369.8,2372.0,21574
1786609500,2373.0,2374.9,2373.0,2373.9,29909
1786609800,2373.9,2374.0,2367.4,2370.0,24029
1786610100,2370.0,2370.9,2366.1,2366.4,20555
1786610400,2366.8,2368.0,2363.6,2365.9,16155
1786610700,2366.7,2368.7,2365.8,2367.9,14994
1786611000,2368.3,2370.5,2367.2,2367.4,34284
1786611300,2367.5,2367.5,2364.0,2365.6,51721
1786611600,2365.7,2367.2,2365.0,2365.0,18472
1786611900,2365.5,2365.5,2362.1,2363.0,27338
1786612200,2363.2,2363.4,2358.0,2358.0,31693
1786612500,2357.9,2358.2,2355.0,2355.8,48235
1786612800,2355.9,2361.9,2355.8,2361.0,76676
1786613100,2361.5,2364.4,2360.0,2363.3,42005
1786613400,2364.0,2370.0,2362.6,2369.0,52521
1786613700,2368.2,2370.0,2364.3,2366.5,56587
1786614000,2366.1,2369.7,2364.0,2367.0,67539
1786614300,2367.0,2367.0,2367.0,2367.0,0
1786614600,2367.0,2367.0,2367.0,2367.0,0
1786614900,2367.0,2375.0,2367.0,2375.0,72374
1786679100,2375.1,2390.0,2365.4,2369.0,122982
1786679400,2369.7,2371.1,2363.4,2366.5,82705
1786679700,2365.1,2366.7,2362.8,2363.8,26946
1786680000,2364.1,2371.0,2363.4,2368.6,23523
1786680300,2368.6,2369.4,2366.0,2366.3,18491
1786680600,2366.0,2366.8,2360.0,2361.4,27631
1786680900,2361.9,2363.0,2360.2,2360.7,16762
1786681200,2360.2,2360.6,2357.8,2357.8,17053
1786681500,2357.8,2365.0,2357.5,2363.2,21447
1786681800,2364.0,2367.2,2363.0,2364.1,15380
1786682100,2364.1,2365.2,2360.1,2364.3,10274
1786682400,2364.7,2365.4,2361.4,2362.7,9988
1786682700,2362.5,2367.0,2360.8,2362.5,11631
1786683000,2362.2,2366.2,2362.0,2364.3,9437
1786683300,2364.8,2366.0,2364.0,2365.7,5449
1786683600,2365.7,2366.0,2359.2,2364.5,16434
1786683900,2364.3,2366.8,2364.0,2365.9,8359
1786684200,2365.8,2366.0,2363.5,2365.0,6677
1786684500,2365.0,2365.0,2363.0,2364.0,5569
1786684800,2364.0,2364.0,2358.0,2358.0,10233
1786685100,2358.5,2358.5,2335.0,2336.0,83215
1786685400,2336.9,2346.7,2335.5,2344.1,44383
1786685700,2344.2,2344.3,2333.4,2340.0,43989
1786686000,2340.0,2346.4,2339.7,2344.9,17843
1786686300,2344.1,2346.3,2343.6,2345.9,10664
1786686600,2345.5,2348.7,2343.9,2345.0,18040
1786686900,2344.9,2346.5,2343.6,2345.0,11862
1786687200,2345.2,2348.0,2344.1,2347.0,14124
1786687500,2347.0,2347.9,2344.7,2347.2,8057
1786687800,2346.8,2348.4,2344.6,2348.0,6815
1786688100,2348.0,2350.0,2343.0,2344.0,67181
1786688400,2344.0,2344.9,2340.0,2344.8,93545
1786688700,2344.8,2345.7,2340.8,2341.9,30170
1786689000,2341.9,2341.9,2338.7,2338.7,35756
1786689300,2339.9,2353.9,2339.9,2352.9,81290
1786689600,2352.7,2357.0,2351.3,2351.7,20650
1786689900,2351.6,2354.8,2351.0,2354.1,11557
1786690200,2354.5,2355.0,2352.7,2354.7,9215
1786690500,2355.0,2356.0,2353.5,2355.6,6715
1786690800,2355.7,2356.0,2352.9,2352.9,5458
1786691100,2352.5,2357.4,2351.7,2356.0,18960
1786691400,2356.0,2357.5,2354.0,2355.9,11943
1786691700,2356.4,2365.6,2356.4,2364.0,45983
1786692000,2365.0,2365.5,2360.0,2360.0,35033
1786692300,2359.3,2360.5,2355.0,2355.2,36314
1786692600,2355.2,2355.8,2352.0,2352.3,26958
1786692900,2352.3,2353.4,2350.2,2351.4,28472
1786693200,2351.5,2354.8,2351.4,2353.0,29260
1786693500,2353.0,2358.1,2351.3,2352.7,66334
1786693800,2352.4,2354.0,2351.7,2352.4,22880
1786694100,2352.1,2352.9,2351.0,2351.9,21447
1786694400,2351.2,2352.9,2350.7,2352.2,23925
1786694700,2352.1,2355.0,2351.5,2355.0,24818
1786695000,2355.3,2356.4,2353.8,2355.5,29685
1786695300,2355.5,2360.0,2355.0,2358.2,40769
1786695600,2358.6,2359.6,2356.9,2357.4,26432
1786695900,2358.0,2358.0,2355.1,2356.3,21603
1786696200,2356.5,2357.1,2354.8,2356.0,25607
1786696500,2355.2,2359.0,2354.4,2354.6,35057
1786696800,2354.6,2356.0,2354.1,2355.1,23295
1786697100,2355.1,2356.0,2354.0,2355.0,23139
1786697400,2355.0,2355.9,2353.3,2354.8,25242
1786697700,2354.7,2356.0,2353.2,2353.8,25359
1786698000,2354.1,2355.2,2353.2,2354.3,25581
1786698300,2354.6,2355.7,2353.2,2354.3,24948
1786698600,2354.6,2355.1,2352.4,2352.9,23261
1786698900,2352.1,2354.1,2351.9,2353.5,28955
1786699200,2353.5,2359.9,2353.3,2359.4,52457
1786699500,2359.8,2360.0,2355.9,2356.1,47957
1786699800,2355.9,2360.0,2354.8,2357.0,45706
1786700100,2357.0,2357.9,2354.8,2355.5,84535
1786700400,2355.0,2360.0,2354.8,2356.0,65932
1786700700,2356.0,2356.0,2356.0,2356.0,0
1786701000,2356.0,2356.0,2356.0,2356.0,0
1786701300,2356.0,2361.0,2356.0,2361.0,52981
1786938300,2351.0,2361.1,2338.8,2340.9,76099
1786938600,2340.9,2340.9,2336.0,2336.1,55491
1786938900,2336.1,2336.1,2327.1,2329.4,48375
1786939200,2328.9,2329.1,2320.3,2327.9,98823
1786939500,2327.9,2334.1,2326.2,2332.2,34180
1786939800,2332.2,2338.9,2331.2,2333.1,38028
1786940100,2333.0,2333.3,2330.4,2331.9,19555
1786940400,2331.8,2332.9,2328.5,2328.7,23147
1786940700,2329.5,2330.4,2321.0,2321.5,36744
1786941000,2321.4,2324.7,2320.6,2323.0,38702
1786941300,2323.5,2325.5,2323.0,2323.0,17386
1786941600,2323.7,2323.9,2321.1,2323.6,15758
1786941900,2323.6,2325.7,2323.0,2324.0,9944
1786942200,2324.0,2324.0,2322.2,2323.0,9041
1786942500,2323.1,2325.6,2322.0,2324.9,11400
1786942800,2325.0,2330.1,2324.4,2326.3,33005
1786943100,2326.3,2331.8,2322.6,2329.3,64489
1786943400,2329.3,2329.3,2312.2,2313.7,84988
1786943700,2313.7,2316.6,2311.0,2315.5,19871
1786944000,2316.0,2316.4,2313.5,2315.2,19960
1786944300,2315.6,2316.6,2314.5,2316.2,13002
1786944600,2316.6,2318.7,2315.1,2318.4,14660
1786944900,2318.1,2318.3,2314.0,2315.0,23807
1786945200,2314.5,2318.6,2314.2,2318.0,12208
1786945500,2317.8,2319.1,2317.2,2317.6,16698
1786945800,2318.2,2318.2,2314.0,2314.9,14359
1786946100,2314.9,2317.0,2314.3,2315.6,11478
1786946400,2315.6,2318.2,2315.3,2317.9,11031
1786946700,2317.9,2319.5,2316.4,2317.4,22970
1786947000,2316.5,2319.5,2316.2,2319.5,10075
1786947300,2319.6,2325.4,2317.8,2324.2,67640
1786947600,2324.1,2327.5,2324.1,2325.8,23204
1786947900,2325.9,2328.2,2322.9,2325.8,29220
1786948200,2325.6,2326.0,2323.5,2323.7,14154
1786948500,2324.4,2327.0,2323.6,2325.9,20288
1786948800,2325.9,2327.8,2323.6,2327.0,24530
1786949100,2327.5,2329.0,2327.0,2327.0,28505
1786949400,2327.0,2329.2,2326.0,2328.7,21895
1786949700,2328.9,2329.6,2327.5,2329.0,31708
1786950000,2329.3,2329.3,2325.9,2326.2,15828
1786950300,2326.2,2328.7,2326.2,2328.2,8674
1786950600,2328.1,2328.4,2325.0,2326.2,33270
1786950900,2326.4,2328.8,2326.1,2326.5,9337
1786951200,2326.4,2328.2,2323.7,2325.5,18703
1786951500,2324.8,2325.3,2321.0,2321.5,22668
1786951800,2321.4,2323.8,2321.4,2322.3,18289
1786952100,2322.3,2324.0,2320.6,2321.4,24389
1786952400,2321.4,2323.8,2320.6,2323.0,19119
1786952700,2323.0,2324.9,2322.1,2322.5,19919
1786953000,2323.6,2323.8,2321.2,2322.3,16799
1786953300,2322.3,2323.2,2321.5,2321.8,14876
1786953600,2321.9,2322.7,2320.4,2321.0,22564
1786953900,2321.2,2321.2,2317.5,2317.5,36146
1786954200,2318.0,2320.0,2316.4,2317.9,51861
1786954500,2317.9,2322.4,2317.3,2321.4,22353
1786954800,2321.4,2322.5,2320.2,2320.2,28135
1786955100,2320.1,2321.0,2319.2,2319.9,21106
1786955400,2319.9,2322.1,2319.0,2320.0,24238
1786955700,2319.8,2321.3,2319.0,2319.8,16336
1786956000,2320.0,2321.0,2318.5,2318.5,14550
1786956300,2318.6,2320.7,2317.9,2320.0,19107
1786956600,2319.6,2320.3,2318.0,2318.7,18603
1786956900,2318.7,2319.7,2317.2,2317.4,22260
1786957200,2318.1,2320.4,2317.4,2320.0,21494
1786957500,2320.0,2320.6,2315.8,2316.8,43539
1786957800,2316.8,2319.4,2316.6,2317.1,25500
1786958100,2317.2,2318.4,2316.5,2316.5,16750
1786958400,2317.0,2317.8,2315.8,2316.8,39483
1786958700,2316.8,2317.0,2315.0,2315.1,33200
1786959000,2315.4,2317.5,2315.0,2316.0,30400
1786959300,2315.8,2316.6,2313.6,2315.5,64967
1786959600,2315.7,2317.3,2310.6,2314.1,210451
1786959900,2314.9,2314.9,2314.9,2314.9,36
1786960200,2314.9,2314.9,2314.9,2314.9,0
1786960500,2314.9,2314.9,2313.2,2313.2,58745
1787024700,2300.0,2307.0,2291.6,2292.3,114889
1787025000,2292.3,2300.1,2290.0,2294.5,55750
1787025300,2294.7,2299.8,2292.7,2295.6,50553
1787025600,2295.4,2295.6,2291.1,2293.0,38215
1787025900,2292.8,2297.9,2290.5,2291.5,26903
1787026200,2291.7,2294.9,2290.2,2294.9,19987
1787026500,2294.9,2294.9,2284.1,2291.5,53464
1787026800,2290.6,2291.5,2287.2,2289.0,27158
1787027100,2289.7,2290.8,2287.9,2289.9,10862
1787027400,2290.7,2291.9,2288.0,2290.9,17270
1787027700,2290.3,2290.3,2287.0,2287.2,19613
1787028000,2287.2,2290.0,2287.2,2289.8,14445
1787028300,2289.8,2291.5,2289.0,2289.7,7353
1787028600,2289.7,2294.0,2289.2,2292.4,23017
1787028900,2291.4,2297.0,2290.7,2295.2,17737
1787029200,2295.2,2298.1,2293.0,2296.9,18301
1787029500,2296.9,2297.7,2294.4,2295.1,20352
1787029800,2295.2,2297.5,2293.1,2293.4,22044
1787030100,2294.2,2296.6,2292.8,2294.2,16356
1787030400,2294.2,2295.9,2290.6,2291.5,11110
1787030700,2291.5,2293.2,2290.2,2293.0,16241
1787031000,2293.0,2293.5,2290.7,2292.0,11517
1787031300,2292.0,2293.1,2288.8,2289.4,15711
1787031600,2289.4,2290.0,2288.1,2289.2,9807
1787031900,2289.3,2290.6,2287.1,2288.3,12798
1787032200,2288.3,2289.7,2286.9,2288.2,10811
1787032500,2288.2,2288.3,2282.1,2284.0,82261
1787032800,2284.2,2290.0,2282.4,2289.1,26255
1787033100,2289.1,2289.5,2285.0,2285.0,16256
1787033400,2285.9,2287.7,2284.9,2286.0,13865
1787033700,2286.0,2287.4,2285.5,2286.8,11245
1787034000,2286.9,2287.9,2286.1,2286.2,10731
1787034300,2286.8,2290.0,2286.1,2289.8,20312
1787034600,2289.8,2289.8,2283.0,2284.0,23042
1787034900,2284.1,2285.3,2283.2,2284.9,9802
1787035200,2284.7,2285.7,2283.3,2283.9,18810
1787035500,2283.7,2284.9,2282.0,2282.4,28599
1787035800,2282.3,2285.2,2281.1,2284.4,16599
1787036100,2284.4,2285.2,2282.7,2284.0,10895
1787036400,2284.2,2287.0,2284.0,2286.5,17310
1787036700,2287.0,2288.8,2286.0,2287.0,9411
1787037000,2287.0,2288.0,2286.0,2286.7,5179
1787037300,2287.2,2288.8,2285.9,2288.8,9857
1787037600,2288.4,2288.6,2284.1,2284.1,20056
1787037900,2284.4,2285.8,2282.0,2282.2,15483
1787038200,2282.2,2282.7,2281.7,2282.1,11210
1787038500,2281.7,2286.9,2281.7,2286.0,14906
1787038800,2286.8,2288.2,2285.8,2287.8,10521
1787039100,2288.0,2288.8,2286.5,2286.5,8762
1787039400,2287.0,2289.0,2286.5,2288.2,18670
1787039700,2288.2,2290.0,2286.4,2290.0,27466
1787040000,2290.0,2290.5,2287.3,2287.9,14198
1787040300,2287.9,2288.0,2285.0,2285.3,11751
1787040600,2285.5,2287.4,2285.0,2285.6,10430
1787040900,2285.2,2286.8,2285.0,2285.4,8952
1787041200,2285.5,2285.8,2284.3,2285.3,13204
1787041500,2285.3,2285.8,2283.7,2284.4,17867
1787041800,2284.4,2285.8,2283.1,2285.8,18378
1787042100,2285.7,2286.0,2282.0,2284.3,26141
1787042400,2284.4,2284.4,2281.6,2281.6,10169
1787042700,2282.0,2283.8,2281.1,2282.4,6888
1787043000,2282.5,2284.4,2282.2,2283.9,10012
1787043300,2283.9,2285.5,2282.4,2284.8,14208
1787043600,2285.1,2292.5,2284.6,2292.0,53827
1787043900,2292.1,2292.6,2290.4,2291.0,26864
1787044200,2291.9,2293.2,2290.9,2292.6,15586
1787044500,2292.4,2292.8,2291.1,2291.1,17101
1787044800,2291.1,2292.7,2290.8,2291.8,18510
1787045100,2291.7,2293.4,2290.9,2292.0,29124
1787045400,2292.0,2294.8,2286.0,2286.5,47740
1787045700,2286.6,2289.0,2283.1,2284.0,79649
1787046000,2284.0,2285.9,2282.3,2284.0,89631
1787046300,2284.0,2284.0,2284.0,2284.0,171
1787046600,2284.0,2284.0,2284.0,2284.0,0
1787046900,2284.0,2284.0,2280.0,2280.0,117532
