timestamp,open,high,low,close,volume
1767239100,442.0,443.22,439.04,439.68,515335
1767239400,439.52,440.74,439.32,439.94,186170
1767239700,439.96,439.96,439.08,439.52,40625
1767240000,439.38,439.88,438.82,439.7,67765
1767240300,439.88,440.18,439.1,439.2,68635
1767240600,439.2,439.8,439.08,439.5,62775
1767240900,439.5,439.52,438.7,439.04,76305
1767241200,439.12,439.22,438.5,438.74,29430
1767241500,438.6,438.76,438.2,438.42,37610
1767241800,438.46,438.66,438.02,438.32,71480
1767242100,438.22,438.78,438.12,438.48,27375
1767242400,438.56,438.88,438.28,438.72,19810
1767242700,438.72,438.92,438.4,438.6,16755
1767243000,438.58,438.76,437.8,438.2,56850
1767243300,438.1,438.78,438.04,438.76,22170
1767243600,438.66,438.92,438.52,438.9,10685
1767243900,438.8,439.1,438.8,439.08,11855
1767244200,439.04,439.36,438.72,439.16,25570
1767244500,439.16,439.46,439.04,439.3,25025
1767244800,439.34,439.4,438.72,438.72,21225
1767245100,438.72,439.0,438.46,438.86,14340
1767245400,438.86,439.04,438.6,438.6,8885
1767245700,438.74,438.84,438.6,438.6,17665
1767246000,438.72,439.38,438.6,439.16,38940
1767246300,439.34,439.84,439.0,439.78,42385
1767246600,439.68,439.98,439.16,439.16,37740
1767246900,439.3,439.66,439.24,439.4,28150
1767247200,439.5,439.86,439.28,439.5,41300
1767247500,439.5,439.98,439.46,439.94,40730
1767247800,439.98,440.0,439.32,439.66,47350
1767248100,439.8,440.4,439.6,440.2,62145
1767248400,440.3,440.48,440.2,440.42,41000
1767248700,440.3,440.64,440.0,440.64,82640
1767249000,440.44,440.76,440.02,440.38,102285
1767249300,440.38,440.58,440.0,440.44,46635
1767249600,440.38,440.98,440.38,440.98,99015
1767249900,440.98,440.98,440.56,440.76,83840
1767250200,440.76,440.9,440.48,440.88,59600
1767250500,440.88,441.48,440.74,441.28,97425
1767250800,441.28,441.3,440.8,441.0,69280
1767251100,441.12,441.26,440.8,441.04,55060
1767251400,441.04,441.2,440.66,441.18,79255
1767251700,441.16,441.22,440.96,441.12,45725
1767252000,441.2,441.4,441.1,441.2,37240
1767252300,441.22,441.6,441.1,441.36,44370
1767252600,441.36,442.2,441.28,441.8,114800
1767252900,441.98,442.0,441.66,441.96,45435
1767253200,441.98,442.1,441.7,442.0,52080
1767253500,442.0,442.04,441.72,441.72,49470
1767253800,441.8,441.84,441.42,441.5,53235
1767254100,441.5,441.9,441.36,441.4,52165
1767254400,441.22,441.76,441.22,441.72,67850
1767254700,441.72,442.2,441.4,442.02,126470
1767255000,442.02,442.28,442.0,442.22,35555
1767255300,442.28,442.32,442.0,442.14,54215
1767255600,442.04,442.28,442.0,442.0,133505
1767255900,442.14,442.18,442.0,442.06,46765
1767256200,442.06,442.28,441.88,442.18,47075
1767256500,442.18,442.28,441.84,442.08,54295
1767256800,442.08,442.3,442.0,442.18,55620
1767257100,442.16,442.22,441.92,442.2,67405
1767257400,442.2,442.3,441.68,441.7,112850
1767257700,441.7,441.92,441.4,441.54,78565
1767258000,441.72,442.16,441.62,442.08,48795
1767258300,442.14,442.2,441.8,442.02,46350
1767258600,442.2,442.98,442.06,442.72,138020
1767258900,442.8,444.0,442.54,443.64,227530
1767259200,443.52,444.0,443.22,443.66,258110
1767259500,443.76,443.92,443.4,443.48,160700
1767259800,443.52,443.88,443.14,443.76,177905
1767260100,443.8,443.8,443.4,443.62,250625
1767260400,443.66,444.18,443.6,443.72,338855
1767260700,443.7,443.8,443.36,443.7,296375
1767261000,443.72,443.76,443.4,443.4,321960
1767261300,443.54,443.62,442.6,443.4,473385
1767325500,443.56,444.74,441.4,443.76,533820
1767325800,443.9,444.14,443.3,443.52,141620
1767326100,443.52,443.82,443.34,443.6,118725
1767326400,443.6,444.48,442.88,443.4,237610
1767326700,443.54,443.8,442.7,442.98,219260
1767327000,442.96,443.6,442.6,443.56,153975
1767327300,443.56,443.7,443.38,443.62,69320
1767327600,443.62,443.64,443.34,443.62,72805
1767327900,443.62,444.1,443.4,444.0,204435
1767328200,444.18,445.0,443.98,444.46,208450
1767328500,444.54,445.5,444.44,445.0,140835
1767328800,445.0,445.0,444.56,444.84,41300
1767329100,444.84,445.52,444.8,445.08,206265
1767329400,445.08,445.2,444.58,444.64,112160
1767329700,444.6,444.78,444.18,444.76,60945
1767330000,444.74,444.74,444.0,444.24,91870
1767330300,444.24,445.2,444.16,445.16,120040
1767330600,445.08,445.18,444.36,444.72,114495
1767330900,444.72,445.2,444.6,445.18,97890
1767331200,445.18,445.58,444.96,445.22,95090
1767331500,445.22,445.4,444.72,444.86,159990
1767331800,444.86,445.02,444.42,444.9,154025
1767332100,444.9,445.04,444.58,444.78,111590
1767332400,444.78,444.94,444.5,444.54,92705
1767332700,444.6,444.86,444.5,444.72,121515
1767333000,444.72,444.8,444.38,444.66,116465
1767333300,444.66,444.78,444.26,444.48,87390
1767333600,444.48,444.8,444.44,444.7,104970
1767333900,444.68,444.86,444.34,444.74,132420
1767334200,444.74,444.9,444.52,444.68,98775
1767334500,444.68,444.68,444.32,444.52,176585
1767334800,444.52,444.86,444.36,444.86,205810
1767335100,444.86,445.2,444.72,444.88,299505
1767335400,444.9,445.08,444.64,444.98,121815
1767335700,445.04,445.06,444.68,444.88,39550
1767336000,444.8,445.1,444.68,444.96,102975
1767336300,445.06,445.1,444.42,444.44,390500
1767336600,444.44,444.56,443.36,444.24,118320
1767336900,444.12,444.46,444.04,444.3,55665
1767337200,444.3,444.4,444.0,444.12,51800
1767337500,444.02,444.16,443.92,444.08,107170
1767337800,444.08,444.16,443.4,443.84,136065
1767338100,443.84,443.92,443.34,443.5,73605
1767338400,443.48,443.68,443.3,443.58,85680
1767338700,443.58,443.72,443.26,443.52,98750
1767339000,443.64,443.84,443.4,443.8,87280
1767339300,443.78,444.0,443.3,443.38,65005
1767339600,443.38,443.7,443.28,443.46,51405
1767339900,443.54,443.6,443.22,443.52,49210
1767340200,443.52,443.52,443.02,443.2,83980
1767340500,443.2,443.42,443.04,443.42,64755
1767340800,443.42,444.12,443.36,443.94,78500
1767341100,443.94,444.1,443.42,443.68,44785
1767341400,443.68,443.74,443.44,443.6,40675
1767341700,443.44,443.62,443.14,443.3,77260
1767342000,443.3,443.34,442.72,442.92,80210
1767342300,442.92,442.94,442.2,442.36,94685
1767342600,442.36,442.38,441.48,441.52,145660
1767342900,441.48,441.68,441.0,441.34,154365
1767343200,441.34,441.8,441.28,441.7,101405
1767343500,441.7,442.26,441.52,441.92,86470
1767343800,441.94,442.12,441.48,441.74,127970
1767344100,441.74,441.74,440.82,441.24,169465
1767344400,441.24,441.24,440.4,440.56,104420
1767344700,440.56,440.58,440.2,440.26,138570
1767345000,440.34,440.46,440.2,440.38,130995
1767345300,440.38,440.84,440.06,440.32,122370
1767345600,440.32,440.7,440.12,440.36,102250
1767345900,440.36,440.58,440.1,440.5,134040
1767346200,440.58,440.7,439.92,440.08,299190
1767346500,439.94,440.08,438.26,438.88,386370
1767346800,438.84,440.16,438.64,439.96,390380
1767347100,439.96,440.18,438.94,439.68,816135
1767347400,439.7,439.7,438.24,438.48,1174030
1767347700,438.58,438.6,436.1,437.98,513950
1767584700,439.38,439.86,436.4,437.76,231285
1767585000,437.74,439.54,437.66,438.16,110905
1767585300,437.96,438.48,437.26,437.58,69195
1767585600,437.64,437.98,436.66,436.66,100700
1767585900,436.66,438.84,436.52,438.58,165790
1767586200,438.4,439.36,438.4,439.28,167105
1767586500,439.12,439.36,439.0,439.3,109565
1767586800,439.38,440.56,439.0,440.0,310715
1767587100,440.0,441.04,439.98,440.96,154120
1767587400,440.82,441.34,440.52,440.74,162140
1767587700,440.74,441.28,440.58,441.1,111795
1767588000,441.1,441.26,440.82,441.26,160245
1767588300,441.24,441.24,440.26,440.48,101615
1767588600,440.46,440.88,440.32,440.5,214560
1767588900,440.5,440.54,439.88,440.02,121215
1767589200,440.0,440.0,439.36,439.6,159040
1767589500,439.8,440.16,438.78,439.22,399100
1767589800,439.3,439.86,439.06,439.84,70595
1767590100,439.78,440.0,439.5,439.7,62755
1767590400,439.7,439.8,439.2,439.34,64490
1767590700,439.46,439.58,438.9,439.12,87620
1767591000,438.94,439.22,438.4,438.84,72120
1767591300,439.0,439.48,438.84,439.08,60445
1767591600,439.08,439.6,438.96,439.56,63765
1767591900,439.54,439.56,438.84,439.2,79445
1767592200,439.2,439.26,438.34,438.48,108155
1767592500,438.34,439.18,437.82,439.14,284085
1767592800,439.1,439.2,438.32,438.36,57205
1767593100,438.52,439.02,438.34,438.92,95770
1767593400,438.74,439.24,438.74,439.0,87305
1767593700,439.0,439.2,438.62,438.92,120690
1767594000,438.88,439.26,438.86,438.98,103755
1767594300,439.12,439.76,438.86,439.72,154820
1767594600,439.84,440.0,439.56,439.8,107660
1767594900,439.8,439.98,439.76,439.96,98970
1767595200,439.78,439.96,439.18,439.4,119215
1767595500,439.38,439.76,439.02,439.24,62685
1767595800,439.24,439.32,438.64,438.64,72305
1767596100,438.82,438.98,438.62,438.66,56790
1767596400,438.82,438.92,438.6,438.6,57130
1767596700,438.6,439.04,438.6,438.9,74920
1767597000,438.96,439.1,438.72,438.78,112855
1767597300,438.88,439.08,438.76,438.98,76190
1767597600,438.8,439.06,438.74,438.76,129900
1767597900,438.76,439.04,438.72,438.8,54885
1767598200,438.8,439.06,438.74,438.8,101660
1767598500,438.96,439.24,438.74,439.1,98245
1767598800,439.1,439.1,438.68,438.94,55690
1767599100,438.9,439.12,438.4,438.56,60030
1767599400,438.4,439.0,438.4,438.8,55585
1767599700,438.82,439.0,438.6,438.78,56425
1767600000,438.82,439.2,438.54,439.18,58775
1767600300,439.18,439.22,438.22,438.48,83295
1767600600,438.32,438.76,438.26,438.64,78510
1767600900,438.48,438.66,437.84,437.92,106680
1767601200,438.04,438.36,437.84,438.26,578020
1767601500,438.1,438.58,438.1,438.28,93035
1767601800,438.14,438.44,437.92,438.16,105790
1767602100,438.16,438.3,437.96,438.0,159485
1767602400,438.0,438.24,437.84,438.04,156785
1767602700,438.14,438.28,438.0,438.18,102850
1767603000,438.08,438.38,437.88,438.0,127125
1767603300,438.04,438.32,437.98,438.16,104465
1767603600,438.18,438.4,437.98,438.0,135840
1767603900,438.02,438.26,437.98,438.1,186440
1767604200,438.1,438.28,438.0,438.1,93875
1767604500,438.14,438.24,437.96,438.18,160035
1767604800,438.2,438.4,437.98,438.26,201015
1767605100,438.24,438.42,437.98,438.28,131850
1767605400,438.4,439.1,438.28,438.66,318880
1767605700,438.62,438.66,437.98,438.14,294335
1767606000,438.12,438.4,437.92,438.0,397125
1767606300,438.0,438.04,437.96,438.04,474550
1767606600,438.02,438.18,437.96,438.0,436475
1767606900,438.12,438.68,437.84,438.46,441125
1767671100,440.42,445.6,440.0,442.64,1821690
1767671400,442.64,442.66,440.7,440.82,279315
1767671700,440.88,441.04,439.4,439.52,249305
1767672000,439.46,439.98,438.82,439.32,316635
1767672300,439.42,439.6,438.3,438.66,604640
1767672600,438.56,439.0,438.42,438.92,154395
1767672900,439.0,439.16,438.2,438.32,119265
1767673200,438.38,438.56,437.84,437.98,181775
1767673500,437.98,438.58,437.72,438.38,292940
1767673800,438.4,438.7,437.76,437.8,169025
1767674100,437.78,437.8,436.84,437.54,159700
1767674400,437.54,438.16,437.5,437.98,72495
1767674700,437.94,438.06,437.72,437.72,51100
1767675000,437.7,437.92,437.22,437.26,71250
1767675300,437.36,437.44,437.12,437.14,72750
1767675600,437.14,437.92,436.44,437.82,637295
1767675900,437.82,438.24,436.7,436.74,362745
1767676200,436.78,437.6,436.36,437.46,1235790
1767676500,437.3,437.3,435.68,435.9,2825945
1767676800,435.88,436.3,435.62,436.22,244280
1767677100,436.22,437.92,436.22,436.38,1190345
1767677400,436.38,436.4,434.7,435.94,162645
1767677700,435.94,436.06,435.34,435.74,164865
1767678000,435.74,435.98,435.02,435.18,71485
1767678300,435.18,435.2,434.12,434.52,290635
1767678600,434.52,434.72,434.0,434.22,89235
1767678900,434.24,434.84,433.96,434.48,144055
1767679200,434.5,434.64,433.52,433.76,167035
1767679500,433.78,433.82,432.46,432.72,213755
1767679800,432.72,434.0,432.54,434.0,156905
1767680100,433.98,434.0,433.38,433.7,70215
1767680400,433.68,433.98,433.6,433.64,81690
1767680700,433.74,433.94,433.58,433.76,82540
1767681000,433.84,433.96,433.34,433.82,111785
1767681300,433.84,433.86,432.78,433.0,436215
1767681600,433.02,433.56,432.6,433.38,629375
1767681900,433.36,433.44,432.8,433.16,378010
1767682200,433.16,433.2,433.0,433.02,59540
1767682500,433.02,433.16,431.82,432.42,437110
1767682800,432.58,432.66,432.0,432.16,79115
1767683100,432.22,432.28,431.3,431.52,141020
1767683400,431.52,431.68,430.2,430.2,215595
1767683700,430.22,430.22,428.92,429.36,335660
1767684000,429.36,430.18,429.12,429.44,297875
1767684300,429.42,429.42,428.96,429.12,114595
1767684600,429.16,429.54,429.02,429.14,105340
1767684900,429.14,429.2,428.22,428.96,288670
1767685200,428.96,429.16,428.54,428.7,126280
1767685500,428.7,428.7,427.3,427.7,215210
1767685800,427.76,428.0,427.4,427.44,221140
1767686100,427.46,427.78,427.0,427.68,221850
1767686400,427.68,428.82,427.42,428.8,165805
1767686700,428.8,429.98,428.52,429.78,236575
1767687000,429.78,430.0,429.32,429.88,205350
1767687300,429.86,430.0,429.74,429.98,282430
1767687600,429.94,430.22,429.4,429.58,564645
1767687900,429.4,430.0,429.24,429.94,232015
1767688200,429.94,430.16,429.72,429.9,309970
1767688500,429.9,430.02,429.4,429.78,300870
1767688800,429.8,430.0,429.5,429.8,178645
1767689100,429.82,429.84,429.22,429.28,185075
1767689400,429.28,429.72,429.2,429.7,200710
1767689700,429.7,429.96,429.3,429.96,242885
1767690000,429.92,429.96,429.66,429.74,268085
1767690300,429.76,430.14,429.56,429.98,569085
1767690600,430.0,430.0,429.16,429.88,422715
1767690900,429.86,430.0,429.78,429.78,256700
1767691200,429.74,429.92,429.46,429.58,267025
1767691500,429.58,429.96,429.48,429.64,459530
1767691800,429.72,429.76,428.82,428.94,621195
1767692100,428.94,429.84,428.84,428.96,1046815
1767692400,428.96,429.42,428.82,429.28,547350
1767692700,429.28,429.8,429.14,429.62,652025
1767693000,429.62,429.8,429.22,429.34,538140
1767693300,429.34,429.5,428.46,428.46,502160
1767757500,429.28,429.28,427.36,428.7,264205
1767757800,428.64,429.56,428.38,429.08,88385
1767758100,429.0,429.28,428.42,429.22,56955
1767758400,429.22,429.6,429.04,429.12,49735
1767758700,429.12,430.1,428.96,429.5,230740
1767759000,429.48,429.48,427.82,427.84,106915
1767759300,427.84,428.3,427.68,427.68,109440
1767759600,427.7,427.76,426.98,427.12,170170
1767759900,427.12,427.2,426.92,426.92,177960
1767760200,426.94,426.94,426.0,426.3,95770
1767760500,426.28,426.6,425.8,426.46,81695
1767760800,426.46,427.14,426.46,426.96,113195
1767761100,426.9,427.2,426.82,426.88,222280
1767761400,426.96,427.0,426.32,426.32,62795
1767761700,426.3,426.34,425.86,425.88,72415
1767762000,426.0,426.0,425.16,425.3,195330
1767762300,425.3,425.96,425.2,425.96,52135
1767762600,425.9,426.12,425.44,426.0,84390
1767762900,426.0,426.06,425.62,425.72,28270
1767763200,425.7,426.78,425.7,426.6,64975
1767763500,426.6,426.9,426.58,426.76,45300
1767763800,426.76,426.76,426.46,426.56,42875
1767764100,426.54,426.58,426.04,426.16,55475
1767764400,426.16,426.16,425.7,425.86,57345
1767764700,425.8,425.88,425.24,425.32,62980
1767765000,425.26,425.58,424.6,424.62,97835
1767765300,424.62,425.1,424.34,424.4,77785
1767765600,424.42,425.02,424.42,424.88,62570
1767765900,424.86,424.96,424.04,424.04,157950
1767766200,424.04,424.36,423.64,423.7,188380
1767766500,423.64,423.7,423.06,423.18,293400
1767766800,423.06,423.62,423.04,423.24,183155
1767767100,423.24,423.44,423.08,423.1,167710
1767767400,423.18,423.28,422.7,422.76,190400
1767767700,422.76,423.0,422.22,422.32,214930
1767768000,422.32,422.56,422.16,422.38,189815
1767768300,422.38,422.96,421.84,422.6,242560
1767768600,422.6,422.74,421.9,422.34,184595
1767768900,422.38,422.76,422.24,422.74,110460
1767769200,422.7,424.5,422.7,424.28,217205
1767769500,424.12,424.3,423.76,424.14,166500
1767769800,424.14,424.38,423.36,423.4,74535
1767770100,423.4,423.5,423.22,423.3,63255
1767770400,423.38,423.74,423.3,423.48,79045
1767770700,423.46,423.68,423.24,423.46,59090
1767771000,423.44,423.66,423.4,423.44,25915
1767771300,423.42,423.84,423.4,423.76,32815
1767771600,423.74,424.5,423.64,424.1,62325
1767771900,424.08,424.2,423.9,424.08,35605
1767772200,424.04,424.2,424.0,424.0,41280
1767772500,424.04,424.26,423.72,423.96,305725
1767772800,423.96,424.3,423.96,424.18,87300
1767773100,424.18,424.82,424.16,424.66,77710
1767773400,424.7,425.58,424.52,425.5,79145
1767773700,425.46,425.64,425.26,425.6,56715
1767774000,425.58,426.0,425.4,425.96,93825
1767774300,425.94,426.38,425.8,426.26,84835
1767774600,426.28,426.3,425.94,426.22,49275
1767774900,426.22,426.6,426.06,426.22,92350
1767775200,426.2,426.44,426.08,426.3,55145
1767775500,426.28,426.42,426.04,426.38,112780
1767775800,426.38,426.78,426.16,426.74,57610
1767776100,426.7,427.02,426.68,427.0,143530
1767776400,427.0,427.02,426.8,426.88,106340
1767776700,426.82,426.98,426.8,426.8,58115
1767777000,426.8,427.64,426.8,427.56,234130
1767777300,427.56,427.56,426.8,426.82,177490
1767777600,426.8,427.0,426.8,426.88,72755
1767777900,426.9,427.32,426.8,427.32,309290
1767778200,427.48,428.4,427.34,428.36,313470
1767778500,428.38,428.7,428.18,428.4,332985
1767778800,428.42,428.78,428.04,428.7,274520
1767779100,428.72,429.28,428.68,429.28,295090
1767779400,429.26,429.38,428.88,429.08,758120
1767779700,429.08,429.5,429.0,429.2,494740
1767843900,428.02,428.6,425.16,425.42,417015
1767844200,425.48,426.14,425.42,426.06,91495
1767844500,426.0,426.0,425.6,425.98,77460
1767844800,425.98,426.64,425.98,426.28,151475
1767845100,426.28,426.28,425.54,425.86,122195
1767845400,425.84,426.2,425.4,425.42,94060
1767845700,425.3,425.64,425.0,425.64,91815
1767846000,425.64,426.48,425.4,426.38,49390
1767846300,426.38,426.74,426.08,426.58,53505
1767846600,426.58,426.64,426.1,426.38,51200
1767846900,426.38,426.7,426.34,426.52,49860
1767847200,426.56,426.9,426.32,426.58,51635
1767847500,426.56,427.08,426.46,426.82,42345
1767847800,426.9,426.9,425.94,426.16,58860
1767848100,426.14,426.42,425.82,426.26,46325
1767848400,426.24,426.28,425.82,425.94,43655
1767848700,425.94,426.0,425.02,425.1,84005
1767849000,425.1,425.38,425.06,425.18,59080
1767849300,425.18,425.58,425.16,425.34,32640
1767849600,425.34,425.84,425.26,425.82,65720
1767849900,425.82,425.84,425.08,425.32,75125
1767850200,425.26,425.32,424.74,425.0,120555
1767850500,424.88,424.88,424.24,424.34,108030
1767850800,424.32,424.74,424.1,424.66,111700
1767851100,424.66,424.88,424.06,424.32,118070
1767851400,424.32,424.34,423.72,424.1,132525
1767851700,424.1,424.62,424.1,424.54,69075
1767852000,424.54,424.58,424.12,424.2,70640
1767852300,424.2,424.5,424.08,424.5,27695
1767852600,424.5,424.74,424.36,424.36,41310
1767852900,424.34,424.74,424.3,424.74,58015
1767853200,424.72,425.46,424.7,425.12,72205
1767853500,425.08,425.2,424.38,424.4,109625
1767853800,424.4,424.74,424.16,424.26,2089130
1767854100,424.26,424.82,424.0,424.42,60595
1767854400,424.48,425.0,424.3,424.86,78885
1767854700,424.98,425.42,424.9,425.04,61610
1767855000,425.04,425.18,424.78,424.86,53435
1767855300,424.8,425.36,424.8,425.02,58205
1767855600,425.16,425.18,424.76,424.98,37325
1767855900,424.98,425.1,424.62,424.78,69150
1767856200,424.78,424.98,424.6,424.9,87755
1767856500,424.9,425.24,424.78,425.08,108960
1767856800,425.18,425.28,424.94,425.04,58670
1767857100,425.12,425.2,425.0,425.0,50535
1767857400,425.04,425.2,424.84,425.2,42500
1767857700,425.2,425.82,425.04,425.78,95725
1767858000,425.78,425.78,425.2,425.3,84045
1767858300,425.26,425.8,425.22,425.78,171690
1767858600,425.78,426.22,425.6,425.62,206275
1767858900,425.72,426.0,425.66,425.94,164965
1767859200,425.94,426.04,425.72,426.0,90900
1767859500,426.04,426.14,425.1,425.2,141600
1767859800,425.38,425.38,425.0,425.16,131700
1767860100,425.16,425.22,425.06,425.12,29385
1767860400,425.12,425.38,424.84,425.38,43170
1767860700,425.36,425.48,425.18,425.36,69855
1767861000,425.38,425.5,425.04,425.38,113815
1767861300,425.38,425.98,425.18,425.98,203410
1767861600,425.98,426.52,425.94,426.5,181570
1767861900,426.5,427.28,426.34,427.26,206420
1767862200,427.26,427.56,427.0,427.14,108000
1767862500,427.12,427.2,426.98,427.2,116260
1767862800,427.18,427.48,427.1,427.14,220590
1767863100,427.14,427.32,427.1,427.1,45950
1767863400,427.24,427.24,426.84,427.02,185600
1767863700,427.02,427.4,426.98,427.28,206100
1767864000,427.28,427.34,427.04,427.3,114765
1767864300,427.24,427.3,427.02,427.02,141285
1767864600,427.08,427.22,426.96,427.0,369205
1767864900,427.02,427.02,426.42,426.76,366760
1767865200,426.78,427.22,426.56,426.68,864190
1767865500,426.76,426.96,426.06,426.3,474180
1767865800,426.32,426.52,425.78,425.82,301985
1767866100,425.84,426.4,425.36,426.0,302670
1767930300,426.6,426.6,423.92,426.2,264785
1767930600,426.12,426.38,424.6,424.66,191715
1767930900,424.68,425.54,424.58,425.08,173145
1767931200,425.08,426.2,425.08,425.52,96340
1767931500,425.54,425.98,425.28,425.4,84550
1767931800,425.4,426.0,425.32,426.0,58960
1767932100,426.0,426.1,425.1,425.8,47855
1767932400,425.86,425.86,425.14,425.5,34550
1767932700,425.5,425.56,424.84,425.2,63730
1767933000,425.36,425.7,425.0,425.16,93765
1767933300,425.16,425.6,424.74,425.54,61700
1767933600,425.54,425.56,425.06,425.16,22300
1767933900,425.16,425.64,425.12,425.3,37130
1767934200,425.18,425.36,424.74,424.9,33130
1767934500,424.9,425.6,424.74,425.48,51920
1767934800,425.48,426.2,425.4,426.16,50935
1767935100,426.18,426.24,425.18,425.6,62035
1767935400,425.48,425.72,425.3,425.34,57135
1767935700,425.48,425.92,425.2,425.54,27945
1767936000,425.54,425.82,425.4,425.74,20270
1767936300,425.74,425.82,425.26,425.56,43015
1767936600,425.56,425.56,425.1,425.24,24020
1767936900,425.2,425.54,424.56,424.64,86410
1767937200,424.64,424.88,424.52,424.52,38685
1767937500,424.52,424.62,424.08,424.32,59245
1767937800,424.16,424.52,424.12,424.14,56885
1767938100,424.26,424.94,424.08,424.84,42700
1767938400,424.84,425.02,424.2,424.28,73355
1767938700,424.28,424.28,423.46,423.82,127755
1767939000,423.84,424.44,423.62,423.86,202110
1767939300,423.84,424.28,423.66,424.24,56075
1767939600,424.24,424.24,423.62,424.24,85750
1767939900,424.24,424.42,423.62,423.92,70105
1767940200,423.9,424.36,423.78,424.12,70210
1767940500,424.26,424.78,423.96,424.6,77155
1767940800,424.6,424.62,423.7,423.96,121920
1767941100,423.96,423.96,423.58,423.86,50780
1767941400,423.86,423.9,423.24,423.46,63770
1767941700,423.46,424.0,423.3,423.94,83000
1767942000,423.94,424.04,423.62,423.76,50465
1767942300,423.74,423.8,423.28,423.72,68115
1767942600,423.72,423.78,423.2,423.62,70680
1767942900,423.6,423.74,423.2,423.7,107475
1767943200,423.74,424.0,423.68,423.94,91785
1767943500,423.96,424.0,423.34,423.74,88580
1767943800,423.74,423.8,423.34,423.56,136515
1767944100,423.56,423.94,423.42,423.62,148065
1767944400,423.62,424.22,423.56,424.22,134955
1767944700,424.22,424.42,424.0,424.34,185740
1767945000,424.18,424.4,424.0,424.0,57380
1767945300,424.08,424.24,423.86,424.22,117860
1767945600,424.22,424.84,424.18,424.4,118535
1767945900,424.48,424.9,424.4,424.5,222275
1767946200,424.52,424.62,424.24,424.52,330010
1767946500,424.6,425.24,424.5,425.1,161990
1767946800,424.9,425.04,424.66,424.66,107430
1767947100,424.74,425.0,424.6,424.9,144170
1767947400,424.92,425.12,424.56,425.0,105050
1767947700,425.04,425.28,424.82,425.26,61985
1767948000,425.28,425.48,424.86,425.04,102015
1767948300,424.86,425.2,424.8,425.04,82640
1767948600,425.12,425.5,425.08,425.36,53680
1767948900,425.44,425.72,425.32,425.32,63815
1767949200,425.5,425.74,424.52,424.82,123045
1767949500,424.82,425.1,424.16,424.26,180855
1767949800,424.26,424.78,423.78,424.5,473620
1767950100,424.62,424.76,424.04,424.66,158420
1767950400,424.72,424.96,424.58,424.62,117715
1767950700,424.66,425.04,424.58,424.68,1790000
1767951000,424.72,425.6,424.62,425.42,305165
1767951300,425.4,425.78,425.32,425.62,179225
1767951600,425.62,425.92,425.52,425.82,235920
1767951900,425.9,425.92,425.12,425.24,352100
1767952200,425.24,425.44,424.66,425.14,411845
1767952500,424.98,425.76,424.98,425.58,199045
1768189500,425.36,425.62,423.44,425.36,191195
1768189800,425.5,425.5,423.12,424.1,125665
1768190100,424.12,424.46,423.3,423.56,74530
1768190400,423.54,423.98,422.42,422.42,99555
1768190700,422.4,423.04,422.0,422.96,112640
1768191000,422.96,423.62,422.54,423.62,105345
1768191300,423.88,423.98,423.18,423.18,75045
1768191600,423.3,423.68,422.3,422.96,288740
1768191900,422.96,423.24,422.18,422.24,41745
1768192200,422.24,422.82,421.42,421.74,80860
1768192500,421.74,421.9,421.2,421.4,68510
1768192800,421.4,422.14,421.36,421.88,56865
1768193100,421.88,422.94,421.86,422.94,52210
1768193400,422.8,423.72,422.72,423.7,61050
1768193700,423.64,423.78,422.68,423.22,216255
1768194000,423.22,423.56,423.12,423.4,47870
1768194300,423.4,423.6,423.26,423.42,85275
1768194600,423.42,424.16,423.34,423.76,76270
1768194900,423.74,424.28,423.7,424.02,55625
1768195200,424.02,424.2,423.76,424.02,54000
1768195500,424.02,424.4,424.02,424.32,26280
1768195800,424.32,424.56,424.26,424.36,32755
1768196100,424.36,424.6,423.92,424.6,115850
1768196400,424.32,424.74,424.24,424.62,284500
1768196700,424.62,424.62,423.84,424.22,103445
1768197000,424.22,424.7,423.86,424.5,133520
1768197300,424.48,424.54,424.22,424.42,41780
1768197600,424.42,424.42,423.96,424.02,74255
1768197900,424.02,424.02,423.0,423.4,140730
1768198200,423.52,423.72,423.24,423.38,43840
1768198500,423.3,423.54,423.0,423.14,75355
1768198800,423.14,423.78,423.14,423.66,147235
1768199100,423.68,423.8,423.2,423.2,62095
1768199400,423.2,423.4,422.96,423.22,151535
1768199700,423.22,423.96,423.1,423.8,45550
1768200000,423.9,424.32,423.54,424.32,1285270
1768200300,424.4,425.7,424.4,425.5,152030
1768200600,425.44,426.5,425.34,425.48,162985
1768200900,425.42,426.72,425.42,426.16,146550
1768201200,426.16,427.2,426.08,427.0,115175
1768201500,427.0,427.0,426.02,426.1,285930
1768201800,426.1,426.84,426.0,426.48,209530
1768202100,426.48,427.0,425.92,426.0,400770
1768202400,426.0,426.38,425.88,426.1,747020
1768202700,426.08,426.32,425.72,425.78,102520
1768203000,425.86,426.04,425.42,425.94,137805
1768203300,425.94,426.14,425.68,426.0,139560
1768203600,426.0,426.42,425.86,426.18,360010
1768203900,426.18,426.64,425.86,426.02,458830
1768204200,426.08,426.4,425.86,426.06,220750
1768204500,426.06,426.22,425.7,425.8,67850
1768204800,425.8,426.36,425.8,426.26,150500
1768205100,426.24,426.98,426.06,426.36,108855
1768205400,426.4,426.44,426.14,426.14,110215
1768205700,426.14,426.68,425.98,426.58,219975
1768206000,426.4,426.66,426.1,426.4,121570
1768206300,426.4,426.56,425.82,426.02,206870
1768206600,426.0,426.3,425.82,426.06,141210
1768206900,426.06,426.12,425.78,426.02,136890
1768207200,426.02,426.1,425.74,425.96,158045
1768207500,425.96,426.12,425.78,426.12,122400
1768207800,426.0,426.2,425.82,426.18,175350
1768208100,426.04,426.26,425.92,426.08,98550
1768208400,426.1,426.18,425.64,425.74,138455
1768208700,425.76,425.78,425.32,425.78,145280
1768209000,425.78,426.0,425.74,426.0,72340
1768209300,426.0,426.16,425.96,426.06,207245
1768209600,426.0,426.08,425.96,426.04,115470
1768209900,426.04,426.08,425.96,426.0,120845
1768210200,426.0,426.12,425.96,426.0,331840
1768210500,426.06,426.1,425.9,426.02,303815
1768210800,426.02,427.88,425.98,426.98,325300
1768211100,427.0,427.14,426.86,426.98,290925
1768211400,426.96,427.44,426.96,427.26,226955
1768211700,427.26,427.26,426.6,426.8,226055
1768275900,425.38,427.8,425.38,426.4,348695
1768276200,426.36,427.06,426.16,426.72,129390
1768276500,426.84,426.84,426.12,426.4,71750
1768276800,426.36,427.06,426.02,426.06,95160
1768277100,426.04,426.24,425.42,426.14,158280
1768277400,426.14,426.16,425.9,426.0,45010
1768277700,425.94,427.0,425.94,426.48,106340
1768278000,426.6,426.76,426.44,426.6,84175
1768278300,426.6,426.64,425.92,426.04,83060
1768278600,426.04,426.16,425.6,426.02,118430
1768278900,426.0,426.2,425.58,426.12,71275
1768279200,426.12,426.94,426.1,426.86,87620
1768279500,426.86,427.44,426.56,426.68,389680
1768279800,426.64,426.8,426.46,426.46,137185
1768280100,426.48,427.2,425.9,427.02,116960
1768280400,427.02,427.28,426.5,426.8,130800
1768280700,426.72,426.8,425.76,425.9,306475
1768281000,425.88,426.08,425.72,425.78,68970
1768281300,425.8,426.2,425.28,426.1,98845
1768281600,426.0,426.24,425.66,425.92,80140
1768281900,425.92,426.64,425.84,426.42,62850
1768282200,426.48,426.8,426.22,426.54,73770
1768282500,426.66,426.72,426.1,426.38,99455
1768282800,426.38,426.76,426.0,426.6,107640
1768283100,426.52,427.0,426.36,426.74,170960
1768283400,426.72,427.46,426.72,427.3,199660
1768283700,427.28,427.44,427.06,427.32,146610
1768284000,427.24,428.8,427.24,428.72,161360
1768284300,428.76,428.88,427.92,428.6,284595
1768284600,428.52,428.64,427.84,428.02,128530
1768284900,428.04,428.28,427.8,427.82,167430
1768285200,427.9,428.34,427.62,427.68,119645
1768285500,427.74,427.92,427.02,427.32,163845
1768285800,427.3,427.44,427.0,427.16,130070
1768286100,427.14,427.26,426.92,427.06,81655
1768286400,427.04,427.24,425.8,425.8,142225
1768286700,425.98,426.5,425.68,426.2,131045
1768287000,426.3,426.36,425.56,425.96,180270
1768287300,425.84,426.22,425.56,425.7,149005
1768287600,425.62,425.82,425.0,425.5,132020
1768287900,425.52,425.74,425.32,425.64,87105
1768288200,425.64,425.7,425.02,425.42,124450
1768288500,425.44,425.46,424.48,424.78,253495
1768288800,424.7,424.74,424.02,424.56,93030
1768289100,424.52,424.84,424.2,424.46,110135
1768289400,424.44,424.66,424.0,424.58,200900
1768289700,424.56,424.68,424.4,424.52,91905
1768290000,424.68,425.16,424.46,424.5,97985
1768290300,424.58,424.76,424.08,424.26,126965
1768290600,424.24,424.7,424.02,424.28,99430
1768290900,424.32,424.72,424.0,424.46,78540
1768291200,424.48,424.74,424.02,424.74,79415
1768291500,424.7,424.8,424.18,424.26,87870
1768291800,424.2,424.7,424.2,424.66,92350
1768292100,424.66,424.96,424.44,424.78,74100
1768292400,424.8,425.4,424.62,425.12,80925
1768292700,425.26,425.36,425.0,425.36,73680
1768293000,425.34,425.38,424.64,425.0,127830
1768293300,424.98,425.14,424.72,425.1,67535
1768293600,425.1,425.12,424.42,424.7,117570
1768293900,424.68,425.2,424.64,424.98,72655
1768294200,425.0,425.04,424.46,424.48,93980
1768294500,424.46,424.66,424.34,424.36,239800
1768294800,424.34,425.38,424.34,425.02,195670
1768295100,425.02,426.0,424.9,425.92,196845
1768295400,425.84,426.54,425.7,426.36,251715
1768295700,426.36,426.8,426.1,426.64,356070
1768296000,426.64,427.2,426.34,427.12,215600
1768296300,427.08,427.46,426.94,427.06,401130
1768296600,427.1,427.4,425.82,426.0,640015
1768296900,426.0,426.78,425.86,426.72,626475
1768297200,426.74,426.78,426.34,426.52,280180
1768297500,426.56,426.76,426.26,426.38,469450
1768297800,426.46,426.86,426.2,426.68,540775
1768298100,426.68,426.88,425.38,426.4,354725
1768362300,426.0,426.9,424.2,425.0,358895
1768362600,425.0,426.7,423.1,423.5,426180
1768362900,423.7,425.4,423.3,423.5,160747
1768363200,423.4,424.9,423.4,423.8,135133
1768363500,423.8,424.9,423.8,424.5,118422
1768363800,424.5,424.5,423.1,423.1,119361
1768364100,423.2,423.3,422.0,422.7,149046
1768364400,422.6,424.0,422.0,423.8,102788
1768364700,423.8,424.0,423.2,423.6,78619
1768365000,423.6,423.7,422.3,422.7,109781
1768365300,422.7,423.3,422.4,422.6,96466
1768365600,422.7,422.9,421.9,422.6,179874
1768365900,422.3,422.5,421.3,421.9,338006
1768366200,421.9,422.0,420.2,420.9,174205
1768366500,420.7,421.2,420.0,420.8,139793
1768366800,420.7,420.8,419.2,419.4,123770
1768367100,419.4,419.6,418.8,419.5,88867
1768367400,419.4,420.9,419.4,420.6,99073
1768367700,420.6,421.9,419.9,421.7,66254
1768368000,421.6,423.4,421.1,423.4,99136
1768368300,423.4,424.0,423.4,423.9,103649
1768368600,423.9,425.0,423.7,425.0,112871
1768368900,424.9,425.3,424.2,424.7,97453
1768369200,424.6,425.5,424.6,425.1,89894
1768369500,425.1,425.5,424.7,425.0,94853
1768369800,425.0,425.3,424.7,425.2,115934
1768370100,425.5,425.9,425.0,425.4,97499
1768370400,425.3,426.0,425.0,425.6,83216
1768370700,425.6,425.6,425.0,425.4,61457
1768371000,425.1,425.7,425.0,425.5,68798
1768371300,425.5,425.7,425.0,425.7,73914
1768371600,425.4,425.7,425.2,425.3,59606
1768371900,425.4,425.7,425.1,425.5,47668
1768372200,425.8,427.6,425.6,427.5,100876
1768372500,427.4,427.6,426.7,427.1,160739
1768372800,427.2,427.2,425.9,426.0,388434
1768373100,426.0,426.8,425.8,426.3,884874
1768373400,426.3,426.3,425.5,425.7,73035
1768373700,425.7,426.0,424.8,425.0,83415
1768374000,425.1,425.8,425.0,425.5,426426
1768374300,425.5,425.9,425.2,425.5,109582
1768374600,425.6,425.9,424.7,425.3,66144
1768374900,425.2,425.8,424.9,425.4,84650
1768375200,425.4,425.7,424.9,425.3,67844
1768375500,425.3,426.0,425.0,425.8,65567
1768375800,425.8,425.8,424.5,424.5,309239
1768376100,424.8,425.3,424.6,425.0,95287
1768376400,425.0,425.0,423.9,424.0,110441
1768376700,424.0,424.9,423.9,424.5,45549
1768377000,424.5,424.6,424.1,424.5,67477
1768377300,424.5,424.8,424.3,424.5,52797
1768377600,424.5,424.9,424.3,424.8,46160
1768377900,424.7,424.9,424.4,424.6,48943
1768378200,424.4,424.6,424.0,424.5,92402
1768378500,424.5,424.6,423.9,424.4,73171
1768378800,424.4,424.9,423.9,424.7,115750
1768379100,424.7,424.9,424.2,424.2,89561
1768379400,424.5,425.1,424.3,424.8,139284
1768379700,424.7,425.2,424.4,424.9,252438
1768380000,425.1,425.2,424.9,425.1,107779
1768380300,425.1,425.1,424.4,424.7,128459
1768380600,424.7,424.8,423.4,423.6,198242
1768380900,423.6,423.9,423.2,423.8,115763
1768381200,423.8,424.0,423.0,423.7,118555
1768381500,423.6,423.7,423.2,423.7,142147
1768381800,423.6,423.6,422.9,423.2,189490
1768382100,423.3,423.4,422.6,422.7,227776
1768382400,422.7,422.9,422.0,422.3,142136
1768382700,422.3,422.4,421.6,421.6,137902
1768383000,421.5,421.7,421.1,421.6,145521
1768383300,421.6,421.7,421.0,421.6,174356
1768383600,421.5,421.7,421.0,421.3,129197
1768383900,421.1,421.3,420.7,420.8,155660
1768384200,420.9,421.0,420.3,420.8,191729
1768384500,420.6,420.7,420.0,420.3,172213
1768535100,424.0,424.6,422.3,422.5,477960
1768535400,422.5,423.2,422.1,422.5,139147
1768535700,422.6,425.2,422.4,425.0,746298
1768536000,425.0,427.2,424.6,426.9,255388
1768536300,427.0,427.6,425.1,425.1,167619
1768536600,425.1,426.3,424.5,424.5,173072
1768536900,424.5,425.3,424.4,424.5,1850232
1768537200,424.7,425.3,424.1,424.7,161683
1768537500,424.7,424.8,424.1,424.1,112903
1768537800,424.1,424.3,423.3,423.7,100317
1768538100,423.8,424.1,423.3,423.7,90385
1768538400,423.7,424.6,423.5,424.2,68693
1768538700,424.2,425.1,424.1,424.7,146124
1768539000,424.7,425.0,424.4,424.7,109080
1768539300,424.5,424.8,424.1,424.3,89733
1768539600,424.2,424.6,424.1,424.2,86096
1768539900,424.2,424.2,423.8,424.1,77914
1768540200,424.2,424.6,423.9,424.6,85479
1768540500,424.6,424.9,424.5,424.7,85685
1768540800,424.8,425.2,424.4,424.7,82611
1768541100,424.7,425.0,423.9,424.4,129515
1768541400,424.4,424.5,423.9,424.0,147798
1768541700,424.0,424.8,423.1,424.7,162236
1768542000,424.6,424.8,423.8,423.9,80922
1768542300,423.9,423.9,422.7,423.1,69887
1768542600,423.2,423.9,423.1,423.5,789121
1768542900,423.4,423.5,422.7,423.0,174920
1768543200,423.2,423.6,423.1,423.2,146494
1768543500,423.1,423.3,422.7,422.8,83541
1768543800,422.7,422.8,422.0,422.2,130344
1768544100,422.2,422.2,421.6,421.9,85673
1768544400,421.9,422.4,421.6,422.0,68478
1768544700,422.1,422.2,421.5,421.7,74256
1768545000,421.8,421.8,421.3,421.4,106750
1768545300,421.5,421.5,420.6,420.8,109823
1768545600,420.8,421.0,420.4,420.9,249441
1768545900,420.9,421.4,419.8,420.8,852577
1768546200,420.8,421.5,420.7,421.2,132837
1768546500,421.1,421.2,419.7,420.0,112205
1768546800,419.9,420.5,419.9,420.3,85926
1768547100,420.3,420.4,420.0,420.2,81134
1768547400,420.2,420.4,420.1,420.2,52904
1768547700,420.3,420.8,420.2,420.7,70224
1768548000,420.7,420.7,420.2,420.3,82034
1768548300,420.4,420.9,420.2,420.8,53818
1768548600,420.8,420.9,420.0,420.7,142271
1768548900,420.8,421.3,420.5,421.1,86931
1768549200,421.1,421.5,420.1,421.4,219054
1768549500,421.5,421.9,421.3,421.5,190403
1768549800,421.6,421.6,420.1,420.3,124108
1768550100,420.4,420.4,419.8,420.3,117340
1768550400,420.4,420.5,419.8,420.2,112200
1768550700,420.3,420.3,419.9,420.2,94364
1768551000,420.2,420.4,419.9,419.9,120881
1768551300,420.1,420.5,420.0,420.4,197882
1768551600,420.4,420.5,420.2,420.4,107889
1768551900,420.4,420.6,420.0,420.5,117637
1768552200,420.6,420.7,420.2,420.3,105137
1768552500,420.4,420.5,420.0,420.1,140263
1768552800,420.2,420.9,420.1,420.7,153102
1768553100,420.6,421.0,420.4,420.5,203275
1768553400,420.6,420.6,420.2,420.5,134991
1768553700,420.5,420.8,420.2,420.2,133284
1768554000,420.3,420.8,420.2,420.7,154686
1768554300,420.7,420.9,420.2,420.3,190381
1768554600,420.4,420.5,419.9,419.9,184915
1768554900,419.9,420.1,419.4,419.8,158161
1768555200,419.8,420.1,419.7,420.0,258398
1768555500,420.0,420.0,419.8,420.0,305734
1768555800,419.9,419.9,418.5,418.6,577570
1768556100,418.7,418.7,418.2,418.5,707100
1768556400,418.6,418.6,417.1,417.6,978000
1768556700,417.7,419.3,417.4,418.4,814446
1768557000,418.4,419.0,417.7,417.9,1019005
1768557300,417.9,419.2,417.2,418.7,795702
1768794300,419.0,424.5,415.0,423.5,738200
1768794600,423.7,423.8,422.5,422.6,494217
1768794900,422.8,424.1,422.5,423.4,289361
1768795200,423.3,423.4,421.4,421.7,178333
1768795500,421.8,422.4,421.3,421.7,241491
1768795800,421.5,421.9,421.4,421.4,83177
1768796100,421.3,422.3,421.1,422.1,239992
1768796400,422.2,422.6,421.5,421.8,164912
1768796700,421.8,422.0,421.6,421.6,67633
1768797000,421.8,422.7,421.2,422.7,164475
1768797300,422.7,423.1,422.2,422.8,139485
1768797600,422.8,422.9,422.2,422.3,59092
1768797900,422.3,424.0,422.2,423.7,171622
1768798200,423.9,425.0,423.8,425.0,137607
1768798500,425.0,425.3,424.6,425.3,177588
1768798800,425.3,426.2,424.0,424.2,195286
1768799100,424.3,424.8,423.8,424.2,147914
1768799400,424.2,424.2,422.8,423.2,421790
1768799700,423.2,423.5,422.8,423.0,1110850
1768800000,423.3,423.4,422.9,423.3,92433
1768800300,423.3,423.6,422.7,422.8,105024
1768800600,423.0,423.2,422.6,422.9,66961
1768800900,422.9,422.9,422.2,422.6,59381
1768801200,422.5,422.7,422.2,422.6,76116
1768801500,422.6,422.8,422.2,422.4,61198
1768801800,422.4,422.6,421.7,422.4,81984
1768802100,422.3,423.2,422.1,423.2,70702
1768802400,423.2,424.8,423.1,424.5,249584
1768802700,424.5,425.0,424.1,424.7,203676
1768803000,424.7,425.6,424.3,425.0,442304
1768803300,425.2,426.2,424.2,425.5,221798
1768803600,425.5,427.7,425.4,427.4,348117
1768803900,427.4,427.5,426.4,427.0,457541
1768804200,427.0,427.0,425.6,426.8,200879
1768804500,426.9,427.0,426.4,427.0,75263
1768804800,427.0,427.6,426.9,427.2,180187
1768805100,427.2,428.5,427.1,428.2,208412
1768805400,428.2,429.4,428.2,429.0,147666
1768805700,429.0,429.2,427.8,427.8,1242198
1768806000,428.0,428.3,426.9,427.4,310513
1768806300,427.4,428.8,427.1,428.6,151934
1768806600,428.7,429.4,428.4,429.3,86669
1768806900,429.4,429.5,428.4,428.7,94393
1768807200,428.7,429.9,428.6,429.6,123725
1768807500,429.7,430.3,429.5,430.0,180332
1768807800,429.9,430.4,429.6,429.8,129211
1768808100,429.9,429.9,428.3,428.4,113732
1768808400,428.5,428.9,428.1,428.2,102282
1768808700,428.1,428.8,428.1,428.8,83950
1768809000,428.8,429.0,428.2,428.2,91291
1768809300,428.3,428.9,428.2,428.7,85348
1768809600,428.7,428.7,428.1,428.3,90528
1768809900,428.3,428.3,426.7,427.2,5241743
1768810200,427.2,427.2,426.2,426.5,161167
1768810500,426.4,427.6,426.4,427.0,154905
1768810800,427.0,427.4,426.8,427.0,387293
1768811100,427.0,428.3,426.9,428.1,185093
1768811400,428.1,428.8,428.0,428.8,148775
1768811700,428.7,428.9,428.4,428.8,108725
1768812000,428.8,428.8,427.6,427.6,145198
1768812300,427.8,428.6,427.7,428.6,120378
1768812600,428.5,428.7,428.1,428.3,124433
1768812900,428.3,428.5,427.7,428.2,115575
1768813200,428.2,428.4,428.0,428.3,96788
1768813500,428.3,428.4,427.9,428.3,175803
1768813800,428.3,428.3,428.1,428.2,121279
1768814100,428.1,428.3,428.0,428.1,138470
1768814400,428.0,428.3,427.9,428.0,158008
1768814700,428.0,428.0,427.4,428.0,534914
1768815000,428.1,428.5,427.7,427.9,535975
1768815300,427.8,427.9,427.3,427.3,336678
1768815600,427.3,427.4,427.0,427.4,257776
1768815900,427.5,427.7,426.8,427.1,270396
1768816200,427.1,427.1,425.3,426.1,958377
1768816500,426.0,427.7,426.0,427.4,261894
1768880700,428.0,430.7,426.2,429.3,435491
1768881000,429.4,429.4,428.2,428.7,152800
1768881300,428.8,430.0,428.5,429.8,160911
1768881600,429.6,430.8,428.9,430.8,156993
1768881900,430.8,431.0,430.1,430.3,168732
1768882200,430.2,431.0,430.1,430.8,133785
1768882500,430.9,430.9,429.8,430.0,163210
1768882800,430.0,430.0,428.9,428.9,106170
1768883100,429.1,429.8,429.0,429.3,94850
1768883400,429.3,429.7,428.2,429.6,138869
1768883700,429.6,430.4,429.5,430.0,104820
1768884000,430.1,430.2,429.1,429.7,118063
1768884300,429.7,429.7,429.0,429.5,117110
1768884600,429.6,430.7,429.2,430.3,187346
1768884900,430.3,430.6,430.1,430.5,77734
1768885200,430.4,430.6,430.0,430.3,72675
1768885500,430.3,430.6,429.7,430.4,5783521
1768885800,430.3,430.4,429.7,430.2,120078
1768886100,430.0,430.4,429.8,430.0,92968
1768886400,429.9,430.1,429.5,429.7,96745
1768886700,429.8,429.8,429.5,429.8,110378
1768887000,429.7,429.8,428.2,428.5,648137
1768887300,428.4,429.0,428.0,428.5,172623
1768887600,428.5,429.1,428.3,428.6,100862
1768887900,428.6,428.6,427.5,427.7,100284
1768888200,427.5,428.0,427.4,427.6,74828
1768888500,427.6,428.0,427.0,427.7,74550
1768888800,427.6,427.9,427.5,427.8,64513
1768889100,427.9,428.3,427.7,428.0,84701
1768889400,427.9,428.2,427.7,428.1,56431
1768889700,428.1,428.6,428.0,428.5,74821
1768890000,428.5,429.0,428.2,428.6,96849
1768890300,428.4,428.7,427.8,428.0,88395
1768890600,428.1,428.4,427.6,428.3,92607
1768890900,428.3,428.4,427.5,427.5,77306
1768891200,427.6,427.8,427.2,427.7,80910
1768891500,427.8,428.0,427.4,428.0,62742
1768891800,428.0,428.1,427.3,427.9,71587
1768892100,427.9,429.5,427.7,429.5,134771
1768892400,429.2,429.6,428.8,429.3,216531
1768892700,429.4,429.5,428.7,428.9,55847
1768893000,428.9,429.0,427.6,427.7,235578
1768893300,427.8,428.0,427.6,428.0,56752
1768893600,427.9,428.0,427.3,427.8,45542
1768893900,427.7,428.0,427.7,427.9,51664
1768894200,428.0,428.1,427.5,427.8,56655
1768894500,427.8,428.1,427.4,427.8,55329
1768894800,427.7,428.3,427.4,427.8,72540
1768895100,427.6,428.4,427.6,428.3,71506
1768895400,428.4,428.6,427.7,428.6,312592
1768895700,428.5,428.9,428.2,428.7,92983
1768896000,428.5,429.0,427.5,427.6,418012
1768896300,427.7,428.0,427.0,427.5,155190
1768896600,427.5,427.9,427.0,427.3,99345
1768896900,427.0,427.3,426.6,427.0,176080
1768897200,427.1,427.5,427.0,427.2,107382
1768897500,427.3,427.9,427.1,427.7,191754
1768897800,427.6,427.7,426.7,427.4,107336
1768898100,427.4,427.5,427.0,427.4,179302
1768898400,427.4,427.9,427.2,427.9,201507
1768898700,427.9,428.2,427.6,427.7,254056
1768899000,427.7,428.3,427.7,428.0,224189
1768899300,428.0,428.0,427.3,427.6,141857
1768899600,427.4,427.8,427.2,427.3,130858
1768899900,427.2,427.8,426.7,426.8,234014
1768900200,426.8,427.0,425.8,426.3,417565
1768900500,426.1,426.4,425.2,425.7,362285
1768900800,425.7,425.8,424.9,425.5,255900
1768901100,425.5,426.1,424.6,424.9,349273
1768901400,424.8,425.2,424.4,424.8,368197
1768901700,424.7,424.8,424.4,424.7,413881
1768902000,424.8,424.8,423.1,423.2,504546
1768902300,423.3,423.7,422.5,423.0,602489
1768902600,423.0,423.6,422.6,423.4,455773
1768902900,423.3,424.6,422.7,424.5,362294
1768967100,422.1,425.0,422.1,424.9,370522
1768967400,424.6,425.0,422.8,423.5,373376
1768967700,423.5,423.9,422.3,422.4,176489
1768968000,422.8,423.9,422.6,423.5,164350
1768968300,423.4,423.6,422.2,422.5,2215297
1768968600,422.5,424.4,422.4,424.2,859332
1768968900,424.3,424.3,423.0,424.2,239816
1768969200,424.2,425.4,424.1,424.3,199584
1768969500,424.5,425.5,424.3,425.0,412080
1768969800,424.9,424.9,423.1,423.4,151358
1768970100,423.4,423.5,422.9,423.0,151983
1768970400,423.0,423.3,422.3,422.4,84357
1768970700,422.3,423.2,421.7,422.7,192600
1768971000,422.5,423.3,422.5,422.9,98316
1768971300,423.0,423.5,422.8,423.3,59205
1768971600,423.3,423.7,422.9,423.0,137803
1768971900,422.9,423.0,422.2,422.2,155661
1768972200,422.2,422.3,421.3,421.8,169964
1768972500,421.7,421.8,420.5,420.8,337270
1768972800,420.8,420.9,419.2,419.5,208774
1768973100,419.5,420.8,418.6,420.1,387708
1768973400,420.1,420.3,419.1,419.2,162131
1768973700,419.4,419.4,418.0,418.3,218354
1768974000,418.2,419.4,417.7,418.8,232444
1768974300,419.0,419.0,418.1,418.8,170211
1768974600,418.8,418.8,417.4,417.6,113508
1768974900,417.7,417.8,416.4,416.6,153890
1768975200,416.6,418.1,416.4,417.6,219067
1768975500,417.6,418.1,416.9,417.3,235831
1768975800,417.3,418.2,417.0,417.5,152932
1768976100,417.4,418.2,417.2,417.7,141163
1768976400,417.9,418.2,417.6,417.9,147675
1768976700,417.9,418.2,417.5,417.6,131102
1768977000,417.6,419.0,417.4,418.8,134288
1768977300,418.9,419.0,418.1,418.3,111145
1768977600,418.3,418.7,418.0,418.2,117905
1768977900,418.3,419.4,418.1,418.8,142021
1768978200,418.9,420.0,418.5,419.9,192401
1768978500,419.8,419.8,418.3,418.6,102358
1768978800,418.6,420.3,418.5,420.0,119951
1768979100,420.0,421.7,419.8,421.6,141740
1768979400,421.5,422.8,421.3,422.8,374454
1768979700,422.8,423.2,422.6,422.9,174011
1768980000,422.8,423.9,422.7,423.3,184829
1768980300,423.3,423.6,422.8,423.5,188859
1768980600,423.5,425.0,423.5,424.9,191972
1768980900,424.9,425.0,424.0,424.0,155031
1768981200,424.2,424.3,422.7,422.9,141281
1768981500,422.9,423.1,422.1,422.8,323359
1768981800,422.7,423.1,422.1,422.1,262664
1768982100,422.1,422.4,421.6,421.8,113985
1768982400,421.7,421.9,420.8,421.3,337907
1768982700,421.2,423.7,420.9,422.9,203913
1768983000,423.1,423.2,422.0,422.8,70451
1768983300,422.7,423.2,422.5,422.8,59253
1768983600,422.7,422.9,421.3,421.9,71350
1768983900,422.0,422.2,421.5,421.8,110036
1768984200,421.8,422.2,421.2,422.0,71352
1768984500,422.0,422.2,421.7,422.1,59555
1768984800,421.9,422.2,421.4,421.6,367374
1768985100,421.4,423.3,421.2,422.4,114684
1768985400,422.5,422.9,421.3,421.8,65026
1768985700,421.7,421.9,421.0,421.3,59641
1768986000,421.2,422.4,421.1,422.2,63823
1768986300,422.1,422.4,421.5,422.1,146332
1768986600,421.8,422.4,421.7,421.9,90859
1768986900,422.1,422.1,421.2,421.7,99911
1768987200,421.7,422.0,421.3,421.8,136284
1768987500,421.7,421.7,421.0,421.4,98312
1768987800,421.2,422.2,421.2,422.2,258334
1768988100,422.2,422.6,422.0,422.2,244470
1768988400,422.0,422.1,421.3,421.4,230478
1768988700,421.4,421.8,420.7,421.6,358581
1768989000,421.6,421.7,421.1,421.4,268645
1768989300,421.4,422.1,421.0,421.3,372954
1769053500,423.8,424.7,422.8,423.9,349805
1769053800,424.1,426.8,423.9,426.4,220024
1769054100,426.4,428.0,426.1,427.4,131810
1769054400,427.4,428.1,426.9,427.6,108529
1769054700,427.5,429.1,427.4,428.5,121236
1769055000,428.4,428.9,427.7,428.5,367766
1769055300,428.2,429.7,427.9,428.2,525191
1769055600,428.1,428.2,427.1,427.4,91397
1769055900,427.5,427.7,426.9,427.4,61975
1769056200,427.4,428.1,427.0,427.8,599949
1769056500,427.9,428.0,427.4,427.4,40401
1769056800,427.5,428.2,427.4,427.6,131083
1769057100,427.5,427.8,426.0,426.1,181938
1769057400,426.0,426.5,425.6,426.5,117326
1769057700,426.4,426.5,424.7,425.0,60775
1769058000,424.9,425.0,423.3,424.5,106169
1769058300,424.6,424.9,423.9,423.9,64309
1769058600,424.0,424.5,423.8,424.4,46130
1769058900,424.4,424.5,423.8,423.9,44942
1769059200,423.9,423.9,422.2,422.4,69110
1769059500,422.5,422.6,421.6,421.8,76206
1769059800,421.8,422.1,421.1,421.1,76075
1769060100,421.2,421.3,420.4,420.9,127225
1769060400,421.1,421.8,420.3,421.1,293660
1769060700,420.9,421.4,420.7,421.3,70903
1769061000,421.2,422.3,421.2,422.2,125297
1769061300,422.1,423.7,422.1,423.2,291210
1769061600,423.3,423.4,422.8,423.0,48896
1769061900,423.0,423.2,422.7,423.0,44980
1769062200,423.0,423.0,421.9,422.1,47156
1769062500,422.1,422.9,421.8,422.8,68806
1769062800,422.8,423.4,422.6,422.8,48968
1769063100,422.9,423.0,422.5,422.6,34686
1769063400,422.5,422.8,422.1,422.8,56734
1769063700,422.7,423.9,422.7,423.6,84885
1769064000,423.5,423.7,423.2,423.3,57321
1769064300,423.4,424.6,423.3,424.3,157986
1769064600,424.2,424.6,423.4,423.6,194940
1769064900,423.6,423.9,423.2,423.9,53277
1769065200,423.9,424.1,423.2,424.1,56659
1769065500,424.1,424.6,423.4,424.2,258659
1769065800,424.2,424.2,423.1,423.5,72621
1769066100,423.7,424.1,423.5,424.1,45008
1769066400,424.0,424.3,423.3,423.4,58792
1769066700,423.3,423.5,422.6,422.8,59243
1769067000,422.7,423.2,422.3,423.0,64728
1769067300,422.9,423.0,422.1,422.5,63146
1769067600,422.2,422.8,422.2,422.6,58886
1769067900,422.5,422.7,421.9,422.6,60415
1769068200,422.7,422.7,422.3,422.6,49019
1769068500,422.4,422.6,422.3,422.6,44625
1769068800,422.6,423.8,422.2,423.8,114672
1769069100,423.9,424.2,423.4,423.5,76430
1769069400,423.3,423.8,423.1,423.6,159041
1769069700,423.5,423.7,423.2,423.5,50708
1769070000,423.5,424.3,423.4,424.1,99360
1769070300,424.0,424.3,423.3,423.6,86578
1769070600,423.8,424.2,423.6,423.7,60176
1769070900,423.8,423.9,422.6,423.4,85703
1769071200,423.3,423.9,423.0,423.3,107593
1769071500,423.3,423.6,423.1,423.4,222379
1769071800,423.5,424.2,423.4,424.0,108843
1769072100,423.8,425.0,423.8,424.9,104355
1769072400,424.8,425.9,424.8,425.7,150519
1769072700,425.6,426.9,425.5,426.3,328724
1769073000,426.4,426.5,425.5,426.1,128305
1769073300,426.1,426.4,425.7,425.7,217839
1769073600,425.8,425.9,425.1,425.2,115594
1769073900,425.4,425.7,425.0,425.4,115520
1769074200,425.3,425.8,424.8,425.1,279773
1769074500,425.1,426.2,425.0,425.8,295855
1769074800,425.8,426.6,425.7,426.2,176263
1769075100,426.2,426.8,426.1,426.4,241107
1769075400,426.2,426.4,426.1,426.2,200643
1769075700,426.3,429.8,425.3,427.7,248973
1769139900,429.0,429.8,427.4,428.3,280924
1769140200,428.0,428.5,427.0,428.0,59331
1769140500,428.0,428.0,427.1,427.1,30749
1769140800,427.2,427.5,426.7,427.0,31545
1769141100,427.1,427.2,426.0,426.3,37615
1769141400,426.1,426.3,425.4,426.0,39612
1769141700,426.0,426.8,425.8,426.5,32742
1769142000,426.3,426.7,426.0,426.1,16106
1769142300,426.1,426.5,425.8,426.4,20633
1769142600,426.4,426.7,425.3,425.9,30057
1769142900,425.9,427.2,425.6,427.1,178302
1769143200,426.8,427.7,426.8,427.3,77935
1769143500,427.3,427.3,426.7,426.8,69474
1769143800,426.9,427.1,425.9,426.6,478434
1769144100,426.6,427.0,426.1,426.5,1329392
1769144400,426.5,427.4,426.2,427.1,416962
1769144700,427.2,428.3,427.1,427.5,63719
1769145000,427.5,427.9,427.0,427.2,65834
1769145300,427.1,427.6,426.5,426.8,47083
1769145600,426.7,427.0,426.6,426.9,45675
1769145900,426.6,427.0,426.6,426.9,40929
1769146200,426.9,427.8,426.6,426.9,98338
1769146500,426.7,427.1,426.6,426.7,47718
1769146800,426.9,427.1,426.6,426.7,55544
1769147100,426.7,426.9,425.2,425.2,151003
1769147400,425.4,425.4,424.8,425.2,61801
1769147700,425.0,425.2,424.6,424.7,44409
1769148000,424.9,425.0,424.3,424.5,53288
1769148300,424.4,424.5,424.0,424.0,44893
1769148600,424.0,424.3,423.0,423.2,64066
1769148900,423.0,424.3,423.0,423.5,586852
1769149200,423.5,423.6,422.1,422.7,135261
1769149500,422.7,422.9,422.5,422.9,48529
1769149800,422.9,422.9,422.3,422.9,48616
1769150100,422.7,422.8,421.7,422.5,143773
1769150400,422.5,423.3,422.2,423.2,112456
1769150700,423.1,424.0,423.1,423.9,82429
1769151000,424.0,424.2,422.9,423.2,104148
1769151300,422.9,423.3,422.7,423.2,49330
1769151600,423.0,423.3,422.8,423.2,52963
1769151900,423.2,423.4,422.9,423.4,45896
1769152200,423.3,424.5,423.1,424.0,185942
1769152500,424.1,424.8,423.7,424.1,81160
1769152800,424.1,425.0,423.5,424.8,133930
1769153100,424.6,424.7,423.9,424.0,51116
1769153400,424.0,424.9,423.9,424.6,87500
1769153700,424.4,425.0,424.3,424.7,58587
1769154000,424.7,425.1,424.5,424.8,78052
1769154300,425.0,425.0,423.5,423.5,64485
1769154600,423.7,424.0,423.0,423.7,93186
1769154900,423.6,423.9,422.4,422.5,61672
1769155200,422.5,422.9,421.1,421.4,77936
1769155500,421.6,422.3,421.4,421.5,115528
1769155800,421.5,421.9,421.1,421.3,49012
1769156100,421.1,421.5,421.0,421.5,53636
1769156400,421.3,421.5,420.8,420.8,56791
1769156700,421.0,421.4,420.7,421.2,73678
1769157000,421.2,421.6,420.9,421.5,68286
1769157300,421.4,421.6,421.1,421.4,58802
1769157600,421.3,421.9,420.9,421.6,77770
1769157900,421.7,422.4,421.4,421.7,87852
1769158200,421.8,421.9,420.4,420.8,684398
1769158500,421.0,421.6,420.6,421.3,149386
1769158800,421.3,422.8,421.2,422.5,154861
1769159100,422.5,423.1,422.1,422.8,103226
1769159400,422.7,423.1,422.6,422.6,83342
1769159700,423.1,423.1,422.6,422.9,184034
1769160000,423.0,423.9,422.8,423.2,244025
1769160300,423.4,424.1,423.3,423.5,86227
1769160600,423.3,423.6,422.4,423.2,238300
1769160900,423.1,423.2,422.1,422.1,190103
1769161200,422.1,422.6,421.8,422.5,269409
1769161500,422.6,423.0,420.7,421.5,154655
1769161800,421.6,423.4,421.2,423.4,365154
1769162100,423.4,425.0,423.0,424.5,546539
1769485500,415.0,415.0,400.5,407.5,3394540
1769485800,407.6,408.1,404.6,405.3,820902
1769486100,405.7,406.5,404.7,405.2,334920
1769486400,405.1,406.5,403.5,403.7,1512382
1769486700,403.5,406.8,403.3,406.8,538839
1769487000,406.8,408.3,406.5,407.7,675145
1769487300,407.7,408.2,406.6,407.5,459484
1769487600,407.5,407.5,404.9,405.1,380290
1769487900,404.9,406.0,403.8,405.1,406936
1769488200,405.1,406.0,405.0,405.0,266912
1769488500,405.1,405.1,403.3,404.5,373269
1769488800,404.6,406.7,404.2,405.9,513340
1769489100,406.0,408.5,405.6,408.4,417343
1769489400,408.4,409.0,408.1,408.5,242892
1769489700,408.4,408.5,406.7,406.9,218670
1769490000,407.1,407.5,406.8,407.5,166309
1769490300,407.5,407.6,406.5,406.6,297641
1769490600,406.4,406.7,404.0,404.7,1439606
1769490900,404.7,405.3,403.8,404.6,618150
1769491200,404.4,404.5,402.6,403.4,470034
1769491500,403.4,403.6,402.7,402.9,996011
1769491800,403.2,406.6,403.1,406.3,429600
1769492100,406.0,406.4,405.5,405.5,310773
1769492400,405.6,406.6,405.5,406.4,670072
1769492700,406.4,407.1,406.3,406.9,314463
1769493000,407.0,408.3,406.9,407.1,1770610
1769493300,407.1,407.9,406.4,407.7,533067
1769493600,407.9,409.6,407.5,408.4,1057261
1769493900,408.2,409.4,408.2,409.3,321721
1769494200,409.3,410.2,408.9,409.5,587128
1769494500,409.5,409.9,408.9,408.9,269226
1769494800,409.1,409.1,407.1,407.3,365899
1769495100,407.4,408.4,407.0,408.1,220040
1769495400,408.3,408.9,407.9,408.9,275821
1769495700,409.2,410.2,409.1,409.9,188678
1769496000,409.9,410.9,409.6,410.4,214354
1769496300,410.5,410.6,409.6,409.6,152611
1769496600,409.8,411.7,409.6,411.7,381697
1769496900,411.7,412.0,410.0,410.1,249865
1769497200,410.3,411.0,409.8,410.4,231990
1769497500,410.2,410.5,409.8,409.9,281937
1769497800,409.8,410.1,409.5,409.8,214042
1769498100,409.8,410.0,409.2,409.5,170501
1769498400,409.5,410.8,409.3,410.7,492391
1769498700,410.6,411.1,410.5,410.6,167216
1769499000,410.6,410.6,409.6,409.9,202967
1769499300,409.9,410.4,409.6,410.1,261386
1769499600,410.0,410.1,408.7,409.3,241590
1769499900,409.0,409.5,407.8,408.0,384866
1769500200,407.9,408.0,407.0,407.7,378016
1769500500,407.7,407.7,406.8,407.1,360814
1769500800,407.1,407.5,406.3,406.4,942563
1769501100,406.3,406.6,405.6,406.0,1006028
1769501400,406.0,406.3,405.2,405.9,542937
1769501700,406.0,406.0,405.4,405.7,176835
1769502000,405.8,405.8,405.5,405.5,259109
1769502300,405.6,406.2,405.5,406.0,700034
1769502600,405.9,406.0,405.5,405.5,648141
1769502900,405.6,405.9,405.1,405.5,317809
1769503200,405.6,406.4,405.5,406.2,283055
1769503500,406.1,406.4,405.7,406.0,321463
1769503800,406.0,406.2,405.5,405.8,416460
1769504100,405.7,406.3,405.4,406.0,443737
1769504400,405.9,406.5,405.6,405.7,581394
1769504700,405.9,406.8,405.7,406.7,664331
1769505000,406.7,407.3,406.3,406.9,725360
1769505300,406.8,407.6,406.7,407.3,767636
1769505600,407.3,408.2,407.2,408.1,776193
1769505900,408.1,408.3,407.0,407.7,1257230
1769506200,407.6,408.6,407.1,408.3,1823465
1769506500,408.2,408.3,407.3,407.8,1669415
1769506800,407.8,408.7,407.4,408.0,1806266
1769507100,408.0,409.7,407.9,409.5,2048019
1769507400,409.5,411.1,409.0,410.8,1876928
1769507700,410.8,412.0,409.4,411.9,1102075
1769571900,409.3,410.8,406.3,407.5,586139
1769572200,407.8,408.5,407.2,407.3,226111
1769572500,407.0,408.4,406.4,408.2,265898
1769572800,408.3,408.8,406.7,406.8,242745
1769573100,406.9,407.8,406.6,407.0,163217
1769573400,407.2,408.4,407.2,407.5,133535
1769573700,407.4,408.8,407.4,408.5,97848
1769574000,408.5,409.7,408.3,409.7,128159
1769574300,409.5,410.3,409.2,409.9,141215
1769574600,410.1,410.4,409.9,410.3,89228
1769574900,410.3,410.4,409.3,409.6,121021
1769575200,409.6,410.2,409.4,410.1,153201
1769575500,410.0,410.1,409.7,410.0,85225
1769575800,410.0,410.5,409.8,410.5,64047
1769576100,410.8,411.5,410.6,410.8,2136335
1769576400,410.7,410.8,409.9,410.0,131354
1769576700,410.0,410.6,409.9,410.6,70673
1769577000,410.6,410.7,410.0,410.2,114377
1769577300,410.2,410.7,410.0,410.3,94216
1769577600,410.3,410.7,410.3,410.6,34029
1769577900,410.6,410.8,410.3,410.7,46230
1769578200,410.7,411.3,410.5,411.2,43184
1769578500,411.2,411.5,410.8,411.0,54475
1769578800,410.9,411.3,410.8,411.2,37720
1769579100,411.3,411.9,411.2,411.2,226192
1769579400,411.3,412.3,411.2,412.3,84179
1769579700,412.2,414.0,412.0,413.4,347412
1769580000,413.6,414.2,413.1,414.0,77382
1769580300,414.2,414.2,413.1,413.6,88264
1769580600,413.5,413.7,412.6,412.9,82467
1769580900,413.0,413.0,412.2,412.6,95118
1769581200,412.7,413.1,412.6,413.1,109644
1769581500,413.1,413.2,412.0,412.4,147704
1769581800,412.2,412.6,412.0,412.0,417143
1769582100,412.1,413.2,411.9,412.7,118141
1769582400,412.7,412.8,412.0,412.3,319818
1769582700,412.2,412.4,412.0,412.0,184125
1769583000,412.1,412.1,411.6,411.6,102136
1769583300,411.6,411.7,411.3,411.5,85397
1769583600,411.5,412.0,411.2,412.0,94635
1769583900,412.0,412.0,411.5,411.7,93463
1769584200,411.6,412.0,411.1,411.6,95303
1769584500,411.5,412.0,411.4,412.0,128376
1769584800,411.8,412.2,411.8,412.0,177671
1769585100,412.1,412.3,411.4,411.9,137925
1769585400,411.8,412.1,411.7,412.0,116854
1769585700,412.1,412.1,411.7,411.7,139820
1769586000,411.8,412.0,411.7,412.0,112308
1769586300,412.0,412.0,411.7,412.0,117136
1769586600,412.0,412.0,410.1,410.6,376439
1769586900,410.6,410.8,410.2,410.5,129429
1769587200,410.5,411.0,410.3,410.3,101288
1769587500,410.4,410.5,409.8,410.0,653126
1769587800,410.0,410.3,409.8,409.8,205035
1769588100,409.7,410.0,409.6,410.0,229261
1769588400,409.8,409.9,409.2,409.7,154627
1769588700,409.5,409.8,409.3,409.4,188887
1769589000,409.5,409.7,409.0,409.4,97856
1769589300,409.4,409.6,408.9,409.0,109122
1769589600,409.0,409.5,409.0,409.3,79620
1769589900,409.2,409.4,409.0,409.0,85384
1769590200,409.0,409.5,408.9,409.3,80042
1769590500,409.5,409.6,409.2,409.2,84452
1769590800,409.3,409.4,408.9,409.0,78766
1769591100,409.0,409.6,408.9,409.3,132643
1769591400,409.3,410.2,409.2,410.2,195796
1769591700,410.2,410.8,410.0,410.7,110354
1769592000,410.8,411.2,410.6,411.1,116340
1769592300,411.4,412.0,411.1,411.6,227298
1769592600,411.5,412.1,411.5,411.8,234295
1769592900,411.9,412.1,411.5,412.1,341867
1769593200,412.1,412.3,411.9,412.3,354275
1769593500,412.3,412.9,412.2,412.6,621802
1769593800,412.6,413.2,412.6,412.9,426599
1769594100,413.0,413.0,411.4,411.4,427111
1769658300,407.0,409.4,407.0,408.3,880928
1769658600,408.4,410.1,408.1,409.7,305873
1769658900,409.8,410.0,408.4,408.4,203118
1769659200,408.4,409.0,408.0,408.1,98183
1769659500,408.0,408.4,407.9,408.1,88456
1769659800,408.2,408.9,408.1,408.8,137670
1769660100,408.7,409.6,408.7,409.5,437745
1769660400,409.4,410.2,408.5,408.9,294424
1769660700,408.9,409.9,408.4,409.8,784026
1769661000,409.5,410.0,409.1,409.4,465354
1769661300,409.4,409.7,409.0,409.6,67429
1769661600,409.6,410.6,409.4,410.4,159151
1769661900,410.4,410.7,409.8,410.5,381983
1769662200,410.3,410.5,409.5,409.8,61261
1769662500,409.9,410.5,409.3,410.2,1005864
1769662800,410.2,410.2,409.4,409.8,73027
1769663100,409.8,410.1,409.0,409.0,430723
1769663400,409.2,409.5,408.8,408.8,124689
1769663700,409.0,409.3,408.8,409.0,35835
1769664000,409.0,409.7,408.6,408.7,96229
1769664300,408.7,409.5,408.6,408.8,168311
1769664600,408.8,409.0,407.4,407.4,142578
1769664900,407.4,408.1,407.3,407.7,144244
1769665200,408.0,409.4,408.0,408.5,88379
1769665500,408.5,408.5,408.1,408.5,85343
1769665800,408.4,409.4,408.3,409.3,225256
1769666100,409.3,409.5,408.9,409.3,32152
1769666400,409.5,410.2,409.4,410.2,163780
1769666700,410.2,411.4,410.0,410.6,320879
1769667000,410.7,411.2,410.3,411.0,55598
1769667300,411.1,412.0,410.8,411.9,80619
1769667600,411.9,412.4,410.1,410.2,904995
1769667900,410.4,411.3,410.1,411.1,93708
1769668200,411.0,412.6,411.0,412.3,55187
1769668500,412.4,412.6,411.1,412.2,106659
1769668800,412.2,412.4,411.5,411.8,90331
1769669100,411.8,412.1,411.5,411.9,61956
1769669400,412.0,412.0,411.6,411.9,54942
1769669700,412.0,412.0,410.8,411.0,95167
1769670000,410.9,411.7,410.7,411.5,84471
1769670300,411.7,412.8,411.5,412.4,99885
1769670600,412.7,412.9,412.0,412.3,85836
1769670900,412.1,412.7,411.6,412.5,101943
1769671200,412.6,413.0,412.4,412.7,101075
1769671500,412.8,413.1,412.5,412.9,110480
1769671800,412.8,413.6,412.7,413.6,210042
1769672100,413.7,414.6,413.3,414.0,192326
1769672400,413.9,414.2,413.3,413.7,113333
1769672700,413.7,414.3,413.1,413.1,157427
1769673000,413.1,413.4,412.7,413.0,310867
1769673300,413.1,413.3,411.8,412.0,295114
1769673600,411.9,413.2,411.8,412.6,135549
1769673900,412.7,413.2,412.6,412.9,115053
1769674200,412.9,413.3,412.1,413.3,109199
1769674500,413.3,413.3,412.7,413.0,122213
1769674800,413.0,413.2,412.4,412.6,173847
1769675100,412.5,412.7,412.0,412.3,172506
1769675400,412.2,412.4,411.7,412.2,202809
1769675700,412.1,412.2,411.5,411.7,303020
1769676000,411.6,413.2,411.5,413.2,147802
1769676300,413.1,413.3,412.6,412.9,128266
1769676600,412.9,413.0,412.0,413.0,539473
1769676900,412.7,413.2,412.2,413.0,766361
1769677200,413.0,413.5,412.5,412.8,657071
1769677500,413.0,413.1,412.2,412.8,647496
1769677800,412.8,413.5,412.2,413.0,590094
1769678100,413.0,413.5,412.6,413.2,633553
1769678400,413.2,413.9,412.8,413.0,736126
1769678700,413.0,413.0,412.5,413.0,563967
1769679000,413.0,413.6,412.2,412.5,1287559
1769679300,412.4,413.2,411.9,412.8,1310470
1769679600,412.8,413.8,412.1,412.5,1454337
1769679900,412.7,413.7,412.4,412.9,1260553
1769680200,413.0,413.0,410.6,410.8,2032542
1769680500,410.8,412.9,410.7,412.2,765626
1769744700,410.0,412.5,409.2,409.4,690782
1769745000,409.4,409.5,408.7,408.7,215760
1769745300,408.6,409.1,408.1,408.1,198703
1769745600,408.3,408.3,407.5,407.7,173568
1769745900,407.5,408.0,407.5,407.9,209260
1769746200,407.9,408.4,407.0,408.3,286181
1769746500,408.5,408.5,407.9,408.3,214007
1769746800,408.1,408.6,407.9,408.6,150408
1769747100,408.7,408.7,407.8,408.5,123484
1769747400,408.4,408.8,408.1,408.3,143639
1769747700,408.3,408.3,407.3,407.6,127261
1769748000,407.5,408.9,407.5,408.8,197229
1769748300,408.9,409.2,408.6,408.8,114863
1769748600,408.7,408.8,408.4,408.7,110891
1769748900,408.5,408.7,408.0,408.7,152566
1769749200,408.4,408.9,408.4,408.6,82876
1769749500,408.6,409.1,408.5,409.1,157494
1769749800,409.1,409.2,408.6,408.9,118417
1769750100,409.0,409.1,408.8,408.9,87275
1769750400,408.8,408.9,408.2,408.4,112159
1769750700,408.4,408.5,407.8,408.0,86049
1769751000,408.0,408.1,407.8,408.1,83177
1769751300,408.0,408.1,407.7,407.9,75478
1769751600,407.8,408.0,406.8,407.0,161701
1769751900,406.9,407.2,406.4,406.5,96589
1769752200,406.6,407.0,406.1,407.0,156800
1769752500,407.0,407.0,406.5,406.5,102620
1769752800,406.7,407.0,406.2,406.4,93081
1769753100,406.3,406.5,406.3,406.3,87669
1769753400,406.4,406.4,406.1,406.3,72424
1769753700,406.2,406.3,405.8,406.0,90489
1769754000,405.9,406.5,405.9,406.3,109816
1769754300,406.3,406.3,405.6,405.7,101093
1769754600,405.7,406.4,405.6,406.0,112578
1769754900,406.1,406.7,406.0,406.7,114264
1769755200,406.5,408.0,406.5,407.8,355079
1769755500,407.8,408.0,407.3,407.5,79686
1769755800,407.5,408.5,407.4,408.3,619337
1769756100,408.4,408.4,407.7,408.1,81143
1769756400,408.0,408.1,407.6,407.7,58549
1769756700,407.7,408.5,407.5,408.3,604611
1769757000,408.4,408.4,407.4,407.9,160251
1769757300,408.0,408.1,407.7,407.9,97561
1769757600,408.0,408.6,408.0,408.2,103902
1769757900,408.3,408.3,408.1,408.2,58137
1769758200,408.1,408.2,407.6,407.7,222025
1769758500,407.8,407.8,406.5,406.5,204518
1769758800,406.6,406.9,406.2,406.5,192385
1769759100,406.7,406.7,405.6,405.8,269049
1769759400,405.8,406.2,405.7,405.8,132646
1769759700,405.8,406.0,405.4,405.4,134447
1769760000,405.5,406.3,405.4,406.2,327092
1769760300,406.3,407.3,406.1,407.3,197361
1769760600,407.2,408.0,407.2,407.8,142208
1769760900,408.0,408.3,407.8,408.3,164393
1769761200,408.2,409.3,408.2,409.0,188931
1769761500,409.2,409.2,408.7,408.9,136221
1769761800,408.9,409.7,408.9,409.1,182949
1769762100,409.1,409.5,409.0,409.5,151560
1769762400,409.4,409.5,409.0,409.4,136375
1769762700,409.3,409.5,408.6,409.0,200516
1769763000,409.0,409.4,408.8,409.4,183115
1769763300,409.3,409.4,408.6,408.7,145001
1769763600,408.9,409.0,408.4,408.7,151141
1769763900,408.7,409.4,408.5,409.3,216438
1769764200,409.2,409.5,408.1,408.6,361880
1769764500,408.5,409.6,408.3,409.3,260315
1769764800,409.3,410.2,409.3,409.5,647700
1769765100,409.5,409.8,409.0,409.1,395622
1769765400,409.2,409.2,407.4,407.7,1468791
1769765700,407.6,408.1,407.4,408.0,1429042
1769766000,408.0,408.3,407.7,407.8,1101853
1769766300,407.7,408.5,407.7,408.1,1293551
1769766600,408.2,408.4,407.4,407.9,1559772
1769766900,408.0,409.8,407.5,407.5,1038819
1769917500,408.5,409.8,407.65,407.8,33454
1769917800,407.85,409.9,407.05,409.9,46577
1769918100,409.9,410.1,408.55,408.6,32257
1769918400,408.65,409.7,408.4,409.7,14827
1769918700,409.45,409.95,409.15,409.8,30410
1769919000,409.7,410.65,409.55,410.3,34955
1769919300,410.25,410.6,409.55,410.0,27113
1769919600,410.0,411.05,408.95,410.0,282903
1769919900,410.0,410.0,409.25,409.6,37103
1769920200,409.6,410.0,409.05,409.65,15571
1769920500,409.85,409.95,409.5,409.8,13194
1769920800,409.6,410.75,409.4,410.7,57861
1769921100,410.7,410.75,410.25,410.4,30406
1769921400,410.5,411.0,410.35,410.6,33833
1769921700,410.8,412.1,410.6,412.1,68556
1769922000,412.0,412.2,411.5,412.1,18618
1769922300,412.1,412.4,411.7,411.85,13212
1769922600,411.9,411.95,410.3,410.4,25039
1769922900,410.65,411.6,410.3,411.4,22015
1769923200,411.4,412.0,410.85,411.95,31119
1769923500,411.95,412.25,411.7,412.0,20181
1769923800,412.0,413.35,411.35,413.2,272818
1769924100,413.2,413.3,411.8,412.35,152678
1769924400,412.25,412.95,411.85,412.25,55238
1769924700,412.2,414.3,412.0,413.55,118613
1769925000,413.75,414.1,413.35,413.65,27455
1769925300,413.45,414.0,413.0,413.35,28223
1769925600,413.35,413.55,413.0,413.4,158961
1769925900,413.35,413.5,413.0,413.1,34743
1769926200,413.3,413.8,413.0,413.2,18462
1769926500,413.1,413.3,412.1,412.95,77963
1769926800,412.7,413.5,412.0,412.5,35030
1769927100,412.25,412.9,411.6,411.8,32716
1769927400,411.75,413.5,411.0,413.15,63654
1769927700,413.15,415.9,412.85,414.35,132478
1769928000,414.25,415.1,412.3,413.7,85727
1769928300,413.75,414.4,411.1,411.45,135540
1769928600,411.2,411.75,409.05,410.15,112057
1769928900,410.2,412.55,409.9,409.9,99284
1769929200,410.45,410.65,403.3,408.7,234566
1769929500,409.0,409.7,406.95,407.85,239055
1769929800,407.9,408.2,406.0,406.25,416318
1769930100,405.95,408.2,405.8,406.7,86762
1769930400,406.85,406.85,404.7,405.95,365608
1769930700,405.95,408.95,405.85,408.75,69912
1769931000,408.75,409.2,407.65,407.7,61802
1769931300,407.65,408.2,406.8,407.0,169804
1769931600,407.0,407.35,406.0,406.1,99906
1769931900,406.25,407.15,405.0,405.3,100232
1769932200,405.45,406.75,405.0,405.3,244052
1769932500,405.1,405.35,403.75,404.5,190249
1769932800,404.65,405.95,403.8,405.55,275530
1769933100,405.45,405.75,404.55,405.2,169735
1769933400,405.45,406.6,404.2,404.95,168609
1769933700,405.5,405.75,404.2,404.2,108094
1769934000,404.45,404.65,403.7,404.2,122553
1769934300,404.2,406.5,404.2,406.35,133670
1769934600,406.15,406.9,405.5,405.55,149237
1769934900,405.65,405.8,404.15,404.8,120581
1769935200,404.85,405.25,404.05,404.5,221691
1769935500,404.5,405.0,403.7,404.4,247058
1769935800,404.65,407.25,404.5,406.35,144195
1769936100,406.25,407.0,406.25,406.6,60922
1769936400,406.6,407.2,406.1,406.65,81386
1769936700,406.65,407.45,406.5,407.1,57900
1769937000,407.35,407.45,406.2,407.1,50634
1769937300,406.8,407.7,405.65,406.55,161651
1769937600,406.5,407.0,405.75,406.95,378017
1769937900,406.9,408.0,405.8,406.55,348103
1769938200,406.4,408.4,405.55,407.3,241209
1769938500,407.3,407.5,406.2,406.8,209468
1769938800,406.95,408.25,406.8,407.6,228026
1769939100,407.3,407.4,406.15,407.35,205859
1769939400,407.45,408.5,407.05,408.1,93332
1769939700,408.2,408.8,407.0,407.85,173765
1770003900,408.7,410.3,405.1,409.3,734254
1770004200,409.3,409.9,408.55,409.0,320938
1770004500,409.1,409.1,407.1,407.3,294236
1770004800,407.15,408.55,407.1,408.4,190993
1770005100,408.1,408.75,407.5,407.85,224112
1770005400,407.9,409.2,407.8,408.7,169607
1770005700,408.7,408.9,408.0,408.7,121262
1770006000,408.65,408.95,407.9,408.95,95435
1770006300,408.9,408.9,406.8,407.2,125417
1770006600,407.2,407.35,406.3,406.95,111549
1770006900,407.0,407.75,406.5,407.2,158866
1770007200,407.15,408.3,407.1,408.0,133425
1770007500,407.9,409.1,407.6,409.05,153045
1770007800,409.0,409.8,408.9,409.75,139160
1770008100,409.7,410.6,409.5,409.85,170335
1770008400,409.85,410.4,409.55,410.15,109801
1770008700,410.25,410.75,410.05,410.25,151116
1770009000,410.15,410.6,409.2,409.75,126861
1770009300,409.75,410.25,409.25,409.95,110748
1770009600,409.95,410.05,408.85,409.25,109085
1770009900,409.0,409.2,408.35,408.95,119151
1770010200,408.9,409.3,408.1,408.5,202507
1770010500,408.35,409.0,408.1,408.7,140895
1770010800,408.75,410.85,408.6,410.15,204037
1770011100,410.2,410.5,409.65,409.85,175002
1770011400,409.8,410.35,408.65,408.8,312113
1770011700,408.8,409.55,408.4,408.95,190065
1770012000,408.8,409.05,407.45,409.05,210358
1770012300,409.05,409.45,408.0,409.15,175745
1770012600,409.05,410.0,408.45,409.9,135317
1770012900,409.95,410.15,409.4,409.65,113215
1770013200,409.75,409.95,409.3,409.55,109268
1770013500,409.5,409.7,409.0,409.5,109768
1770013800,409.5,409.7,409.1,409.25,110698
1770014100,409.25,409.85,407.95,408.7,226683
1770014400,408.7,408.85,407.9,408.5,258594
1770014700,408.6,408.75,408.05,408.1,276813
1770015000,408.1,408.1,407.45,407.8,218135
1770015300,407.8,407.95,407.0,407.2,217753
1770015600,407.2,407.2,405.95,406.6,240958
1770015900,406.65,406.9,406.0,406.7,129472
1770016200,406.7,406.8,406.25,406.5,127718
1770016500,406.5,406.85,406.0,406.75,157259
1770016800,406.7,406.75,406.05,406.4,113759
1770017100,406.4,406.55,406.05,406.4,130790
1770017400,406.4,406.85,406.2,406.65,134446
1770017700,406.65,407.15,406.4,406.9,137545
1770018000,407.0,407.15,406.2,406.65,111091
1770018300,406.7,406.8,405.55,406.1,199977
1770018600,406.1,406.1,405.2,405.75,164893
1770018900,405.75,406.55,405.1,406.3,229404
1770019200,406.05,406.4,405.5,406.0,124630
1770019500,406.0,406.25,405.6,406.1,160591
1770019800,406.05,406.95,405.9,406.95,135318
1770020100,406.95,407.5,406.7,407.3,172495
1770020400,407.3,407.75,406.85,407.4,158285
1770020700,407.25,407.5,406.8,407.0,145763
1770021000,406.85,407.4,406.6,407.2,204370
1770021300,407.25,407.4,406.75,406.75,114585
1770021600,406.75,407.1,406.2,407.05,131686
1770021900,407.1,407.25,406.25,406.6,129889
1770022200,406.6,407.2,406.5,407.05,124133
1770022500,407.05,407.75,406.8,407.65,178818
1770022800,407.65,407.75,406.6,406.9,136821
1770023100,406.7,407.05,406.05,407.0,147184
1770023400,407.0,407.45,406.6,407.1,143263
1770023700,406.9,407.7,406.9,407.35,526244
1770024000,407.4,408.6,407.15,407.85,198918
1770024300,407.85,408.2,407.45,407.85,166006
1770024600,408.15,408.95,407.4,408.1,935088
1770024900,408.1,409.2,408.0,409.2,301024
1770025200,409.1,409.2,408.35,408.4,476159
1770025500,408.55,408.9,407.9,407.95,477079
1770025800,407.95,408.0,407.55,407.95,502167
1770026100,407.95,409.0,407.2,407.8,414035
1770090300,415.0,425.0,410.3,417.0,5868988
1770090600,417.15,420.4,416.75,417.2,1099402
1770090900,417.4,419.2,416.7,418.25,495189
1770091200,418.15,420.2,417.0,419.6,627481
1770091500,419.6,420.5,419.15,419.65,815088
1770091800,419.5,420.1,418.55,419.95,487621
1770092100,419.9,420.45,418.05,420.35,545613
1770092400,420.4,420.45,418.6,418.95,402300
1770092700,418.9,420.3,418.6,418.65,570792
1770093000,418.65,418.7,417.65,418.05,341208
1770093300,417.9,417.95,416.4,416.4,429355
1770093600,416.45,418.5,416.4,418.5,587771
1770093900,418.7,419.95,418.7,419.2,403466
1770094200,419.35,420.35,419.35,419.85,556882
1770094500,419.9,420.85,419.8,420.25,369421
1770094800,420.5,423.0,420.05,422.9,774273
1770095100,422.85,423.1,422.0,422.15,705628
1770095400,422.15,422.2,420.75,421.15,586725
1770095700,421.05,421.75,420.9,421.0,159014
1770096000,421.0,421.05,420.15,420.55,196729
1770096300,420.55,421.0,420.1,420.55,208470
1770096600,420.5,420.7,420.0,420.15,215598
1770096900,420.15,420.35,419.3,419.95,904567
1770097200,419.95,420.15,419.3,419.4,301246
1770097500,419.45,419.65,418.6,418.65,129284
1770097800,418.8,418.95,418.5,418.95,189705
1770098100,418.95,419.45,418.85,419.1,205285
1770098400,419.05,420.15,418.65,420.1,247714
1770098700,420.3,420.6,419.9,420.05,126704
1770099000,420.05,420.05,419.45,420.05,167433
1770099300,420.05,420.2,419.05,419.6,541599
1770099600,419.6,419.85,419.15,419.45,75199
1770099900,419.45,421.1,419.35,420.75,724718
1770100200,420.6,421.2,420.3,420.3,694881
1770100500,420.3,420.55,419.9,420.15,127598
1770100800,420.2,420.2,418.8,419.0,117468
1770101100,419.0,419.75,418.3,419.45,278996
1770101400,419.45,419.45,419.0,419.15,122197
1770101700,419.2,419.3,418.0,418.5,243076
1770102000,418.5,419.9,418.0,419.3,592438
1770102300,419.3,419.75,419.0,419.75,273847
1770102600,419.7,420.3,419.35,419.65,185088
1770102900,419.7,420.0,419.05,419.3,208363
1770103200,419.3,419.6,418.65,418.75,202972
1770103500,418.65,419.0,418.2,418.5,190630
1770103800,418.45,419.6,418.35,419.4,316285
1770104100,419.4,419.5,419.0,419.25,217122
1770104400,419.25,419.4,419.05,419.2,178540
1770104700,419.1,419.75,419.1,419.75,237249
1770105000,419.75,419.8,419.2,419.55,188090
1770105300,419.55,419.65,418.1,419.15,409972
1770105600,419.1,419.1,418.7,418.9,185469
1770105900,418.85,420.0,418.4,419.7,360718
1770106200,419.7,420.4,419.55,420.1,215953
1770106500,420.05,420.15,418.1,418.3,192573
1770106800,418.35,418.35,417.35,417.7,118615
1770107100,417.55,417.85,417.3,417.85,167044
1770107400,417.7,417.7,416.75,417.4,140515
1770107700,417.4,417.65,416.85,417.4,472800
1770108000,417.4,417.4,416.4,416.5,255103
1770108300,416.55,416.7,416.3,416.4,197957
1770108600,416.45,416.5,416.1,416.25,189491
1770108900,416.2,416.4,415.75,416.15,283829
1770109200,416.15,416.55,415.6,416.15,331913
1770109500,416.2,416.95,416.1,416.6,310623
1770109800,416.55,417.5,416.4,417.1,484291
1770110100,417.05,417.4,416.9,417.25,281074
1770110400,417.25,417.3,416.85,416.9,274509
1770110700,416.8,417.0,416.25,416.8,303432
1770111000,416.8,417.0,415.25,415.7,864702
1770111300,415.65,416.1,415.5,415.55,837579
1770111600,415.55,416.25,415.5,415.6,743269
1770111900,415.6,416.3,415.45,415.75,895901
1770112200,415.8,416.2,415.45,416.0,952765
1770112500,416.0,416.45,415.15,415.8,888765
1770176700,416.7,418.65,411.95,415.55,1593483
1770177000,415.55,416.3,414.8,415.7,193353
1770177300,415.75,416.2,415.4,415.5,87421
1770177600,415.4,416.6,415.25,415.35,149013
1770177900,415.3,415.6,414.65,415.0,124846
1770178200,415.3,415.9,415.0,415.25,140618
1770178500,415.2,415.8,415.05,415.1,127663
1770178800,414.95,416.05,414.85,415.8,168384
1770179100,415.85,416.0,415.3,415.7,109347
1770179400,415.7,416.1,415.2,415.35,85117
1770179700,415.35,415.45,414.35,414.35,90765
1770180000,414.5,414.8,414.25,414.25,40828
1770180300,414.15,414.35,413.5,413.5,75109
1770180600,413.35,413.65,412.6,412.85,121290
1770180900,412.75,413.55,412.7,413.3,80602
1770181200,413.3,413.7,413.1,413.25,66705
1770181500,413.25,413.25,412.5,412.9,92927
1770181800,412.9,413.45,412.5,413.15,60540
1770182100,413.15,413.55,412.85,413.3,67314
1770182400,413.3,413.55,413.05,413.2,43427
1770182700,413.2,414.2,412.7,413.9,134628
1770183000,413.95,414.35,412.75,414.3,142116
1770183300,414.1,414.75,414.1,414.35,44406
1770183600,414.3,414.3,413.55,413.9,104889
1770183900,413.9,414.15,413.6,413.7,71026
1770184200,413.65,414.05,413.4,413.65,99353
1770184500,413.45,415.15,413.45,414.55,629131
1770184800,414.55,414.6,413.1,413.75,350177
1770185100,413.6,415.45,413.55,414.75,607406
1770185400,414.65,414.95,414.3,414.45,59278
1770185700,414.35,415.0,414.3,415.0,150190
1770186000,415.1,415.4,414.2,414.85,151941
1770186300,414.8,414.85,414.25,414.3,57154
1770186600,414.35,414.5,413.65,413.9,96505
1770186900,414.0,414.8,413.8,414.55,102784
1770187200,414.6,414.65,413.4,413.95,294492
1770187500,413.95,414.0,412.0,412.3,139896
1770187800,412.2,412.45,411.85,412.35,62007
1770188100,412.35,412.4,411.85,412.0,69158
1770188400,412.0,412.65,410.95,412.0,700073
1770188700,412.0,412.0,411.5,411.75,85451
1770189000,411.8,412.25,411.0,411.0,260050
1770189300,411.05,411.45,411.05,411.25,142389
1770189600,411.15,411.35,410.75,411.0,134314
1770189900,411.0,411.15,410.6,411.0,140245
1770190200,410.85,411.0,410.7,410.95,77805
1770190500,410.85,411.1,410.8,411.0,84784
1770190800,410.95,411.35,410.85,411.35,77027
1770191100,411.25,411.45,411.0,411.25,75634
1770191400,411.35,411.45,411.1,411.35,50562
1770191700,411.3,412.0,411.2,411.75,157904
1770192000,411.75,413.55,411.7,412.95,181777
1770192300,412.85,413.4,412.75,413.25,80995
1770192600,413.25,413.65,413.05,413.3,70318
1770192900,413.4,413.7,413.2,413.6,86927
1770193200,413.45,413.8,413.4,413.8,69225
1770193500,413.75,413.8,413.4,413.5,53675
1770193800,413.6,413.65,412.25,412.75,321565
1770194100,412.7,412.9,411.85,411.95,102049
1770194400,411.95,412.8,411.7,412.8,162652
1770194700,412.75,413.0,412.25,412.6,188449
1770195000,412.7,412.8,412.4,412.6,137797
1770195300,412.6,413.0,412.6,413.0,209475
1770195600,413.0,413.0,412.6,412.85,190710
1770195900,412.85,413.05,412.65,413.0,210363
1770196200,412.9,413.65,412.5,413.4,304709
1770196500,413.4,413.6,412.9,412.95,173252
1770196800,412.9,413.0,412.7,412.9,268888
1770197100,412.9,413.0,412.25,412.85,342143
1770197400,412.65,413.15,412.65,412.95,448122
1770197700,413.0,413.3,412.35,412.55,410967
1770198000,412.6,412.6,412.15,412.3,382987
1770198300,412.2,412.6,411.8,411.9,494791
1770198600,411.9,412.15,411.8,411.95,505648
1770198900,412.05,412.5,411.15,412.0,567905
1770263100,411.0,413.95,410.75,412.4,991456
1770263400,412.3,412.3,410.9,411.0,443143
1770263700,411.0,411.85,411.0,411.45,292230
1770264000,411.5,412.4,411.3,411.5,617263
1770264300,411.5,412.8,411.25,412.6,797991
1770264600,412.6,412.6,411.75,411.95,401359
1770264900,411.9,412.05,410.35,410.6,452929
1770265200,410.6,410.95,409.8,410.0,314593
1770265500,410.05,410.35,409.45,410.3,287312
1770265800,410.25,410.5,409.8,410.15,223029
1770266100,410.15,410.25,409.6,409.8,198358
1770266400,409.8,410.55,409.8,410.4,697345
1770266700,410.25,410.4,409.35,409.65,281835
1770267000,409.75,409.9,409.5,409.75,224813
1770267300,409.75,409.75,409.0,409.1,164177
1770267600,409.0,409.45,408.6,408.95,384908
1770267900,408.95,409.05,407.9,408.0,217530
1770268200,408.0,408.2,407.45,407.6,344967
1770268500,407.7,407.8,406.5,407.5,1215272
1770268800,407.55,408.15,407.0,407.35,422725
1770269100,407.3,407.4,406.45,406.7,278563
1770269400,406.7,407.3,406.35,406.75,270402
1770269700,406.8,407.0,406.6,406.95,67942
1770270000,406.95,407.4,406.55,406.8,152346
1770270300,406.8,407.05,406.7,406.8,80858
1770270600,406.85,406.85,406.7,406.8,79344
1770270900,406.75,407.0,406.05,406.35,350979
1770271200,406.25,406.6,406.15,406.2,80993
1770271500,406.25,406.9,406.15,406.8,98065
1770271800,406.75,406.8,406.05,406.2,101534
1770272100,406.15,406.4,405.7,406.35,255853
1770272400,406.25,406.65,405.85,406.55,199255
1770272700,406.55,407.15,406.5,406.85,346635
1770273000,406.9,407.3,406.5,406.75,227639
1770273300,406.75,406.9,406.25,406.3,123177
1770273600,406.3,406.4,406.05,406.2,118753
1770273900,406.25,406.7,405.95,406.35,189753
1770274200,406.05,407.0,405.95,407.0,195562
1770274500,406.95,407.0,406.35,406.7,226151
1770274800,406.65,406.95,406.45,406.6,169622
1770275100,406.6,407.0,406.5,406.65,99326
1770275400,406.6,406.95,406.45,406.75,115792
1770275700,406.75,406.85,406.5,406.75,113440
1770276000,406.75,406.9,406.4,406.75,113114
1770276300,406.6,406.75,406.1,406.6,121550
1770276600,406.6,407.0,406.35,406.55,329175
1770276900,406.6,406.75,406.25,406.7,91625
1770277200,406.7,406.9,406.2,406.35,97387
1770277500,406.35,407.25,406.35,407.0,179848
1770277800,407.0,407.0,406.5,406.6,96676
1770278100,406.55,406.6,405.65,405.85,167128
1770278400,405.85,406.1,405.6,406.0,140816
1770278700,406.0,406.3,405.8,405.9,147020
1770279000,406.0,406.2,405.7,406.05,272977
1770279300,406.15,406.3,405.85,405.95,144986
1770279600,406.0,406.1,405.4,405.6,177153
1770279900,405.6,405.6,405.05,405.55,181751
1770280200,405.55,405.7,405.25,405.7,160101
1770280500,405.7,406.0,404.8,405.0,433681
1770280800,404.95,405.35,404.65,405.3,355971
1770281100,405.3,406.2,404.1,405.45,1320274
1770281400,405.45,405.5,405.1,405.3,401693
1770281700,405.25,406.9,405.1,406.85,327430
1770282000,406.85,406.85,406.2,406.35,206570
1770282300,406.4,406.8,406.0,406.6,372633
1770282600,406.65,406.65,406.1,406.45,229675
1770282900,406.45,407.05,406.35,407.05,458329
1770283200,407.05,407.05,406.65,407.05,241487
1770283500,407.05,407.4,407.0,407.4,316501
1770283800,407.4,408.45,407.05,408.45,720156
1770284100,408.35,408.95,407.65,408.05,816354
1770284400,408.1,409.8,408.1,409.15,845469
1770284700,409.2,409.2,408.6,408.9,621212
1770285000,408.9,409.65,408.45,409.65,987259
1770285300,409.6,412.0,409.0,411.65,798019
1770349500,411.0,414.5,410.35,413.85,1029296
1770349800,413.9,414.0,412.3,413.0,163748
1770350100,413.1,413.5,411.55,412.35,3145642
1770350400,412.45,413.15,412.25,413.15,137377
1770350700,413.2,413.95,412.7,413.65,617858
1770351000,413.6,413.6,411.7,411.8,96246
1770351300,411.75,411.9,410.3,411.65,182346
1770351600,411.6,411.95,411.1,411.7,95364
1770351900,411.7,411.95,410.8,411.95,77833
1770352200,411.9,412.2,411.55,411.85,68204
1770352500,411.85,411.85,411.2,411.4,55580
1770352800,411.35,411.75,410.7,411.7,93079
1770353100,411.7,412.2,411.65,412.15,74394
1770353400,412.05,412.15,411.95,411.95,39613
1770353700,411.95,412.65,411.7,411.8,133510
1770354000,411.95,412.05,411.75,411.95,76908
1770354300,411.95,412.0,411.45,411.75,110703
1770354600,411.75,412.2,411.65,411.7,93038
1770354900,411.85,412.25,411.7,412.0,79076
1770355200,412.05,413.1,412.0,412.35,140180
1770355500,412.3,412.65,412.25,412.35,54253
1770355800,412.4,413.3,412.35,413.2,120515
1770356100,413.15,415.15,413.1,415.15,138961
1770356400,415.35,418.15,414.65,417.05,491132
1770356700,417.2,418.25,416.15,418.0,406501
1770357000,418.15,420.2,418.0,419.65,431003
1770357300,419.6,421.0,419.45,420.8,290318
1770357600,420.8,422.3,420.45,421.5,284815
1770357900,421.5,421.6,420.5,421.55,159395
1770358200,421.5,421.55,420.7,420.7,134747
1770358500,420.75,421.7,420.7,421.45,137816
1770358800,421.45,423.0,421.4,422.85,213209
1770359100,422.8,423.8,422.3,423.55,282468
1770359400,423.8,424.65,423.5,423.95,269892
1770359700,423.95,423.95,421.05,423.0,372483
1770360000,423.0,423.45,422.2,422.7,417182
1770360300,422.85,423.2,421.8,422.25,292883
1770360600,422.25,422.25,420.65,420.65,169644
1770360900,420.6,421.5,420.2,421.45,145374
1770361200,421.45,421.5,421.1,421.4,96022
1770361500,421.45,421.7,421.1,421.1,136821
1770361800,421.1,421.7,421.0,421.15,139560
1770362100,421.0,421.4,420.85,421.15,229432
1770362400,421.15,421.25,420.2,420.75,272284
1770362700,420.75,421.8,420.75,421.35,177717
1770363000,421.4,421.4,420.85,421.15,112918
1770363300,421.2,421.3,419.55,420.0,160526
1770363600,419.95,420.6,419.75,420.1,164058
1770363900,420.15,420.15,418.7,419.25,182474
1770364200,419.3,419.35,418.85,419.2,126669
1770364500,419.1,419.25,418.85,419.0,124963
1770364800,419.1,419.65,418.9,419.45,203431
1770365100,419.45,419.45,418.95,419.1,148076
1770365400,419.15,419.5,418.65,418.8,132107
1770365700,418.85,419.25,418.55,419.0,125159
1770366000,419.0,420.5,418.85,419.9,170651
1770366300,420.05,420.2,419.3,419.5,106554
1770366600,419.5,420.2,419.35,419.85,413150
1770366900,419.85,420.1,419.0,419.75,210013
1770367200,419.8,420.25,419.5,420.15,239292
1770367500,420.15,420.75,420.1,420.2,243009
1770367800,420.2,420.75,420.1,420.55,223994
1770368100,420.6,421.15,420.5,420.9,175542
1770368400,420.9,421.1,420.35,420.95,177521
1770368700,421.0,421.1,420.4,420.5,150598
1770369000,420.45,420.65,420.3,420.4,131579
1770369300,420.5,420.65,420.45,420.6,155135
1770369600,420.6,421.5,420.5,421.3,211888
1770369900,421.4,421.75,421.2,421.55,273319
1770370200,421.5,422.3,421.45,422.2,781658
1770370500,422.15,422.8,422.15,422.55,814040
1770370800,422.5,422.85,422.3,422.65,682542
1770371100,422.6,422.75,422.25,422.3,636972
1770371400,422.25,422.55,422.25,422.35,803592
1770371700,422.4,422.5,421.5,422.35,498237
1770608700,430.0,434.9,425.3,427.2,2090265
1770609000,427.05,428.4,425.75,426.25,432207
1770609300,426.05,428.7,425.75,428.65,477627
1770609600,428.65,429.5,426.6,427.45,634509
1770609900,427.45,427.55,426.4,426.4,190022
1770610200,426.55,427.9,426.4,427.75,176406
1770610500,427.75,430.3,427.5,429.55,442337
1770610800,429.6,429.95,428.8,429.2,795525
1770611100,429.05,430.3,429.05,430.0,265801
1770611400,430.0,430.0,428.6,429.85,734138
1770611700,429.85,430.0,429.5,429.8,268998
1770612000,429.7,430.0,429.1,429.65,275208
1770612300,429.65,430.3,429.5,430.2,305735
1770612600,430.1,430.45,429.85,430.15,218919
1770612900,429.95,430.15,429.25,429.3,197111
1770613200,429.1,429.2,427.8,428.1,254361
1770613500,427.85,428.2,427.2,427.3,113097
1770613800,427.3,427.5,426.35,426.55,191044
1770614100,426.6,426.6,425.15,425.6,189932
1770614400,425.55,426.5,425.45,426.35,237806
1770614700,426.3,427.0,424.65,425.0,232384
1770615000,425.0,425.2,424.2,424.5,97324
1770615300,424.45,425.25,424.45,425.05,213995
1770615600,425.05,425.85,424.95,425.55,223342
1770615900,425.45,427.0,425.45,426.5,380211
1770616200,426.5,427.75,426.3,427.7,378893
1770616500,427.7,428.05,426.8,427.4,357801
1770616800,427.4,427.55,426.6,427.45,685436
1770617100,427.45,427.45,426.5,426.75,79791
1770617400,426.75,426.85,425.95,426.4,123436
1770617700,426.3,427.05,426.05,426.75,86198
1770618000,426.95,426.95,426.4,426.65,119283
1770618300,426.65,426.65,426.45,426.55,83527
1770618600,426.6,427.0,426.35,426.6,106736
1770618900,426.65,426.65,426.3,426.55,77822
1770619200,426.55,427.25,426.45,427.2,192497
1770619500,427.3,427.35,427.0,427.1,86184
1770619800,427.1,427.15,426.7,426.75,80878
1770620100,426.75,426.8,426.5,426.65,48394
1770620400,426.65,426.65,426.3,426.55,61855
1770620700,426.55,426.6,426.25,426.5,70633
1770621000,426.5,427.1,426.05,426.8,435678
1770621300,426.8,427.95,426.7,427.5,380506
1770621600,427.5,427.75,426.65,426.75,59741
1770621900,426.8,427.35,426.5,427.25,53828
1770622200,427.35,427.35,427.0,427.0,51141
1770622500,426.95,427.35,426.85,427.3,61718
1770622800,427.3,427.35,426.5,426.7,43071
1770623100,426.7,427.75,426.6,427.65,165343
1770623400,427.65,427.85,427.5,427.75,100563
1770623700,427.75,428.25,427.2,427.25,489756
1770624000,427.35,427.45,426.5,427.4,82127
1770624300,427.4,428.4,427.4,428.3,232040
1770624600,428.3,429.45,428.05,428.65,1810713
1770624900,428.65,428.7,427.6,428.3,65899
1770625200,428.25,428.3,427.9,428.1,46834
1770625500,428.1,428.5,428.0,428.35,50317
1770625800,428.4,428.85,427.95,428.3,170961
1770626100,428.35,428.35,427.8,428.1,70272
1770626400,428.1,428.35,428.05,428.35,42596
1770626700,428.35,428.9,428.2,428.7,723133
1770627000,428.7,428.9,428.45,428.5,114634
1770627300,428.65,428.9,428.45,428.5,108049
1770627600,428.55,428.55,428.1,428.15,106423
1770627900,428.2,429.4,428.15,429.1,164393
1770628200,429.1,429.5,428.7,429.4,202113
1770628500,429.5,429.9,429.3,429.75,248252
1770628800,429.8,429.9,429.3,429.75,247478
1770629100,429.8,429.9,428.95,429.3,360067
1770629400,429.45,429.45,428.7,429.1,454227
1770629700,429.05,429.6,428.65,428.95,1141012
1770630000,428.95,429.0,428.25,428.45,252902
1770630300,428.5,428.55,428.15,428.45,379674
1770630600,428.45,428.85,427.7,428.0,464648
1770630900,428.0,428.5,427.1,427.75,514243
1770695100,430.8,431.5,429.35,430.55,239319
1770695400,430.55,430.7,429.9,430.4,118434
1770695700,430.3,430.45,429.1,429.5,79540
1770696000,429.55,430.6,428.8,430.5,116721
1770696300,430.5,430.85,430.2,430.35,72571
1770696600,430.2,430.95,430.05,430.6,67183
1770696900,430.6,430.65,429.5,429.6,80072
1770697200,429.6,429.75,429.0,429.1,95131
1770697500,429.15,429.65,428.7,429.55,91306
1770697800,429.5,430.0,429.05,429.25,51721
1770698100,429.2,429.65,429.0,429.1,55242
1770698400,429.15,431.2,429.0,430.65,1708065
1770698700,430.65,430.65,430.05,430.2,59231
1770699000,430.2,430.75,430.0,430.6,675145
1770699300,430.6,430.65,430.25,430.4,54172
1770699600,430.35,430.9,430.25,430.8,98075
1770699900,430.75,431.4,430.5,431.1,97672
1770700200,431.05,431.5,430.6,431.5,280529
1770700500,431.35,432.45,431.35,432.05,179455
1770700800,432.0,432.25,431.8,432.05,140187
1770701100,432.05,433.05,431.85,432.4,362309
1770701400,432.35,433.3,432.3,433.15,464766
1770701700,433.15,433.25,432.5,432.8,407462
1770702000,432.8,433.2,432.65,433.05,138775
1770702300,433.05,433.25,432.6,432.75,131217
1770702600,432.6,433.55,432.4,433.4,301717
1770702900,433.45,433.6,433.0,433.05,239081
1770703200,433.05,433.75,433.0,433.6,171020
1770703500,433.65,433.65,432.95,433.35,118879
1770703800,433.3,433.3,432.55,433.0,153366
1770704100,433.05,433.85,432.95,433.5,422762
1770704400,433.5,433.55,432.55,433.05,134892
1770704700,433.1,433.45,432.8,432.9,117142
1770705000,432.9,433.15,432.5,433.05,142801
1770705300,433.0,433.2,432.8,433.0,122883
1770705600,433.0,433.15,432.95,433.15,136132
1770705900,433.15,433.85,433.05,433.55,619406
1770706200,433.5,433.75,433.3,433.5,72209
1770706500,433.5,433.5,432.85,433.15,110550
1770706800,433.1,433.5,433.0,433.5,133413
1770707100,433.4,433.9,433.1,433.8,221694
1770707400,433.75,433.85,433.4,433.6,186869
1770707700,433.6,433.85,433.35,433.55,195507
1770708000,433.55,433.65,433.15,433.35,230745
1770708300,433.3,433.5,432.15,432.45,168516
1770708600,432.45,432.6,432.2,432.4,94540
1770708900,432.35,433.15,432.3,433.05,483012
1770709200,433.0,433.15,432.75,432.9,139168
1770709500,432.95,433.15,432.65,433.05,171152
1770709800,433.0,433.3,432.75,433.0,559372
1770710100,433.0,433.0,432.35,432.55,199466
1770710400,432.55,432.6,431.3,432.1,310436
1770710700,432.05,432.15,431.45,432.15,258657
1770711000,432.15,432.25,431.55,431.75,206505
1770711300,431.8,431.85,431.2,431.55,242451
1770711600,431.65,431.75,430.85,431.0,258559
1770711900,431.0,431.1,430.15,430.25,196294
1770712200,430.2,430.75,429.6,430.75,224381
1770712500,430.75,430.9,430.35,430.5,249736
1770712800,430.45,430.9,430.4,430.85,204617
1770713100,430.85,431.3,430.7,431.3,303412
1770713400,431.25,431.35,430.7,430.9,210270
1770713700,430.8,430.9,430.3,430.4,205040
1770714000,430.3,430.8,430.2,430.65,193970
1770714300,430.7,431.25,430.5,430.6,274786
1770714600,430.6,430.6,430.25,430.45,230124
1770714900,430.4,430.8,430.35,430.7,208732
1770715200,430.7,430.85,430.4,430.8,219079
1770715500,430.75,430.85,430.3,430.6,229016
1770715800,430.6,430.6,430.15,430.55,354432
1770716100,430.5,430.7,430.3,430.3,418232
1770716400,430.3,430.3,429.2,429.35,522317
1770716700,429.2,429.3,428.4,428.45,506624
1770717000,428.4,428.45,428.2,428.3,520237
1770717300,428.25,428.5,428.2,428.45,348450
1770781500,431.7,431.7,428.25,429.45,474399
1770781800,429.45,430.65,429.25,429.85,229445
1770782100,429.85,429.95,428.7,429.55,188872
1770782400,429.6,429.7,429.3,429.55,46110
1770782700,429.55,429.85,428.95,428.95,80429
1770783000,428.9,429.25,428.75,428.75,91916
1770783300,428.55,429.6,428.45,429.5,127877
1770783600,429.45,429.5,429.35,429.4,87388
1770783900,429.4,429.4,428.6,428.75,135871
1770784200,428.7,428.8,427.75,428.1,130506
1770784500,428.1,429.2,427.9,429.2,113252
1770784800,429.1,429.55,429.1,429.5,100169
1770785100,429.45,430.15,429.3,430.1,59873
1770785400,430.15,430.35,429.6,429.75,155612
1770785700,429.8,430.25,429.65,429.75,85072
1770786000,429.65,429.75,429.2,429.3,83436
1770786300,429.2,429.8,429.1,429.7,117478
1770786600,429.75,429.85,429.2,429.75,109775
1770786900,429.65,430.0,429.3,429.4,95894
1770787200,429.45,429.45,429.15,429.15,50052
1770787500,429.2,429.35,429.1,429.35,48669
1770787800,429.35,429.4,429.0,429.05,115262
1770788100,429.1,429.25,429.0,429.0,30374
1770788400,429.1,429.15,429.0,429.1,41064
1770788700,429.0,429.25,429.0,429.2,48910
1770789000,429.2,430.45,429.15,430.2,584486
1770789300,430.2,430.25,429.35,429.45,79534
1770789600,429.45,429.6,429.1,429.2,47603
1770789900,429.15,429.25,429.0,429.15,55540
1770790200,429.25,429.25,428.85,428.85,43642
1770790500,428.95,429.25,428.65,429.15,40953
1770790800,429.2,429.55,429.1,429.3,480889
1770791100,429.2,429.4,428.45,428.45,59646
1770791400,428.6,429.4,428.5,429.2,44548
1770791700,429.3,429.3,429.0,429.05,40775
1770792000,429.15,429.15,428.9,429.0,48719
1770792300,429.05,429.65,429.0,429.6,586350
1770792600,429.6,429.7,429.05,429.3,276282
1770792900,429.3,429.8,429.15,429.4,281186
1770793200,429.45,429.45,428.65,428.75,80895
1770793500,428.65,428.75,428.3,428.4,132513
1770793800,428.35,429.05,428.0,429.05,434722
1770794100,429.05,429.3,428.8,428.9,390842
1770794400,428.85,429.3,428.65,429.15,73015
1770794700,429.15,429.15,428.8,429.0,63768
1770795000,428.9,429.0,428.5,428.7,83743
1770795300,428.7,428.8,428.5,428.6,64104
1770795600,428.6,428.75,428.5,428.6,61150
1770795900,428.5,428.6,428.5,428.6,95211
1770796200,428.65,428.95,428.5,428.95,72731
1770796500,428.95,429.05,428.75,429.05,55093
1770796800,429.0,429.2,428.75,428.75,80468
1770797100,428.85,428.95,428.7,428.85,57717
1770797400,428.8,429.2,428.65,428.8,93934
1770797700,428.8,428.95,428.65,428.9,32201
1770798000,428.9,428.95,428.65,428.95,53841
1770798300,428.9,429.15,428.7,429.1,67248
1770798600,429.15,429.9,429.05,429.8,275535
1770798900,429.9,429.9,429.3,429.6,76874
1770799200,429.6,429.75,429.35,429.65,73069
1770799500,429.55,430.05,429.55,430.05,138467
1770799800,430.05,430.4,429.8,430.0,129638
1770800100,430.05,430.2,429.7,429.95,902297
1770800400,430.0,430.05,429.7,430.0,104278
1770800700,430.0,430.05,429.7,429.75,383789
1770801000,429.75,430.05,429.6,429.95,197012
1770801300,430.0,430.1,429.7,430.05,183767
1770801600,430.05,430.2,429.8,430.0,124196
1770801900,429.95,430.1,429.7,429.95,162988
1770802200,429.85,430.05,429.6,429.75,351967
1770802500,429.65,430.05,429.5,429.65,364421
1770802800,429.65,429.9,429.25,429.7,294097
1770803100,429.55,429.7,429.45,429.65,226726
1770803400,429.65,429.65,429.1,429.3,455440
1770803700,429.25,429.4,428.6,429.4,300255
1770867900,429.4,431.05,428.1,428.5,605784
1770868200,428.5,428.5,427.55,428.05,66389
1770868500,428.05,428.8,427.45,428.4,285050
1770868800,428.4,429.8,427.9,429.65,264866
1770869100,429.65,430.6,429.15,429.4,437573
1770869400,429.4,429.6,428.65,429.4,50673
1770869700,429.65,429.75,428.85,429.25,57408
1770870000,429.35,429.35,428.5,428.7,25463
1770870300,428.7,428.95,428.35,428.65,38049
1770870600,428.8,429.5,428.8,429.2,100534
1770870900,429.15,429.2,428.6,428.8,29691
1770871200,428.6,428.95,428.35,428.65,28430
1770871500,428.5,428.85,428.0,428.3,412073
1770871800,428.3,428.3,427.55,427.65,41320
1770872100,427.55,428.8,427.55,428.75,83480
1770872400,428.65,428.85,427.8,428.0,52889
1770872700,427.9,428.15,427.5,427.75,38286
1770873000,427.6,428.0,427.1,427.35,171676
1770873300,427.35,427.5,426.35,427.1,144443
1770873600,427.1,427.8,426.45,426.75,281223
1770873900,426.75,428.05,426.7,427.45,367400
1770874200,427.45,428.1,426.9,427.85,1589900
1770874500,427.85,428.0,427.0,427.0,107718
1770874800,427.0,427.05,426.5,426.5,77137
1770875100,426.7,427.75,426.45,427.75,73842
1770875400,427.65,427.7,427.25,427.45,73954
1770875700,427.6,427.95,427.3,427.45,69169
1770876000,427.45,427.7,426.55,427.0,95529
1770876300,427.05,427.35,427.0,427.25,81188
1770876600,427.05,427.6,426.2,426.5,311767
1770876900,426.5,427.5,426.45,427.2,243690
1770877200,427.2,427.2,426.2,426.45,63847
1770877500,426.3,427.2,426.2,427.1,192909
1770877800,427.1,427.1,426.45,426.8,278681
1770878100,426.8,427.55,426.6,427.35,334120
1770878400,427.4,427.55,427.1,427.45,162669
1770878700,427.45,427.5,426.85,427.35,53758
1770879000,427.3,427.55,426.9,427.15,57704
1770879300,427.0,427.8,426.85,427.75,88610
1770879600,427.75,428.75,427.5,428.7,111658
1770879900,428.7,428.7,428.3,428.7,63520
1770880200,428.7,428.85,428.35,428.5,79247
1770880500,428.7,429.7,428.5,429.7,118445
1770880800,429.7,430.4,429.55,429.75,147336
1770881100,429.95,429.95,429.0,429.25,78978
1770881400,429.25,429.55,429.1,429.45,56869
1770881700,429.3,429.55,429.1,429.35,52502
1770882000,429.35,429.8,429.2,429.45,71646
1770882300,429.3,429.8,429.0,429.2,88845
1770882600,429.2,429.4,428.9,429.2,122165
1770882900,429.2,429.55,428.95,429.15,194946
1770883200,429.15,429.35,428.9,429.0,73723
1770883500,429.15,429.2,428.85,429.05,57215
1770883800,428.9,429.05,428.3,428.4,85073
1770884100,428.4,428.45,427.8,427.8,95211
1770884400,427.8,428.35,427.75,428.35,209587
1770884700,428.35,428.35,427.6,427.65,59690
1770885000,427.8,428.55,427.55,428.4,64550
1770885300,428.2,428.4,427.95,428.1,47159
1770885600,428.1,428.1,427.8,428.0,54185
1770885900,428.0,428.25,427.3,427.6,112849
1770886200,427.6,428.05,427.45,427.75,271373
1770886500,427.75,427.75,426.55,426.75,229791
1770886800,426.75,426.75,426.05,426.2,76890
1770887100,426.05,426.8,426.05,426.6,107826
1770887400,426.45,426.85,426.25,426.5,82716
1770887700,426.45,427.05,426.3,426.75,316694
1770888000,427.0,427.1,426.5,426.55,161784
1770888300,426.5,426.9,426.35,426.8,227836
1770888600,426.9,427.65,426.15,426.2,705669
1770888900,426.3,426.45,425.65,426.15,466831
1770889200,426.15,426.55,425.3,425.9,530652
1770889500,425.85,426.3,425.1,425.6,506870
1770889800,425.6,426.3,425.55,426.15,398729
1770890100,426.1,427.0,426.0,426.0,301107
1770954300,426.0,428.9,424.3,425.25,634459
1770954600,425.4,426.0,424.7,424.7,75445
1770954900,424.85,425.1,424.3,424.3,35079
1770955200,424.3,424.7,423.65,423.95,67924
1770955500,424.05,424.95,423.85,424.9,68200
1770955800,424.9,424.9,423.5,423.75,78059
1770956100,423.7,424.15,423.25,424.0,91968
1770956400,424.0,424.6,423.8,424.4,64152
1770956700,424.5,424.95,424.3,424.65,36368
1770957000,424.6,425.3,424.55,424.7,53145
1770957300,424.7,424.8,423.75,424.0,119577
1770957600,424.0,424.15,423.7,423.9,32685
1770957900,423.85,424.15,423.55,424.15,56151
1770958200,424.15,424.4,423.85,423.95,66915
1770958500,423.95,424.2,423.85,424.1,42229
1770958800,424.15,425.1,424.1,424.4,725916
1770959100,424.6,425.0,424.2,424.4,252165
1770959400,424.4,424.55,423.85,424.1,49285
1770959700,424.05,424.1,423.7,423.75,47344
1770960000,423.7,424.0,423.55,423.75,37034
1770960300,423.9,423.9,423.3,423.4,32837
1770960600,423.35,423.85,423.15,423.75,35906
1770960900,423.85,423.85,423.4,423.75,29722
1770961200,423.7,423.85,423.5,423.85,33305
1770961500,423.8,423.85,422.9,423.5,54796
1770961800,423.5,423.7,423.1,423.25,50557
1770962100,423.2,424.05,423.05,423.75,647938
1770962400,423.75,423.85,423.5,423.85,51077
1770962700,423.85,423.95,423.5,423.85,53889
1770963000,423.65,424.0,423.6,423.8,54579
1770963300,423.8,423.85,423.3,423.55,44862
1770963600,423.5,424.5,423.35,424.25,284106
1770963900,424.25,424.8,423.55,423.85,329162
1770964200,423.85,424.35,423.6,423.95,135582
1770964500,423.95,424.0,423.8,424.0,30388
1770964800,423.95,424.05,423.6,423.85,53718
1770965100,423.85,424.0,423.75,423.95,23873
1770965400,423.95,424.25,423.75,424.15,71635
1770965700,424.05,424.15,423.55,423.75,86676
1770966000,423.7,423.75,423.05,423.35,103647
1770966300,423.35,423.45,423.2,423.4,43215
1770966600,423.4,423.4,423.05,423.25,46018
1770966900,423.3,423.5,421.95,422.2,3242677
1770967200,422.2,422.35,421.45,422.1,257573
1770967500,422.1,422.7,421.45,422.55,182942
1770967800,422.65,422.75,422.35,422.6,97410
1770968100,422.6,422.7,422.0,422.45,169469
1770968400,422.45,422.65,422.1,422.65,101878
1770968700,422.6,422.8,422.35,422.8,87845
1770969000,422.75,422.75,422.2,422.35,78875
1770969300,422.4,422.4,421.75,422.2,90394
1770969600,421.95,422.2,421.05,421.75,292121
1770969900,421.75,422.0,421.5,421.85,115526
1770970200,421.85,422.1,421.1,421.1,148174
1770970500,421.25,421.25,419.85,420.1,266058
1770970800,420.2,420.75,420.1,420.45,82463
1770971100,420.45,420.9,420.35,420.8,63781
1770971400,420.8,421.3,420.4,420.95,221730
1770971700,420.95,421.15,420.65,420.85,88608
1770972000,420.85,420.85,420.35,420.55,79969
1770972300,420.55,421.25,420.5,421.15,112748
1770972600,421.25,421.3,421.05,421.1,92420
1770972900,421.05,421.7,421.0,421.3,180606
1770973200,421.15,421.4,421.05,421.2,124897
1770973500,421.2,421.4,421.0,421.0,123243
1770973800,421.2,421.45,421.0,421.35,130987
1770974100,421.3,421.55,420.0,420.5,2927486
1770974400,420.55,420.7,419.6,420.1,631707
1770974700,420.1,420.6,419.9,420.6,700820
1770975000,420.6,421.3,420.35,421.3,843813
1770975300,421.15,422.35,421.0,421.0,670576
1770975600,421.05,421.45,420.95,421.15,318344
1770975900,421.15,422.1,421.05,421.45,819431
1770976200,421.5,421.9,419.6,419.9,4346430
1770976500,419.95,421.9,419.55,421.9,583004
1771213500,419.0,422.9,418.25,422.9,443594
1771213800,422.9,423.35,422.2,423.05,105521
1771214100,423.05,423.25,421.45,421.95,96829
1771214400,421.75,421.95,420.3,420.95,95554
1771214700,420.95,420.95,420.25,420.35,40671
1771215000,420.35,420.4,419.3,419.55,30623
1771215300,419.55,420.35,419.5,420.15,129248
1771215600,420.15,420.4,419.9,420.35,29786
1771215900,420.4,420.7,420.15,420.6,35470
1771216200,420.6,421.2,420.5,421.0,311762
1771216500,421.0,421.0,419.8,420.25,70110
1771216800,420.45,421.1,420.2,421.0,51129
1771217100,421.1,421.35,420.5,421.35,65202
1771217400,421.25,421.45,420.85,421.25,50103
1771217700,421.25,421.6,421.1,421.45,103318
1771218000,421.25,421.45,420.85,420.9,74124
1771218300,420.9,421.2,420.85,421.2,33266
1771218600,421.05,421.3,420.6,421.05,67545
1771218900,421.05,421.6,420.8,421.5,51997
1771219200,421.45,421.6,421.0,421.25,297456
1771219500,421.25,421.5,420.85,421.0,228784
1771219800,420.95,421.55,420.9,421.2,451355
1771220100,421.25,421.25,420.05,420.5,426547
1771220400,420.5,420.7,420.35,420.65,114783
1771220700,420.65,420.9,420.55,420.6,57985
1771221000,420.7,420.75,420.1,420.2,91176
1771221300,420.2,420.3,419.5,419.8,195880
1771221600,419.75,419.8,419.15,419.3,70400
1771221900,419.3,420.0,419.1,420.0,125560
1771222200,419.95,420.0,419.75,420.0,45434
1771222500,420.0,420.2,419.75,420.1,97391
1771222800,420.05,420.3,420.0,420.25,29859
1771223100,420.15,420.45,420.1,420.35,41036
1771223400,420.45,420.45,419.85,420.25,129443
1771223700,420.4,420.75,419.9,420.45,298192
1771224000,420.4,420.85,420.2,420.3,59395
1771224300,420.45,421.1,420.2,420.85,34816
1771224600,420.95,421.45,420.75,421.05,162611
1771224900,421.05,422.1,420.4,421.95,515341
1771225200,422.05,422.45,421.55,421.85,643352
1771225500,421.85,422.2,421.2,421.35,165348
1771225800,421.35,422.05,420.9,421.55,178819
1771226100,421.7,421.75,420.5,420.65,62360
1771226400,420.7,421.15,420.6,420.85,19898
1771226700,421.05,421.15,420.3,420.55,44560
1771227000,420.55,421.0,420.3,420.85,53186
1771227300,420.9,421.3,420.55,421.0,68299
1771227600,421.2,421.5,421.0,421.1,85673
1771227900,421.3,421.5,420.05,420.85,303222
1771228200,420.85,422.25,420.7,422.1,74506
1771228500,422.25,423.15,421.75,423.05,236878
1771228800,423.05,423.25,422.3,422.45,470992
1771229100,422.4,423.1,422.15,422.25,121948
1771229400,422.25,422.35,421.85,422.0,77192
1771229700,422.1,422.25,421.9,421.9,45705
1771230000,422.1,422.25,421.85,421.95,324196
1771230300,421.95,422.0,421.25,421.3,85630
1771230600,421.45,421.6,421.25,421.45,114776
1771230900,421.5,421.5,420.95,421.0,169730
1771231200,421.0,422.4,421.0,422.2,319638
1771231500,422.2,423.0,422.05,422.8,77677
1771231800,422.85,423.2,422.8,422.85,59147
1771232100,422.95,423.3,422.85,423.15,73599
1771232400,423.15,423.8,423.0,423.7,66689
1771232700,423.6,423.7,423.05,423.3,61765
1771233000,423.3,423.95,423.2,423.85,70447
1771233300,423.75,425.0,423.75,425.0,103035
1771233600,425.0,425.15,424.65,425.0,135647
1771233900,424.85,425.15,424.45,424.7,121368
1771234200,424.7,425.0,424.4,425.0,205944
1771234500,424.95,425.65,424.85,425.5,501627
1771234800,425.5,425.9,425.2,425.8,300204
1771235100,425.85,426.25,425.6,425.8,339093
1771235400,425.75,425.8,424.65,425.4,406132
1771235700,425.3,426.7,424.85,426.15,803283
1771299900,423.65,425.5,423.45,423.55,105259
1771300200,423.55,423.55,422.05,422.3,82771
1771300500,422.05,422.65,421.7,422.4,108336
1771300800,422.4,422.5,421.6,421.85,62409
1771301100,421.85,421.85,421.05,421.7,30018
1771301400,421.7,422.35,420.6,422.35,40639
1771301700,422.3,422.3,421.8,422.2,35508
1771302000,422.2,422.4,421.85,422.15,40967
1771302300,422.15,422.6,421.85,422.05,20226
1771302600,422.05,422.1,421.8,421.95,12151
1771302900,422.0,422.05,421.7,421.95,13659
1771303200,422.0,422.05,421.5,421.95,34129
1771303500,421.95,422.25,421.6,422.2,29490
1771303800,422.15,422.2,421.8,422.0,48433
1771304100,422.0,423.05,421.9,422.8,127330
1771304400,422.9,423.7,422.7,423.0,47607
1771304700,422.9,423.15,422.65,422.85,35111
1771305000,422.85,422.9,421.9,422.25,35743
1771305300,422.25,422.25,421.55,421.95,63825
1771305600,421.95,422.1,421.3,421.65,111803
1771305900,421.65,421.75,421.25,421.65,66137
1771306200,421.65,422.2,421.25,422.1,53850
1771306500,422.15,422.15,421.85,422.0,45906
1771306800,421.9,422.05,421.55,421.95,64131
1771307100,421.95,422.9,421.75,422.9,134887
1771307400,422.9,423.15,422.7,423.1,56584
1771307700,422.9,423.15,422.8,423.1,74851
1771308000,423.1,424.8,422.85,424.25,1212533
1771308300,424.25,424.25,423.55,423.9,85116
1771308600,423.85,423.95,423.45,423.45,47993
1771308900,423.6,423.9,423.45,423.7,70851
1771309200,423.7,423.85,423.15,423.35,50175
1771309500,423.35,423.5,422.95,423.15,37393
1771309800,423.2,423.3,422.9,423.2,41347
1771310100,423.15,423.55,423.05,423.55,42000
1771310400,423.55,423.7,423.3,423.6,31443
1771310700,423.6,424.15,423.3,424.15,59112
1771311000,424.0,424.3,423.8,424.2,45957
1771311300,424.2,424.2,423.3,423.55,29288
1771311600,423.45,423.65,422.75,423.5,37129
1771311900,423.45,423.65,423.2,423.65,31871
1771312200,423.5,423.65,423.2,423.6,37782
1771312500,423.6,423.65,423.4,423.6,18374
1771312800,423.5,423.75,423.3,423.7,41218
1771313100,423.5,424.35,423.35,423.65,126742
1771313400,423.65,423.75,423.1,423.35,30679
1771313700,423.35,424.2,423.1,424.2,151132
1771314000,424.2,424.2,423.45,423.65,132459
1771314300,423.85,424.25,423.55,424.05,56498
1771314600,424.0,424.2,423.4,423.5,31204
1771314900,423.45,423.6,423.3,423.45,28575
1771315200,423.45,424.0,423.3,423.7,34272
1771315500,423.85,423.85,423.5,423.75,24559
1771315800,423.75,424.0,423.6,423.8,26381
1771316100,423.6,423.8,423.45,423.75,26260
1771316400,423.75,423.8,423.35,423.65,24145
1771316700,423.5,423.75,422.8,423.2,96644
1771317000,423.25,423.8,423.2,423.6,111874
1771317300,423.8,424.15,423.55,423.8,38593
1771317600,423.75,423.8,423.1,423.2,122505
1771317900,423.2,424.0,423.15,423.75,52662
1771318200,423.75,424.25,423.75,424.15,35296
1771318500,424.05,424.35,423.75,423.9,41789
1771318800,423.8,424.15,423.55,424.0,32544
1771319100,424.05,424.15,423.25,424.05,101328
1771319400,424.05,424.1,423.45,424.0,164332
1771319700,424.0,424.2,423.8,424.05,45455
1771320000,423.8,424.05,423.55,424.05,79604
1771320300,424.05,424.1,423.5,424.0,89907
1771320600,424.15,424.65,423.7,424.5,131945
1771320900,424.55,424.7,424.25,424.25,143125
1771321200,424.35,424.75,424.15,424.65,155884
1771321500,424.7,424.95,424.5,424.75,225092
1771321800,424.7,424.7,424.2,424.35,292287
1771322100,424.45,425.0,424.0,424.3,253070
1771386300,425.7,425.95,423.5,424.8,512015
1771386600,424.8,425.0,423.85,423.9,32532
1771386900,423.8,424.45,423.1,423.55,35912
1771387200,423.55,424.4,423.0,424.2,55826
1771387500,424.35,424.35,424.05,424.2,23753
1771387800,424.05,424.95,424.05,424.9,54696
1771388100,424.9,424.9,423.7,423.75,32139
1771388400,423.85,423.85,423.6,423.65,17477
1771388700,423.65,423.65,422.8,422.9,37673
1771389000,423.05,423.35,422.75,423.15,21633
1771389300,423.15,423.2,422.7,422.95,30416
1771389600,423.05,423.1,422.45,422.6,37164
1771389900,422.55,423.4,422.5,423.35,132630
1771390200,423.4,423.45,422.9,423.05,63785
1771390500,423.05,423.35,422.85,423.2,39691
1771390800,423.3,423.35,422.8,422.9,46956
1771391100,422.85,422.9,422.6,422.75,42192
1771391400,422.75,422.95,422.55,422.7,43659
1771391700,422.65,422.65,422.25,422.45,38186
1771392000,422.45,423.05,422.3,423.0,46468
1771392300,423.05,425.0,423.0,424.05,922383
1771392600,424.2,424.2,423.5,423.65,39391
1771392900,423.65,423.65,423.4,423.6,25445
1771393200,423.6,423.6,422.85,422.9,71837
1771393500,422.9,423.0,422.35,422.45,31021
1771393800,422.55,423.5,422.3,423.05,137273
1771394100,423.05,423.4,422.45,423.2,587711
1771394400,423.4,423.4,422.8,422.95,35264
1771394700,422.95,423.15,422.5,422.6,22037
1771395000,422.6,422.75,422.45,422.7,46846
1771395300,422.7,422.75,422.55,422.7,30933
1771395600,422.7,422.75,422.3,422.6,41973
1771395900,422.6,422.65,422.35,422.5,66279
1771396200,422.5,422.75,422.2,422.3,64923
1771396500,422.3,422.55,422.1,422.25,38894
1771396800,422.25,422.45,422.1,422.1,36993
1771397100,422.1,422.2,421.35,421.65,61494
1771397400,421.65,421.95,421.55,421.8,63186
1771397700,421.8,422.0,421.4,421.85,66989
1771398000,421.7,422.2,421.6,422.1,47933
1771398300,422.4,422.65,422.25,422.6,51882
1771398600,422.6,422.75,422.5,422.7,30806
1771398900,422.7,422.85,422.45,422.7,61744
1771399200,422.7,422.9,422.5,422.9,32255
1771399500,422.9,423.25,422.7,423.25,39537
1771399800,423.25,423.45,422.85,423.15,56691
1771400100,423.15,423.15,422.8,423.1,36951
1771400400,423.1,423.3,422.8,423.2,39804
1771400700,423.2,423.45,423.1,423.15,44875
1771401000,423.15,423.7,423.0,423.7,56164
1771401300,423.7,423.85,423.3,423.55,62823
1771401600,423.6,423.65,423.35,423.65,51914
1771401900,423.65,423.8,423.45,423.75,56838
1771402200,423.75,423.9,423.35,423.65,59266
1771402500,423.65,423.8,423.0,423.6,144496
1771402800,423.6,423.6,422.5,422.8,76527
1771403100,422.75,423.45,422.7,423.4,79067
1771403400,423.2,423.5,423.1,423.15,38387
1771403700,423.25,423.3,422.95,423.15,39127
1771404000,423.15,423.8,422.95,423.75,81798
1771404300,423.75,423.75,423.4,423.7,72247
1771404600,423.8,425.45,423.7,425.4,190776
1771404900,425.4,425.9,425.15,425.75,69244
1771405200,425.75,426.5,425.45,426.45,104903
1771405500,426.35,427.0,426.35,426.7,178702
1771405800,426.8,427.1,426.6,426.85,95023
1771406100,427.0,427.0,426.25,426.5,107469
1771406400,426.5,426.7,426.25,426.6,88268
1771406700,426.45,426.85,426.4,426.8,92229
1771407000,427.0,427.0,426.05,426.45,246247
1771407300,426.4,426.5,426.1,426.25,144424
1771407600,426.45,426.5,426.05,426.3,218610
1771407900,426.15,426.4,426.05,426.4,172534
1771408200,426.35,426.4,426.05,426.2,214873
1771408500,426.25,427.4,425.35,425.7,399102
1771472700,425.7,425.95,424.15,424.6,192343
1771473000,424.6,425.35,424.1,424.5,91831
1771473300,424.3,424.75,424.0,424.15,56697
1771473600,424.25,424.7,423.9,424.35,79905
1771473900,424.35,424.7,424.0,424.35,32633
1771474200,424.3,424.6,424.2,424.55,28922
1771474500,424.3,424.85,424.25,424.6,51256
1771474800,424.6,424.9,424.4,424.65,20229
1771475100,424.65,424.8,424.4,424.7,19559
1771475400,424.5,424.85,424.45,424.75,17632
1771475700,424.8,425.0,424.4,424.7,18956
1771476000,424.65,424.8,424.3,424.55,14664
1771476300,424.5,424.7,424.3,424.7,15482
1771476600,424.65,424.9,424.4,424.85,8353
1771476900,424.7,424.85,424.35,424.5,12448
1771477200,424.55,424.8,424.35,424.6,19082
1771477500,424.6,424.65,424.3,424.5,18762
1771477800,424.3,424.85,424.2,424.75,38830
1771478100,424.75,425.0,424.5,424.75,35536
1771478400,424.75,425.25,424.7,425.05,14436
1771478700,425.05,425.1,424.55,424.75,16794
1771479000,424.65,424.85,424.4,424.6,11965
1771479300,424.6,424.9,424.35,424.85,66623
1771479600,425.0,425.5,424.8,425.0,218316
1771479900,424.95,425.15,424.5,424.6,30860
1771480200,424.4,424.7,424.25,424.4,34448
1771480500,424.4,424.6,424.2,424.5,23428
1771480800,424.5,424.65,424.3,424.5,17599
1771481100,424.5,424.55,424.2,424.45,17853
1771481400,424.4,424.5,424.0,424.25,29208
1771481700,424.3,424.4,424.05,424.2,25969
1771482000,424.15,424.45,424.0,424.2,43019
1771482300,424.2,424.45,424.1,424.25,27557
1771482600,424.25,424.4,423.35,423.6,67956
1771482900,423.4,423.55,423.0,423.05,60856
1771483200,423.0,423.05,422.0,422.3,56219
1771483500,422.3,422.5,421.7,422.25,99613
1771483800,422.2,422.55,422.0,422.25,62911
1771484100,422.1,422.25,421.65,421.85,56804
1771484400,422.1,422.3,421.85,421.9,31074
1771484700,421.9,422.35,421.5,421.5,50036
1771485000,421.5,421.6,420.35,420.7,109466
1771485300,420.65,420.75,419.5,419.6,75077
1771485600,419.6,420.25,419.4,419.95,37281
1771485900,420.0,420.2,419.05,419.4,39406
1771486200,419.35,419.5,418.65,419.4,103146
1771486500,419.35,419.7,419.0,419.65,82226
1771486800,419.55,419.8,419.3,419.7,178559
1771487100,419.7,420.05,419.2,419.25,64099
1771487400,419.25,419.9,419.1,419.65,315667
1771487700,419.4,419.65,418.7,419.05,139836
1771488000,418.95,419.05,417.9,418.5,175737
1771488300,418.4,418.8,418.1,418.5,151110
1771488600,418.4,419.5,418.4,419.2,122207
1771488900,419.2,419.35,418.75,419.15,87172
1771489200,419.15,419.8,419.15,419.35,80285
1771489500,419.2,419.4,418.8,418.95,50021
1771489800,418.85,419.05,418.3,418.5,72827
1771490100,418.45,419.55,418.2,419.35,99403
1771490400,419.35,419.9,419.35,419.65,98761
1771490700,419.8,420.35,419.6,420.1,198927
1771491000,420.1,420.15,419.55,419.9,325441
1771491300,419.8,419.95,418.75,418.75,80597
1771491600,418.8,419.55,418.8,419.45,100933
1771491900,419.35,419.6,418.95,419.15,115310
1771492200,419.15,419.35,418.1,418.15,145601
1771492500,418.1,418.25,417.3,417.6,302789
1771492800,417.55,417.8,417.3,417.45,108312
1771493100,417.85,417.85,416.8,417.15,132318
1771493400,416.95,417.35,416.7,417.15,170973
1771493700,417.05,417.05,416.35,416.55,132921
1771494000,416.55,416.8,415.85,416.15,159794
1771494300,416.05,416.25,415.85,416.1,140266
1771494600,416.1,416.65,416.05,416.5,222828
1771494900,416.4,417.55,415.85,417.1,206620
1771559100,415.0,417.0,415.0,415.9,365566
1771559400,416.0,416.8,415.65,416.6,171297
1771559700,416.6,417.75,416.0,416.9,120707
1771560000,416.9,418.45,416.8,418.05,134882
1771560300,418.0,418.1,417.5,417.7,122276
1771560600,417.75,418.05,417.2,417.85,111762
1771560900,417.9,418.7,417.55,418.45,96595
1771561200,418.5,418.8,417.9,418.05,49475
1771561500,418.0,418.3,417.85,418.1,50200
1771561800,418.1,418.45,417.7,418.4,78497
1771562100,418.35,418.7,418.0,418.4,308461
1771562400,418.65,419.15,418.45,419.15,207922
1771562700,419.15,420.25,419.1,420.15,73403
1771563000,420.15,421.15,420.0,420.7,104070
1771563300,420.7,421.1,420.2,420.45,77488
1771563600,420.6,421.0,420.45,420.55,55142
1771563900,420.5,420.9,420.2,420.8,41842
1771564200,420.8,421.6,420.6,421.35,100074
1771564500,421.35,421.35,420.75,421.25,80082
1771564800,421.25,421.45,420.8,421.35,64295
1771565100,421.35,421.45,420.7,420.95,81105
1771565400,420.95,421.2,420.75,420.85,74300
1771565700,420.85,421.05,420.25,420.4,50082
1771566000,420.3,421.0,420.3,420.7,66181
1771566300,420.7,420.85,420.35,420.75,83045
1771566600,420.75,420.95,420.3,420.5,55824
1771566900,420.5,421.15,420.45,420.9,51021
1771567200,420.9,421.2,420.65,421.0,51842
1771567500,421.0,421.35,420.8,421.15,55443
1771567800,421.15,421.95,421.0,421.75,81721
1771568100,421.95,422.1,421.35,421.55,56977
1771568400,421.5,421.85,421.4,421.55,47333
1771568700,421.55,422.05,421.45,421.9,42125
1771569000,421.9,422.05,421.55,421.8,101493
1771569300,421.45,421.7,421.4,421.45,42752
1771569600,421.45,421.65,421.15,421.4,47922
1771569900,421.4,422.4,421.4,422.15,31674
1771570200,422.15,422.7,422.15,422.6,38295
1771570500,422.55,422.7,422.25,422.7,120600
1771570800,422.7,422.9,422.45,422.65,31387
1771571100,422.6,422.95,422.55,422.8,49164
1771571400,422.8,422.9,422.0,422.2,37834
1771571700,422.1,422.45,421.8,422.35,34197
1771572000,422.2,422.3,421.75,422.1,35073
1771572300,422.1,422.1,420.95,421.25,57389
1771572600,421.25,421.45,420.75,420.85,38242
1771572900,420.85,421.0,420.55,420.6,33677
1771573200,420.8,421.0,420.0,420.95,67722
1771573500,420.85,421.2,420.4,420.55,41469
1771573800,420.55,420.85,420.25,420.65,37770
1771574100,420.75,421.45,420.55,421.2,36413
1771574400,421.3,421.5,421.0,421.3,38151
1771574700,421.25,421.6,421.1,421.25,50387
1771575000,421.3,421.3,420.65,420.9,33749
1771575300,421.1,421.4,420.9,421.3,28415
1771575600,421.35,421.45,421.0,421.15,23401
1771575900,421.1,422.15,421.0,422.1,71934
1771576200,422.15,422.3,421.65,422.15,174605
1771576500,422.1,422.35,421.75,422.2,60084
1771576800,422.2,422.3,421.8,422.15,38887
1771577100,422.25,422.5,422.15,422.5,32108
1771577400,422.5,422.5,422.05,422.25,46707
1771577700,422.15,422.3,421.75,421.75,46309
1771578000,421.9,422.2,421.75,422.0,39547
1771578300,422.0,422.55,421.9,422.0,90275
1771578600,422.25,422.65,422.05,422.45,52306
1771578900,422.5,423.4,422.45,423.35,50506
1771579200,423.35,423.35,422.5,422.75,66088
1771579500,422.75,422.95,422.6,422.95,41231
1771579800,423.1,423.15,422.0,422.05,148931
1771580100,422.05,422.05,421.45,421.55,185937
1771580400,421.6,421.75,420.85,421.55,335412
1771580700,421.55,421.95,421.0,421.05,288783
1771581000,421.05,421.5,420.55,421.3,302864
1771581300,421.15,422.05,420.15,420.15,251925
1771818300,423.0,424.65,420.35,423.5,357978
1771818600,423.75,425.65,423.55,425.35,101257
1771818900,425.35,426.4,425.35,426.2,118593
1771819200,426.4,427.35,426.2,426.7,122686
1771819500,426.7,427.2,426.0,426.15,116738
1771819800,426.15,427.2,426.1,426.9,84315
1771820100,426.9,428.45,426.7,428.1,147435
1771820400,428.15,428.15,427.05,427.5,112202
1771820700,427.5,428.1,427.3,427.8,82094
1771821000,427.8,427.85,427.35,427.5,54652
1771821300,427.5,427.65,427.1,427.15,53080
1771821600,427.1,427.45,426.9,427.3,73250
1771821900,427.5,427.8,427.3,427.8,58094
1771822200,427.8,427.8,427.1,427.45,88667
1771822500,427.45,427.6,426.95,427.05,98978
1771822800,427.2,427.25,426.2,426.5,55394
1771823100,426.35,426.65,426.15,426.2,54428
1771823400,426.15,427.1,426.0,426.6,117859
1771823700,426.55,426.85,426.3,426.45,309978
1771824000,426.6,426.65,425.9,426.4,734314
1771824300,426.4,427.1,426.4,427.05,34045
1771824600,427.1,428.0,427.0,428.0,60945
1771824900,427.85,428.7,427.25,428.65,82149
1771825200,428.45,429.0,428.3,428.6,86695
1771825500,428.75,428.8,428.0,428.5,54793
1771825800,428.7,429.05,428.1,428.4,256188
1771826100,428.55,430.0,428.35,429.9,255841
1771826400,429.8,430.45,429.6,430.1,228228
1771826700,430.0,430.4,429.3,430.4,410210
1771827000,430.3,430.6,430.2,430.35,96841
1771827300,430.3,430.55,429.5,430.25,564601
1771827600,430.3,430.4,429.8,430.25,257105
1771827900,430.4,430.6,429.95,430.05,85371
1771828200,430.0,430.45,429.95,430.45,55356
1771828500,430.25,430.75,430.25,430.5,93746
1771828800,430.6,430.7,430.25,430.4,74988
1771829100,430.5,430.95,430.4,430.8,60693
1771829400,430.75,430.95,429.65,429.95,105028
1771829700,429.8,430.5,429.8,430.2,77225
1771830000,430.2,430.3,429.7,430.3,140449
1771830300,430.2,430.4,430.05,430.3,71627
1771830600,430.3,431.2,430.25,431.2,130262
1771830900,431.35,431.6,430.95,431.5,113311
1771831200,431.45,431.8,431.0,431.65,122817
1771831500,431.6,431.6,430.75,430.85,72652
1771831800,430.8,430.9,430.45,430.85,68235
1771832100,430.85,431.5,430.7,431.45,109828
1771832400,431.45,431.6,430.45,430.45,71895
1771832700,430.45,430.8,430.15,430.55,110104
1771833000,430.55,431.15,430.5,431.15,49659
1771833300,431.0,431.5,431.0,431.5,70938
1771833600,431.5,431.7,430.1,430.3,125490
1771833900,430.1,430.7,430.1,430.55,132567
1771834200,430.55,430.6,430.15,430.6,54587
1771834500,430.6,430.6,429.9,429.9,111997
1771834800,429.95,430.1,429.7,429.9,66094
1771835100,429.9,430.1,429.15,429.15,84450
1771835400,429.25,429.55,428.85,429.45,202133
1771835700,429.4,429.75,429.0,429.3,79914
1771836000,429.5,429.7,429.0,429.4,90058
1771836300,429.4,430.1,429.15,429.85,128417
1771836600,429.85,430.15,429.45,430.05,85952
1771836900,429.85,430.55,429.85,430.5,92488
1771837200,430.8,431.5,430.65,431.0,172222
1771837500,430.95,431.4,430.65,430.9,158723
1771837800,430.9,431.0,430.2,430.6,79883
1771838100,430.6,431.0,430.45,431.0,68626
1771838400,430.9,431.0,430.3,430.45,75842
1771838700,430.65,430.65,430.2,430.4,87262
1771839000,430.55,431.05,430.45,430.7,271913
1771839300,430.75,431.0,430.4,430.55,174463
1771839600,430.5,430.9,430.4,430.7,198557
1771839900,430.8,431.05,430.6,430.8,240589
1771840200,430.8,430.9,430.25,430.7,269147
1771840500,430.7,430.85,430.4,430.85,320005
1771904700,430.9,432.45,429.1,430.25,662595
1771905000,430.4,430.6,429.7,430.35,106519
1771905300,430.35,431.15,430.15,431.05,81684
1771905600,431.05,431.3,430.15,430.95,41833
1771905900,430.8,431.55,430.8,431.1,89157
1771906200,431.0,431.0,430.2,430.7,70883
1771906500,430.8,431.8,430.8,431.45,120348
1771906800,431.5,431.5,430.45,430.85,41112
1771907100,430.85,431.2,430.4,430.9,52024
1771907400,431.0,431.5,430.3,430.4,89403
1771907700,430.6,431.0,430.3,430.35,82063
1771908000,430.55,430.65,429.8,430.0,74074
1771908300,429.75,430.45,429.7,430.1,100811
1771908600,430.25,430.45,430.0,430.4,54197
1771908900,430.4,431.3,430.4,430.95,94095
1771909200,431.0,431.8,430.8,431.4,85152
1771909500,431.4,431.5,430.85,430.95,87962
1771909800,430.9,431.2,430.65,430.8,53106
1771910100,430.85,430.9,430.05,430.05,65479
1771910400,430.15,430.4,429.65,429.85,62810
1771910700,429.85,430.25,429.75,430.0,42867
1771911000,430.15,430.4,430.0,430.15,89072
1771911300,430.25,430.3,429.85,430.0,88896
1771911600,430.05,430.9,430.0,430.7,71089
1771911900,430.75,431.55,430.55,431.15,143743
1771912200,431.2,431.85,430.85,431.0,111750
1771912500,431.1,431.6,430.95,431.0,94663
1771912800,431.1,431.3,430.5,430.6,85239
1771913100,430.85,431.5,430.3,431.4,105982
1771913400,431.45,431.5,430.2,430.35,99305
1771913700,430.35,430.45,429.45,429.75,116731
1771914000,429.7,430.25,429.55,429.95,144927
1771914300,429.95,430.0,429.3,429.3,126912
1771914600,429.25,429.65,429.15,429.55,148436
1771914900,429.55,430.65,429.4,430.4,112157
1771915200,430.25,430.55,430.05,430.4,45370
1771915500,430.25,430.6,430.05,430.05,60592
1771915800,430.25,430.3,429.6,429.6,101518
1771916100,429.65,430.4,429.6,430.1,80625
1771916400,430.1,430.3,429.3,429.55,262713
1771916700,429.7,429.9,429.4,429.7,90077
1771917000,429.85,430.35,429.55,429.85,151126
1771917300,429.95,429.95,428.75,429.0,405535
1771917600,429.05,429.25,428.4,428.9,378593
1771917900,428.9,429.0,428.3,428.65,225198
1771918200,428.65,429.1,428.3,428.95,133816
1771918500,428.8,428.95,428.25,428.5,61961
1771918800,428.5,429.15,428.15,428.95,532823
1771919100,428.95,429.4,428.6,429.0,414136
1771919400,429.0,429.35,428.65,429.0,170887
1771919700,429.0,429.4,428.65,428.65,97910
1771920000,428.9,429.1,428.05,428.25,216064
1771920300,428.25,429.15,427.55,429.1,385357
1771920600,429.15,429.2,428.4,429.0,1198117
1771920900,429.0,429.05,427.7,428.2,200692
1771921200,428.15,428.2,427.4,427.75,85945
1771921500,427.7,428.55,427.55,428.35,238164
1771921800,428.4,428.55,427.4,427.7,172474
1771922100,427.8,427.8,427.25,427.55,50331
1771922400,427.8,428.25,427.55,428.0,135689
1771922700,427.95,428.15,427.1,427.95,168686
1771923000,428.0,428.4,427.35,427.65,190167
1771923300,427.75,428.9,427.35,428.1,245952
1771923600,428.25,428.65,428.05,428.4,71951
1771923900,428.35,429.4,428.25,429.0,255725
1771924200,429.0,429.3,427.55,427.7,296891
1771924500,427.75,428.15,427.55,428.1,169845
1771924800,428.0,428.5,428.0,428.1,92515
1771925100,428.2,428.3,427.75,428.05,95174
1771925400,428.15,428.55,427.2,427.4,456044
1771925700,427.45,427.85,427.4,427.5,507772
1771926000,427.7,428.0,427.4,428.0,668153
1771926300,428.0,428.75,427.7,428.05,1066317
1771926600,428.15,428.35,425.8,427.0,710018
1771926900,426.9,429.0,426.6,428.0,389582
1771991100,425.5,429.4,425.5,428.0,506165
1771991400,428.1,429.3,428.05,429.05,185618
1771991700,429.05,430.15,429.05,429.8,150668
1771992000,429.8,430.1,428.85,429.0,125267
1771992300,428.85,429.45,428.5,429.05,190798
1771992600,429.05,429.15,427.65,427.8,110629
1771992900,427.8,427.8,426.7,426.7,62795
1771993200,426.7,427.05,426.15,426.8,56364
1771993500,426.8,427.0,426.35,426.5,58736
1771993800,426.5,427.25,426.35,427.25,126952
1771994100,427.2,427.4,426.9,426.95,74564
1771994400,426.9,427.5,426.85,427.5,66031
1771994700,427.5,427.75,427.45,427.55,76776
1771995000,427.4,427.5,427.0,427.15,44336
1771995300,427.25,427.25,426.3,426.3,57470
1771995600,426.45,426.55,426.25,426.35,59734
1771995900,426.35,426.5,426.0,426.4,75562
1771996200,426.3,426.4,425.8,426.05,40298
1771996500,426.05,426.3,425.75,426.0,62708
1771996800,426.0,426.5,425.95,426.15,45134
1771997100,426.1,426.15,425.5,425.55,61675
1771997400,425.55,425.55,424.75,424.85,70291
1771997700,424.85,425.6,424.8,425.25,51216
1771998000,425.35,425.4,424.1,424.35,74505
1771998300,424.4,424.45,423.75,423.8,57331
1771998600,423.85,424.55,423.65,424.4,95268
1771998900,424.4,425.4,424.25,425.35,143379
1771999200,425.35,425.5,424.25,424.25,86918
1771999500,424.25,424.35,423.65,423.75,54603
1771999800,423.75,423.75,423.0,423.1,108578
1772000100,423.3,424.95,423.2,424.5,480469
1772000400,424.5,424.85,424.0,424.05,171051
1772000700,424.1,424.1,423.45,423.8,482382
1772001000,423.7,424.15,423.7,424.0,76797
1772001300,424.0,424.15,423.65,424.15,122932
1772001600,424.15,424.25,423.85,424.25,69722
1772001900,424.25,424.55,423.55,423.7,152364
1772002200,423.7,424.05,423.4,423.85,48984
1772002500,423.85,423.85,423.45,423.65,55318
1772002800,423.65,423.7,422.8,423.0,146705
1772003100,422.75,422.95,422.05,422.55,125484
1772003400,422.55,422.65,422.0,422.0,72293
1772003700,422.2,422.45,421.8,421.95,70807
1772004000,421.8,422.15,421.8,421.9,53245
1772004300,421.85,422.0,421.45,421.5,47044
1772004600,421.45,421.85,421.4,421.75,154775
1772004900,421.7,422.3,421.55,422.15,208447
1772005200,422.15,423.05,422.15,422.8,170047
1772005500,422.9,423.05,422.5,423.05,58233
1772005800,423.05,423.3,422.8,423.2,64567
1772006100,423.25,423.5,423.0,423.45,70329
1772006400,423.4,423.6,422.8,423.25,160148
1772006700,423.25,423.4,422.95,423.15,61564
1772007000,423.1,423.2,422.95,423.1,48167
1772007300,423.1,423.1,422.7,422.9,45387
1772007600,422.9,423.1,422.7,423.1,36057
1772007900,423.1,423.1,422.85,423.0,40597
1772008200,423.0,423.3,422.9,423.25,43316
1772008500,423.25,423.4,422.7,423.05,72360
1772008800,423.05,423.7,423.0,423.7,99954
1772009100,423.75,424.15,423.5,424.15,87509
1772009400,424.15,424.6,423.95,424.3,73402
1772009700,424.45,424.55,424.0,424.2,65166
1772010000,424.3,424.4,424.0,424.4,54046
1772010300,424.45,424.85,424.2,424.35,100042
1772010600,424.3,424.45,424.1,424.3,67228
1772010900,424.25,424.4,424.1,424.35,98578
1772011200,424.35,424.55,424.3,424.5,60302
1772011500,424.55,424.55,424.15,424.55,167990
1772011800,424.75,425.5,424.75,425.1,256253
1772012100,425.1,425.3,424.65,425.0,260782
1772012400,425.0,425.85,425.0,425.45,306775
1772012700,425.35,425.55,424.6,425.1,884644
1772013000,425.15,425.15,424.05,424.4,690736
1772013300,424.4,424.4,423.25,423.65,459494
1772077500,426.7,426.7,422.75,424.75,286633
1772077800,424.75,425.1,424.25,424.25,133596
1772078100,424.35,424.45,423.8,424.0,106465
1772078400,424.1,425.15,423.95,425.15,86675
1772078700,425.15,425.4,424.9,425.35,44064
1772079000,425.35,425.85,425.35,425.55,29135
1772079300,425.55,425.95,425.45,425.95,56628
1772079600,425.95,425.95,424.7,424.7,61495
1772079900,424.7,424.9,424.25,424.5,38962
1772080200,424.55,425.7,424.35,425.65,62220
1772080500,425.8,426.1,425.4,426.1,58535
1772080800,425.9,426.25,425.9,426.25,40427
1772081100,426.25,426.25,425.7,425.8,28040
1772081400,425.8,425.8,425.4,425.6,36270
1772081700,425.6,425.9,425.0,425.2,45922
1772082000,425.15,425.7,425.15,425.5,51596
1772082300,425.65,425.85,425.3,425.65,63011
1772082600,425.55,425.65,425.2,425.25,33592
1772082900,425.35,426.0,425.1,425.95,34254
1772083200,425.9,425.95,425.2,425.45,32146
1772083500,425.35,425.5,425.1,425.15,32070
1772083800,425.1,425.35,424.75,425.3,51146
1772084100,425.25,425.3,425.05,425.1,46024
1772084400,425.05,425.15,424.8,424.95,34192
1772084700,424.95,425.15,424.8,425.15,27321
1772085000,425.15,425.15,425.1,425.1,26105
1772085300,425.1,425.5,424.95,425.1,55430
1772085600,425.1,425.15,424.6,424.65,72219
1772085900,424.7,424.8,424.4,424.5,45644
1772086200,424.4,424.6,424.15,424.4,75161
1772086500,424.4,424.45,423.55,423.85,64302
1772086800,423.8,423.9,423.35,423.85,112956
1772087100,423.65,423.95,423.3,423.7,30684
1772087400,423.7,423.85,423.25,423.45,33113
1772087700,423.45,423.55,422.95,423.0,46342
1772088000,422.95,423.35,422.95,423.3,65680
1772088300,423.3,423.95,423.2,423.6,100295
1772088600,423.55,423.75,422.85,423.7,414523
1772088900,423.7,424.0,423.45,423.7,113422
1772089200,423.65,424.05,423.35,424.0,90700
1772089500,424.0,424.55,423.65,424.5,176502
1772089800,424.5,425.3,424.15,424.8,675908
1772090100,424.75,425.15,424.5,424.95,300318
1772090400,424.95,425.1,424.6,424.6,91733
1772090700,424.6,425.25,424.5,425.25,241703
1772091000,425.2,425.25,424.5,424.9,323871
1772091300,424.95,424.95,424.45,424.7,128062
1772091600,424.65,425.0,424.5,424.65,102205
1772091900,424.6,424.85,424.35,424.65,324548
1772092200,424.65,424.85,424.25,424.6,148782
1772092500,424.6,424.7,424.3,424.6,318624
1772092800,424.55,424.6,423.9,424.15,328088
1772093100,424.15,424.45,423.6,423.6,222597
1772093400,423.6,423.75,423.0,423.15,102723
1772093700,423.15,423.3,422.65,422.85,196301
1772094000,422.9,423.2,422.45,422.9,284142
1772094300,422.95,423.0,422.4,422.5,133350
1772094600,422.5,422.65,422.0,422.35,81325
1772094900,422.35,422.5,421.95,422.4,74410
1772095200,422.5,422.5,422.0,422.1,82631
1772095500,422.2,422.45,421.85,421.9,96864
1772095800,421.85,422.2,421.7,421.85,115360
1772096100,421.8,422.45,421.7,422.4,171853
1772096400,422.45,423.4,422.35,423.2,174836
1772096700,423.25,423.7,423.05,423.1,157748
1772097000,423.15,423.55,423.05,423.55,141359
1772097300,423.75,424.1,423.65,424.05,283664
1772097600,424.05,424.5,423.95,424.45,259501
1772097900,424.45,424.45,424.0,424.35,151863
1772098200,424.4,424.65,424.15,424.6,747478
1772098500,424.65,424.75,424.2,424.2,725648
1772098800,424.25,424.6,424.2,424.55,724974
1772099100,424.5,424.8,424.5,424.65,774186
1772099400,424.65,424.9,424.5,424.9,1039167
1772099700,424.85,425.0,423.85,424.0,636737
1772163900,420.5,422.35,420.5,421.7,384536
1772164200,421.7,421.8,421.1,421.35,90091
1772164500,421.35,421.35,420.3,420.35,97829
1772164800,420.35,422.0,420.35,421.6,224402
1772165100,421.55,421.55,420.65,420.75,24754
1772165400,420.6,420.8,420.15,420.4,62017
1772165700,420.4,420.4,419.75,419.85,30627
1772166000,419.8,419.9,419.45,419.55,31018
1772166300,419.6,419.8,419.45,419.5,26018
1772166600,419.5,420.5,419.2,419.95,219854
1772166900,419.9,419.9,419.4,419.6,39076
1772167200,419.65,420.3,419.65,419.9,35281
1772167500,419.8,420.2,419.7,420.2,27743
1772167800,420.1,420.75,420.0,420.7,49209
1772168100,420.75,421.0,420.35,420.95,41238
1772168400,420.9,421.0,420.6,420.8,33988
1772168700,420.65,420.9,420.55,420.85,33329
1772169000,420.75,421.4,420.6,421.15,75637
1772169300,421.1,421.3,420.75,421.05,54883
1772169600,421.15,421.3,420.4,420.85,108092
1772169900,420.8,420.95,420.3,420.8,68430
1772170200,420.75,421.0,420.45,420.65,108136
1772170500,420.65,420.75,420.25,420.5,26431
1772170800,420.45,420.45,419.8,420.0,46768
1772171100,420.0,420.1,419.65,419.8,49218
1772171400,419.8,420.0,419.55,419.9,54833
1772171700,419.9,420.15,419.8,420.1,33905
1772172000,420.0,420.1,419.7,419.75,50208
1772172300,419.8,420.05,419.4,420.05,67181
1772172600,420.05,420.05,419.6,419.7,69174
1772172900,419.7,420.05,419.65,419.9,58963
1772173200,419.9,419.9,419.55,419.7,32207
1772173500,419.7,419.7,419.05,419.45,136030
1772173800,419.4,420.0,419.4,419.9,55361
1772174100,419.9,420.0,419.75,420.0,62233
1772174400,419.95,420.05,418.5,418.75,453664
1772174700,418.6,419.05,418.4,419.05,96544
1772175000,419.05,419.05,418.2,418.7,80135
1772175300,418.85,419.5,418.85,419.15,100475
1772175600,419.25,419.3,418.4,418.45,79756
1772175900,418.45,418.75,418.35,418.65,39128
1772176200,418.6,418.9,418.35,418.9,76817
1772176500,418.9,419.0,418.25,418.7,134513
1772176800,418.7,419.0,418.65,418.85,104448
1772177100,418.85,419.0,418.4,418.55,156682
1772177400,418.5,419.0,418.35,418.7,114209
1772177700,418.7,419.0,418.65,418.9,124932
1772178000,418.9,418.9,418.55,418.75,143494
1772178300,418.75,419.15,418.65,418.85,154351
1772178600,418.9,419.0,418.8,418.9,47676
1772178900,418.95,419.0,417.6,417.85,358020
1772179200,417.85,418.0,417.8,417.85,49335
1772179500,417.7,418.0,417.55,417.8,59056
1772179800,417.8,417.9,417.25,417.5,67376
1772180100,417.5,418.0,417.35,418.0,60989
1772180400,418.0,418.25,417.6,417.95,209610
1772180700,418.0,419.0,417.75,418.7,426599
1772181000,418.65,418.75,417.85,417.95,220812
1772181300,418.0,418.0,417.75,417.95,85570
1772181600,418.0,418.0,417.5,417.8,609518
1772181900,417.75,418.0,417.55,418.0,109829
1772182200,417.95,418.0,417.7,417.9,80919
1772182500,417.85,417.9,417.1,417.4,211421
1772182800,417.4,417.6,417.05,417.3,105051
1772183100,417.25,417.7,417.05,417.3,169988
1772183400,417.25,417.35,416.65,416.9,208937
1772183700,416.8,417.55,416.8,417.5,258529
1772184000,417.45,417.5,416.75,417.1,537772
1772184300,417.05,417.15,416.6,417.05,88806
1772184600,417.05,417.05,415.6,415.75,1695860
1772184900,415.7,415.85,414.65,415.3,1580089
1772185200,415.3,415.45,414.5,414.65,1440544
1772185500,414.65,415.35,414.6,415.1,1690927
1772185800,415.1,415.55,414.7,415.1,1611735
1772186100,415.1,416.35,414.45,416.05,1254467
1772423100,410.0,414.6,407.1,412.0,878409
1772423400,411.95,412.45,411.2,411.35,238925
1772423700,411.25,412.3,410.8,411.1,367493
1772424000,411.2,412.0,410.95,411.95,294297
1772424300,412.1,412.5,411.5,412.35,155325
1772424600,412.2,412.45,411.05,411.15,207851
1772424900,411.15,411.25,410.45,410.8,87183
1772425200,410.8,410.9,410.0,410.1,107944
1772425500,410.1,411.05,410.0,410.85,83352
1772425800,410.85,411.2,410.45,410.8,93680
1772426100,410.9,412.1,410.8,411.85,105719
1772426400,411.85,412.4,411.5,412.1,100467
1772426700,412.15,412.5,411.8,412.2,85348
1772427000,412.05,412.2,411.55,412.05,92313
1772427300,412.05,412.05,411.5,411.7,73154
1772427600,411.7,411.85,411.25,411.3,51765
1772427900,411.25,411.7,410.1,410.6,84860
1772428200,410.6,410.85,410.1,410.1,95922
1772428500,410.15,410.45,410.0,410.0,74309
1772428800,410.05,410.2,409.75,410.0,112468
1772429100,409.95,410.25,409.65,409.85,98915
1772429400,409.8,410.7,409.7,410.15,114986
1772429700,410.1,410.35,409.4,409.4,111124
1772430000,409.45,409.9,409.15,409.55,113759
1772430300,409.55,409.85,409.2,409.2,69224
1772430600,409.15,409.75,409.05,409.4,78422
1772430900,409.35,410.35,409.3,410.05,70223
1772431200,410.0,412.5,410.0,412.5,763619
1772431500,412.45,413.15,412.15,413.05,1033801
1772431800,413.0,413.05,411.65,411.9,215250
1772432100,411.95,412.2,411.0,411.15,117358
1772432400,411.1,411.2,410.6,410.8,96591
1772432700,410.8,410.9,410.05,410.55,91180
1772433000,410.4,410.7,410.05,410.6,99593
1772433300,410.65,411.15,410.4,410.85,72426
1772433600,410.85,411.25,410.4,410.5,106190
1772433900,410.45,410.45,409.5,409.75,170565
1772434200,409.75,410.1,409.5,410.0,92323
1772434500,410.05,410.6,409.95,410.25,75419
1772434800,410.25,410.25,409.5,409.8,86640
1772435100,409.75,409.9,409.1,409.15,165136
1772435400,409.25,409.75,409.0,409.45,167681
1772435700,409.4,409.7,409.0,409.0,158309
1772436000,409.05,409.75,409.0,409.5,118804
1772436300,409.4,409.75,409.2,409.65,101686
1772436600,409.85,409.95,409.3,409.6,99695
1772436900,409.65,409.75,409.3,409.6,83880
1772437200,409.5,410.0,409.5,409.85,107226
1772437500,409.85,410.0,409.5,409.75,183994
1772437800,409.7,409.95,409.55,409.6,101371
1772438100,409.6,409.6,408.95,409.35,261725
1772438400,409.35,410.05,409.0,409.9,166490
1772438700,409.85,410.05,409.55,409.65,122358
1772439000,409.7,409.95,409.5,409.65,123932
1772439300,409.6,409.75,409.5,409.65,114680
1772439600,409.5,409.65,409.5,409.6,264022
1772439900,409.55,409.65,408.05,408.35,339827
1772440200,408.3,411.0,408.1,410.1,429914
1772440500,410.05,412.0,409.8,411.0,247955
1772440800,410.9,411.7,410.6,411.35,118724
1772441100,411.35,411.65,411.0,411.05,161397
1772441400,411.2,411.6,410.8,411.35,191662
1772441700,411.25,411.45,410.6,410.85,265755
1772442000,410.8,412.1,410.7,412.05,209125
1772442300,412.0,412.65,411.35,412.1,538492
1772442600,412.1,413.0,412.0,412.5,302195
1772442900,412.45,413.3,412.1,412.95,169888
1772443200,412.9,413.25,412.15,412.85,187205
1772443500,413.0,413.25,412.2,412.45,124214
1772443800,412.45,413.05,412.0,412.7,327515
1772444100,412.75,413.4,412.4,413.3,333275
1772444400,413.25,413.85,413.05,413.7,393027
1772444700,413.8,413.85,412.9,413.25,391417
1772445000,413.4,413.8,412.6,412.75,510186
1772445300,412.8,413.35,411.05,411.2,480611
1772595900,405.0,410.5,404.2,407.35,1580050
1772596200,407.7,409.0,407.6,407.8,217760
1772596500,407.8,408.3,406.45,408.0,148035
1772596800,408.1,408.5,406.65,406.85,191311
1772597100,406.85,408.0,406.35,407.2,1659811
1772597400,407.2,407.35,406.55,406.95,104178
1772597700,407.2,407.2,406.1,406.5,87880
1772598000,406.4,406.8,406.05,406.8,121358
1772598300,406.8,407.55,406.55,407.0,307080
1772598600,407.0,408.75,406.8,408.1,600784
1772598900,408.2,408.35,407.1,407.85,146638
1772599200,407.8,408.0,407.35,407.9,110170
1772599500,407.9,408.2,407.5,408.05,93089
1772599800,408.05,408.8,407.85,408.25,188742
1772600100,408.3,408.55,407.9,408.05,98449
1772600400,407.95,408.3,407.8,408.15,82793
1772600700,408.2,408.25,406.8,406.95,115188
1772601000,406.95,407.0,406.4,406.85,51300
1772601300,406.95,407.2,406.6,406.8,50612
1772601600,406.9,406.9,405.75,406.05,72233
1772601900,406.1,406.3,405.35,405.8,806624
1772602200,406.05,406.65,405.85,406.35,46269
1772602500,406.35,406.75,406.2,406.4,56078
1772602800,406.4,406.55,406.05,406.55,27894
1772603100,406.45,406.65,406.4,406.55,28973
1772603400,406.5,407.0,406.4,407.0,67127
1772603700,407.0,407.2,406.9,406.9,87535
1772604000,406.95,407.05,406.3,406.8,655199
1772604300,406.8,407.55,406.75,407.5,164483
1772604600,407.5,407.6,406.95,407.0,64525
1772604900,407.0,407.15,406.5,406.9,44892
1772605200,406.9,407.15,406.75,407.0,61590
1772605500,407.0,407.15,406.75,407.05,856173
1772605800,407.1,407.3,407.05,407.1,57851
1772606100,407.1,407.4,406.95,407.25,539475
1772606400,407.25,407.3,407.05,407.1,39226
1772606700,407.2,407.25,406.75,406.95,390815
1772607000,406.9,407.25,406.8,407.15,54714
1772607300,407.25,407.4,407.0,407.1,36685
1772607600,407.1,407.35,406.95,407.2,62716
1772607900,407.2,407.35,406.95,407.35,60144
1772608200,407.35,407.4,407.2,407.4,43869
1772608500,407.4,407.4,406.85,407.15,48038
1772608800,407.15,407.3,406.85,407.3,128301
1772609100,407.3,407.7,407.1,407.25,247812
1772609400,407.35,407.6,407.3,407.45,44344
1772609700,407.45,407.55,407.15,407.25,47541
1772610000,407.35,407.55,407.1,407.5,54699
1772610300,407.55,407.55,407.2,407.3,49692
1772610600,407.3,407.35,406.8,407.1,274248
1772610900,407.1,407.2,406.6,406.9,148696
1772611200,406.85,407.15,406.55,407.0,249083
1772611500,407.05,407.3,407.0,407.15,215585
1772611800,407.15,407.6,407.0,407.6,76574
1772612100,407.6,407.6,407.1,407.15,384718
1772612400,407.2,407.25,406.6,406.65,153797
1772612700,406.65,406.8,405.8,406.05,88701
1772613000,406.15,406.35,405.85,406.05,86098
1772613300,406.05,406.65,405.9,406.25,138739
1772613600,406.4,407.05,406.15,406.95,199141
1772613900,407.05,407.3,406.6,407.1,147582
1772614200,407.05,407.2,406.1,406.1,298622
1772614500,406.2,406.45,405.75,406.05,183060
1772614800,406.05,406.1,405.25,405.55,223863
1772615100,405.6,405.85,404.8,405.25,285763
1772615400,405.5,406.0,405.25,405.8,260394
1772615700,405.85,406.1,405.4,405.6,186190
1772616000,405.55,406.2,405.55,405.8,152848
1772616300,405.75,406.0,405.2,405.4,145585
1772616600,405.4,405.5,404.2,404.25,529300
1772616900,404.2,404.55,402.9,403.15,540826
1772617200,403.15,403.5,402.7,402.95,687945
1772617500,402.95,403.3,402.2,402.3,531627
1772617800,402.2,403.7,402.2,403.7,685287
1772618100,403.7,404.35,402.45,403.7,481685
1772682300,403.6,404.95,402.65,403.85,811127
1772682600,403.8,403.8,402.6,402.95,193501
1772682900,403.1,403.75,402.55,402.7,99445
1772683200,402.6,403.55,402.35,403.1,236361
1772683500,403.1,403.5,402.75,403.05,155748
1772683800,403.05,404.5,402.65,404.4,194726
1772684100,404.25,405.3,404.25,404.95,183449
1772684400,404.95,405.95,404.7,405.9,152944
1772684700,405.9,405.9,405.2,405.55,67466
1772685000,405.4,406.0,404.7,404.85,184620
1772685300,404.85,406.05,404.85,405.95,107193
1772685600,406.0,407.0,405.65,406.8,144950
1772685900,406.8,407.25,406.55,407.2,160113
1772686200,407.15,407.25,406.55,406.85,103943
1772686500,406.85,406.95,406.05,406.95,129544
1772686800,406.95,407.4,406.9,407.25,156827
1772687100,407.15,407.6,406.95,407.15,226699
1772687400,407.35,407.7,407.05,407.55,104496
1772687700,407.55,408.0,407.25,407.55,151279
1772688000,407.65,407.65,406.6,407.15,155159
1772688300,407.25,407.75,406.85,407.1,89718
1772688600,407.0,407.25,406.75,407.25,113542
1772688900,407.25,407.9,407.1,407.85,130746
1772689200,407.85,407.9,407.35,407.35,93619
1772689500,407.5,407.5,407.05,407.5,121524
1772689800,407.45,407.8,407.15,407.8,170267
1772690100,407.65,407.8,407.0,407.0,82501
1772690400,406.8,407.2,406.45,407.1,195061
1772690700,407.1,407.5,406.6,407.45,100079
1772691000,407.45,407.65,407.2,407.55,81994
1772691300,407.55,407.55,406.9,407.15,62512
1772691600,407.1,407.75,406.6,407.75,73271
1772691900,407.8,407.9,407.1,407.5,117953
1772692200,407.5,407.65,406.85,407.1,86212
1772692500,406.95,407.5,406.4,407.3,237657
1772692800,407.4,407.6,407.2,407.45,71264
1772693100,407.4,407.55,407.0,407.1,92929
1772693400,407.25,407.95,407.1,407.3,126739
1772693700,407.3,407.8,407.2,407.8,130562
1772694000,407.8,408.1,407.45,407.45,169590
1772694300,407.6,407.6,406.95,407.1,64910
1772694600,407.15,407.15,406.65,406.85,77377
1772694900,406.85,407.15,406.35,407.1,84996
1772695200,406.95,407.55,406.75,407.55,82775
1772695500,407.55,408.2,407.5,408.2,141549
1772695800,408.2,408.7,407.95,408.25,98240
1772696100,408.35,408.6,408.2,408.55,72293
1772696400,408.6,408.6,408.2,408.3,75024
1772696700,408.4,408.5,407.75,407.95,102083
1772697000,407.9,408.2,407.75,408.1,132720
1772697300,408.15,408.5,407.7,408.25,103272
1772697600,408.35,408.4,407.1,407.5,176598
1772697900,407.5,407.6,406.55,406.65,149520
1772698200,406.55,406.85,406.05,406.25,154486
1772698500,406.1,406.95,405.9,406.65,111308
1772698800,406.7,406.7,405.85,406.15,95058
1772699100,406.15,406.35,405.75,405.8,110569
1772699400,405.9,406.4,405.6,406.25,142417
1772699700,406.2,406.5,405.65,405.9,121093
1772700000,405.95,406.25,405.7,406.2,127793
1772700300,406.25,406.35,405.2,405.25,256411
1772700600,405.2,406.75,405.2,406.5,557902
1772700900,406.5,407.2,406.0,407.0,440259
1772701200,407.0,407.1,405.2,405.4,478249
1772701500,405.35,407.15,405.2,406.95,309208
1772701800,406.9,408.4,406.85,407.85,346579
1772702100,407.5,408.05,407.4,407.8,244951
1772702400,407.85,409.65,407.8,409.35,480172
1772702700,409.4,410.05,408.1,409.7,908893
1772703000,409.7,409.8,407.75,407.75,432844
1772703300,407.75,408.2,407.35,407.35,459899
1772703600,407.4,407.4,406.6,406.65,380289
1772703900,406.7,407.45,406.65,406.9,382991
1772704200,406.95,407.0,406.3,406.45,460340
1772704500,406.45,407.95,406.3,406.4,471383
1772768700,403.7,406.35,403.7,405.2,980339
1772769000,405.15,406.7,404.9,406.15,304177
1772769300,406.35,406.45,405.3,405.55,251697
1772769600,405.55,405.55,403.9,404.0,196043
1772769900,403.85,404.3,403.35,403.7,130660
1772770200,403.7,404.8,403.2,404.5,227233
1772770500,404.55,404.6,403.8,403.95,126118
1772770800,403.95,404.45,403.6,404.0,142926
1772771100,404.05,404.8,404.0,404.55,144657
1772771400,404.6,405.3,404.6,404.8,134247
1772771700,404.95,405.7,404.45,405.5,110400
1772772000,405.55,405.65,405.15,405.25,56873
1772772300,405.2,405.75,405.15,405.55,89607
1772772600,405.45,405.7,405.25,405.25,62298
1772772900,405.3,405.35,404.25,404.8,87332
1772773200,404.8,405.2,404.5,405.05,71251
1772773500,405.05,405.65,404.65,405.5,241031
1772773800,405.45,406.1,405.3,405.65,89929
1772774100,405.8,405.8,405.3,405.8,109931
1772774400,405.75,406.2,405.55,406.0,105823
1772774700,405.95,406.05,405.55,405.65,64759
1772775000,405.7,406.1,405.3,405.75,111800
1772775300,405.8,406.45,405.75,405.75,118317
1772775600,405.8,405.8,405.05,405.35,107545
1772775900,405.3,405.35,404.35,404.4,59781
1772776200,404.35,404.85,404.2,404.35,149215
1772776500,404.45,404.5,404.0,404.25,78923
1772776800,404.2,404.25,403.55,404.15,136788
1772777100,404.1,404.25,403.6,403.9,168491
1772777400,403.9,404.15,402.8,403.05,166272
1772777700,403.05,404.0,403.05,403.85,168896
1772778000,403.75,403.95,403.55,403.9,58463
1772778300,403.9,404.45,403.85,404.4,110731
1772778600,404.35,404.6,403.95,404.45,73054
1772778900,404.4,405.4,404.1,404.75,129420
1772779200,404.9,404.95,404.35,404.45,58795
1772779500,404.5,404.85,404.3,404.5,99376
1772779800,404.55,404.55,403.8,404.05,128461
1772780100,404.15,404.15,402.05,402.65,225741
1772780400,402.6,403.05,402.35,402.7,126606
1772780700,402.7,402.85,401.6,401.7,194132
1772781000,401.7,402.2,401.15,402.15,234952
1772781300,402.2,402.4,401.85,402.25,175085
1772781600,402.3,402.35,401.5,401.6,237021
1772781900,401.65,402.05,401.6,402.05,146934
1772782200,402.05,402.15,401.8,401.85,160962
1772782500,402.05,402.1,401.45,401.8,220373
1772782800,401.75,402.6,401.75,402.55,240815
1772783100,402.5,402.55,402.2,402.25,108841
1772783400,402.25,402.3,401.65,402.05,267656
1772783700,402.0,402.1,401.5,401.8,181401
1772784000,401.8,402.15,401.7,401.85,145761
1772784300,401.9,402.75,401.45,401.95,266405
1772784600,402.0,402.55,401.75,402.25,225822
1772784900,402.3,402.8,402.05,402.55,349419
1772785200,402.7,402.8,402.3,402.6,184253
1772785500,402.6,402.75,401.8,402.2,211963
1772785800,402.3,402.45,401.3,401.4,243436
1772786100,401.4,401.85,401.4,401.85,239115
1772786400,401.75,402.5,401.75,402.15,274904
1772786700,402.2,402.5,402.0,402.35,179054
1772787000,402.3,402.6,401.8,402.05,306000
1772787300,402.05,402.4,401.5,401.65,165688
1772787600,401.6,401.75,401.1,401.4,261777
1772787900,401.3,401.3,400.65,400.75,203334
1772788200,400.65,400.75,400.25,400.5,387837
1772788500,400.45,400.6,399.4,400.15,996270
1772788800,400.0,401.2,400.0,400.7,405784
1772789100,400.75,400.75,400.05,400.25,224815
1772789400,400.3,400.45,399.75,400.05,970553
1772789700,400.05,400.05,399.35,399.5,584933
1772790000,399.55,399.7,399.0,399.4,712877
1772790300,399.4,399.85,399.25,399.5,665773
1772790600,399.5,400.3,399.4,400.15,624274
1772790900,400.15,401.45,399.85,401.3,480910
1773027900,390.0,393.85,386.9,388.35,1091114
1773028200,388.35,389.8,387.95,388.65,519734
1773028500,388.65,389.15,387.0,387.4,366520
1773028800,387.2,389.05,387.1,388.25,696256
1773029100,388.25,389.0,387.6,388.15,470204
1773029400,388.1,389.0,387.1,387.1,346335
1773029700,387.05,387.9,386.65,387.55,263246
1773030000,387.45,388.25,387.2,387.65,176019
1773030300,387.8,388.7,387.8,388.3,181358
1773030600,388.3,388.6,387.55,388.1,240742
1773030900,388.1,390.2,387.8,390.15,314378
1773031200,390.35,391.15,389.85,390.0,217564
1773031500,389.95,390.25,388.9,389.15,187852
1773031800,389.15,389.75,388.65,389.3,169924
1773032100,389.35,389.5,388.8,389.35,168742
1773032400,389.35,389.8,387.9,388.05,214599
1773032700,388.05,390.0,387.7,389.35,198101
1773033000,389.35,389.4,388.7,389.15,182713
1773033300,389.3,389.35,388.4,388.7,140838
1773033600,388.7,392.2,388.55,391.95,247034
1773033900,391.9,392.65,391.55,392.55,176112
1773034200,392.5,392.55,390.85,391.9,165623
1773034500,392.0,392.05,390.85,391.05,145349
1773034800,391.05,391.15,390.05,391.05,177615
1773035100,391.05,391.05,389.5,390.3,258944
1773035400,390.3,391.05,389.95,390.1,172359
1773035700,390.1,390.85,389.85,390.6,243959
1773036000,390.6,391.1,389.95,390.45,194770
1773036300,390.45,391.05,390.15,390.55,153908
1773036600,390.55,391.05,389.75,390.0,269875
1773036900,390.0,390.1,389.4,389.7,306068
1773037200,389.7,389.95,389.4,389.85,129248
1773037500,390.0,390.0,389.15,389.4,150776
1773037800,389.35,389.7,389.15,389.55,138581
1773038100,389.5,390.1,389.3,389.4,320240
1773038400,389.4,389.55,389.0,389.25,113525
1773038700,389.25,389.4,388.15,388.45,159450
1773039000,388.4,388.95,388.05,388.9,127320
1773039300,389.15,389.15,388.45,388.65,143714
1773039600,388.65,389.05,387.95,388.15,129916
1773039900,388.1,388.5,387.55,388.25,256931
1773040200,388.25,388.5,387.8,387.95,181763
1773040500,387.95,388.25,387.65,388.05,201757
1773040800,388.0,388.6,387.9,388.4,175255
1773041100,388.45,389.3,388.1,389.1,160950
1773041400,389.15,389.3,388.5,389.1,229399
1773041700,389.1,389.15,387.65,387.8,400500
1773042000,387.8,388.1,387.45,387.9,214252
1773042300,387.9,388.0,387.1,387.7,234762
1773042600,387.7,387.75,387.0,387.1,241557
1773042900,387.1,387.5,386.9,387.1,204920
1773043200,387.15,388.0,387.0,387.4,246669
1773043500,387.55,388.0,387.15,387.8,188992
1773043800,387.75,388.05,387.5,387.7,215213
1773044100,387.65,387.85,387.4,387.55,315902
1773044400,387.55,387.8,387.35,387.7,148383
1773044700,387.75,388.0,387.4,387.4,182123
1773045000,387.4,387.7,386.45,386.75,298799
1773045300,386.7,387.0,386.45,386.65,149399
1773045600,386.6,387.0,386.2,386.35,162504
1773045900,386.5,386.5,385.8,386.15,164099
1773046200,386.15,386.35,385.65,386.2,174592
1773046500,386.1,386.9,385.5,385.65,328026
1773046800,385.7,386.2,385.5,385.65,410239
1773047100,385.6,386.05,385.1,385.8,446742
1773047400,385.85,387.1,385.55,386.5,231217
1773047700,386.45,387.7,386.1,386.35,665960
1773048000,386.35,386.8,385.8,386.75,230559
1773048300,386.75,386.8,386.2,386.2,334138
1773048600,386.35,387.15,385.65,386.9,548734
1773048900,386.9,387.0,386.3,386.5,516095
1773049200,386.55,387.0,386.3,386.75,478121
1773049500,386.7,386.9,386.0,386.3,454001
1773049800,386.3,386.3,385.75,386.0,399618
1773050100,386.05,386.95,385.5,386.05,372249
1773114300,390.5,393.7,388.8,388.8,881714
1773114600,389.0,389.4,387.6,388.0,363328
1773114900,388.3,388.9,387.9,388.15,581454
1773115200,388.15,388.7,387.75,388.15,436604
1773115500,388.1,389.2,387.55,387.95,1045601
1773115800,387.95,390.65,387.5,390.65,537469
1773116100,390.65,391.0,390.1,390.8,177823
1773116400,390.6,391.25,390.4,390.95,120663
1773116700,391.0,391.0,390.0,390.3,62845
1773117000,390.3,391.1,390.2,390.8,114814
1773117300,390.8,390.85,390.1,390.25,58567
1773117600,390.2,391.6,389.9,391.4,133375
1773117900,391.4,393.15,391.35,392.85,154723
1773118200,392.7,392.9,391.65,392.0,95096
1773118500,392.1,392.3,391.15,391.35,183962
1773118800,391.35,392.15,391.2,392.05,137549
1773119100,392.05,392.1,391.65,391.9,103516
1773119400,391.9,392.15,391.3,391.65,121293
1773119700,391.7,392.0,391.4,391.6,80504
1773120000,391.7,391.7,390.25,390.6,193435
1773120300,390.6,390.65,389.9,390.0,209368
1773120600,390.0,390.1,389.5,389.85,96671
1773120900,389.75,390.2,389.7,390.05,90222
1773121200,390.05,391.1,389.9,391.1,257265
1773121500,391.0,392.0,390.55,390.75,150565
1773121800,390.8,391.0,390.3,390.7,832578
1773122100,390.7,390.7,390.2,390.3,152478
1773122400,390.35,391.0,390.25,391.0,175247
1773122700,390.95,391.6,390.95,391.4,150598
1773123000,391.45,392.55,391.45,392.0,244745
1773123300,392.0,392.15,391.5,391.65,145532
1773123600,391.6,392.5,391.5,392.15,300647
1773123900,392.15,392.3,391.2,391.85,497247
1773124200,391.8,392.0,391.65,391.7,90367
1773124500,391.7,392.25,391.55,391.75,112432
1773124800,391.75,392.1,391.05,391.2,101604
1773125100,391.2,391.7,390.65,391.45,180507
1773125400,391.45,391.5,390.15,390.5,116170
1773125700,390.35,390.9,390.3,390.7,100253
1773126000,390.65,391.0,390.45,390.55,148615
1773126300,390.55,391.35,390.5,391.05,151982
1773126600,391.05,391.35,390.9,391.2,228147
1773126900,391.2,391.55,391.1,391.15,463134
1773127200,391.3,392.9,391.1,392.8,312906
1773127500,392.85,393.45,392.4,392.65,168121
1773127800,392.6,393.05,392.35,392.65,289212
1773128100,392.7,392.75,392.05,392.55,216751
1773128400,392.5,392.7,391.2,391.9,442559
1773128700,391.85,391.9,390.95,391.45,388329
1773129000,391.35,391.5,390.45,390.7,612605
1773129300,390.7,391.1,390.5,391.05,158279
1773129600,391.05,392.15,390.9,392.15,175320
1773129900,392.15,392.85,391.7,392.6,147570
1773130200,392.65,392.65,391.95,392.25,124201
1773130500,392.2,392.3,391.9,392.3,117993
1773130800,392.2,393.0,392.2,392.55,121916
1773131100,392.5,392.7,391.85,392.0,230034
1773131400,392.05,392.25,391.95,392.25,98406
1773131700,392.3,393.55,392.25,393.45,249873
1773132000,393.45,394.25,393.4,393.7,362816
1773132300,393.9,393.9,392.2,392.7,213610
1773132600,392.7,392.8,392.05,392.35,170411
1773132900,392.35,392.65,392.05,392.5,109248
1773133200,392.45,392.45,391.55,392.1,182102
1773133500,392.1,392.45,391.7,392.05,296197
1773133800,392.05,392.3,391.5,391.65,787132
1773134100,391.65,392.65,391.5,392.5,313507
1773134400,392.65,392.75,391.95,392.05,163187
1773134700,392.05,392.55,391.95,392.5,177952
1773135000,392.5,392.55,391.9,392.2,534798
1773135300,392.25,392.7,392.1,392.3,611986
1773135600,392.3,392.3,391.75,392.0,817860
1773135900,392.0,392.1,391.6,391.6,504406
1773136200,391.55,391.85,390.9,391.7,1102136
1773136500,391.65,392.5,391.25,391.25,485666
1773200700,388.85,391.1,387.45,388.0,1452207
1773201000,388.25,389.05,387.8,388.15,798058
1773201300,388.1,388.15,387.1,387.3,425266
1773201600,387.1,387.25,386.55,386.9,235550
1773201900,386.8,387.15,386.2,386.55,332442
1773202200,386.6,387.45,386.4,387.2,99101
1773202500,387.15,388.85,386.9,388.2,777921
1773202800,388.35,388.55,387.55,387.85,241844
1773203100,387.95,388.2,387.4,387.8,646573
1773203400,387.7,388.85,387.55,388.8,582941
1773203700,388.8,388.95,388.1,388.45,145937
1773204000,388.45,388.75,388.05,388.45,918251
1773204300,388.45,389.15,388.25,388.75,936248
1773204600,388.75,388.8,388.05,388.35,91826
1773204900,388.35,388.45,387.75,388.3,138856
1773205200,388.3,388.65,388.0,388.6,103425
1773205500,388.6,388.6,387.6,387.6,114987
1773205800,387.6,387.95,387.35,387.85,85662
1773206100,387.9,387.95,387.4,387.9,86676
1773206400,388.0,388.3,387.75,388.25,131348
1773206700,388.25,388.9,388.2,388.75,92503
1773207000,388.7,388.75,387.8,388.15,101201
1773207300,388.2,388.25,387.55,387.6,83721
1773207600,387.7,387.9,387.25,387.45,98780
1773207900,387.5,387.65,385.95,385.95,288724
1773208200,386.15,386.25,385.7,385.9,108482
1773208500,386.0,386.45,385.6,385.7,98528
1773208800,385.7,385.8,385.05,385.2,114629
1773209100,385.2,385.8,384.3,385.75,333757
1773209400,385.7,386.0,385.5,385.95,85644
1773209700,386.0,386.1,385.5,385.75,97474
1773210000,385.75,385.9,385.15,385.8,91100
1773210300,385.8,385.85,385.25,385.65,87331
1773210600,385.55,386.5,385.5,386.5,122935
1773210900,386.4,386.65,385.95,386.0,108672
1773211200,386.2,386.55,385.65,385.7,131685
1773211500,385.9,386.15,385.55,385.65,139218
1773211800,385.8,386.1,385.45,385.75,119774
1773212100,385.75,385.9,385.25,385.45,106832
1773212400,385.5,386.0,384.15,384.6,181275
1773212700,384.6,385.25,384.55,385.0,102846
1773213000,385.05,385.85,384.9,385.8,74174
1773213300,385.85,386.0,385.1,385.3,129191
1773213600,385.5,385.65,385.15,385.4,95308
1773213900,385.45,385.5,385.1,385.4,86745
1773214200,385.4,385.75,384.8,385.05,125841
1773214500,385.1,385.2,384.65,384.8,96325
1773214800,384.8,384.9,383.9,384.25,247025
1773215100,384.25,384.9,383.85,384.9,137473
1773215400,384.9,385.4,384.55,385.3,145480
1773215700,385.3,385.6,384.95,385.4,155280
1773216000,385.4,385.9,385.0,385.1,168718
1773216300,385.15,385.85,385.0,385.5,137619
1773216600,385.5,385.75,385.35,385.75,143242
1773216900,385.8,386.5,385.6,386.3,126839
1773217200,386.4,386.4,385.85,386.15,170130
1773217500,386.15,386.35,385.75,386.2,115355
1773217800,386.2,386.35,385.5,385.8,136022
1773218100,385.8,385.95,385.2,385.4,303263
1773218400,385.15,385.6,385.0,385.15,330664
1773218700,385.15,385.25,384.7,384.9,268483
1773219000,385.0,385.25,384.7,384.9,123700
1773219300,385.0,385.65,384.3,385.6,450137
1773219600,385.7,385.7,384.55,384.65,180403
1773219900,384.7,385.0,384.3,385.0,243836
1773220200,385.0,385.3,384.6,385.15,185656
1773220500,385.15,385.25,384.55,384.6,1116113
1773220800,384.65,384.95,384.05,384.7,208552
1773221100,384.75,384.75,383.6,383.95,2230287
1773221400,384.0,385.5,384.0,384.8,336024
1773221700,384.9,384.95,383.85,384.15,355347
1773222000,384.05,385.6,383.9,385.6,737449
1773222300,385.65,386.15,385.3,385.7,758721
1773222600,385.6,385.95,385.3,385.55,707963
1773222900,385.65,385.7,379.95,380.8,8090697
1773287100,377.0,378.7,375.15,377.2,826336
1773287400,377.2,378.55,376.95,378.3,398659
1773287700,378.45,378.75,377.3,377.7,293194
1773288000,377.8,379.4,377.6,378.45,197503
1773288300,378.5,378.85,376.55,376.65,125151
1773288600,376.55,377.0,376.25,376.8,108950
1773288900,376.8,376.95,376.1,376.65,105229
1773289200,376.65,377.25,376.55,377.25,82025
1773289500,377.25,378.4,377.15,378.35,193718
1773289800,378.4,378.4,377.7,378.2,117549
1773290100,378.15,378.25,377.2,377.65,168694
1773290400,377.65,378.0,377.25,377.6,196471
1773290700,377.65,378.5,377.3,378.3,260700
1773291000,378.3,378.9,377.95,378.3,231790
1773291300,378.3,379.35,378.25,379.0,263051
1773291600,379.0,380.0,378.2,379.85,224442
1773291900,379.95,380.0,379.4,379.55,116760
1773292200,379.75,380.15,379.35,379.45,159532
1773292500,379.45,379.65,379.0,379.3,99846
1773292800,379.5,379.5,378.5,378.65,575205
1773293100,378.7,379.85,378.35,379.65,151283
1773293400,379.65,380.0,379.45,379.6,86896
1773293700,379.7,379.8,379.2,379.3,73455
1773294000,379.35,379.8,379.1,379.4,69116
1773294300,379.35,379.5,377.6,378.2,153420
1773294600,378.2,378.35,377.75,378.35,142865
1773294900,378.3,378.45,377.9,378.3,128897
1773295200,378.25,378.4,377.85,378.35,110221
1773295500,378.35,378.4,377.7,378.1,115525
1773295800,378.2,378.25,377.65,377.9,123584
1773296100,377.9,378.05,377.1,377.25,165135
1773296400,377.25,377.7,377.0,377.5,145761
1773296700,377.6,378.2,377.35,377.9,153551
1773297000,377.9,378.05,377.6,377.75,127698
1773297300,377.75,378.0,377.3,377.65,179226
1773297600,377.6,377.7,377.1,377.65,139759
1773297900,377.7,377.7,377.0,377.25,118098
1773298200,377.25,377.7,376.8,377.2,522224
1773298500,377.25,378.2,376.7,377.15,796473
1773298800,377.2,377.6,377.0,377.55,132302
1773299100,377.6,377.7,376.75,376.95,218303
1773299400,377.05,377.15,376.85,376.85,123436
1773299700,377.1,377.2,376.6,376.7,311160
1773300000,376.9,377.1,376.05,376.35,152018
1773300300,376.5,376.6,375.6,376.0,284585
1773300600,376.0,376.25,375.55,376.0,152143
1773300900,376.05,376.1,375.15,375.7,209783
1773301200,375.75,376.5,375.5,376.3,202695
1773301500,376.45,376.85,376.2,376.6,130778
1773301800,376.7,377.4,376.4,377.25,208918
1773302100,377.15,378.0,377.15,377.3,232064
1773302400,377.4,378.85,377.2,378.5,352897
1773302700,378.65,378.85,378.0,378.35,712705
1773303000,378.4,379.1,378.05,378.3,212665
1773303300,378.35,378.7,377.5,377.65,738085
1773303600,377.7,377.7,376.6,377.05,167876
1773303900,377.05,377.1,376.35,376.75,308513
1773304200,376.8,378.45,376.65,378.35,594204
1773304500,378.35,378.85,377.1,377.15,282769
1773304800,377.2,377.65,376.8,377.65,399579
1773305100,377.7,378.1,377.3,377.95,433499
1773305400,378.0,378.05,377.55,377.65,262280
1773305700,377.75,378.0,377.5,377.6,208775
1773306000,377.65,378.05,377.6,377.95,276962
1773306300,378.0,378.05,377.1,377.6,808270
1773306600,377.7,377.9,376.85,377.05,221111
1773306900,377.0,377.15,376.6,376.8,220515
1773307200,376.8,376.95,375.5,375.85,300418
1773307500,375.75,376.3,375.5,376.1,214815
1773307800,375.9,376.05,374.55,375.4,746141
1773308100,375.45,375.55,375.05,375.55,679640
1773308400,375.55,375.65,375.0,375.5,694408
1773308700,375.55,375.8,375.1,375.4,820581
1773309000,375.45,375.7,375.0,375.05,3773962
1773309300,375.1,375.45,374.05,375.0,892826
1773373500,373.0,373.6,370.95,371.5,526841
1773373800,371.5,372.1,371.25,371.4,1368875
1773374100,371.25,373.1,370.4,372.3,974692
1773374400,372.35,372.6,372.0,372.5,121360
1773374700,372.5,372.8,371.75,372.65,214524
1773375000,372.65,372.85,371.6,371.85,622301
1773375300,371.85,371.85,370.7,371.65,300779
1773375600,371.6,371.85,370.9,371.55,571841
1773375900,371.65,372.0,370.8,370.95,279812
1773376200,370.85,371.3,370.7,371.1,265018
1773376500,371.05,371.15,370.45,370.6,165597
1773376800,370.7,370.9,369.7,369.85,748421
1773377100,369.95,370.0,369.6,369.6,284645
1773377400,369.6,369.8,369.1,369.4,182395
1773377700,369.45,369.9,369.1,369.5,252873
1773378000,369.55,369.9,369.3,369.4,185588
1773378300,369.35,369.8,369.05,369.5,270181
1773378600,369.55,369.85,369.35,369.8,184805
1773378900,369.85,369.9,368.25,368.8,471184
1773379200,368.95,370.4,368.95,369.05,916276
1773379500,369.1,369.25,368.7,369.2,271836
1773379800,369.25,369.45,368.6,368.8,383980
1773380100,368.8,369.0,368.4,368.6,228692
1773380400,368.6,368.75,368.05,368.3,517675
1773380700,368.45,368.75,367.65,368.55,451042
1773381000,368.55,368.7,367.4,367.45,376436
1773381300,367.65,368.35,367.15,368.25,753776
1773381600,368.25,368.25,367.35,367.6,335757
1773381900,367.5,367.7,367.1,367.45,327976
1773382200,367.45,368.95,367.3,368.1,585024
1773382500,368.2,369.25,367.95,368.95,465730
1773382800,369.05,369.5,368.75,369.05,270966
1773383100,369.1,369.65,368.5,368.7,1269096
1773383400,368.65,368.95,367.4,367.5,231095
1773383700,367.55,368.15,367.4,367.7,171894
1773384000,367.75,367.8,367.25,367.4,288073
1773384300,367.45,367.65,367.15,367.15,369092
1773384600,367.2,367.35,365.85,365.9,727088
1773384900,365.95,366.0,365.25,365.4,298397
1773385200,365.4,365.55,364.25,365.4,829923
1773385500,365.15,368.0,364.9,368.0,640824
1773385800,368.0,368.25,366.7,366.7,174506
1773386100,366.85,367.9,366.35,367.9,162309
1773386400,367.7,368.3,367.6,368.15,129218
1773386700,368.1,368.35,367.3,368.35,694133
1773387000,368.4,368.4,366.8,366.95,690198
1773387300,367.0,367.75,366.7,367.0,273949
1773387600,367.05,367.15,366.45,366.45,174610
1773387900,366.6,366.6,365.35,365.95,251493
1773388200,365.95,366.25,365.0,365.1,574302
1773388500,365.15,366.1,365.1,366.0,163731
1773388800,366.05,366.55,365.75,366.05,212921
1773389100,366.1,366.15,364.75,365.1,269859
1773389400,365.15,365.15,364.5,364.9,262256
1773389700,364.8,365.0,363.9,364.2,1209955
1773390000,364.2,364.35,363.65,364.05,248875
1773390300,364.0,364.4,363.4,363.6,247314
1773390600,363.65,365.0,363.6,364.6,295817
1773390900,364.65,365.85,364.5,365.8,286242
1773391200,365.85,366.55,365.3,366.25,271147
1773391500,366.5,367.05,365.95,367.05,338197
1773391800,367.05,367.5,366.45,367.05,276193
1773392100,367.25,368.1,367.05,367.6,254175
1773392400,367.6,368.8,367.5,368.35,710189
1773392700,368.35,368.45,367.3,367.4,297259
1773393000,367.4,367.85,367.2,367.65,259859
1773393300,367.85,368.2,367.2,367.45,688033
1773393600,367.6,367.75,366.95,367.1,335344
1773393900,367.1,367.5,366.5,367.5,321552
1773394200,367.5,367.75,366.45,366.65,393248
1773394500,366.65,367.2,366.45,366.6,417141
1773394800,366.55,367.0,366.55,366.9,799453
1773395100,366.9,367.4,366.7,367.3,691962
1773395400,367.35,367.4,366.3,366.55,475170
1773395700,366.5,367.2,366.1,367.1,601997
1773632700,366.85,370.95,366.0,369.0,772757
1773633000,369.05,369.35,367.5,368.0,294487
1773633300,368.2,368.3,366.55,367.0,416215
1773633600,367.15,368.6,367.0,368.55,277497
1773633900,368.55,369.8,368.5,368.9,252477
1773634200,368.95,369.85,368.3,368.4,219898
1773634500,368.55,369.4,368.3,368.55,145965
1773634800,368.6,369.4,368.3,368.9,199511
1773635100,368.9,369.0,367.55,367.9,164271
1773635400,367.75,368.25,367.35,367.75,174090
1773635700,367.75,368.9,367.7,368.7,161734
1773636000,368.7,368.85,368.2,368.25,170494
1773636300,368.4,368.4,367.3,367.6,146380
1773636600,367.6,367.7,366.95,367.3,161969
1773636900,367.3,367.4,366.7,367.0,137332
1773637200,366.8,368.0,366.8,367.8,193449
1773637500,367.8,368.3,367.55,368.05,125493
1773637800,368.05,368.1,367.6,367.9,109853
1773638100,367.85,368.0,366.95,367.05,174324
1773638400,367.0,367.2,365.4,365.5,244892
1773638700,365.5,366.2,365.05,365.75,260586
1773639000,365.75,366.7,365.45,366.65,424392
1773639300,366.6,366.75,366.05,366.6,182374
1773639600,366.65,366.95,365.9,366.75,214121
1773639900,366.8,368.35,366.65,368.3,339877
1773640200,368.3,368.5,367.7,368.1,204581
1773640500,368.15,368.25,367.05,367.1,155488
1773640800,367.25,368.3,366.8,368.1,923844
1773641100,368.1,368.25,367.2,367.35,243753
1773641400,367.35,367.55,366.9,367.0,196732
1773641700,367.0,367.4,366.85,367.05,121079
1773642000,367.05,367.1,366.55,366.75,140488
1773642300,366.75,366.9,366.25,366.4,138420
1773642600,366.4,366.8,366.15,366.2,232950
1773642900,366.3,366.6,366.2,366.25,106870
1773643200,366.2,366.8,366.15,366.55,223540
1773643500,366.5,366.6,366.05,366.45,125015
1773643800,366.4,366.85,366.1,366.7,167786
1773644100,366.65,367.0,366.45,366.85,165849
1773644400,366.9,366.95,365.95,366.1,129538
1773644700,366.0,366.6,365.45,366.35,152792
1773645000,366.25,366.4,366.05,366.2,135896
1773645300,366.15,366.45,364.85,365.0,193707
1773645600,365.05,365.6,364.95,365.5,196000
1773645900,365.55,365.6,364.7,365.0,145920
1773646200,365.0,365.8,364.8,365.0,281537
1773646500,365.05,366.05,364.5,365.35,834813
1773646800,365.35,365.4,364.75,364.95,251749
1773647100,365.0,365.45,364.95,365.05,206087
1773647400,365.1,365.15,364.6,364.8,238519
1773647700,364.9,364.95,364.35,364.55,296613
1773648000,364.55,364.8,364.2,364.4,194011
1773648300,364.4,365.05,364.35,365.0,251972
1773648600,365.0,365.75,364.8,364.8,280214
1773648900,364.9,365.1,364.3,364.3,251708
1773649200,364.35,365.55,364.05,365.1,402606
1773649500,365.15,365.35,364.95,365.1,182346
1773649800,365.1,365.3,364.8,364.95,162220
1773650100,364.95,365.3,364.8,365.15,213229
1773650400,365.1,366.25,365.0,366.0,335918
1773650700,365.9,369.15,365.65,368.95,402035
1773651000,368.85,371.5,368.85,371.15,928728
1773651300,371.3,372.45,370.7,371.65,978469
1773651600,371.7,372.7,371.3,372.15,1018260
1773651900,372.35,372.35,371.4,371.7,853488
1773652200,371.7,372.3,370.9,371.6,987856
1773652500,371.6,372.0,371.1,372.0,854469
1773652800,372.05,373.35,371.7,372.75,823113
1773653100,372.7,372.8,370.2,370.5,1144015
1773653400,370.45,370.5,369.4,369.75,908335
1773653700,369.7,370.5,369.7,370.35,1070277
1773654000,370.65,371.15,369.95,370.25,1059551
1773654300,370.2,370.3,369.4,369.45,684830
1773654600,369.5,369.9,368.9,369.0,951244
1773654900,368.95,370.0,368.7,369.4,776266
1773719100,369.85,372.3,369.25,369.4,322400
1773719400,369.4,370.2,368.9,368.9,111002
1773719700,368.9,369.4,368.6,369.2,91005
1773720000,369.4,370.3,368.85,370.15,68012
1773720300,370.0,370.75,369.7,370.55,67343
1773720600,370.45,370.7,369.9,370.25,72602
1773720900,370.45,371.3,370.0,371.3,69413
1773721200,371.15,371.35,370.55,370.75,43750
1773721500,370.65,371.25,370.35,370.95,47855
1773721800,371.0,371.35,370.6,370.75,43140
1773722100,370.6,372.3,370.6,372.2,85874
1773722400,372.2,372.95,372.1,372.3,114031
1773722700,372.5,372.7,372.2,372.7,64373
1773723000,372.75,373.95,372.55,373.5,207438
1773723300,373.55,373.55,372.75,372.8,214770
1773723600,372.8,372.8,371.35,371.7,328093
1773723900,371.5,372.25,371.35,372.2,196318
1773724200,372.2,372.45,371.75,372.2,136422
1773724500,372.15,373.3,371.95,373.25,202822
1773724800,373.25,373.6,372.9,372.95,133495
1773725100,372.9,373.8,372.9,373.55,372625
1773725400,373.5,373.6,373.05,373.2,189963
1773725700,373.3,373.55,372.0,372.1,196522
1773726000,372.15,372.6,371.8,372.1,286151
1773726300,372.15,372.2,371.55,371.9,191001
1773726600,371.85,372.1,370.8,370.9,488562
1773726900,371.1,371.4,370.3,370.8,525334
1773727200,370.8,371.4,370.5,370.7,254604
1773727500,370.75,370.8,369.85,370.2,490978
1773727800,370.15,370.95,370.0,370.55,374877
1773728100,370.45,370.95,370.0,370.2,102543
1773728400,370.2,370.9,370.1,370.4,81317
1773728700,370.35,370.95,369.95,370.6,128319
1773729000,370.6,370.9,370.5,370.75,131947
1773729300,370.7,371.4,370.7,371.35,197424
1773729600,371.3,371.45,370.9,371.0,120507
1773729900,370.9,371.2,370.25,370.3,92917
1773730200,370.15,371.05,370.15,370.65,161857
1773730500,370.6,371.05,370.55,371.05,88047
1773730800,371.0,371.05,370.5,371.0,91128
1773731100,371.05,371.55,370.95,371.3,80544
1773731400,371.4,371.5,370.9,371.5,97257
1773731700,371.4,372.0,371.35,372.0,103992
1773732000,372.15,372.15,371.35,371.75,110024
1773732300,371.75,371.9,371.5,371.7,80880
1773732600,371.65,372.35,371.6,372.2,173178
1773732900,372.15,372.95,371.85,372.95,116141
1773733200,372.95,373.5,372.85,373.5,132617
1773733500,373.45,374.1,373.05,373.35,168724
1773733800,373.35,373.35,372.75,373.1,170441
1773734100,373.0,373.15,372.45,372.85,171448
1773734400,372.75,373.55,372.5,372.65,148748
1773734700,372.65,373.0,372.0,372.1,129206
1773735000,372.2,372.6,372.0,372.25,163538
1773735300,372.2,372.8,372.2,372.7,121364
1773735600,372.75,372.8,372.2,372.4,151108
1773735900,372.4,372.6,372.1,372.4,108575
1773736200,372.4,372.8,372.2,372.75,131928
1773736500,372.6,372.85,372.1,372.7,149210
1773736800,372.7,373.15,372.7,372.8,151840
1773737100,372.75,373.1,372.3,372.5,162512
1773737400,372.55,372.7,371.65,372.05,225645
1773737700,372.05,372.5,371.8,372.3,169465
1773738000,372.3,373.0,372.3,373.0,212369
1773738300,373.0,373.6,372.95,373.55,280178
1773738600,373.6,374.15,373.5,373.75,213323
1773738900,373.85,374.25,373.65,374.15,238973
1773739200,374.2,374.8,374.1,374.8,429279
1773739500,374.75,375.05,374.2,375.05,313265
1773739800,374.95,375.15,374.0,374.6,644496
1773740100,374.5,374.6,373.75,374.1,731213
1773740400,374.05,374.5,373.85,374.3,547299
1773740700,374.3,374.4,373.95,373.95,393839
1773741000,373.95,374.6,373.75,374.3,404876
1773741300,374.3,374.7,374.0,374.0,331084
1773805500,375.0,375.8,373.45,375.55,222160
1773805800,375.55,376.0,374.0,374.1,107199
1773806100,374.05,374.2,373.1,373.45,127145
1773806400,373.45,374.45,373.1,374.25,170953
1773806700,374.25,374.55,374.0,374.05,136447
1773807000,374.15,374.4,373.75,374.05,183044
1773807300,374.15,374.15,373.35,373.7,123908
1773807600,373.6,374.3,372.3,372.65,231591
1773807900,372.65,372.65,371.5,372.5,100333
1773808200,372.5,372.65,371.85,372.1,140918
1773808500,372.0,372.15,371.3,371.45,123029
1773808800,371.45,372.4,371.1,372.2,118333
1773809100,372.2,373.25,371.65,373.05,225371
1773809400,373.1,374.35,373.1,373.65,160357
1773809700,373.55,373.85,372.95,373.5,186711
1773810000,373.55,373.9,373.05,373.35,150930
1773810300,373.4,373.65,372.9,372.9,91992
1773810600,373.05,373.35,372.35,372.55,132276
1773810900,372.5,372.7,371.95,372.45,222356
1773811200,372.4,373.2,372.0,373.0,431968
1773811500,373.15,373.45,372.7,372.8,171459
1773811800,373.0,373.2,372.55,372.7,439161
1773812100,372.65,373.45,372.25,372.95,368664
1773812400,372.8,373.4,372.6,373.2,328533
1773812700,373.25,373.25,372.65,373.05,145141
1773813000,373.15,374.35,372.9,374.3,88248
1773813300,374.3,375.35,374.0,375.35,170875
1773813600,375.35,375.45,375.0,375.05,77333
1773813900,375.05,375.15,374.0,374.1,556898
1773814200,374.1,374.65,373.75,374.2,349760
1773814500,374.2,374.25,373.95,374.1,58687
1773814800,373.95,374.5,373.9,374.3,77475
1773815100,374.2,374.4,374.0,374.1,76914
1773815400,374.15,374.2,373.8,373.8,83111
1773815700,373.85,374.0,372.4,372.45,155266
1773816000,372.45,372.5,372.0,372.45,175502
1773816300,372.65,373.6,372.4,373.5,109292
1773816600,373.6,374.0,373.2,373.95,98120
1773816900,373.8,373.95,373.0,373.55,221105
1773817200,373.55,373.9,373.5,373.7,102291
1773817500,373.6,374.1,373.25,373.6,132867
1773817800,373.65,373.95,373.4,373.7,182369
1773818100,373.8,373.9,373.2,373.75,249995
1773818400,373.75,374.1,373.35,373.55,237181
1773818700,373.55,373.8,373.2,373.35,152838
1773819000,373.35,373.6,373.1,373.35,274078
1773819300,373.3,373.45,372.7,372.8,214176
1773819600,372.95,373.4,372.8,373.15,124122
1773819900,373.15,373.7,373.0,373.05,176016
1773820200,373.05,373.7,373.0,373.4,217280
1773820500,373.35,373.5,373.0,373.2,177195
1773820800,373.15,373.5,373.0,373.35,151513
1773821100,373.45,373.75,373.15,373.4,300759
1773821400,373.5,374.05,373.2,374.05,161584
1773821700,374.2,374.2,373.45,373.8,218346
1773822000,373.75,374.9,373.6,374.8,427236
1773822300,374.85,375.7,374.8,375.3,285998
1773822600,375.3,376.1,375.3,375.7,195102
1773822900,375.7,375.9,375.2,375.45,155956
1773823200,375.5,375.95,375.35,375.45,160355
1773823500,375.45,376.95,375.3,376.5,245313
1773823800,376.5,376.85,376.25,376.4,384960
1773824100,376.5,376.7,375.85,375.85,161390
1773824400,376.0,376.1,375.25,375.3,132183
1773824700,375.4,375.85,375.25,375.4,181628
1773825000,375.45,375.55,374.9,375.15,156077
1773825300,375.15,375.65,375.0,375.35,156881
1773825600,375.3,375.6,375.0,375.2,125943
1773825900,375.1,375.4,375.1,375.25,145690
1773826200,375.55,375.85,375.15,375.75,417934
1773826500,375.75,376.25,375.55,375.85,286849
1773826800,375.8,375.8,375.3,375.4,305461
1773827100,375.35,375.45,375.2,375.3,306313
1773827400,375.3,375.35,374.65,374.8,466720
1773827700,374.9,375.5,374.8,375.15,301138
1773891900,366.15,370.15,365.5,366.75,1252925
1773892200,366.7,367.75,366.3,367.75,273947
1773892500,367.75,367.8,366.5,366.6,169811
1773892800,366.6,366.65,365.25,365.55,185880
1773893100,365.5,366.6,365.2,365.5,203752
1773893400,365.45,366.15,365.45,365.85,143472
1773893700,365.95,365.95,364.9,365.2,175705
1773894000,365.2,365.2,363.85,364.15,219269
1773894300,364.2,364.8,364.0,364.4,152443
1773894600,364.55,365.0,364.2,364.9,88476
1773894900,364.9,365.25,364.7,364.95,126376
1773895200,364.8,364.95,364.05,364.4,82435
1773895500,364.35,364.35,363.35,363.85,171025
1773895800,363.75,365.1,363.75,365.0,292336
1773896100,365.0,365.55,365.0,365.3,108763
1773896400,365.35,366.05,365.2,365.3,129967
1773896700,365.2,366.1,364.7,366.0,369172
1773897000,365.95,366.45,365.75,366.25,93322
1773897300,366.35,366.4,365.85,365.95,100433
1773897600,365.8,367.2,365.8,367.05,154348
1773897900,367.05,367.1,366.4,366.7,125163
1773898200,366.65,367.05,366.55,367.0,142359
1773898500,366.95,367.75,366.85,367.55,162295
1773898800,367.55,367.9,367.05,367.4,190529
1773899100,367.4,368.1,367.0,368.1,254422
1773899400,368.1,368.5,367.65,368.5,154189
1773899700,368.4,368.6,368.1,368.3,206919
1773900000,368.3,368.6,368.15,368.6,131204
1773900300,368.6,368.95,368.35,368.9,77649
1773900600,368.9,369.15,368.4,368.8,257482
1773900900,368.75,369.1,368.4,368.6,164203
1773901200,368.75,369.1,368.45,369.05,279897
1773901500,369.0,369.05,368.55,368.85,126975
1773901800,368.8,369.15,368.5,368.65,132758
1773902100,368.6,368.95,368.15,368.5,143982
1773902400,368.5,369.35,368.5,369.3,110422
1773902700,369.25,369.75,369.1,369.65,76852
1773903000,369.6,369.65,369.25,369.3,90210
1773903300,369.3,369.65,369.2,369.55,96295
1773903600,369.55,369.75,369.0,369.55,107238
1773903900,369.55,370.0,369.35,369.8,67072
1773904200,369.8,369.85,369.2,369.7,264761
1773904500,369.7,369.9,369.35,369.8,89916
1773904800,369.75,369.9,368.95,369.5,127489
1773905100,369.65,369.9,369.45,369.55,75037
1773905400,369.7,369.9,369.25,369.35,95929
1773905700,369.35,369.4,368.85,368.95,96853
1773906000,368.65,369.35,368.35,368.4,162274
1773906300,368.5,368.85,368.3,368.8,98518
1773906600,368.8,369.0,368.4,368.65,118718
1773906900,368.6,368.7,368.0,368.05,176926
1773907200,368.1,368.65,368.05,368.3,141327
1773907500,368.4,368.9,368.05,368.8,106304
1773907800,368.8,369.15,368.65,369.0,237195
1773908100,368.85,369.4,368.85,369.3,148267
1773908400,369.3,369.45,369.0,369.35,136178
1773908700,369.4,369.4,368.45,368.7,190019
1773909000,368.8,369.1,368.2,368.65,159752
1773909300,368.5,368.8,368.4,368.45,341503
1773909600,368.45,368.65,368.2,368.6,358547
1773909900,368.55,369.3,368.25,369.05,131821
1773910200,369.05,369.55,368.75,369.5,224713
1773910500,369.55,369.6,368.8,368.9,480809
1773910800,368.85,369.4,368.85,369.35,205886
1773911100,369.25,369.9,369.15,369.3,291659
1773911400,369.35,369.5,368.65,369.15,274301
1773911700,369.15,369.4,368.7,369.0,764364
1773912000,369.0,369.15,368.2,368.45,245024
1773912300,368.45,368.5,366.35,366.45,835830
1773912600,366.5,368.45,366.5,368.25,489171
1773912900,368.25,368.25,366.6,366.95,452258
1773913200,367.0,368.1,366.75,367.6,549647
1773913500,367.55,368.5,367.5,368.4,306351
1773913800,368.4,369.15,368.4,369.0,607756
1773914100,369.05,370.0,368.0,370.0,681011
1773978300,368.6,372.6,367.65,370.7,514920
1773978600,371.0,371.0,368.9,369.0,330657
1773978900,369.0,369.0,368.4,368.85,186096
1773979200,368.8,369.95,368.5,369.8,185495
1773979500,369.8,369.8,368.15,368.25,161320
1773979800,368.25,368.8,367.8,368.1,194448
1773980100,368.05,368.95,367.75,368.6,133300
1773980400,368.7,369.0,368.2,368.25,56092
1773980700,368.25,369.4,368.2,369.35,108925
1773981000,369.35,369.45,368.75,369.3,86100
1773981300,369.2,369.35,368.85,369.0,48142
1773981600,369.0,369.3,368.9,369.15,103786
1773981900,369.15,369.25,368.5,369.2,146929
1773982200,368.9,369.45,368.8,369.25,96845
1773982500,369.25,369.5,369.0,369.4,65442
1773982800,369.4,370.7,369.35,370.2,111969
1773983100,370.2,370.6,370.0,370.5,65469
1773983400,370.45,371.0,370.45,370.85,94220
1773983700,370.85,371.25,370.65,371.15,75374
1773984000,371.15,371.9,371.0,371.35,229210
1773984300,371.3,371.35,370.25,371.1,168801
1773984600,371.1,371.1,370.3,370.35,220669
1773984900,370.3,371.1,370.2,370.95,319416
1773985200,371.0,371.55,370.35,371.2,272198
1773985500,371.1,372.1,370.95,371.4,296521
1773985800,371.4,371.7,370.9,371.2,133992
1773986100,371.25,371.4,371.0,371.3,58045
1773986400,371.4,371.75,371.1,371.1,69111
1773986700,371.1,372.0,371.0,371.55,196282
1773987000,371.55,371.95,371.0,371.3,409653
1773987300,371.3,371.55,370.75,370.9,51499
1773987600,370.85,371.0,370.3,370.65,84614
1773987900,370.55,370.65,369.9,370.3,91042
1773988200,370.3,370.6,369.9,370.2,832951
1773988500,370.25,370.65,370.05,370.1,76656
1773988800,370.15,370.25,369.55,369.95,107780
1773989100,369.95,369.95,368.65,368.8,481809
1773989400,368.8,369.0,368.3,368.45,201626
1773989700,368.5,368.7,367.5,367.95,294569
1773990000,367.9,368.0,367.15,367.85,101820
1773990300,367.85,368.45,367.75,368.2,85052
1773990600,368.2,368.75,368.05,368.35,61876
1773990900,368.35,368.7,368.25,368.55,77435
1773991200,368.45,368.8,368.25,368.65,122722
1773991500,368.6,369.2,368.5,368.65,93751
1773991800,368.55,368.9,368.2,368.9,107614
1773992100,368.95,369.55,368.75,369.15,123482
1773992400,369.05,369.05,368.7,368.75,58583
1773992700,368.7,369.5,368.7,369.1,100691
1773993000,369.15,369.35,368.85,369.05,75859
1773993300,369.1,369.5,368.9,369.1,112555
1773993600,369.1,369.4,368.8,368.85,152574
1773993900,368.95,369.15,368.75,369.0,129527
1773994200,368.95,369.05,368.45,368.45,81734
1773994500,368.45,368.45,367.8,367.8,104002
1773994800,367.7,368.35,367.6,368.15,185107
1773995100,368.2,368.5,367.85,368.0,78689
1773995400,368.05,369.05,367.7,368.95,147641
1773995700,369.0,369.15,368.5,368.8,72627
1773996000,368.75,368.85,368.35,368.45,64698
1773996300,368.6,368.6,368.15,368.4,84555
1773996600,368.4,368.4,367.5,367.8,111848
1773996900,367.85,367.85,367.35,367.65,151997
1773997200,367.6,368.1,367.55,367.85,172335
1773997500,367.9,368.35,367.3,367.7,260046
1773997800,367.7,368.0,366.55,366.85,194809
1773998100,366.7,367.3,366.55,367.1,153882
1773998400,367.1,367.35,366.05,366.15,200314
1773998700,366.1,366.8,365.95,366.7,198193
1773999000,366.6,368.8,365.8,367.35,1196356
1773999300,367.35,367.85,366.9,367.45,1028021
1773999600,367.35,367.8,366.1,366.8,1156835
1773999900,366.75,366.95,365.85,366.0,1033366
1774000200,366.0,366.45,365.6,365.6,847360
1774000500,365.65,367.05,365.4,367.0,734384
1774237500,364.85,364.9,359.2,360.4,795346
1774237800,360.3,360.85,359.75,359.9,205639
1774238100,359.7,361.4,359.7,361.2,118631
1774238400,361.1,361.55,360.5,360.65,157282
1774238700,360.65,361.7,360.6,361.15,114253
1774239000,361.15,361.65,360.9,361.65,174572
1774239300,361.65,361.95,360.45,361.5,243684
1774239600,361.5,361.5,360.3,360.5,298711
1774239900,360.5,360.55,358.7,358.75,158873
1774240200,358.75,359.3,358.55,359.2,121473
1774240500,359.2,360.0,359.15,359.3,80227
1774240800,359.2,359.3,358.85,359.05,99593
1774241100,359.1,360.0,359.05,359.25,50836
1774241400,359.25,359.6,359.1,359.3,57493
1774241700,359.4,359.4,357.8,358.0,87038
1774242000,358.0,358.35,357.9,358.05,66575
1774242300,358.05,359.2,357.95,359.0,297369
1774242600,359.15,359.55,358.75,359.45,118097
1774242900,359.4,359.8,359.0,359.15,403675
1774243200,359.15,359.15,357.65,358.3,514242
1774243500,358.3,358.35,357.6,358.2,192301
1774243800,357.6,357.85,356.85,357.45,269195
1774244100,357.25,358.65,357.25,358.15,227384
1774244400,358.15,359.3,358.1,359.3,64922
1774244700,359.3,359.6,358.95,359.6,69017
1774245000,359.6,359.8,358.9,359.3,51349
1774245300,359.3,359.4,359.05,359.35,77648
1774245600,359.3,359.5,358.4,358.4,64493
1774245900,358.45,358.5,357.9,358.45,88094
1774246200,358.4,358.8,358.0,358.15,55941
1774246500,358.15,358.65,358.1,358.6,48114
1774246800,358.75,359.4,358.55,359.15,58576
1774247100,359.2,359.5,358.8,358.95,110813
1774247400,358.9,359.4,358.55,359.2,81319
1774247700,359.25,359.25,358.75,359.15,86661
1774248000,359.2,359.5,358.85,358.9,52991
1774248300,358.8,359.35,358.8,359.25,76677
1774248600,359.25,359.3,358.7,358.75,104048
1774248900,358.7,359.7,358.65,359.65,90535
1774249200,359.6,359.7,359.25,359.65,67148
1774249500,359.65,360.7,359.65,360.3,103468
1774249800,360.3,360.85,360.2,360.6,94058
1774250100,360.6,361.65,360.35,361.2,104604
1774250400,361.25,361.35,360.05,360.2,85081
1774250700,360.2,360.55,359.4,359.65,146837
1774251000,359.65,360.15,359.35,360.0,87242
1774251300,360.0,360.8,359.85,360.2,78871
1774251600,360.2,360.35,359.3,359.5,108395
1774251900,359.6,360.3,359.3,359.65,112720
1774252200,359.65,360.15,359.1,359.45,95988
1774252500,359.4,359.95,359.05,359.2,132765
1774252800,359.15,359.75,359.15,359.4,231781
1774253100,359.5,359.75,359.3,359.45,105183
1774253400,359.35,360.25,359.25,360.05,173192
1774253700,360.2,360.45,359.65,359.95,244546
1774254000,360.0,360.35,359.35,359.65,262036
1774254300,359.75,360.35,359.35,360.0,440123
1774254600,359.95,361.45,359.75,361.1,294548
1774254900,361.0,361.25,359.85,360.3,343012
1774255200,360.3,360.6,359.95,360.45,228373
1774255500,360.45,360.9,360.2,360.5,217920
1774255800,360.45,361.2,360.3,360.6,198553
1774256100,360.6,360.85,359.85,360.05,281189
1774256400,360.05,360.05,357.3,357.3,410636
1774256700,357.4,359.0,357.4,358.25,321885
1774257000,358.2,359.1,357.55,358.95,514649
1774257300,359.0,359.0,358.1,358.75,302788
1774257600,358.8,359.85,358.8,359.0,270632
1774257900,358.95,359.05,357.75,358.3,504961
1774258200,358.3,358.3,356.4,356.7,819077
1774258500,356.7,357.3,356.2,357.0,990826
1774258800,356.9,357.05,356.05,356.3,647887
1774259100,356.25,356.75,355.65,356.45,759597
1774259400,356.45,356.9,356.2,356.25,774865
1774259700,355.85,357.5,355.25,357.5,363742
1774323900,363.0,364.55,361.4,362.75,688874
1774324200,362.75,363.45,362.05,363.2,121125
1774324500,363.2,364.9,363.05,364.6,81690
1774324800,364.5,365.3,363.75,364.15,93853
1774325100,364.1,364.6,363.65,364.2,175072
1774325400,364.25,365.0,364.0,364.75,123629
1774325700,364.85,365.05,363.5,364.15,226885
1774326000,364.15,365.1,363.9,364.5,93750
1774326300,364.5,365.75,364.3,365.75,340965
1774326600,365.75,366.3,364.95,365.15,229533
1774326900,365.2,365.55,364.05,364.35,173778
1774327200,364.45,365.0,364.25,364.6,109071
1774327500,364.6,366.4,364.45,365.85,157079
1774327800,365.95,367.45,365.4,366.95,202235
1774328100,367.1,367.65,366.65,367.4,269188
1774328400,367.35,367.35,365.6,365.7,210983
1774328700,365.4,365.9,364.6,364.75,165441
1774329000,364.75,364.85,363.65,364.4,151132
1774329300,364.45,365.95,364.4,365.0,134098
1774329600,365.0,365.5,364.1,364.5,328032
1774329900,364.5,364.7,363.45,363.65,298383
1774330200,363.55,364.3,363.55,364.25,134698
1774330500,364.2,364.85,364.0,364.6,114136
1774330800,364.6,365.2,364.1,364.4,266736
1774331100,364.4,365.4,363.9,365.05,181965
1774331400,365.05,365.35,363.9,364.25,696547
1774331700,364.45,365.85,364.25,365.7,162421
1774332000,365.65,366.15,365.6,365.85,79116
1774332300,365.85,366.0,364.85,365.25,120046
1774332600,365.2,365.45,364.8,365.15,112938
1774332900,365.25,365.7,364.25,364.3,90465
1774333200,364.55,365.8,364.55,365.55,181602
1774333500,365.55,366.65,365.55,366.1,168631
1774333800,366.15,366.25,365.5,365.85,321506
1774334100,365.85,365.9,365.5,365.6,159640
1774334400,365.55,366.0,364.45,364.65,287707
1774334700,364.75,364.75,363.9,364.2,94193
1774335000,364.2,366.05,363.75,366.05,95269
1774335300,366.05,366.7,364.75,365.1,134075
1774335600,365.05,366.65,365.0,366.6,77975
1774335900,366.6,368.0,366.45,367.95,211245
1774336200,368.25,369.0,367.65,368.4,170813
1774336500,368.35,369.9,368.3,369.45,127033
1774336800,369.5,370.35,369.05,369.7,198836
1774337100,369.55,369.65,368.2,368.55,122293
1774337400,368.65,368.75,367.65,368.05,231945
1774337700,368.05,368.55,367.55,367.9,130815
1774338000,367.9,369.15,367.75,369.1,100788
1774338300,369.15,369.45,368.45,368.85,146961
1774338600,368.85,369.35,368.45,369.2,123719
1774338900,369.2,370.0,369.0,369.8,147461
1774339200,369.8,370.4,369.5,369.8,465807
1774339500,369.8,370.6,369.7,370.45,303007
1774339800,370.5,370.95,370.0,370.4,299802
1774340100,370.4,370.7,367.95,367.95,646634
1774340400,367.95,369.0,367.9,368.35,922218
1774340700,368.35,368.55,367.95,368.3,125339
1774341000,368.25,369.0,367.7,368.2,133181
1774341300,368.3,368.65,368.1,368.25,162149
1774341600,368.35,369.1,368.3,368.75,141877
1774341900,368.75,369.95,368.5,368.5,176690
1774342200,368.55,368.95,367.6,368.5,193307
1774342500,368.5,368.9,368.1,368.65,167633
1774342800,368.55,369.0,368.0,368.15,304241
1774343100,368.05,368.55,367.1,367.5,318783
1774343400,367.5,368.45,367.15,367.75,159000
1774343700,367.9,368.2,367.7,368.0,180474
1774344000,367.95,367.95,367.15,367.6,253594
1774344300,367.6,368.4,367.5,368.25,258888
1774344600,368.3,368.3,366.85,367.5,672159
1774344900,367.45,367.8,366.25,366.4,829599
1774345200,366.25,366.8,366.05,366.15,899697
1774345500,366.15,367.2,366.05,366.65,929555
1774345800,366.6,367.1,366.4,366.95,1040505
1774346100,366.9,368.6,366.9,368.6,637001
1774410300,368.95,373.35,368.95,372.95,424417
1774410600,373.05,375.65,373.05,375.55,295757
1774410900,375.45,375.9,374.0,374.1,411985
1774411200,374.15,374.15,372.7,373.7,268118
1774411500,373.6,373.9,373.0,373.8,190488
1774411800,373.75,375.75,373.6,375.55,210118
1774412100,375.55,376.7,374.6,374.9,663754
1774412400,374.9,375.6,374.25,375.45,266195
1774412700,375.25,375.7,374.75,375.65,332093
1774413000,375.65,376.1,374.35,375.6,462613
1774413300,375.65,375.8,374.85,375.5,463618
1774413600,375.7,376.45,375.3,376.3,109048
1774413900,376.45,377.0,375.55,376.4,336136
1774414200,376.4,376.85,375.0,375.6,231057
1774414500,375.55,375.9,375.2,375.9,125329
1774414800,375.85,376.0,375.15,375.3,106587
1774415100,375.2,375.7,375.0,375.4,241596
1774415400,375.45,376.45,375.2,376.3,105627
1774415700,376.25,376.5,375.85,375.85,82730
1774416000,376.0,376.25,375.45,376.15,117248
1774416300,376.1,376.35,375.85,376.35,181951
1774416600,376.2,377.4,376.2,376.9,458419
1774416900,377.0,377.7,376.5,377.35,568263
1774417200,377.25,378.0,376.8,376.95,611821
1774417500,376.9,377.1,374.3,374.45,503159
1774417800,374.5,374.6,371.15,371.6,953888
1774418100,371.6,372.45,371.35,371.9,520946
1774418400,371.95,372.1,371.0,371.05,937785
1774418700,371.05,371.55,363.0,365.7,2529037
1774419000,365.6,368.4,364.25,368.2,956790
1774419300,368.15,370.55,367.15,369.95,1379472
1774419600,369.75,371.05,369.3,370.0,721637
1774419900,370.05,370.15,368.5,369.3,536427
1774420200,369.25,369.35,367.55,368.95,557207
1774420500,369.0,369.7,368.2,369.45,255670
1774420800,369.45,370.5,369.1,370.45,272957
1774421100,370.5,370.6,368.1,368.2,782088
1774421400,368.3,369.0,368.0,368.85,363113
1774421700,368.7,369.3,368.15,368.95,424345
1774422000,368.95,370.55,368.5,369.85,360862
1774422300,369.85,369.95,367.75,368.1,267866
1774422600,368.1,368.4,367.25,367.5,313219
1774422900,367.4,367.6,365.7,366.15,453299
1774423200,366.15,366.25,364.6,364.85,281538
1774423500,364.8,365.05,363.9,364.0,490930
1774423800,364.0,365.75,363.75,365.55,659623
1774424100,365.45,365.6,364.5,364.9,216816
1774424400,364.8,365.0,364.1,364.35,219832
1774424700,364.45,365.6,364.2,364.65,302998
1774425000,364.6,364.7,363.45,363.45,469462
1774425300,363.45,364.85,363.45,364.4,342415
1774425600,364.4,364.6,363.2,364.3,297266
1774425900,364.3,365.0,364.2,364.9,334185
1774426200,364.9,368.95,364.75,368.95,1558637
1774426500,368.85,370.8,368.8,370.4,1068284
1774426800,370.55,371.9,369.5,370.2,747348
1774427100,370.2,373.2,370.0,372.7,769548
1774427400,372.75,373.5,371.95,371.95,721332
1774427700,372.1,372.1,370.0,370.6,2820351
1774428000,370.6,370.8,369.8,370.25,577558
1774428300,370.15,370.85,370.15,370.35,340651
1774428600,370.45,370.9,369.2,369.7,577570
1774428900,369.75,370.35,369.25,370.05,486968
1774429200,369.95,370.55,369.35,369.85,375900
1774429500,369.85,370.9,369.6,370.35,1733585
1774429800,370.3,371.5,370.3,371.2,324043
1774430100,371.05,371.5,370.45,371.0,325499
1774430400,371.0,371.3,370.4,370.7,236166
1774430700,370.65,370.95,370.2,370.75,280988
1774431000,370.6,372.25,370.25,371.5,831379
1774431300,371.45,372.0,370.6,371.6,883650
1774431600,371.55,371.85,371.1,371.1,579647
1774431900,371.2,372.25,371.1,371.45,821436
1774432200,371.4,371.5,370.8,371.0,929432
1774432500,371.0,371.3,370.0,370.4,1423558
1774583100,367.55,368.85,364.75,366.4,814639
1774583400,366.05,366.8,365.35,365.35,236497
1774583700,365.4,365.95,364.6,365.8,184670
1774584000,365.75,366.0,365.0,365.25,171034
1774584300,365.3,365.95,364.55,364.6,207572
1774584600,364.9,365.3,364.4,364.8,472570
1774584900,364.7,365.35,364.3,364.85,211934
1774585200,364.75,365.05,363.85,364.45,151734
1774585500,364.55,364.6,364.05,364.3,120149
1774585800,364.3,364.35,363.65,364.05,177433
1774586100,364.05,364.05,363.15,363.6,148957
1774586400,363.6,363.7,363.0,363.25,88557
1774586700,363.25,363.45,362.85,363.25,76154
1774587000,363.25,364.0,363.05,363.85,85220
1774587300,363.75,364.25,362.9,364.2,208612
1774587600,364.15,364.6,363.75,364.0,192024
1774587900,364.05,364.9,364.0,364.85,134843
1774588200,364.85,364.85,363.65,363.9,103425
1774588500,363.8,364.2,363.4,363.8,151149
1774588800,363.8,364.0,362.85,363.0,212152
1774589100,362.85,363.25,362.7,363.0,145680
1774589400,362.95,363.55,362.5,362.75,218824
1774589700,362.9,364.25,362.6,363.9,803314
1774590000,363.85,364.25,363.45,364.0,478551
1774590300,363.9,364.25,363.35,363.55,247727
1774590600,363.4,363.8,362.8,363.3,238005
1774590900,363.3,364.15,363.15,363.3,322888
1774591200,363.3,363.85,362.7,363.45,485842
1774591500,363.3,364.0,363.3,363.8,140996
1774591800,363.8,364.5,363.65,364.25,155792
1774592100,364.25,365.35,364.2,365.15,252442
1774592400,365.15,365.8,365.0,365.75,110448
1774592700,365.7,365.75,365.05,365.05,280165
1774593000,365.05,365.15,364.25,364.75,157680
1774593300,364.8,365.4,364.7,365.0,166207
1774593600,365.05,365.15,364.55,364.7,124754
1774593900,364.65,364.7,363.95,364.3,143467
1774594200,364.4,364.8,364.1,364.7,94560
1774594500,364.8,365.7,364.65,365.65,78117
1774594800,365.55,365.65,364.85,365.05,64982
1774595100,365.1,365.25,364.7,365.0,56915
1774595400,365.0,365.45,364.95,365.2,75674
1774595700,365.05,365.2,364.8,364.85,79744
1774596000,364.8,365.5,364.65,365.2,85622
1774596300,365.25,365.5,364.85,365.0,108557
1774596600,365.0,365.05,364.6,364.65,130227
1774596900,364.75,365.0,364.65,364.8,104527
1774597200,364.8,365.35,364.65,365.0,97972
1774597500,365.0,365.7,364.9,365.05,113688
1774597800,365.1,365.4,364.85,365.2,163874
1774598100,365.15,365.55,365.0,365.05,91605
1774598400,365.05,365.05,364.1,364.5,217139
1774598700,364.35,364.45,363.65,363.95,207677
1774599000,363.9,364.4,363.8,363.9,189692
1774599300,363.9,364.65,363.75,364.3,609930
1774599600,364.35,365.4,364.25,364.75,456896
1774599900,364.75,364.95,364.4,364.6,295290
1774600200,364.55,364.9,364.3,364.5,144684
1774600500,364.5,364.7,364.3,364.6,896734
1774600800,364.6,364.75,364.15,364.65,338184
1774601100,364.6,364.7,364.0,364.15,304382
1774601400,364.15,364.45,364.1,364.3,260223
1774601700,364.2,364.25,363.65,364.1,263286
1774602000,364.15,364.15,363.4,363.65,238709
1774602300,363.7,364.25,363.45,363.8,563230
1774602600,363.9,364.5,363.6,364.35,410327
1774602900,364.25,364.45,363.8,364.1,349197
1774603200,364.1,364.6,363.95,364.25,416900
1774603500,364.25,364.7,364.1,364.35,363013
1774603800,364.55,366.35,364.3,366.15,2695764
1774604100,366.1,366.6,365.7,366.15,2172454
1774604400,366.2,367.05,366.1,366.85,2481316
1774604700,366.75,366.9,365.85,366.4,1839808
1774605000,366.35,366.9,366.15,366.25,1866108
1774605300,366.2,367.0,364.0,364.45,1273536
1774842300,361.0,362.95,352.95,354.8,2843332
1774842600,354.8,354.8,351.7,353.55,875276
1774842900,353.55,355.2,353.0,354.6,575000
1774843200,354.6,356.25,354.05,356.2,361623
1774843500,356.15,357.0,355.25,356.0,282494
1774843800,356.0,356.25,354.65,355.0,655708
1774844100,355.25,355.9,353.6,353.85,278184
1774844400,353.8,354.35,352.75,352.75,366540
1774844700,352.9,353.75,352.3,353.5,269394
1774845000,353.55,355.7,352.55,355.35,521073
1774845300,355.35,355.5,353.6,353.9,204406
1774845600,353.9,354.25,352.8,354.2,410812
1774845900,354.2,354.3,353.2,353.3,110158
1774846200,353.3,353.65,352.9,353.4,194091
1774846500,353.4,353.65,352.9,353.05,194901
1774846800,353.0,353.0,351.65,352.85,642055
1774847100,352.9,353.3,352.5,353.3,224813
1774847400,353.2,353.5,352.65,352.9,276610
1774847700,352.9,353.25,352.45,353.2,170588
1774848000,353.2,353.3,352.7,352.75,118714
1774848300,352.75,353.1,352.45,352.55,151790
1774848600,352.5,353.3,352.5,353.1,153759
1774848900,353.1,353.3,352.6,352.65,231797
1774849200,352.8,353.0,352.3,352.85,214871
1774849500,352.75,352.95,352.5,352.85,141873
1774849800,352.75,353.65,352.65,353.35,248094
1774850100,353.35,353.4,352.8,353.35,366942
1774850400,353.35,355.05,353.15,355.05,516600
1774850700,355.0,355.05,354.15,354.9,434899
1774851000,354.75,355.15,354.7,354.85,204420
1774851300,354.85,355.05,354.2,354.95,519965
1774851600,354.95,355.65,354.8,355.55,918448
1774851900,355.6,356.35,355.3,356.15,308501
1774852200,356.15,356.95,356.0,356.75,442280
1774852500,356.75,357.3,356.45,357.2,1001921
1774852800,357.15,358.3,357.1,358.0,360128
1774853100,358.0,358.05,357.3,357.85,177100
1774853400,357.85,358.5,357.55,357.7,304021
1774853700,357.9,358.05,357.4,357.95,528896
1774854000,358.0,358.0,357.3,357.8,608804
1774854300,357.75,358.65,357.5,358.5,173829
1774854600,358.5,358.7,358.1,358.4,116275
1774854900,358.35,358.5,357.9,358.2,119490
1774855200,357.95,358.35,357.55,358.05,291992
1774855500,358.05,358.05,357.45,357.7,259512
1774855800,357.7,357.7,356.05,356.8,551535
1774856100,356.6,356.8,356.2,356.3,152475
1774856400,356.3,357.0,355.95,356.6,369171
1774856700,356.6,356.65,355.8,356.1,257527
1774857000,356.15,356.45,355.9,356.0,169021
1774857300,356.0,356.3,355.55,356.0,524811
1774857600,356.0,356.55,355.85,356.5,466283
1774857900,356.4,356.9,354.55,355.2,979799
1774858200,355.15,355.6,354.5,355.4,411508
1774858500,355.55,355.7,354.95,355.45,286490
1774858800,355.45,355.65,355.05,355.5,401041
1774859100,355.4,355.75,355.0,355.1,252450
1774859400,355.1,355.55,354.9,355.15,390293
1774859700,355.15,355.5,355.0,355.4,580891
1774860000,355.3,356.25,355.1,355.95,1318845
1774860300,355.95,356.55,355.9,356.4,274768
1774860600,356.4,356.7,354.85,355.05,441398
1774860900,354.9,355.35,354.9,355.15,191370
1774861200,355.0,355.65,354.9,355.35,266537
1774861500,355.35,355.4,354.75,355.15,434489
1774861800,355.15,355.9,355.05,355.45,312305
1774862100,355.4,355.9,355.0,355.25,494765
1774862400,355.25,355.65,354.6,354.8,323690
1774862700,354.8,355.3,354.5,354.75,552287
1774863000,354.75,356.05,352.8,352.9,2357148
1774863300,352.95,353.1,352.15,352.8,1684484
1774863600,352.75,353.75,352.7,353.55,1552229
1774863900,353.55,353.95,353.35,353.55,1535021
1774864200,353.55,354.15,352.85,353.55,2144744
1774864500,353.5,353.95,352.05,353.0,1619017
1775015100,363.8,364.05,358.9,363.55,684165
1775015400,363.5,363.9,361.8,362.1,313266
1775015700,362.1,363.15,361.9,362.95,135555
1775016000,362.95,362.95,360.8,361.15,140887
1775016300,361.1,361.1,360.25,360.45,111223
1775016600,360.25,361.2,360.15,360.15,64231
1775016900,360.05,360.55,359.85,360.3,92255
1775017200,360.25,360.95,360.2,360.65,65845
1775017500,360.5,360.7,359.4,359.45,239367
1775017800,359.6,360.85,359.45,360.7,129360
1775018100,360.7,360.75,359.95,360.45,245910
1775018400,360.3,360.7,359.8,360.35,298320
1775018700,360.35,360.5,359.7,359.9,415267
1775019000,359.9,359.9,358.3,358.4,150695
1775019300,358.45,358.45,357.35,358.3,195130
1775019600,358.5,358.5,357.3,357.35,113671
1775019900,357.4,357.75,357.15,357.7,119554
1775020200,357.6,358.55,357.6,358.2,85959
1775020500,358.15,358.3,357.7,357.9,157779
1775020800,357.85,358.85,357.85,358.15,135213
1775021100,358.1,358.2,356.85,357.15,482471
1775021400,357.1,357.35,356.7,357.2,154684
1775021700,357.3,357.8,357.05,357.4,76855
1775022000,357.35,358.0,357.2,358.0,126629
1775022300,358.0,358.1,357.2,357.5,130909
1775022600,357.5,358.5,357.4,358.45,138612
1775022900,358.45,358.8,358.0,358.7,265307
1775023200,358.7,360.4,358.45,359.65,1553500
1775023500,359.5,359.85,359.2,359.5,174276
1775023800,359.5,359.65,359.05,359.05,62626
1775024100,358.9,359.1,357.9,358.2,136965
1775024400,358.3,358.65,357.35,357.6,426608
1775024700,357.55,358.2,357.5,357.95,317194
1775025000,357.95,359.45,357.9,359.25,271256
1775025300,359.3,359.8,358.8,359.05,1095312
1775025600,359.0,359.3,358.35,359.0,444411
1775025900,359.05,359.55,358.5,358.8,262136
1775026200,358.8,359.05,358.45,358.6,361475
1775026500,358.55,358.8,358.4,358.75,358903
1775026800,358.85,359.85,358.8,359.3,239910
1775027100,359.25,359.85,359.2,359.55,219072
1775027400,359.55,360.0,359.55,359.85,80671
1775027700,359.9,360.3,359.05,359.15,180798
1775028000,359.15,359.9,358.9,359.65,222379
1775028300,359.55,359.85,359.2,359.25,281520
1775028600,359.3,359.85,358.9,359.5,226480
1775028900,359.55,360.0,359.35,359.7,171809
1775029200,359.7,360.25,359.25,360.05,227075
1775029500,360.05,360.6,359.3,359.3,208204
1775029800,359.3,359.55,358.6,358.85,246218
1775030100,358.75,358.85,358.05,358.5,204527
1775030400,358.5,358.5,357.45,357.75,226381
1775030700,357.6,358.15,357.3,357.75,236839
1775031000,357.75,357.75,355.3,356.05,376965
1775031300,355.9,356.4,355.35,356.05,334576
1775031600,356.05,356.4,355.8,356.0,222210
1775031900,355.8,356.3,355.6,355.7,185526
1775032200,355.8,356.5,355.5,356.4,212641
1775032500,356.35,356.65,355.9,356.4,316200
1775032800,356.6,357.2,356.35,356.9,312494
1775033100,356.85,357.2,356.4,357.0,257172
1775033400,357.0,357.05,356.5,356.65,295422
1775033700,356.55,357.8,356.5,357.65,333031
1775034000,357.6,357.7,356.5,356.6,256757
1775034300,356.6,356.7,355.8,356.15,312877
1775034600,356.05,356.5,355.7,356.05,188361
1775034900,355.95,356.25,355.15,355.45,322647
1775035200,355.5,356.05,355.2,355.85,212399
1775035500,355.75,356.4,355.7,356.15,193361
1775035800,356.3,356.9,355.9,356.25,457773
1775036100,356.2,356.45,356.15,356.4,272339
1775036400,356.4,356.5,356.05,356.05,450564
1775036700,356.15,356.2,355.6,355.6,438179
1775037000,355.5,356.0,355.5,355.95,461182
1775037300,355.9,356.4,355.0,355.4,561649
1775101500,350.3,351.75,346.6,347.65,765825
1775101800,347.45,347.65,346.75,347.05,289461
1775102100,347.1,347.45,346.4,347.1,344051
1775102400,347.15,347.4,346.7,347.4,243438
1775102700,347.35,348.65,347.2,347.45,207562
1775103000,347.55,347.65,346.3,346.5,211333
1775103300,346.4,347.0,346.25,346.65,312713
1775103600,346.5,346.65,345.8,345.85,203284
1775103900,346.0,346.6,345.5,346.1,236936
1775104200,346.05,346.5,345.95,346.5,299994
1775104500,346.5,347.3,346.25,347.3,214917
1775104800,347.35,348.8,347.25,348.65,215885
1775105100,348.55,349.0,347.75,348.0,198494
1775105400,347.95,348.85,347.95,348.2,158031
1775105700,348.2,348.7,348.1,348.25,125244
1775106000,348.25,348.45,347.55,347.8,145397
1775106300,347.75,348.65,347.55,348.45,197501
1775106600,348.4,349.15,348.15,348.8,180766
1775106900,348.75,348.8,347.65,348.0,161310
1775107200,348.05,348.7,347.75,348.2,127131
1775107500,348.35,348.75,348.15,348.6,126742
1775107800,348.65,348.85,347.9,347.9,168308
1775108100,347.95,348.6,347.9,348.25,189987
1775108400,348.25,348.35,348.0,348.15,158723
1775108700,348.25,349.0,348.0,349.0,143813
1775109000,349.2,349.35,348.45,348.7,494035
1775109300,348.7,349.25,348.5,348.9,375716
1775109600,348.9,349.5,348.65,348.8,212338
1775109900,348.8,349.2,348.5,348.5,137914
1775110200,348.6,348.6,348.05,348.1,310322
1775110500,348.05,348.5,348.0,348.05,147568
1775110800,348.1,348.4,348.0,348.25,97149
1775111100,348.3,349.65,348.25,349.4,137174
1775111400,349.35,349.55,348.4,348.7,326816
1775111700,348.8,349.25,348.6,349.05,636670
1775112000,349.05,349.7,349.05,349.2,103413
1775112300,349.1,349.45,349.0,349.05,92033
1775112600,349.1,349.35,348.6,349.3,141786
1775112900,349.3,350.05,349.15,350.05,209703
1775113200,350.0,350.25,350.0,350.0,124602
1775113500,350.0,350.8,350.0,350.65,136584
1775113800,350.6,351.95,350.6,351.45,999483
1775114100,351.3,351.8,350.6,350.6,214826
1775114400,350.75,350.9,350.05,350.2,204571
1775114700,350.2,351.1,350.05,350.85,150090
1775115000,350.9,351.55,350.75,350.9,202844
1775115300,350.9,351.4,350.35,351.25,106715
1775115600,351.35,351.35,350.7,350.9,81185
1775115900,350.9,351.6,350.55,351.3,112312
1775116200,351.4,352.0,351.2,351.9,137141
1775116500,351.95,352.8,351.35,352.75,150850
1775116800,352.65,352.85,352.1,352.6,111830
1775117100,352.5,353.0,351.9,352.9,150107
1775117400,352.9,354.0,352.9,353.85,152473
1775117700,353.75,354.4,353.6,354.0,204939
1775118000,354.0,354.5,353.85,353.95,237367
1775118300,354.0,354.0,352.9,353.6,182126
1775118600,353.6,354.5,353.45,354.4,138009
1775118900,354.4,354.95,354.0,354.5,602255
1775119200,354.7,356.4,354.5,356.2,543499
1775119500,356.2,357.55,356.0,356.55,418765
1775119800,356.55,356.7,355.5,356.5,285053
1775120100,356.5,356.7,356.0,356.35,363425
1775120400,356.3,357.0,356.0,356.9,267746
1775120700,356.8,356.9,354.65,354.8,402535
1775121000,354.8,355.1,353.9,354.95,476807
1775121300,354.9,355.75,354.35,355.7,437855
1775121600,355.75,356.6,355.35,355.85,389076
1775121900,355.9,356.05,355.0,355.8,642325
1775122200,355.85,357.6,355.75,357.55,715541
1775122500,357.55,359.85,357.1,359.4,824563
1775122800,359.5,359.6,358.25,358.65,771045
1775123100,358.8,359.4,357.8,358.0,698721
1775123400,358.0,358.2,357.35,357.55,778197
1775123700,357.55,359.05,357.1,357.8,545744
1775447100,358.0,358.35,351.3,351.8,744036
1775447400,351.8,352.25,350.2,350.55,686486
1775447700,350.55,351.65,350.1,350.4,436527
1775448000,350.5,354.35,350.35,354.1,422994
1775448300,354.0,355.05,353.9,354.5,259778
1775448600,354.55,354.75,352.1,352.3,667992
1775448900,352.3,352.75,352.05,352.25,270246
1775449200,352.25,352.3,351.0,351.05,361375
1775449500,351.2,351.7,350.9,351.1,110346
1775449800,351.1,351.45,350.7,351.05,88599
1775450100,351.25,352.45,351.2,352.0,93927
1775450400,352.15,352.7,351.8,352.5,255675
1775450700,352.45,353.1,352.2,352.85,157676
1775451000,352.85,353.7,352.85,353.3,88887
1775451300,353.15,353.45,352.0,352.8,124075
1775451600,352.75,352.8,352.0,352.35,92225
1775451900,352.3,352.95,352.15,352.75,62695
1775452200,352.7,352.8,351.45,352.4,110228
1775452500,352.4,352.65,352.05,352.35,58178
1775452800,352.35,352.5,351.8,352.0,123410
1775453100,352.05,353.05,351.9,352.75,359430
1775453400,352.65,352.85,351.8,352.1,158453
1775453700,351.95,352.2,351.3,351.75,400302
1775454000,351.75,351.9,351.15,351.65,219968
1775454300,351.65,352.25,351.5,352.15,79073
1775454600,352.1,352.75,352.0,352.45,113830
1775454900,352.4,352.55,352.0,352.05,289175
1775455200,352.1,352.45,351.55,351.7,400125
1775455500,351.7,352.6,351.6,352.0,61243
1775455800,352.15,352.45,351.7,352.45,55581
1775456100,352.4,352.95,352.05,352.85,93213
1775456400,352.95,353.1,352.75,352.85,48867
1775456700,352.85,353.8,352.65,353.1,133135
1775457000,353.15,353.85,353.15,353.6,153197
1775457300,353.6,354.2,353.55,354.15,149840
1775457600,354.1,354.2,353.4,353.8,313680
1775457900,353.8,354.3,353.5,353.85,263342
1775458200,353.85,355.5,353.8,354.95,179985
1775458500,354.95,355.5,354.9,355.1,142172
1775458800,355.15,355.15,353.65,353.8,84885
1775459100,353.85,354.7,353.5,354.65,135363
1775459400,354.6,355.4,354.35,354.7,95456
1775459700,354.7,356.0,354.65,356.0,133519
1775460000,356.0,357.4,355.9,356.8,509724
1775460300,356.8,357.2,356.55,356.95,167248
1775460600,357.1,358.0,356.8,357.15,512286
1775460900,357.15,358.15,356.85,358.15,255794
1775461200,358.15,359.4,358.0,359.35,246971
1775461500,359.5,359.85,358.85,359.4,441909
1775461800,359.4,359.9,359.0,359.4,229637
1775462100,359.4,359.7,358.75,359.15,305326
1775462400,359.15,360.15,359.05,359.2,411787
1775462700,359.05,359.8,359.05,359.55,132571
1775463000,359.55,360.0,359.25,359.5,311871
1775463300,359.55,359.95,359.4,359.45,221327
1775463600,359.35,359.95,358.75,358.85,311158
1775463900,358.8,359.0,358.55,358.8,172663
1775464200,358.8,359.6,358.8,359.45,318157
1775464500,359.45,359.45,358.55,358.55,254358
1775464800,358.65,359.65,358.55,359.6,99083
1775465100,359.65,360.25,359.55,360.0,261178
1775465400,359.95,360.4,359.95,359.95,115009
1775465700,359.95,359.95,359.0,359.15,158936
1775466000,359.15,359.8,359.1,359.4,98983
1775466300,359.35,360.3,359.05,359.45,263246
1775466600,359.55,359.7,359.3,359.5,113218
1775466900,359.45,359.7,359.3,359.35,126622
1775467200,359.35,360.0,359.2,359.85,174325
1775467500,359.9,360.0,359.35,359.55,173681
1775467800,359.3,360.35,359.3,360.0,421249
1775468100,359.95,360.35,359.95,360.2,175862
1775468400,360.15,361.05,359.95,360.65,487748
1775468700,360.65,361.4,360.3,360.95,671628
1775469000,360.95,361.1,360.0,360.65,436980
1775469300,360.7,361.25,359.65,359.65,383690
1775533500,357.0,360.15,357.0,359.85,627861
1775533800,359.75,361.2,359.45,360.8,303238
1775534100,360.75,362.15,360.15,361.3,291064
1775534400,361.2,361.3,359.85,360.2,182049
1775534700,360.75,360.9,359.6,359.95,324995
1775535000,360.0,360.4,358.85,359.5,386612
1775535300,359.5,360.8,359.4,360.4,216620
1775535600,360.2,361.3,360.0,360.3,204605
1775535900,360.25,360.85,359.9,360.35,111364
1775536200,360.4,361.1,360.15,360.55,2724459
1775536500,360.55,360.95,360.15,360.45,58948
1775536800,360.35,360.75,360.15,360.6,41877
1775537100,360.6,361.3,358.25,358.6,133372
1775537400,358.55,360.7,358.55,359.95,403240
1775537700,360.0,360.15,359.05,359.65,962231
1775538000,359.5,360.0,359.25,359.45,95099
1775538300,359.4,359.6,359.15,359.45,53973
1775538600,359.35,360.4,359.35,360.0,179449
1775538900,360.1,360.1,359.2,359.5,131840
1775539200,359.5,359.55,358.5,358.7,177052
1775539500,358.7,358.95,357.75,357.95,244689
1775539800,357.9,358.65,357.45,358.55,746356
1775540100,358.55,359.4,358.25,359.15,440695
1775540400,359.15,359.45,358.75,358.95,291989
1775540700,358.95,359.5,358.65,359.3,157814
1775541000,359.3,359.95,359.0,359.55,224307
1775541300,359.7,360.2,359.4,360.0,349414
1775541600,359.85,360.05,359.7,360.0,303164
1775541900,359.95,360.8,359.75,360.4,139472
1775542200,360.4,360.7,360.0,360.45,132719
1775542500,360.4,360.6,360.0,360.45,70432
1775542800,360.35,360.75,360.2,360.65,39594
1775543100,360.7,361.6,360.55,361.55,132742
1775543400,361.6,361.6,360.15,360.2,101001
1775543700,360.3,360.8,360.05,360.7,344292
1775544000,360.55,360.7,359.8,360.25,72428
1775544300,360.25,360.7,359.95,360.35,395221
1775544600,360.35,360.35,359.9,360.1,53326
1775544900,360.05,360.35,359.85,360.2,48972
1775545200,360.2,360.6,360.2,360.45,42867
1775545500,360.45,360.6,360.15,360.4,99471
1775545800,360.55,360.65,360.25,360.35,48888
1775546100,360.4,360.4,360.0,360.25,56541
1775546400,360.2,360.4,359.7,359.9,62438
1775546700,359.75,360.1,359.0,359.2,243609
1775547000,359.1,359.25,358.25,358.8,83062
1775547300,358.95,359.25,358.5,358.95,201924
1775547600,359.0,359.95,358.9,359.6,72342
1775547900,359.8,360.05,359.55,360.05,46040
1775548200,359.95,359.95,359.35,359.6,62299
1775548500,359.6,359.65,359.15,359.65,48662
1775548800,359.6,361.0,359.6,360.65,273158
1775549100,360.6,361.0,360.4,360.95,88810
1775549400,361.0,361.5,360.75,361.5,145580
1775549700,361.5,361.9,360.7,361.05,92037
1775550000,360.95,361.5,360.3,361.05,140707
1775550300,361.05,361.1,359.5,359.95,355381
1775550600,360.0,360.75,360.0,360.55,298358
1775550900,360.6,360.85,360.0,360.4,149820
1775551200,360.65,360.8,360.05,360.55,136079
1775551500,360.55,360.9,360.3,360.7,106313
1775551800,360.65,361.15,360.45,360.85,132777
1775552100,360.85,361.25,360.7,361.05,92238
1775552400,361.05,362.0,361.05,361.55,181228
1775552700,361.55,361.65,360.55,360.7,325632
1775553000,360.8,361.8,360.75,361.5,395965
1775553300,361.55,361.9,361.1,361.2,98493
1775553600,361.3,362.05,361.1,362.05,266632
1775553900,362.05,362.55,362.0,362.25,671457
1775554200,362.1,363.0,362.1,363.0,1377643
1775554500,362.95,363.35,362.5,362.6,1219606
1775554800,362.5,363.15,362.0,362.6,1137431
1775555100,362.55,363.55,362.3,363.05,1194607
1775555400,363.25,363.85,363.1,363.6,1057808
1775555700,363.65,364.0,362.0,363.1,720983
1775619900,377.0,380.6,369.45,375.15,2688306
1775620200,375.3,375.6,373.3,374.2,381163
1775620500,374.15,374.4,373.05,374.15,440862
1775620800,374.15,374.7,373.35,373.35,654343
1775621100,373.45,373.8,373.15,373.4,342767
1775621400,373.5,375.0,373.5,375.0,280426
1775621700,375.0,375.0,373.75,373.8,165977
1775622000,373.85,374.6,373.8,374.6,231974
1775622300,374.55,374.65,373.6,373.75,197087
1775622600,373.75,374.75,373.4,373.7,463651
1775622900,373.7,374.15,373.4,373.5,308062
1775623200,373.5,373.55,372.45,373.15,806144
1775623500,373.15,374.15,372.9,374.0,638523
1775623800,373.85,374.05,373.0,373.2,442566
1775624100,373.2,374.5,373.2,374.4,815869
1775624400,374.35,375.25,373.95,374.9,723263
1775624700,374.8,375.65,374.75,375.4,270838
1775625000,375.45,375.7,374.9,375.45,868603
1775625300,375.45,376.6,375.45,376.4,585628
1775625600,376.45,377.65,376.4,377.5,244011
1775625900,377.5,377.9,377.0,377.3,639159
1775626200,377.2,377.75,376.75,376.85,369361
1775626500,376.8,377.45,376.6,377.35,161964
1775626800,377.35,378.0,377.25,377.9,186248
1775627100,377.9,377.95,376.9,377.35,204450
1775627400,377.25,377.6,377.15,377.35,169278
1775627700,377.35,377.5,376.35,376.5,264217
1775628000,376.55,376.55,375.45,376.05,192060
1775628300,376.2,376.6,375.55,375.7,297494
1775628600,375.7,376.0,375.6,375.6,183750
1775628900,375.55,376.35,375.5,375.95,504295
1775629200,375.95,376.0,375.15,375.15,293287
1775629500,375.35,375.75,375.15,375.5,289610
1775629800,375.5,375.6,375.05,375.3,115497
1775630100,375.3,376.35,375.25,375.85,751424
1775630400,375.95,376.15,375.45,375.6,133254
1775630700,375.5,375.9,375.5,375.5,94396
1775631000,375.6,375.95,375.5,375.55,124349
1775631300,375.5,375.65,375.0,375.2,189638
1775631600,375.2,375.55,374.95,375.55,155724
1775631900,375.4,376.05,375.4,375.7,153239
1775632200,375.6,376.65,375.6,376.45,232953
1775632500,376.45,376.85,376.15,376.65,148738
1775632800,376.5,377.0,376.3,376.95,148152
1775633100,376.85,378.8,376.7,378.55,627413
1775633400,378.55,378.7,377.8,378.05,236198
1775633700,378.0,378.25,377.75,377.85,106469
1775634000,377.9,378.0,377.05,377.35,116286
1775634300,377.35,377.55,376.8,376.9,139575
1775634600,376.95,377.25,376.55,376.9,193301
1775634900,376.95,377.25,376.55,377.0,173444
1775635200,377.0,378.0,376.9,378.0,160298
1775635500,378.0,378.5,377.75,378.2,265580
1775635800,378.2,378.2,377.0,377.0,181844
1775636100,377.0,377.55,376.95,377.15,424265
1775636400,377.15,377.4,376.95,377.05,172862
1775636700,377.15,377.5,377.05,377.45,111564
1775637000,377.35,377.65,377.2,377.5,188225
1775637300,377.4,378.3,377.3,377.95,178583
1775637600,377.95,378.95,377.65,378.75,836904
1775637900,378.75,379.5,378.65,379.25,769364
1775638200,379.25,380.2,379.0,380.1,411745
1775638500,380.1,380.5,378.3,378.85,683618
1775638800,378.85,379.1,378.5,378.8,97794
1775639100,378.8,380.1,378.6,379.75,411913
1775639400,379.8,380.45,379.65,379.9,258457
1775639700,379.85,381.0,379.85,380.25,465376
1775640000,380.1,380.35,379.85,380.2,346197
1775640300,380.2,380.5,379.9,380.45,105041
1775640600,380.4,381.15,379.5,380.3,884023
1775640900,380.35,381.0,380.1,380.45,861056
1775641200,380.25,380.9,380.0,380.25,712024
1775641500,380.2,380.25,379.95,380.0,613927
1775641800,380.05,380.25,379.75,380.0,860998
1775642100,380.1,380.1,378.6,379.5,735685
1775706300,377.0,378.55,376.3,378.25,364283
1775706600,378.2,378.7,377.6,378.1,262252
1775706900,378.05,378.15,377.25,377.7,67431
1775707200,377.65,377.8,376.7,376.8,157340
1775707500,376.9,377.2,376.2,376.7,96229
1775707800,376.9,377.7,376.85,377.65,143730
1775708100,377.55,377.85,376.3,376.5,70049
1775708400,376.5,376.75,376.0,376.5,57101
1775708700,376.5,376.8,376.25,376.7,55897
1775709000,376.7,377.65,376.25,377.45,240690
1775709300,377.45,377.8,376.9,377.3,125138
1775709600,377.2,377.95,376.95,377.45,93754
1775709900,377.3,377.8,377.05,377.7,38470
1775710200,377.7,377.7,377.05,377.4,41990
1775710500,377.25,377.5,376.7,377.35,73531
1775710800,377.4,377.75,376.95,377.05,84654
1775711100,376.95,377.35,376.65,376.9,42254
1775711400,376.9,376.95,376.35,376.5,113351
1775711700,376.4,376.7,376.35,376.35,38074
1775712000,376.45,376.45,375.7,375.95,59618
1775712300,375.9,376.3,375.9,376.05,49884
1775712600,376.15,377.2,375.95,376.75,143182
1775712900,376.75,377.0,376.35,376.75,124117
1775713200,376.75,376.85,376.15,376.25,44236
1775713500,376.2,376.35,375.55,375.7,46091
1775713800,375.7,376.2,375.3,375.8,309883
1775714100,375.7,375.9,375.25,375.7,334729
1775714400,375.7,376.15,375.55,375.75,234519
1775714700,375.9,376.05,375.35,376.05,345933
1775715000,376.0,376.0,375.45,375.55,127008
1775715300,375.5,375.85,375.1,375.65,216120
1775715600,375.7,375.8,375.2,375.35,72210
1775715900,375.25,375.5,374.8,375.1,219403
1775716200,375.1,375.35,375.0,375.15,45015
1775716500,375.3,375.6,375.0,375.6,64100
1775716800,375.5,375.75,375.35,375.45,47618
1775717100,375.55,375.55,375.1,375.15,28000
1775717400,375.3,375.3,374.5,374.7,34329
1775717700,374.65,375.0,374.5,374.75,75998
1775718000,374.7,375.0,374.2,374.45,151580
1775718300,374.45,374.45,373.5,373.55,57735
1775718600,373.6,373.85,373.25,373.4,47221
1775718900,373.35,373.45,372.5,372.65,91494
1775719200,372.65,373.15,372.4,373.15,76898
1775719500,373.2,373.3,372.55,372.75,90131
1775719800,372.75,372.75,372.55,372.65,40649
1775720100,372.6,372.9,372.5,372.9,51892
1775720400,372.9,372.9,372.4,372.6,60513
1775720700,372.5,372.6,372.25,372.5,48146
1775721000,372.5,372.5,371.45,371.7,159200
1775721300,371.65,371.7,371.25,371.35,47678
1775721600,371.3,371.6,371.1,371.25,75954
1775721900,371.4,371.5,371.1,371.3,64115
1775722200,371.25,371.35,370.65,370.7,64419
1775722500,370.7,370.9,370.3,370.7,284455
1775722800,370.7,370.9,370.25,370.4,141297
1775723100,370.55,370.6,369.6,369.85,171478
1775723400,369.85,371.4,369.45,371.1,151103
1775723700,371.05,371.65,370.65,371.35,71071
1775724000,371.3,371.4,370.7,370.85,68487
1775724300,370.95,371.35,370.55,370.75,197705
1775724600,370.8,371.0,370.3,370.6,133226
1775724900,370.5,370.75,370.05,370.4,152339
1775725200,370.4,370.65,369.75,370.35,262356
1775725500,370.4,371.45,370.25,371.4,392540
1775725800,371.4,371.9,370.85,371.65,300805
1775726100,371.5,371.7,370.95,371.4,271843
1775726400,371.4,371.6,371.0,371.3,563199
1775726700,371.3,372.0,371.2,371.7,266970
1775727000,371.6,372.45,371.15,372.1,750806
1775727300,372.15,372.25,371.6,371.9,497013
1775727600,371.95,372.4,371.6,372.4,459719
1775727900,372.4,372.4,371.65,371.8,409973
1775728200,371.85,372.15,371.55,371.8,554653
1775728500,371.8,372.0,371.4,371.85,300358
1775792700,373.5,374.85,372.6,374.25,429600
1775793000,374.6,374.7,373.65,373.8,233717
1775793300,373.85,375.35,373.65,374.2,968272
1775793600,374.4,375.95,374.4,375.3,162433
1775793900,375.3,375.75,374.45,375.7,113638
1775794200,375.65,376.5,375.4,376.1,141046
1775794500,376.1,377.5,375.9,377.3,274540
1775794800,377.45,378.3,377.3,377.65,398359
1775795100,377.75,377.8,376.0,377.05,509236
1775795400,377.15,378.75,375.4,375.4,979964
1775795700,375.35,376.65,375.15,376.5,826807
1775796000,376.5,376.8,376.5,376.7,189020
1775796300,376.75,378.2,376.65,378.0,800848
1775796600,378.1,378.35,377.55,378.35,428131
1775796900,378.35,378.8,377.85,377.85,103717
1775797200,378.0,378.4,377.55,378.05,95880
1775797500,378.3,378.75,378.0,378.1,113228
1775797800,378.1,378.9,378.1,378.35,126972
1775798100,378.5,378.65,377.65,377.7,104091
1775798400,377.7,377.9,377.45,377.85,74695
1775798700,377.9,378.05,377.5,378.0,93627
1775799000,378.1,378.35,377.85,378.05,79697
1775799300,378.05,378.5,377.65,378.5,115104
1775799600,378.4,378.45,378.0,378.2,133815
1775799900,378.1,379.05,378.0,378.0,450530
1775800200,378.15,378.85,378.0,378.5,274958
1775800500,378.5,378.9,378.4,378.7,397634
1775800800,378.55,379.0,378.45,378.85,295584
1775801100,378.75,379.15,378.25,378.75,257673
1775801400,378.65,378.75,378.1,378.25,223876
1775801700,378.35,378.65,378.0,378.4,241004
1775802000,378.2,378.7,377.95,378.35,865708
1775802300,378.25,378.35,377.5,378.1,288227
1775802600,377.95,378.55,377.95,378.25,332781
1775802900,378.15,378.55,378.15,378.25,240698
1775803200,378.25,378.35,377.65,377.9,236879
1775803500,377.85,378.0,377.15,377.7,85828
1775803800,377.6,377.85,377.45,377.85,84366
1775804100,377.7,378.3,377.2,377.8,333731
1775804400,377.9,377.95,377.4,377.45,83604
1775804700,377.4,377.7,377.05,377.15,103824
1775805000,377.25,377.45,376.55,376.7,129272
1775805300,376.6,377.0,376.55,376.95,75445
1775805600,377.0,377.0,375.6,376.15,477239
1775805900,376.15,376.65,375.85,376.4,138929
1775806200,376.4,376.55,375.9,376.5,173626
1775806500,376.35,376.65,376.15,376.35,247383
1775806800,376.3,376.65,376.25,376.4,192681
1775807100,376.45,376.6,376.1,376.2,175608
1775807400,376.25,376.65,376.2,376.4,191138
1775807700,376.4,377.75,376.4,377.6,259627
1775808000,377.7,377.7,377.25,377.3,210350
1775808300,377.35,377.4,376.5,376.65,224026
1775808600,376.65,377.1,375.65,375.9,497791
1775808900,375.75,375.95,374.5,374.75,284834
1775809200,374.65,375.5,374.15,375.05,480468
1775809500,375.05,375.05,374.3,374.55,441511
1775809800,374.65,374.85,374.0,374.55,471962
1775810100,374.55,374.6,373.7,373.85,272110
1775810400,373.85,374.05,373.3,373.65,224497
1775810700,373.45,373.85,372.5,373.7,246402
1775811000,373.75,374.25,372.85,373.05,334301
1775811300,373.0,373.0,372.6,372.9,219046
1775811600,372.85,373.3,372.75,373.05,793956
1775811900,372.95,373.05,372.5,372.9,300222
1775812200,372.85,373.05,372.4,372.6,321462
1775812500,372.55,373.4,372.35,373.2,819957
1775812800,373.2,373.4,372.7,373.35,321566
1775813100,373.25,373.65,373.05,373.3,340602
1775813400,373.35,373.95,373.35,373.85,410163
1775813700,373.85,375.0,373.8,375.0,406660
1775814000,374.8,375.2,374.35,374.6,431280
1775814300,374.6,375.35,374.4,375.25,448250
1775814600,375.2,375.25,374.55,374.55,486560
1775814900,374.65,375.7,374.45,375.0,376478
1776051900,367.95,370.8,366.7,367.35,1079440
1776052200,367.4,367.7,366.15,366.7,537028
1776052500,366.6,367.5,366.35,367.35,623631
1776052800,367.35,367.4,366.9,367.2,173127
1776053100,367.15,367.2,366.2,366.9,141865
1776053400,366.85,367.25,366.4,367.0,108075
1776053700,367.0,367.65,366.5,367.1,476357
1776054000,367.0,367.15,366.05,366.5,799469
1776054300,366.5,368.0,366.45,367.05,563745
1776054600,367.15,367.2,366.6,366.7,110410
1776054900,366.75,366.8,366.1,366.4,103532
1776055200,366.5,366.6,365.9,365.95,278473
1776055500,365.85,367.5,365.7,367.4,203340
1776055800,367.35,367.5,366.5,366.55,454383
1776056100,366.6,369.4,366.6,367.85,1256314
1776056400,367.9,368.2,367.25,368.05,369582
1776056700,368.05,368.05,366.85,367.75,450203
1776057000,367.7,367.7,366.75,366.95,446778
1776057300,366.75,367.5,366.75,366.8,684364
1776057600,367.0,367.15,366.8,366.95,268229
1776057900,367.0,367.35,366.9,367.25,82211
1776058200,367.35,367.35,366.7,366.85,385748
1776058500,367.0,367.5,366.7,367.45,141240
1776058800,367.55,367.75,366.75,367.0,1007523
1776059100,366.95,367.1,366.5,366.8,120264
1776059400,366.9,366.9,366.25,366.5,108386
1776059700,366.55,367.1,366.25,366.25,98218
1776060000,366.35,366.4,365.6,365.85,147451
1776060300,365.85,366.7,365.8,366.7,99158
1776060600,366.65,367.0,365.65,366.0,296007
1776060900,366.0,367.05,365.85,366.8,191186
1776061200,366.85,368.05,366.8,367.95,816953
1776061500,368.0,369.0,367.85,368.05,429505
1776061800,368.05,368.2,367.65,367.65,156377
1776062100,367.8,368.2,367.45,367.6,147022
1776062400,367.7,368.1,367.5,367.85,710192
1776062700,367.9,368.3,367.75,367.9,269665
1776063000,368.0,368.2,367.55,368.0,199925
1776063300,368.0,369.0,367.9,368.95,343584
1776063600,369.0,369.3,368.45,368.6,392353
1776063900,368.6,369.85,368.45,369.55,245930
1776064200,369.55,370.1,369.05,369.65,159416
1776064500,369.5,369.95,369.3,369.65,227721
1776064800,369.7,369.85,368.95,369.3,191469
1776065100,369.2,369.35,368.45,368.85,166904
1776065400,368.75,369.2,368.0,368.6,770529
1776065700,368.6,369.45,368.5,369.15,180555
1776066000,369.3,370.6,369.0,370.6,177510
1776066300,370.6,370.8,369.75,370.6,916308
1776066600,370.5,370.75,370.0,370.45,168043
1776066900,370.45,370.7,369.8,369.95,484733
1776067200,369.95,370.7,369.7,370.4,158529
1776067500,370.35,370.75,369.7,370.0,579469
1776067800,369.85,370.15,369.4,369.65,160625
1776068100,369.6,369.8,369.35,369.65,214812
1776068400,369.7,371.15,369.5,371.05,271861
1776068700,370.95,371.85,370.8,371.25,589718
1776069000,371.4,371.85,370.95,371.55,761474
1776069300,371.6,371.7,369.65,369.7,319461
1776069600,369.7,369.85,369.0,369.6,719211
1776069900,369.6,370.2,369.25,370.0,198055
1776070200,370.0,370.65,369.75,370.5,156618
1776070500,370.65,371.0,370.05,370.4,207614
1776070800,370.4,370.95,370.05,370.4,568580
1776071100,370.4,370.85,370.0,370.5,411163
1776071400,370.5,371.0,370.0,370.8,955849
1776071700,370.85,372.15,370.65,371.5,387501
1776072000,371.5,372.3,370.95,372.1,449744
1776072300,372.05,372.8,371.85,371.95,527307
1776072600,372.1,372.15,370.65,371.45,800658
1776072900,371.55,372.15,371.4,371.9,545203
1776073200,371.9,372.5,371.7,372.15,599070
1776073500,372.15,372.45,372.0,372.0,423163
1776073800,372.15,372.65,371.8,372.4,478305
1776074100,372.45,373.0,372.0,372.85,515194
1776224700,375.5,383.0,375.5,379.35,895674
1776225000,379.35,379.7,378.6,378.6,362294
1776225300,378.7,379.2,378.05,378.8,241802
1776225600,378.7,379.4,378.0,378.4,343205
1776225900,378.5,378.5,377.25,377.25,360274
1776226200,377.45,379.4,377.2,379.1,183450
1776226500,379.1,379.35,378.25,378.45,85294
1776226800,378.45,379.15,378.2,378.9,104473
1776227100,378.85,379.75,378.55,379.2,845395
1776227400,379.25,380.7,379.25,380.6,185976
1776227700,380.7,381.0,380.4,380.95,88989
1776228000,380.9,380.95,380.25,380.4,127482
1776228300,380.4,380.85,380.35,380.75,70355
1776228600,381.0,381.0,380.2,380.55,136018
1776228900,380.4,381.0,380.4,380.95,111121
1776229200,380.9,381.25,380.8,381.0,179336
1776229500,380.95,381.05,379.3,379.5,426415
1776229800,379.45,379.6,379.25,379.35,67578
1776230100,379.25,379.5,379.15,379.45,65221
1776230400,379.45,380.2,379.1,379.6,199625
1776230700,379.6,379.8,379.5,379.5,77486
1776231000,379.5,379.75,379.1,379.2,135065
1776231300,379.15,379.25,377.55,377.55,164907
1776231600,377.65,378.0,377.5,377.7,352287
1776231900,377.65,378.5,377.2,377.85,464708
1776232200,377.85,378.25,377.8,378.05,179511
1776232500,378.0,378.2,377.8,378.05,168447
1776232800,378.1,378.8,378.0,378.6,95977
1776233100,378.55,379.45,378.55,379.15,83930
1776233400,379.1,380.0,378.75,380.0,778463
1776233700,379.95,380.7,379.8,380.5,979203
1776234000,380.55,381.2,380.5,380.85,99328
1776234300,380.95,381.05,379.95,380.3,361948
1776234600,380.25,380.9,380.15,380.8,81575
1776234900,380.8,381.35,380.5,381.1,102707
1776235200,381.1,381.65,380.9,380.95,91751
1776235500,380.95,381.35,380.1,380.5,74625
1776235800,380.45,380.65,380.0,380.4,103727
1776236100,380.4,380.55,379.65,379.65,70040
1776236400,379.65,379.85,378.95,379.45,229738
1776236700,379.45,379.55,379.0,379.05,82211
1776237000,379.1,379.7,379.0,379.6,59296
1776237300,379.6,380.15,378.75,378.75,354738
1776237600,378.75,379.3,378.6,378.7,172247
1776237900,378.7,378.95,378.5,378.8,194210
1776238200,378.85,379.05,378.55,378.6,159439
1776238500,378.6,378.95,378.5,378.8,171421
1776238800,378.85,379.4,378.75,379.0,213440
1776239100,379.0,380.05,378.8,380.05,183505
1776239400,380.05,380.15,379.5,379.75,260573
1776239700,379.75,380.2,379.7,380.05,171656
1776240000,380.0,380.5,379.75,380.15,194764
1776240300,380.15,380.25,379.3,379.4,157160
1776240600,379.35,380.0,379.35,379.85,197683
1776240900,379.85,380.0,379.6,379.75,172916
1776241200,379.85,380.5,379.35,380.0,347113
1776241500,380.0,380.7,379.9,380.5,168729
1776241800,380.55,380.95,380.45,380.75,167346
1776242100,380.8,381.15,380.65,380.95,192690
1776242400,380.9,380.95,380.55,380.6,162887
1776242700,380.65,380.95,380.45,380.85,162015
1776243000,380.85,380.85,380.35,380.35,162470
1776243300,380.2,380.95,380.2,380.75,163037
1776243600,380.85,380.85,380.45,380.55,157771
1776243900,380.6,381.3,380.55,381.2,289568
1776244200,381.35,381.85,381.15,381.8,230179
1776244500,381.85,382.15,381.8,381.8,233735
1776244800,381.9,382.4,381.7,382.35,203599
1776245100,382.35,382.55,382.15,382.5,181277
1776245400,382.6,382.8,382.05,382.75,537675
1776245700,382.7,382.8,382.0,382.45,595500
1776246000,382.3,382.75,382.15,382.25,606861
1776246300,382.25,382.5,382.15,382.2,532273
1776246600,382.15,382.95,382.15,382.8,750435
1776246900,382.85,383.0,381.4,382.35,634018
1776311100,383.15,384.6,381.65,382.75,513292
1776311400,383.1,383.35,382.5,383.15,239854
1776311700,383.1,383.5,382.45,382.45,162896
1776312000,382.45,383.0,382.45,382.6,142243
1776312300,382.7,383.2,382.0,382.75,193588
1776312600,382.75,383.0,382.2,383.0,118074
1776312900,382.9,383.85,382.6,383.8,121423
1776313200,383.8,385.0,383.65,384.05,180872
1776313500,384.0,384.0,383.15,383.2,89727
1776313800,383.2,383.9,383.1,383.85,111049
1776314100,383.9,383.9,383.2,383.5,54788
1776314400,383.45,385.25,383.45,385.2,137105
1776314700,385.25,385.5,384.7,385.35,107078
1776315000,385.35,385.95,385.1,385.85,116248
1776315300,385.9,386.45,385.25,385.35,133749
1776315600,385.35,385.55,385.1,385.35,45856
1776315900,385.35,385.4,383.85,384.1,301143
1776316200,383.95,384.2,383.5,384.1,113390
1776316500,384.0,384.45,383.9,384.1,96340
1776316800,384.05,384.1,383.85,384.1,43882
1776317100,383.95,384.1,383.35,383.9,84770
1776317400,383.9,384.1,383.55,383.85,80078
1776317700,383.8,384.6,383.6,384.3,88797
1776318000,384.3,384.3,383.05,383.7,92182
1776318300,383.7,383.75,383.05,383.7,80881
1776318600,383.8,383.95,383.35,383.9,174021
1776318900,383.85,383.9,383.0,383.25,104467
1776319200,383.4,383.85,383.1,383.7,68183
1776319500,383.65,383.7,383.0,383.35,91397
1776319800,383.2,383.35,382.8,383.0,172053
1776320100,382.95,383.0,382.1,382.55,204978
1776320400,382.55,382.8,382.05,382.7,116810
1776320700,382.7,382.7,381.45,381.65,171718
1776321000,381.65,381.65,380.9,381.05,163108
1776321300,381.15,381.55,381.05,381.4,64140
1776321600,381.35,381.85,381.1,381.6,115199
1776321900,381.6,381.75,381.4,381.7,67932
1776322200,381.7,381.85,380.5,380.7,70373
1776322500,380.75,380.75,380.0,380.65,278103
1776322800,380.7,380.7,379.75,380.0,68210
1776323100,380.0,380.25,378.9,379.95,353978
1776323400,379.95,380.0,379.65,379.65,52222
1776323700,379.65,379.65,378.8,378.95,68909
1776324000,378.95,379.5,378.9,379.15,88003
1776324300,379.1,379.85,379.05,379.55,275660
1776324600,379.6,379.85,379.1,379.75,60854
1776324900,379.8,379.85,379.25,379.5,55242
1776325200,379.45,379.6,378.85,379.2,79154
1776325500,379.25,379.9,379.05,379.5,83522
1776325800,379.55,380.15,379.4,379.4,267083
1776326100,379.55,379.75,379.1,379.1,51208
1776326400,379.25,379.65,379.1,379.35,61250
1776326700,379.2,379.35,378.9,379.2,290338
1776327000,379.25,380.4,379.2,380.25,144798
1776327300,380.45,380.45,379.95,380.15,52418
1776327600,380.2,381.0,380.05,380.85,195909
1776327900,380.85,380.9,380.45,380.7,121511
1776328200,380.8,380.8,379.55,379.95,133068
1776328500,380.05,380.4,379.6,380.15,86936
1776328800,380.15,380.75,380.05,380.6,68701
1776329100,380.6,380.75,380.1,380.7,91184
1776329400,380.55,380.6,380.0,380.25,86002
1776329700,380.4,380.9,380.3,380.7,80769
1776330000,380.7,381.5,380.55,381.4,179984
1776330300,381.4,381.75,381.0,381.1,293538
1776330600,381.2,381.45,380.4,380.6,194368
1776330900,380.6,381.2,380.6,381.15,148182
1776331200,381.15,381.35,380.55,380.55,201091
1776331500,380.7,380.7,379.95,380.3,345306
1776331800,380.3,380.65,379.35,379.8,412035
1776332100,379.8,380.0,379.05,379.1,382000
1776332400,379.2,379.55,378.85,379.1,506835
1776332700,379.1,379.3,378.3,378.6,428151
1776333000,378.55,378.85,378.25,378.45,415905
1776333300,378.45,378.85,378.25,378.85,284228
1776397500,379.3,379.8,376.65,378.55,281139
1776397800,378.5,380.25,378.5,379.85,292525
1776398100,379.75,381.4,379.55,380.9,176798
1776398400,380.9,381.3,380.65,381.2,70441
1776398700,381.2,382.0,380.9,381.85,124129
1776399000,381.8,382.2,381.4,381.75,97505
1776399300,381.85,382.5,381.5,382.25,79403
1776399600,382.3,382.5,382.0,382.3,61275
1776399900,382.5,382.9,381.95,382.85,71209
1776400200,382.9,383.0,382.25,382.7,158900
1776400500,382.7,382.95,382.45,382.45,40043
1776400800,382.4,383.0,382.3,382.8,81797
1776401100,382.75,383.3,382.75,382.95,85419
1776401400,382.95,383.1,382.6,383.1,33585
1776401700,383.15,383.5,382.55,382.55,56943
1776402000,382.65,383.05,382.45,382.95,31330
1776402300,382.95,383.1,382.45,382.75,34732
1776402600,382.75,382.75,382.05,382.5,60945
1776402900,382.5,382.75,382.05,382.7,49783
1776403200,382.65,382.8,382.4,382.55,77018
1776403500,382.7,382.9,382.5,382.8,38543
1776403800,382.8,383.4,382.65,383.1,38690
1776404100,383.15,383.35,382.5,382.8,81025
1776404400,382.75,383.45,382.55,383.45,32595
1776404700,383.5,383.6,383.2,383.5,33594
1776405000,383.5,383.5,382.6,382.8,115309
1776405300,382.8,382.95,382.15,382.9,65295
1776405600,382.95,383.35,382.55,383.3,39390
1776405900,383.35,383.4,383.05,383.35,33300
1776406200,383.35,383.5,382.6,382.9,74218
1776406500,383.0,383.0,382.55,382.75,28503
1776406800,382.85,383.5,382.5,383.35,205082
1776407100,383.45,383.55,382.95,383.25,115524
1776407400,383.25,383.4,382.45,382.8,109998
1776407700,382.85,383.2,382.55,382.9,49371
1776408000,382.9,383.0,382.6,382.9,102845
1776408300,383.0,383.35,382.85,383.3,127078
1776408600,383.35,383.4,382.9,383.35,41863
1776408900,383.45,383.5,383.0,383.2,48761
1776409200,383.3,383.4,382.8,383.0,60090
1776409500,383.1,383.65,383.0,383.6,319906
1776409800,383.6,384.15,383.6,384.0,145322
1776410100,384.0,384.45,383.25,383.7,116836
1776410400,383.75,384.0,383.5,383.8,75862
1776410700,383.85,384.0,383.6,383.75,62708
1776411000,383.85,384.0,383.5,383.65,73864
1776411300,383.75,384.0,383.55,383.9,51785
1776411600,383.95,384.2,383.55,384.1,70314
1776411900,384.1,384.45,383.65,384.35,238883
1776412200,384.35,385.2,384.15,384.35,217019
1776412500,384.35,384.75,383.9,384.75,373345
1776412800,384.85,385.05,384.65,384.95,61909
1776413100,384.9,385.0,384.6,384.9,69888
1776413400,384.85,385.0,384.45,384.45,75699
1776413700,384.45,384.75,384.3,384.3,50356
1776414000,384.35,384.6,384.3,384.4,55135
1776414300,384.5,384.65,383.75,383.8,136665
1776414600,383.75,383.95,383.3,383.35,176904
1776414900,383.35,384.3,383.25,384.3,166962
1776415200,384.4,384.4,383.7,384.3,97825
1776415500,384.3,384.75,384.15,384.15,218786
1776415800,384.15,384.9,384.0,384.5,109562
1776416100,384.5,384.55,383.95,384.15,112602
1776416400,384.15,384.3,383.95,384.15,210598
1776416700,384.1,384.5,384.1,384.2,137696
1776417000,384.2,384.35,383.75,384.05,332680
1776417300,384.1,384.15,383.85,383.9,186816
1776417600,383.9,384.1,383.65,384.0,117288
1776417900,383.95,384.0,383.35,383.9,637484
1776418200,384.0,384.5,383.7,384.0,626696
1776418500,384.1,384.15,383.65,384.0,458781
1776418800,383.95,384.05,383.45,383.5,574144
1776419100,383.55,383.85,382.95,383.55,690730
1776419400,383.6,383.65,383.1,383.45,514856
1776419700,383.3,383.65,382.0,383.35,644211
1776656700,384.1,386.0,380.25,381.65,477834
1776657000,381.65,382.25,380.85,382.0,296582
1776657300,381.9,383.9,381.9,383.2,242142
1776657600,383.2,383.25,382.3,382.9,85311
1776657900,382.8,383.35,382.45,383.1,58160
1776658200,383.25,383.3,381.55,381.65,94805
1776658500,381.65,381.85,380.85,381.2,84320
1776658800,381.1,382.3,380.8,382.3,143169
1776659100,382.4,382.45,381.55,382.3,93712
1776659400,382.05,383.0,382.05,382.65,46365
1776659700,382.65,382.9,382.35,382.8,37248
1776660000,382.9,383.1,382.1,382.1,64354
1776660300,382.05,382.65,382.05,382.3,32552
1776660600,382.35,382.45,381.85,382.3,83462
1776660900,382.3,382.5,381.8,382.15,49694
1776661200,382.15,383.2,382.1,382.85,126411
1776661500,382.95,383.8,382.9,383.5,64837
1776661800,383.6,383.7,383.15,383.6,42748
1776662100,383.55,383.65,383.0,383.4,65339
1776662400,383.5,384.0,383.4,383.85,87514
1776662700,383.75,383.9,383.55,383.85,31859
1776663000,383.9,383.95,382.1,382.3,152664
1776663300,382.45,382.55,381.6,381.6,75317
1776663600,381.5,381.6,380.8,381.25,269205
1776663900,381.25,382.0,381.0,381.65,99292
1776664200,381.75,382.25,381.4,382.05,108221
1776664500,382.05,383.0,381.8,382.9,87308
1776664800,382.9,383.5,382.8,382.85,92635
1776665100,382.85,382.95,382.0,382.25,74933
1776665400,382.35,382.4,381.5,381.7,104327
1776665700,381.6,381.85,381.05,381.4,154463
1776666000,381.4,382.0,381.15,381.95,69496
1776666300,382.0,382.45,381.8,382.1,203657
1776666600,382.25,382.4,381.95,382.0,114844
1776666900,382.0,382.1,381.5,381.65,66777
1776667200,381.65,381.65,381.15,381.3,151880
1776667500,381.45,381.45,381.0,381.1,60638
1776667800,381.1,381.4,381.05,381.4,73038
1776668100,381.35,381.7,381.05,381.3,85731
1776668400,381.45,381.8,381.2,381.8,59721
1776668700,381.75,381.95,381.5,381.75,56054
1776669000,381.75,381.8,380.55,380.65,127059
1776669300,380.75,381.15,380.65,380.9,76774
1776669600,380.95,381.45,380.85,381.05,111089
1776669900,381.15,381.2,380.6,380.95,168218
1776670200,380.95,380.95,380.05,380.65,160300
1776670500,380.65,380.65,380.0,380.3,186320
1776670800,380.4,380.4,379.25,379.4,462857
1776671100,379.4,379.8,379.0,379.25,246409
1776671400,379.3,379.5,378.5,378.75,159405
1776671700,378.75,379.5,378.3,379.4,209560
1776672000,379.4,379.5,378.45,378.8,278955
1776672300,378.8,378.95,378.4,378.55,79675
1776672600,378.55,379.4,378.55,379.0,88596
1776672900,379.1,379.2,378.65,378.95,101526
1776673200,378.95,379.15,378.9,379.05,55824
1776673500,379.1,379.35,378.85,379.3,161417
1776673800,379.3,379.4,378.9,379.4,80603
1776674100,379.4,379.45,378.85,379.0,234736
1776674400,379.05,379.75,378.95,379.45,412931
1776674700,379.55,379.8,379.1,379.4,205529
1776675000,379.4,379.8,379.2,379.7,120098
1776675300,379.7,380.05,379.4,380.0,215794
1776675600,380.05,380.05,379.65,379.95,92197
1776675900,379.95,380.3,379.75,379.85,119058
1776676200,379.85,380.05,379.8,380.05,128445
1776676500,380.0,380.05,379.15,379.35,282025
1776676800,379.3,379.55,379.15,379.45,224064
1776677100,379.45,379.7,379.3,379.45,102385
1776677400,379.45,380.0,379.45,379.7,335031
1776677700,379.65,379.8,379.3,379.4,188129
1776678000,379.45,379.55,379.4,379.5,307508
1776678300,379.5,379.5,378.35,378.6,322057
1776678600,378.65,379.0,378.6,378.9,268592
1776678900,378.9,380.05,378.0,380.0,348160
1776743100,381.45,381.45,378.35,380.35,529166
1776743400,380.5,380.9,379.6,380.35,188338
1776743700,380.15,381.25,380.0,380.65,115334
1776744000,380.65,380.8,380.25,380.5,49339
1776744300,380.5,380.8,380.25,380.65,36033
1776744600,380.55,380.7,380.0,380.35,70350
1776744900,380.35,381.6,380.35,381.0,153939
1776745200,381.0,381.2,380.5,381.0,41062
1776745500,380.9,381.15,380.85,380.95,83035
1776745800,381.15,381.15,380.8,380.95,88063
1776746100,381.0,382.3,381.0,382.0,297163
1776746400,381.9,382.0,381.45,381.55,66795
1776746700,381.55,382.0,381.45,381.55,58346
1776747000,381.5,381.5,381.0,381.2,29031
1776747300,381.2,381.25,380.6,380.8,78578
1776747600,380.8,381.4,380.7,381.35,192707
1776747900,381.35,381.6,381.1,381.35,142243
1776748200,381.25,381.8,380.9,381.6,163108
1776748500,381.6,381.7,381.0,381.1,86157
1776748800,381.0,381.7,380.95,381.5,149530
1776749100,381.5,381.7,381.15,381.35,69851
1776749400,381.25,381.5,380.85,381.05,72497
1776749700,381.1,381.5,380.9,381.35,97121
1776750000,381.3,381.35,380.85,380.95,71672
1776750300,380.9,381.1,380.75,380.85,82733
1776750600,380.85,380.95,380.5,380.65,56853
1776750900,380.6,380.95,380.5,380.7,81737
1776751200,380.7,380.8,380.45,380.7,35570
1776751500,380.7,380.9,380.55,380.6,52065
1776751800,380.55,380.65,380.35,380.6,42675
1776752100,380.6,381.0,380.5,380.85,45294
1776752400,380.85,380.95,380.3,380.6,65721
1776752700,380.6,380.95,380.55,380.75,41333
1776753000,380.8,381.2,380.7,381.0,43660
1776753300,381.0,381.15,380.95,381.1,65303
1776753600,381.1,381.95,380.95,381.55,163069
1776753900,381.55,381.85,381.25,381.75,95204
1776754200,381.8,381.9,381.45,381.65,81645
1776754500,381.65,381.85,381.05,381.45,397164
1776754800,381.4,381.9,380.95,380.95,279575
1776755100,381.0,381.65,381.0,381.3,76765
1776755400,381.2,381.6,381.2,381.4,71599
1776755700,381.4,381.5,381.05,381.4,138093
1776756000,381.3,381.95,381.05,381.3,267771
1776756300,381.3,381.7,381.15,381.5,189289
1776756600,381.45,381.55,381.05,381.05,68254
1776756900,381.1,381.6,381.1,381.35,82563
1776757200,381.45,381.5,381.3,381.3,56336
1776757500,381.3,381.75,381.2,381.45,83109
1776757800,381.45,381.6,381.05,381.1,135398
1776758100,381.1,381.4,381.05,381.05,87085
1776758400,381.05,381.45,380.95,381.35,66119
1776758700,381.35,381.5,381.0,381.0,107859
1776759000,381.0,381.4,380.6,381.15,204314
1776759300,381.35,381.65,381.0,381.6,142306
1776759600,381.55,382.0,381.45,381.9,83811
1776759900,381.8,382.65,381.8,382.5,100636
1776760200,382.45,383.15,382.05,382.1,1036150
1776760500,382.25,382.45,381.75,381.75,107982
1776760800,381.85,382.6,381.75,382.45,152113
1776761100,382.45,382.55,382.0,382.15,106509
1776761400,382.1,382.65,382.1,382.4,148356
1776761700,382.55,382.55,382.0,382.05,71061
1776762000,382.0,382.25,381.9,382.05,96626
1776762300,382.1,382.1,381.7,382.0,170052
1776762600,381.9,382.0,381.35,381.45,120742
1776762900,381.45,381.6,380.7,381.0,398207
1776763200,381.0,381.7,380.8,381.5,1079404
1776763500,381.45,382.15,381.35,381.95,153445
1776763800,382.0,382.3,381.65,382.15,245445
1776764100,382.2,382.75,381.85,382.4,277326
1776764400,382.2,382.7,382.0,382.35,731011
1776764700,382.35,382.55,381.9,382.15,277408
1776765000,382.1,382.1,381.45,381.6,401683
1776765300,381.65,382.5,381.5,382.35,214928
1776829500,378.1,382.65,378.1,382.05,603060
1776829800,382.05,382.8,381.7,381.75,270304
1776830100,381.65,381.65,381.05,381.15,169465
1776830400,381.15,381.15,380.15,380.4,112775
1776830700,380.45,380.55,380.05,380.1,51774
1776831000,380.05,380.2,379.4,379.9,96742
1776831300,379.75,379.95,378.75,379.0,145934
1776831600,378.9,379.7,378.6,379.35,145974
1776831900,379.35,379.35,378.2,378.25,99902
1776832200,378.25,378.85,377.8,378.65,182089
1776832500,378.7,378.85,378.15,378.6,183696
1776832800,378.6,379.0,378.55,378.75,65129
1776833100,378.7,379.3,378.65,378.75,73445
1776833400,378.7,378.8,378.25,378.55,76445
1776833700,378.4,379.05,378.4,378.65,121384
1776834000,378.65,379.1,378.65,379.0,100842
1776834300,379.05,379.65,378.65,379.65,88559
1776834600,379.7,380.3,379.5,380.15,97424
1776834900,380.05,381.1,380.0,380.5,225677
1776835200,380.55,380.75,379.9,380.0,122956
1776835500,379.9,380.05,379.8,379.85,73942
1776835800,379.95,379.95,379.5,379.65,99474
1776836100,379.6,379.8,379.25,379.5,91986
1776836400,379.5,379.6,379.2,379.55,80429
1776836700,379.6,380.0,379.5,379.9,66565
1776837000,379.9,379.95,379.1,379.3,89337
1776837300,379.35,379.35,378.6,378.6,99786
1776837600,378.65,378.8,378.5,378.7,90500
1776837900,378.8,378.85,378.55,378.55,74040
1776838200,378.6,378.85,378.45,378.75,78210
1776838500,378.7,378.75,378.25,378.3,98336
1776838800,378.45,378.5,378.15,378.3,66582
1776839100,378.3,378.35,378.15,378.35,63865
1776839400,378.3,379.5,378.3,379.0,247956
1776839700,379.05,379.25,378.5,378.85,94631
1776840000,378.85,379.2,378.5,378.5,77564
1776840300,378.6,378.65,378.1,378.3,129150
1776840600,378.35,378.5,378.15,378.25,77908
1776840900,378.15,378.85,378.15,378.65,92734
1776841200,378.65,379.0,378.5,378.65,340652
1776841500,378.75,378.8,378.3,378.5,76372
1776841800,378.55,379.0,378.25,378.55,306272
1776842100,378.45,379.2,378.3,378.5,494608
1776842400,378.5,378.8,378.25,378.4,109404
1776842700,378.45,378.55,378.2,378.35,142093
1776843000,378.3,378.5,378.0,378.25,369633
1776843300,378.3,378.8,378.3,378.3,339580
1776843600,378.35,378.55,378.3,378.4,130762
1776843900,378.5,378.55,378.25,378.3,128478
1776844200,378.3,378.6,377.55,377.7,229742
1776844500,377.75,378.1,377.65,377.95,133295
1776844800,378.0,378.1,377.65,377.9,158351
1776845100,378.0,378.1,377.75,377.8,153243
1776845400,377.85,378.15,377.75,378.05,152616
1776845700,378.05,378.75,378.0,378.25,193616
1776846000,378.2,378.45,377.7,377.75,229093
1776846300,377.9,378.5,377.85,378.3,163368
1776846600,378.3,378.35,377.3,377.3,197574
1776846900,377.3,377.7,377.3,377.6,206254
1776847200,377.6,377.65,377.25,377.55,155558
1776847500,377.5,377.75,377.1,377.65,176695
1776847800,377.65,377.8,377.35,377.65,160201
1776848100,377.6,377.9,377.3,377.35,255568
1776848400,377.3,378.05,377.3,377.9,205916
1776848700,377.85,378.6,377.55,377.9,360672
1776849000,377.8,378.6,377.75,377.9,304273
1776849300,378.0,378.15,377.8,378.0,392354
1776849600,378.05,378.2,377.6,377.7,225907
1776849900,377.65,377.95,377.55,377.7,252543
1776850200,377.7,377.7,377.1,377.2,389185
1776850500,377.1,377.45,377.05,377.3,458434
1776850800,377.2,377.2,376.45,376.7,553283
1776851100,376.65,376.9,376.4,376.45,474365
1776851400,376.45,376.9,376.25,376.45,480287
1776851700,376.4,377.8,376.3,376.95,446215
1776915900,370.05,373.7,370.0,373.0,1460946
1776916200,373.0,374.8,372.8,373.15,789274
1776916500,373.05,375.25,373.0,375.05,203870
1776916800,374.95,375.95,373.85,374.1,189416
1776917100,374.0,374.7,374.0,374.25,107911
1776917400,374.15,374.9,373.7,374.1,331658
1776917700,374.1,374.5,373.65,374.45,87213
1776918000,374.5,375.5,373.9,375.1,372536
1776918300,375.05,375.45,373.5,374.0,504217
1776918600,373.95,374.65,373.55,373.8,339954
1776918900,373.8,373.9,372.6,373.1,344066
1776919200,373.2,373.25,372.65,372.9,301112
1776919500,372.9,373.0,371.75,372.2,504639
1776919800,372.2,372.3,370.8,370.9,865175
1776920100,370.85,371.05,370.55,370.7,247356
1776920400,370.65,370.75,370.2,370.5,187873
1776920700,370.5,370.8,369.6,369.8,433285
1776921000,370.0,370.0,369.5,369.7,176855
1776921300,369.65,369.65,368.85,369.1,299183
1776921600,369.1,369.25,368.55,369.0,307676
1776921900,369.0,369.9,368.85,369.8,377363
1776922200,369.8,370.05,369.6,369.85,210255
1776922500,369.9,370.25,369.75,370.05,133056
1776922800,370.15,370.45,369.85,369.9,152962
1776923100,369.95,370.15,369.3,369.3,211308
1776923400,369.3,369.7,369.2,369.25,171759
1776923700,369.2,369.55,369.0,369.05,189929
1776924000,369.15,369.3,368.6,368.9,226084
1776924300,368.95,369.0,368.6,368.8,298190
1776924600,368.8,368.85,367.65,367.9,457612
1776924900,367.8,368.9,367.8,368.75,571282
1776925200,368.6,369.75,368.6,369.65,417387
1776925500,369.7,370.0,369.45,369.95,151992
1776925800,369.95,370.0,369.55,370.0,146066
1776926100,369.9,370.1,369.75,369.95,219959
1776926400,369.95,370.4,369.9,370.05,147161
1776926700,370.05,370.3,369.75,370.1,159922
1776927000,370.15,370.45,369.8,370.3,225104
1776927300,370.15,370.2,369.7,370.0,373691
1776927600,370.0,370.4,369.55,370.05,236934
1776927900,370.1,371.05,369.9,370.9,959959
1776928200,370.9,371.2,370.35,370.75,1287207
1776928500,370.7,371.7,370.6,371.55,997052
1776928800,371.6,371.6,370.65,370.75,646811
1776929100,370.65,370.95,370.4,370.85,336893
1776929400,370.85,371.2,370.5,371.2,170822
1776929700,371.2,371.6,371.1,371.5,187990
1776930000,371.6,371.7,371.15,371.45,195735
1776930300,371.4,371.65,370.95,371.55,164811
1776930600,371.6,372.0,371.25,371.95,286476
1776930900,372.0,372.05,371.5,371.7,266113
1776931200,371.75,371.85,371.55,371.7,159977
1776931500,371.7,371.8,369.95,370.7,859058
1776931800,370.75,370.85,370.25,370.55,184235
1776932100,370.65,370.9,370.4,370.6,146844
1776932400,370.65,370.95,370.5,370.75,206143
1776932700,370.85,371.55,370.7,371.35,207047
1776933000,371.45,371.45,370.5,370.5,250581
1776933300,370.5,370.85,370.25,370.45,357853
1776933600,370.45,370.7,370.1,370.35,476520
1776933900,370.35,370.8,370.0,370.55,578016
1776934200,370.45,370.75,370.1,370.2,373453
1776934500,370.2,370.5,370.05,370.35,228332
1776934800,370.4,370.4,369.9,370.0,256114
1776935100,369.85,369.9,369.2,369.7,517921
1776935400,369.8,370.3,369.4,370.05,319980
1776935700,370.1,370.6,369.65,370.55,267075
1776936000,370.55,370.95,370.0,370.25,259408
1776936300,370.25,370.55,370.0,370.15,278933
1776936600,370.15,370.9,370.1,370.2,558007
1776936900,370.3,370.7,370.15,370.45,336260
1776937200,370.45,370.45,369.6,369.85,511694
1776937500,370.0,370.5,369.85,370.5,460572
1776937800,370.45,370.85,370.45,370.8,370128
1776938100,370.8,371.95,370.25,371.45,498282
1777002300,370.6,372.8,369.65,371.0,894041
1777002600,371.35,371.65,370.55,370.65,448319
1777002900,370.6,370.7,369.3,369.35,143741
1777003200,369.3,369.5,368.35,368.5,139607
1777003500,368.4,369.2,368.25,368.75,108249
1777003800,368.65,369.25,368.65,368.75,103508
1777004100,368.75,368.8,367.75,368.2,98219
1777004400,368.2,368.7,368.05,368.25,107956
1777004700,368.15,368.3,367.65,368.1,89429
1777005000,368.15,369.5,368.1,369.05,300469
1777005300,369.05,369.05,368.25,368.4,145751
1777005600,368.4,369.3,368.2,369.25,83485
1777005900,369.15,369.4,368.85,368.9,96289
1777006200,368.9,369.75,368.8,369.3,109352
1777006500,369.3,369.55,369.15,369.45,105053
1777006800,369.45,369.55,368.95,369.0,86138
1777007100,369.05,369.85,369.0,369.7,154837
1777007400,369.7,369.9,369.6,369.65,63268
1777007700,369.65,369.9,369.6,369.65,76481
1777008000,369.65,370.55,369.6,370.3,356836
1777008300,370.4,370.4,370.0,370.1,102000
1777008600,370.05,370.15,369.55,369.8,97686
1777008900,369.75,370.35,369.7,370.05,92153
1777009200,370.05,370.45,370.05,370.15,88275
1777009500,370.2,370.55,370.1,370.5,88929
1777009800,370.5,370.65,370.0,370.1,115296
1777010100,370.1,370.7,370.1,370.4,99139
1777010400,370.45,370.9,370.35,370.55,172362
1777010700,370.6,371.4,370.5,371.05,239906
1777011000,371.1,371.45,370.65,371.05,277765
1777011300,370.95,371.25,370.4,370.6,541463
1777011600,370.65,371.05,370.35,370.4,317790
1777011900,370.4,371.1,370.1,370.2,249489
1777012200,370.2,370.8,369.8,370.15,128687
1777012500,370.2,370.75,370.1,370.6,127925
1777012800,370.7,371.0,370.6,371.0,108309
1777013100,371.0,372.0,371.0,371.95,155939
1777013400,371.95,372.05,370.75,370.95,195063
1777013700,370.9,371.1,370.45,370.65,96588
1777014000,370.7,371.2,370.6,370.85,219841
1777014300,370.85,371.2,370.6,370.75,145227
1777014600,370.75,370.95,370.45,370.5,126378
1777014900,370.5,370.9,370.4,370.65,166111
1777015200,370.7,371.1,370.35,370.35,405334
1777015500,370.45,370.7,370.15,370.4,111350
1777015800,370.35,370.5,370.05,370.1,68711
1777016100,370.05,370.75,370.05,370.35,362791
1777016400,370.35,370.7,369.95,370.55,459046
1777016700,370.4,370.9,370.4,370.85,260553
1777017000,371.0,371.25,370.45,370.55,636522
1777017300,370.45,371.05,370.4,370.95,179398
1777017600,370.9,371.05,370.55,370.7,287968
1777017900,370.7,371.0,370.35,370.65,422316
1777018200,370.6,370.75,369.9,370.0,312726
1777018500,370.0,371.05,370.0,370.7,726140
1777018800,370.7,370.7,369.65,369.85,247167
1777019100,369.85,369.85,368.8,368.9,406311
1777019400,369.05,369.25,368.3,368.5,279152
1777019700,368.5,369.1,367.9,368.85,631091
1777020000,368.9,369.3,368.7,369.05,161870
1777020300,369.0,369.45,368.8,369.25,188013
1777020600,369.15,369.5,368.9,368.95,232753
1777020900,368.95,370.3,368.85,370.25,291751
1777021200,370.05,370.9,370.05,370.55,489984
1777021500,370.6,370.7,370.3,370.55,171177
1777021800,370.65,370.65,370.2,370.5,253441
1777022100,370.4,370.75,370.15,370.65,543677
1777022400,370.65,370.9,370.25,370.3,222980
1777022700,370.35,370.8,370.2,370.65,374485
1777023000,370.55,370.65,370.35,370.5,292160
1777023300,370.5,370.9,370.45,370.6,417659
1777023600,370.65,370.7,370.45,370.5,456684
1777023900,370.5,371.35,370.4,371.3,717426
1777024200,371.3,371.5,370.7,371.35,835716
1777024500,371.3,371.75,370.5,371.0,542094
1777261500,375.0,377.2,373.25,376.05,704685
1777261800,376.2,378.7,376.2,378.7,435973
1777262100,378.9,380.0,377.65,379.4,273743
1777262400,379.45,379.8,376.8,377.0,351848
1777262700,376.95,377.45,376.35,376.95,96719
1777263000,376.9,377.85,376.5,377.75,104594
1777263300,377.55,378.7,377.2,378.45,94113
1777263600,378.6,380.0,378.6,379.2,351730
1777263900,379.1,379.2,378.3,378.7,85068
1777264200,378.55,379.2,378.5,378.5,116358
1777264500,378.4,380.25,378.1,380.05,317657
1777264800,380.0,380.4,379.2,379.3,348368
1777265100,379.3,380.45,379.3,380.45,101501
1777265400,380.3,380.45,378.75,379.45,75553
1777265700,379.45,379.5,378.5,378.75,72818
1777266000,378.75,378.85,377.35,377.65,68295
1777266300,377.55,378.05,377.15,377.85,72043
1777266600,377.75,378.2,377.55,378.15,44110
1777266900,378.15,378.15,377.4,377.65,55449
1777267200,377.7,378.8,377.5,378.65,44872
1777267500,378.65,378.65,377.2,377.2,45994
1777267800,377.35,377.4,376.75,377.3,91940
1777268100,377.25,377.95,377.2,377.25,87342
1777268400,377.2,378.4,377.2,378.2,69551
1777268700,378.2,378.5,378.1,378.25,34770
1777269000,378.1,378.25,377.0,377.15,55740
1777269300,377.05,377.25,376.8,376.95,53565
1777269600,376.8,377.05,376.0,376.2,80170
1777269900,376.15,376.25,375.15,375.65,150923
1777270200,375.6,375.95,375.25,375.9,67632
1777270500,375.8,376.2,375.5,376.15,165778
1777270800,376.0,376.05,375.25,375.6,72418
1777271100,375.55,376.55,375.55,376.3,74858
1777271400,376.25,376.65,375.75,376.65,80029
1777271700,376.55,376.75,376.2,376.2,134010
1777272000,376.2,376.75,376.2,376.7,49848
1777272300,376.65,376.75,376.3,376.45,69798
1777272600,376.55,376.55,375.65,376.1,84621
1777272900,376.05,376.45,375.85,376.15,73495
1777273200,376.25,376.8,375.85,376.7,71500
1777273500,376.6,376.7,376.25,376.25,78860
1777273800,376.25,376.3,375.65,375.9,65981
1777274100,375.75,376.1,374.95,375.6,539457
1777274400,375.5,375.9,375.35,375.55,106648
1777274700,375.5,375.9,375.5,375.7,83333
1777275000,375.6,376.7,375.6,376.4,98642
1777275300,376.4,376.4,376.0,376.3,85338
1777275600,376.25,377.15,376.2,377.15,92193
1777275900,377.05,377.25,376.5,376.55,93976
1777276200,376.5,377.3,376.35,377.3,96379
1777276500,377.25,377.6,377.25,377.45,170815
1777276800,377.4,377.65,377.0,377.4,122285
1777277100,377.45,377.65,377.25,377.65,79006
1777277400,377.65,378.5,377.4,378.4,306998
1777277700,378.4,378.85,378.25,378.75,71136
1777278000,378.65,378.85,378.25,378.25,154908
1777278300,378.35,378.65,378.05,378.25,381668
1777278600,378.2,378.25,377.6,377.8,78400
1777278900,377.75,378.1,377.65,377.9,61705
1777279200,377.9,378.15,377.5,378.1,220027
1777279500,378.05,378.15,377.6,377.8,57879
1777279800,377.65,377.8,377.25,377.25,49980
1777280100,377.35,377.35,377.1,377.15,41946
1777280400,377.2,377.3,376.7,376.9,509677
1777280700,376.9,377.2,376.5,377.0,140904
1777281000,376.85,377.35,376.7,377.0,132838
1777281300,377.05,377.15,376.7,376.9,152486
1777281600,376.75,377.6,376.65,377.35,139307
1777281900,377.4,377.45,376.85,377.1,151806
1777282200,377.0,377.1,376.85,376.95,213656
1777282500,376.95,377.0,376.8,376.95,230382
1777282800,377.0,377.2,376.65,376.7,414137
1777283100,376.75,376.85,376.35,376.4,302065
1777283400,376.35,377.0,376.3,376.45,299797
1777283700,376.5,377.5,376.25,377.0,250172
1777347900,372.0,377.35,372.0,376.4,1211361
1777348200,376.4,380.0,376.05,379.95,270324
1777348500,380.0,380.7,379.3,379.95,206414
1777348800,379.9,380.25,379.4,379.6,79978
1777349100,379.6,381.0,379.3,380.6,214997
1777349400,380.6,381.75,380.5,380.8,223007
1777349700,380.95,382.15,380.6,380.65,222038
1777350000,380.65,381.3,380.6,381.2,75129
1777350300,381.35,381.8,381.35,381.65,69932
1777350600,381.65,382.9,381.65,382.85,174488
1777350900,382.95,383.25,382.45,382.7,150211
1777351200,382.7,382.7,381.6,381.95,438081
1777351500,381.9,381.9,380.85,381.7,245550
1777351800,381.7,382.35,381.6,382.2,94118
1777352100,382.25,382.4,382.0,382.05,53611
1777352400,382.2,382.35,382.0,382.0,77039
1777352700,382.0,382.05,380.95,381.7,441331
1777353000,381.65,382.0,381.35,381.95,42231
1777353300,381.85,382.45,381.85,382.2,66265
1777353600,382.25,382.5,381.8,382.35,60797
1777353900,382.45,382.9,382.2,382.3,95008
1777354200,382.2,382.45,382.0,382.2,40385
1777354500,382.1,382.2,381.0,381.25,73453
1777354800,381.2,381.75,381.0,381.65,36900
1777355100,381.65,381.65,380.95,381.1,37331
1777355400,381.2,381.4,380.75,381.0,68996
1777355700,380.95,381.0,380.2,380.35,76091
1777356000,380.4,380.6,379.7,380.6,206740
1777356300,380.5,381.0,380.25,380.75,56842
1777356600,380.9,381.1,380.1,380.7,81895
1777356900,380.65,380.7,379.85,380.0,43658
1777357200,380.0,380.05,379.6,379.85,33301
1777357500,379.8,380.0,379.45,379.5,73141
1777357800,379.55,379.85,379.3,379.75,42378
1777358100,379.75,379.75,379.25,379.6,57496
1777358400,379.6,379.65,379.1,379.65,46679
1777358700,379.6,380.25,379.35,379.7,319837
1777359000,379.8,380.05,378.8,379.1,85227
1777359300,379.2,379.4,378.85,378.85,39930
1777359600,378.85,379.0,378.4,379.0,54897
1777359900,379.05,379.8,379.0,379.6,34478
1777360200,379.55,380.05,379.35,380.05,103187
1777360500,380.05,380.35,379.8,380.25,172245
1777360800,380.25,380.3,379.6,379.65,125319
1777361100,379.6,379.8,379.15,379.45,62649
1777361400,379.4,379.9,379.3,379.65,47832
1777361700,379.7,380.05,379.5,380.0,29202
1777362000,379.9,380.1,379.85,380.0,60964
1777362300,380.05,380.35,380.0,380.0,43762
1777362600,380.1,380.1,379.45,379.75,188092
1777362900,379.75,380.1,379.45,379.65,227358
1777363200,379.75,379.85,378.95,379.05,58775
1777363500,379.1,379.2,378.4,378.7,126705
1777363800,378.75,379.15,378.65,378.9,49423
1777364100,378.85,379.25,378.75,379.15,31770
1777364400,379.15,379.6,379.05,379.15,87187
1777364700,379.1,379.65,378.3,378.7,206551
1777365000,378.7,379.15,378.45,378.75,290469
1777365300,378.75,378.75,377.95,378.35,202144
1777365600,378.35,378.6,378.05,378.15,110717
1777365900,378.2,378.7,377.75,378.6,432907
1777366200,378.6,379.15,378.1,379.0,182368
1777366500,379.05,379.1,378.1,378.25,322647
1777366800,378.25,379.25,378.25,378.8,245891
1777367100,378.75,379.35,378.6,378.8,110964
1777367400,378.8,379.3,378.5,378.85,143161
1777367700,378.9,379.05,378.55,378.6,211142
1777368000,378.55,379.2,378.4,379.1,310445
1777368300,379.25,379.4,378.65,379.35,242914
1777368600,379.45,379.75,378.85,378.95,386541
1777368900,378.9,378.95,378.1,378.35,310955
1777369200,378.4,378.75,377.95,378.25,430181
1777369500,378.25,378.25,376.65,376.65,356386
1777369800,376.65,377.55,376.65,377.45,498758
1777370100,377.45,378.2,376.55,377.25,383795
1777434300,378.0,379.85,377.55,379.15,127630
1777434600,379.1,380.35,379.05,379.7,83012
1777434900,379.7,380.6,379.5,380.2,100536
1777435200,380.35,380.9,379.2,379.6,106508
1777435500,379.5,380.0,378.75,379.2,102325
1777435800,379.3,380.5,379.1,380.3,81555
1777436100,380.45,381.45,380.45,381.15,82421
1777436400,381.2,381.25,380.6,380.9,64039
1777436700,381.1,382.45,381.0,381.9,111994
1777437000,381.95,382.25,381.65,382.15,52805
1777437300,382.15,382.9,382.0,382.85,67302
1777437600,382.9,384.25,382.85,384.15,133083
1777437900,384.25,385.0,384.15,384.15,125274
1777438200,384.2,384.45,383.55,384.35,84716
1777438500,384.4,384.5,384.1,384.1,59158
1777438800,384.3,384.3,383.75,384.15,48831
1777439100,384.2,384.6,383.85,384.05,66331
1777439400,384.05,384.5,383.75,384.35,57278
1777439700,384.5,384.55,383.7,383.9,179572
1777440000,383.95,384.4,383.95,384.1,154205
1777440300,384.1,384.55,383.35,383.7,77130
1777440600,383.9,383.95,383.2,383.4,79419
1777440900,383.25,383.9,383.25,383.35,93299
1777441200,383.45,383.55,382.3,382.3,77273
1777441500,382.5,382.8,382.25,382.45,82791
1777441800,382.55,382.9,382.4,382.65,73862
1777442100,382.85,383.55,382.55,382.7,124594
1777442400,382.8,383.35,382.6,382.7,74216
1777442700,382.75,383.0,382.35,382.55,58299
1777443000,382.65,382.8,382.45,382.55,56851
1777443300,382.55,383.1,382.4,382.65,73145
1777443600,382.8,383.0,382.4,382.4,80178
1777443900,382.55,382.9,382.4,382.8,84611
1777444200,382.95,383.5,382.05,383.05,104942
1777444500,383.15,383.7,382.9,383.55,73242
1777444800,383.65,384.25,383.55,383.9,108450
1777445100,384.0,384.55,383.9,384.1,111544
1777445400,384.25,385.0,384.0,384.85,128425
1777445700,384.95,385.5,384.9,385.05,180023
1777446000,385.25,385.45,384.9,385.4,48775
1777446300,385.45,386.05,385.0,385.0,196198
1777446600,385.2,385.6,384.65,384.75,399360
1777446900,384.85,385.15,384.35,385.05,65780
1777447200,385.0,385.15,384.7,384.7,45915
1777447500,384.8,384.9,384.3,384.35,58629
1777447800,384.35,385.0,384.35,384.55,64796
1777448100,384.75,385.0,384.4,384.45,62534
1777448400,384.6,384.8,383.8,384.0,70624
1777448700,384.0,384.25,383.75,384.15,66958
1777449000,384.15,384.45,383.65,384.2,279304
1777449300,384.25,384.35,383.45,383.7,112831
1777449600,383.9,383.95,383.55,383.9,66933
1777449900,383.75,383.95,383.45,383.5,53775
1777450200,383.55,383.75,383.4,383.4,53498
1777450500,383.5,384.0,383.3,383.65,195317
1777450800,383.75,384.0,383.5,383.5,43220
1777451100,383.65,383.75,383.2,383.2,44807
1777451400,383.15,383.4,382.3,382.3,78065
1777451700,382.35,382.95,382.1,382.6,119622
1777452000,382.7,383.2,382.5,382.9,72899
1777452300,382.9,383.2,382.65,382.9,70366
1777452600,382.8,383.3,382.6,383.1,69748
1777452900,383.2,383.2,382.7,382.9,62563
1777453200,383.0,383.1,382.8,382.85,40144
1777453500,383.0,383.0,382.55,382.9,74101
1777453800,382.9,383.15,382.8,382.9,64962
1777454100,383.0,383.0,382.5,382.7,89881
1777454400,382.6,383.4,382.4,383.3,91271
1777454700,383.3,383.3,382.8,382.95,108834
1777455000,383.0,383.25,382.55,382.65,262646
1777455300,382.65,382.7,382.2,382.35,230255
1777455600,382.25,382.25,381.55,381.6,214651
1777455900,381.65,381.8,381.25,381.5,254825
1777456200,381.5,381.6,381.0,381.35,246360
1777456500,381.25,382.0,381.05,382.0,191918
1777520700,376.6,379.15,375.3,377.85,453212
1777521000,378.0,378.5,376.85,377.8,156804
1777521300,377.9,378.9,377.35,377.35,122576
1777521600,377.35,377.55,376.8,377.55,67955
1777521900,377.6,377.8,376.85,377.4,112943
1777522200,377.2,379.7,377.0,379.65,122021
1777522500,379.65,380.4,379.15,379.6,92354
1777522800,379.65,380.1,379.25,379.7,77474
1777523100,379.75,379.75,378.6,378.95,93966
1777523400,378.95,378.95,378.2,378.25,97425
1777523700,378.25,378.95,378.1,378.75,120180
1777524000,378.7,378.8,378.3,378.8,93749
1777524300,378.8,379.65,378.6,379.4,153655
1777524600,379.4,379.45,378.5,378.55,111388
1777524900,378.8,378.8,377.8,378.6,174263
1777525200,378.6,379.0,378.4,378.75,94189
1777525500,378.75,381.0,378.5,380.85,239950
1777525800,380.75,381.6,380.45,381.3,143104
1777526100,381.4,381.75,380.75,381.05,120296
1777526400,381.15,381.7,380.9,381.05,148124
1777526700,380.9,381.7,380.9,381.55,82607
1777527000,381.55,381.95,381.0,381.05,68264
1777527300,381.05,381.2,380.2,380.5,100956
1777527600,380.6,380.65,379.6,379.65,76284
1777527900,379.7,380.05,379.4,379.8,90039
1777528200,379.75,380.0,379.35,379.5,68087
1777528500,379.35,379.55,378.55,379.35,228164
1777528800,379.35,379.95,378.9,379.85,95115
1777529100,379.7,380.4,379.6,380.15,91377
1777529400,380.05,380.15,379.4,379.45,80638
1777529700,379.6,380.5,379.3,380.3,102571
1777530000,380.4,380.65,379.55,379.7,91392
1777530300,379.7,379.85,378.45,378.5,729079
1777530600,378.7,379.2,377.7,378.95,1597993
1777530900,378.85,380.0,378.55,379.95,925875
1777531200,380.0,380.4,379.45,380.25,289908
1777531500,380.5,380.5,379.95,380.05,177549
1777531800,380.05,380.55,379.6,380.4,258095
1777532100,380.25,380.6,380.15,380.55,108817
1777532400,380.55,380.9,380.3,380.4,95237
1777532700,380.5,380.65,379.7,380.1,95886
1777533000,380.1,380.6,380.0,380.4,79839
1777533300,380.55,381.75,380.4,381.3,108285
1777533600,381.25,381.55,381.0,381.2,83425
1777533900,381.25,381.9,381.05,381.4,100553
1777534200,381.25,381.65,380.4,380.45,76591
1777534500,380.45,381.05,380.25,380.8,78882
1777534800,380.7,381.45,380.5,381.0,84602
1777535100,381.1,381.6,380.85,381.0,157353
1777535400,381.0,382.1,381.0,381.9,135883
1777535700,381.95,382.85,381.75,382.45,305178
1777536000,382.5,382.75,382.0,382.05,117336
1777536300,382.05,382.9,382.05,382.55,182022
1777536600,382.7,383.4,382.25,383.15,263354
1777536900,383.05,383.3,382.55,383.15,179339
1777537200,383.15,383.4,382.8,383.0,113446
1777537500,383.0,383.45,382.5,383.0,216991
1777537800,383.0,383.3,382.65,382.8,125685
1777538100,382.75,382.85,381.9,382.5,341673
1777538400,382.5,382.7,382.05,382.4,295779
1777538700,382.4,382.8,381.9,381.95,160273
1777539000,381.95,382.35,381.65,382.05,258807
1777539300,382.1,382.4,381.6,381.85,291924
1777539600,381.85,382.3,381.6,382.05,185984
1777539900,382.05,382.65,381.85,382.35,279097
1777540200,382.35,382.65,382.05,382.3,240485
1777540500,382.35,382.4,381.25,381.55,269367
1777540800,381.45,381.8,381.0,381.55,624136
1777541100,381.5,383.55,381.45,383.55,508455
1777541400,383.45,384.4,382.6,382.8,1175186
1777541700,382.7,382.8,381.55,381.75,877517
1777542000,382.0,382.75,381.3,382.45,1101953
1777542300,382.55,383.05,382.4,382.85,844660
1777542600,382.85,383.9,382.45,383.6,1947864
1777542900,383.55,386.85,382.6,384.5,4630721
1777866300,378.9,382.05,363.0,372.0,8876285
1777866600,371.85,375.25,371.6,374.0,4176681
1777866900,374.2,374.55,372.3,372.75,1030012
1777867200,372.75,373.3,370.3,370.55,1140019
1777867500,370.8,373.25,370.4,372.85,1164879
1777867800,372.85,373.75,372.2,373.05,1519625
1777868100,373.15,374.0,372.5,372.6,1385883
1777868400,372.6,373.65,371.8,373.15,2724798
1777868700,373.15,375.35,373.0,374.95,1100851
1777869000,375.0,375.1,373.3,373.5,651275
1777869300,373.45,375.2,373.4,374.8,1415261
1777869600,374.8,375.45,374.6,374.95,639649
1777869900,374.9,375.85,374.85,375.55,1015435
1777870200,375.5,376.05,374.9,375.6,610186
1777870500,375.65,376.25,375.4,375.95,871593
1777870800,375.9,376.1,374.6,375.0,982231
1777871100,375.0,375.6,374.75,375.55,618563
1777871400,375.55,375.55,374.85,375.0,423970
1777871700,375.05,375.45,374.85,375.2,412475
1777872000,375.15,375.25,374.8,375.15,400573
1777872300,375.15,375.4,374.45,374.7,432421
1777872600,374.65,374.9,373.6,374.2,740507
1777872900,374.2,374.8,373.9,374.75,501757
1777873200,374.7,375.3,374.7,375.1,713979
1777873500,375.05,375.25,374.15,374.3,11422007
1777873800,374.35,375.05,374.05,374.35,1102154
1777874100,374.35,374.85,373.4,373.65,718744
1777874400,373.6,374.45,373.5,373.95,456071
1777874700,373.9,373.95,372.6,373.6,627155
1777875000,373.65,374.0,373.35,373.55,277656
1777875300,373.55,374.05,373.35,373.8,271682
1777875600,373.8,374.35,373.05,373.65,1044240
1777875900,373.65,375.05,373.45,375.0,768032
1777876200,375.0,375.15,374.3,374.6,628401
1777876500,374.6,375.15,374.1,375.0,331439
1777876800,375.05,375.1,373.15,373.15,783650
1777877100,373.15,373.5,372.0,373.5,478227
1777877400,373.5,373.55,372.6,372.85,155030
1777877700,372.8,373.95,372.5,373.65,584091
1777878000,373.55,374.0,373.35,373.65,480835
1777878300,373.8,373.9,373.2,373.8,211302
1777878600,373.8,374.25,373.1,373.3,283746
1777878900,373.3,373.7,373.05,373.25,168908
1777879200,373.25,373.25,372.2,372.2,243674
1777879500,372.25,372.8,371.7,372.0,975211
1777879800,372.0,372.05,371.55,372.0,152807
1777880100,372.0,372.1,371.35,372.0,229319
1777880400,372.0,372.05,371.75,371.9,143319
1777880700,371.9,372.05,371.5,371.85,257401
1777881000,371.85,372.0,371.45,371.85,682682
1777881300,371.9,372.85,371.85,372.4,513893
1777881600,372.35,372.6,371.0,371.1,367568
1777881900,371.15,371.2,370.65,371.05,1452396
1777882200,371.15,371.95,370.95,371.55,168455
1777882500,371.55,372.35,371.45,372.0,217575
1777882800,372.05,372.3,371.7,371.8,264276
1777883100,371.7,372.1,371.4,371.5,333486
1777883400,371.5,371.85,371.1,371.1,576106
1777883700,371.1,371.45,371.0,371.3,125778
1777884000,371.3,371.9,371.3,371.55,298450
1777884300,371.6,372.15,371.3,372.1,367269
1777884600,372.1,372.3,371.7,372.0,472770
1777884900,371.9,372.25,371.5,372.15,715510
1777885200,372.15,372.35,370.8,370.9,437894
1777885500,370.85,371.4,370.5,371.4,412034
1777885800,371.4,371.5,370.5,370.85,889091
1777886100,371.0,371.9,370.7,371.8,719826
1777886400,371.75,372.05,371.3,371.55,684275
1777886700,371.65,371.75,371.05,371.1,288914
1777887000,371.15,371.55,370.75,371.2,558499
1777887300,371.2,371.75,371.1,371.4,412136
1777887600,371.5,372.0,371.3,371.8,1389270
1777887900,371.9,372.05,371.35,371.5,1972402
1777888200,371.55,372.15,371.5,371.8,2098841
1777888500,371.7,371.95,370.55,371.1,1390590
1777952700,371.0,371.65,369.2,371.1,372181
1777953000,371.35,371.5,370.5,371.2,258390
1777953300,371.2,371.45,369.3,369.6,214305
1777953600,369.7,370.35,369.55,370.3,359863
1777953900,370.3,370.35,369.35,369.45,115576
1777954200,369.45,369.5,368.75,368.9,169005
1777954500,369.0,370.4,368.75,370.3,172033
1777954800,370.1,370.6,369.75,370.35,129235
1777955100,370.35,370.5,370.05,370.2,125475
1777955400,370.2,370.9,370.1,370.75,335343
1777955700,370.8,370.85,369.8,370.05,152023
1777956000,370.1,370.4,369.75,370.1,112355
1777956300,370.15,370.8,369.85,370.65,923801
1777956600,370.75,370.85,370.4,370.6,105027
1777956900,370.7,370.7,369.95,370.15,150336
1777957200,370.3,371.9,370.15,371.75,332859
1777957500,371.75,372.35,371.45,372.0,225652
1777957800,372.2,374.35,371.9,373.55,323349
1777958100,373.65,375.45,373.25,375.05,319849
1777958400,375.05,375.2,374.2,374.9,205900
1777958700,374.85,375.5,374.6,374.65,163044
1777959000,374.8,374.85,374.25,374.7,2147938
1777959300,374.7,374.85,374.0,374.0,239025
1777959600,374.0,374.95,373.85,374.55,270184
1777959900,374.65,375.25,374.55,374.8,158310
1777960200,374.75,374.9,374.25,374.5,141317
1777960500,374.5,374.65,374.15,374.6,113752
1777960800,374.6,374.8,374.0,374.15,198139
1777961100,374.15,374.4,374.0,374.2,116409
1777961400,374.25,374.3,373.4,374.0,602746
1777961700,374.05,374.2,373.4,373.7,250650
1777962000,373.65,373.95,373.35,373.75,200861
1777962300,373.75,374.25,373.25,373.25,297307
1777962600,373.25,373.35,372.5,372.85,126176
1777962900,372.9,373.45,372.8,373.05,169935
1777963200,373.1,373.5,372.95,373.4,111330
1777963500,373.45,373.9,373.25,373.3,115263
1777963800,373.4,373.9,373.35,373.75,84001
1777964100,373.8,373.95,372.9,372.9,217342
1777964400,373.15,373.15,372.2,372.2,257690
1777964700,372.35,372.55,372.1,372.4,151415
1777965000,372.45,372.55,371.95,372.0,193387
1777965300,371.95,372.0,371.5,371.85,128825
1777965600,372.0,373.05,371.85,372.8,382687
1777965900,372.95,373.15,372.6,372.95,102909
1777966200,373.0,373.5,372.95,373.0,111769
1777966500,373.1,373.9,372.9,373.7,150082
1777966800,373.7,374.0,373.2,373.6,151613
1777967100,373.5,373.95,373.1,373.95,166083
1777967400,373.9,374.2,373.3,373.4,250722
1777967700,373.3,373.5,372.9,373.3,311473
1777968000,373.15,373.25,372.8,372.8,170825
1777968300,372.95,373.2,372.75,372.9,92939
1777968600,373.0,373.4,372.9,373.15,171887
1777968900,373.1,373.75,373.05,373.55,462472
1777969200,373.55,373.95,373.45,373.5,188342
1777969500,373.65,373.8,373.1,373.2,421361
1777969800,373.2,373.5,373.1,373.35,167273
1777970100,373.35,373.5,372.4,372.4,233631
1777970400,372.45,372.9,372.25,372.6,547784
1777970700,372.6,373.15,372.2,372.35,376170
1777971000,372.5,373.0,372.35,372.8,127900
1777971300,372.7,373.3,372.6,373.2,343808
1777971600,373.2,373.4,372.4,372.7,411930
1777971900,372.55,373.0,372.05,372.75,236859
1777972200,372.8,372.85,372.45,372.7,134801
1777972500,372.75,372.8,372.2,372.25,251304
1777972800,372.25,372.5,371.7,372.15,218437
1777973100,372.15,372.35,371.8,371.8,173014
1777973400,371.9,371.9,370.8,370.9,208306
1777973700,371.05,371.3,370.7,371.05,135112
1777974000,371.0,371.35,370.75,371.35,129652
1777974300,371.4,371.95,371.35,371.7,162692
1777974600,371.8,371.9,371.4,371.6,191438
1777974900,371.65,371.85,371.0,371.25,295292
1778039100,374.0,375.1,372.6,373.2,542630
1778039400,373.25,374.0,373.1,373.25,101307
1778039700,373.25,373.9,373.0,373.45,101120
1778040000,373.45,373.85,372.15,372.75,145993
1778040300,372.75,373.4,372.55,373.05,88910
1778040600,373.0,373.3,372.9,373.1,69619
1778040900,373.05,373.15,372.9,373.1,27530
1778041200,373.1,373.1,372.5,372.65,153888
1778041500,372.8,373.3,372.7,373.0,109304
1778041800,372.95,373.1,372.8,373.0,44750
1778042100,373.0,373.0,372.35,372.65,117184
1778042400,372.65,373.35,372.65,373.25,44848
1778042700,373.3,373.65,373.0,373.4,106705
1778043000,373.35,373.6,373.3,373.4,49351
1778043300,373.35,373.5,373.15,373.25,48451
1778043600,373.25,373.25,372.85,373.0,62637
1778043900,373.0,373.0,372.55,372.9,67335
1778044200,372.9,373.0,372.65,373.0,45923
1778044500,372.95,373.1,372.65,373.05,68823
1778044800,373.0,373.15,372.4,372.55,89661
1778045100,372.5,372.75,372.3,372.3,129450
1778045400,372.35,372.45,371.3,371.65,137643
1778045700,371.6,372.7,371.45,372.7,495929
1778046000,372.55,372.7,372.2,372.45,256952
1778046300,372.45,372.75,371.25,371.8,175576
1778046600,371.65,372.55,371.55,372.0,257964
1778046900,372.0,373.9,372.0,373.8,1232552
1778047200,373.75,374.0,372.35,372.75,484815
1778047500,372.65,372.75,370.7,371.0,646654
1778047800,370.85,371.15,370.85,370.95,102127
1778048100,371.0,371.2,370.85,371.0,131403
1778048400,371.0,371.2,370.8,371.2,78536
1778048700,371.1,371.25,370.75,371.0,162067
1778049000,370.9,371.0,370.2,370.7,141765
1778049300,370.65,370.85,370.3,370.7,121819
1778049600,370.6,370.85,370.4,370.6,182538
1778049900,370.7,370.8,369.5,369.6,595768
1778050200,369.6,369.75,368.7,368.75,191562
1778050500,368.8,369.3,368.2,369.05,742134
1778050800,369.0,369.1,368.5,368.8,249993
1778051100,368.7,369.1,368.65,368.75,164995
1778051400,368.75,368.85,368.15,368.25,102383
1778051700,368.25,368.65,368.0,368.55,254644
1778052000,368.45,368.65,368.05,368.1,149816
1778052300,368.1,368.4,368.0,368.2,234113
1778052600,368.1,368.2,366.25,366.3,535988
1778052900,366.35,366.85,366.3,366.7,365476
1778053200,366.65,366.9,365.65,365.8,1160669
1778053500,365.8,367.0,365.75,366.9,601494
1778053800,366.85,367.55,366.8,367.35,346303
1778054100,367.25,367.85,367.2,367.5,262567
1778054400,367.5,367.9,367.35,367.6,213662
1778054700,367.55,368.0,367.45,367.65,224627
1778055000,367.65,367.9,367.25,367.6,247976
1778055300,367.6,368.0,367.5,367.75,192962
1778055600,367.7,368.9,367.7,368.85,232574
1778055900,368.8,369.15,368.5,368.55,241977
1778056200,368.5,369.2,368.35,368.55,194709
1778056500,368.5,368.85,368.4,368.6,177632
1778056800,368.5,369.3,368.3,369.1,250624
1778057100,369.0,369.3,368.7,369.0,578999
1778057400,369.0,371.6,368.95,371.5,2314966
1778057700,371.55,372.8,371.5,372.5,760143
1778058000,372.6,373.25,372.15,372.5,536447
1778058300,372.5,373.45,372.15,373.35,386517
1778058600,373.2,373.5,372.8,373.0,832416
1778058900,373.0,375.0,372.65,374.9,3121328
1778059200,374.8,375.35,372.0,374.0,2487853
1778059500,374.15,375.55,373.65,375.5,1128978
1778059800,375.35,376.0,374.55,375.0,1164205
1778060100,375.0,375.05,373.75,373.8,590946
1778060400,373.8,376.25,373.75,376.05,1564853
1778060700,376.0,377.4,375.25,377.35,1703701
1778061000,377.3,379.95,376.7,378.4,2856266
1778061300,378.4,380.0,377.1,377.15,1373588
1778125500,376.1,377.35,374.3,375.2,3757119
1778125800,375.2,377.45,375.2,377.25,493938
1778126100,377.35,377.6,375.6,375.7,298108
1778126400,375.55,376.25,375.4,375.8,317632
1778126700,375.9,376.2,375.45,375.95,339124
1778127000,376.1,376.25,375.45,375.65,341095
1778127300,375.75,375.95,375.0,375.15,425364
1778127600,375.05,375.5,374.8,375.15,331302
1778127900,375.15,376.85,375.0,376.7,216883
1778128200,376.8,379.6,376.05,379.55,487496
1778128500,379.55,380.1,378.95,379.3,499723
1778128800,379.3,379.8,378.9,379.8,177244
1778129100,379.8,380.35,379.65,379.95,518457
1778129400,379.9,380.4,379.5,380.0,959129
1778129700,380.05,381.2,379.55,379.55,270871
1778130000,379.7,379.95,379.2,379.2,137551
1778130300,379.05,379.55,378.85,379.3,169230
1778130600,379.35,379.85,379.0,379.45,99561
1778130900,379.5,380.2,379.5,380.0,277344
1778131200,380.05,380.15,379.5,379.85,160213
1778131500,379.85,379.85,379.1,379.65,303835
1778131800,379.65,379.75,379.3,379.5,71966
1778132100,379.45,379.8,379.1,379.8,85882
1778132400,379.8,379.8,379.15,379.4,692273
1778132700,379.45,380.0,379.25,379.7,143302
1778133000,379.7,379.7,378.95,379.35,101915
1778133300,379.4,379.4,378.45,378.5,350281
1778133600,378.5,379.45,378.35,378.5,588552
1778133900,378.5,379.3,378.35,378.6,547371
1778134200,378.6,379.15,378.25,378.5,311133
1778134500,378.5,378.8,377.8,378.6,409769
1778134800,378.8,378.95,378.3,378.65,619051
1778135100,378.7,379.8,378.7,379.6,122685
1778135400,379.75,380.9,379.6,380.4,221295
1778135700,380.4,380.65,379.9,380.0,89249
1778136000,380.0,380.35,379.5,380.25,556062
1778136300,380.25,380.7,380.05,380.15,64645
1778136600,380.0,380.45,379.95,380.35,122531
1778136900,380.3,380.9,379.95,379.95,366339
1778137200,380.15,380.3,379.75,380.2,104293
1778137500,380.25,382.0,379.9,381.95,348120
1778137800,381.95,382.45,381.35,381.4,366246
1778138100,381.5,382.2,381.4,381.65,122609
1778138400,381.6,381.8,380.65,381.0,228652
1778138700,381.0,381.1,380.35,380.75,99242
1778139000,380.7,381.8,380.7,381.65,111288
1778139300,381.65,381.8,380.85,381.0,97222
1778139600,380.9,380.95,380.15,380.45,68700
1778139900,380.6,380.75,379.15,379.9,222162
1778140200,379.9,380.35,379.65,380.05,75451
1778140500,380.2,380.35,379.9,380.2,99614
1778140800,380.1,380.65,379.95,380.0,392998
1778141100,380.05,380.4,379.55,379.7,84441
1778141400,379.65,380.3,379.4,380.2,1480239
1778141700,380.25,380.4,379.7,380.0,94873
1778142000,379.95,380.3,379.8,380.1,1097438
1778142300,380.2,380.55,380.0,380.15,143771
1778142600,380.15,380.4,379.6,379.8,143159
1778142900,379.85,380.25,379.35,380.0,358998
1778143200,380.15,380.15,379.5,379.55,145213
1778143500,379.5,379.75,379.15,379.25,157746
1778143800,379.4,379.75,379.15,379.4,139199
1778144100,379.5,380.3,379.4,380.0,175241
1778144400,379.85,380.35,379.7,380.1,224784
1778144700,380.1,380.6,380.0,380.0,228220
1778145000,380.1,380.3,379.1,379.3,159874
1778145300,379.2,379.55,378.9,379.5,196762
1778145600,379.45,379.85,379.25,379.8,95519
1778145900,379.8,380.2,379.6,379.75,130200
1778146200,379.75,379.85,378.6,379.1,806623
1778146500,379.05,379.25,378.7,378.9,601708
1778146800,378.95,379.5,378.5,379.2,645457
1778147100,379.25,380.15,379.15,380.15,527470
1778147400,380.1,380.3,379.65,379.85,776432
1778147700,379.85,380.6,379.85,380.1,424462
1778211900,379.0,379.0,374.0,377.25,852797
1778212200,377.25,378.45,377.0,378.05,291508
1778212500,377.95,378.4,377.15,378.3,285438
1778212800,378.2,378.45,377.4,377.45,233140
1778213100,377.55,378.5,377.05,377.95,638065
1778213400,377.9,377.95,376.85,377.25,327997
1778213700,377.2,377.3,375.0,375.6,229505
1778214000,375.6,376.65,374.9,376.35,200127
1778214300,376.4,376.75,376.0,376.4,91502
1778214600,376.35,376.7,375.85,376.15,61582
1778214900,376.15,376.45,376.0,376.35,49919
1778215200,376.15,376.5,375.75,376.5,154210
1778215500,376.55,376.55,375.65,376.35,404127
1778215800,376.5,376.75,375.6,376.15,107946
1778216100,376.15,376.65,376.0,376.4,76088
1778216400,376.45,376.85,376.1,376.75,85397
1778216700,376.65,376.75,376.5,376.6,31069
1778217000,376.55,376.75,376.5,376.6,29618
1778217300,376.55,376.7,376.45,376.65,33840
1778217600,376.5,376.6,376.0,376.25,55381
1778217900,376.25,377.25,376.15,377.05,215212
1778218200,377.2,377.2,377.0,377.1,148266
1778218500,377.05,377.15,376.75,376.95,150489
1778218800,376.8,377.55,376.75,377.5,188342
1778219100,377.5,377.7,377.35,377.5,125986
1778219400,377.45,377.65,377.3,377.55,112736
1778219700,377.8,377.85,377.3,377.4,151445
1778220000,377.4,377.85,377.0,377.7,111682
1778220300,377.7,378.1,377.45,378.1,114250
1778220600,377.95,378.2,377.4,378.1,153786
1778220900,378.0,378.5,377.85,378.45,401363
1778221200,378.45,379.2,378.4,378.95,579919
1778221500,378.95,379.1,378.5,379.1,294376
1778221800,379.0,379.45,378.7,379.15,253202
1778222100,379.3,379.9,379.0,379.7,196876
1778222400,379.7,380.0,378.75,378.85,235896
1778222700,379.0,379.0,378.45,378.8,87743
1778223000,378.75,379.35,378.5,379.35,2634936
1778223300,379.2,379.9,379.15,379.9,63303
1778223600,379.9,379.9,378.15,378.6,197491
1778223900,378.75,379.1,378.0,378.05,518318
1778224200,378.15,378.5,377.75,377.85,241392
1778224500,377.7,378.05,377.4,377.75,166491
1778224800,377.85,378.2,377.7,377.75,56118
1778225100,377.7,377.85,377.25,377.25,77526
1778225400,377.4,377.55,376.75,376.85,76090
1778225700,376.85,377.35,376.75,377.3,61035
1778226000,377.3,377.45,377.05,377.05,42039
1778226300,377.15,377.2,376.75,377.2,31589
1778226600,377.25,377.4,376.85,377.0,42282
1778226900,376.9,377.9,376.9,377.9,40129
1778227200,377.9,378.0,377.55,377.85,46108
1778227500,377.75,377.8,377.2,377.55,63363
1778227800,377.55,377.75,377.05,377.5,67407
1778228100,377.5,377.75,377.2,377.65,34273
1778228400,377.5,377.5,376.55,377.1,78178
1778228700,377.15,377.4,376.9,377.2,53069
1778229000,377.15,377.35,376.6,377.25,79510
1778229300,377.35,378.2,377.25,378.2,44832
1778229600,378.15,378.2,377.15,377.3,69246
1778229900,377.3,378.1,377.3,377.9,87625
1778230200,378.05,378.55,377.85,378.2,60442
1778230500,378.35,378.75,378.25,378.4,57777
1778230800,378.4,378.9,378.15,378.8,46148
1778231100,378.7,379.75,378.7,379.5,105015
1778231400,379.35,379.95,379.35,379.9,133358
1778231700,379.9,380.25,379.3,379.6,235634
1778232000,379.6,379.8,379.2,379.6,105386
1778232300,379.7,380.4,379.5,380.0,279603
1778232600,380.05,381.0,379.15,381.0,495288
1778232900,380.95,381.15,380.6,380.95,418239
1778233200,380.9,381.2,380.75,381.05,293361
1778233500,381.05,381.5,380.75,381.1,340847
1778233800,381.1,381.4,380.7,381.1,480301
1778234100,380.95,381.35,380.7,381.0,327462
1778471100,376.1,379.35,376.1,379.0,568610
1778471400,379.05,379.9,378.2,379.2,287253
1778471700,379.15,379.4,378.5,379.3,128850
1778472000,379.35,379.4,378.7,379.3,73605
1778472300,379.1,379.2,378.0,378.2,140073
1778472600,378.2,378.65,377.5,377.55,84961
1778472900,377.75,378.05,377.2,377.25,143697
1778473200,377.35,377.5,376.6,377.15,187751
1778473500,377.25,377.25,376.5,376.65,150538
1778473800,376.6,376.85,376.5,376.65,599489
1778474100,376.6,377.05,376.35,376.65,314509
1778474400,376.7,376.8,376.4,376.6,83629
1778474700,376.55,376.6,376.25,376.35,64640
1778475000,376.2,376.6,376.15,376.4,78512
1778475300,376.3,376.4,375.8,376.0,96312
1778475600,376.0,376.05,375.1,375.15,158722
1778475900,375.3,375.35,375.0,375.15,164084
1778476200,375.1,375.3,375.05,375.15,123466
1778476500,375.1,375.1,374.5,374.65,219275
1778476800,374.6,376.05,374.4,376.05,296701
1778477100,376.05,377.65,375.95,377.65,182384
1778477400,377.65,378.9,377.65,378.8,283722
1778477700,378.8,380.2,378.65,380.1,329682
1778478000,380.2,381.0,379.95,380.65,233072
1778478300,380.6,381.0,380.3,380.75,188478
1778478600,380.75,381.45,380.7,381.0,276454
1778478900,380.95,381.35,380.7,381.0,475520
1778479200,380.95,381.3,380.35,381.3,264686
1778479500,381.3,381.3,381.0,381.3,173289
1778479800,381.25,381.4,381.0,381.15,188943
1778480100,381.1,381.15,380.55,381.05,195287
1778480400,381.05,381.1,380.5,380.95,390512
1778480700,380.9,381.25,380.85,381.1,114994
1778481000,381.1,381.35,381.05,381.35,169732
1778481300,381.35,381.9,381.3,381.5,213036
1778481600,381.5,381.95,381.25,381.85,164507
1778481900,381.9,381.9,380.75,381.35,364513
1778482200,381.3,382.0,380.9,381.95,356132
1778482500,381.95,381.95,381.5,381.6,174155
1778482800,381.6,382.0,381.2,381.65,300119
1778483100,381.7,382.2,381.55,382.2,225669
1778483400,382.2,383.05,381.9,383.0,204113
1778483700,383.0,383.25,382.8,383.1,276900
1778484000,383.05,383.5,382.65,383.35,255568
1778484300,383.35,384.7,383.25,384.1,389591
1778484600,384.05,384.1,383.3,383.75,723224
1778484900,383.75,384.5,383.0,384.5,293465
1778485200,384.5,384.95,384.35,384.9,164585
1778485500,384.8,385.4,384.65,384.95,567046
1778485800,384.95,385.4,384.6,384.9,274519
1778486100,384.85,385.15,384.75,385.05,250193
1778486400,385.0,385.25,384.65,385.2,208579
1778486700,385.2,385.9,385.1,385.55,351155
1778487000,385.4,385.85,385.15,385.6,169039
1778487300,385.4,386.0,385.35,385.6,225854
1778487600,385.65,385.9,385.35,385.75,233498
1778487900,385.75,385.9,385.0,385.1,243120
1778488200,385.05,385.8,385.05,385.45,848978
1778488500,385.45,385.95,385.3,385.8,218913
1778488800,385.8,385.8,385.2,385.4,214591
1778489100,385.35,385.45,384.35,384.5,273298
1778489400,384.45,384.6,384.15,384.35,241827
1778489700,384.4,384.45,383.4,383.5,441054
1778490000,383.45,384.2,383.15,384.05,325366
1778490300,384.15,384.3,383.25,383.3,484694
1778490600,383.35,383.7,383.2,383.35,237544
1778490900,383.35,383.55,382.6,382.9,299068
1778491200,382.9,383.25,382.6,383.25,273280
1778491500,383.25,383.3,382.9,382.9,267503
1778491800,382.9,382.9,381.7,382.15,624091
1778492100,382.15,382.15,380.95,381.05,454828
1778492400,381.05,381.25,380.85,381.1,397180
1778492700,381.05,381.45,380.6,380.7,497330
1778493000,380.65,381.1,379.6,379.7,669623
1778493300,379.7,380.45,379.7,380.45,468051
1778557500,380.2,381.05,379.15,380.7,632458
1778557800,380.75,380.75,379.85,380.1,369096
1778558100,380.1,380.1,378.45,378.9,315201
1778558400,378.9,378.95,377.8,378.85,201054
1778558700,379.05,379.55,378.15,378.15,223438
1778559000,378.2,378.95,378.1,378.65,161582
1778559300,378.7,379.0,378.3,378.7,108372
1778559600,378.55,378.6,377.75,377.9,173554
1778559900,377.85,378.3,377.3,378.2,169046
1778560200,378.25,378.8,378.1,378.6,124326
1778560500,378.65,378.8,378.15,378.5,114709
1778560800,378.55,378.75,378.35,378.5,71446
1778561100,378.45,378.95,378.25,378.75,96383
1778561400,378.85,379.2,378.5,378.55,109126
1778561700,378.55,378.95,378.4,378.6,89401
1778562000,378.55,378.6,378.0,378.0,86442
1778562300,377.95,378.05,377.7,377.8,106436
1778562600,377.85,378.5,377.75,378.1,123442
1778562900,378.1,378.25,377.7,378.1,104806
1778563200,378.15,378.45,378.1,378.2,88586
1778563500,378.15,378.55,378.1,378.3,89163
1778563800,378.35,378.5,377.95,378.3,125564
1778564100,378.25,378.7,378.2,378.65,92107
1778564400,378.6,378.85,378.15,378.5,120183
1778564700,378.5,378.65,377.25,378.35,234096
1778565000,378.35,378.65,377.5,377.8,189054
1778565300,377.75,378.15,377.65,377.95,194107
1778565600,378.0,378.2,377.45,378.15,132128
1778565900,378.1,378.1,377.6,378.05,146056
1778566200,377.95,378.8,377.9,378.65,77242
1778566500,378.7,378.9,378.5,378.85,106576
1778566800,378.85,379.1,378.75,379.05,66188
1778567100,379.05,379.5,378.2,378.65,321246
1778567400,378.65,379.2,378.6,378.95,62302
1778567700,379.0,379.1,378.75,378.95,187537
1778568000,378.95,379.3,378.75,378.95,246403
1778568300,378.9,380.4,378.9,380.35,259142
1778568600,380.3,380.4,380.1,380.15,134031
1778568900,380.2,380.3,379.75,380.05,97216
1778569200,380.05,380.15,378.9,379.2,155503
1778569500,379.05,379.2,377.6,377.9,305505
1778569800,377.8,378.65,377.55,378.3,96177
1778570100,378.25,378.5,376.95,377.55,252433
1778570400,377.5,377.8,377.35,377.55,50496
1778570700,377.6,378.0,377.35,377.95,84694
1778571000,377.9,378.5,377.85,378.35,60098
1778571300,378.45,378.45,377.2,377.3,76561
1778571600,377.25,377.75,376.7,377.7,155886
1778571900,377.75,378.55,377.7,378.35,97922
1778572200,378.4,378.6,377.85,377.95,90851
1778572500,377.95,378.3,377.9,378.0,52909
1778572800,378.0,378.55,377.85,377.85,98053
1778573100,377.8,378.05,377.55,377.65,98360
1778573400,377.7,377.7,377.0,377.2,40793
1778573700,377.2,377.3,376.55,376.6,58734
1778574000,376.6,376.9,376.3,376.5,66463
1778574300,376.35,376.8,376.25,376.65,50719
1778574600,376.6,377.1,375.9,376.75,236796
1778574900,376.65,377.1,376.15,376.35,145502
1778575200,376.35,376.35,375.7,375.8,74999
1778575500,375.9,376.4,375.65,376.05,43043
1778575800,376.05,376.7,375.95,376.65,44596
1778576100,376.7,376.75,376.25,376.6,31936
1778576400,376.6,376.7,375.65,376.05,99747
1778576700,376.1,377.25,375.95,376.9,379101
1778577000,376.9,376.9,376.3,376.5,83075
1778577300,376.55,376.95,376.4,376.6,172296
1778577600,376.65,376.7,376.0,376.4,112532
1778577900,376.4,376.4,375.35,375.5,102000
1778578200,375.55,375.55,374.55,375.15,435996
1778578500,375.05,375.55,374.85,375.2,579163
1778578800,375.2,375.65,375.15,375.55,323712
1778579100,375.55,376.85,375.55,376.5,538551
1778579400,376.65,377.0,376.15,376.95,976766
1778579700,376.85,377.1,375.15,376.0,413868
1778643900,377.9,380.0,377.55,378.9,951870
1778644200,378.9,379.75,377.9,379.65,335362
1778644500,379.95,380.0,378.9,379.0,370353
1778644800,378.85,379.25,378.4,378.65,134871
1778645100,378.75,378.75,378.0,378.3,144035
1778645400,378.3,378.6,378.15,378.45,100391
1778645700,378.5,378.7,377.75,378.05,151150
1778646000,378.05,379.2,377.85,379.1,196771
1778646300,379.1,379.45,378.4,378.75,87502
1778646600,378.9,379.6,378.75,379.4,314532
1778646900,379.45,380.45,379.35,379.7,146570
1778647200,379.85,380.3,379.35,380.3,71832
1778647500,380.1,381.0,380.1,380.7,92970
1778647800,380.7,382.3,380.7,381.5,157887
1778648100,381.45,382.55,381.45,381.8,431450
1778648400,381.85,382.85,381.6,382.7,213076
1778648700,382.65,382.75,381.75,381.8,91295
1778649000,381.85,382.7,381.7,382.35,266717
1778649300,382.35,382.5,381.6,381.7,94498
1778649600,381.65,381.8,381.0,381.45,344549
1778649900,381.45,381.55,380.05,380.4,278314
1778650200,380.4,381.0,380.15,380.9,154415
1778650500,380.85,381.0,380.5,380.85,129363
1778650800,380.9,381.6,380.8,381.5,327926
1778651100,381.6,381.75,380.6,380.7,156137
1778651400,380.7,380.7,379.95,380.3,98761
1778651700,380.35,380.4,379.65,379.95,94086
1778652000,379.85,380.0,379.15,379.45,118642
1778652300,379.45,381.6,379.45,381.5,301541
1778652600,381.5,382.0,381.15,382.0,678896
1778652900,382.1,382.6,382.0,382.4,298519
1778653200,382.4,382.7,382.05,382.3,197158
1778653500,382.3,383.0,382.1,382.65,252750
1778653800,382.65,383.5,382.65,383.4,517906
1778654100,383.4,383.9,383.3,383.7,331882
1778654400,383.65,384.0,383.45,383.75,380562
1778654700,383.75,383.9,382.55,382.9,452162
1778655000,382.8,383.15,382.5,383.05,888171
1778655300,383.1,383.25,382.8,383.05,172926
1778655600,383.05,383.05,381.55,381.75,139263
1778655900,381.75,381.85,380.9,381.05,180456
1778656200,381.15,381.15,380.25,381.1,148254
1778656500,381.1,381.45,381.05,381.45,111557
1778656800,381.45,382.0,381.4,382.0,100777
1778657100,381.95,383.3,381.95,383.25,161980
1778657400,383.1,383.15,382.6,383.0,105980
1778657700,383.0,383.0,381.9,382.05,74564
1778658000,381.8,382.25,381.75,381.75,79787
1778658300,381.85,381.85,380.8,381.1,193671
1778658600,381.1,381.4,381.0,381.25,67213
1778658900,381.2,381.35,380.65,381.05,118061
1778659200,381.05,381.5,380.9,381.15,169492
1778659500,381.15,381.3,380.8,381.2,112129
1778659800,381.2,381.25,380.8,381.15,143695
1778660100,381.0,381.4,381.0,381.2,122462
1778660400,381.15,381.3,380.95,381.0,88340
1778660700,381.0,381.0,380.3,380.65,111598
1778661000,380.6,380.9,380.1,380.45,108294
1778661300,380.45,380.8,380.4,380.8,202364
1778661600,380.8,381.0,380.4,380.95,193487
1778661900,380.95,381.0,380.2,380.45,90124
1778662200,380.25,381.1,380.0,381.0,161887
1778662500,380.8,381.0,380.0,380.35,141540
1778662800,380.3,380.35,380.1,380.3,59083
1778663100,380.35,380.85,380.3,380.75,303534
1778663400,380.7,380.7,379.0,379.25,134953
1778663700,379.2,379.5,378.7,379.1,130955
1778664000,379.15,379.4,378.95,379.4,71096
1778664300,379.35,379.4,379.0,379.0,122356
1778664600,379.05,379.05,377.5,377.75,393248
1778664900,377.7,377.8,376.85,377.55,259501
1778665200,377.65,378.0,377.05,377.85,295989
1778665500,377.9,378.1,377.7,377.7,250816
1778665800,377.75,377.75,377.05,377.2,336891
1778666100,377.15,378.95,377.15,378.95,176422
1778730300,378.0,381.1,378.0,379.05,389023
1778730600,379.0,379.75,379.0,379.4,148616
1778730900,379.4,380.05,379.05,380.0,114453
1778731200,380.05,380.15,379.2,379.6,192442
1778731500,379.6,379.9,379.1,379.8,84988
1778731800,379.8,379.8,378.8,378.8,83155
1778732100,378.8,379.25,378.1,378.4,53470
1778732400,378.4,378.4,377.9,378.0,41950
1778732700,377.95,378.35,377.7,378.3,78210
1778733000,378.3,378.45,377.8,378.3,78561
1778733300,378.4,378.5,377.55,378.35,59885
1778733600,378.5,378.5,377.7,378.15,39441
1778733900,378.15,378.75,378.0,378.75,46490
1778734200,378.75,378.8,377.9,378.4,86722
1778734500,378.45,378.7,378.2,378.4,65867
1778734800,378.45,378.8,378.3,378.8,26698
1778735100,378.85,379.35,378.8,379.05,80097
1778735400,379.0,379.05,378.15,378.35,55492
1778735700,378.35,378.35,377.5,377.6,74846
1778736000,377.65,378.1,377.2,377.65,127509
1778736300,377.75,377.8,376.15,376.45,123085
1778736600,376.5,376.75,375.6,376.45,148490
1778736900,376.35,376.85,376.35,376.8,66475
1778737200,376.7,377.5,376.6,377.3,114733
1778737500,377.45,377.75,377.05,377.75,68805
1778737800,377.9,378.85,377.35,378.7,363319
1778738100,378.65,379.25,377.9,379.2,118496
1778738400,379.15,380.0,379.15,379.35,102921
1778738700,379.35,380.65,379.35,380.45,83256
1778739000,380.6,382.75,380.4,382.7,179605
1778739300,382.7,383.3,382.1,382.95,375470
1778739600,383.1,383.45,382.7,382.75,142423
1778739900,382.8,383.35,382.65,383.2,94617
1778740200,383.2,383.7,382.65,382.75,334130
1778740500,382.85,383.0,382.25,382.45,150713
1778740800,382.55,382.65,381.95,382.65,80515
1778741100,382.65,383.55,382.6,383.05,227945
1778741400,383.2,383.6,383.0,383.55,58461
1778741700,383.55,384.3,383.35,384.0,95975
1778742000,384.0,384.5,384.0,384.45,83269
1778742300,384.4,384.8,384.25,384.5,89080
1778742600,384.5,384.7,384.05,384.65,77416
1778742900,384.65,384.75,383.9,384.45,119455
1778743200,384.35,384.4,383.75,384.0,312891
1778743500,383.95,384.1,383.35,383.9,131238
1778743800,383.95,384.85,383.8,384.65,200313
1778744100,384.65,384.95,384.0,384.05,242826
1778744400,384.05,384.1,383.25,383.7,55571
1778744700,383.7,384.0,383.55,383.95,81698
1778745000,383.85,384.4,383.65,384.0,117606
1778745300,384.1,384.4,383.65,383.8,94539
1778745600,383.8,383.95,383.6,383.75,63091
1778745900,383.9,384.6,383.75,384.1,121261
1778746200,384.1,384.65,383.7,383.9,73373
1778746500,384.0,384.2,383.25,383.45,76024
1778746800,383.45,383.7,382.65,383.3,102849
1778747100,383.15,383.4,382.65,383.25,82578
1778747400,383.1,383.55,383.1,383.55,59150
1778747700,383.55,383.95,383.2,383.6,92514
1778748000,383.75,383.9,383.35,383.8,154225
1778748300,383.8,384.2,383.55,383.55,192305
1778748600,383.55,384.5,383.4,384.3,125999
1778748900,384.55,385.0,384.45,384.85,223875
1778749200,384.9,384.95,384.25,384.8,289858
1778749500,384.85,384.85,384.35,384.6,127748
1778749800,384.65,384.65,383.9,384.15,177143
1778750100,384.1,384.1,382.95,383.05,181934
1778750400,383.05,383.65,383.0,383.3,204530
1778750700,383.3,384.1,383.2,383.9,209211
1778751000,383.85,383.9,383.0,383.4,409150
1778751300,383.35,383.55,382.75,383.1,264336
1778751600,382.95,383.2,382.55,383.15,279203
1778751900,383.15,383.45,382.65,383.35,213982
1778752200,383.35,383.5,383.05,383.3,218575
1778752500,383.3,383.45,382.85,383.25,220749
1778816700,383.2,384.3,380.5,382.85,371304
1778817000,382.85,384.55,382.5,383.95,324445
1778817300,383.95,385.0,383.5,384.85,400509
1778817600,384.75,388.8,384.45,388.1,642988
1778817900,388.15,389.7,387.85,389.55,550556
1778818200,389.6,390.0,388.9,389.9,452642
1778818500,390.0,390.8,389.4,389.7,375501
1778818800,389.7,389.7,388.35,389.5,333921
1778819100,389.55,390.4,389.5,390.0,179918
1778819400,389.85,389.95,388.65,389.5,342619
1778819700,389.55,390.1,389.3,389.4,126702
1778820000,389.35,389.5,389.0,389.1,142496
1778820300,389.1,389.6,388.7,389.35,199473
1778820600,389.35,390.75,389.15,390.7,207779
1778820900,390.7,391.8,390.45,391.6,418155
1778821200,391.7,392.3,391.3,391.95,717406
1778821500,391.9,393.05,390.85,391.05,536376
1778821800,391.1,391.4,390.7,391.15,96807
1778822100,391.1,392.4,390.8,392.05,76730
1778822400,392.05,393.1,391.85,393.0,594306
1778822700,392.9,393.3,392.05,392.25,159917
1778823000,392.25,392.55,390.95,391.35,260684
1778823300,391.25,391.65,390.4,391.0,108956
1778823600,391.05,391.5,390.8,391.15,133373
1778823900,391.2,391.5,390.3,390.3,314395
1778824200,390.4,390.8,389.95,390.35,347196
1778824500,390.3,390.35,389.45,389.75,101993
1778824800,389.7,390.1,389.1,389.5,264587
1778825100,389.5,389.9,389.4,389.7,172582
1778825400,389.8,389.9,389.0,389.85,260864
1778825700,389.85,389.9,388.95,389.25,382167
1778826000,389.25,390.5,389.05,390.3,61574
1778826300,390.35,390.4,390.05,390.25,79384
1778826600,390.25,390.25,389.35,390.0,207263
1778826900,390.0,391.3,389.6,390.75,88343
1778827200,390.75,390.95,390.15,390.35,71351
1778827500,390.3,390.5,389.45,389.95,98170
1778827800,389.95,390.1,389.25,389.8,56242
1778828100,389.8,390.0,389.4,389.55,42365
1778828400,389.55,389.6,388.5,389.1,353797
1778828700,389.1,389.5,388.8,389.4,77166
1778829000,389.2,390.4,389.15,390.2,135163
1778829300,390.2,390.75,389.9,390.75,62600
1778829600,390.75,391.0,390.4,390.65,101844
1778829900,390.5,390.8,390.1,390.7,46504
1778830200,390.65,390.95,390.4,390.55,67653
1778830500,390.65,390.9,390.15,390.75,64377
1778830800,390.75,390.75,390.4,390.45,45181
1778831100,390.45,391.25,390.3,391.2,57599
1778831400,391.25,391.4,390.8,391.2,78108
1778831700,391.15,391.5,391.0,391.5,69529
1778832000,391.5,391.6,390.9,391.3,155850
1778832300,391.25,391.6,390.65,390.85,121745
1778832600,390.8,391.0,390.4,390.7,156723
1778832900,390.75,391.1,390.1,390.3,140409
1778833200,390.2,390.5,389.65,390.3,157381
1778833500,390.3,390.45,389.45,389.9,160779
1778833800,389.9,390.05,389.45,389.7,170203
1778834100,389.7,389.95,389.15,389.95,221882
1778834400,389.9,390.5,389.8,390.5,324116
1778834700,390.5,390.5,388.05,388.8,940337
1778835000,388.8,388.9,388.0,388.35,245395
1778835300,388.3,388.45,387.5,387.95,249073
1778835600,387.95,388.35,387.55,388.3,284923
1778835900,388.3,388.8,388.0,388.25,523714
1778836200,388.25,388.4,387.8,387.95,225679
1778836500,388.0,388.0,386.7,386.75,388928
1778836800,386.8,386.8,386.05,386.8,440799
1778837100,386.75,387.5,386.45,387.3,422998
1778837400,387.3,387.3,386.4,387.3,378895
1778837700,387.3,387.4,386.6,386.9,297498
1778838000,386.9,387.55,386.75,387.55,475793
1778838300,387.4,387.55,386.4,386.75,660226
1778838600,386.75,387.7,386.75,387.55,527395
1778838900,387.55,388.5,387.15,388.5,310979
1779075900,382.0,385.35,380.65,384.8,408154
1779076200,384.8,384.8,383.5,384.2,156340
1779076500,384.2,384.45,382.2,382.3,109966
1779076800,382.1,383.5,382.1,383.35,97624
1779077100,383.35,383.4,382.4,382.85,86453
1779077400,382.9,382.9,381.75,381.95,103072
1779077700,382.0,382.0,381.0,381.1,77235
1779078000,381.1,382.0,381.05,381.9,97446
1779078300,381.95,382.15,381.45,382.05,103923
1779078600,381.95,382.05,381.25,381.45,64951
1779078900,381.75,381.75,380.85,381.4,110125
1779079200,381.35,381.45,380.9,380.95,59231
1779079500,381.1,381.5,380.3,381.5,94681
1779079800,381.7,381.8,381.15,381.25,125305
1779080100,381.4,381.45,380.55,380.95,77873
1779080400,380.95,381.85,380.7,381.85,80424
1779080700,381.9,382.05,381.6,381.75,78138
1779081000,381.7,381.85,381.25,381.65,85739
1779081300,381.65,382.05,381.35,381.85,70988
1779081600,381.65,382.1,381.6,382.1,70918
1779081900,382.1,382.45,381.95,382.4,81095
1779082200,382.4,382.85,381.65,382.55,112517
1779082500,382.55,382.95,382.25,382.8,95784
1779082800,382.7,382.95,382.4,382.9,96853
1779083100,382.7,383.1,382.3,382.65,106572
1779083400,382.65,383.15,382.15,383.05,142554
1779083700,383.1,383.5,382.75,383.4,113441
1779084000,383.4,385.75,383.15,385.05,193063
1779084300,385.05,385.95,384.85,385.85,128634
1779084600,385.8,385.85,384.9,385.2,116278
1779084900,385.1,385.45,384.05,384.35,107835
1779085200,384.35,384.35,383.65,383.7,93582
1779085500,383.8,384.1,383.25,383.25,95586
1779085800,383.3,384.45,383.05,384.3,129183
1779086100,384.3,385.05,384.05,384.85,221040
1779086400,384.9,386.25,384.8,386.1,223159
1779086700,386.1,387.05,385.7,386.45,358834
1779087000,386.2,386.35,385.7,386.2,374561
1779087300,386.2,387.55,386.05,387.15,545747
1779087600,387.15,387.75,386.7,387.6,482662
1779087900,387.6,388.6,387.5,388.1,327620
1779088200,388.1,388.4,387.5,387.75,190761
1779088500,387.65,388.0,387.3,387.65,156787
1779088800,387.75,388.7,387.65,388.4,198520
1779089100,388.55,389.95,388.4,389.85,217233
1779089400,389.9,391.35,389.9,391.2,210346
1779089700,391.2,391.3,389.75,389.8,185058
1779090000,389.8,390.1,389.15,389.9,293021
1779090300,390.0,390.95,389.55,390.7,172110
1779090600,390.7,391.35,390.05,391.35,161797
1779090900,391.45,392.2,391.2,391.6,257668
1779091200,391.5,392.3,391.35,391.75,177529
1779091500,391.85,391.95,390.8,391.1,196159
1779091800,390.9,391.9,390.75,391.75,150640
1779092100,391.75,392.45,391.4,392.4,221030
1779092400,392.4,393.0,392.25,392.8,197904
1779092700,392.75,393.0,392.05,392.25,202524
1779093000,392.25,392.25,391.4,391.8,190063
1779093300,391.8,392.0,391.4,391.4,233209
1779093600,391.5,391.9,391.0,391.85,352114
1779093900,391.85,391.85,391.25,391.65,170633
1779094200,391.65,391.75,390.8,390.8,297151
1779094500,390.75,391.6,390.5,391.1,282136
1779094800,391.1,391.9,390.9,391.5,156070
1779095100,391.5,391.6,390.15,390.35,165907
1779095400,390.15,391.15,390.15,390.95,124650
1779095700,390.95,391.2,390.3,390.3,232821
1779096000,390.3,390.75,390.15,390.6,207106
1779096300,390.55,391.15,390.3,390.65,360874
1779096600,390.8,392.6,390.75,392.5,597892
1779096900,392.55,392.6,391.25,391.4,406676
1779097200,391.45,391.9,391.35,391.65,211311
1779097500,391.7,391.7,390.9,391.25,388835
1779097800,391.35,391.85,391.3,391.7,405209
1779098100,391.7,391.75,390.0,390.0,275549
1779162300,388.5,391.8,388.5,389.3,639815
1779162600,389.3,390.2,388.85,389.45,272803
1779162900,389.4,390.5,389.4,389.8,219734
1779163200,389.8,389.95,388.3,388.55,203092
1779163500,388.55,389.15,387.35,389.05,196976
1779163800,389.0,390.2,388.95,389.9,157667
1779164100,390.1,390.1,389.3,389.3,133223
1779164400,389.3,389.65,388.65,389.25,146600
1779164700,389.2,389.2,388.65,388.8,81490
1779165000,388.85,389.2,388.6,388.75,122967
1779165300,388.75,389.2,388.55,388.9,118555
1779165600,388.9,389.45,388.7,389.15,118363
1779165900,389.15,389.4,388.75,388.85,116386
1779166200,388.7,389.0,388.3,388.55,136517
1779166500,388.55,388.9,388.35,388.45,81933
1779166800,388.5,388.85,388.35,388.45,107506
1779167100,388.55,388.6,388.3,388.5,67358
1779167400,388.5,388.95,388.3,388.75,160604
1779167700,388.7,389.25,388.7,388.85,95961
1779168000,388.8,389.3,388.2,388.3,307716
1779168300,388.25,388.75,388.25,388.5,193374
1779168600,388.65,389.4,388.5,388.5,181643
1779168900,388.5,388.5,387.7,388.05,169476
1779169200,388.05,388.05,387.3,387.3,428370
1779169500,387.3,387.35,386.35,386.65,371668
1779169800,386.65,386.9,386.55,386.65,62410
1779170100,386.7,386.7,386.3,386.65,88523
1779170400,386.65,386.9,386.4,386.55,70719
1779170700,386.65,387.15,386.5,386.8,316051
1779171000,386.8,387.2,386.75,386.75,135711
1779171300,386.8,386.85,386.5,386.65,91829
1779171600,386.65,386.85,386.6,386.7,96896
1779171900,386.6,387.5,386.5,386.9,568077
1779172200,387.0,387.1,386.6,386.65,113753
1779172500,386.65,386.9,386.5,386.7,76482
1779172800,386.65,386.7,386.5,386.55,46176
1779173100,386.5,386.55,385.8,386.4,403130
1779173400,386.4,387.1,386.1,386.1,120476
1779173700,386.1,386.35,385.55,386.0,130027
1779174000,386.15,386.3,385.75,385.8,237686
1779174300,385.75,385.9,385.5,385.5,118563
1779174600,385.5,385.6,385.0,385.0,221651
1779174900,385.2,385.25,384.3,384.95,399784
1779175200,385.0,385.0,384.7,384.7,152137
1779175500,384.7,385.1,384.6,385.1,193070
1779175800,385.1,386.25,385.0,385.35,274792
1779176100,385.4,385.6,385.0,385.2,99860
1779176400,385.15,385.2,384.85,385.05,62780
1779176700,385.05,385.3,384.75,385.0,156394
1779177000,385.0,385.05,384.8,385.0,109619
1779177300,385.0,385.05,384.95,385.0,138933
1779177600,385.0,385.65,384.95,385.65,389125
1779177900,385.65,385.7,384.5,384.75,161970
1779178200,384.75,384.75,384.1,384.15,89488
1779178500,384.15,384.85,384.0,384.45,148290
1779178800,384.45,384.75,384.25,384.55,97872
1779179100,384.5,384.7,383.4,383.8,332074
1779179400,383.85,384.35,383.5,384.3,275594
1779179700,384.3,384.3,384.0,384.2,191524
1779180000,384.2,384.35,383.65,384.0,538733
1779180300,383.95,384.4,383.85,384.15,109300
1779180600,384.15,385.25,384.05,385.1,448744
1779180900,385.0,385.1,383.7,383.7,276580
1779181200,383.7,383.8,382.0,382.5,1237498
1779181500,382.5,382.7,381.85,382.3,865734
1779181800,382.3,382.4,381.8,382.15,446271
1779182100,382.0,382.1,380.6,380.9,372194
1779182400,380.9,381.25,380.65,380.8,308552
1779182700,380.8,381.25,380.25,381.2,649803
1779183000,381.2,381.9,380.85,381.65,1108014
1779183300,381.55,381.85,381.4,381.5,522855
1779183600,381.45,381.5,380.7,381.4,796662
1779183900,381.35,382.3,381.1,382.3,1479983
1779184200,382.3,383.45,381.75,381.8,1749989
1779184500,381.75,382.7,381.25,382.45,551431
1779248700,376.3,379.85,376.3,379.35,792721
1779249000,379.5,379.55,378.55,378.75,368164
1779249300,378.75,378.9,378.05,378.65,65607
1779249600,378.55,380.35,378.5,380.2,147890
1779249900,380.25,380.3,379.3,379.75,102511
1779250200,379.75,380.25,379.0,380.25,168390
1779250500,380.15,380.4,379.05,379.35,144083
1779250800,379.35,380.0,379.1,379.95,183484
1779251100,379.85,380.0,379.5,379.7,103232
1779251400,379.7,379.75,378.2,378.2,164111
1779251700,378.2,378.2,377.7,377.95,51027
1779252000,377.95,378.2,377.45,378.0,55831
1779252300,377.95,378.65,377.65,378.3,103260
1779252600,378.3,378.35,377.75,377.8,87822
1779252900,377.8,378.95,377.5,378.8,62978
1779253200,378.95,379.95,378.7,379.55,148569
1779253500,379.55,379.95,379.5,379.55,67389
1779253800,379.5,379.55,378.8,378.8,180585
1779254100,378.9,378.95,378.3,378.35,54477
1779254400,378.35,379.2,378.35,378.95,64791
1779254700,378.95,379.75,378.75,379.75,74831
1779255000,380.0,380.4,379.65,380.2,376612
1779255300,380.3,380.4,379.9,380.05,71488
1779255600,380.0,380.6,379.85,380.0,223876
1779255900,380.0,380.1,379.5,380.0,40257
1779256200,379.95,380.65,379.7,380.45,60728
1779256500,380.45,381.35,380.3,381.25,117317
1779256800,381.25,381.7,381.15,381.6,85273
1779257100,381.65,382.2,381.45,381.8,268953
1779257400,381.85,382.2,381.35,381.85,362135
1779257700,381.8,382.65,381.7,382.65,106564
1779258000,382.7,382.85,382.15,382.25,80526
1779258300,382.2,382.5,382.1,382.15,44838
1779258600,382.2,382.2,381.85,382.05,113274
1779258900,382.05,382.2,381.8,381.9,93825
1779259200,381.9,382.45,381.6,382.15,164459
1779259500,382.2,382.6,382.0,382.15,53321
1779259800,382.1,382.7,382.05,382.65,48646
1779260100,382.65,382.7,382.15,382.25,62081
1779260400,382.3,383.3,382.3,382.75,72172
1779260700,382.75,382.8,382.3,382.5,53300
1779261000,382.45,382.75,382.4,382.75,142422
1779261300,382.75,383.0,382.35,382.75,44780
1779261600,382.75,383.0,382.7,383.0,28714
1779261900,383.0,383.25,382.7,383.05,56897
1779262200,383.05,383.2,382.4,382.85,112724
1779262500,382.85,383.0,382.5,383.0,50469
1779262800,383.0,383.5,382.75,383.15,123252
1779263100,383.15,383.2,382.4,382.65,73050
1779263400,382.7,382.95,382.0,382.15,125968
1779263700,382.2,382.4,381.25,381.5,284250
1779264000,381.5,381.55,380.9,381.2,125116
1779264300,381.25,381.65,380.9,381.4,131022
1779264600,381.4,381.45,380.95,381.1,91883
1779264900,381.1,381.25,380.7,380.9,97023
1779265200,380.9,381.4,380.65,381.25,72677
1779265500,381.35,381.9,381.0,381.9,80065
1779265800,382.0,383.05,381.95,382.35,126069
1779266100,382.35,383.0,382.3,383.0,131712
1779266400,383.0,383.2,382.7,382.75,102522
1779266700,382.9,383.3,382.75,383.0,118916
1779267000,382.95,384.0,382.8,383.65,144847
1779267300,383.7,383.75,383.2,383.45,106665
1779267600,383.45,383.85,383.2,383.4,120801
1779267900,383.4,383.75,383.05,383.2,148152
1779268200,383.25,383.75,383.15,383.45,98851
1779268500,383.6,383.8,382.95,383.35,273309
1779268800,383.3,383.8,383.05,383.6,182637
1779269100,383.65,383.9,383.25,383.4,127432
1779269400,383.4,383.45,382.6,382.65,512409
1779269700,382.65,383.25,382.55,383.1,430108
1779270000,383.15,383.8,383.0,383.6,385676
1779270300,383.6,384.05,383.4,383.4,602005
1779270600,383.45,383.6,383.0,383.15,557998
1779270900,383.2,383.2,382.15,383.0,580483
1779335100,384.7,386.45,383.5,383.8,191648
1779335400,383.8,384.6,383.8,384.1,162072
1779335700,384.1,384.15,383.05,383.3,88963
1779336000,383.3,383.5,382.35,382.7,143865
1779336300,382.7,382.9,382.25,382.75,97025
1779336600,382.7,383.95,382.2,383.8,63420
1779336900,383.4,383.7,383.15,383.55,50343
1779337200,383.6,384.8,383.4,384.4,132814
1779337500,384.55,384.9,383.75,383.85,98817
1779337800,383.8,384.6,383.65,383.7,79605
1779338100,383.5,383.65,382.7,382.9,64465
1779338400,382.9,383.45,382.8,383.3,148413
1779338700,383.3,384.5,383.15,384.3,127145
1779339000,384.3,384.5,383.6,383.75,53308
1779339300,383.7,384.0,383.25,383.7,81876
1779339600,383.7,383.85,383.1,383.6,183249
1779339900,383.55,383.6,382.8,383.0,124289
1779340200,382.9,383.35,382.8,383.35,206331
1779340500,383.35,383.9,383.25,383.45,61735
1779340800,383.3,383.45,382.5,383.3,202243
1779341100,383.3,383.4,382.85,383.25,234702
1779341400,383.25,383.25,382.8,383.0,54176
1779341700,382.85,383.0,382.2,382.5,113433
1779342000,382.5,382.5,382.0,382.05,144917
1779342300,382.1,382.3,380.85,381.6,173486
1779342600,381.65,382.3,381.5,382.05,85623
1779342900,382.2,383.0,381.9,382.85,435141
1779343200,383.0,383.35,382.5,383.1,94373
1779343500,383.05,383.35,382.9,383.15,74377
1779343800,383.15,383.15,382.15,382.55,130251
1779344100,382.5,383.05,382.5,382.6,125238
1779344400,382.65,383.45,382.6,382.75,167025
1779344700,382.65,382.8,382.25,382.4,212022
1779345000,382.5,382.65,382.15,382.25,141292
1779345300,382.25,382.55,382.05,382.45,327278
1779345600,382.5,382.9,381.6,381.65,165072
1779345900,381.75,381.75,380.6,381.05,84812
1779346200,381.2,381.2,380.45,380.45,58765
1779346500,380.4,380.55,379.45,379.75,220318
1779346800,379.95,380.05,379.45,379.75,81235
1779347100,379.75,380.0,379.2,379.9,223584
1779347400,379.85,380.0,379.25,379.6,143437
1779347700,379.55,379.8,379.0,379.4,99835
1779348000,379.4,379.9,379.35,379.55,103147
1779348300,379.55,379.55,378.65,378.9,98770
1779348600,378.95,378.95,378.1,378.35,124838
1779348900,378.5,378.6,378.1,378.45,57759
1779349200,378.5,378.7,378.35,378.45,43116
1779349500,378.45,378.65,378.3,378.55,34668
1779349800,378.65,378.65,378.2,378.4,31355
1779350100,378.4,378.85,378.3,378.5,40248
1779350400,378.5,378.8,378.4,378.45,34528
1779350700,378.6,379.5,378.45,379.25,62640
1779351000,379.25,379.8,379.25,379.55,58931
1779351300,379.6,380.4,379.4,379.4,100956
1779351600,379.5,379.6,378.7,379.0,73169
1779351900,379.0,379.1,378.45,379.1,55070
1779352200,379.05,379.05,377.9,378.15,79788
1779352500,378.2,378.8,378.15,378.7,51180
1779352800,378.9,379.5,378.5,379.2,234207
1779353100,379.0,380.15,378.7,380.05,410506
1779353400,380.05,380.4,380.0,380.25,66853
1779353700,380.2,380.35,380.05,380.15,50384
1779354000,380.15,380.8,380.15,380.8,73401
1779354300,380.8,381.3,380.65,380.9,69146
1779354600,380.95,381.7,380.7,381.15,75700
1779354900,381.15,381.55,381.0,381.4,129855
1779355200,381.45,381.75,381.3,381.6,83830
1779355500,381.6,381.9,380.8,381.0,117557
1779355800,381.05,381.55,380.35,380.95,361725
1779356100,380.95,381.15,380.2,380.4,322575
1779356400,380.35,381.1,380.2,381.05,305339
1779356700,381.0,381.1,380.4,380.6,266728
1779357000,380.6,381.15,380.6,381.1,237939
1779357300,381.05,381.55,380.3,381.5,309461
1779421500,381.0,384.2,381.0,383.7,184284
1779421800,383.7,384.9,383.7,384.8,110540
1779422100,384.75,384.95,384.05,384.35,88337
1779422400,384.3,385.7,384.0,385.3,250688
1779422700,385.25,385.7,384.5,384.8,106933
1779423000,384.8,384.85,384.0,384.7,129882
1779423300,384.75,384.95,384.3,384.35,64339
1779423600,384.3,385.25,384.3,384.85,98744
1779423900,385.05,385.15,384.45,384.75,54953
1779424200,384.7,385.3,384.55,384.7,71335
1779424500,384.7,385.7,384.35,385.5,169405
1779424800,385.5,386.1,385.35,385.95,114608
1779425100,385.8,386.2,385.6,385.95,186081
1779425400,386.1,386.1,385.5,385.5,48111
1779425700,385.65,385.65,384.95,385.15,55576
1779426000,385.1,385.85,384.9,385.0,54852
1779426300,385.0,385.45,384.7,384.85,33151
1779426600,384.8,385.45,384.75,385.0,55403
1779426900,385.15,385.25,384.6,384.85,36004
1779427200,384.8,384.85,384.5,384.6,36292
1779427500,384.65,384.75,384.35,384.5,73091
1779427800,384.55,384.6,383.9,384.05,93511
1779428100,384.05,384.45,383.9,384.3,59994
1779428400,384.3,384.65,384.0,384.05,70740
1779428700,384.05,384.25,383.6,383.8,68460
1779429000,383.7,384.0,383.35,383.85,52369
1779429300,384.0,384.0,383.05,383.2,125972
1779429600,383.2,383.4,382.7,382.9,101260
1779429900,382.85,383.0,382.75,383.0,38885
1779430200,382.95,383.75,382.85,383.65,102851
1779430500,383.65,384.8,383.65,384.5,255108
1779430800,384.5,384.55,384.1,384.15,43210
1779431100,384.2,384.3,383.9,384.2,57782
1779431400,384.25,384.35,384.05,384.2,100303
1779431700,384.25,384.5,383.85,383.85,100100
1779432000,383.95,384.45,383.85,384.25,113236
1779432300,384.4,384.95,384.0,384.6,179680
1779432600,384.6,384.6,383.8,383.95,83573
1779432900,383.9,384.25,383.5,383.6,70345
1779433200,383.6,383.6,382.9,383.05,77005
1779433500,383.0,383.65,383.0,383.3,315460
1779433800,383.3,383.85,383.2,383.4,119821
1779434100,383.55,384.8,383.35,384.45,181818
1779434400,384.55,386.1,384.5,385.65,508769
1779434700,385.8,385.8,385.05,385.45,128052
1779435000,385.55,385.8,384.8,385.15,145981
1779435300,385.2,385.25,384.75,385.0,105779
1779435600,385.0,385.1,384.6,384.65,122332
1779435900,384.6,385.05,384.45,384.8,112981
1779436200,384.85,385.2,384.65,385.05,168729
1779436500,384.85,385.35,384.7,385.1,138119
1779436800,385.25,385.75,385.0,385.7,153738
1779437100,385.75,385.75,385.0,385.2,325922
1779437400,385.35,385.85,385.15,385.5,248817
1779437700,385.55,386.3,385.3,385.8,399414
1779438000,385.95,386.1,385.4,385.6,122214
1779438300,385.6,385.7,385.0,385.25,148825
1779438600,385.35,385.5,384.3,384.3,232538
1779438900,384.4,385.1,384.0,385.0,130166
1779439200,385.1,385.1,384.5,384.75,92345
1779439500,384.8,384.95,384.5,384.55,82371
1779439800,384.65,384.7,383.25,384.0,203392
1779440100,384.05,384.05,383.35,383.35,77677
1779440400,383.4,383.9,383.0,383.6,97106
1779440700,383.65,383.65,383.0,383.0,115499
1779441000,383.15,383.4,383.0,383.2,98146
1779441300,383.15,383.5,383.15,383.3,79488
1779441600,383.35,383.5,383.3,383.35,48431
1779441900,383.35,383.4,383.0,383.2,75192
1779442200,383.25,383.85,383.25,383.35,226912
1779442500,383.3,383.4,383.0,383.05,222889
1779442800,383.1,384.35,383.1,384.35,382290
1779443100,384.25,384.8,384.1,384.65,325061
1779443400,384.65,385.0,384.35,385.0,323053
1779443700,385.0,385.25,384.55,384.6,262099
1779680700,388.3,391.05,387.25,389.15,825539
1779681000,389.35,389.95,388.6,389.85,305011
1779681300,390.0,391.3,389.95,390.85,688290
1779681600,391.0,391.1,390.05,391.1,431312
1779681900,391.15,391.15,390.65,390.95,256514
1779682200,391.0,391.95,390.8,391.75,251125
1779682500,391.8,391.85,391.4,391.7,126002
1779682800,391.7,391.85,391.55,391.7,112077
1779683100,391.8,392.0,391.0,391.35,190400
1779683400,391.35,392.0,391.0,391.7,204686
1779683700,391.7,392.0,391.4,391.95,153148
1779684000,392.0,392.0,391.5,391.8,57247
1779684300,391.8,391.9,391.45,391.6,99729
1779684600,391.6,391.6,391.0,391.0,68280
1779684900,391.1,391.35,390.8,391.0,82931
1779685200,391.0,391.95,391.0,391.95,266849
1779685500,391.9,392.15,391.65,392.1,336147
1779685800,392.1,392.5,391.85,392.1,220795
1779686100,392.15,392.65,391.6,392.05,417298
1779686400,392.1,392.2,391.8,392.05,165781
1779686700,392.05,392.1,391.8,392.0,175088
1779687000,392.0,392.05,391.5,391.65,244616
1779687300,391.6,391.8,391.5,391.65,214411
1779687600,391.55,391.9,391.3,391.85,269410
1779687900,391.9,391.95,391.45,391.5,221061
1779688200,391.5,391.75,391.2,391.7,224566
1779688500,391.7,392.0,391.25,392.0,248402
1779688800,392.0,392.0,391.55,391.8,271902
1779689100,392.0,392.1,391.65,392.0,159614
1779689400,391.85,392.75,391.85,392.7,190190
1779689700,392.75,393.6,392.55,393.25,295828
1779690000,393.35,394.65,393.2,394.1,327458
1779690300,394.1,394.6,394.05,394.25,192524
1779690600,394.4,394.4,393.25,393.55,301364
1779690900,393.7,394.35,393.4,394.15,124268
1779691200,394.05,394.9,394.0,394.55,132932
1779691500,394.75,395.15,394.55,395.05,188151
1779691800,394.95,395.0,393.35,393.55,262109
1779692100,393.55,393.6,392.45,392.75,135256
1779692400,392.75,392.85,391.5,392.1,197935
1779692700,392.15,392.5,391.6,391.75,105651
1779693000,391.75,392.2,391.55,391.9,84563
1779693300,391.9,392.0,391.25,391.45,66938
1779693600,391.6,391.9,391.5,391.85,43012
1779693900,391.85,391.9,391.3,391.45,145413
1779694200,391.65,392.15,391.2,392.1,144551
1779694500,392.1,392.35,391.65,392.35,289901
1779694800,392.35,392.75,392.15,392.5,201539
1779695100,392.5,392.7,392.3,392.55,84036
1779695400,392.55,392.65,392.15,392.25,71548
1779695700,392.35,392.5,392.05,392.25,197534
1779696000,392.25,392.25,391.85,392.0,258752
1779696300,392.0,392.0,391.7,392.0,73130
1779696600,392.0,392.0,391.8,391.95,50391
1779696900,391.95,392.0,391.9,392.0,55615
1779697200,391.95,392.35,391.95,392.35,212278
1779697500,392.35,392.4,391.95,392.0,73953
1779697800,392.05,392.3,391.9,392.0,132486
1779698100,392.0,392.0,391.75,392.0,66547
1779698400,391.95,392.25,391.55,391.6,163996
1779698700,391.6,391.8,391.25,391.35,93895
1779699000,391.35,391.7,391.05,391.65,431815
1779699300,391.6,392.0,391.2,391.45,360086
1779699600,391.4,391.5,391.0,391.25,86566
1779699900,391.2,391.3,390.55,390.9,161882
1779700200,390.95,391.5,390.7,391.15,155114
1779700500,391.15,392.65,391.15,392.2,362434
1779700800,392.2,392.75,392.05,392.4,136192
1779701100,392.3,392.45,391.6,391.95,121343
1779701400,391.95,392.1,391.9,391.95,100941
1779701700,392.0,392.25,391.7,392.2,154599
1779702000,392.15,393.25,391.95,392.75,173804
1779702300,392.7,393.05,392.5,392.8,162269
1779702600,392.85,393.0,392.6,392.95,442219
1779702900,392.95,394.5,392.75,393.25,448206
1779767100,392.85,394.95,390.8,391.65,315954
1779767400,391.65,391.95,391.1,391.2,94129
1779767700,391.0,391.2,390.45,391.1,105027
1779768000,391.05,391.2,390.55,390.7,85515
1779768300,390.6,391.5,390.35,391.3,80241
1779768600,391.2,391.5,390.65,390.9,123270
1779768900,390.9,390.9,389.85,390.0,130820
1779769200,389.85,390.15,389.65,389.7,95857
1779769500,389.65,389.75,388.35,389.2,163745
1779769800,389.1,389.25,388.75,389.0,93148
1779770100,389.15,389.3,388.85,389.15,115156
1779770400,389.2,389.65,389.0,389.55,91726
1779770700,389.6,389.75,389.0,389.05,105251
1779771000,389.0,390.2,388.8,390.2,163066
1779771300,390.15,391.0,390.05,390.7,175772
1779771600,390.85,391.3,390.75,391.2,153999
1779771900,391.15,391.4,390.7,391.1,139206
1779772200,391.1,391.4,390.8,391.25,140175
1779772500,391.25,391.4,391.1,391.2,121492
1779772800,391.35,391.5,390.8,391.4,108220
1779773100,391.4,391.75,391.1,391.4,114570
1779773400,391.2,391.65,391.1,391.45,118138
1779773700,391.45,391.55,390.75,391.1,236110
1779774000,391.0,391.3,390.65,390.95,205971
1779774300,390.9,391.25,390.7,390.85,139003
1779774600,390.85,391.1,390.0,390.05,138841
1779774900,390.25,390.4,389.8,389.95,134175
1779775200,390.0,390.35,389.45,390.2,126279
1779775500,390.05,390.75,390.0,390.7,171011
1779775800,390.7,390.8,390.15,390.3,292742
1779776100,390.35,390.6,389.85,390.5,428865
1779776400,390.4,390.65,390.0,390.35,156242
1779776700,390.55,390.6,389.3,389.6,227745
1779777000,389.65,389.9,389.0,389.45,249827
1779777300,389.45,389.7,389.1,389.35,100423
1779777600,389.4,389.75,388.85,389.0,161666
1779777900,389.1,389.45,389.0,389.15,89395
1779778200,389.2,389.3,389.0,389.0,80307
1779778500,389.1,389.2,388.05,388.15,187646
1779778800,388.2,388.55,387.4,387.6,180234
1779779100,387.5,389.0,387.3,388.55,294243
1779779400,388.55,388.8,387.8,387.85,93165
1779779700,388.05,388.05,387.4,387.8,79732
1779780000,387.6,388.45,387.3,388.35,106965
1779780300,388.3,388.35,387.5,388.0,231830
1779780600,388.05,388.1,387.0,387.15,317666
1779780900,387.35,388.0,387.0,387.55,130548
1779781200,387.55,388.2,387.3,387.35,102503
1779781500,387.35,388.1,387.15,388.0,122769
1779781800,388.05,388.75,387.8,388.55,159728
1779782100,388.55,388.75,388.0,388.25,141224
1779782400,388.35,388.5,388.0,388.05,177923
1779782700,388.25,389.0,387.8,388.1,487106
1779783000,388.1,388.4,387.8,387.85,144456
1779783300,387.85,388.35,387.6,387.95,141851
1779783600,387.8,388.05,387.25,387.85,174998
1779783900,387.8,387.85,387.45,387.75,206134
1779784200,387.8,388.15,387.55,387.55,218094
1779784500,387.7,388.2,387.5,388.0,191033
1779784800,388.1,388.2,387.35,388.0,239861
1779785100,388.0,388.25,387.5,387.75,262044
1779785400,387.75,388.25,387.45,387.95,223926
1779785700,388.05,388.45,387.45,388.15,210281
1779786000,388.35,388.4,387.95,388.2,217061
1779786300,388.2,388.25,387.55,387.9,214979
1779786600,387.9,388.15,387.7,388.0,138435
1779786900,388.0,388.15,387.55,387.65,164925
1779787200,387.65,388.0,387.35,387.6,166642
1779787500,387.6,388.2,387.6,387.95,97459
1779787800,388.1,388.3,387.3,388.3,490430
1779788100,388.1,388.65,387.8,388.15,799030
1779788400,388.2,388.55,388.15,388.4,417139
1779788700,388.4,389.05,388.35,388.75,584631
1779789000,388.75,389.5,388.65,389.4,683122
1779789300,389.4,390.0,389.1,389.5,476970
1779853500,388.55,389.15,386.7,388.15,348465
1779853800,388.25,389.15,388.05,389.1,59439
1779854100,389.1,389.15,388.15,388.35,40462
1779854400,388.35,388.35,387.65,388.1,113541
1779854700,388.05,388.15,387.4,387.7,154564
1779855000,387.85,388.45,387.7,388.1,26806
1779855300,388.2,388.2,387.35,387.8,34303
1779855600,387.7,387.85,387.35,387.75,44236
1779855900,387.8,387.85,387.0,387.2,39235
1779856200,387.2,387.95,386.85,387.95,52268
1779856500,388.0,389.4,387.8,389.0,91749
1779856800,389.0,389.75,388.95,389.6,104843
1779857100,389.6,390.5,389.25,389.5,89926
1779857400,389.35,390.0,389.35,389.8,82154
1779857700,389.8,390.1,389.45,389.5,120712
1779858000,389.6,389.8,389.15,389.15,78019
1779858300,389.2,390.0,389.15,389.95,91971
1779858600,389.85,390.05,389.2,389.65,114990
1779858900,389.65,390.0,388.45,388.6,125814
1779859200,388.7,389.4,388.7,389.25,46354
1779859500,389.25,389.55,389.05,389.1,40065
1779859800,389.1,389.35,388.6,389.35,33899
1779860100,389.1,389.75,388.8,389.1,155528
1779860400,389.2,389.55,388.75,389.4,58523
1779860700,389.35,389.95,389.2,389.8,35583
1779861000,389.85,390.1,389.5,389.5,40426
1779861300,389.55,389.85,389.35,389.5,43030
1779861600,389.5,389.85,389.1,389.15,74847
1779861900,389.15,389.45,388.65,388.8,39147
1779862200,388.9,389.0,388.35,388.35,51823
1779862500,388.5,389.25,388.3,389.05,252082
1779862800,389.0,389.45,389.0,389.0,41622
1779863100,389.0,389.35,388.9,389.3,72368
1779863400,389.3,389.4,389.0,389.05,92960
1779863700,389.05,389.15,388.4,388.65,106657
1779864000,388.8,388.9,388.05,388.5,92196
1779864300,388.55,389.3,388.3,389.0,136649
1779864600,389.0,389.6,389.0,389.25,34345
1779864900,389.25,389.45,388.7,388.95,61489
1779865200,389.0,389.25,388.7,389.05,52449
1779865500,388.95,389.45,388.9,389.2,21539
1779865800,389.3,389.3,388.95,388.95,23537
1779866100,389.0,389.05,388.75,388.85,16218
1779866400,388.85,388.9,388.55,388.6,28318
1779866700,388.8,388.8,388.2,388.25,21566
1779867000,388.2,388.4,387.75,388.2,62752
1779867300,388.35,388.85,388.05,388.25,256482
1779867600,388.25,388.65,388.15,388.4,270350
1779867900,388.5,388.75,388.15,388.6,69517
1779868200,388.55,388.85,388.5,388.6,40860
1779868500,388.7,388.7,388.5,388.55,42127
1779868800,388.6,388.65,388.1,388.2,23044
1779869100,388.15,388.65,387.95,387.95,38651
1779869400,387.9,388.3,387.7,388.2,103528
1779869700,388.25,388.4,387.6,388.0,264687
1779870000,388.2,389.0,387.85,388.65,65453
1779870300,388.8,389.2,388.65,388.95,148962
1779870600,389.1,389.55,388.9,388.95,777293
1779870900,388.95,389.85,388.9,389.45,249845
1779871200,389.5,390.0,389.25,389.35,155416
1779871500,389.35,389.65,389.2,389.35,170312
1779871800,389.5,390.0,389.2,389.7,159171
1779872100,389.75,389.9,389.35,389.5,158230
1779872400,389.5,389.65,389.15,389.3,151787
1779872700,389.55,389.55,388.8,389.05,236499
1779873000,389.05,389.2,388.2,388.55,205933
1779873300,388.65,388.65,388.05,388.2,179900
1779873600,388.2,388.35,387.9,388.05,194271
1779873900,388.1,388.9,387.95,388.85,159999
1779874200,388.8,388.8,388.1,388.1,260901
1779874500,388.15,388.85,387.75,388.3,353493
1779874800,388.35,388.65,388.05,388.2,216817
1779875100,388.2,389.2,388.2,389.1,239278
1779875400,389.05,389.35,389.0,389.1,239403
1779875700,389.1,389.8,388.1,389.4,334775
1780026300,388.85,390.4,386.0,388.95,716505
1780026600,389.25,389.9,387.5,387.85,225801
1780026900,387.85,387.85,387.1,387.1,109011
1780027200,387.15,387.4,385.75,386.0,117627
1780027500,386.1,386.85,385.85,385.85,107082
1780027800,386.0,386.25,385.0,385.0,171253
1780028100,385.1,386.05,385.0,386.0,119504
1780028400,386.0,386.75,385.9,386.4,84023
1780028700,386.4,387.3,386.25,387.25,97298
1780029000,387.25,387.75,387.0,387.6,67123
1780029300,387.65,389.75,387.65,389.75,115727
1780029600,389.7,390.3,389.65,390.3,112250
1780029900,390.3,390.45,390.05,390.25,78742
1780030200,390.25,391.2,390.2,391.05,113139
1780030500,391.05,391.15,390.2,390.25,72749
1780030800,390.3,390.4,389.7,389.9,59044
1780031100,389.9,390.4,389.7,390.05,78004
1780031400,390.1,390.3,389.7,390.0,61303
1780031700,390.05,390.45,390.0,390.3,67420
1780032000,390.25,390.5,390.0,390.35,67540
1780032300,390.35,390.75,390.25,390.5,61054
1780032600,390.55,390.7,390.1,390.45,61389
1780032900,390.45,390.75,390.35,390.65,71739
1780033200,390.75,390.8,390.4,390.6,55526
1780033500,390.6,391.0,390.45,391.0,77285
1780033800,391.0,391.75,390.75,391.6,131053
1780034100,391.5,391.6,391.0,391.3,57376
1780034400,391.45,391.7,391.0,391.05,65643
1780034700,391.15,391.45,391.05,391.2,58313
1780035000,391.35,391.45,391.05,391.4,49310
1780035300,391.35,392.1,391.35,391.8,184900
1780035600,391.75,392.45,391.75,392.25,72010
1780035900,392.3,392.55,391.75,392.15,112375
1780036200,392.2,392.25,390.15,390.25,188477
1780036500,390.35,390.45,389.4,389.45,175359
1780036800,389.4,389.45,388.5,388.75,348536
1780037100,388.8,388.85,387.8,388.4,188172
1780037400,388.5,389.0,388.15,389.0,67616
1780037700,389.0,389.85,388.8,389.8,86641
1780038000,389.8,390.45,389.6,390.45,105278
1780038300,390.45,390.45,390.0,390.25,77719
1780038600,390.3,391.0,390.05,390.15,103166
1780038900,390.1,390.4,390.0,390.15,86682
1780039200,390.15,390.3,390.0,390.05,64704
1780039500,390.1,390.15,389.35,389.8,480569
1780039800,389.8,389.8,389.2,389.45,84409
1780040100,389.45,389.5,388.7,388.85,186887
1780040400,388.8,388.9,387.9,388.3,288432
1780040700,388.25,388.55,387.4,387.4,573954
1780041000,387.45,387.5,386.6,386.75,183531
1780041300,386.9,387.6,386.55,386.9,211231
1780041600,387.05,387.5,386.25,386.4,427061
1780041900,386.4,387.2,385.85,386.35,399119
1780042200,386.45,386.9,386.25,386.85,108838
1780042500,386.8,387.1,386.4,386.75,249368
1780042800,386.75,387.0,386.15,386.15,78143
1780043100,386.15,386.8,386.0,386.65,106854
1780043400,386.75,387.0,386.6,386.85,52111
1780043700,386.8,387.3,386.5,387.0,70762
1780044000,387.0,387.05,386.7,386.7,66831
1780044300,386.6,387.0,386.25,386.45,167561
1780044600,386.6,387.0,386.45,386.9,103406
1780044900,386.9,387.4,386.85,387.15,149145
1780045200,387.25,388.0,387.2,387.6,111078
1780045500,387.7,388.35,387.7,387.85,114416
1780045800,387.95,388.15,387.4,387.85,145907
1780046100,388.0,388.2,387.55,387.85,261956
1780046400,387.9,388.1,386.95,387.0,244634
1780046700,387.0,387.3,386.25,387.15,278496
1780047000,386.9,386.95,381.9,383.65,5790216
1780047300,383.75,385.95,383.05,385.35,5532657
1780047600,385.4,385.75,383.85,384.75,5606569
1780047900,384.65,385.5,383.55,385.25,4595946
1780048200,385.2,385.25,381.95,382.25,4325440
1780048500,382.25,387.4,381.25,385.65,3840572
1780285500,384.15,387.0,381.0,383.8,816270
1780285800,384.1,384.45,382.95,383.05,304116
1780286100,383.2,383.45,382.1,383.05,327299
1780286400,383.0,383.45,382.55,383.4,207290
1780286700,383.45,383.65,382.2,383.5,141953
1780287000,383.5,384.0,382.4,382.55,156119
1780287300,382.6,383.2,382.35,383.2,73391
1780287600,383.15,383.45,382.75,383.0,82145
1780287900,383.0,383.2,382.2,382.2,86241
1780288200,382.35,383.0,381.55,381.55,113676
1780288500,381.55,382.4,381.55,382.35,286837
1780288800,382.35,382.45,381.55,381.8,88031
1780289100,381.75,382.45,381.3,381.75,102630
1780289400,381.6,381.85,381.1,381.25,42622
1780289700,381.25,381.4,379.7,379.9,349374
1780290000,379.9,380.15,379.4,379.8,86489
1780290300,379.75,380.6,379.7,380.15,108357
1780290600,380.2,380.65,379.7,380.35,127152
1780290900,380.35,381.75,380.3,381.3,817700
1780291200,381.3,381.3,380.1,380.55,388398
1780291500,380.55,380.85,380.15,380.25,137855
1780291800,380.4,380.7,380.15,380.45,103509
1780292100,380.5,380.8,380.0,380.65,90139
1780292400,380.7,380.85,380.05,380.6,118843
1780292700,380.7,380.7,380.0,380.45,116302
1780293000,380.45,380.45,379.9,379.9,74053
1780293300,380.0,380.1,379.05,379.3,102941
1780293600,379.3,379.55,379.1,379.15,69162
1780293900,379.3,379.9,379.25,379.5,65752
1780294200,379.55,379.95,379.25,379.7,123396
1780294500,379.7,379.85,379.2,379.6,94025
1780294800,379.75,379.95,379.25,379.6,66811
1780295100,379.55,379.55,378.0,378.1,161821
1780295400,378.15,378.75,378.05,378.55,80638
1780295700,378.6,379.1,378.35,378.8,146832
1780296000,378.8,379.4,378.4,379.2,376450
1780296300,379.1,380.05,378.85,380.0,278547
1780296600,380.0,380.05,379.25,379.4,62108
1780296900,379.4,379.7,379.15,379.7,55820
1780297200,379.7,380.15,379.5,380.0,397948
1780297500,380.0,380.0,379.7,380.0,30578
1780297800,380.0,380.05,379.35,379.5,43443
1780298100,379.5,380.05,379.3,379.9,38207
1780298400,379.9,380.2,379.65,379.85,41881
1780298700,379.85,379.85,379.05,379.35,39020
1780299000,379.35,379.35,378.35,378.55,71965
1780299300,378.6,378.7,377.7,377.85,69046
1780299600,377.85,378.05,377.55,377.95,53611
1780299900,377.9,378.4,377.8,378.25,46889
1780300200,378.25,378.85,377.85,377.85,128780
1780300500,377.85,377.95,377.15,377.9,70774
1780300800,377.9,378.0,377.6,377.9,59899
1780301100,377.8,377.95,377.55,377.85,37617
1780301400,377.8,377.85,377.2,377.35,35409
1780301700,377.2,377.45,376.75,376.95,88249
1780302000,377.2,377.25,376.9,377.05,75091
1780302300,376.9,377.45,376.85,377.25,80138
1780302600,377.3,377.85,376.85,377.75,301933
1780302900,377.85,378.0,377.1,377.7,163767
1780303200,377.55,377.7,377.0,377.25,73227
1780303500,377.1,377.4,376.65,377.0,115526
1780303800,377.0,377.35,376.7,376.9,170122
1780304100,376.75,377.35,376.6,376.7,64044
1780304400,376.7,376.95,376.2,376.8,84269
1780304700,376.9,376.95,376.3,376.7,239902
1780305000,376.7,377.0,376.15,376.55,289123
1780305300,376.65,377.0,376.35,376.35,197342
1780305600,376.45,376.7,375.75,376.05,208247
1780305900,376.0,376.3,375.65,376.1,302342
1780306200,376.0,377.75,376.0,377.75,260388
1780306500,377.7,378.2,377.2,378.05,279712
1780306800,378.05,378.3,376.9,377.0,285447
1780307100,376.95,377.45,376.75,376.95,257683
1780307400,376.95,377.45,376.85,377.4,295446
1780307700,377.4,378.0,377.15,378.0,259184
1780371900,373.0,376.05,372.2,374.7,704814
1780372200,374.7,375.15,374.1,374.95,212403
1780372500,374.95,375.75,374.55,375.4,170636
1780372800,375.3,375.6,374.3,375.6,220432
1780373100,375.6,376.25,375.45,375.9,144599
1780373400,375.85,375.85,374.2,374.9,169372
1780373700,374.95,375.65,374.75,375.45,162828
1780374000,375.35,375.9,374.9,375.6,112524
1780374300,375.8,376.0,375.0,375.55,130600
1780374600,375.7,376.4,375.5,376.15,150691
1780374900,376.1,376.45,375.45,375.85,139386
1780375200,375.85,375.85,375.3,375.3,108638
1780375500,375.35,377.3,375.1,377.15,205647
1780375800,377.1,378.25,377.1,378.1,133658
1780376100,378.05,378.65,378.0,378.25,132137
1780376400,378.35,378.55,377.6,378.0,115277
1780376700,377.9,378.4,377.65,377.8,166920
1780377000,377.85,378.1,377.4,378.0,152397
1780377300,377.8,378.7,377.75,378.35,132552
1780377600,378.3,378.45,377.5,377.75,136025
1780377900,377.85,378.65,377.5,378.6,105287
1780378200,378.45,379.0,378.3,378.55,139583
1780378500,378.55,378.75,377.8,377.8,126054
1780378800,377.85,378.8,377.7,378.25,176885
1780379100,378.25,378.25,377.0,377.4,141203
1780379400,377.4,379.1,377.25,378.75,130635
1780379700,378.85,378.85,377.5,377.75,103811
1780380000,377.75,378.5,377.75,378.35,96710
1780380300,378.35,378.4,376.7,376.75,130239
1780380600,376.7,377.4,376.55,377.0,93284
1780380900,377.0,377.35,376.65,377.0,102917
1780381200,377.0,377.2,376.8,376.9,78091
1780381500,377.0,377.3,376.3,376.45,85527
1780381800,376.55,377.3,376.3,377.1,84972
1780382100,377.0,377.6,376.75,377.4,108334
1780382400,377.35,377.55,376.95,376.95,126825
1780382700,376.95,377.55,376.8,377.4,98798
1780383000,377.25,377.55,377.2,377.2,80891
1780383300,377.35,377.4,376.55,376.75,96247
1780383600,376.75,378.25,376.5,377.8,190589
1780383900,377.75,378.25,377.6,378.05,102726
1780384200,378.05,379.0,377.9,378.85,100162
1780384500,378.85,380.5,378.85,380.2,218070
1780384800,380.1,380.85,379.85,380.05,144974
1780385100,380.15,381.35,379.85,380.85,335186
1780385400,380.85,381.0,380.45,380.7,187615
1780385700,380.7,381.15,380.6,380.65,130300
1780386000,380.65,381.5,380.2,380.8,178133
1780386300,380.9,381.1,380.75,380.8,81910
1780386600,380.85,380.95,380.3,380.85,269164
1780386900,380.85,381.05,380.3,381.0,268208
1780387200,381.0,381.55,380.75,381.15,152220
1780387500,381.15,381.2,380.5,380.95,76330
1780387800,381.0,381.3,380.55,380.85,77229
1780388100,380.85,381.15,380.55,380.8,150802
1780388400,380.65,381.1,380.5,380.85,93527
1780388700,380.85,381.25,380.5,381.15,94345
1780389000,381.05,381.1,380.65,381.0,106881
1780389300,381.0,381.5,380.95,381.45,107087
1780389600,381.45,381.5,381.2,381.45,117952
1780389900,381.45,381.5,380.8,380.85,133601
1780390200,380.95,381.5,380.85,381.4,169895
1780390500,381.35,381.35,380.05,380.3,243309
1780390800,380.45,380.5,380.1,380.35,106714
1780391100,380.4,380.45,380.0,380.05,138801
1780391400,380.0,380.45,380.0,380.1,337292
1780391700,380.1,380.35,379.95,380.1,183597
1780392000,380.15,380.4,380.0,380.1,101027
1780392300,380.0,380.15,379.95,380.0,290614
1780392600,380.05,380.35,380.0,380.2,416860
1780392900,380.2,380.6,380.05,380.35,370420
1780393200,380.55,380.65,380.1,380.2,309358
1780393500,380.2,380.5,379.45,379.95,462142
1780393800,379.85,379.85,376.95,379.2,2244333
1780394100,379.25,380.0,378.3,379.9,390200
1780458300,377.6,378.85,375.4,376.15,288655
1780458600,376.25,377.3,375.9,376.75,115347
1780458900,376.75,377.0,375.85,376.45,47085
1780459200,376.55,376.55,375.25,375.45,75715
1780459500,375.45,376.8,375.2,376.7,58988
1780459800,376.75,377.65,376.45,377.5,200252
1780460100,377.6,378.55,377.5,378.4,37992
1780460400,378.3,379.3,378.3,378.65,83674
1780460700,378.4,379.25,377.9,378.95,53606
1780461000,379.0,379.8,378.55,379.65,52879
1780461300,379.75,379.9,378.9,378.95,60261
1780461600,378.95,379.05,378.45,378.8,31616
1780461900,378.85,379.25,378.4,378.9,36875
1780462200,378.95,379.4,378.4,378.4,43948
1780462500,378.5,379.1,378.1,378.85,154249
1780462800,378.8,378.8,377.55,377.55,89151
1780463100,377.7,378.15,377.5,377.85,88597
1780463400,377.8,377.95,377.2,377.35,139772
1780463700,377.25,377.65,377.05,377.6,98637
1780464000,377.65,377.7,377.05,377.45,106896
1780464300,377.45,377.8,377.05,377.35,85564
1780464600,377.25,378.05,377.05,377.85,123974
1780464900,377.95,377.95,377.3,377.45,80438
1780465200,377.5,377.65,376.9,377.2,114293
1780465500,377.15,377.5,376.9,377.25,97227
1780465800,377.3,377.65,376.95,377.2,100225
1780466100,377.2,377.25,376.8,376.95,86658
1780466400,376.9,377.75,376.9,377.6,136551
1780466700,377.5,377.6,376.4,376.5,148444
1780467000,376.6,376.65,375.8,376.05,95966
1780467300,376.0,376.35,375.6,376.2,224662
1780467600,376.25,378.0,375.8,376.95,573807
1780467900,376.95,376.95,376.1,376.2,161454
1780468200,376.2,376.65,375.1,375.55,102683
1780468500,375.45,376.3,375.35,376.1,146457
1780468800,376.05,376.05,375.2,375.65,282020
1780469100,375.5,375.8,375.35,375.4,114189
1780469400,375.45,376.3,375.4,376.3,169352
1780469700,376.15,377.55,375.9,377.55,247863
1780470000,377.55,379.65,377.3,379.3,582194
1780470300,379.3,380.35,378.9,379.95,460408
1780470600,379.9,381.05,379.8,380.4,145939
1780470900,380.5,380.95,379.7,379.9,137500
1780471200,379.9,379.9,378.85,378.9,460302
1780471500,378.85,379.45,378.85,379.25,220766
1780471800,379.35,379.5,378.95,379.25,134213
1780472100,379.25,379.5,378.75,378.9,213095
1780472400,378.9,379.3,378.7,379.25,101811
1780472700,379.45,379.9,379.05,379.55,343339
1780473000,379.55,380.3,379.4,379.75,132028
1780473300,379.9,380.0,379.35,379.65,119401
1780473600,379.8,380.45,379.7,380.35,231547
1780473900,380.45,380.45,379.45,379.5,391022
1780474200,379.6,379.9,379.2,379.5,134601
1780474500,379.5,382.0,379.35,381.15,229855
1780474800,381.2,381.2,380.55,380.85,113544
1780475100,380.9,381.1,380.25,380.4,226011
1780475400,380.4,381.4,380.4,381.3,130639
1780475700,381.15,381.6,380.65,381.1,148688
1780476000,381.1,381.5,380.65,381.45,174514
1780476300,381.45,382.0,381.15,381.8,135742
1780476600,381.85,382.9,381.65,382.6,207727
1780476900,382.65,383.1,381.8,382.0,265832
1780477200,382.05,382.75,381.8,382.6,140366
1780477500,382.6,382.85,382.25,382.7,131303
1780477800,382.8,383.45,382.1,382.3,160445
1780478100,382.3,382.8,382.0,382.3,190477
1780478400,382.35,382.45,381.35,381.45,217433
1780478700,381.65,381.75,380.9,381.6,302180
1780479000,381.55,381.7,380.15,380.95,556446
1780479300,380.9,381.2,379.6,379.9,556694
1780479600,380.0,380.5,379.75,380.5,410604
1780479900,380.45,381.0,380.35,381.0,450405
1780480200,380.95,381.7,380.9,381.35,639721
1780480500,381.6,382.55,380.4,382.45,675192
1780544700,378.5,380.15,378.25,379.1,658856
1780545000,379.1,379.3,378.1,378.3,214004
1780545300,378.25,379.2,377.9,378.5,174553
1780545600,378.55,380.0,378.05,379.4,814744
1780545900,379.35,379.45,378.2,378.2,202950
1780546200,378.35,379.85,378.0,379.85,158978
1780546500,379.7,381.5,379.7,381.5,150651
1780546800,381.5,381.7,381.05,381.6,122165
1780547100,381.65,382.4,381.35,382.05,105408
1780547400,381.95,382.5,381.75,382.4,89590
1780547700,382.4,382.8,382.3,382.3,92233
1780548000,382.3,382.8,382.25,382.7,62679
1780548300,382.8,383.1,382.2,382.95,72488
1780548600,382.95,383.45,382.9,383.2,64702
1780548900,383.2,383.5,382.9,382.9,36185
1780549200,383.0,383.2,382.35,382.4,66536
1780549500,382.45,382.95,382.05,382.45,191466
1780549800,382.5,382.7,381.6,381.85,40565
1780550100,381.95,383.05,381.85,382.6,98532
1780550400,382.7,383.65,382.1,383.35,267169
1780550700,383.3,383.8,383.0,383.1,158459
1780551000,383.0,383.3,381.8,382.3,744787
1780551300,382.2,382.2,381.45,381.65,128799
1780551600,381.7,382.05,380.85,381.4,92548
1780551900,381.3,381.5,380.95,380.95,58441
1780552200,380.95,381.5,380.8,381.1,113892
1780552500,381.15,381.15,380.6,380.9,79445
1780552800,380.95,381.1,380.15,381.1,81773
1780553100,381.1,382.0,381.0,381.9,204374
1780553400,381.9,382.25,381.65,381.8,232713
1780553700,381.9,382.0,381.6,381.85,68457
1780554000,381.85,382.0,380.7,380.8,88833
1780554300,380.75,381.65,380.7,381.5,83008
1780554600,381.45,382.5,381.4,382.0,234599
1780554900,382.0,382.45,382.0,382.25,69234
1780555200,382.2,382.35,382.0,382.35,160945
1780555500,382.35,382.45,382.05,382.1,172419
1780555800,382.15,382.6,382.0,382.55,393127
1780556100,382.6,384.0,382.3,383.8,620553
1780556400,383.9,384.0,382.5,382.5,136932
1780556700,382.6,382.6,381.4,381.55,262268
1780557000,381.7,382.0,380.9,381.65,810437
1780557300,381.7,381.9,381.2,381.35,217826
1780557600,381.35,381.5,381.0,381.25,76126
1780557900,381.3,381.7,381.1,381.6,150870
1780558200,381.7,381.7,381.2,381.2,82942
1780558500,381.25,381.25,380.3,380.9,94902
1780558800,380.85,380.9,379.2,379.25,108889
1780559100,379.25,379.5,378.65,379.1,161389
1780559400,379.2,379.55,378.85,379.45,140099
1780559700,379.4,380.1,379.25,379.85,75401
1780560000,379.7,379.95,379.35,379.65,98403
1780560300,379.75,380.5,379.75,380.2,65011
1780560600,380.3,380.35,379.75,380.1,78628
1780560900,379.95,380.35,379.95,380.1,83799
1780561200,380.2,380.5,379.6,380.4,118610
1780561500,380.3,380.3,379.6,380.2,115409
1780561800,380.1,381.35,380.1,381.15,116139
1780562100,381.2,381.45,380.95,381.45,72267
1780562400,381.45,381.65,381.15,381.35,126593
1780562700,381.4,381.8,381.3,381.45,115725
1780563000,381.6,381.8,381.35,381.75,100859
1780563300,381.75,382.35,381.7,382.25,85236
1780563600,382.2,382.85,382.0,382.7,224512
1780563900,382.7,383.25,382.25,382.8,204216
1780564200,382.8,382.9,382.25,382.55,64370
1780564500,382.55,383.15,382.45,382.6,106630
1780564800,382.75,382.95,381.4,381.55,134918
1780565100,381.5,381.7,380.95,381.15,160501
1780565400,381.15,381.35,380.55,381.15,296740
1780565700,381.15,381.35,380.8,381.25,345949
1780566000,381.3,381.75,381.1,381.75,276499
1780566300,381.75,381.95,381.55,381.95,282772
1780566600,381.9,382.0,381.4,381.9,415154
1780566900,381.9,382.7,381.5,381.5,302107
1780631100,381.5,383.7,380.0,380.2,286020
1780631400,380.3,381.0,380.0,380.35,59530
1780631700,380.55,380.9,380.0,380.7,30967
1780632000,380.7,381.5,380.65,381.3,51090
1780632300,381.1,381.65,380.6,380.85,84668
1780632600,380.9,381.75,380.7,381.35,56630
1780632900,381.2,381.4,380.0,380.0,33146
1780633200,380.0,382.3,379.75,382.3,459503
1780633500,382.15,382.65,380.9,381.35,441377
1780633800,381.4,382.05,380.9,381.4,60109
1780634100,381.3,381.9,380.7,381.75,52468
1780634400,381.75,382.4,380.15,380.45,76561
1780634700,380.6,382.0,380.2,381.6,55586
1780635000,381.75,381.9,381.2,381.85,29186
1780635300,381.7,382.4,381.55,381.55,46756
1780635600,381.75,381.75,380.0,380.0,55215
1780635900,380.05,380.3,378.5,378.7,84606
1780636200,378.85,379.45,378.5,379.35,57503
1780636500,379.1,379.65,378.15,379.6,71311
1780636800,379.5,379.75,379.0,379.05,35454
1780637100,379.0,379.8,378.7,379.7,45085
1780637400,379.7,380.7,379.5,380.7,62998
1780637700,380.6,382.25,380.45,380.75,306685
1780638000,381.05,381.3,380.0,380.35,336798
1780638300,380.45,380.45,379.5,379.75,86713
1780638600,379.75,379.75,378.8,379.45,75433
1780638900,379.45,379.55,379.0,379.4,39866
1780639200,379.55,380.05,379.4,379.65,65746
1780639500,379.5,379.95,379.35,379.6,70388
1780639800,379.8,381.2,379.55,381.0,587723
1780640100,380.85,381.75,380.65,381.1,177049
1780640400,381.35,381.35,380.8,380.95,82207
1780640700,381.0,381.15,380.25,380.45,166981
1780641000,380.4,380.95,380.25,380.8,44803
1780641300,380.9,381.0,380.5,380.7,45661
1780641600,380.6,380.85,380.15,380.6,61352
1780641900,380.6,380.8,379.9,380.3,113938
1780642200,380.45,380.55,380.15,380.25,52396
1780642500,380.45,380.75,380.15,380.15,36496
1780642800,380.3,380.3,379.2,379.3,63642
1780643100,379.45,379.5,378.65,378.95,86811
1780643400,379.1,379.3,378.8,378.8,40917
1780643700,379.0,379.1,378.6,378.75,41942
1780644000,378.9,378.9,377.95,378.15,229667
1780644300,377.95,378.8,377.95,378.3,69996
1780644600,378.2,378.35,377.8,378.0,85139
1780644900,378.15,378.5,377.9,377.95,64035
1780645200,378.0,378.35,377.85,378.0,36100
1780645500,377.95,378.25,377.8,378.05,39035
1780645800,378.1,378.15,377.3,377.6,56852
1780646100,377.55,377.85,376.8,376.8,52977
1780646400,376.9,377.25,376.5,376.95,49082
1780646700,376.85,377.45,376.85,377.2,30911
1780647000,377.2,377.45,376.5,377.1,51606
1780647300,376.9,377.45,376.8,377.3,34115
1780647600,377.35,377.6,376.85,377.55,413002
1780647900,377.6,377.65,377.3,377.4,520678
1780648200,377.4,377.65,376.7,376.8,98737
1780648500,376.9,376.95,376.5,376.55,29309
1780648800,376.55,376.65,375.55,375.8,105151
1780649100,375.8,375.85,374.95,375.05,423641
1780649400,375.05,376.35,374.65,376.15,128059
1780649700,376.3,376.5,375.7,376.0,147506
1780650000,376.0,376.3,375.8,375.85,57715
1780650300,375.85,375.85,375.0,375.45,168601
1780650600,375.45,377.5,375.35,377.35,85567
1780650900,377.5,378.5,376.8,377.05,173603
1780651200,377.15,377.6,376.85,377.05,38846
1780651500,377.15,377.5,376.7,377.0,63638
1780651800,377.0,377.75,376.15,377.65,236838
1780652100,377.8,377.85,377.1,377.2,194790
1780652400,377.35,377.55,376.95,377.55,573867
1780652700,377.5,377.6,376.75,376.8,264406
1780653000,376.9,378.15,376.85,378.05,401429
1780653300,378.0,378.75,376.35,376.95,362084
1780890300,373.0,374.85,372.7,374.45,761229
1780890600,374.15,375.9,373.55,375.45,185603
1780890900,375.45,375.9,374.65,375.3,186654
1780891200,375.3,375.6,374.95,375.45,103319
1780891500,375.25,375.45,374.5,374.9,84789
1780891800,374.8,375.3,374.5,374.9,80081
1780892100,374.9,375.3,374.0,374.0,86839
1780892400,374.3,375.05,374.0,374.95,303625
1780892700,375.0,375.5,374.95,375.35,88221
1780893000,375.4,375.4,374.55,374.55,144534
1780893300,374.65,375.8,374.5,375.8,94609
1780893600,375.7,376.4,375.7,375.95,79170
1780893900,375.95,376.05,375.65,375.9,78078
1780894200,375.95,376.05,375.5,375.55,89419
1780894500,375.5,376.75,375.5,376.6,103515
1780894800,376.6,377.25,376.55,377.1,99050
1780895100,377.25,377.4,376.65,376.8,68942
1780895400,376.8,377.0,376.45,376.55,74870
1780895700,376.6,376.8,376.35,376.75,71944
1780896000,376.75,377.0,376.55,376.8,93101
1780896300,376.8,377.0,376.45,376.85,108031
1780896600,376.9,376.95,376.5,376.75,310213
1780896900,376.8,377.15,376.5,377.0,139557
1780897200,376.95,377.2,376.65,376.8,115493
1780897500,376.75,376.9,375.75,375.85,194218
1780897800,375.85,376.35,375.8,376.35,249969
1780898100,376.4,376.7,376.0,376.65,198938
1780898400,376.6,376.7,376.15,376.65,158398
1780898700,376.6,377.1,376.45,376.5,132070
1780899000,376.7,377.0,376.3,376.35,399418
1780899300,376.35,377.0,376.0,376.95,325044
1780899600,377.0,377.2,376.7,377.05,146795
1780899900,377.1,377.35,376.7,376.95,187980
1780900200,377.0,377.15,376.7,377.0,239891
1780900500,376.9,377.0,376.45,376.8,280843
1780900800,376.8,377.1,376.6,377.05,234631
1780901100,377.05,377.2,376.8,377.0,90983
1780901400,377.1,377.3,376.95,377.3,102858
1780901700,377.3,377.35,376.85,377.3,236991
1780902000,377.3,377.9,377.2,377.45,91182
1780902300,377.55,377.85,377.25,377.4,108147
1780902600,377.4,378.0,377.25,377.9,261355
1780902900,377.9,378.0,377.65,377.9,119467
1780903200,377.85,378.9,377.65,377.7,311721
1780903500,377.75,378.0,377.35,377.4,268035
1780903800,377.4,377.9,377.25,377.4,291052
1780904100,377.45,377.55,376.85,376.9,509457
1780904400,376.85,377.15,376.5,377.1,381029
1780904700,377.15,377.25,376.9,376.95,311320
1780905000,377.0,377.3,376.65,377.05,177945
1780905300,377.1,377.2,377.0,377.2,82627
1780905600,377.25,377.45,377.0,377.05,70691
1780905900,377.15,377.3,376.85,377.2,81342
1780906200,377.25,377.3,376.6,376.65,133453
1780906500,376.65,377.0,376.55,376.9,114648
1780906800,376.95,377.0,376.45,376.8,149224
1780907100,376.75,376.8,376.5,376.8,166210
1780907400,376.8,377.0,376.5,377.0,264579
1780907700,376.95,377.0,376.2,376.4,195066
1780908000,376.4,376.45,376.0,376.15,155260
1780908300,376.15,376.85,376.0,376.8,122871
1780908600,376.7,376.95,376.3,376.45,117665
1780908900,376.45,376.7,376.3,376.6,117546
1780909200,376.65,376.8,376.35,376.8,129415
1780909500,376.7,376.85,376.25,376.7,262940
1780909800,376.65,377.25,376.65,377.25,92279
1780910100,377.25,377.3,376.85,377.05,143612
1780910400,377.05,377.1,376.8,376.95,140167
1780910700,376.95,377.9,376.7,377.7,196077
1780911000,377.7,377.7,376.55,376.6,426483
1780911300,376.6,377.4,376.5,377.25,304854
1780911600,377.25,377.4,377.0,377.3,209176
1780911900,377.3,377.4,377.2,377.3,181346
1780912200,377.25,377.35,377.0,377.25,314137
1780912500,377.2,378.05,376.1,376.85,694294
1780976700,379.7,379.7,377.3,379.25,244436
1780977000,379.05,380.6,379.05,380.15,323946
1780977300,380.2,381.05,380.2,380.65,123766
1780977600,380.9,381.55,380.0,380.65,590020
1780977900,380.8,381.1,380.1,380.45,88406
1780978200,380.35,381.05,380.25,380.8,143125
1780978500,380.8,381.35,380.4,380.4,44576
1780978800,380.65,381.65,380.45,381.45,98640
1780979100,381.55,381.55,381.0,381.4,51405
1780979400,381.3,382.2,381.3,381.7,296422
1780979700,381.7,382.25,381.7,382.2,48317
1780980000,382.2,382.35,381.9,382.15,75374
1780980300,382.1,382.3,381.85,382.0,52543
1780980600,382.0,382.25,381.15,381.6,70656
1780980900,381.6,382.05,381.4,381.65,79947
1780981200,381.65,381.65,380.95,381.25,30564
1780981500,381.2,381.5,380.55,380.75,343394
1780981800,380.75,381.0,379.45,379.45,282846
1780982100,379.45,379.65,378.3,378.45,209058
1780982400,378.45,379.45,378.45,379.4,43913
1780982700,379.45,379.5,378.85,379.1,70511
1780983000,379.0,379.05,378.55,378.6,58624
1780983300,378.6,378.8,378.5,378.6,19441
1780983600,378.6,378.65,378.15,378.45,41648
1780983900,378.45,378.45,378.05,378.4,32483
1780984200,378.3,378.45,377.65,377.85,278908
1780984500,377.9,378.45,377.7,378.2,76402
1780984800,378.2,378.9,378.2,378.6,95912
1780985100,378.65,379.5,378.6,379.2,261182
1780985400,379.3,379.35,378.45,379.0,67869
1780985700,378.9,380.15,378.55,379.7,126871
1780986000,379.7,379.95,379.05,379.2,80118
1780986300,379.2,379.45,378.8,378.8,44085
1780986600,378.95,379.2,378.6,378.9,57359
1780986900,378.9,378.9,378.5,378.7,25595
1780987200,378.65,379.2,378.3,378.5,70698
1780987500,378.35,379.3,378.35,379.1,77952
1780987800,379.15,379.7,378.9,379.0,80925
1780988100,379.1,379.45,378.9,379.3,52207
1780988400,379.35,380.2,379.3,379.95,149351
1780988700,380.0,380.4,379.9,380.35,76178
1780989000,380.3,380.35,379.7,380.05,477861
1780989300,379.95,380.3,379.85,380.25,403534
1780989600,380.2,380.3,380.0,380.1,175487
1780989900,380.0,380.1,379.55,380.1,521869
1780990200,380.1,380.2,379.65,379.75,1277240
1780990500,379.75,380.0,379.45,379.85,102474
1780990800,379.8,380.0,379.75,379.9,254311
1780991100,379.95,380.0,379.55,379.85,68509
1780991400,379.85,379.85,379.2,379.45,89483
1780991700,379.5,379.5,379.05,379.2,72480
1780992000,379.25,379.3,378.75,379.1,141191
1780992300,379.1,379.5,378.75,379.45,256780
1780992600,379.45,379.85,379.2,379.75,119932
1780992900,379.65,379.85,379.4,379.8,96783
1780993200,379.7,379.85,378.85,378.85,77352
1780993500,378.85,379.1,378.5,378.8,92254
1780993800,378.85,379.15,378.55,379.15,83030
1780994100,379.05,379.4,379.05,379.35,75477
1780994400,379.4,379.6,379.3,379.55,76512
1780994700,379.5,379.6,379.05,379.3,65383
1780995000,379.25,379.3,378.9,379.05,73401
1780995300,379.05,379.75,379.0,379.6,82375
1780995600,379.65,380.05,379.3,379.95,107117
1780995900,380.0,380.65,379.85,380.55,166256
1780996200,380.7,381.9,380.6,381.7,200016
1780996500,381.6,382.0,381.35,381.85,539659
1780996800,381.75,382.0,381.55,382.0,139961
1780997100,382.0,382.1,381.4,381.6,177158
1780997400,381.6,381.6,381.0,381.45,330907
1780997700,381.45,382.45,381.4,381.75,776543
1780998000,381.8,381.95,381.15,381.4,576988
1780998300,381.35,381.7,381.25,381.5,401291
1780998600,381.55,381.9,381.4,381.85,413541
1780998900,381.8,382.4,381.8,382.15,255536
1781063100,380.5,385.0,380.5,384.45,696230
1781063400,384.45,385.4,383.9,385.05,312215
1781063700,385.05,387.0,384.7,386.85,514728
1781064000,386.85,387.35,386.05,387.2,290221
1781064300,387.2,387.2,386.05,386.05,94775
1781064600,386.05,386.1,385.3,385.35,301647
1781064900,385.35,386.8,385.35,386.6,157274
1781065200,386.5,386.75,385.8,386.15,113710
1781065500,386.15,387.5,386.15,387.2,199736
1781065800,387.1,387.25,386.35,386.4,98953
1781066100,386.45,387.15,386.4,386.6,75449
1781066400,386.55,386.85,385.8,386.15,108475
1781066700,386.2,387.1,385.95,387.1,98150
1781067000,387.1,387.1,386.8,387.05,64998
1781067300,387.0,387.05,386.1,386.9,105044
1781067600,386.85,387.0,386.75,387.0,62974
1781067900,386.95,387.75,386.7,387.15,187206
1781068200,387.05,387.5,386.9,387.15,134703
1781068500,387.15,387.25,386.4,386.55,120995
1781068800,386.5,388.25,386.45,388.0,151200
1781069100,388.0,389.3,387.85,389.25,240830
1781069400,389.3,389.3,388.5,389.15,248376
1781069700,389.15,389.8,389.0,389.15,197948
1781070000,389.15,389.35,388.2,388.4,155013
1781070300,388.3,388.6,387.85,388.1,239222
1781070600,387.95,388.85,387.95,388.5,297697
1781070900,388.6,390.0,388.55,389.95,171804
1781071200,389.95,390.2,389.4,389.75,144472
1781071500,389.4,391.2,389.3,390.5,810945
1781071800,390.5,390.9,390.0,390.9,521892
1781072100,390.9,391.0,389.9,390.1,402524
1781072400,390.1,390.4,389.85,390.05,125762
1781072700,390.1,390.1,389.65,389.8,65066
1781073000,389.75,389.75,388.75,389.3,68204
1781073300,389.3,389.4,388.8,389.05,45764
1781073600,389.05,389.5,388.8,389.5,168008
1781073900,389.5,389.85,389.35,389.75,190869
1781074200,389.7,390.2,389.15,389.15,420418
1781074500,389.35,389.55,389.0,389.2,83543
1781074800,389.35,389.5,388.85,389.05,90651
1781075100,389.05,389.1,388.6,388.95,119488
1781075400,389.0,389.05,388.4,388.8,112711
1781075700,388.85,389.1,388.4,389.0,87451
1781076000,389.0,389.2,388.8,389.05,79797
1781076300,389.2,389.6,388.9,389.25,180204
1781076600,389.25,389.5,389.1,389.45,101666
1781076900,389.5,389.7,389.25,389.65,260385
1781077200,389.65,390.5,389.55,390.5,670504
1781077500,390.5,390.5,389.5,389.6,473497
1781077800,389.65,389.85,389.5,389.5,352934
1781078100,389.6,390.05,389.3,389.8,839886
1781078400,389.85,390.05,389.3,389.7,280688
1781078700,389.7,389.7,389.35,389.4,252475
1781079000,389.4,390.1,389.25,390.0,976580
1781079300,390.05,390.1,389.55,389.6,207867
1781079600,389.6,389.65,389.3,389.6,79366
1781079900,389.65,389.9,389.5,389.75,147550
1781080200,389.75,389.9,389.35,389.35,125752
1781080500,389.4,389.75,389.1,389.35,109468
1781080800,389.5,389.55,388.4,388.5,142740
1781081100,388.6,388.9,388.15,388.7,164747
1781081400,388.85,389.45,388.7,389.1,154754
1781081700,389.2,389.4,388.6,389.05,132638
1781082000,389.05,389.05,388.35,388.75,147032
1781082300,388.75,388.9,388.35,388.65,147445
1781082600,388.6,388.8,387.85,388.05,314861
1781082900,388.05,388.5,387.7,387.95,826921
1781083200,388.05,388.1,386.8,387.9,1206821
1781083500,387.9,388.5,387.85,388.25,230836
1781083800,388.2,388.45,387.95,388.45,284653
1781084100,388.4,388.45,388.05,388.45,556527
1781084400,388.45,388.45,387.3,388.05,2000878
1781084700,388.1,388.2,387.25,387.65,398304
1781085000,387.65,388.35,387.4,388.35,407887
1781085300,388.4,388.65,387.3,388.0,255757
1781149500,386.0,387.7,384.55,386.75,269013
1781149800,386.85,387.5,386.5,386.5,70133
1781150100,386.7,387.3,386.5,386.95,26430
1781150400,386.85,387.15,386.5,386.95,30704
1781150700,387.1,388.1,386.85,387.8,67667
1781151000,388.05,389.1,387.6,388.8,60258
1781151300,389.0,389.2,388.65,389.2,60580
1781151600,389.1,389.85,389.0,389.4,75515
1781151900,389.2,389.35,388.1,388.15,63452
1781152200,388.25,389.6,388.1,388.7,87065
1781152500,388.85,389.4,388.55,389.2,64849
1781152800,389.05,390.0,388.9,389.45,70385
1781153100,389.45,390.05,389.3,389.5,100701
1781153400,389.5,389.9,389.2,389.35,61178
1781153700,389.45,390.6,389.35,390.15,56598
1781154000,390.15,390.15,389.7,390.05,34806
1781154300,390.0,390.6,390.0,390.45,180491
1781154600,390.55,390.65,389.8,390.0,83583
1781154900,390.05,390.05,389.6,389.6,48915
1781155200,389.65,389.65,388.25,388.25,118515
1781155500,388.5,389.45,388.2,389.25,61718
1781155800,389.15,390.75,388.9,390.5,533231
1781156100,390.5,391.7,390.5,390.8,299648
1781156400,390.7,390.85,390.55,390.65,39805
1781156700,390.7,390.85,390.6,390.7,52306
1781157000,390.85,391.35,390.8,391.1,97540
1781157300,391.2,391.9,391.1,391.9,55019
1781157600,391.8,392.4,391.55,391.6,256013
1781157900,391.7,391.95,391.35,391.85,72642
1781158200,391.9,392.5,391.75,392.45,72161
1781158500,392.5,393.65,392.45,393.5,375761
1781158800,393.6,394.6,393.5,394.35,238658
1781159100,394.2,394.45,393.8,394.0,168817
1781159400,394.0,394.7,393.9,394.55,129633
1781159700,394.55,395.1,394.1,394.75,300023
1781160000,394.85,395.55,394.35,395.35,385005
1781160300,395.35,396.05,394.65,395.0,615491
1781160600,395.05,395.3,394.7,395.3,143274
1781160900,395.3,397.0,395.1,396.9,607286
1781161200,396.9,397.45,396.75,397.2,461415
1781161500,397.2,398.05,396.15,397.45,1127260
1781161800,397.45,398.35,397.35,398.05,390569
1781162100,398.0,398.5,398.0,398.05,258488
1781162400,398.05,398.6,398.0,398.5,420211
1781162700,398.4,399.3,398.2,399.25,429228
1781163000,399.25,399.9,398.35,398.65,583753
1781163300,398.65,398.7,397.1,397.3,376084
1781163600,397.3,397.45,396.05,396.5,430662
1781163900,396.55,396.75,395.45,395.6,171687
1781164200,395.45,396.2,395.05,395.65,222728
1781164500,395.65,396.0,395.3,396.0,128858
1781164800,396.0,396.7,395.85,396.25,128198
1781165100,396.2,396.7,395.65,395.85,195761
1781165400,395.9,396.15,395.55,396.1,195492
1781165700,396.15,396.5,395.9,396.3,100528
1781166000,396.3,396.65,396.15,396.65,85237
1781166300,396.65,397.05,396.1,396.5,209918
1781166600,396.5,396.7,396.1,396.3,97097
1781166900,396.3,396.35,395.2,395.45,113819
1781167200,395.45,395.7,395.25,395.7,107726
1781167500,395.7,396.0,395.25,395.8,227820
1781167800,395.8,396.0,395.25,395.4,94812
1781168100,395.4,396.2,395.2,396.0,150343
1781168400,395.95,395.95,395.3,395.6,135248
1781168700,395.6,395.7,394.4,395.0,220181
1781169000,395.0,395.0,394.5,394.6,142540
1781169300,394.65,395.0,393.95,394.6,168928
1781169600,394.55,394.75,394.45,394.45,166759
1781169900,394.5,394.65,394.15,394.35,163262
1781170200,394.4,394.55,392.8,392.9,476269
1781170500,392.85,393.05,392.55,392.9,349554
1781170800,392.85,393.25,392.2,392.85,383200
1781171100,393.0,393.8,392.85,393.65,297418
1781171400,393.7,394.95,393.7,394.55,474055
1781171700,394.55,394.55,392.5,392.6,289990
1781235900,397.75,398.85,395.65,398.2,333696
1781236200,398.35,400.0,397.65,399.0,222701
1781236500,399.0,399.5,399.0,399.25,200001
1781236800,399.3,399.5,398.8,399.1,178273
1781237100,399.1,399.9,398.6,398.7,225683
1781237400,398.3,398.5,397.0,397.8,354290
1781237700,397.7,398.15,397.35,397.75,81323
1781238000,397.6,398.45,397.3,397.7,90492
1781238300,397.8,398.05,397.7,397.7,63959
1781238600,397.7,398.05,397.3,397.55,80143
1781238900,397.75,397.75,397.4,397.6,71790
1781239200,397.45,397.6,396.25,396.85,160657
1781239500,396.75,397.05,396.1,396.5,108282
1781239800,396.2,397.55,396.15,397.55,93855
1781240100,397.45,397.55,396.6,396.75,65265
1781240400,396.5,397.1,396.5,396.8,64741
1781240700,396.75,396.9,396.5,396.8,39370
1781241000,396.8,397.1,395.55,395.7,104611
1781241300,395.6,396.2,394.95,396.05,164060
1781241600,396.15,396.25,395.95,396.2,49602
1781241900,396.1,396.3,395.8,395.9,53097
1781242200,395.95,396.2,395.5,396.15,77636
1781242500,396.15,396.45,395.75,396.0,129352
1781242800,396.15,397.2,396.0,396.85,122797
1781243100,397.0,398.0,396.85,397.65,417665
1781243400,397.6,398.65,397.5,398.45,1762599
1781243700,398.4,399.8,398.3,399.2,1211367
1781244000,399.45,399.45,398.5,399.25,454364
1781244300,399.15,399.3,398.55,398.65,778587
1781244600,398.75,398.8,398.5,398.5,173598
1781244900,398.5,399.65,398.5,399.25,282011
1781245200,399.3,399.4,398.75,399.0,62632
1781245500,398.95,399.05,398.65,398.7,50521
1781245800,398.85,399.0,398.6,399.0,45097
1781246100,399.0,399.05,398.7,398.8,48486
1781246400,398.75,398.85,398.5,398.7,140830
1781246700,398.55,398.8,398.05,398.25,78296
1781247000,398.45,398.55,398.15,398.35,63633
1781247300,398.35,398.85,398.05,398.55,79201
1781247600,398.45,398.75,398.2,398.5,47692
1781247900,398.35,398.9,398.2,398.75,75077
1781248200,398.75,398.85,398.5,398.55,67242
1781248500,398.5,398.65,397.0,397.5,190220
1781248800,397.4,397.8,397.35,397.7,68777
1781249100,397.65,397.9,397.55,397.75,75381
1781249400,397.75,398.05,397.65,397.75,75942
1781249700,397.7,398.15,397.7,397.95,61990
1781250000,397.95,398.25,397.75,398.1,89166
1781250300,398.0,398.3,397.9,398.1,92537
1781250600,398.15,398.65,397.95,398.25,165557
1781250900,398.3,399.5,398.0,399.45,90608
1781251200,399.4,399.75,399.15,399.4,76998
1781251500,399.5,400.25,399.2,400.25,183648
1781251800,400.3,401.15,400.3,401.05,306418
1781252100,401.05,401.9,400.75,401.7,181975
1781252400,401.85,402.05,401.2,401.65,420217
1781252700,401.6,402.1,401.5,401.75,219588
1781253000,401.8,401.85,401.2,401.5,112486
1781253300,401.55,402.2,401.1,402.1,646812
1781253600,402.05,403.55,402.0,403.5,1003535
1781253900,403.5,404.1,403.0,403.55,492784
1781254200,403.5,403.75,403.35,403.5,115995
1781254500,403.45,403.5,402.75,403.35,124299
1781254800,403.35,403.5,403.15,403.2,107103
1781255100,403.2,403.6,402.5,403.6,162688
1781255400,403.6,403.8,402.8,403.05,200858
1781255700,403.05,403.65,402.75,403.55,121076
1781256000,403.65,404.05,403.1,403.95,239933
1781256300,403.9,404.3,403.15,403.35,325037
1781256600,403.5,403.5,402.55,403.1,384787
1781256900,403.25,404.5,402.55,402.9,641627
1781257200,402.85,404.15,402.75,403.7,316480
1781257500,403.7,403.95,403.05,403.2,321793
1781257800,403.2,403.45,402.7,402.9,329315
1781258100,402.85,404.0,402.5,404.0,277726
1781495100,408.0,411.0,405.35,405.9,680224
1781495400,406.05,406.4,405.1,405.1,323930
1781495700,405.35,407.3,405.05,406.3,859835
1781496000,406.3,406.9,406.2,406.55,203032
1781496300,406.6,407.0,406.0,406.6,213980
1781496600,406.65,407.5,406.4,407.5,177821
1781496900,407.5,408.0,407.05,407.55,200967
1781497200,407.55,408.2,407.35,407.35,143781
1781497500,407.4,407.6,407.05,407.25,135521
1781497800,407.35,407.75,407.25,407.65,115282
1781498100,407.75,407.95,407.05,407.35,155310
1781498400,407.35,407.5,406.75,407.3,283681
1781498700,407.25,407.35,406.85,407.3,115604
1781499000,407.3,407.7,406.8,406.95,114336
1781499300,406.95,407.25,406.5,407.05,105526
1781499600,406.95,407.5,406.8,407.1,127616
1781499900,407.2,407.4,406.95,407.2,57226
1781500200,407.35,407.4,407.0,407.15,63554
1781500500,407.2,408.05,407.15,408.0,129205
1781500800,407.9,408.45,407.5,407.65,146220
1781501100,407.65,407.7,406.7,406.7,66770
1781501400,406.85,406.9,406.35,406.65,232523
1781501700,406.75,406.8,406.15,406.15,86794
1781502000,406.35,406.55,406.0,406.1,88678
1781502300,406.0,406.4,405.45,405.85,147693
1781502600,405.9,406.0,405.25,405.6,112211
1781502900,405.6,405.95,405.6,405.85,47960
1781503200,405.65,405.9,405.2,405.4,43443
1781503500,405.3,405.55,405.1,405.3,58049
1781503800,405.35,405.8,405.25,405.4,52774
1781504100,405.25,405.65,405.15,405.6,63793
1781504400,405.5,405.85,405.3,405.5,55380
1781504700,405.45,406.0,405.45,405.7,58002
1781505000,405.85,405.9,405.2,405.35,71528
1781505300,405.35,405.45,404.15,404.55,207718
1781505600,404.55,404.7,403.75,403.85,93314
1781505900,403.95,404.0,403.2,403.2,116825
1781506200,403.2,403.85,403.2,403.55,66524
1781506500,403.6,403.75,402.85,403.05,56165
1781506800,403.2,403.55,402.95,403.35,51897
1781507100,403.5,404.2,403.4,404.15,61804
1781507400,404.0,404.45,403.85,404.2,42296
1781507700,404.2,404.35,403.4,403.45,63386
1781508000,403.65,403.85,403.15,403.6,68313
1781508300,403.45,403.9,403.4,403.5,41292
1781508600,403.55,403.8,403.3,403.45,45121
1781508900,403.55,403.85,403.5,403.85,38777
1781509200,403.95,404.75,403.65,403.9,93926
1781509500,403.95,404.9,403.6,404.45,74633
1781509800,404.55,404.95,404.4,404.7,38786
1781510100,404.7,405.05,404.5,404.9,95366
1781510400,404.9,405.15,404.75,404.85,50980
1781510700,404.95,405.2,403.95,404.25,61582
1781511000,404.2,404.6,402.85,402.95,429283
1781511300,402.95,403.95,402.95,403.5,667408
1781511600,403.5,403.95,402.5,403.15,396332
1781511900,403.2,404.75,403.05,404.55,360109
1781512200,404.6,404.65,403.35,403.35,422874
1781512500,403.45,403.6,402.45,403.0,355060
1781512800,403.0,404.2,402.9,404.2,147310
1781513100,404.2,404.9,403.9,404.75,128720
1781513400,404.7,405.9,404.7,405.6,204316
1781513700,405.7,406.1,405.35,405.6,206459
1781514000,405.65,406.6,405.55,406.35,224869
1781514300,406.45,407.05,406.3,406.9,335867
1781514600,406.95,407.1,406.35,406.4,269772
1781514900,406.5,406.75,406.0,406.35,286229
1781515200,406.35,406.85,405.75,405.85,330866
1781515500,405.95,406.55,405.8,406.35,294683
1781515800,406.35,406.5,405.3,406.1,438968
1781516100,406.1,406.4,405.7,406.05,349158
1781516400,406.1,406.45,405.75,406.15,401917
1781516700,406.15,406.45,405.2,405.4,367015
1781517000,405.2,405.6,405.05,405.4,410819
1781517300,405.3,405.4,404.4,404.85,274717
1781581500,405.75,406.75,405.4,406.1,128033
1781581800,406.2,406.85,405.7,405.9,110108
1781582100,405.9,406.15,405.35,406.0,65905
1781582400,405.95,406.75,405.85,406.5,170296
1781582700,406.6,406.7,406.05,406.1,65404
1781583000,406.1,406.25,405.65,405.9,63056
1781583300,405.9,406.4,405.8,406.1,53193
1781583600,406.1,406.2,405.25,405.6,114887
1781583900,405.55,405.65,404.8,404.9,48609
1781584200,404.9,405.25,404.6,405.0,43615
1781584500,404.9,405.45,404.5,404.85,82426
1781584800,404.75,405.2,404.6,405.15,22801
1781585100,405.15,405.45,405.0,405.15,39312
1781585400,405.05,406.7,405.05,406.1,312113
1781585700,406.05,406.1,405.55,406.1,47005
1781586000,406.0,406.4,405.85,406.35,46717
1781586300,406.3,406.75,406.0,406.45,66566
1781586600,406.35,406.35,405.8,405.9,40499
1781586900,405.9,406.5,405.8,406.35,69436
1781587200,406.35,406.75,406.05,406.65,54463
1781587500,406.55,406.75,406.05,406.2,76312
1781587800,406.2,406.5,406.0,406.1,54888
1781588100,406.1,407.45,406.0,406.9,270236
1781588400,406.9,407.3,406.75,407.15,45374
1781588700,407.2,407.5,407.0,407.05,65521
1781589000,407.0,407.1,406.65,407.1,51816
1781589300,407.1,407.45,406.95,407.2,117732
1781589600,407.15,407.8,406.9,407.8,193833
1781589900,407.65,407.95,407.5,407.9,70809
1781590200,407.9,407.95,407.2,407.5,115366
1781590500,407.5,407.55,407.0,407.4,100125
1781590800,407.35,407.85,407.25,407.6,332892
1781591100,407.45,407.6,406.9,407.1,78986
1781591400,407.3,407.55,406.05,406.85,134023
1781591700,406.85,407.15,406.55,406.8,83061
1781592000,406.95,407.4,406.75,407.3,97197
1781592300,407.25,407.45,407.1,407.35,68919
1781592600,407.35,407.6,407.1,407.3,87131
1781592900,407.35,407.9,407.15,407.85,137698
1781593200,407.85,408.4,407.6,407.9,182348
1781593500,407.9,407.95,407.35,407.8,84554
1781593800,407.75,408.0,407.5,408.0,92565
1781594100,407.9,408.0,407.55,407.95,93834
1781594400,407.95,408.05,406.8,407.45,152840
1781594700,407.45,407.9,407.15,407.7,95922
1781595000,407.65,407.8,407.25,407.45,49587
1781595300,407.45,407.55,407.25,407.4,43480
1781595600,407.35,407.4,406.8,407.0,68534
1781595900,407.0,407.0,406.65,406.85,126476
1781596200,406.75,407.05,406.65,406.9,54881
1781596500,406.8,407.3,406.7,407.0,100279
1781596800,406.85,407.4,406.7,407.35,92817
1781597100,407.15,407.8,407.05,407.7,81327
1781597400,407.75,407.8,407.3,407.5,90212
1781597700,407.35,407.8,407.25,407.8,98529
1781598000,407.75,407.8,406.85,406.9,75061
1781598300,407.0,407.4,406.9,406.95,116362
1781598600,407.05,407.6,406.9,407.45,91062
1781598900,407.55,407.95,407.4,407.9,85857
1781599200,407.7,408.5,407.65,408.4,85960
1781599500,408.4,408.55,407.8,408.4,102644
1781599800,408.35,408.4,407.85,408.2,162693
1781600100,408.2,408.25,407.7,407.8,135588
1781600400,407.75,408.35,407.7,408.15,79621
1781600700,408.25,408.4,407.8,408.3,293955
1781601000,408.3,408.35,407.6,407.95,182788
1781601300,407.95,408.3,407.75,408.1,178115
1781601600,408.15,408.25,407.8,408.25,102847
1781601900,408.15,408.4,407.8,408.15,170671
1781602200,408.0,408.2,407.7,408.0,336410
1781602500,408.0,408.1,407.85,408.0,233441
1781602800,407.9,408.0,407.45,407.5,311775
1781603100,407.55,407.95,407.5,407.95,279307
1781603400,407.95,408.0,407.8,407.9,450199
1781603700,407.9,408.0,407.45,407.95,251925
1781667900,407.85,407.85,405.45,406.65,209970
1781668200,406.55,408.2,406.55,407.4,91232
1781668500,407.4,408.75,407.0,407.5,183763
1781668800,407.5,408.0,407.15,407.6,62433
1781669100,407.75,408.0,407.6,408.0,18679
1781669400,408.0,408.2,407.6,407.6,29195
1781669700,407.6,408.25,407.0,408.05,60740
1781670000,408.15,408.15,407.75,407.75,26487
1781670300,408.0,408.7,407.55,408.4,54865
1781670600,408.5,408.6,407.8,407.9,30931
1781670900,407.85,407.9,406.8,407.15,50366
1781671200,407.1,407.35,406.9,407.0,29297
1781671500,406.85,407.0,406.5,406.55,23140
1781671800,406.6,407.6,406.55,407.3,66907
1781672100,407.4,407.55,406.95,406.95,39190
1781672400,407.1,407.15,406.85,407.0,28283
1781672700,406.9,407.0,406.3,406.35,140609
1781673000,406.5,406.95,406.35,406.9,115916
1781673300,407.0,407.65,406.8,407.0,114641
1781673600,407.15,407.65,407.05,407.45,50466
1781673900,407.6,408.35,407.45,407.65,88552
1781674200,407.8,407.8,407.1,407.15,34593
1781674500,407.15,407.85,407.15,407.7,61268
1781674800,407.75,407.75,407.2,407.45,56416
1781675100,407.45,408.0,407.25,407.95,49847
1781675400,407.95,407.95,407.3,407.45,36321
1781675700,407.45,407.65,407.3,407.55,51877
1781676000,407.45,407.65,407.3,407.55,31115
1781676300,407.6,407.6,406.55,407.05,362375
1781676600,407.05,407.1,406.75,406.8,32433
1781676900,406.75,406.85,406.5,406.65,33593
1781677200,406.65,406.7,406.35,406.4,28129
1781677500,406.55,406.55,406.0,406.25,66705
1781677800,406.35,406.85,406.25,406.8,48084
1781678100,406.8,406.85,406.3,406.55,50709
1781678400,406.5,406.6,406.2,406.35,32406
1781678700,406.35,406.4,405.75,405.75,46311
1781679000,405.85,405.9,405.55,405.65,39790
1781679300,405.6,405.7,405.3,405.55,59210
1781679600,405.4,405.55,404.8,404.95,43997
1781679900,404.95,405.0,404.45,404.6,51648
1781680200,404.5,404.55,404.05,404.15,51763
1781680500,404.25,404.95,404.0,404.6,48758
1781680800,404.45,404.5,403.7,403.9,164944
1781681100,403.85,403.95,403.45,403.75,252009
1781681400,403.75,404.0,403.5,403.75,72612
1781681700,403.75,403.95,403.45,403.65,72510
1781682000,403.55,403.75,403.3,403.6,71421
1781682300,403.5,404.0,403.4,403.9,67201
1781682600,403.9,403.95,403.45,403.65,215875
1781682900,403.65,403.65,402.9,403.4,180837
1781683200,403.4,403.75,403.15,403.75,34024
1781683500,403.65,403.65,403.2,403.5,84094
1781683800,403.45,403.6,402.9,403.0,4468275
1781684100,403.0,403.25,402.55,403.25,141903
1781684400,403.2,403.95,403.1,403.95,74595
1781684700,403.95,404.05,403.8,403.9,78057
1781685000,403.85,404.0,403.4,403.8,85775
1781685300,403.8,403.8,403.45,403.6,73100
1781685600,403.5,403.65,403.25,403.5,60506
1781685900,403.5,403.6,403.1,403.4,76777
1781686200,403.3,403.45,403.15,403.45,60988
1781686500,403.45,403.45,402.9,403.0,109557
1781686800,403.0,403.2,402.85,403.0,81721
1781687100,403.0,403.1,402.85,403.05,74828
1781687400,403.0,403.15,402.8,403.05,71314
1781687700,403.0,403.15,402.8,402.95,94438
1781688000,402.95,403.25,402.7,403.05,100120
1781688300,402.95,403.55,402.95,403.4,108286
1781688600,403.35,404.9,403.3,404.5,412497
1781688900,404.6,404.85,404.45,404.75,244305
1781689200,404.75,404.8,404.35,404.4,283810
1781689500,404.45,404.65,404.1,404.6,264524
1781689800,404.6,404.95,404.1,404.1,391209
1781690100,404.1,404.45,403.1,404.0,218477
1781754300,403.95,404.0,402.65,403.55,356094
1781754600,403.55,404.25,403.0,403.5,277072
1781754900,403.5,403.65,402.8,403.25,297443
1781755200,403.3,403.35,402.75,403.0,259244
1781755500,403.05,403.1,402.5,402.65,231373
1781755800,402.9,403.65,402.4,402.95,283048
1781756100,403.05,403.9,402.65,403.25,256613
1781756400,403.25,403.55,402.25,402.65,205795
1781756700,402.85,403.3,402.55,402.55,120280
1781757000,402.7,402.9,402.5,402.65,75616
1781757300,402.65,403.05,402.5,402.95,29056
1781757600,403.05,403.45,402.6,403.45,43495
1781757900,403.35,403.5,402.75,403.0,33445
1781758200,403.0,403.05,402.35,402.45,65072
1781758500,402.5,403.45,402.35,403.25,74867
1781758800,403.35,403.4,402.8,403.3,35791
1781759100,403.4,403.4,402.5,402.55,57042
1781759400,402.5,402.85,401.9,402.0,110719
1781759700,402.05,402.15,401.2,401.4,148144
1781760000,401.55,401.6,401.0,401.3,144628
1781760300,401.5,401.55,401.0,401.5,112730
1781760600,401.55,402.5,401.2,402.05,131614
1781760900,402.15,402.5,401.75,402.0,57417
1781761200,401.85,402.35,401.75,401.9,36800
1781761500,401.9,402.15,400.7,400.7,72971
1781761800,400.8,401.15,400.5,400.5,57588
1781762100,400.7,400.95,400.5,400.6,38178
1781762400,400.75,400.8,400.25,400.55,56589
1781762700,400.4,400.55,400.05,400.35,68221
1781763000,400.2,400.5,400.05,400.4,68350
1781763300,400.15,400.5,400.0,400.0,69325
1781763600,400.05,400.75,399.65,400.5,165435
1781763900,400.45,401.45,400.15,401.45,94287
1781764200,401.45,401.9,401.2,401.3,85501
1781764500,401.2,402.0,401.2,401.85,67491
1781764800,401.8,402.0,401.4,401.8,121892
1781765100,401.8,402.25,401.75,402.1,50981
1781765400,402.2,402.45,402.05,402.3,38699
1781765700,402.45,403.15,402.45,402.95,66623
1781766000,403.05,403.3,402.8,402.9,52391
1781766300,402.85,402.95,402.7,402.75,41298
1781766600,402.8,403.15,402.25,402.4,50007
1781766900,402.45,402.55,402.05,402.15,53793
1781767200,402.2,402.55,402.15,402.35,50907
1781767500,402.4,402.6,402.3,402.35,45587
1781767800,402.45,402.55,402.25,402.3,45433
1781768100,402.3,402.6,402.2,402.35,43091
1781768400,402.35,403.35,402.3,403.35,58946
1781768700,403.15,403.35,402.4,402.4,62190
1781769000,402.5,402.65,402.25,402.35,42186
1781769300,402.45,403.4,402.3,403.35,130756
1781769600,403.3,403.5,402.85,403.15,52114
1781769900,403.05,403.25,402.5,402.55,136072
1781770200,402.75,403.0,402.6,402.8,79961
1781770500,402.8,403.0,402.75,403.0,72643
1781770800,403.0,403.0,402.8,402.9,81816
1781771100,402.9,403.0,402.65,403.0,205007
1781771400,403.0,403.0,402.6,402.75,55469
1781771700,402.7,403.0,402.5,402.9,62799
1781772000,402.65,403.0,402.6,402.9,54145
1781772300,402.9,403.0,402.65,402.85,51079
1781772600,402.7,403.0,402.15,402.6,60263
1781772900,402.65,402.85,402.4,402.75,53014
1781773200,402.7,402.7,402.3,402.4,60489
1781773500,402.6,402.8,402.35,402.45,116892
1781773800,402.65,402.8,402.35,402.6,55823
1781774100,402.8,403.0,402.3,402.4,122841
1781774400,402.55,403.0,402.2,402.75,125949
1781774700,402.75,403.0,402.6,402.85,89397
1781775000,402.85,403.55,402.65,403.5,580730
1781775300,403.55,403.6,402.6,402.9,411232
1781775600,402.9,403.0,402.8,402.8,426970
1781775900,402.8,403.0,402.8,402.85,324681
1781776200,402.95,403.0,402.55,403.0,435635
1781776500,403.0,403.0,402.5,403.0,363399
1781840700,402.5,403.55,402.1,402.2,141377
1781841000,402.25,402.25,401.2,401.4,92135
1781841300,401.3,401.85,400.7,400.7,129534
1781841600,400.7,401.05,400.15,400.8,111899
1781841900,400.75,401.25,400.6,401.1,58463
1781842200,401.1,401.3,400.25,400.5,220357
1781842500,400.45,401.0,400.4,400.8,47865
1781842800,400.8,401.0,400.5,400.6,40515
1781843100,400.7,400.95,400.5,400.8,29778
1781843400,400.8,400.9,400.4,400.5,55967
1781843700,400.7,400.9,400.4,400.7,80859
1781844000,400.65,401.0,400.6,400.85,90501
1781844300,400.95,401.0,400.75,400.8,50703
1781844600,400.95,400.95,400.5,400.5,56334
1781844900,400.7,400.75,400.35,400.4,36761
1781845200,400.55,400.6,400.35,400.45,44429
1781845500,400.45,400.6,400.25,400.5,45284
1781845800,400.5,400.65,400.1,400.4,86244
1781846100,400.35,400.55,400.05,400.1,118039
1781846400,400.1,400.4,399.9,400.0,76992
1781846700,400.15,400.35,399.9,400.0,45260
1781847000,400.0,400.3,400.0,400.05,87566
1781847300,400.05,400.25,399.8,399.8,45460
1781847600,399.85,400.0,399.7,399.95,37533
1781847900,400.0,400.4,399.65,399.85,76324
1781848200,399.85,400.0,399.7,399.7,25564
1781848500,399.7,401.5,399.7,401.5,363917
1781848800,401.45,401.6,400.6,400.75,162612
1781849100,400.8,401.35,400.45,400.45,190537
1781849400,400.5,400.8,400.2,400.55,112939
1781849700,400.4,400.7,399.8,399.85,340097
1781850000,400.0,400.2,399.75,399.95,98727
1781850300,400.0,400.1,399.85,399.95,47812
1781850600,400.0,400.15,399.85,399.95,57980
1781850900,400.0,400.1,399.85,400.0,39486
1781851200,400.0,400.4,399.8,400.05,84064
1781851500,400.1,400.25,399.95,399.95,38643
1781851800,400.15,400.2,399.9,400.05,26033
1781852100,400.15,400.55,399.95,400.0,47478
1781852400,400.05,400.15,399.95,400.05,33362
1781852700,400.0,400.15,399.75,399.8,42007
1781853000,399.85,400.0,398.9,399.35,139293
1781853300,399.5,399.75,399.1,399.3,62866
1781853600,399.4,399.55,399.15,399.25,29001
1781853900,399.25,399.4,399.0,399.1,43525
1781854200,399.2,399.35,398.8,398.9,47942
1781854500,398.9,399.45,398.8,399.0,107088
1781854800,399.0,399.45,398.75,399.15,34487
1781855100,399.15,399.5,399.0,399.3,32910
1781855400,399.35,399.65,399.2,399.4,38596
1781855700,399.3,399.8,399.25,399.7,43900
1781856000,399.7,399.75,399.25,399.6,229504
1781856300,399.5,400.2,399.25,400.0,47011
1781856600,399.95,400.4,399.8,399.95,145726
1781856900,399.95,400.4,399.8,399.9,209269
1781857200,400.0,400.15,399.8,399.95,99989
1781857500,400.0,400.45,399.95,400.4,71576
1781857800,400.4,401.0,400.4,400.95,96028
1781858100,401.0,401.2,400.0,400.15,338023
1781858400,400.1,401.2,399.9,400.7,782303
1781858700,401.0,401.0,400.45,400.5,89324
1781859000,400.5,401.0,399.85,400.0,318905
1781859300,400.0,400.8,399.9,400.65,336909
1781859600,400.5,400.75,400.4,400.65,208471
1781859900,400.65,400.75,400.4,400.55,185760
1781860200,400.5,400.5,399.8,400.0,147095
1781860500,400.0,400.15,399.45,399.75,605054
1781860800,399.9,399.95,399.1,399.2,239391
1781861100,399.35,399.35,398.0,398.85,510001
1781861400,398.75,400.1,398.15,400.1,1794503
1781861700,400.05,400.4,399.2,399.45,1446933
1781862000,399.4,400.1,398.7,398.8,1936700
1781862300,398.8,399.3,398.5,398.85,1357495
1781862600,398.75,399.45,398.65,398.85,1294684
1781862900,399.0,399.9,398.5,399.5,799723
1782099900,399.25,401.75,398.75,399.85,133600
1782100200,400.0,400.2,399.55,399.95,61415
1782100500,399.95,399.95,399.3,399.8,53474
1782100800,399.8,401.4,399.8,401.3,78921
1782101100,401.3,401.4,400.0,400.15,45707
1782101400,400.15,400.35,399.75,399.9,135877
1782101700,400.05,400.35,399.9,400.15,228271
1782102000,400.15,400.4,399.85,399.9,40693
1782102300,399.9,400.05,399.65,400.0,43217
1782102600,400.05,400.2,399.8,399.95,52709
1782102900,400.0,400.75,399.85,400.55,61606
1782103200,400.5,400.6,400.2,400.35,32101
1782103500,400.45,400.7,400.3,400.6,34762
1782103800,400.65,400.75,400.2,400.3,38093
1782104100,400.25,400.7,400.05,400.4,53173
1782104400,400.5,400.65,400.1,400.2,70889
1782104700,400.35,400.45,400.05,400.3,70031
1782105000,400.3,400.3,399.85,399.95,64756
1782105300,400.0,400.2,399.8,400.1,39876
1782105600,400.15,400.2,399.95,400.1,45448
1782105900,400.15,400.15,399.8,399.95,57175
1782106200,400.0,401.0,399.85,400.35,199712
1782106500,400.4,400.9,400.1,400.15,123194
1782106800,400.2,400.2,399.85,400.0,72777
1782107100,400.0,400.2,399.9,400.15,68759
1782107400,400.2,400.55,400.1,400.5,66550
1782107700,400.55,400.65,400.25,400.55,59054
1782108000,400.6,400.9,400.35,400.45,103405
1782108300,400.55,400.65,400.1,400.15,73843
1782108600,400.15,400.4,399.85,399.9,121604
1782108900,400.0,400.0,399.7,399.8,84085
1782109200,399.85,399.95,399.45,399.65,102608
1782109500,399.5,400.0,399.5,399.95,60290
1782109800,399.95,400.0,399.65,399.7,44590
1782110100,399.75,399.85,399.55,399.75,58293
1782110400,399.75,399.95,399.6,399.85,44559
1782110700,399.85,400.0,399.7,399.95,52498
1782111000,399.95,400.15,399.75,399.85,86280
1782111300,400.0,400.05,399.75,400.0,92154
1782111600,399.95,400.0,399.85,400.0,72115
1782111900,400.0,400.0,399.8,400.0,65738
1782112200,400.0,400.0,399.8,400.0,65090
1782112500,399.95,400.5,399.85,400.35,70877
1782112800,400.4,400.75,400.3,400.65,69166
1782113100,400.7,401.5,400.55,401.1,99256
1782113400,401.2,401.2,400.55,400.8,66853
1782113700,400.85,400.85,400.5,400.7,58505
1782114000,400.7,400.8,400.5,400.7,59992
1782114300,400.7,401.2,400.6,401.0,122624
1782114600,401.05,401.3,400.65,401.05,82840
1782114900,401.1,401.4,400.85,401.15,91818
1782115200,401.2,401.35,400.95,401.25,53607
1782115500,401.3,401.45,401.0,401.25,60484
1782115800,401.3,401.4,400.65,401.05,171812
1782116100,401.1,401.45,401.0,401.3,49261
1782116400,401.35,401.45,400.9,401.05,83933
1782116700,401.1,401.4,401.0,401.2,73589
1782117000,401.1,402.0,401.0,401.85,69954
1782117300,401.9,402.3,401.85,402.0,60283
1782117600,402.05,402.25,401.85,401.9,41631
1782117900,402.1,402.2,401.75,402.0,42151
1782118200,402.05,402.3,401.8,402.1,39063
1782118500,402.05,402.5,401.9,402.45,57073
1782118800,402.4,402.65,402.3,402.55,137591
1782119100,402.6,402.7,402.4,402.5,58039
1782119400,402.55,402.95,402.5,402.75,51101
1782119700,402.8,403.0,402.7,402.85,65270
1782120000,402.9,402.9,402.5,402.55,65165
1782120300,402.7,403.0,402.55,402.75,80509
1782120600,402.85,403.1,402.5,402.9,192395
1782120900,402.8,403.0,402.5,402.6,177238
1782121200,402.7,402.7,401.75,402.05,644544
1782121500,402.1,402.55,401.5,401.9,540970
1782121800,401.9,402.1,401.55,401.8,277400
1782122100,402.0,402.0,401.0,401.0,165194
1782186300,398.0,401.3,398.0,400.4,857665
1782186600,400.4,401.8,399.85,401.5,353903
1782186900,401.55,402.3,401.05,401.7,122661
1782187200,401.85,402.25,401.35,402.1,87420
1782187500,402.2,402.75,401.95,402.75,69748
1782187800,402.7,403.7,402.35,403.65,82275
1782188100,403.65,403.85,403.35,403.4,90785
1782188400,403.55,404.4,403.4,404.1,70250
1782188700,404.25,404.25,403.7,403.85,64471
1782189000,403.85,404.1,403.0,403.85,112642
1782189300,403.95,403.95,403.55,403.6,55796
1782189600,403.6,403.75,403.45,403.6,41300
1782189900,403.55,403.8,403.4,403.75,41155
1782190200,403.8,403.8,403.35,403.65,30068
1782190500,403.6,403.8,403.3,403.8,43676
1782190800,403.8,404.25,403.65,404.1,89374
1782191100,404.25,404.35,403.6,403.9,71941
1782191400,404.0,404.15,403.55,403.55,66638
1782191700,403.7,404.0,403.2,403.8,104849
1782192000,404.0,404.15,403.7,403.95,40864
1782192300,403.85,404.0,402.95,403.6,154922
1782192600,403.45,404.0,403.45,403.85,89210
1782192900,403.85,404.7,403.7,404.7,119985
1782193200,404.7,405.0,404.45,404.85,60002
1782193500,404.8,404.85,404.2,404.55,67112
1782193800,404.5,404.6,404.1,404.45,61007
1782194100,404.45,404.5,403.7,403.85,61732
1782194400,403.85,404.0,403.5,403.5,53826
1782194700,403.65,403.85,403.45,403.85,56302
1782195000,403.85,404.05,403.5,403.8,70627
1782195300,403.7,403.75,401.85,402.2,139682
1782195600,402.15,402.75,401.95,402.45,121184
1782195900,402.55,402.55,401.25,401.6,62708
1782196200,401.45,402.0,401.15,401.8,164850
1782196500,401.75,402.15,401.65,402.1,106902
1782196800,402.0,402.4,401.75,402.35,126538
1782197100,402.35,402.7,402.15,402.45,59334
1782197400,402.45,402.5,400.75,401.1,71341
1782197700,401.15,402.25,401.15,402.05,71585
1782198000,402.05,402.2,401.75,402.0,50887
1782198300,401.95,402.3,401.9,402.0,72422
1782198600,402.05,402.15,401.55,401.95,103802
1782198900,401.95,402.2,401.3,401.5,88012
1782199200,401.3,401.9,401.3,401.7,79316
1782199500,401.7,401.95,401.45,401.8,98723
1782199800,401.8,401.85,401.2,401.85,97895
1782200100,401.9,402.2,401.65,402.05,113613
1782200400,402.1,403.0,401.95,402.5,234022
1782200700,402.55,402.9,401.9,402.5,108276
1782201000,402.6,403.2,402.2,402.35,95104
1782201300,402.5,402.8,401.75,402.6,72595
1782201600,402.7,402.7,401.5,401.75,210698
1782201900,401.6,402.2,401.55,401.7,129865
1782202200,401.9,402.3,401.65,401.9,95273
1782202500,401.95,402.1,401.65,401.8,121572
1782202800,402.0,402.05,401.5,401.65,106019
1782203100,401.65,401.9,401.3,401.65,82001
1782203400,401.7,402.1,401.45,402.0,119170
1782203700,401.9,402.25,401.5,401.6,93984
1782204000,401.75,402.2,401.6,401.85,86365
1782204300,401.95,402.05,401.55,401.55,86901
1782204600,401.6,402.15,401.55,402.1,67728
1782204900,402.1,402.35,401.8,402.2,139711
1782205200,402.2,402.3,401.65,401.75,117174
1782205500,401.75,401.8,401.25,401.65,116599
1782205800,401.55,402.25,401.3,402.0,190254
1782206100,402.0,402.4,401.65,401.95,168516
1782206400,401.9,402.4,401.75,402.3,165947
1782206700,402.35,402.55,401.6,401.75,257989
1782207000,401.9,402.0,400.85,401.75,390210
1782207300,401.7,402.15,401.55,401.95,307809
1782207600,401.95,402.25,401.4,401.5,369860
1782207900,401.55,401.85,401.45,401.6,451851
1782208200,401.65,401.75,401.5,401.65,366650
1782208500,401.65,401.9,401.45,401.65,278323
1782272700,401.65,402.9,400.2,402.25,390538
1782273000,402.2,402.9,402.2,402.85,159064
1782273300,402.9,404.85,402.9,404.3,278487
1782273600,404.3,404.95,404.0,404.3,148694
1782273900,404.3,404.7,404.0,404.7,63205
1782274200,404.65,404.7,404.05,404.05,90554
1782274500,404.05,405.0,403.75,403.8,142278
1782274800,403.85,403.9,403.35,403.5,65376
1782275100,403.55,404.0,403.45,403.85,65472
1782275400,403.85,404.85,403.85,404.65,56362
1782275700,404.65,405.75,404.6,405.6,111450
1782276000,405.6,406.1,405.55,405.95,114780
1782276300,405.95,405.95,405.5,405.5,55986
1782276600,405.65,406.45,405.5,406.45,170150
1782276900,406.45,406.5,406.0,406.25,102777
1782277200,406.35,406.9,406.3,406.8,55326
1782277500,406.6,407.0,406.5,406.6,125103
1782277800,406.6,406.75,405.9,405.9,71336
1782278100,405.95,406.55,405.95,406.2,54499
1782278400,406.25,406.25,405.35,405.5,1030916
1782278700,405.35,405.7,405.2,405.5,51302
1782279000,405.65,406.35,405.5,405.75,90134
1782279300,405.8,406.0,405.6,405.9,95050
1782279600,405.8,406.15,405.75,405.9,78264
1782279900,405.85,406.0,405.4,405.6,121098
1782280200,405.65,406.2,405.25,406.2,122210
1782280500,406.05,407.0,406.05,406.95,214730
1782280800,406.95,407.45,406.6,407.4,103213
1782281100,407.25,407.5,407.15,407.4,123209
1782281400,407.3,407.7,407.2,407.6,112008
1782281700,407.5,407.95,407.35,407.55,134494
1782282000,407.7,407.8,406.75,406.95,355129
1782282300,406.95,407.05,406.0,406.1,297947
1782282600,406.1,406.25,405.75,405.9,83403
1782282900,405.9,406.0,405.5,405.5,149523
1782283200,405.5,405.7,405.1,405.3,104331
1782283500,405.35,405.7,405.35,405.7,41438
1782283800,405.6,406.5,405.6,406.2,376221
1782284100,406.3,406.4,405.8,405.9,72676
1782284400,405.8,405.9,405.0,405.35,83256
1782284700,405.4,405.4,405.1,405.3,47829
1782285000,405.4,405.9,405.25,405.8,40599
1782285300,405.9,406.0,405.7,405.9,63442
1782285600,405.85,406.05,405.7,406.0,346798
1782285900,406.1,406.5,405.85,406.45,76094
1782286200,406.5,406.6,405.8,405.8,99484
1782286500,405.95,406.0,405.25,405.4,69220
1782286800,405.45,405.5,405.2,405.4,68427
1782287100,405.25,406.0,405.25,405.95,61726
1782287400,405.85,406.0,405.65,405.75,49605
1782287700,405.85,406.1,405.7,405.9,40253
1782288000,405.95,406.25,405.8,406.0,49429
1782288300,405.9,406.5,405.9,406.45,48435
1782288600,406.25,406.65,406.25,406.6,60453
1782288900,406.75,407.2,406.6,406.7,100223
1782289200,406.7,406.95,406.65,406.95,46770
1782289500,406.95,407.1,405.85,406.2,201346
1782289800,406.05,406.6,405.9,406.6,327435
1782290100,406.6,406.65,406.25,406.6,131143
1782290400,406.6,407.0,406.4,406.95,116134
1782290700,406.85,407.25,406.45,407.05,254929
1782291000,407.1,407.45,407.05,407.3,125613
1782291300,407.35,407.4,406.4,406.4,245650
1782291600,406.5,406.8,406.4,406.55,165121
1782291900,406.6,406.7,406.5,406.65,88934
1782292200,406.65,406.7,406.5,406.6,101332
1782292500,406.6,406.7,406.05,406.55,130314
1782292800,406.55,406.95,406.45,406.45,143575
1782293100,406.45,406.85,406.15,406.2,149809
1782293400,405.85,406.2,405.7,405.8,262684
1782293700,405.8,406.0,405.8,406.0,200007
1782294000,406.0,406.0,405.5,405.65,272776
1782294300,405.6,406.0,405.6,405.85,266490
1782294600,405.8,406.0,405.45,406.0,381454
1782294900,406.0,407.1,405.95,406.0,742363
1782359100,409.5,410.9,407.2,408.2,332666
1782359400,408.3,408.95,408.0,408.75,191428
1782359700,408.65,408.95,408.5,408.9,94248
1782360000,408.9,408.9,407.85,408.2,156486
1782360300,408.1,408.6,407.9,408.55,50007
1782360600,408.5,408.6,408.0,408.15,60570
1782360900,408.3,408.7,408.15,408.6,59294
1782361200,408.7,408.7,408.0,408.05,71932
1782361500,408.0,408.5,407.6,408.5,43244
1782361800,408.4,408.4,407.7,408.3,2093945
1782362100,408.35,408.5,408.15,408.45,106334
1782362400,408.45,408.85,408.0,408.8,179528
1782362700,408.75,408.75,408.2,408.6,39304
1782363000,408.5,409.35,408.35,409.1,63353
1782363300,409.1,409.8,409.0,409.8,93107
1782363600,409.8,410.2,409.5,409.75,241046
1782363900,409.75,410.7,409.6,410.5,144385
1782364200,410.4,411.0,410.2,410.95,190395
1782364500,410.95,411.0,410.7,410.95,64466
1782364800,410.9,411.1,410.75,411.0,126817
1782365100,410.9,411.35,410.85,411.35,65133
1782365400,411.3,411.4,409.85,409.85,133288
1782365700,410.0,412.0,409.85,411.75,194651
1782366000,411.6,411.75,411.1,411.4,42506
1782366300,411.3,411.85,411.1,411.25,75874
1782366600,411.25,411.65,411.1,411.25,69802
1782366900,411.2,411.4,410.7,410.85,91757
1782367200,410.75,411.0,410.65,410.85,120851
1782367500,410.8,410.9,410.5,410.9,62060
1782367800,410.8,411.3,410.35,411.2,118340
1782368100,411.3,411.8,411.2,411.7,86640
1782368400,411.65,411.8,411.15,411.4,62174
1782368700,411.35,412.0,411.2,411.85,83541
1782369000,411.7,412.0,410.9,411.0,125847
1782369300,410.9,411.2,410.6,411.15,79571
1782369600,411.1,411.75,411.1,411.6,83026
1782369900,411.55,412.85,411.55,412.85,235758
1782370200,412.8,413.3,412.65,412.85,161061
1782370500,413.0,413.0,411.35,412.65,138731
1782370800,412.65,412.85,412.5,412.6,98937
1782371100,412.7,412.85,412.1,412.55,79466
1782371400,412.65,412.75,412.4,412.6,66154
1782371700,412.65,412.75,412.5,412.7,44699
1782372000,412.6,412.9,412.5,412.8,52476
1782372300,412.7,412.95,412.6,412.85,35147
1782372600,412.7,412.85,412.65,412.85,35749
1782372900,412.8,412.85,412.35,412.55,142211
1782373200,412.45,412.65,412.25,412.4,124004
1782373500,412.4,412.65,412.2,412.65,40215
1782373800,412.5,413.4,411.65,412.4,389843
1782374100,412.4,412.65,412.2,412.55,99839
1782374400,412.55,412.6,412.2,412.4,51445
1782374700,412.35,412.8,412.25,412.7,70045
1782375000,412.75,412.9,412.5,412.9,72967
1782375300,412.8,413.8,412.55,412.75,348016
1782375600,412.75,413.0,412.3,412.4,1804367
1782375900,412.35,412.6,411.0,411.25,182227
1782376200,411.2,411.5,410.6,410.95,77205
1782376500,411.0,411.05,410.0,410.0,95834
1782376800,410.05,410.2,409.35,409.75,138381
1782377100,409.75,409.85,409.1,409.85,112735
1782377400,409.8,410.0,409.1,409.7,409022
1782377700,409.7,410.25,409.55,410.1,83299
1782378000,410.0,410.15,409.6,409.6,101087
1782378300,409.75,410.65,409.6,409.95,316286
1782378600,409.95,410.0,408.5,408.5,305453
1782378900,408.65,409.55,408.35,408.85,276029
1782379200,409.05,410.0,408.8,409.7,236885
1782379500,409.65,409.85,409.2,409.35,164121
1782379800,409.25,409.6,408.35,409.55,622325
1782380100,409.45,409.9,409.05,409.3,649293
1782380400,409.45,409.6,408.55,408.9,696710
1782380700,408.9,409.15,408.1,408.6,823143
1782381000,408.65,409.35,408.3,408.95,671784
1782381300,408.95,410.0,408.15,409.75,580250
1782704700,402.5,404.85,400.2,400.6,1992634
1782705000,400.65,401.0,398.3,399.05,580645
1782705300,399.05,399.5,397.6,399.0,2201377
1782705600,399.0,399.25,395.95,396.6,1509672
1782705900,396.7,399.0,396.2,398.4,733205
1782706200,398.5,400.0,398.25,399.95,1511906
1782706500,399.75,400.9,399.55,400.5,745498
1782706800,400.6,402.45,400.0,401.0,858243
1782707100,401.15,401.4,399.65,400.5,320670
1782707400,400.45,401.95,400.3,401.85,721787
1782707700,401.9,402.0,401.0,401.35,326062
1782708000,401.35,401.85,400.2,401.4,358442
1782708300,401.4,401.5,400.0,400.2,199258
1782708600,400.35,400.7,399.4,400.6,234481
1782708900,400.85,401.35,400.25,401.0,335620
1782709200,401.15,401.6,400.55,400.75,245765
1782709500,400.7,401.95,400.45,401.7,246425
1782709800,401.75,402.25,401.05,401.8,193719
1782710100,401.9,401.9,400.45,400.6,151411
1782710400,400.6,400.6,400.0,400.25,218648
1782710700,400.4,401.15,400.05,400.85,148182
1782711000,400.9,401.05,400.35,400.7,142199
1782711300,400.75,400.8,399.6,399.7,288374
1782711600,399.85,399.95,399.3,399.6,178325
1782711900,399.6,399.85,399.1,399.55,214745
1782712200,399.65,399.65,398.4,398.55,188585
1782712500,398.6,399.5,398.35,398.95,582028
1782712800,398.9,399.0,398.1,398.4,311466
1782713100,398.45,399.05,398.2,398.75,294216
1782713400,398.8,399.45,398.55,399.2,204039
1782713700,399.2,399.5,398.95,399.15,210827
1782714000,399.1,399.4,398.75,399.0,239498
1782714300,399.0,400.0,398.9,399.35,569349
1782714600,399.35,399.9,398.4,398.55,354741
1782714900,398.55,399.25,398.4,399.2,447400
1782715200,399.1,399.3,398.15,398.5,266578
1782715500,398.65,398.8,398.0,398.3,383321
1782715800,398.25,398.8,398.05,398.4,289424
1782716100,398.6,398.9,397.45,397.7,474358
1782716400,397.65,399.0,397.5,398.5,224244
1782716700,398.6,398.85,397.55,397.7,255335
1782717000,397.8,397.85,397.35,397.45,380098
1782717300,397.55,398.4,397.45,397.95,538669
1782717600,398.15,398.35,397.65,397.95,162231
1782717900,397.95,398.6,397.6,398.6,234060
1782718200,398.4,398.6,398.0,398.4,166650
1782718500,398.4,398.45,398.0,398.25,127548
1782718800,398.3,398.5,397.9,398.1,165091
1782719100,398.05,398.2,397.05,397.15,274888
1782719400,397.2,397.55,396.4,396.7,216791
1782719700,396.65,397.45,396.45,397.2,137750
1782720000,397.25,397.55,396.6,396.65,161493
1782720300,396.65,397.0,396.5,396.8,129803
1782720600,396.8,397.0,396.0,396.4,263778
1782720900,396.4,396.6,395.6,395.9,366476
1782721200,395.9,395.95,395.5,395.75,222689
1782721500,395.75,396.0,395.2,395.5,185770
1782721800,395.55,396.35,395.45,395.75,252061
1782722100,395.9,396.05,395.3,395.75,400714
1782722400,395.6,397.6,395.6,397.5,620774
1782722700,397.5,398.3,397.1,397.95,271928
1782723000,397.9,398.1,397.4,397.7,218467
1782723300,397.85,397.9,397.55,397.7,229317
1782723600,397.75,398.7,397.6,397.7,312167
1782723900,397.75,398.0,397.4,397.65,168018
1782724200,397.65,398.4,397.55,398.4,199251
1782724500,398.35,398.5,398.05,398.4,159366
1782724800,398.35,398.45,396.9,397.0,368818
1782725100,397.1,397.3,396.5,397.0,442015
1782725400,396.8,397.05,395.75,395.9,1458806
1782725700,395.85,396.35,395.5,395.95,1410735
1782726000,396.0,396.0,395.1,395.3,1515104
1782726300,395.2,395.6,394.25,394.5,1603478
1782726600,394.5,395.8,394.1,395.25,1800747
1782726900,395.0,397.5,394.75,397.0,1230351
1782791100,395.5,397.0,393.2,393.8,649969
1782791400,393.95,393.95,392.8,393.0,267458
1782791700,392.95,394.35,392.7,394.35,327277
1782792000,394.3,394.45,393.1,393.25,234319
1782792300,393.3,393.4,391.4,391.5,611218
1782792600,391.5,391.95,390.8,391.5,407623
1782792900,391.45,391.5,390.6,390.9,249058
1782793200,390.85,391.75,390.85,391.65,146587
1782793500,391.55,392.05,390.75,391.65,188390
1782793800,391.5,393.05,391.3,393.0,236832
1782794100,393.0,393.4,392.35,392.4,389864
1782794400,392.45,393.5,392.45,392.75,148229
1782794700,392.9,392.9,392.2,392.55,119004
1782795000,392.55,392.95,392.2,392.95,96678
1782795300,392.85,393.55,392.65,393.35,202005
1782795600,393.35,394.0,393.25,393.95,140347
1782795900,394.0,394.05,393.6,393.8,166822
1782796200,393.85,393.85,393.25,393.8,122988
1782796500,393.65,393.8,392.75,393.2,1625375
1782796800,393.2,393.5,392.85,393.0,89581
1782797100,393.0,393.25,392.25,392.25,117037
1782797400,392.3,393.4,392.15,393.1,121619
1782797700,393.0,393.35,392.85,393.2,75744
1782798000,393.3,394.1,393.0,393.8,218503
1782798300,393.75,393.85,393.05,393.45,95708
1782798600,393.4,394.0,393.05,394.0,162810
1782798900,394.0,394.1,393.4,393.5,114523
1782799200,393.5,393.6,392.65,393.25,182584
1782799500,393.1,393.45,392.6,393.2,311860
1782799800,393.05,393.25,392.85,392.85,79020
1782800100,392.85,393.0,392.65,392.8,97418
1782800400,392.8,393.25,392.6,393.25,120224
1782800700,393.3,393.4,393.0,393.15,99704
1782801000,393.3,393.3,392.5,392.7,87714
1782801300,392.7,392.8,392.25,392.25,129910
1782801600,392.25,392.9,392.2,392.7,142621
1782801900,392.85,393.0,392.35,392.85,130149
1782802200,392.8,393.4,392.65,393.35,153147
1782802500,393.3,394.85,393.25,394.4,184277
1782802800,394.4,394.5,393.6,394.0,197178
1782803100,394.05,394.65,393.8,394.5,115728
1782803400,394.85,396.5,394.65,396.05,473815
1782803700,396.05,396.15,394.65,394.85,277547
1782804000,394.7,394.9,394.3,394.4,108220
1782804300,394.25,394.95,393.8,394.3,504863
1782804600,394.3,394.45,394.0,394.35,110740
1782804900,394.35,394.4,393.2,393.2,221326
1782805200,393.2,393.25,392.8,392.8,157208
1782805500,392.8,392.9,391.95,391.95,241593
1782805800,392.15,392.2,391.4,391.4,167856
1782806100,391.4,392.3,391.35,392.05,416784
1782806400,392.05,392.45,391.85,392.15,416596
1782806700,392.15,392.15,391.65,391.85,159014
1782807000,391.8,392.15,391.4,391.75,384545
1782807300,391.75,391.8,391.15,391.5,154256
1782807600,391.5,392.2,391.5,392.05,200432
1782807900,392.05,392.1,391.65,392.0,172542
1782808200,391.95,392.4,391.2,391.3,324892
1782808500,391.3,391.6,391.1,391.4,221687
1782808800,391.45,391.55,391.1,391.2,176950
1782809100,391.25,391.85,390.75,391.05,421989
1782809400,391.0,392.3,390.8,392.3,301821
1782809700,392.2,393.05,392.2,392.75,351269
1782810000,392.8,392.85,391.85,392.25,265286
1782810300,392.05,392.35,391.8,391.95,231513
1782810600,391.95,392.4,391.7,391.8,249575
1782810900,391.95,392.35,391.65,391.7,377510
1782811200,391.7,392.05,391.5,391.95,284901
1782811500,391.8,392.2,390.95,391.2,501270
1782811800,391.15,391.2,390.0,390.3,1062651
1782812100,390.3,391.15,389.9,391.1,1241491
1782812400,391.0,392.1,390.7,392.1,1253525
1782812700,392.05,392.65,391.9,392.6,1094323
1782813000,392.6,394.25,392.35,394.05,1471642
1782813300,394.0,396.6,394.0,396.0,1385294
1782877500,397.35,398.9,394.6,396.5,2095081
1782877800,396.7,396.7,395.15,396.0,298876
1782878100,395.95,396.0,393.4,393.75,490774
1782878400,393.7,394.95,393.25,394.5,1012695
1782878700,394.5,395.25,393.95,394.95,1076311
1782879000,394.85,395.0,394.65,394.95,148238
1782879300,395.0,395.0,393.45,393.5,162838
1782879600,393.25,394.2,393.25,394.15,152262
1782879900,394.15,394.65,394.0,394.4,178657
1782880200,394.4,394.6,393.75,394.2,123750
1782880500,394.1,395.0,393.75,394.75,251844
1782880800,394.7,395.0,394.55,394.8,209178
1782881100,394.75,395.8,394.75,395.6,243395
1782881400,395.55,395.55,395.15,395.35,75405
1782881700,395.35,395.45,394.8,394.8,80071
1782882000,394.8,395.1,394.75,394.8,54954
1782882300,394.95,395.0,394.75,394.95,49667
1782882600,394.9,394.95,394.25,394.7,87432
1782882900,394.75,395.0,394.6,394.8,60743
1782883200,394.8,395.15,394.5,395.0,61123
1782883500,394.95,395.1,394.65,394.75,59608
1782883800,394.7,395.0,394.7,394.75,31092
1782884100,394.8,395.1,394.55,394.85,50585
1782884400,394.9,395.05,394.75,394.95,47483
1782884700,395.05,395.35,394.9,395.1,42840
1782885000,395.15,395.3,394.65,394.75,57599
1782885300,394.7,394.9,394.5,394.65,69808
1782885600,394.55,394.95,394.3,394.35,81553
1782885900,394.55,395.2,394.0,394.05,144142
1782886200,394.05,396.05,393.65,396.0,715790
1782886500,396.0,396.6,396.0,396.45,781247
1782886800,398.0,398.15,396.6,396.8,664515
1782887100,396.75,397.3,396.6,397.25,124252
1782887400,397.25,397.3,396.6,396.8,100985
1782887700,396.8,397.3,396.55,397.0,110959
1782888000,396.95,397.25,396.55,396.7,90713
1782888300,396.7,397.45,396.35,397.4,128738
1782888600,397.4,398.0,396.9,397.25,176752
1782888900,397.3,397.5,396.2,396.25,190472
1782889200,396.3,397.85,396.05,397.55,231281
1782889500,397.55,397.65,396.85,396.95,118009
1782889800,396.95,397.0,395.5,395.85,173665
1782890100,395.9,396.35,395.7,395.9,146203
1782890400,395.9,396.1,395.5,395.65,123518
1782890700,395.7,395.85,395.2,395.4,162439
1782891000,395.4,395.95,395.25,395.35,161729
1782891300,395.35,395.65,395.1,395.25,144164
1782891600,395.25,395.95,395.1,395.8,124665
1782891900,395.85,396.0,395.65,395.7,108935
1782892200,395.75,395.95,395.4,395.6,132975
1782892500,395.65,396.15,395.55,395.75,129422
1782892800,395.65,399.3,395.55,397.85,973856
1782893100,397.75,401.0,397.7,400.45,1148104
1782893400,400.35,400.5,399.3,399.5,265409
1782893700,399.5,399.5,398.95,399.05,227435
1782894000,399.05,399.35,398.65,398.65,180400
1782894300,398.7,399.1,398.6,398.85,174336
1782894600,398.85,399.0,398.6,398.8,182008
1782894900,398.8,399.75,398.75,399.7,325944
1782895200,399.65,400.7,399.35,400.3,170851
1782895500,400.35,400.45,399.7,399.7,170320
1782895800,399.75,400.1,399.65,400.0,154139
1782896100,400.0,400.0,398.95,399.15,169298
1782896400,399.25,399.3,398.65,398.7,164916
1782896700,398.8,398.95,398.3,398.65,177569
1782897000,398.65,399.5,398.25,399.4,185346
1782897300,399.45,399.45,398.8,399.1,188612
1782897600,399.15,400.35,399.0,400.1,421499
1782897900,400.0,400.95,399.8,400.6,298844
1782898200,400.8,401.4,400.5,400.75,851005
1782898500,400.9,401.0,400.6,401.0,468216
1782898800,400.95,401.0,400.25,400.25,635247
1782899100,400.35,400.35,399.75,400.0,810342
1782899400,399.8,400.0,399.7,400.0,405315
1782899700,400.0,400.0,398.8,399.0,421413
1782963900,400.45,402.75,399.75,402.2,669469
1782964200,402.6,404.15,402.5,403.6,237891
1782964500,403.6,403.65,402.6,403.15,81008
1782964800,403.15,404.0,402.85,403.5,143398
1782965100,403.55,404.85,403.35,404.35,237254
1782965400,404.15,405.0,403.8,404.4,139824
1782965700,404.4,404.6,401.2,401.65,228992
1782966000,401.8,402.0,401.5,401.8,151878
1782966300,401.8,402.0,399.4,400.0,340649
1782966600,400.0,400.35,399.85,400.0,103030
1782966900,400.0,400.15,399.05,399.6,73249
1782967200,399.4,400.05,398.7,398.9,98119
1782967500,398.65,399.2,398.25,398.65,84279
1782967800,398.85,399.1,398.45,398.7,71005
1782968100,398.7,399.0,398.3,398.4,81222
1782968400,398.4,398.9,398.4,398.55,57293
1782968700,398.55,400.05,398.5,399.3,188771
1782969000,399.25,399.65,399.15,399.35,47330
1782969300,399.35,399.7,399.3,399.4,38675
1782969600,399.4,399.9,399.25,399.5,59195
1782969900,399.5,399.85,399.15,399.8,58912
1782970200,399.65,400.0,399.2,399.5,326356
1782970500,399.35,399.5,398.55,398.65,74924
1782970800,398.65,398.8,398.3,398.5,44461
1782971100,398.5,398.65,398.0,398.25,118067
1782971400,398.3,398.5,398.0,398.25,68094
1782971700,398.25,398.45,397.6,397.6,89569
1782972000,397.7,398.1,397.6,397.9,58860
1782972300,397.95,398.0,397.3,397.55,60039
1782972600,397.35,398.1,397.3,398.0,69799
1782972900,398.1,398.2,397.95,398.0,45581
1782973200,398.1,400.1,397.95,399.7,713778
1782973500,399.7,400.25,399.5,400.0,697267
1782973800,400.0,400.35,399.95,400.2,124888
1782974100,400.2,401.0,400.05,400.3,343825
1782974400,400.45,400.45,400.15,400.25,46593
1782974700,400.3,400.45,400.0,400.35,45122
1782975000,400.15,400.45,400.05,400.2,63989
1782975300,400.25,400.85,400.1,400.5,242698
1782975600,400.6,400.6,400.3,400.4,71234
1782975900,400.3,400.7,400.2,400.55,54548
1782976200,400.55,400.6,400.05,400.3,56110
1782976500,400.1,400.45,399.9,400.25,189732
1782976800,400.15,400.45,399.7,399.75,105019
1782977100,399.75,399.85,399.35,399.6,63346
1782977400,399.55,400.05,399.35,399.75,137178
1782977700,399.65,400.2,399.65,400.0,88574
1782978000,400.2,400.55,400.0,400.55,86564
1782978300,400.35,400.75,400.35,400.6,163154
1782978600,400.55,400.75,400.4,400.45,296680
1782978900,400.45,400.75,400.35,400.45,189683
1782979200,400.4,400.85,400.05,400.7,112286
1782979500,400.7,400.9,400.3,400.35,407139
1782979800,400.35,400.7,400.3,400.45,75290
1782980100,400.45,400.5,400.0,400.15,84115
1782980400,400.0,400.3,399.25,399.45,150238
1782980700,399.3,399.75,399.3,399.3,203298
1782981000,399.3,399.4,398.75,398.9,218944
1782981300,398.9,399.0,398.65,398.7,99296
1782981600,398.65,398.85,398.45,398.75,71226
1782981900,398.75,399.0,398.55,398.75,61072
1782982200,398.85,399.2,398.7,399.0,78391
1782982500,398.85,399.2,398.8,398.85,78217
1782982800,398.85,399.0,398.55,398.65,74229
1782983100,398.65,399.0,398.6,398.9,57457
1782983400,398.8,398.9,398.5,398.6,101753
1782983700,398.5,398.9,398.35,398.75,141859
1782984000,398.8,399.2,398.7,399.05,126396
1782984300,399.1,399.15,398.75,398.95,109270
1782984600,399.2,400.0,398.95,399.85,416787
1782984900,399.85,400.4,399.5,399.9,578621
1782985200,400.0,400.05,399.3,399.45,677417
1782985500,399.5,399.5,398.15,398.15,353420
1782985800,398.25,398.95,398.0,398.7,477063
1782986100,398.65,398.85,398.35,398.55,275800
1783050300,400.0,401.45,398.8,399.45,950573
1783050600,399.4,400.4,399.0,400.0,151268
1783050900,400.0,400.55,399.75,399.75,170810
1783051200,399.75,400.2,399.45,399.75,169173
1783051500,399.75,400.35,399.65,399.7,194343
1783051800,399.95,400.0,399.35,399.4,140311
1783052100,399.4,399.6,398.4,398.55,149118
1783052400,398.5,398.7,398.25,398.5,138924
1783052700,398.4,398.7,398.0,398.2,128829
1783053000,398.2,398.5,398.0,398.0,145420
1783053300,398.0,398.3,397.3,398.05,120684
1783053600,398.05,398.15,397.5,397.75,146273
1783053900,397.7,398.0,397.35,397.75,105996
1783054200,397.7,397.95,397.55,397.55,72243
1783054500,397.5,398.55,397.5,398.25,151267
1783054800,398.25,398.35,397.85,397.9,95132
1783055100,398.05,398.05,397.25,397.3,226981
1783055400,397.45,397.85,397.2,397.6,169810
1783055700,397.4,397.55,396.85,397.25,206917
1783056000,397.25,397.3,396.55,397.05,194841
1783056300,397.0,397.2,396.8,397.0,108306
1783056600,397.0,397.4,396.9,397.0,112114
1783056900,397.0,397.2,396.8,396.95,84154
1783057200,396.95,396.95,396.7,396.8,117788
1783057500,396.8,396.9,396.6,396.8,133422
1783057800,396.8,396.85,396.5,396.8,127373
1783058100,396.75,397.15,396.6,396.95,136784
1783058400,397.0,397.4,396.7,397.15,63118
1783058700,397.15,397.3,396.9,397.0,84437
1783059000,397.15,397.15,396.85,397.0,216306
1783059300,396.95,397.5,396.9,397.05,249671
1783059600,397.15,397.45,397.1,397.25,245296
1783059900,397.35,398.05,397.1,397.5,569717
1783060200,397.5,397.6,397.1,397.15,101784
1783060500,397.1,397.25,396.8,396.9,218316
1783060800,396.8,397.4,396.75,397.1,198380
1783061100,397.1,397.2,396.9,397.1,70754
1783061400,397.0,397.2,396.85,397.05,58573
1783061700,397.0,397.35,396.8,397.05,77954
1783062000,397.05,397.7,396.9,397.45,538622
1783062300,397.35,397.5,397.0,397.25,113607
1783062600,397.25,397.4,396.85,397.2,104269
1783062900,397.2,397.25,396.85,397.1,118939
1783063200,397.1,397.3,396.7,396.85,237811
1783063500,396.85,396.85,396.65,396.8,310760
1783063800,396.85,396.9,396.05,396.4,410715
1783064100,396.4,396.95,396.25,396.65,85970
1783064400,396.8,396.9,396.6,396.8,66215
1783064700,396.8,396.85,396.4,396.75,111595
1783065000,396.75,396.8,396.5,396.8,145652
1783065300,396.75,397.05,396.6,396.85,296672
1783065600,396.85,396.95,396.7,396.95,137356
1783065900,396.9,396.95,396.65,396.9,172214
1783066200,396.9,397.0,396.65,396.75,173880
1783066500,396.9,396.95,396.5,396.8,153897
1783066800,396.8,396.8,396.05,396.3,92295
1783067100,396.1,396.3,395.5,395.55,217453
1783067400,395.55,396.1,395.5,395.85,198419
1783067700,395.8,395.95,395.65,395.75,92237
1783068000,395.75,396.0,395.6,395.8,81582
1783068300,395.75,395.75,395.05,395.25,173502
1783068600,395.25,395.25,394.55,395.15,219576
1783068900,395.1,395.8,395.0,395.65,158079
1783069200,395.65,396.0,395.5,396.0,141488
1783069500,395.85,396.6,395.5,396.0,591340
1783069800,396.15,396.5,395.5,395.6,753119
1783070100,395.6,396.45,395.45,396.45,151126
1783070400,396.45,396.65,395.75,396.0,160600
1783070700,396.0,396.0,395.5,395.8,139136
1783071000,395.85,397.0,395.8,396.5,320498
1783071300,396.5,396.85,396.0,396.85,197484
1783071600,396.85,397.0,396.7,397.0,179924
1783071900,396.85,397.0,396.85,396.95,259724
1783072200,396.9,397.0,396.7,397.0,329710
1783072500,396.95,397.05,396.55,396.8,223911
1783309500,389.75,389.75,384.2,385.7,1761229
1783309800,385.8,385.8,383.75,384.25,912784
1783310100,384.0,385.75,383.5,385.5,543566
1783310400,385.65,386.05,384.65,384.95,711543
1783310700,384.95,385.1,383.0,383.6,790579
1783311000,383.55,383.65,381.35,381.45,685528
1783311300,381.4,383.05,381.3,382.15,632924
1783311600,382.1,383.8,382.05,383.5,1059582
1783311900,383.45,384.1,382.8,383.9,957796
1783312200,383.9,384.3,383.1,383.7,677268
1783312500,383.5,384.1,382.85,383.95,593119
1783312800,383.8,383.95,383.0,383.25,211950
1783313100,383.25,384.4,382.8,383.85,499319
1783313400,383.95,384.95,383.75,384.2,428077
1783313700,384.05,384.5,384.0,384.25,447768
1783314000,384.25,384.25,382.95,383.75,806406
1783314300,383.75,383.8,381.0,382.25,1649072
1783314600,382.3,383.25,382.15,382.85,337067
1783314900,383.0,383.5,382.8,383.0,824830
1783315200,383.0,383.35,382.55,383.0,510293
1783315500,383.05,383.4,382.25,383.0,417543
1783315800,383.1,383.15,382.6,383.0,385347
1783316100,383.0,383.85,382.8,383.8,309143
1783316400,383.8,383.8,382.9,383.3,420280
1783316700,383.35,383.4,382.8,383.35,159747
1783317000,383.35,385.85,383.15,385.85,749157
1783317300,385.8,386.0,385.1,385.4,407261
1783317600,385.4,385.85,385.05,385.6,293046
1783317900,385.75,385.8,385.0,385.2,269581
1783318200,385.0,385.2,384.8,385.15,222734
1783318500,385.15,385.25,384.45,384.65,592314
1783318800,384.6,384.65,383.5,383.75,195615
1783319100,383.75,384.2,383.6,384.2,202108
1783319400,384.2,384.85,384.0,384.75,140213
1783319700,384.65,385.5,384.65,385.45,174281
1783320000,385.35,385.45,385.05,385.1,137316
1783320300,385.1,385.55,385.0,385.55,185788
1783320600,385.4,385.6,385.1,385.3,125313
1783320900,385.3,385.4,385.05,385.05,124096
1783321200,385.15,385.85,385.05,385.45,287253
1783321500,385.45,385.55,385.05,385.25,124248
1783321800,385.05,385.55,385.0,385.3,218740
1783322100,385.3,385.3,384.0,384.15,426920
1783322400,384.15,384.15,383.05,383.05,238505
1783322700,383.2,383.25,382.85,383.25,279199
1783323000,383.25,383.25,382.5,382.85,631178
1783323300,382.85,383.4,382.8,383.0,352866
1783323600,382.9,383.15,381.75,382.25,920426
1783323900,382.25,382.35,381.55,381.9,488554
1783324200,381.9,382.3,381.7,382.2,250202
1783324500,382.3,382.45,382.1,382.4,123784
1783324800,382.4,382.4,382.0,382.15,144380
1783325100,382.1,382.85,382.0,382.6,224258
1783325400,382.75,382.8,381.95,382.05,325996
1783325700,382.1,382.15,381.25,381.25,299363
1783326000,381.3,381.6,381.15,381.45,387754
1783326300,381.3,381.45,381.15,381.35,189109
1783326600,381.35,381.45,381.15,381.35,215455
1783326900,381.45,381.5,381.25,381.4,306433
1783327200,381.3,381.9,381.3,381.6,221287
1783327500,381.6,381.85,381.5,381.5,222654
1783327800,381.5,382.25,381.5,382.2,296142
1783328100,382.05,382.3,382.0,382.1,174417
1783328400,382.15,382.5,382.0,382.45,231365
1783328700,382.5,382.6,382.25,382.4,173242
1783329000,382.35,382.4,381.95,382.05,298392
1783329300,382.1,382.1,381.5,381.5,332741
1783329600,381.55,381.7,381.45,381.6,278467
1783329900,381.65,381.85,381.5,381.75,271236
1783330200,381.7,381.75,381.4,381.55,563905
1783330500,381.55,381.55,381.2,381.25,624643
1783330800,381.3,381.5,381.2,381.35,745663
1783331100,381.4,381.8,381.2,381.4,984415
1783331400,381.4,381.5,381.0,381.05,905673
1783331700,381.0,381.25,380.7,381.1,720643
1783395900,381.5,382.9,379.35,380.25,942866
1783396200,380.2,380.95,380.1,380.65,269093
1783396500,380.6,380.65,379.55,379.9,201868
1783396800,379.9,379.9,379.1,379.45,154979
1783397100,379.35,379.55,379.05,379.25,150753
1783397400,379.25,379.55,379.05,379.45,102145
1783397700,379.45,379.55,378.65,379.0,253055
1783398000,378.85,379.15,378.8,379.05,156954
1783398300,379.35,379.8,379.0,379.8,184351
1783398600,379.8,380.3,379.55,380.0,262798
1783398900,379.95,381.25,379.95,381.1,277474
1783399200,381.05,381.15,380.8,380.8,225832
1783399500,380.85,381.2,380.55,381.15,330645
1783399800,381.1,381.15,380.3,380.95,218829
1783400100,380.95,381.4,380.5,381.3,325413
1783400400,381.35,381.5,380.75,381.0,324413
1783400700,380.95,381.0,380.5,380.55,164150
1783401000,380.45,380.55,379.95,380.1,240491
1783401300,380.15,380.7,379.9,380.45,174781
1783401600,380.45,380.55,380.0,380.3,218859
1783401900,380.2,381.95,380.05,381.85,263121
1783402200,381.75,381.85,381.3,381.5,193043
1783402500,381.55,382.15,381.5,381.65,249970
1783402800,381.65,382.1,380.8,381.05,327990
1783403100,381.0,381.2,380.6,381.05,137179
1783403400,381.1,381.2,380.1,380.1,329968
1783403700,380.1,380.6,380.0,380.45,160840
1783404000,380.4,380.45,379.8,379.95,154903
1783404300,379.85,380.25,379.8,380.1,151323
1783404600,380.1,380.25,379.9,379.95,160064
1783404900,380.0,380.0,379.4,379.55,196705
1783405200,379.6,380.1,379.35,379.5,498671
1783405500,379.5,380.3,379.5,379.95,321371
1783405800,379.8,380.5,379.8,380.35,156576
1783406100,380.25,380.7,380.15,380.6,201257
1783406400,380.6,380.7,379.95,380.1,157215
1783406700,380.05,380.45,380.0,380.1,186864
1783407000,380.1,380.5,380.1,380.3,249800
1783407300,380.2,380.4,380.1,380.15,226192
1783407600,380.1,380.7,380.0,380.7,303093
1783407900,380.7,381.1,380.45,380.9,424904
1783408200,380.8,381.25,380.55,381.0,352849
1783408500,381.0,382.05,380.95,381.8,651603
1783408800,381.95,382.05,381.45,381.5,373392
1783409100,381.5,382.7,381.2,382.45,461256
1783409400,382.45,382.55,382.0,382.0,137915
1783409700,382.1,382.15,381.75,382.0,345989
1783410000,382.0,382.05,381.25,381.45,202605
1783410300,381.75,381.75,381.35,381.4,135376
1783410600,381.4,381.8,381.4,381.45,127397
1783410900,381.45,382.0,381.4,381.8,161699
1783411200,381.8,381.9,381.45,381.6,140308
1783411500,381.55,381.95,381.5,381.7,129395
1783411800,381.65,382.0,381.6,381.65,157241
1783412100,381.8,382.0,381.55,381.75,231697
1783412400,381.75,382.0,381.75,381.9,196209
1783412700,381.9,382.4,381.75,382.4,580093
1783413000,382.4,382.65,382.1,382.15,158673
1783413300,382.25,382.8,382.05,382.6,223715
1783413600,382.55,382.55,382.4,382.5,142747
1783413900,382.5,382.55,381.75,381.75,135928
1783414200,381.75,382.0,381.45,381.85,138638
1783414500,381.8,381.85,381.75,381.75,216200
1783414800,381.8,382.0,381.4,381.5,195332
1783415100,381.5,382.1,381.1,381.85,363401
1783415400,381.85,382.0,381.3,381.9,169393
1783415700,381.9,382.0,381.7,381.95,286526
1783416000,381.9,382.0,381.45,381.5,247042
1783416300,381.5,382.0,381.1,381.1,362487
1783416600,381.25,381.5,380.8,381.0,1570789
1783416900,381.05,382.2,380.65,381.7,880384
1783417200,381.65,382.15,381.45,382.0,521881
1783417500,382.0,382.45,381.8,381.9,849556
1783417800,381.9,382.25,381.8,381.9,823199
1783418100,381.85,382.2,381.8,382.15,1274798
1783482300,378.5,381.75,378.5,379.75,573114
1783482600,379.55,379.9,378.65,379.0,251998
1783482900,379.1,379.4,377.55,378.6,183991
1783483200,378.4,378.6,377.55,377.75,114353
1783483500,377.7,378.05,377.5,377.75,131607
1783483800,377.75,377.95,377.4,377.85,63623
1783484100,377.85,378.5,377.55,378.4,93902
1783484400,378.25,378.8,378.1,378.5,48653
1783484700,378.35,378.75,378.0,378.25,57892
1783485000,378.3,378.3,377.8,377.95,54599
1783485300,377.85,378.65,377.6,378.4,52746
1783485600,378.25,378.5,377.6,377.65,69608
1783485900,377.6,377.9,377.15,377.65,81315
1783486200,377.7,378.05,377.3,377.35,110520
1783486500,377.3,377.85,377.15,377.6,54699
1783486800,377.65,378.5,377.55,378.15,75573
1783487100,378.2,379.65,378.1,379.65,182655
1783487400,379.6,380.0,379.3,379.35,66715
1783487700,379.3,379.5,378.9,379.05,54463
1783488000,379.1,379.9,378.5,378.6,467310
1783488300,378.5,378.9,378.2,378.9,87397
1783488600,378.95,379.2,378.9,379.05,56242
1783488900,379.0,379.45,379.0,379.2,90715
1783489200,379.2,379.25,378.5,379.2,224628
1783489500,379.1,379.25,378.5,378.65,313497
1783489800,378.75,378.95,378.0,378.85,303552
1783490100,378.85,379.05,378.25,378.3,244883
1783490400,378.3,378.3,377.65,378.05,246322
1783490700,377.95,378.15,377.75,377.95,137754
1783491000,377.95,378.15,377.85,378.1,81114
1783491300,378.1,378.3,378.0,378.1,52663
1783491600,378.05,378.55,378.0,378.25,96227
1783491900,378.35,378.5,378.0,378.35,115380
1783492200,378.3,378.4,378.1,378.15,48710
1783492500,378.25,378.35,378.0,378.15,46595
1783492800,378.1,378.35,377.7,377.8,490775
1783493100,377.75,378.1,377.3,377.8,138076
1783493400,377.85,378.05,377.45,377.8,63494
1783493700,377.85,378.0,377.2,377.55,92637
1783494000,377.55,377.55,376.7,376.9,320129
1783494300,376.95,376.95,376.5,376.65,223239
1783494600,376.5,376.8,376.1,376.35,153331
1783494900,376.35,376.65,375.75,375.9,159874
1783495200,375.9,376.8,375.75,376.7,129718
1783495500,376.65,376.7,375.85,376.1,224086
1783495800,376.05,376.5,375.9,376.0,264722
1783496100,375.95,376.35,375.7,375.95,208975
1783496400,375.9,376.4,375.4,375.5,196837
1783496700,375.55,375.65,375.2,375.5,192609
1783497000,375.5,375.5,375.05,375.2,184085
1783497300,375.2,375.3,374.9,375.1,318699
1783497600,375.15,375.6,374.95,375.05,414254
1783497900,375.1,375.3,374.2,374.9,308213
1783498200,374.9,375.0,374.55,374.6,203369
1783498500,374.6,374.85,373.45,373.9,344153
1783498800,373.95,374.0,373.4,373.65,280144
1783499100,373.65,373.85,372.9,373.35,225378
1783499400,373.45,373.8,372.25,372.7,356309
1783499700,372.6,372.65,371.65,372.15,276036
1783500000,372.15,372.3,371.25,371.5,189995
1783500300,371.55,372.1,371.1,371.65,275391
1783500600,371.7,372.5,371.25,371.8,303664
1783500900,371.75,372.25,371.3,371.4,349767
1783501200,371.5,371.95,371.2,371.5,251156
1783501500,371.55,372.1,370.85,371.95,336840
1783501800,371.95,372.0,371.25,371.65,438448
1783502100,371.65,372.3,371.35,372.1,402267
1783502400,372.1,372.3,371.6,372.2,243002
1783502700,372.25,372.45,371.75,372.1,362946
1783503000,372.1,372.75,370.0,370.1,1795384
1783503300,370.1,370.2,369.5,369.75,1792065
1783503600,369.75,369.85,369.1,369.2,1768428
1783503900,369.15,370.3,369.15,370.05,1458693
1783504200,370.05,371.0,369.85,370.55,927841
1783504500,370.45,371.0,369.55,370.45,885289
1783568700,371.5,372.75,370.6,372.15,265951
1783569000,372.1,372.95,371.1,372.85,141499
1783569300,372.95,373.0,371.35,371.75,105774
1783569600,371.65,372.0,371.45,371.95,83740
1783569900,371.9,372.1,371.65,372.1,102362
1783570200,372.15,372.35,371.8,372.1,39327
1783570500,372.05,372.9,372.0,372.35,90549
1783570800,372.4,372.65,371.65,371.9,61864
1783571100,371.9,372.2,371.7,371.9,46109
1783571400,371.85,372.65,371.75,372.5,129505
1783571700,372.45,372.95,372.45,372.6,50186
1783572000,372.6,372.95,372.5,372.55,97618
1783572300,372.55,372.9,371.75,372.25,191026
1783572600,372.25,372.9,372.1,372.9,68736
1783572900,372.9,372.9,372.0,372.35,83475
1783573200,372.4,372.4,371.7,372.1,372969
1783573500,372.1,372.15,370.4,370.7,438960
1783573800,370.85,372.35,370.6,371.65,312060
1783574100,371.55,371.6,369.85,369.95,164039
1783574400,370.05,370.3,369.2,370.25,196232
1783574700,370.15,371.0,370.0,370.5,255890
1783575000,370.35,371.35,370.1,371.3,144941
1783575300,371.15,372.05,371.0,371.65,454758
1783575600,371.8,372.1,371.2,371.75,337966
1783575900,371.75,372.0,371.2,371.65,88761
1783576200,371.75,372.0,371.15,371.55,143637
1783576500,371.55,372.65,371.35,372.55,142870
1783576800,372.6,373.05,372.0,373.05,823962
1783577100,373.0,373.05,372.05,372.15,161433
1783577400,372.1,373.0,371.55,371.6,431668
1783577700,371.55,371.95,371.0,371.7,141533
1783578000,371.85,371.85,371.4,371.5,105741
1783578300,371.4,371.9,370.95,371.5,381426
1783578600,371.5,371.6,371.1,371.55,95333
1783578900,371.5,371.6,371.0,371.15,72100
1783579200,371.15,371.6,370.6,371.0,713917
1783579500,371.0,371.0,370.45,370.5,186249
1783579800,370.3,371.1,370.0,370.55,168137
1783580100,370.55,371.05,370.5,370.8,121952
1783580400,370.8,370.85,369.55,369.6,575836
1783580700,369.65,369.8,368.9,369.1,386895
1783581000,369.1,369.3,368.8,368.95,423771
1783581300,369.0,369.0,368.4,369.0,391035
1783581600,368.95,369.55,368.75,369.25,753732
1783581900,369.35,369.5,369.1,369.15,221878
1783582200,369.15,369.95,368.95,369.5,334235
1783582500,369.55,370.4,369.45,370.35,295679
1783582800,370.35,371.15,369.9,369.95,529284
1783583100,369.95,370.2,369.7,369.85,214365
1783583400,369.9,370.4,369.8,370.0,207043
1783583700,370.0,371.3,369.85,371.3,339845
1783584000,371.15,372.5,370.8,371.25,813001
1783584300,371.3,372.5,371.05,372.0,425461
1783584600,371.95,373.35,371.95,373.1,2433724
1783584900,373.0,374.4,373.0,373.85,350260
1783585200,373.85,373.9,372.5,373.15,773655
1783585500,373.15,373.5,372.4,372.7,832544
1783585800,372.75,373.5,372.55,373.15,156553
1783586100,373.1,373.25,372.85,373.0,136190
1783586400,373.0,373.4,372.5,373.3,288625
1783586700,373.3,374.15,373.3,373.6,201544
1783587000,373.6,373.75,373.15,373.75,127811
1783587300,373.7,374.25,373.45,373.95,138235
1783587600,373.95,374.4,373.75,374.1,356818
1783587900,374.1,374.2,373.15,373.4,607764
1783588200,373.4,374.2,372.3,373.95,735361
1783588500,373.95,374.65,373.45,374.55,466153
1783588800,374.5,375.45,374.35,375.45,755199
1783589100,375.45,377.15,375.05,376.95,370693
1783589400,376.8,377.1,375.3,376.6,1245543
1783589700,376.45,377.45,376.3,377.4,2084088
1783590000,377.4,377.8,376.95,377.5,1408122
1783590300,377.5,377.7,377.35,377.55,1403060
1783590600,377.65,377.95,377.4,377.5,1062847
1783590900,377.5,377.75,376.85,377.25,820193
1783655100,377.45,379.05,377.4,378.1,288567
1783655400,378.3,380.7,378.05,380.45,675193
1783655700,380.45,381.05,379.9,380.2,505865
1783656000,380.2,380.35,379.9,380.05,117848
1783656300,380.1,381.15,379.9,381.0,454636
1783656600,381.05,381.1,379.85,380.0,535615
1783656900,380.05,380.6,379.9,380.4,179298
1783657200,380.4,380.4,379.65,380.05,376468
1783657500,380.05,380.2,379.5,380.1,672223
1783657800,379.9,380.0,379.25,379.3,116430
1783658100,379.35,379.8,379.3,379.35,70046
1783658400,379.4,380.2,379.4,379.65,222092
1783658700,379.8,379.95,379.65,379.7,39265
1783659000,379.7,379.75,379.2,379.25,92438
1783659300,379.25,379.65,379.2,379.55,109874
1783659600,379.45,379.6,379.2,379.5,102723
1783659900,379.55,380.0,379.2,379.95,193975
1783660200,379.9,380.15,379.5,380.0,124773
1783660500,380.15,380.65,379.85,380.45,130290
1783660800,380.45,380.6,380.2,380.5,55618
1783661100,380.4,380.55,380.0,380.15,79758
1783661400,380.3,380.5,379.75,379.8,94330
1783661700,379.95,380.05,379.6,379.9,65392
1783662000,379.75,380.2,379.55,380.1,82183
1783662300,380.1,380.25,380.0,380.1,37267
1783662600,380.1,380.2,379.85,380.1,50992
1783662900,380.1,380.1,378.75,378.95,186489
1783663200,378.95,379.25,378.7,379.15,98538
1783663500,379.2,380.0,379.0,380.0,143011
1783663800,380.0,380.0,379.1,379.55,95910
1783664100,379.55,380.0,379.35,380.0,58118
1783664400,380.0,380.05,379.4,379.6,129460
1783664700,379.6,379.6,379.2,379.45,54241
1783665000,379.45,380.1,379.4,379.85,103063
1783665300,379.7,380.0,379.7,379.9,51000
1783665600,379.9,379.9,379.25,379.65,67941
1783665900,379.65,380.05,379.5,379.7,143404
1783666200,379.7,380.0,379.4,379.9,66137
1783666500,379.95,380.2,379.9,380.05,27591
1783666800,380.1,380.25,380.0,380.05,54944
1783667100,380.05,380.35,380.0,380.1,138810
1783667400,380.15,380.2,380.0,380.05,66524
1783667700,380.05,380.1,379.95,380.05,197193
1783668000,380.0,380.05,379.15,379.35,133764
1783668300,379.35,379.6,379.1,379.6,103733
1783668600,379.65,379.85,379.35,379.65,76699
1783668900,379.7,379.75,379.1,379.35,245551
1783669200,379.35,379.8,379.2,379.4,82054
1783669500,379.35,379.45,378.75,379.35,80587
1783669800,379.35,379.75,379.05,379.75,195751
1783670100,379.75,380.0,379.1,379.4,82903
1783670400,379.45,379.65,379.05,379.35,61021
1783670700,379.45,379.45,378.65,379.25,117243
1783671000,379.25,379.75,379.2,379.65,39338
1783671300,379.7,380.05,379.55,379.7,126371
1783671600,379.7,379.9,379.55,379.8,49655
1783671900,379.9,379.9,379.45,379.75,101798
1783672200,379.75,379.8,378.4,379.2,203846
1783672500,379.15,379.25,378.8,379.05,65277
1783672800,379.05,379.15,378.8,379.1,77684
1783673100,379.05,379.45,378.85,379.05,100796
1783673400,379.2,379.85,379.2,379.6,291477
1783673700,379.65,379.75,379.4,379.5,61276
1783674000,379.65,379.8,378.85,379.3,145178
1783674300,379.35,379.35,379.0,379.15,62151
1783674600,379.2,379.55,379.15,379.4,100852
1783674900,379.55,379.65,378.8,378.8,697706
1783675200,378.9,379.0,377.6,377.6,747071
1783675500,377.6,378.0,377.25,377.35,164960
1783675800,377.45,377.6,377.05,377.1,589569
1783676100,377.2,377.5,377.2,377.5,583690
1783676400,377.5,377.9,377.5,377.65,777767
1783676700,377.7,377.8,376.9,377.6,807288
1783677000,377.55,378.05,377.3,378.05,667032
1783677300,378.0,378.9,377.65,378.15,549901
1783914300,375.8,376.8,375.1,375.85,203321
1783914600,375.85,376.6,375.5,376.3,176838
1783914900,376.25,377.6,376.15,377.0,186137
1783915200,377.05,377.2,376.5,376.85,184318
1783915500,376.7,377.0,376.35,376.8,80385
1783915800,376.85,377.1,376.55,376.75,1009549
1783916100,376.7,377.3,376.5,377.1,74942
1783916400,377.3,377.3,376.7,376.8,58058
1783916700,376.8,377.05,376.65,376.95,95306
1783917000,377.1,377.25,376.7,376.85,69872
1783917300,376.85,377.4,376.5,377.15,104695
1783917600,377.15,378.2,377.0,377.85,91860
1783917900,377.75,378.1,377.25,377.75,58616
1783918200,377.9,378.4,377.15,377.65,229517
1783918500,377.75,378.2,377.6,377.85,106888
1783918800,377.95,378.35,377.85,378.35,143263
1783919100,378.35,378.35,377.6,377.6,61891
1783919400,377.65,377.9,377.5,377.8,60785
1783919700,377.75,377.9,377.05,377.3,274671
1783920000,377.35,377.45,376.75,377.0,132793
1783920300,376.95,377.55,376.75,377.0,358336
1783920600,377.0,377.15,376.55,376.7,306270
1783920900,376.7,377.45,376.5,377.15,253271
1783921200,377.15,377.8,376.95,377.65,80896
1783921500,377.5,377.9,377.4,377.55,300938
1783921800,377.4,378.0,377.35,377.65,99883
1783922100,377.5,377.9,377.5,377.7,81057
1783922400,377.7,378.75,377.65,378.75,150526
1783922700,378.65,378.95,378.2,378.25,70479
1783923000,378.2,378.35,378.0,378.2,63153
1783923300,378.15,378.6,378.15,378.55,62765
1783923600,378.5,379.05,378.5,378.9,130621
1783923900,378.8,378.95,378.05,378.5,219208
1783924200,378.6,378.65,378.35,378.5,65726
1783924500,378.4,378.65,378.25,378.3,53337
1783924800,378.3,379.2,378.25,378.6,127459
1783925100,378.7,378.9,378.25,378.9,47633
1783925400,378.9,379.7,378.8,379.65,275837
1783925700,379.7,380.15,379.3,379.9,181274
1783926000,379.9,380.05,379.65,379.85,75897
1783926300,379.85,379.85,379.3,379.7,141004
1783926600,379.6,379.9,379.55,379.8,99105
1783926900,379.8,380.1,379.75,380.0,79494
1783927200,380.05,381.0,380.0,380.45,150928
1783927500,380.45,380.45,380.0,380.05,68154
1783927800,380.0,380.15,379.9,380.0,142628
1783928100,380.0,380.05,379.6,379.75,53151
1783928400,379.65,380.05,379.6,380.05,81342
1783928700,380.0,380.1,379.6,380.05,105573
1783929000,379.95,380.05,379.5,379.8,63906
1783929300,379.6,379.75,378.9,379.05,63059
1783929600,378.95,380.35,378.9,380.15,438050
1783929900,380.0,380.5,380.0,380.25,74932
1783930200,380.15,380.25,380.0,380.0,69989
1783930500,380.0,380.4,379.9,380.3,44867
1783930800,380.2,380.35,379.85,380.0,46019
1783931100,379.9,380.1,379.8,380.05,47154
1783931400,380.05,381.4,380.05,381.4,184309
1783931700,381.45,382.95,381.35,382.2,789056
1783932000,382.05,383.55,382.0,383.2,455376
1783932300,383.2,383.75,383.05,383.65,510656
1783932600,383.65,383.7,383.4,383.6,150688
1783932900,383.5,383.75,383.35,383.5,138707
1783933200,383.6,384.1,383.4,384.0,215976
1783933500,383.85,384.0,383.4,383.6,111710
1783933800,383.45,384.35,383.4,384.15,191765
1783934100,384.0,384.25,383.9,384.15,102354
1783934400,384.1,384.5,384.0,384.3,161524
1783934700,384.3,384.3,383.9,384.0,119915
1783935000,383.95,384.35,383.9,384.25,398507
1783935300,384.35,385.15,384.25,384.85,1293544
1783935600,384.9,384.9,384.5,384.55,252502
1783935900,384.55,384.55,384.3,384.3,228597
1783936200,384.35,384.5,384.2,384.2,293821
1783936500,384.25,385.1,384.25,385.05,374586
1784000700,383.5,383.5,379.55,380.55,308874
1784001000,380.45,381.25,380.15,381.0,73477
1784001300,380.95,381.5,380.7,381.3,55550
1784001600,381.3,382.0,380.55,381.5,194959
1784001900,381.7,381.8,380.0,380.05,93075
1784002200,380.05,380.35,379.6,380.2,54216
1784002500,380.2,380.2,379.5,380.0,69225
1784002800,379.75,380.2,379.4,379.5,98298
1784003100,379.75,379.9,379.3,379.65,79412
1784003400,379.65,379.9,379.15,379.7,143714
1784003700,379.7,379.85,379.2,379.35,52436
1784004000,379.35,379.6,378.75,379.1,93639
1784004300,379.3,379.3,377.7,377.85,257614
1784004600,377.9,378.4,377.85,378.25,109356
1784004900,378.25,379.35,378.1,379.1,82770
1784005200,379.3,379.35,378.85,379.05,146662
1784005500,379.05,379.35,378.2,378.4,317168
1784005800,378.5,378.6,378.15,378.3,54486
1784006100,378.3,379.7,378.05,379.55,151725
1784006400,379.5,379.95,378.35,378.4,206230
1784006700,378.4,379.0,378.35,378.5,63795
1784007000,378.65,378.7,378.25,378.45,49965
1784007300,378.6,378.85,378.3,378.5,56190
1784007600,378.5,378.9,378.3,378.6,77638
1784007900,378.65,378.85,378.5,378.5,52768
1784008200,378.7,378.8,378.5,378.65,56930
1784008500,378.5,378.9,378.3,378.5,52397
1784008800,378.7,378.8,378.25,378.55,69765
1784009100,378.7,379.15,378.35,378.95,250691
1784009400,379.05,379.05,378.3,378.5,51524
1784009700,378.45,378.75,378.35,378.5,36260
1784010000,378.65,379.25,378.4,379.05,184231
1784010300,379.0,379.1,378.6,378.65,228946
1784010600,378.7,379.0,378.6,378.7,35129
1784010900,378.9,378.95,378.2,378.45,77100
1784011200,378.35,379.25,378.2,378.75,340209
1784011500,378.75,378.75,378.0,378.4,116480
1784011800,378.6,378.6,378.0,378.0,317062
1784012100,378.05,378.05,377.25,377.6,133447
1784012400,377.75,377.75,377.35,377.65,75422
1784012700,377.75,377.9,377.3,377.3,49988
1784013000,377.45,377.55,376.7,376.85,73084
1784013300,376.85,377.0,376.5,376.6,60204
1784013600,376.6,377.0,376.55,376.85,95192
1784013900,376.85,377.05,376.5,376.6,70736
1784014200,376.7,376.9,376.45,376.75,82186
1784014500,376.85,377.2,376.7,377.0,59271
1784014800,377.2,377.85,377.0,377.75,308069
1784015100,377.8,377.8,377.1,377.25,73408
1784015400,377.3,377.65,377.25,377.5,62650
1784015700,377.45,377.55,376.35,377.0,202032
1784016000,376.9,377.1,376.15,376.25,230167
1784016300,376.25,376.95,376.1,376.55,155392
1784016600,376.45,377.6,376.25,377.4,855160
1784016900,377.55,378.5,377.45,378.35,503220
1784017200,378.3,378.55,378.0,378.5,398458
1784017500,378.35,378.8,378.3,378.55,375809
1784017800,378.55,378.9,378.5,378.7,375591
1784018100,378.5,378.85,378.1,378.2,397495
1784018400,378.3,378.7,378.15,378.5,439588
1784018700,378.55,378.65,376.95,377.0,421009
1784019000,377.15,377.3,376.75,377.0,285687
1784019300,376.8,377.15,376.2,376.2,255265
1784019600,376.25,376.85,376.1,376.75,208765
1784019900,376.65,377.2,376.25,377.0,374049
1784020200,377.15,377.55,376.6,377.3,329281
1784020500,377.35,378.0,377.2,377.45,329281
1784020800,377.6,378.05,377.35,377.6,353881
1784021100,377.6,378.4,377.4,378.3,355624
1784021400,378.45,378.7,378.0,378.55,485543
1784021700,378.65,379.25,378.45,378.95,813198
1784022000,378.95,379.2,378.65,378.8,546536
1784022300,378.95,379.15,378.35,378.65,613645
1784022600,378.65,378.85,378.0,378.4,445755
1784022900,378.35,378.6,378.0,378.05,396996
1784087100,379.35,381.2,378.9,380.5,345681
1784087400,380.5,381.95,380.3,381.8,102053
1784087700,381.8,382.8,381.5,381.5,103860
1784088000,381.7,381.9,381.25,381.3,93835
1784088300,381.3,381.75,381.1,381.15,119126
1784088600,381.25,381.35,380.45,380.65,209492
1784088900,380.6,381.0,380.4,380.4,49879
1784089200,380.25,380.65,380.15,380.65,32819
1784089500,380.6,380.85,380.1,380.15,26672
1784089800,380.4,380.6,380.1,380.5,26372
1784090100,380.45,381.0,380.4,380.65,20123
1784090400,380.65,380.85,380.35,380.6,51936
1784090700,380.5,381.2,380.35,380.95,28341
1784091000,381.0,381.0,380.55,380.8,35880
1784091300,380.75,381.45,380.6,381.3,158981
1784091600,381.2,381.35,380.35,380.75,43403
1784091900,380.75,381.15,380.5,380.55,29301
1784092200,380.5,380.75,380.35,380.5,26150
1784092500,380.55,380.8,380.35,380.35,26468
1784092800,380.4,380.7,380.25,380.55,29326
1784093100,380.6,380.8,380.55,380.55,16446
1784093400,380.6,380.8,380.25,380.5,31867
1784093700,380.5,380.6,380.0,380.0,52675
1784094000,380.05,380.2,379.55,379.6,73577
1784094300,379.65,379.8,379.15,379.3,123637
1784094600,379.35,379.45,378.85,379.0,81531
1784094900,379.05,379.25,378.7,379.05,60621
1784095200,379.05,379.75,378.9,379.7,70977
1784095500,379.65,379.95,379.2,379.25,56728
1784095800,379.3,379.65,379.05,379.15,57118
1784096100,379.1,379.3,378.8,378.95,37162
1784096400,378.95,379.7,378.8,379.3,70703
1784096700,379.25,379.75,379.25,379.25,26555
1784097000,379.3,379.55,379.25,379.25,27883
1784097300,379.3,379.35,378.9,379.15,31656
1784097600,379.1,379.55,378.9,379.5,33334
1784097900,379.55,379.55,379.2,379.25,23849
1784098200,379.25,379.95,379.15,379.55,65993
1784098500,379.55,379.7,379.0,379.2,61196
1784098800,379.25,379.8,379.1,379.15,39190
1784099100,379.15,379.45,378.65,378.8,49078
1784099400,378.8,379.0,378.45,378.85,43803
1784099700,379.05,379.1,378.75,379.05,36070
1784100000,379.0,379.05,378.5,378.5,83305
1784100300,378.55,378.65,376.25,377.15,189509
1784100600,377.2,377.6,376.65,377.5,65509
1784100900,377.45,377.7,376.5,376.5,72017
1784101200,376.6,377.4,376.3,376.9,331088
1784101500,376.9,378.15,376.9,377.7,82391
1784101800,377.6,377.85,377.3,377.3,59695
1784102100,377.25,377.7,377.1,377.35,80675
1784102400,377.35,377.65,377.15,377.2,47954
1784102700,377.3,377.5,377.15,377.4,56227
1784103000,377.35,377.6,376.9,377.6,214728
1784103300,377.55,377.85,377.15,377.55,157111
1784103600,377.55,377.75,376.65,376.95,72572
1784103900,376.95,377.55,376.85,377.35,49212
1784104200,377.4,378.0,377.25,377.8,404777
1784104500,377.8,378.6,377.75,378.1,50681
1784104800,378.05,378.3,377.7,378.15,35300
1784105100,378.15,378.75,377.8,378.2,210638
1784105400,378.15,378.25,377.35,377.5,210846
1784105700,377.45,378.1,377.2,378.0,171151
1784106000,378.0,378.2,377.9,378.05,55671
1784106300,378.0,378.5,377.75,378.45,206353
1784106600,378.45,379.15,378.35,378.9,202681
1784106900,378.85,379.1,378.55,379.0,154217
1784107200,379.0,379.0,378.3,378.35,109222
1784107500,378.45,378.45,377.95,378.15,92106
1784107800,378.05,378.9,378.05,378.4,310800
1784108100,378.4,378.9,378.4,378.7,276285
1784108400,378.7,378.8,378.15,378.45,285366
1784108700,378.45,378.65,378.15,378.65,313507
1784109000,378.45,378.7,378.0,378.5,346795
1784109300,378.5,378.75,377.9,378.45,333639
1784173500,377.5,379.75,377.15,379.45,420912
1784173800,379.4,379.8,379.25,379.55,81272
1784174100,379.6,379.7,378.9,379.25,78845
1784174400,379.2,379.75,379.1,379.25,74872
1784174700,379.3,379.55,379.0,379.25,67697
1784175000,379.25,379.55,379.0,379.5,54319
1784175300,379.55,379.75,379.45,379.6,29850
1784175600,379.75,380.05,379.6,379.8,51244
1784175900,379.8,380.1,379.8,379.8,48812
1784176200,379.85,379.9,379.4,379.45,44794
1784176500,379.55,379.85,379.4,379.7,45773
1784176800,379.65,379.8,379.3,379.55,42736
1784177100,379.5,380.3,379.2,379.8,107096
1784177400,379.8,379.95,379.8,379.8,21760
1784177700,379.85,379.85,379.6,379.8,41904
1784178000,379.85,380.15,379.6,379.95,62577
1784178300,380.15,380.2,379.85,380.1,97724
1784178600,380.1,380.2,379.95,380.15,173226
1784178900,380.0,380.2,379.95,379.95,141366
1784179200,380.05,381.05,379.95,381.05,384626
1784179500,381.05,381.25,379.8,380.3,245164
1784179800,380.3,380.5,380.0,380.1,71768
1784180100,380.1,380.1,379.6,379.75,44859
1784180400,380.0,380.1,379.0,379.15,86512
1784180700,379.2,379.35,378.65,378.85,119685
1784181000,378.85,379.6,378.7,379.45,73363
1784181300,379.45,379.45,378.95,379.15,50717
1784181600,379.15,380.2,378.85,379.8,438263
1784181900,379.95,380.2,379.5,379.9,175074
1784182200,379.95,379.95,379.1,379.15,266133
1784182500,379.4,379.45,379.1,379.15,49620
1784182800,379.25,380.05,379.0,379.35,427783
1784183100,379.5,379.65,379.25,379.55,39520
1784183400,379.6,379.75,379.3,379.55,366699
1784183700,379.55,379.8,379.0,379.0,212540
1784184000,379.1,379.1,377.65,377.7,331549
1784184300,377.8,378.7,377.7,378.35,197861
1784184600,378.45,379.15,378.1,379.1,192277
1784184900,379.15,379.85,379.05,379.4,54318
1784185200,379.5,379.5,378.85,379.0,52199
1784185500,379.1,379.2,378.8,379.0,54224
1784185800,379.0,379.2,378.7,378.95,49337
1784186100,379.0,379.15,378.65,378.8,73765
1784186400,378.8,379.1,378.7,378.85,55347
1784186700,378.95,378.95,378.6,378.7,44849
1784187000,378.7,378.9,378.45,378.8,62419
1784187300,378.9,379.05,378.6,379.0,49797
1784187600,379.0,379.35,378.7,378.75,91415
1784187900,378.8,378.8,378.5,378.5,66943
1784188200,378.55,378.75,378.05,378.15,133948
1784188500,378.2,378.55,378.0,378.4,50716
1784188800,378.55,378.55,377.9,378.4,120668
1784189100,378.4,378.6,378.0,378.25,173092
1784189400,378.45,378.45,377.95,377.95,95471
1784189700,378.05,378.5,377.9,378.3,104874
1784190000,378.5,378.85,378.3,378.45,84108
1784190300,378.6,378.95,378.3,378.75,153407
1784190600,378.85,379.05,378.15,378.45,169863
1784190900,378.45,378.75,378.25,378.4,67431
1784191200,378.4,378.65,378.15,378.35,74407
1784191500,378.4,378.85,378.4,378.7,98616
1784191800,378.75,378.85,377.8,377.9,329757
1784192100,378.05,378.1,377.85,377.95,79059
1784192400,378.1,378.7,378.0,378.55,96619
1784192700,378.45,378.6,377.8,377.95,92466
1784193000,377.95,378.35,377.75,378.0,146752
1784193300,378.0,378.25,377.8,377.8,87867
1784193600,377.9,378.4,377.75,378.25,78528
1784193900,378.4,378.7,378.15,378.3,91102
1784194200,378.2,378.35,376.6,376.85,454903
1784194500,376.9,377.45,376.75,377.2,425040
1784194800,377.3,377.35,376.9,377.15,389606
1784195100,377.15,377.25,376.9,377.2,378662
1784195400,377.2,377.35,376.55,377.1,395831
1784195700,377.1,377.6,376.7,376.7,312519
1784259900,377.5,377.95,375.7,377.6,313359
1784260200,377.75,377.95,377.05,377.85,75012
1784260500,377.9,379.0,377.85,378.75,174542
1784260800,378.85,380.2,378.85,379.85,232427
1784261100,379.9,380.5,379.65,380.15,488163
1784261400,379.95,380.3,378.5,379.05,268891
1784261700,378.95,379.6,378.85,379.0,138962
1784262000,379.1,380.0,378.8,379.95,139743
1784262300,379.95,380.95,379.7,380.75,448267
1784262600,380.75,380.8,380.05,380.7,133097
1784262900,380.7,381.2,380.45,381.05,145138
1784263200,381.0,381.05,380.6,380.7,123807
1784263500,380.7,381.5,380.0,381.5,660610
1784263800,381.5,381.6,381.1,381.4,108118
1784264100,381.4,382.95,381.3,382.8,246735
1784264400,382.8,383.55,382.6,383.45,219266
1784264700,383.45,383.5,382.75,383.0,161626
1784265000,383.05,383.15,382.35,382.65,158430
1784265300,382.5,383.6,382.4,383.2,212992
1784265600,383.2,383.7,383.1,383.4,146561
1784265900,383.3,383.65,383.2,383.6,111634
1784266200,383.6,384.0,383.4,383.95,121490
1784266500,383.9,383.95,383.25,383.7,123226
1784266800,383.7,383.8,383.5,383.8,97257
1784267100,383.75,385.25,383.6,385.0,533710
1784267400,385.0,385.1,384.65,384.75,132891
1784267700,384.9,384.9,384.0,384.25,135211
1784268000,384.15,385.5,384.15,385.5,230837
1784268300,385.5,385.7,385.05,385.6,113080
1784268600,385.6,385.85,385.3,385.65,141237
1784268900,385.5,385.8,385.25,385.5,99019
1784269200,385.5,386.5,385.5,386.2,271672
1784269500,386.2,387.0,385.95,386.5,228544
1784269800,386.45,387.3,386.3,387.25,190249
1784270100,387.3,387.3,386.45,386.85,203298
1784270400,386.85,387.3,386.8,387.0,264353
1784270700,387.1,387.5,387.0,387.15,202219
1784271000,387.0,387.0,386.15,386.4,170605
1784271300,386.3,387.15,386.3,386.95,140327
1784271600,386.95,387.05,386.7,386.9,124736
1784271900,386.85,387.2,386.55,387.1,143304
1784272200,387.15,387.2,386.6,386.7,96617
1784272500,386.6,387.2,386.6,387.2,92866
1784272800,387.05,387.2,386.2,386.45,97633
1784273100,386.45,386.5,386.2,386.35,92228
1784273400,386.3,386.3,385.4,385.4,147192
1784273700,385.4,385.85,385.4,385.8,84295
1784274000,385.7,385.85,385.55,385.55,52329
1784274300,385.65,385.7,385.3,385.45,56097
1784274600,385.45,385.55,384.7,384.7,102493
1784274900,384.7,385.2,384.7,385.15,185699
1784275200,385.1,385.25,384.8,385.2,157267
1784275500,385.15,385.3,384.6,385.0,436039
1784275800,385.0,385.05,384.0,384.65,200650
1784276100,384.65,384.7,384.1,384.45,128866
1784276400,384.4,384.7,384.05,384.7,154923
1784276700,384.65,384.75,384.3,384.5,92225
1784277000,384.3,384.65,384.3,384.6,68385
1784277300,384.6,384.85,384.45,384.8,115518
1784277600,384.85,385.5,384.8,385.5,122068
1784277900,385.45,387.85,385.45,386.55,448227
1784278200,386.55,387.5,386.35,387.35,195455
1784278500,387.4,389.6,387.25,388.15,606744
1784278800,388.15,388.35,387.65,387.75,151198
1784279100,387.7,388.15,387.5,388.15,128777
1784279400,388.2,389.7,388.2,389.7,319115
1784279700,389.5,390.65,389.2,390.15,515567
1784280000,390.2,390.2,389.4,389.7,183401
1784280300,389.7,390.25,389.2,389.35,218162
1784280600,389.4,390.0,388.75,388.75,331447
1784280900,388.75,390.25,388.75,389.65,389343
1784281200,389.7,390.0,389.0,389.0,298590
1784281500,389.0,389.7,388.6,389.35,897952
1784281800,389.3,391.8,389.15,390.85,1877825
1784282100,390.65,391.0,390.0,390.7,399440
1784519100,382.0,383.0,377.2,378.8,3454903
1784519400,378.95,379.3,376.1,378.45,1180762
1784519700,378.55,378.8,377.25,378.1,665350
1784520000,378.15,378.5,377.55,377.9,405150
1784520300,378.05,378.85,377.1,378.0,482318
1784520600,377.95,379.25,377.8,378.7,393798
1784520900,378.55,378.75,377.45,377.9,856402
1784521200,378.0,378.95,377.85,378.8,368002
1784521500,378.9,379.75,378.65,378.95,380499
1784521800,378.95,379.3,378.0,378.55,423010
1784522100,378.65,378.75,378.2,378.35,212495
1784522400,378.3,378.65,378.2,378.35,187870
1784522700,378.45,379.65,378.3,379.4,364540
1784523000,379.5,379.65,379.0,379.2,230792
1784523300,379.2,380.5,379.1,380.45,398560
1784523600,380.45,382.4,380.25,381.0,1229646
1784523900,381.1,381.85,380.65,381.85,403494
1784524200,381.75,382.25,381.4,382.1,513222
1784524500,382.0,382.1,381.6,381.65,249208
1784524800,381.65,381.8,380.85,381.1,198249
1784525100,380.95,381.9,380.95,381.6,202171
1784525400,381.6,381.8,381.15,381.5,558915
1784525700,381.5,381.95,381.35,381.75,201951
1784526000,381.7,381.75,381.1,381.3,111551
1784526300,381.25,381.85,380.7,381.6,214028
1784526600,381.6,381.85,381.3,381.5,133806
1784526900,381.5,381.7,381.0,381.2,145269
1784527200,381.2,381.2,380.8,380.95,122715
1784527500,380.8,381.1,380.45,380.5,186844
1784527800,380.45,380.65,380.45,380.5,184450
1784528100,380.5,381.0,380.35,380.9,295474
1784528400,380.9,381.05,380.5,380.8,377773
1784528700,380.85,381.15,380.5,380.55,308987
1784529000,380.55,380.75,380.4,380.5,326312
1784529300,380.5,380.95,380.3,380.45,266089
1784529600,380.45,380.5,380.2,380.2,144149
1784529900,380.25,380.4,380.0,380.35,200463
1784530200,380.25,380.5,380.2,380.2,129755
1784530500,380.3,380.3,380.05,380.1,113226
1784530800,380.1,380.1,379.35,379.5,239872
1784531100,379.5,379.7,378.75,378.95,786740
1784531400,379.0,380.0,378.95,379.75,575132
1784531700,379.75,380.0,379.55,380.0,373865
1784532000,380.0,380.45,379.75,379.8,859929
1784532300,379.8,380.5,379.75,380.3,603903
1784532600,380.35,380.45,379.85,380.25,156052
1784532900,380.25,380.6,380.2,380.6,229020
1784533200,380.4,380.7,380.25,380.7,244811
1784533500,380.7,380.8,380.6,380.65,244570
1784533800,380.75,380.85,380.45,380.85,131444
1784534100,380.8,381.05,380.7,381.05,183336
1784534400,381.0,381.4,381.0,381.15,166715
1784534700,381.2,381.45,381.1,381.35,117794
1784535000,381.35,381.35,381.2,381.3,73958
1784535300,381.2,381.6,381.15,381.6,264560
1784535600,381.6,381.7,381.25,381.5,249069
1784535900,381.5,382.5,381.4,381.95,755617
1784536200,382.0,382.45,381.45,382.2,824249
1784536500,382.1,382.35,381.9,382.25,274066
1784536800,382.3,382.7,382.05,382.65,443188
1784537100,382.55,383.15,382.0,382.55,879866
1784537400,382.55,383.55,382.45,383.35,797216
1784537700,383.35,383.75,383.0,383.45,357255
1784538000,383.5,383.7,382.75,383.2,488899
1784538300,383.2,383.3,382.95,383.1,294534
1784538600,383.1,383.5,383.0,383.25,180971
1784538900,383.25,383.3,382.6,382.6,201956
1784539200,382.6,382.8,381.5,381.75,836355
1784539500,381.75,381.8,381.2,381.4,449446
1784539800,381.3,381.7,381.3,381.65,328625
1784540100,381.7,382.0,381.25,381.95,697015
1784540400,381.95,382.5,381.9,382.35,738964
1784540700,382.45,382.5,382.0,382.4,425919
1784541000,382.5,382.5,382.1,382.35,398201
1784541300,382.3,382.45,381.4,382.3,439222
1784605500,383.4,384.7,383.05,383.8,371772
1784605800,383.8,384.2,382.65,382.95,239674
1784606100,382.8,383.2,382.6,382.85,72034
1784606400,382.85,383.05,382.1,382.95,104736
1784606700,382.95,383.65,382.9,383.0,109942
1784607000,383.05,383.5,382.8,383.45,78137
1784607300,383.45,384.1,383.35,383.55,103408
1784607600,383.55,383.9,383.1,383.1,112369
1784607900,383.1,383.5,382.75,383.35,78721
1784608200,383.25,383.25,382.35,382.9,198382
1784608500,382.95,382.95,381.95,382.15,286843
1784608800,382.2,382.75,381.85,382.2,213588
1784609100,382.25,382.25,381.05,381.3,324168
1784609400,381.35,382.85,381.1,381.9,446154
1784609700,381.9,382.5,381.75,382.2,241149
1784610000,382.2,382.9,381.95,382.85,452394
1784610300,382.85,383.9,382.8,383.35,542821
1784610600,383.4,384.1,382.7,383.9,496361
1784610900,383.9,384.0,383.35,383.45,295779
1784611200,383.5,383.8,382.95,383.15,619586
1784611500,383.2,383.85,382.9,383.5,462529
1784611800,383.55,384.9,382.95,384.25,318570
1784612100,384.45,384.55,383.25,383.35,480010
1784612400,383.45,384.4,383.15,383.55,610554
1784612700,383.65,385.2,383.6,383.95,250432
1784613000,384.15,384.2,383.65,384.2,58607
1784613300,384.15,384.4,383.75,384.05,111810
1784613600,384.1,384.5,383.85,384.1,97074
1784613900,384.2,384.45,383.5,383.95,114627
1784614200,383.9,384.15,383.45,383.85,174852
1784614500,383.85,384.5,383.8,384.4,190288
1784614800,384.45,384.5,383.75,384.0,73844
1784615100,384.0,384.9,383.85,384.8,94994
1784615400,384.85,385.25,384.6,385.05,139232
1784615700,385.1,385.2,384.6,385.0,171059
1784616000,385.05,386.2,385.0,386.1,135198
1784616300,386.2,386.6,385.95,386.35,160999
1784616600,386.4,386.5,386.0,386.0,478252
1784616900,386.0,386.85,386.0,386.45,146393
1784617200,386.5,386.8,385.7,385.75,224971
1784617500,385.85,385.9,385.3,385.5,38593
1784617800,385.5,385.95,384.9,385.75,98627
1784618100,385.95,386.1,385.65,385.8,123781
1784618400,385.8,386.3,385.6,386.15,102835
1784618700,386.25,386.5,385.75,386.05,372919
1784619000,386.1,386.5,385.85,386.1,149521
1784619300,386.1,386.25,386.0,386.15,33246
1784619600,386.2,386.2,386.0,386.0,93464
1784619900,386.05,386.05,386.0,386.0,66153
1784620200,386.0,386.45,386.0,386.35,96454
1784620500,386.4,386.45,386.15,386.25,46348
1784620800,386.35,386.5,386.2,386.45,88829
1784621100,386.4,386.45,386.25,386.4,78107
1784621400,386.45,386.95,386.35,386.8,118387
1784621700,386.8,386.85,386.3,386.6,117102
1784622000,386.6,386.95,386.55,386.75,125519
1784622300,386.8,386.85,386.15,386.45,212440
1784622600,386.4,386.65,386.35,386.55,84012
1784622900,386.6,386.7,386.35,386.65,95681
1784623200,386.65,386.7,386.25,386.4,175120
1784623500,386.45,386.7,385.6,386.55,733825
1784623800,386.55,386.7,386.05,386.45,217487
1784624100,386.45,386.55,386.1,386.3,134978
1784624400,386.3,386.6,385.85,386.0,275180
1784624700,386.05,386.15,385.25,385.35,177150
1784625000,385.35,385.6,385.15,385.55,69251
1784625300,385.55,385.95,385.0,385.75,223810
1784625600,385.8,386.25,385.55,386.2,457538
1784625900,386.15,386.4,386.0,386.05,125831
1784626200,386.0,386.15,385.8,386.0,276399
1784626500,386.05,386.25,385.6,385.65,487780
1784626800,385.65,386.2,385.65,386.0,553660
1784627100,386.0,386.35,385.7,385.8,495561
1784627400,385.8,386.35,385.55,385.85,403361
1784627700,385.8,386.65,385.6,386.0,311789
1784691900,384.3,390.0,383.25,383.6,338187
1784692200,383.65,383.8,383.0,383.55,128937
1784692500,383.4,383.55,382.6,382.75,175370
1784692800,382.7,383.25,382.6,382.8,96968
1784693100,382.85,383.35,382.5,382.75,97816
1784693400,382.8,383.75,382.7,383.65,61130
1784693700,383.65,383.95,383.05,383.65,94948
1784694000,383.8,384.05,383.6,383.75,49356
1784694300,383.8,383.8,383.35,383.4,42560
1784694600,383.4,383.6,382.55,383.2,62427
1784694900,383.15,383.8,383.1,383.5,46257
1784695200,383.55,383.6,382.6,382.75,107137
1784695500,382.65,382.95,382.4,382.9,57675
1784695800,382.9,382.9,382.3,382.55,75257
1784696100,382.7,382.75,382.0,382.45,127947
1784696400,382.45,382.8,381.7,382.6,136005
1784696700,382.65,382.8,381.45,381.55,130706
1784697000,381.6,381.6,380.45,380.5,157771
1784697300,380.65,381.5,380.55,381.1,202633
1784697600,381.2,381.45,381.05,381.35,83688
1784697900,381.4,381.95,381.35,381.95,131406
1784698200,381.9,382.1,381.45,381.65,86827
1784698500,381.7,381.75,381.05,381.7,109449
1784698800,381.7,382.8,381.6,382.25,416255
1784699100,382.25,382.35,381.25,381.45,79644
1784699400,381.45,381.55,380.95,381.25,195319
1784699700,381.3,381.8,381.25,381.75,275580
1784700000,381.75,382.25,381.55,382.25,88680
1784700300,382.15,382.55,381.75,382.1,94249
1784700600,382.1,382.1,381.65,381.9,34464
1784700900,381.9,382.1,381.25,381.4,125468
1784701200,381.45,382.0,381.3,381.6,413714
1784701500,381.6,381.65,380.6,380.75,70397
1784701800,380.7,380.75,379.75,380.65,394495
1784702100,380.6,380.85,380.4,380.7,50039
1784702400,380.6,380.85,380.4,380.55,44054
1784702700,380.65,380.85,380.4,380.65,49297
1784703000,380.6,380.6,379.35,380.35,225332
1784703300,380.35,380.55,380.15,380.25,41531
1784703600,380.15,380.25,380.0,380.15,62356
1784703900,380.15,380.25,379.7,380.15,80105
1784704200,380.1,380.45,380.05,380.45,57277
1784704500,380.35,380.75,380.0,380.75,78949
1784704800,380.6,380.85,380.5,380.6,49100
1784705100,380.55,380.75,380.2,380.35,39662
1784705400,380.3,380.3,379.7,379.95,48345
1784705700,379.85,380.0,379.6,379.9,48301
1784706000,379.9,380.1,379.25,379.5,59526
1784706300,379.55,379.85,379.5,379.7,34426
1784706600,379.6,379.9,379.3,379.65,59579
1784706900,379.6,379.65,379.35,379.65,46398
1784707200,379.55,379.7,379.25,379.45,50255
1784707500,379.4,379.95,379.4,379.8,104902
1784707800,379.75,379.85,379.3,379.55,74469
1784708100,379.35,379.55,379.0,379.15,62895
1784708400,379.0,379.3,378.95,379.2,98951
1784708700,379.2,379.3,378.95,379.1,55342
1784709000,379.05,379.35,378.85,379.15,45761
1784709300,379.25,379.35,378.6,378.9,49299
1784709600,378.9,379.0,378.65,378.8,61166
1784709900,378.85,379.15,378.7,379.1,62285
1784710200,379.05,379.1,378.65,378.65,38263
1784710500,378.75,379.0,378.65,379.0,34812
1784710800,378.9,378.9,378.15,378.55,126837
1784711100,378.55,379.4,378.5,379.1,235812
1784711400,379.1,379.25,378.95,379.2,102182
1784711700,379.2,379.5,379.05,379.2,125122
1784712000,379.2,379.65,379.15,379.45,136450
1784712300,379.55,379.6,379.1,379.35,136726
1784712600,379.4,379.5,379.25,379.5,204417
1784712900,379.55,381.15,379.5,381.0,1253482
1784713200,381.05,381.25,380.5,381.2,749874
1784713500,381.1,382.05,380.95,382.0,304707
1784713800,382.0,382.2,381.55,381.7,561251
1784714100,381.7,382.5,381.0,382.0,1126286
1784778300,380.0,380.9,378.85,380.9,345763
1784778600,380.95,381.6,380.85,381.1,253811
1784778900,381.25,381.25,380.5,380.65,122154
1784779200,380.8,381.1,380.6,381.1,120825
1784779500,381.1,381.4,380.7,381.25,190130
1784779800,381.25,381.35,380.85,381.2,129637
1784780100,381.25,381.55,381.2,381.25,160477
1784780400,381.3,382.9,381.2,382.8,263383
1784780700,382.9,383.25,382.4,383.1,187026
1784781000,383.2,383.75,382.65,383.45,178670
1784781300,383.5,384.45,383.45,384.45,118234
1784781600,384.4,384.85,383.95,383.95,101992
1784781900,383.95,384.0,383.4,383.75,125161
1784782200,383.75,383.85,383.65,383.7,21317
1784782500,383.65,384.65,383.65,384.3,95346
1784782800,384.3,384.35,383.9,384.05,49891
1784783100,383.95,384.9,383.95,384.75,111459
1784783400,384.7,384.75,384.3,384.4,34431
1784783700,384.4,384.45,384.2,384.25,32485
1784784000,384.25,384.45,384.1,384.2,49276
1784784300,384.25,385.2,384.15,384.35,100146
1784784600,384.35,385.2,384.3,385.1,93261
1784784900,385.1,385.35,384.95,385.1,60608
1784785200,385.05,385.35,385.0,385.35,68166
1784785500,385.3,385.4,385.1,385.25,258187
1784785800,385.25,386.1,385.1,385.2,658604
1784786100,385.2,385.2,383.7,383.95,185278
1784786400,383.9,384.25,383.85,384.2,133537
1784786700,384.2,384.3,383.3,383.4,96969
1784787000,383.4,384.0,383.15,384.0,301689
1784787300,384.0,384.05,383.4,383.9,328762
1784787600,383.9,384.0,383.15,383.2,96021
1784787900,383.2,383.3,382.65,383.15,169876
1784788200,383.1,383.45,382.65,382.85,103041
1784788500,382.85,383.05,382.35,383.05,87218
1784788800,382.9,383.1,382.55,382.55,68604
1784789100,382.65,383.1,382.45,382.8,64936
1784789400,382.8,382.8,381.75,381.85,131439
1784789700,381.95,382.0,381.65,381.7,49626
1784790000,381.7,382.5,381.3,382.5,380023
1784790300,382.5,382.55,382.1,382.2,85633
1784790600,382.2,382.2,381.55,381.95,167827
1784790900,381.95,382.75,381.95,382.15,240844
1784791200,382.25,382.9,381.95,382.65,280032
1784791500,382.85,383.1,382.6,382.95,167264
1784791800,382.95,383.1,382.85,382.95,137663
1784792100,382.95,383.05,382.25,382.8,142686
1784792400,382.75,383.35,382.6,382.95,198632
1784792700,382.95,383.2,382.65,383.0,130135
1784793000,383.0,383.05,382.35,383.0,120204
1784793300,383.0,383.25,382.7,382.9,111573
1784793600,382.9,383.3,382.7,383.1,107276
1784793900,383.05,383.7,382.85,383.7,129257
1784794200,383.7,383.75,382.95,383.3,228911
1784794500,383.3,383.8,383.1,383.4,244536
1784794800,383.4,383.55,383.1,383.1,134716
1784795100,383.05,383.55,383.0,383.45,56579
1784795400,383.4,383.85,383.25,383.55,65718
1784795700,383.55,384.1,383.45,383.55,156548
1784796000,383.55,383.9,383.4,383.4,47916
1784796300,383.4,383.5,383.3,383.35,51186
1784796600,383.4,383.95,383.35,383.8,82309
1784796900,383.9,384.0,383.65,383.65,92137
1784797200,383.75,384.0,383.45,383.8,89049
1784797500,383.85,383.85,383.05,383.2,158497
1784797800,383.25,383.3,382.7,382.8,94856
1784798100,382.9,383.1,382.65,382.7,157033
1784798400,382.65,382.9,382.3,382.3,212544
1784798700,382.3,383.1,382.2,383.0,141670
1784799000,383.1,383.25,382.9,383.0,382775
1784799300,383.05,383.35,383.0,383.2,459260
1784799600,383.2,383.55,383.1,383.4,474980
1784799900,383.45,383.75,383.3,383.75,428522
1784800200,383.65,384.0,383.6,383.7,422108
1784800500,383.75,383.95,383.0,383.0,369353
1784864700,378.6,382.3,378.6,381.7,700360
1784865000,381.65,383.3,381.5,382.9,285280
1784865300,382.85,382.9,382.0,382.8,173444
1784865600,382.85,382.95,382.6,382.75,105453
1784865900,382.75,383.25,382.15,382.15,158597
1784866200,382.15,382.3,381.75,382.05,111603
1784866500,381.95,382.05,381.65,381.8,110867
1784866800,381.75,382.0,381.45,381.9,137430
1784867100,381.85,382.35,381.65,381.75,159997
1784867400,381.7,381.8,381.3,381.55,144096
1784867700,381.6,381.75,381.45,381.55,111591
1784868000,381.55,381.6,380.85,381.15,113469
1784868300,381.25,381.9,381.2,381.65,223876
1784868600,381.6,382.55,381.5,382.4,212230
1784868900,382.3,382.45,382.1,382.2,121670
1784869200,382.2,382.65,382.15,382.35,158376
1784869500,382.35,382.5,382.2,382.5,145552
1784869800,382.5,382.8,382.35,382.75,122856
1784870100,382.75,382.85,382.6,382.7,96493
1784870400,382.7,382.7,382.2,382.3,79646
1784870700,382.35,382.35,381.75,381.8,109019
1784871000,381.75,383.1,381.75,383.0,452310
1784871300,383.0,383.2,382.95,383.0,104602
1784871600,383.05,383.05,382.2,382.6,122982
1784871900,382.5,382.85,382.5,382.85,90524
1784872200,382.85,383.15,382.5,382.75,99505
1784872500,382.75,383.4,382.45,383.2,237414
1784872800,383.25,383.25,383.0,383.05,69511
1784873100,383.1,383.1,383.0,383.05,75995
1784873400,383.1,383.85,382.95,383.7,128252
1784873700,383.65,383.9,383.55,383.85,161911
1784874000,383.9,383.9,383.4,383.5,125640
1784874300,383.55,383.9,383.3,383.35,127281
1784874600,383.4,383.65,383.35,383.65,243978
1784874900,383.7,383.75,382.8,382.9,170262
1784875200,382.95,383.3,382.9,382.95,174969
1784875500,383.0,384.05,382.9,383.45,275941
1784875800,383.45,384.4,383.4,384.3,141200
1784876100,384.25,386.25,384.25,385.8,259318
1784876400,385.8,386.25,385.1,385.15,117450
1784876700,385.15,385.35,384.85,385.15,131049
1784877000,385.15,385.8,385.15,385.75,91145
1784877300,385.7,386.3,385.25,386.1,180154
1784877600,386.1,386.5,385.9,386.0,179249
1784877900,386.05,386.3,385.55,385.75,138455
1784878200,385.75,385.8,384.95,385.45,108561
1784878500,385.5,385.5,385.05,385.35,61777
1784878800,385.3,385.65,385.2,385.65,87286
1784879100,385.65,385.85,385.5,385.55,83317
1784879400,385.55,385.8,385.35,385.6,77786
1784879700,385.6,385.75,385.45,385.5,58503
1784880000,385.45,385.6,385.1,385.25,68305
1784880300,385.3,385.3,384.85,384.9,68153
1784880600,384.9,384.95,384.5,384.85,133237
1784880900,384.85,385.4,384.65,385.35,102270
1784881200,385.4,385.85,385.3,385.65,90985
1784881500,385.65,385.65,385.4,385.6,58775
1784881800,385.55,385.85,385.3,385.55,84862
1784882100,385.55,385.7,385.25,385.45,115413
1784882400,385.4,385.45,385.15,385.25,77722
1784882700,385.25,385.35,385.05,385.3,142673
1784883000,385.25,385.4,385.1,385.15,102499
1784883300,385.2,385.2,385.05,385.2,72408
1784883600,385.15,385.25,385.0,385.1,123426
1784883900,385.1,385.2,385.0,385.15,78237
1784884200,385.2,385.2,384.65,384.65,216281
1784884500,384.65,385.05,384.45,384.9,695662
1784884800,385.05,385.05,384.65,384.85,309779
1784885100,384.85,384.9,384.45,384.6,160954
1784885400,384.6,384.9,384.6,384.9,403290
1784885700,384.9,384.95,384.8,384.85,522056
1784886000,384.85,384.9,384.35,384.7,447095
1784886300,384.8,385.05,384.7,384.75,426098
1784886600,384.75,384.85,384.7,384.8,392121
1784886900,384.8,384.95,383.7,384.6,331334
1785123900,386.0,388.5,385.2,387.9,469146
1785124200,387.95,388.75,387.8,388.3,215156
1785124500,388.3,388.3,387.2,387.5,151177
1785124800,387.5,388.0,387.1,387.2,141280
1785125100,387.25,387.3,386.35,386.55,159511
1785125400,386.5,386.5,385.85,386.1,121415
1785125700,386.2,386.55,385.95,386.0,146276
1785126000,386.0,386.0,385.35,385.45,98490
1785126300,385.45,385.45,384.9,385.35,130040
1785126600,385.35,386.0,385.0,386.0,288192
1785126900,386.0,386.0,385.7,385.75,210829
1785127200,385.7,385.9,385.65,385.9,174572
1785127500,385.9,386.0,385.75,385.95,396414
1785127800,385.95,386.0,384.7,385.0,357328
1785128100,385.0,385.45,384.9,384.95,398513
1785128400,384.95,385.35,384.6,384.75,265456
1785128700,384.6,384.75,384.25,384.4,144279
1785129000,384.35,384.75,384.25,384.7,236354
1785129300,384.75,384.75,384.35,384.6,142089
1785129600,384.6,384.7,384.2,384.3,98481
1785129900,384.25,384.85,384.1,384.65,302427
1785130200,384.8,384.85,384.45,384.5,171153
1785130500,384.55,384.55,384.2,384.35,85451
1785130800,384.35,384.45,384.05,384.05,75272
1785131100,384.05,384.9,383.7,384.65,936887
1785131400,384.75,385.25,384.55,384.75,79272
1785131700,384.75,385.5,384.75,385.3,180488
1785132000,385.35,386.25,384.85,385.2,789009
1785132300,385.25,385.4,384.7,385.35,103992
1785132600,385.3,385.35,384.65,385.0,317508
1785132900,384.85,385.6,384.85,385.35,117811
1785133200,385.35,385.35,385.0,385.1,116625
1785133500,385.15,385.5,384.95,385.0,156400
1785133800,385.05,385.1,384.95,385.05,108516
1785134100,385.0,385.2,385.0,385.0,101548
1785134400,385.0,385.45,384.95,385.1,133744
1785134700,385.15,385.5,385.0,385.25,131057
1785135000,385.25,385.4,385.0,385.0,121249
1785135300,385.1,385.25,384.95,384.95,106491
1785135600,384.95,385.4,384.95,385.05,89273
1785135900,385.1,385.15,384.75,384.95,125480
1785136200,384.95,384.95,384.65,384.65,42781
1785136500,384.75,384.85,384.45,384.85,89542
1785136800,384.85,384.85,384.05,384.2,121096
1785137100,384.2,384.7,383.95,384.45,167790
1785137400,384.45,384.55,384.2,384.2,94315
1785137700,384.25,384.55,384.2,384.5,113350
1785138000,384.4,384.75,384.35,384.7,98391
1785138300,384.7,384.75,384.35,384.45,112905
1785138600,384.4,384.85,384.35,384.65,92988
1785138900,384.7,384.95,384.45,384.45,110389
1785139200,384.45,384.8,384.1,384.25,208298
1785139500,384.35,384.35,384.05,384.1,98969
1785139800,384.1,384.35,383.85,384.3,153259
1785140100,384.3,384.55,383.9,384.2,156793
1785140400,384.2,384.25,383.65,384.1,301453
1785140700,384.05,384.25,383.55,384.0,209023
1785141000,384.1,384.95,384.0,384.7,153630
1785141300,384.75,385.6,384.5,385.55,210396
1785141600,385.5,385.7,385.3,385.65,188476
1785141900,385.65,385.65,384.65,385.0,243743
1785142200,384.85,385.0,384.75,384.9,108694
1785142500,384.85,385.4,384.65,385.3,243305
1785142800,385.15,385.3,384.7,384.9,145126
1785143100,384.9,385.25,384.6,384.95,182760
1785143400,384.95,385.25,384.75,385.15,227630
1785143700,385.15,385.15,384.35,384.65,253815
1785144000,384.55,385.0,384.5,384.6,252937
1785144300,384.5,385.1,384.45,384.7,225099
1785144600,384.8,384.8,384.0,384.15,501284
1785144900,384.15,384.85,384.05,384.2,802649
1785145200,384.3,384.55,384.2,384.3,500364
1785145500,384.3,385.05,384.15,385.0,703154
1785145800,384.95,385.7,384.9,385.3,528208
1785146100,385.3,386.0,385.2,386.0,345685
1785210300,383.05,387.3,383.05,385.7,415497
1785210600,385.85,385.95,385.15,385.3,59321
1785210900,385.3,385.45,384.6,385.25,89861
1785211200,385.25,385.45,384.5,384.6,141413
1785211500,384.6,384.65,384.1,384.5,95834
1785211800,384.55,384.6,384.2,384.3,59877
1785212100,384.3,384.5,384.05,384.5,63808
1785212400,384.5,384.55,383.4,384.45,245112
1785212700,384.25,384.5,384.1,384.35,40082
1785213000,384.4,384.5,383.85,383.85,42689
1785213300,383.85,383.85,383.25,383.5,589652
1785213600,383.7,384.6,383.45,384.4,91714
1785213900,384.45,384.6,384.1,384.3,49356
1785214200,384.3,384.5,384.0,384.25,31606
1785214500,384.25,384.55,384.05,384.05,34010
1785214800,384.15,384.4,384.05,384.1,49598
1785215100,384.05,384.1,383.85,384.05,57304
1785215400,384.1,384.75,384.05,384.75,166783
1785215700,384.75,385.1,384.65,385.1,168049
1785216000,385.1,385.3,384.8,385.3,225558
1785216300,385.25,385.4,384.8,384.85,149144
1785216600,384.9,385.1,384.5,384.85,55776
1785216900,385.0,385.15,384.65,385.0,50798
1785217200,384.85,385.1,384.25,384.8,57181
1785217500,384.85,385.9,384.65,385.85,115110
1785217800,385.9,386.2,385.9,386.05,76319
1785218100,386.0,386.3,385.75,386.0,91837
1785218400,386.05,386.2,385.75,386.0,112306
1785218700,386.05,386.25,386.0,386.0,38809
1785219000,386.05,387.0,385.95,386.75,181816
1785219300,386.75,387.1,386.5,387.05,181986
1785219600,387.0,387.2,386.7,386.75,238182
1785219900,386.75,387.0,386.4,386.5,80952
1785220200,386.5,386.65,385.95,386.25,106048
1785220500,386.25,387.0,386.0,386.55,252737
1785220800,386.55,386.6,385.9,386.45,71628
1785221100,386.5,386.6,385.7,385.85,98705
1785221400,385.9,387.15,385.75,387.0,492632
1785221700,386.95,387.15,386.8,387.0,98540
1785222000,387.05,387.15,386.85,387.0,111778
1785222300,387.05,387.15,386.95,387.0,140136
1785222600,387.0,387.1,386.85,386.95,71651
1785222900,386.9,387.05,386.55,386.65,102314
1785223200,386.65,386.95,386.5,386.8,108093
1785223500,386.8,386.9,385.8,386.05,178950
1785223800,386.05,386.45,385.95,386.2,117709
1785224100,386.25,386.85,386.1,386.7,340563
1785224400,386.65,386.7,385.95,385.95,249193
1785224700,385.95,386.05,385.5,385.7,119570
1785225000,385.7,386.25,385.5,386.1,149850
1785225300,386.15,386.15,385.4,385.8,222274
1785225600,385.8,385.85,385.05,385.05,96949
1785225900,385.15,386.0,385.1,385.75,181617
1785226200,385.85,386.0,385.3,385.8,166689
1785226500,385.8,386.1,385.45,385.45,128890
1785226800,385.45,386.05,385.45,385.7,279851
1785227100,385.75,386.05,385.55,386.0,166634
1785227400,386.0,386.05,385.6,385.7,138550
1785227700,385.8,386.1,385.5,386.05,160473
1785228000,386.1,386.1,385.25,385.55,342154
1785228300,385.55,385.95,385.35,385.55,180442
1785228600,385.55,385.65,385.3,385.5,145519
1785228900,385.5,385.85,385.4,385.75,186543
1785229200,385.6,386.05,385.6,385.75,149221
1785229500,385.8,386.15,385.8,385.8,112409
1785229800,385.8,386.35,385.75,386.25,229300
1785230100,386.2,386.2,385.8,385.95,256053
1785230400,385.95,386.25,385.75,386.25,239545
1785230700,386.25,386.35,385.9,386.0,132351
1785231000,386.2,386.2,384.85,385.15,653998
1785231300,385.15,385.5,384.95,385.0,456224
1785231600,385.05,385.1,384.75,384.85,404881
1785231900,384.8,386.35,384.55,385.5,1095151
1785232200,385.45,386.0,385.25,385.65,781009
1785232500,385.6,385.9,385.25,385.7,368851
1785296700,387.0,387.85,385.15,387.4,307287
1785297000,387.4,387.75,387.25,387.45,123643
1785297300,387.45,388.25,387.2,387.65,273199
1785297600,387.65,387.75,386.7,386.8,181202
1785297900,386.85,387.4,386.5,387.3,1004138
1785298200,387.25,387.6,386.95,387.25,73946
1785298500,387.3,387.75,387.05,387.75,144457
1785298800,387.75,388.3,387.75,388.1,73497
1785299100,388.05,388.05,387.25,387.45,76574
1785299400,387.4,387.95,387.35,387.7,100821
1785299700,387.6,387.8,387.55,387.7,19984
1785300000,387.65,387.95,387.4,387.5,67484
1785300300,387.6,387.6,387.2,387.2,44897
1785300600,387.25,387.65,387.2,387.65,102894
1785300900,387.65,388.85,387.65,388.3,125782
1785301200,388.4,388.4,388.1,388.2,30498
1785301500,388.2,388.55,388.15,388.45,32257
1785301800,388.5,388.65,388.25,388.4,48368
1785302100,388.45,388.5,388.2,388.4,30208
1785302400,388.4,388.45,388.1,388.2,36629
1785302700,388.2,388.25,387.9,388.2,65217
1785303000,388.2,388.35,388.2,388.2,38688
1785303300,388.25,388.45,388.2,388.45,38996
1785303600,388.45,388.85,388.4,388.85,41577
1785303900,388.85,388.9,388.2,388.45,52181
1785304200,388.5,388.55,388.25,388.4,22892
1785304500,388.4,388.55,388.1,388.25,25616
1785304800,388.3,388.3,388.0,388.15,29881
1785305100,387.95,388.25,387.8,388.0,40883
1785305400,388.0,388.25,387.85,388.25,19140
1785305700,388.25,388.45,388.0,388.05,31517
1785306000,388.0,388.1,387.85,388.0,21113
1785306300,388.0,388.35,387.75,388.2,66768
1785306600,388.2,388.55,388.05,388.55,48064
1785306900,388.55,390.45,388.35,390.4,656999
1785307200,390.45,390.5,389.55,389.95,270862
1785307500,390.0,390.25,389.45,390.15,291204
1785307800,390.15,390.25,390.0,390.1,65107
1785308100,390.15,390.2,389.4,389.45,167738
1785308400,389.55,390.35,389.4,390.25,108860
1785308700,390.7,390.85,390.4,390.75,109300
1785309000,390.65,391.2,390.4,390.8,92745
1785309300,390.8,391.4,390.35,390.5,89238
1785309600,390.45,390.75,390.05,390.1,46447
1785309900,390.25,390.5,390.05,390.3,43768
1785310200,390.3,390.7,390.25,390.4,65221
1785310500,390.45,390.65,390.25,390.5,47376
1785310800,390.55,390.6,390.2,390.25,61791
1785311100,390.2,391.0,390.15,390.85,126673
1785311400,390.95,391.0,390.25,390.3,50497
1785311700,390.3,390.55,390.2,390.35,40246
1785312000,390.2,390.5,390.2,390.25,24994
1785312300,390.4,390.5,390.05,390.2,40805
1785312600,390.25,390.65,390.0,390.3,113948
1785312900,390.3,391.0,390.15,390.65,190694
1785313200,390.8,390.9,390.55,390.9,42759
1785313500,390.9,391.0,390.75,390.8,41465
1785313800,390.8,391.25,390.6,391.2,60779
1785314100,391.05,391.3,390.85,391.05,39118
1785314400,391.15,391.3,390.95,391.0,56817
1785314700,391.0,391.85,390.95,391.65,254226
1785315000,391.55,392.25,391.45,391.75,261151
1785315300,391.8,392.0,391.2,391.25,70905
1785315600,391.3,391.5,391.1,391.2,48966
1785315900,391.2,391.7,391.2,391.45,50200
1785316200,391.5,391.5,390.4,390.5,148113
1785316500,390.6,391.15,390.55,390.75,125819
1785316800,390.8,390.85,390.5,390.75,38652
1785317100,390.75,391.1,390.75,390.85,42115
1785317400,390.95,391.2,390.25,390.25,187625
1785317700,390.3,390.75,390.3,390.7,168012
1785318000,390.6,390.7,390.2,390.35,180537
1785318300,390.4,390.5,390.05,390.35,346868
1785318600,390.4,390.4,390.0,390.25,375746
1785318900,390.25,390.3,388.65,389.3,489348
1785383100,385.7,388.9,385.7,388.8,515220
1785383400,388.7,389.05,388.15,388.5,177266
1785383700,388.5,388.65,388.05,388.55,110149
1785384000,388.55,389.55,388.35,389.1,82234
1785384300,389.15,389.15,388.55,388.65,64691
1785384600,388.6,388.7,388.05,388.25,69020
1785384900,388.3,388.9,388.15,388.5,71648
1785385200,388.55,388.75,388.2,388.4,39441
1785385500,388.4,388.85,388.35,388.6,45787
1785385800,388.6,388.6,387.95,388.3,113117
1785386100,388.3,388.45,388.0,388.25,57775
1785386400,388.35,388.4,388.0,388.1,32158
1785386700,388.05,388.45,387.9,388.4,46240
1785387000,388.4,388.45,388.15,388.35,40482
1785387300,388.4,388.6,388.15,388.25,54640
1785387600,388.25,388.3,387.9,388.2,49276
1785387900,388.25,388.5,388.05,388.25,66021
1785388200,388.25,388.4,388.0,388.25,65131
1785388500,388.25,388.35,387.95,388.0,48209
1785388800,387.95,388.2,387.95,388.15,43045
1785389100,388.2,388.6,388.05,388.45,139360
1785389400,388.45,389.05,387.95,388.9,353559
1785389700,388.9,388.9,388.35,388.6,84950
1785390000,388.75,389.1,388.3,388.55,353634
1785390300,388.55,388.8,388.2,388.4,70661
1785390600,388.45,388.55,388.0,388.25,109482
1785390900,388.25,388.4,387.9,388.4,264480
1785391200,388.35,388.45,388.0,388.35,63331
1785391500,388.3,388.35,387.65,387.65,53597
1785391800,387.7,388.05,387.55,387.8,83374
1785392100,387.85,387.85,387.5,387.65,55692
1785392400,387.65,387.7,387.2,387.45,72610
1785392700,387.45,387.7,387.25,387.55,63373
1785393000,387.55,387.8,387.35,387.55,54308
1785393300,387.55,387.65,387.3,387.5,39125
1785393600,387.5,387.65,387.45,387.65,25481
1785393900,387.65,388.3,387.6,388.15,124537
1785394200,388.15,388.2,387.4,387.85,129401
1785394500,387.85,388.15,387.5,387.9,73458
1785394800,387.9,389.15,387.6,388.7,370365
1785395100,388.75,388.95,387.9,388.1,145116
1785395400,388.1,388.65,387.75,388.6,268964
1785395700,388.6,388.65,388.25,388.4,94543
1785396000,388.4,388.7,388.35,388.7,58461
1785396300,388.7,388.8,388.0,388.6,120273
1785396600,388.6,388.6,387.85,388.35,156325
1785396900,388.35,388.55,388.0,388.3,166009
1785397200,388.3,388.55,387.75,388.5,63701
1785397500,388.45,388.5,388.1,388.15,50829
1785397800,388.15,388.65,388.05,388.4,147354
1785398100,388.35,388.5,388.15,388.3,160250
1785398400,388.3,388.3,387.7,387.7,57194
1785398700,387.85,388.0,387.6,387.8,66477
1785399000,387.85,388.05,387.8,388.0,51611
1785399300,388.0,388.0,387.6,387.7,44184
1785399600,387.7,388.0,387.55,387.9,123687
1785399900,387.85,387.9,387.55,387.75,86871
1785400200,387.7,387.95,387.55,387.85,123591
1785400500,387.85,388.0,387.6,387.6,288700
1785400800,387.7,387.8,387.6,387.65,39160
1785401100,387.7,387.7,387.65,387.7,49036
1785401400,387.7,387.7,387.55,387.7,38632
1785401700,387.65,387.7,387.55,387.7,40162
1785402000,387.7,388.0,387.65,387.9,172680
1785402300,387.9,388.0,387.7,387.8,164667
1785402600,387.8,387.8,387.5,387.75,142162
1785402900,387.7,388.15,387.65,387.95,166817
1785403200,388.0,388.35,387.8,388.3,261156
1785403500,388.3,388.3,387.95,387.95,73104
1785403800,388.2,389.8,387.8,389.7,823361
1785404100,389.75,390.2,389.7,389.95,727593
1785404400,389.95,390.05,389.65,389.8,807490
1785404700,389.75,389.85,389.35,389.45,807851
1785405000,389.5,389.75,389.0,389.05,671958
1785405300,389.1,389.2,387.6,387.6,450447
1785469500,390.2,391.85,390.0,390.3,208004
1785469800,390.2,390.5,390.05,390.35,67910
1785470100,390.4,390.45,389.3,389.4,118281
1785470400,389.55,389.65,388.4,389.3,71628
1785470700,389.35,389.35,388.6,388.85,38109
1785471000,388.85,389.2,388.65,389.15,27375
1785471300,389.2,389.3,388.75,389.05,27204
1785471600,389.1,389.2,388.6,389.05,221203
1785471900,389.15,389.3,388.55,389.3,109364
1785472200,389.3,389.9,389.3,389.5,31699
1785472500,389.6,389.65,389.0,389.1,28270
1785472800,389.2,389.55,389.1,389.35,24883
1785473100,389.35,389.8,388.65,389.8,51413
1785473400,389.85,389.95,389.4,389.95,31770
1785473700,389.95,390.0,389.5,389.7,35290
1785474000,389.55,389.65,388.85,389.2,24913
1785474300,389.2,389.3,388.8,389.1,28128
1785474600,389.15,389.85,388.95,389.7,73368
1785474900,389.8,390.0,389.5,389.65,73217
1785475200,389.6,389.65,389.05,389.35,62557
1785475500,389.3,389.45,388.9,389.4,38066
1785475800,389.45,389.6,389.25,389.45,35690
1785476100,389.4,389.5,389.0,389.0,57168
1785476400,389.0,389.3,388.95,389.15,31069
1785476700,389.15,389.6,389.05,389.35,46616
1785477000,389.45,389.6,389.25,389.55,18703
1785477300,389.6,389.6,389.1,389.4,42189
1785477600,389.45,389.55,389.15,389.5,30679
1785477900,389.55,389.6,389.3,389.45,27390
1785478200,389.5,389.95,389.1,389.4,171634
1785478500,389.45,389.5,389.2,389.25,21577
1785478800,389.35,389.45,389.1,389.35,24397
1785479100,389.4,389.7,389.15,389.6,327920
1785479400,389.65,390.2,389.4,390.15,127367
1785479700,390.1,390.2,390.0,390.2,53698
1785480000,390.25,390.5,390.1,390.4,47235
1785480300,390.45,390.5,390.2,390.35,30877
1785480600,390.3,390.35,390.0,390.3,29136
1785480900,390.35,391.0,389.9,390.6,237011
1785481200,390.75,391.0,390.3,390.3,104067
1785481500,390.2,390.3,389.95,390.2,35159
1785481800,390.15,390.55,389.95,390.45,46976
1785482100,390.5,390.6,390.25,390.55,42801
1785482400,390.6,390.6,390.15,390.4,52786
1785482700,390.5,390.85,390.2,390.5,199959
1785483000,390.45,390.75,390.2,390.65,72959
1785483300,390.7,390.85,390.4,390.55,166078
1785483600,390.65,390.75,390.1,390.45,30250
1785483900,390.45,390.65,390.3,390.5,28228
1785484200,390.5,390.75,390.4,390.5,27036
1785484500,390.55,390.75,390.3,390.65,40927
1785484800,390.7,390.85,390.15,390.25,70826
1785485100,390.35,390.5,390.2,390.35,29617
1785485400,390.4,390.45,390.1,390.1,30925
1785485700,390.25,390.3,390.0,390.2,32045
1785486000,390.25,390.5,390.1,390.1,26634
1785486300,390.25,390.55,390.15,390.45,36861
1785486600,390.5,390.55,389.75,390.1,47507
1785486900,390.05,390.1,389.65,389.75,28940
1785487200,389.8,390.0,389.7,389.8,33279
1785487500,389.85,390.15,389.8,390.0,33613
1785487800,390.0,390.2,389.9,390.1,26064
1785488100,390.15,390.25,389.75,389.85,28231
1785488400,389.9,390.25,389.75,389.9,43752
1785488700,390.0,390.3,389.8,390.25,46496
1785489000,390.2,390.3,389.75,389.85,60470
1785489300,389.9,390.05,389.65,389.75,75861
1785489600,389.75,390.1,389.75,389.95,52161
1785489900,389.95,390.05,389.85,389.85,71811
1785490200,389.85,390.3,389.85,390.3,341395
1785490500,390.3,390.5,390.15,390.4,526210
1785490800,390.45,390.6,390.25,390.3,460153
1785491100,390.4,390.5,390.2,390.3,406634
1785491400,390.3,390.6,390.15,390.4,485186
1785491700,390.45,390.45,388.0,388.85,410397
1785728700,392.0,394.95,391.85,392.45,430945
1785729000,392.3,393.0,392.3,392.75,97973
1785729300,392.7,393.15,392.6,393.1,78863
1785729600,393.15,393.4,392.6,392.9,82197
1785729900,392.9,392.95,392.35,392.5,70337
1785730200,392.95,393.0,392.45,393.0,78052
1785730500,393.0,393.05,392.55,392.75,47723
1785730800,392.7,393.45,392.7,393.3,77782
1785731100,393.25,393.35,393.0,393.25,36605
1785731400,393.25,393.45,393.15,393.25,61054
1785731700,393.3,393.45,393.05,393.3,34944
1785732000,393.3,393.4,392.05,392.15,579903
1785732300,392.1,393.3,391.95,393.2,96262
1785732600,393.15,393.25,392.9,392.9,25598
1785732900,392.95,393.15,392.8,393.0,37351
1785733200,393.05,393.2,392.9,392.9,34956
1785733500,393.0,393.05,392.55,392.7,58918
1785733800,392.6,392.9,392.55,392.9,32532
1785734100,392.9,392.95,392.65,392.8,32254
1785734400,392.85,393.0,392.6,392.8,29256
1785734700,392.85,392.9,391.5,391.55,139698
1785735000,391.65,391.95,391.5,391.7,91723
1785735300,391.7,392.0,391.5,391.6,137957
1785735600,391.75,392.4,391.55,392.05,123819
1785735900,392.05,392.45,391.9,392.25,119597
1785736200,392.3,392.8,391.9,392.0,223455
1785736500,392.05,392.35,391.8,392.05,198844
1785736800,392.1,392.8,392.0,392.0,442374
1785737100,391.85,392.6,391.6,392.0,549026
1785737400,392.0,392.0,391.35,391.4,65664
1785737700,391.55,391.85,391.35,391.75,38475
1785738000,391.75,391.8,391.5,391.55,47784
1785738300,391.55,391.85,391.05,391.35,78405
1785738600,391.4,391.4,391.1,391.3,25402
1785738900,391.25,392.35,391.2,392.15,150950
1785739200,392.15,392.7,391.95,392.25,144021
1785739500,392.3,392.6,392.2,392.3,51851
1785739800,392.25,392.45,392.2,392.25,34515
1785740100,392.25,392.7,391.95,392.15,143759
1785740400,392.1,392.2,391.6,391.6,33568
1785740700,391.65,391.75,391.25,391.65,79885
1785741000,391.6,391.95,391.5,391.8,74273
1785741300,391.85,392.25,391.4,392.0,206849
1785741600,392.0,392.3,392.0,392.2,44180
1785741900,392.25,392.3,392.1,392.3,49292
1785742200,392.25,392.4,392.15,392.4,58340
1785742500,392.35,392.55,392.25,392.4,61139
1785742800,392.5,392.7,391.85,392.0,77879
1785743100,392.0,392.5,392.0,392.4,47587
1785743400,392.45,392.55,392.25,392.3,51176
1785743700,392.25,392.5,392.25,392.35,28019
1785744000,392.35,392.7,392.25,392.65,39306
1785744300,392.7,393.15,392.6,393.0,102734
1785744600,393.05,393.15,392.5,392.8,105360
1785744900,392.8,392.9,392.4,392.7,97475
1785745200,392.75,392.75,392.4,392.45,33052
1785745500,392.5,392.85,392.4,392.7,119273
1785745800,392.75,392.9,392.55,392.85,24509
1785746100,392.65,392.85,392.6,392.75,40503
1785746400,392.75,392.95,392.35,392.95,81656
1785746700,392.95,393.1,392.8,393.1,104653
1785747000,393.1,393.85,392.9,393.75,287894
1785747300,393.7,394.35,393.65,393.95,202115
1785747600,393.95,394.05,393.65,393.85,61709
1785747900,393.85,393.9,393.05,393.3,123896
1785748200,393.3,393.6,393.15,393.25,66878
1785748500,393.35,394.15,393.1,393.95,186565
1785748800,393.75,394.4,393.75,394.0,434448
1785749100,394.0,394.45,393.9,394.3,393515
1785749400,394.35,394.45,393.5,393.65,601208
1785749700,393.5,394.2,392.15,392.7,979163
1785750000,392.7,395.3,392.3,392.3,1017309
1785750300,392.1,392.1,392.1,392.1,175
1785750600,392.1,392.1,392.1,392.1,0
1785750900,392.1,397.5,392.1,397.5,479070
1785815100,395.5,397.3,392.5,396.7,430596
1785815400,396.8,398.25,396.5,397.4,201714
1785815700,397.4,397.4,396.1,396.2,104692
1785816000,396.2,396.4,395.55,395.8,55622
1785816300,395.6,396.55,395.6,396.55,80584
1785816600,396.65,397.85,396.45,397.45,144293
1785816900,397.5,397.65,396.8,397.3,80782
1785817200,397.2,397.55,396.95,397.45,84828
1785817500,397.55,397.55,397.25,397.5,43145
1785817800,397.45,397.95,397.4,397.65,64051
1785818100,397.5,397.65,396.65,396.75,91486
1785818400,396.8,396.85,396.05,396.3,93730
1785818700,396.3,396.75,396.25,396.7,22846
1785819000,396.7,396.8,396.2,396.45,82588
1785819300,396.45,396.7,396.3,396.55,26966
1785819600,396.5,396.55,395.85,396.4,264218
1785819900,396.3,396.5,396.15,396.15,27040
1785820200,396.3,396.55,396.2,396.2,33799
1785820500,396.25,396.6,396.15,396.25,147452
1785820800,396.25,396.4,395.9,395.95,30992
1785821100,395.95,396.05,395.55,395.75,37568
1785821400,395.8,395.95,395.6,395.95,42304
1785821700,396.0,396.0,395.5,395.8,49471
1785822000,395.75,395.9,395.6,395.8,37931
1785822300,395.75,395.8,394.75,394.85,57501
1785822600,394.9,395.45,394.65,395.2,139270
1785822900,395.2,395.7,395.05,395.45,162836
1785823200,395.4,395.45,394.8,395.3,92054
1785823500,395.35,395.65,394.25,394.4,365120
1785823800,394.25,394.6,393.8,394.6,250570
1785824100,394.65,394.65,393.2,393.25,104940
1785824400,393.45,393.7,393.25,393.65,20474
1785824700,393.65,393.85,393.3,393.3,25538
1785825000,393.3,393.5,392.6,393.25,148636
1785825300,393.2,393.7,392.95,393.7,67408
1785825600,393.6,394.25,393.25,394.25,59019
1785825900,394.05,394.3,394.0,394.15,23439
1785826200,394.25,394.7,394.15,394.4,37706
1785826500,394.6,394.7,394.4,394.7,28178
1785826800,394.6,394.8,394.45,394.6,33636
1785827100,394.45,394.6,394.25,394.45,96043
1785827400,394.45,394.6,393.95,394.25,77562
1785827700,394.25,394.5,394.15,394.4,61717
1785828000,394.4,394.5,394.05,394.35,34616
1785828300,394.35,394.35,394.0,394.05,47192
1785828600,394.2,394.35,394.0,394.25,47918
1785828900,394.05,394.25,394.0,394.0,75142
1785829200,394.1,394.3,393.95,394.05,98508
1785829500,394.0,394.05,393.0,393.3,529148
1785829800,393.4,393.4,392.8,393.15,342937
1785830100,393.2,393.25,392.8,392.85,129114
1785830400,392.9,393.0,392.7,392.85,81940
1785830700,392.85,393.25,392.5,393.0,176330
1785831000,392.85,393.2,392.5,392.5,55941
1785831300,392.5,392.7,392.2,392.6,70158
1785831600,392.65,392.9,392.25,392.4,247310
1785831900,392.35,392.8,392.1,392.8,196726
1785832200,392.75,392.8,392.4,392.8,29004
1785832500,392.65,393.0,392.55,392.85,42039
1785832800,392.65,393.3,392.6,393.2,36138
1785833100,393.2,393.6,393.0,393.6,204058
1785833400,393.6,393.9,393.15,393.45,425769
1785833700,393.3,393.55,392.85,393.1,117778
1785834000,393.1,393.1,392.8,392.95,44319
1785834300,393.0,393.3,392.7,393.15,50444
1785834600,393.15,393.35,393.0,393.05,53230
1785834900,393.1,393.7,393.0,393.55,80164
1785835200,393.65,394.25,393.55,393.9,408483
1785835500,393.9,394.1,393.65,393.95,192058
1785835800,393.95,394.15,393.4,393.6,171764
1785836100,393.6,393.75,393.3,393.6,217700
1785836400,393.55,394.75,393.0,394.75,229782
1785836700,394.75,394.75,394.75,394.75,0
1785837000,394.75,394.75,394.75,394.75,0
1785837300,394.75,398.0,394.75,398.0,505923
1785901500,397.0,397.75,393.85,397.05,360498
1785901800,397.05,397.9,396.85,397.1,133093
1785902100,397.25,397.25,396.7,396.7,90691
1785902400,396.85,397.35,396.65,396.9,127980
1785902700,397.15,397.45,396.9,397.2,92402
1785903000,397.2,397.65,397.0,397.1,127703
1785903300,397.25,397.7,396.8,397.6,77417
1785903600,397.5,397.5,396.45,396.5,92508
1785903900,396.6,397.0,396.5,396.7,53060
1785904200,396.75,397.0,396.2,396.75,117425
1785904500,396.6,396.65,395.9,396.3,80898
1785904800,396.4,396.95,396.3,396.85,56696
1785905100,396.9,397.0,396.35,396.45,57871
1785905400,396.55,396.95,396.2,396.4,122961
1785905700,396.4,396.45,394.8,395.1,233020
1785906000,395.0,395.25,394.4,395.2,157265
1785906300,395.15,395.65,395.1,395.3,95633
1785906600,395.25,395.65,395.15,395.5,136280
1785906900,395.5,396.0,395.4,395.95,96579
1785907200,396.0,396.5,395.7,396.2,152639
1785907500,396.3,396.7,396.1,396.55,135502
1785907800,396.6,397.35,396.55,396.9,430302
1785908100,396.9,397.15,396.7,396.7,82631
1785908400,396.75,396.75,396.25,396.45,91714
1785908700,396.4,396.7,396.25,396.4,56505
1785909000,396.4,396.55,396.1,396.2,83741
1785909300,396.25,396.9,396.15,396.4,221585
1785909600,396.2,396.35,395.75,395.9,83670
1785909900,395.75,396.15,395.6,396.1,65143
1785910200,396.1,396.2,395.5,395.65,115104
1785910500,395.65,396.3,395.5,395.8,843735
1785910800,395.75,396.0,395.7,395.9,87856
1785911100,395.8,396.1,395.55,396.05,287436
1785911400,396.05,396.4,395.9,396.35,70577
1785911700,396.25,396.4,395.85,396.35,87656
1785912000,396.35,397.0,396.3,396.85,105444
1785912300,396.85,397.5,396.35,396.55,465458
1785912600,396.55,396.9,396.35,396.65,214363
1785912900,396.7,396.75,396.25,396.45,56027
1785913200,396.35,396.65,395.2,395.25,128552
1785913500,395.35,395.5,395.0,395.4,159645
1785913800,395.4,395.85,395.2,395.85,140259
1785914100,395.7,396.25,395.7,396.0,183994
1785914400,396.0,396.2,396.0,396.1,44378
1785914700,396.1,396.3,396.0,396.0,271024
1785915000,396.0,396.65,396.0,396.25,89668
1785915300,396.3,396.35,396.0,396.35,153906
1785915600,396.3,396.35,395.7,395.75,149537
1785915900,395.75,396.25,395.7,396.15,59172
1785916200,396.05,396.25,395.75,395.85,77355
1785916500,395.9,396.2,395.8,395.95,70370
1785916800,396.0,396.35,395.9,396.05,90652
1785917100,396.1,396.15,395.8,396.15,87521
1785917400,396.0,396.2,395.6,395.65,109792
1785917700,395.85,396.2,395.6,396.2,127224
1785918000,396.05,396.35,395.95,396.3,129355
1785918300,396.1,396.3,395.95,396.2,96225
1785918600,396.05,396.35,396.05,396.3,60676
1785918900,396.25,396.4,395.85,396.0,130427
1785919200,395.9,396.25,395.85,396.0,61260
1785919500,396.1,396.1,395.75,395.95,94878
1785919800,396.0,396.2,395.9,396.1,100879
1785920100,396.05,396.4,396.0,396.3,106967
1785920400,396.4,396.5,396.1,396.2,108908
1785920700,396.2,396.5,396.1,396.45,119753
1785921000,396.45,396.5,396.15,396.15,109843
1785921300,396.1,396.35,396.0,396.25,168235
1785921600,396.35,397.0,396.2,396.65,500371
1785921900,396.65,397.6,396.65,397.45,392717
1785922200,397.5,397.8,397.3,397.75,386217
1785922500,397.75,398.0,397.6,397.8,370916
1785922800,397.95,398.5,397.45,398.2,457231
1785923100,397.3,397.3,397.3,397.3,1664
1785923400,397.3,397.3,397.3,397.3,0
1785923700,397.3,400.0,397.3,400.0,432207
1785987900,397.25,398.8,396.3,397.45,205830
1785988200,397.45,397.9,397.1,397.75,47487
1785988500,397.85,397.85,397.1,397.15,45746
1785988800,397.15,397.7,396.4,396.5,781810
1785989100,396.6,397.45,396.6,397.45,459251
1785989400,397.4,397.5,396.85,397.3,46385
1785989700,397.3,397.4,396.8,397.1,35355
1785990000,397.0,397.65,397.0,397.5,25254
1785990300,397.35,397.65,397.15,397.35,29191
1785990600,397.2,397.55,396.8,397.0,32848
1785990900,396.95,397.0,396.5,396.85,25719
1785991200,396.9,397.0,396.65,396.85,28002
1785991500,396.8,397.35,396.65,397.3,35324
1785991800,397.3,397.5,397.3,397.45,23927
1785992100,397.45,397.55,397.05,397.55,34004
1785992400,397.6,398.15,397.55,398.0,41805
1785992700,397.95,398.2,397.8,398.2,52691
1785993000,398.15,398.3,398.0,398.2,49388
1785993300,398.15,398.3,398.0,398.25,54583
1785993600,398.3,398.4,397.75,397.95,51886
1785993900,398.0,398.0,397.7,398.0,62797
1785994200,397.95,398.0,397.3,397.55,77804
1785994500,397.55,397.9,397.5,397.9,48734
1785994800,397.85,397.9,397.35,397.55,54363
1785995100,397.95,397.95,397.55,397.8,93150
1785995400,397.75,397.85,397.55,397.75,78364
1785995700,397.75,397.9,397.6,397.85,65375
1785996000,397.8,397.95,397.5,397.6,84968
1785996300,397.7,397.75,397.1,397.3,80347
1785996600,397.35,397.45,396.6,396.8,90487
1785996900,396.8,396.85,396.4,396.8,82722
1785997200,396.7,397.3,396.7,397.3,61961
1785997500,397.35,397.75,397.05,397.7,59136
1785997800,397.7,397.75,397.4,397.55,68424
1785998100,397.6,397.65,397.15,397.55,69314
1785998400,397.5,397.55,397.15,397.4,77204
1785998700,397.25,397.55,397.0,397.1,86099
1785999000,397.05,397.15,396.8,396.85,51148
1785999300,397.0,397.0,396.6,396.7,53551
1785999600,396.9,396.9,396.55,396.75,61299
1785999900,396.8,396.85,396.4,396.55,54407
1786000200,396.5,396.55,396.1,396.45,59676
1786000500,396.4,396.6,396.1,396.15,64806
1786000800,396.25,396.35,395.95,396.3,49655
1786001100,396.35,396.45,396.0,396.15,45261
1786001400,396.15,396.7,396.05,396.6,57000
1786001700,396.65,396.65,396.0,396.1,70100
1786002000,396.15,396.25,395.85,396.2,107332
1786002300,396.2,396.65,395.8,396.65,372699
1786002600,396.65,396.7,395.5,395.65,269081
1786002900,395.5,395.5,395.05,395.15,62310
1786003200,395.3,395.45,395.0,395.25,90122
1786003500,395.2,395.5,394.8,395.15,112635
1786003800,395.15,395.35,395.0,395.15,51714
1786004100,395.1,395.15,394.65,394.7,183676
1786004400,394.75,394.95,394.4,394.9,194464
1786004700,394.9,395.3,394.75,394.9,184204
1786005000,394.9,395.05,394.6,394.8,66787
1786005300,394.75,395.1,394.5,394.75,97338
1786005600,394.7,394.9,394.2,394.5,98548
1786005900,394.45,394.85,394.35,394.8,90411
1786006200,394.75,394.95,394.25,394.95,364921
1786006500,394.9,395.0,394.25,394.3,621833
1786006800,394.3,394.95,393.75,394.95,342967
1786007100,394.95,395.1,394.45,394.6,209966
1786007400,394.65,394.7,394.15,394.7,304937
1786007700,394.7,394.8,394.35,394.6,179121
1786008000,394.65,394.85,394.35,394.6,200286
1786008300,394.65,394.85,394.3,394.7,605670
1786008600,394.7,395.15,394.6,395.05,346920
1786008900,395.05,395.5,394.9,395.25,390526
1786009200,395.25,395.45,394.0,395.35,314798
1786009500,395.35,395.35,395.35,395.35,564
1786009800,395.35,395.35,395.35,395.35,0
1786010100,395.35,395.35,394.0,394.0,560863
1786074300,393.0,394.85,392.9,393.55,182137
1786074600,393.5,393.65,392.8,393.4,113780
1786074900,393.45,393.7,393.1,393.35,85089
1786075200,393.3,393.3,392.9,392.9,44745
1786075500,393.0,393.2,392.25,392.75,98224
1786075800,392.8,392.95,392.7,392.75,24841
1786076100,392.8,392.8,392.35,392.55,23005
1786076400,392.75,393.0,392.5,392.55,38161
1786076700,392.55,392.85,392.5,392.6,22587
1786077000,392.55,392.6,392.15,392.4,28975
1786077300,392.4,392.7,392.25,392.6,17756
1786077600,392.6,392.7,392.15,392.15,44965
1786077900,392.15,392.35,391.95,392.25,38458
1786078200,392.25,392.4,391.85,391.85,23474
1786078500,391.95,392.2,391.85,392.05,16611
1786078800,391.85,392.0,391.4,391.75,46046
1786079100,391.75,391.95,391.6,391.9,13768
1786079400,391.95,392.2,391.75,391.9,17125
1786079700,392.1,392.45,391.7,392.45,43498
1786080000,392.35,392.55,392.1,392.5,15631
1786080300,392.45,392.6,392.2,392.45,34074
1786080600,392.35,392.8,391.8,392.35,42150
1786080900,392.3,392.5,391.0,391.15,194116
1786081200,391.2,391.25,390.7,390.7,68517
1786081500,390.8,390.8,390.1,390.2,69142
1786081800,390.25,391.1,390.1,390.75,62271
1786082100,390.8,390.8,390.2,390.4,424775
1786082400,390.5,390.65,389.8,390.0,145039
1786082700,390.0,390.1,389.7,389.85,30589
1786083000,389.95,390.05,389.65,389.75,24286
1786083300,389.8,389.9,389.45,389.75,34499
1786083600,389.8,389.85,389.4,389.6,31610
1786083900,389.65,389.95,389.5,389.85,29644
1786084200,389.8,389.95,389.45,389.5,33956
1786084500,389.55,389.65,388.9,388.95,36658
1786084800,388.95,389.1,388.35,388.5,51524
1786085100,388.5,388.9,388.45,388.5,22058
1786085400,388.55,389.5,388.5,389.45,58168
1786085700,389.4,389.85,389.2,389.3,116003
1786086000,389.3,389.9,389.2,389.9,49958
1786086300,389.9,389.9,389.55,389.7,20494
1786086600,389.7,389.85,389.5,389.75,25947
1786086900,389.8,390.1,389.5,389.75,47660
1786087200,389.85,390.0,389.5,389.9,23222
1786087500,389.85,389.95,389.3,389.4,48075
1786087800,389.35,389.65,389.2,389.2,35088
1786088100,389.45,389.5,389.2,389.2,33105
1786088400,389.25,389.95,389.1,389.7,686791
1786088700,389.55,389.95,389.45,389.55,35220
1786089000,389.55,389.95,389.5,389.85,29667
1786089300,389.95,390.1,389.7,389.75,48296
1786089600,389.8,390.05,389.6,389.6,28581
1786089900,389.65,390.1,389.6,390.0,31373
1786090200,390.0,390.1,389.85,390.0,40654
1786090500,390.05,390.1,389.85,389.95,29687
1786090800,389.95,390.1,389.85,390.0,62975
1786091100,390.0,390.1,389.2,389.55,171591
1786091400,389.4,389.7,387.75,388.7,417280
1786091700,388.8,388.95,388.4,388.65,65318
1786092000,388.75,388.85,388.5,388.6,44103
1786092300,388.6,388.75,388.2,388.45,95925
1786092600,388.45,388.9,388.4,388.65,39465
1786092900,388.75,388.9,388.55,388.65,35596
1786093200,388.6,389.1,388.35,389.05,153123
1786093500,389.05,389.15,388.8,389.05,59090
1786093800,389.0,389.25,388.9,389.2,93345
1786094100,389.2,389.7,389.05,389.5,394781
1786094400,389.5,389.6,389.0,389.2,144231
1786094700,389.2,389.25,389.0,389.1,238719
1786095000,389.15,389.25,389.15,389.15,146070
1786095300,389.2,389.25,389.0,389.2,227219
1786095600,389.25,389.25,388.4,388.4,251602
1786095900,389.2,389.2,389.2,389.2,25
1786096200,389.2,389.2,389.2,389.2,0
1786096500,389.2,390.75,389.2,390.75,996562
1786333500,388.0,393.0,387.25,392.1,689381
1786333800,392.3,392.65,391.4,391.5,94265
1786334100,391.4,391.45,390.6,390.8,66135
1786334400,390.75,391.4,389.85,390.0,217624
1786334700,390.0,390.0,387.95,388.0,1672055
1786335000,388.1,388.55,388.0,388.3,103265
1786335300,388.25,388.55,387.5,387.55,186963
1786335600,387.7,387.9,386.5,387.35,198639
1786335900,387.15,387.9,387.1,387.85,160035
1786336200,387.85,388.0,387.4,387.4,336311
1786336500,387.45,388.9,387.35,387.95,547700
1786336800,387.75,388.75,387.55,387.9,365760
1786337100,387.9,388.0,387.8,388.0,117844
1786337400,388.0,388.3,387.9,388.25,373298
1786337700,388.2,389.45,388.15,389.15,385569
1786338000,389.25,389.95,389.2,389.5,136244
1786338300,389.5,389.95,389.2,389.9,86988
1786338600,389.9,389.95,388.9,389.3,73156
1786338900,389.35,389.7,389.2,389.55,48527
1786339200,389.55,389.6,388.15,388.3,56729
1786339500,388.35,388.55,388.25,388.4,41245
1786339800,388.5,388.55,387.85,388.0,92957
1786340100,388.0,388.05,387.85,388.0,102621
1786340400,388.05,388.15,387.85,387.95,518265
1786340700,388.0,389.0,387.85,389.0,312561
1786341000,389.0,389.0,388.55,389.0,153520
1786341300,388.95,389.95,388.7,389.9,411040
1786341600,389.95,389.95,389.25,389.5,46567
1786341900,389.55,390.0,389.45,390.0,36322
1786342200,390.0,390.5,389.75,390.05,136991
1786342500,390.15,390.25,389.6,390.15,285294
1786342800,390.2,390.2,389.85,390.15,48598
1786343100,390.1,390.9,390.05,390.8,171941
1786343400,390.85,390.9,390.5,390.7,32983
1786343700,390.75,391.1,390.55,391.1,43988
1786344000,391.0,391.25,390.75,391.1,53323
1786344300,391.1,391.3,390.85,391.1,52462
1786344600,391.15,391.35,391.05,391.15,45952
1786344900,391.15,391.35,390.85,391.3,59344
1786345200,391.25,391.5,391.2,391.35,71919
1786345500,391.35,391.95,391.2,391.55,57330
1786345800,391.6,392.7,391.4,392.5,119833
1786346100,392.4,392.65,392.15,392.3,66165
1786346400,392.15,392.35,392.0,392.15,51660
1786346700,392.2,392.2,391.85,392.05,46374
1786347000,392.0,392.25,391.95,392.05,35879
1786347300,392.15,392.2,391.75,391.95,38951
1786347600,392.0,392.0,391.5,391.7,44520
1786347900,391.7,392.1,391.6,391.95,77797
1786348200,391.9,392.25,391.6,391.9,39494
1786348500,391.8,392.15,391.8,392.1,32799
1786348800,392.0,392.15,391.85,391.95,32874
1786349100,391.95,392.35,391.85,392.25,63070
1786349400,392.25,392.4,391.9,392.15,78784
1786349700,392.2,392.2,391.7,392.0,62464
1786350000,392.0,392.25,392.0,392.1,31535
1786350300,392.25,392.3,391.9,391.95,33912
1786350600,391.95,392.2,391.8,392.2,42386
1786350900,392.1,392.45,392.0,392.3,35096
1786351200,392.3,392.5,392.1,392.1,42729
1786351500,392.1,392.25,392.0,392.15,42576
1786351800,392.15,392.3,392.0,392.05,35615
1786352100,392.05,392.2,391.85,391.9,35492
1786352400,391.9,392.0,391.65,391.75,50947
1786352700,391.45,391.75,391.25,391.65,63157
1786353000,391.55,391.95,391.55,391.75,53416
1786353300,391.7,391.75,391.3,391.55,114509
1786353600,391.5,391.6,391.0,391.5,247686
1786353900,391.4,391.7,391.0,391.5,364686
1786354200,391.25,392.0,391.05,392.0,217836
1786354500,391.9,392.2,391.6,391.65,161296
1786354800,391.6,393.4,391.45,392.5,288680
1786355100,392.5,392.5,392.5,392.5,11
1786355400,392.5,392.5,392.5,392.5,0
1786355700,392.5,393.5,392.5,393.5,246819
1786419900,392.1,392.1,389.25,389.85,193810
1786420200,389.85,390.0,389.35,389.65,34099
1786420500,389.5,389.6,388.85,389.15,45077
1786420800,389.05,389.75,388.9,389.7,42062
1786421100,389.7,389.9,389.5,389.75,30342
1786421400,389.65,390.25,389.55,390.15,36613
1786421700,390.15,390.4,389.85,390.15,49355
1786422000,390.15,390.35,390.0,390.05,36085
1786422300,390.1,390.45,390.0,390.1,20772
1786422600,390.1,390.6,390.1,390.5,19161
1786422900,390.5,390.55,390.2,390.3,18014
1786423200,390.4,390.6,390.3,390.35,13974
1786423500,390.35,390.45,390.2,390.35,11806
1786423800,390.3,390.85,390.2,390.6,36196
1786424100,390.65,391.15,390.45,390.8,24179
1786424400,390.75,391.3,390.7,391.15,24394
1786424700,391.15,391.2,390.85,390.95,32032
1786425000,391.0,391.25,390.6,390.85,41647
1786425300,390.8,390.85,390.05,390.05,26542
1786425600,390.05,390.25,389.9,390.2,30084
1786425900,390.15,390.5,390.0,390.1,28864
1786426200,390.1,390.35,390.05,390.05,25545
1786426500,390.05,390.45,389.2,389.2,66233
1786426800,389.3,389.4,389.1,389.35,44095
1786427100,389.3,389.75,389.1,389.2,46931
1786427400,389.4,389.45,389.0,389.05,37189
1786427700,389.0,389.25,389.0,389.05,45386
1786428000,389.1,389.3,388.85,388.9,55832
1786428300,388.95,389.15,388.65,389.05,63049
1786428600,389.0,389.15,388.9,389.0,37534
1786428900,389.0,389.15,388.95,389.0,100836
1786429200,388.95,389.0,388.4,388.45,129734
1786429500,388.45,388.85,388.35,388.8,82398
1786429800,388.85,389.15,388.3,388.35,79018
1786430100,388.4,388.7,388.3,388.45,107714
1786430400,388.45,388.8,388.45,388.65,131743
1786430700,388.7,389.15,388.4,388.6,435606
1786431000,388.65,389.1,388.4,388.95,114873
1786431300,388.85,389.6,388.8,389.6,110029
1786431600,389.55,389.85,388.35,389.1,737145
1786431900,389.1,389.25,388.9,389.05,34256
1786432200,389.1,389.4,388.95,389.3,86431
1786432500,389.3,390.0,389.0,389.6,596008
1786432800,389.55,390.0,389.35,389.6,254549
1786433100,389.55,389.85,389.15,389.75,514566
1786433400,389.75,390.65,389.5,390.65,241345
1786433700,390.55,390.85,390.45,390.75,36963
1786434000,390.7,390.8,390.3,390.6,45683
1786434300,390.6,390.7,389.9,390.1,134229
1786434600,390.0,390.65,389.9,390.35,286511
1786434900,390.35,390.8,390.15,390.8,128024
1786435200,390.75,391.7,390.7,391.35,266013
1786435500,391.35,391.6,390.95,391.05,39271
1786435800,391.1,391.4,390.9,391.2,26988
1786436100,391.2,391.75,391.2,391.5,30917
1786436400,391.45,391.6,391.25,391.55,28118
1786436700,391.45,391.45,391.15,391.35,34300
1786437000,391.35,391.4,391.05,391.15,34816
1786437300,391.15,391.5,391.0,391.5,166824
1786437600,391.4,391.6,391.25,391.4,43516
1786437900,391.45,391.7,391.35,391.4,51584
1786438200,391.5,391.5,391.25,391.3,32654
1786438500,391.35,391.7,391.1,391.15,51523
1786438800,391.1,391.45,390.95,391.2,55581
1786439100,391.3,391.45,390.7,390.9,61802
1786439400,390.9,391.35,390.9,391.2,37400
1786439700,391.3,391.5,391.0,391.2,62904
1786440000,391.15,391.7,391.1,391.55,89278
1786440300,391.65,391.75,391.15,391.4,81606
1786440600,391.45,391.8,391.1,391.75,213805
1786440900,391.7,392.0,390.75,391.3,205593
1786441200,391.4,392.4,390.9,392.0,260458
1786441500,391.9,391.9,391.9,391.9,76
1786441800,391.9,391.9,391.9,391.9,0
1786442100,391.9,392.9,391.9,392.9,355355
1786506300,391.0,392.1,388.7,389.3,219142
1786506600,389.3,390.2,389.2,389.7,112924
1786506900,389.65,391.05,389.65,391.05,175219
1786507200,391.05,391.05,390.0,390.4,77801
1786507500,390.4,390.6,389.8,390.0,86554
1786507800,389.8,390.3,389.8,389.85,64348
1786508100,389.85,389.9,389.0,389.2,51944
1786508400,388.9,389.2,388.6,389.2,45496
1786508700,389.2,389.35,388.85,389.05,73282
1786509000,389.0,389.5,388.85,389.4,97033
1786509300,389.2,389.7,389.2,389.7,32659
1786509600,389.7,389.7,389.3,389.7,21814
1786509900,389.7,390.0,389.35,389.95,91007
1786510200,389.9,389.95,389.15,389.8,123550
1786510500,389.8,389.85,389.4,389.45,25801
1786510800,389.45,390.4,389.35,390.3,151563
1786511100,390.35,390.35,390.0,390.25,48514
1786511400,390.35,390.45,389.65,389.8,116544
1786511700,389.7,389.9,389.25,389.35,179301
1786512000,389.3,389.85,389.3,389.55,57576
1786512300,389.5,389.55,388.1,388.45,337686
1786512600,388.45,389.1,387.5,389.05,474848
1786512900,389.0,389.45,388.6,389.1,653096
1786513200,389.1,389.6,388.5,389.6,403051
1786513500,389.55,389.85,389.25,389.55,599778
1786513800,389.55,389.7,389.15,389.2,76390
1786514100,389.35,390.3,389.25,389.45,604368
1786514400,389.45,389.65,389.1,389.2,99964
1786514700,389.2,389.85,389.2,389.3,154478
1786515000,389.35,390.0,389.1,390.0,96219
1786515300,389.95,390.0,389.7,389.85,37019
1786515600,389.9,389.9,389.2,389.5,334842
1786515900,389.65,389.8,389.3,389.8,21651
1786516200,389.8,389.9,389.45,389.45,51249
1786516500,389.55,389.55,388.9,389.45,148170
1786516800,389.3,389.65,389.05,389.65,61955
1786517100,389.55,389.8,389.5,389.8,30317
1786517400,389.75,389.95,389.65,389.8,27821
1786517700,389.8,390.0,389.7,390.0,21139
1786518000,389.95,390.85,389.65,390.8,505392
1786518300,390.9,390.9,390.15,390.55,90047
1786518600,390.6,390.8,390.05,390.15,69871
1786518900,390.15,390.55,390.0,390.25,64570
1786519200,390.35,390.45,390.05,390.05,28547
1786519500,390.15,390.45,390.0,390.1,28490
1786519800,390.05,390.9,390.05,390.5,162642
1786520100,390.55,390.55,390.2,390.25,27592
1786520400,390.2,390.45,390.1,390.45,26906
1786520700,390.35,390.7,390.15,390.2,70434
1786521000,390.35,390.55,390.1,390.45,48460
1786521300,390.45,391.0,390.15,390.8,272667
1786521600,390.95,391.0,390.4,390.85,69896
1786521900,390.85,391.1,390.45,390.6,55126
1786522200,390.6,391.2,390.6,391.05,80511
1786522500,391.15,391.55,391.05,391.45,65311
1786522800,391.5,391.6,391.3,391.55,57556
1786523100,391.45,391.6,391.15,391.4,59421
1786523400,391.45,391.55,391.0,391.25,68707
1786523700,391.25,391.5,391.0,391.2,88654
1786524000,391.2,391.25,391.0,391.1,52110
1786524300,391.25,391.5,391.0,391.35,65391
1786524600,391.4,391.55,391.15,391.25,74512
1786524900,391.3,391.5,391.05,391.4,83646
1786525200,391.45,392.25,391.3,392.25,136260
1786525500,392.25,392.6,392.0,392.15,98975
1786525800,392.2,392.7,392.0,392.6,84644
1786526100,392.55,392.85,392.4,392.65,91145
1786526400,392.75,393.7,392.55,393.7,232181
1786526700,393.7,394.25,393.5,394.1,198717
1786527000,394.1,394.25,393.45,393.5,302293
1786527300,393.5,393.7,393.35,393.4,220632
1786527600,393.55,393.6,391.2,393.4,340898
1786527900,392.65,392.65,392.65,392.65,17
1786528200,392.65,392.65,392.65,392.65,0
1786528500,392.65,392.65,390.5,390.5,708106
1786592700,390.4,392.15,389.45,390.55,160550
1786593000,390.5,390.95,390.15,390.15,66041
1786593300,390.45,390.45,389.45,389.7,29702
1786593600,389.7,389.75,389.25,389.3,66340
1786593900,389.3,389.6,389.0,389.6,56856
1786594200,389.6,389.8,389.45,389.6,21598
1786594500,389.6,389.75,389.3,389.65,26802
1786594800,389.6,389.7,389.4,389.45,41195
1786595100,389.5,389.5,389.0,389.15,44799
1786595400,389.05,389.45,389.0,389.2,75555
1786595700,389.1,389.25,388.8,388.8,56227
1786596000,388.85,388.85,388.55,388.65,44619
1786596300,388.65,389.2,388.65,388.95,41295
1786596600,389.05,389.35,388.85,389.35,41764
1786596900,389.35,390.0,389.25,389.65,65658
1786597200,389.7,389.85,389.45,389.85,25759
1786597500,389.85,390.1,389.65,389.8,37529
1786597800,389.8,389.8,389.5,389.75,16884
1786598100,389.75,389.85,389.55,389.8,29902
1786598400,389.85,390.2,389.8,390.15,32825
1786598700,390.2,390.35,389.95,390.0,33750
1786599000,390.05,390.05,389.6,389.7,37707
1786599300,389.6,390.25,389.35,390.05,81251
1786599600,390.2,390.2,390.0,390.0,48287
1786599900,390.05,390.05,389.65,389.75,125511
1786600200,389.75,390.1,389.6,390.0,65012
1786600500,390.05,390.3,389.75,389.9,56885
1786600800,389.95,390.1,389.75,390.0,36638
1786601100,390.05,390.25,390.0,390.15,26378
1786601400,390.15,390.5,390.0,390.5,29374
1786601700,390.5,390.7,390.15,390.6,41106
1786602000,390.7,390.75,390.55,390.6,14907
1786602300,390.6,391.6,390.5,391.6,94655
1786602600,391.55,391.9,391.5,391.85,72753
1786602900,391.8,391.9,391.25,391.35,50340
1786603200,391.35,392.0,391.15,391.5,295103
1786603500,391.5,391.95,391.2,391.5,208877
1786603800,391.45,391.8,391.25,391.75,38630
1786604100,391.75,392.1,391.7,392.05,64047
1786604400,392.0,392.1,391.9,392.0,33014
1786604700,392.05,392.05,391.95,392.0,38417
1786605000,392.05,392.05,391.95,392.05,35345
1786605300,392.0,392.1,391.7,392.0,72225
1786605600,392.0,392.25,391.95,392.15,53685
1786605900,392.2,392.25,392.0,392.05,29182
1786606200,392.05,392.2,391.95,392.05,54915
1786606500,392.0,392.1,391.35,392.05,158564
1786606800,392.05,392.2,391.95,392.15,40947
1786607100,392.2,392.2,392.0,392.0,154701
1786607400,392.05,392.05,391.1,391.4,42401
1786607700,391.35,391.5,391.25,391.3,36617
1786608000,391.4,391.5,391.0,391.05,49902
1786608300,391.1,391.35,391.0,391.05,16453
1786608600,391.05,391.25,391.0,391.15,26554
1786608900,391.2,391.45,391.0,391.15,44029
1786609200,391.2,391.45,390.3,390.85,145952
1786609500,390.9,391.4,390.8,391.0,57317
1786609800,390.9,391.05,390.75,390.8,24466
1786610100,390.8,390.85,390.5,390.65,34931
1786610400,390.7,391.1,390.55,391.0,69103
1786610700,391.0,391.4,391.0,391.2,90117
1786611000,391.25,391.4,391.1,391.15,100293
1786611300,391.2,391.2,390.75,391.05,105536
1786611600,391.05,391.45,391.0,391.35,64870
1786611900,391.2,391.3,391.05,391.25,41300
1786612200,391.2,391.3,391.05,391.1,57693
1786612500,391.25,391.25,390.9,391.0,39537
1786612800,391.15,391.45,390.9,391.2,259491
1786613100,391.2,391.25,391.0,391.0,142749
1786613400,391.0,391.25,390.9,391.25,206321
1786613700,391.25,391.25,391.05,391.25,271285
1786614000,391.25,391.85,391.2,391.65,289325
1786614300,391.65,391.65,391.65,391.65,3
1786614600,391.65,391.65,391.65,391.65,0
1786614900,391.65,392.4,391.65,392.4,417577
1786679100,393.1,393.4,391.3,391.45,231153
1786679400,391.3,392.1,390.7,391.55,1373768
1786679700,391.8,392.35,391.75,392.15,39829
1786680000,392.1,392.55,391.7,392.4,60624
1786680300,392.4,393.0,392.25,393.0,40467
1786680600,393.0,393.15,392.7,392.8,30768
1786680900,392.8,393.2,392.75,393.2,25084
1786681200,393.1,393.3,391.9,392.15,55145
1786681500,392.15,392.65,392.05,392.45,24420
1786681800,392.55,392.55,392.05,392.25,24669
1786682100,392.25,392.5,391.85,392.5,40260
1786682400,392.5,392.55,392.15,392.25,41675
1786682700,392.35,392.35,392.0,392.2,33024
1786683000,392.2,392.4,392.0,392.3,28925
1786683300,392.35,392.4,391.8,392.2,46509
1786683600,392.25,392.3,391.2,391.55,116193
1786683900,391.4,391.6,391.35,391.5,46623
1786684200,391.5,391.65,391.35,391.5,60864
1786684500,391.6,391.65,391.4,391.4,39961
1786684800,391.45,391.5,391.35,391.4,31491
1786685100,391.35,391.75,391.05,391.4,182386
1786685400,391.25,391.45,391.2,391.45,31205
1786685700,391.3,391.6,391.25,391.5,41682
1786686000,391.4,391.6,391.2,391.25,41480
1786686300,391.25,391.25,390.65,390.95,109299
1786686600,391.1,391.3,390.45,390.75,79953
1786686900,390.75,391.6,390.5,391.05,570231
1786687200,391.05,391.3,390.75,391.3,44583
1786687500,391.3,391.45,391.05,391.3,39326
1786687800,391.3,391.55,391.15,391.3,27779
1786688100,391.35,391.45,390.25,390.5,139870
1786688400,390.35,390.5,390.1,390.5,101642
1786688700,390.45,390.6,390.4,390.6,40956
1786689000,390.6,390.6,390.3,390.45,81301
1786689300,390.5,391.45,389.85,391.0,523094
1786689600,391.1,392.2,391.0,392.15,306926
1786689900,392.1,392.5,392.0,392.4,64810
1786690200,392.45,392.65,392.35,392.6,78756
1786690500,392.45,392.65,392.35,392.6,40675
1786690800,392.5,392.6,392.4,392.6,31368
1786691100,392.55,392.65,391.75,391.9,131285
1786691400,391.85,391.9,391.05,391.4,364870
1786691700,391.4,391.85,391.35,391.75,45517
1786692000,391.6,391.95,391.5,391.8,43198
1786692300,391.8,391.9,391.55,391.75,43404
1786692600,391.65,391.85,391.5,391.75,57765
1786692900,391.7,391.75,391.4,391.7,35650
1786693200,391.6,392.2,391.4,392.05,232987
1786693500,392.0,392.6,392.0,392.3,227462
1786693800,392.15,392.45,392.1,392.4,46142
1786694100,392.35,392.5,392.1,392.3,41602
1786694400,392.35,392.35,391.8,392.25,84620
1786694700,392.25,392.6,392.05,392.45,368561
1786695000,392.55,392.65,392.35,392.45,84628
1786695300,392.6,393.45,392.45,393.15,148951
1786695600,393.15,393.25,392.65,392.85,77460
1786695900,392.9,393.35,392.65,393.25,74082
1786696200,393.3,393.45,393.1,393.4,48352
1786696500,393.35,394.35,393.35,393.75,222319
1786696800,393.75,394.0,393.5,393.65,120924
1786697100,393.7,393.85,393.5,393.6,99244
1786697400,393.65,393.8,393.15,393.35,86011
1786697700,393.25,393.35,392.8,393.1,60166
1786698000,392.95,393.5,392.75,393.3,81826
1786698300,393.25,393.35,393.0,393.05,80308
1786698600,393.1,393.2,392.9,393.15,66335
1786698900,393.15,393.4,393.0,393.2,76215
1786699200,393.3,393.5,392.85,393.35,101290
1786699500,393.35,393.6,393.35,393.45,83149
1786699800,393.5,393.9,393.4,393.85,182474
1786700100,393.9,393.95,393.45,393.55,303470
1786700400,393.5,393.8,391.7,392.1,408040
1786700700,392.1,392.1,392.1,392.1,64
1786701000,392.1,392.1,392.1,392.1,0
1786701300,392.1,392.1,391.15,391.15,386582
1786938300,389.0,392.0,389.0,391.7,215523
1786938600,391.7,393.0,391.55,392.7,35976
1786938900,392.7,393.1,392.6,393.0,30549
1786939200,393.0,393.2,392.45,392.65,42753
1786939500,392.8,393.15,392.65,392.75,19185
1786939800,392.85,392.9,392.05,392.4,24948
1786940100,392.4,392.5,392.0,392.5,18196
1786940400,392.5,392.7,392.35,392.35,17702
1786940700,392.5,393.0,392.35,392.65,31416
1786941000,392.6,392.95,391.8,392.3,51664
1786941300,392.4,392.65,392.0,392.25,78343
1786941600,392.25,392.35,391.6,391.95,99294
1786941900,392.05,392.2,391.55,391.7,39204
1786942200,391.6,391.75,391.0,391.0,22975
1786942500,391.0,391.4,391.0,391.2,21003
1786942800,391.2,391.25,391.05,391.25,9598
1786943100,391.25,391.55,391.05,391.25,18974
1786943400,391.15,391.35,391.0,391.15,21848
1786943700,391.15,392.05,391.15,392.0,196081
1786944000,392.0,392.35,392.0,392.35,19228
1786944300,392.3,392.45,392.1,392.25,18022
1786944600,392.1,392.2,392.0,392.2,22674
1786944900,392.05,392.3,392.0,392.25,20257
1786945200,392.15,392.5,391.8,391.8,99239
1786945500,391.85,392.3,391.2,391.9,121908
1786945800,391.95,392.05,391.8,391.9,46039
1786946100,391.85,392.2,391.8,392.0,102251
1786946400,392.0,392.3,391.55,392.15,132210
1786946700,392.15,392.15,392.0,392.0,35830
1786947000,392.1,392.15,391.65,391.7,217408
1786947300,391.7,392.3,391.5,392.0,56251
1786947600,392.05,392.25,392.0,392.0,20652
1786947900,392.0,392.35,392.0,392.15,28219
1786948200,392.15,392.35,392.1,392.25,27448
1786948500,392.25,392.35,392.05,392.2,16292
1786948800,392.1,392.35,392.05,392.3,21328
1786949100,392.25,393.0,392.2,393.0,90843
1786949400,393.05,393.05,392.6,392.8,108700
1786949700,392.8,392.95,392.6,392.8,11394
1786950000,392.65,393.4,392.65,393.05,33635
1786950300,393.0,393.35,392.95,393.15,27553
1786950600,393.15,393.5,393.0,393.0,46865
1786950900,393.0,393.75,392.85,393.25,32631
1786951200,393.3,393.85,393.3,393.5,29461
1786951500,393.65,394.5,393.5,394.35,94933
1786951800,394.35,395.25,394.35,394.85,103995
1786952100,394.75,395.1,394.55,394.65,57907
1786952400,394.65,395.2,394.6,395.1,132641
1786952700,395.05,395.2,394.95,395.15,29331
1786953000,395.1,395.4,395.0,395.1,42391
1786953300,395.0,395.1,394.75,394.75,74246
1786953600,394.85,395.1,394.7,394.85,68075
1786953900,394.75,395.0,394.5,394.65,35759
1786954200,394.65,395.2,394.4,394.65,98801
1786954500,394.7,394.9,394.35,394.35,37596
1786954800,394.35,394.5,394.05,394.05,30555
1786955100,394.1,394.5,394.1,394.4,19547
1786955400,394.4,394.7,394.4,394.55,24011
1786955700,394.55,394.65,394.25,394.3,22919
1786956000,394.3,394.45,394.1,394.1,22200
1786956300,394.1,394.5,394.1,394.35,27325
1786956600,394.35,394.5,393.7,393.9,29652
1786956900,393.75,394.75,393.7,394.6,41409
1786957200,394.6,394.7,394.3,394.35,35784
1786957500,394.45,395.0,394.25,394.9,67998
1786957800,395.0,395.25,394.8,395.1,45155
1786958100,395.1,395.25,395.0,395.0,51075
1786958400,395.1,396.0,395.0,395.4,246885
1786958700,395.4,396.35,395.2,395.55,142314
1786959000,395.6,396.05,395.4,395.8,199657
1786959300,395.75,395.9,395.3,395.55,225431
1786959600,395.45,395.85,395.1,395.5,282363
1786959900,395.5,395.5,395.5,395.5,89
1786960200,395.5,395.5,395.5,395.5,0
1786960500,395.5,395.5,392.7,392.7,407124
1787024700,391.0,392.9,391.0,391.65,195747
1787025000,391.65,391.75,391.3,391.35,50613
1787025300,391.5,391.5,390.7,390.7,82562
1787025600,390.7,390.8,390.25,390.65,53841
1787025900,390.5,390.75,390.45,390.75,54829
1787026200,391.0,391.0,390.6,390.65,31723
1787026500,390.7,391.15,390.5,390.75,92807
1787026800,390.75,390.95,390.65,390.75,18509
1787027100,390.75,390.9,390.05,390.05,118578
1787027400,390.05,390.3,389.8,390.25,69205
1787027700,390.3,390.4,390.0,390.0,26106
1787028000,390.05,390.4,390.0,390.25,40209
1787028300,390.25,390.25,389.8,390.1,37434
1787028600,390.0,390.1,389.9,390.1,17089
1787028900,390.0,390.6,389.9,390.35,85358
1787029200,390.35,390.7,390.3,390.7,37423
1787029500,390.7,390.75,390.3,390.3,30938
1787029800,390.5,390.5,389.75,390.15,39526
1787030100,390.15,390.15,389.9,389.9,10853
1787030400,389.95,390.15,389.65,390.15,35555
1787030700,390.15,390.7,390.1,390.65,209813
1787031000,390.65,391.15,390.65,391.15,95413
1787031300,391.0,391.45,390.95,391.4,120154
1787031600,391.4,391.75,391.05,391.45,370180
1787031900,391.35,391.9,391.3,391.6,307984
1787032200,391.6,391.75,391.2,391.55,37766
1787032500,391.7,391.8,391.3,391.5,21627
1787032800,391.5,391.55,391.3,391.55,8752
1787033100,391.4,392.2,391.4,392.2,126665
1787033400,392.2,392.2,391.65,391.75,198490
1787033700,391.75,392.1,391.65,392.1,62255
1787034000,392.2,392.2,392.05,392.05,26730
1787034300,392.15,392.2,391.95,392.1,56422
1787034600,392.1,392.45,391.75,392.05,178208
1787034900,392.15,392.5,392.0,392.5,13323
1787035200,392.5,392.5,392.0,392.1,46446
1787035500,392.0,392.15,391.45,391.7,55045
1787035800,391.7,391.95,391.45,391.85,20739
1787036100,391.85,391.9,391.35,391.5,61978
1787036400,391.5,391.8,390.6,390.8,142250
1787036700,390.8,391.25,390.55,391.1,33914
1787037000,390.95,391.2,390.5,390.75,14898
1787037300,390.75,391.0,390.5,391.0,10643
1787037600,391.0,391.25,390.8,391.0,18850
1787037900,391.0,391.15,390.65,390.9,19335
1787038200,390.9,390.9,390.45,390.75,13058
1787038500,390.7,390.75,390.45,390.7,17352
1787038800,390.75,390.75,390.55,390.7,14008
1787039100,390.7,390.75,390.3,390.55,17964
1787039400,390.45,390.55,389.55,389.85,60373
1787039700,389.95,390.45,389.85,390.45,34127
1787040000,390.35,390.45,390.05,390.15,10317
1787040300,390.15,390.3,389.8,389.9,12547
1787040600,389.9,390.25,389.85,390.05,13386
1787040900,390.1,390.45,389.75,389.9,27719
1787041200,389.95,390.05,389.85,389.95,9051
1787041500,390.05,390.1,389.85,389.9,10720
1787041800,390.0,390.1,389.85,389.95,15870
1787042100,390.0,390.1,389.7,389.9,25845
1787042400,389.9,389.95,389.5,389.55,25964
1787042700,389.6,389.9,389.3,389.5,106470
1787043000,389.55,389.75,389.2,389.7,65286
1787043300,389.7,389.75,389.25,389.5,37690
1787043600,389.65,389.8,389.5,389.55,27892
1787043900,389.7,389.7,389.4,389.55,24430
1787044200,389.65,389.65,389.45,389.6,21089
1787044500,389.65,389.75,389.5,389.6,42154
1787044800,389.6,389.85,389.5,389.55,169320
1787045100,389.55,389.75,389.5,389.7,103618
1787045400,389.6,390.0,389.5,389.65,216489
1787045700,389.65,389.8,389.35,389.5,192122
1787046000,389.35,389.8,388.0,388.0,347438
1787046300,387.75,387.75,387.75,387.75,7549
1787046600,387.75,387.75,387.75,387.75,0
1787046900,387.75,387.75,387.75,387.75,0
