timestamp,open,high,low,close,volume,SMMA20,SMMA120,SMMA_gap,SMMA_gap_pct,price_change_5m,price_change_15m,price_change_30m,volume_sma_5,volume_sma_20,volume_ratio,rolling_std_5,rolling_std_20,ATR_14,SMMA_gap_change,SMMA_gap_change_pct,PREV_GAP,BUY_SIGNAL,SELL_SIGNAL,signal,symbol
1767340800,1269.0,1269.2,1267.2,1267.7,42209,1273.997591740034,1274.2130162558692,-0.21542451583513866,-0.01690647584719698,-0.1024428684003098,-0.38503850385037675,-0.4554377699254042,86736.8,93587.7,0.4510101220566378,0.087557949846784,0.08584240517442793,1.7428571428571493,-0.2767209678029303,-451.44695805286403,0.061296451967791654,False,True,SELL,NSE_AXISBANK-EQ
1767346800,438.84,440.16,438.64,439.96,390380,442.04880687425174,442.0696602462049,-0.020853371953137412,-0.0047172140113672135,0.24608093328473135,-0.12258796821793538,-0.09537217857304991,262446.0,146576.75,2.663314611628379,0.1895908489376516,0.1092960017883665,0.7814285714285713,-0.09220896654500166,-129.22457877677758,0.07135559459186425,False,True,SELL,NSE_KOTAKBANK-EQ
1767585900,1596.6,1598.9,1590.0,1590.9,131429,1631.7976679835676,1633.5194238731567,-1.721755889589076,-0.10540161717249166,-0.35700864336714044,-1.3945704722945318,-3.0234684547394086,196976.8,85804.95,1.5317181584512316,0.3714254075824678,0.3376781634440805,5.821428571428539,-1.794362422137965,-2471.3512119997577,0.07260653254888894,False,True,SELL,NSE_INFY-EQ
1767586800,1282.8,1285.0,1281.6,1284.8,87223,1273.6421665803955,1273.5473319952646,0.09483458513091136,0.007446490817293314,0.14029618082618267,0.14810195650478697,0.35148012184644806,86659.6,132044.5,0.6605576150464427,0.11720755439436807,0.18981323162964475,3.971428571428565,0.49269415517164816,-123.8361955504052,-0.3978595700407368,True,False,BUY,NSE_AXISBANK-EQ
1767587400,3192.4,3198.0,3192.0,3195.3,32965,3229.302221926972,3229.6457856420166,-0.34356371504463823,-0.010637814108655934,0.08770555990602613,-0.3337492202120984,-0.27153558052434024,36911.6,36157.15,0.9117145571484477,0.19103353784080093,0.181495682395029,9.735714285714298,-1.5009705803231554,-129.6839188837854,1.1574068652785172,False,True,SELL,NSE_TCS-EQ
1767587700,986.4,988.65,985.7,988.55,374188,995.0447312086487,995.2079199141139,-0.16318870546513153,-0.016397448432606394,0.2027266737621103,0.22812531684071047,-0.13637741185978935,312896.2,448273.65,0.8347311960004787,0.17152976438203343,0.2413841389974467,3.5107142857143003,-0.28587905150880033,-233.00859499332432,0.1226903460436688,False,True,SELL,NSE_HDFCBANK-EQ
1767603600,1579.7,1580.0,1579.0,1579.9,76265,1587.0462355093518,1587.0873291242779,-0.04109361492601238,-0.0025892472437976676,0.018992149911389866,-0.006329113924041785,-0.044286979627983225,91680.4,86899.3,0.8776250211451645,0.049942440691510326,0.054530179185930346,2.1071428571428896,-0.31571993465354353,-114.96346561639945,0.27462631972753115,False,True,SELL,NSE_RELIANCE-EQ
1767674100,3241.9,3242.0,3239.3,3239.8,28155,3228.107388840145,3227.6437730346715,0.463615805473637,0.014363908723351448,-0.06477682840309029,-0.030856578622562303,0.3251478648623518,33683.0,52261.45,0.5387336172264643,0.15875983561095372,0.13544543377397483,7.728571428571415,0.513247419585241,-1034.1138985146213,-0.049631614111603994,True,False,BUY,NSE_TCS-EQ
1767690000,4146.4,4146.4,4140.0,4140.4,13298,4153.632685911869,4154.036189251874,-0.4035033400050452,-0.009713524909798982,-0.13266118333775667,-0.255360154179729,-0.2913907284768258,12819.2,9448.35,1.4074415109516476,0.06345098528390558,0.050076982332543485,4.871428571428559,-0.5818673276116897,-326.22466867858566,0.17836398760664451,False,True,SELL,NSE_LT-EQ
1767759600,1625.6,1627.2,1624.0,1626.7,34340,1617.0191310785563,1616.9292728604726,0.0898582180836911,0.005557337577587731,0.06766732283465249,-0.5258973888583096,-0.37359137677608345,78262.4,129903.1,0.2643508892397487,0.4039866046869237,0.35838045525886764,5.828571428571438,0.427412466165606,-126.62037838193197,-0.3375542480819149,True,False,BUY,NSE_INFY-EQ
1767843900,1006.6,1008.2,1003.05,1006.4,379144,1008.143699430833,1008.1838073471771,-0.040107916344140904,-0.003978234529443239,-0.049657364187105646,-0.05462038830130744,-0.06454495804577576,261947.0,164144.2,2.309822704670649,0.03150355210238014,0.09902058806434126,1.6107142857142907,-0.0767836765469383,-209.35810497823502,0.03667576020279739,False,True,SELL,NSE_SBIN-EQ
1767844200,4156.0,4163.8,4154.0,4161.0,10004,4146.040569073957,4146.0293612476435,0.011207826313693658,0.0002703267472838385,0.10103926096998173,0.13235471062447157,0.2819752729376068,40501.0,22036.15,0.4539812989111074,0.11081764750032466,0.08176112139645067,7.485714285714104,0.6615347827973892,-101.72341407686591,-0.6503269564836955,True,False,BUY,NSE_LT-EQ
1767847200,1008.95,1011.6,1008.65,1011.1,83655,1008.2914461319267,1008.1927812649307,0.09866486699604593,0.0097863096056149,0.2081268582755147,0.32246862132261356,0.18330443398564267,75142.0,153005.75,0.546744158307776,0.18512356608157388,0.1293652901717434,2.3964285714285927,0.1233882150968384,-499.07566966176154,-0.024723348100792464,True,False,BUY,NSE_SBIN-EQ
1767848100,3207.4,3208.1,3192.3,3197.3,99818,3253.30525007083,3253.91371907588,-0.6084690050502104,-0.018699604770805574,-0.32421984599556586,-0.5845589378439597,-0.8527660630116563,95928.2,75596.95,1.320397185336181,0.16439352270651295,0.24759924170090133,11.599999999999941,-2.471899202117129,-132.6531686568112,1.8634301970669185,False,True,SELL,NSE_TCS-EQ
1767850200,1006.0,1006.0,1004.0,1004.85,133016,1008.1276942301771,1008.184553160672,-0.056858930494854576,-0.005639734343935451,-0.10438413361169019,-0.2630272952853563,-0.48526863084922267,73965.2,80365.75,1.6551329390940792,0.02064901594436101,0.13116924705675737,1.7000000000000048,-0.14448876750941508,-164.88535461432724,0.08762983701456051,False,True,SELL,NSE_SBIN-EQ
1767854100,4127.3,4127.3,4119.4,4122.1,12418,4146.729534874084,4147.340643050454,-0.6111081763701804,-0.014734940506856892,-0.11631006324357429,-0.2902687404755522,-0.3529383324872404,22772.4,19771.45,0.6280773539624054,0.11272662483091166,0.0692209291001689,6.428571428571494,-1.0841850650404012,-229.17734748952842,0.4730768886702208,False,True,SELL,NSE_LT-EQ
1767855900,1615.5,1617.7,1615.5,1617.5,11532,1624.1663089315748,1624.236884684997,-0.07057575342219025,-0.004345163817399556,0.12380068090374063,0.012366289494836202,-0.2774352651048084,27318.4,42617.05,0.2705959234625578,0.1287086297919243,0.1016241264400489,2.914285714285711,-0.2942458884751886,-131.55349881890464,0.22367013505299838,False,True,SELL,NSE_INFY-EQ
1767859800,1287.8,1287.8,1286.3,1286.8,8707,1288.6909665530206,1288.7280485355154,-0.037081982494783006,-0.00287740943769496,-0.054368932038839635,0.031094527363162427,-0.023308212260120253,13220.8,20194.2,0.4311634033534381,0.079530594880156,0.06224039784711562,1.6428571428571428,-0.08332246688814848,-180.19375874034634,0.04624048439336548,False,True,SELL,NSE_AXISBANK-EQ
1767862200,1291.2,1292.2,1289.6,1290.0,33222,1288.7530778530133,1288.7307865441612,0.022291308852118163,0.0017297102765655317,-0.07745933384972759,0.2019574335870633,0.1475040757705326,67322.0,28131.8,1.1809411413418267,0.11870742464676316,0.07687052475966832,1.8714285714285748,0.054961822127552296,-168.2306661795841,-0.03267051327543413,True,False,BUY,NSE_AXISBANK-EQ
1767862500,1289.8,1291.3,1287.5,1287.9,65899,1288.7104239603627,1288.72386332296,-0.01343936259718248,-0.0010428426895525342,-0.16279069767440868,-0.17826693535885063,-0.031048668788313805,53516.4,30675.0,2.1482966585167076,0.1450348312627822,0.0820188924696619,2.028571428571435,-0.035730671449300644,-160.28969714761925,0.022291308852118163,False,True,SELL,NSE_AXISBANK-EQ
1767862800,1288.1,1290.1,1287.8,1289.7,77065,1288.7599027623446,1288.7319977952686,0.027904967075983222,0.0021653041224802645,0.13976240391333494,-0.10069713400464586,0.15531567911781785,51734.8,33858.75,2.276073393140621,0.1555418596863678,0.08700849628231395,2.1357142857142923,0.0413443296731657,-307.6360904335851,-0.01343936259718248,True,False,BUY,NSE_AXISBANK-EQ
1767864600,1287.7,1288.3,1286.6,1287.2,110683,1288.6579454567004,1288.71690750642,-0.05896204971963925,-0.004575252282033517,-0.05435204596631049,-0.11639636843330248,-0.19384352950299055,56069.6,45598.35,2.427346603550348,0.0572645542941672,0.09128125072964338,2.0214285714286007,-0.06398684950272582,-1273.420877745319,0.005024799783086564,False,True,SELL,NSE_AXISBANK-EQ
1767938100,1403.0,1403.9,1402.6,1403.2,50841,1415.3336083547065,1415.6588857670006,-0.3252774122940991,-0.02297710384644424,0.0,0.014255167498222754,-0.1281138790035552,74546.2,136103.0,0.37354797469563494,0.04293335015036227,0.10825268471529566,2.778571428571451,-0.5339144469867279,-255.9058835231765,0.20863703469262873,False,True,SELL,NSE_ICICIBANK-EQ
1768203000,1424.0,1424.3,1421.1,1421.7,93172,1411.0936933771961,1410.6769279617836,0.41676541541255574,0.0295436472484681,-0.15450523210900347,-0.007033338022222058,0.1690974424011893,95143.4,140592.35,0.6627103110517748,0.13745869637796468,0.13727773018906833,3.0500000000000194,0.4655958068938162,-953.4959535855801,-0.04883039148126045,True,False,BUY,NSE_ICICIBANK-EQ
1768203600,1008.65,1010.0,1008.35,1009.95,65079,1002.9262073826585,1002.8011462517702,0.12506113088829807,0.012471179491143038,0.12888514350866132,0.19345238095238582,0.1785448593959238,54287.8,95168.35,0.6838302860142053,0.08399939585685905,0.10707457116577196,2.453571428571414,0.3095988944040755,-167.76993960783844,-0.18453776351577744,True,False,BUY,NSE_SBIN-EQ
1768211400,3230.5,3245.1,3230.0,3242.5,86783,3216.1501295536377,3216.1136668014756,0.036462752162151446,0.0011337519733378946,0.3714595263891063,0.49900818249442036,0.6768714875648119,56191.0,27915.0,3.108830377933011,0.20219200306565774,0.14195082736699421,6.871428571428559,1.1651013942264399,-103.23068436638505,-1.1286386420642884,True,False,BUY,NSE_TCS-EQ
1768279500,426.86,427.44,426.56,426.68,389680,426.138077948116,426.1178249420391,0.020253006076927704,0.00475291219739107,-0.04216839244717274,0.15492230411717767,0.04689551678860315,150013.0,180730.0,2.1561445249820173,0.1114324245533465,0.0908149591290029,0.8442857142857098,0.023798053106077077,-671.3042989386624,-0.003545047029149373,True,False,BUY,NSE_KOTAKBANK-EQ
1768289400,424.44,424.66,424.0,424.58,200900,426.13784329004665,426.1841709767316,-0.04632768668494691,-0.010870344287722565,0.0282712151910669,-0.047083196007347006,-0.2162162162162251,156402.0,149371.0,1.3449732545139284,0.0650381010661328,0.11558607676534594,0.740000000000001,-0.06851132373185465,-308.837200982806,0.022183637046907734,False,True,SELL,NSE_KOTAKBANK-EQ
1768367100,1287.3,1289.5,1286.1,1287.1,83573,1273.1109532066082,1272.9547067666049,0.156246440003315,0.012274312603014134,-0.03883193538365415,-0.05435626650101,0.06997356554190315,53924.8,144167.3,0.5796945631915144,0.0943424169128404,0.1994492738803599,4.564285714285753,0.6173976103398218,-133.8818266229923,-0.46115117033650677,True,False,BUY,NSE_AXISBANK-EQ
1768368600,3208.4,3210.0,3207.0,3209.7,65724,3230.93703826966,3231.7041879643825,-0.7671496947223204,-0.02373823995337705,0.04051863857372773,0.021813649111868116,0.028047868361991135,57059.2,43793.1,1.5007843701405017,0.08371120434396079,0.09681611191915372,6.421428571428578,-0.9328297137399204,-563.0309069682247,0.1656800190176,False,True,SELL,NSE_TCS-EQ
1768383600,1418.5,1419.6,1416.6,1417.6,594251,1422.5348950223947,1422.6435981534858,-0.10870313109103336,-0.007640925051933185,-0.05640157924423628,-0.19010068295430838,-0.31643344349905345,386733.6,212182.5,2.8006598093622235,0.14793468690059436,0.11323838904945215,2.51428571428575,-0.2173481392078429,-200.05349806238803,0.10864500811680955,False,True,SELL,NSE_ICICIBANK-EQ
1768535400,1663.2,1673.7,1660.3,1671.6,951704,1602.93482320567,1600.9775837469956,1.957239458674394,0.12225277096594869,0.5292278085157642,3.6008676789587746,4.527263631815903,819450.0,323133.95,2.945230607925908,1.4267939801077667,0.7922518458859498,11.257142857142867,3.0204909905871773,-284.0805679492727,-1.0632515319127833,True,False,BUY,NSE_INFY-EQ
1768540800,1478.6,1479.0,1476.8,1476.8,159507,1466.0584254040627,1465.9805527558253,0.0778726482374168,0.005311983715679434,-0.14874915483434892,0.1356116083536696,0.40794125645906565,180217.0,252469.95,0.6317860798879232,0.19062112420100744,0.17525886260556128,3.307142857142838,0.4744263066243093,-119.6373546405267,-0.3965536583868925,True,False,BUY,NSE_RELIANCE-EQ
1768549200,1457.8,1458.7,1455.1,1458.7,238950,1466.063341415933,1466.369713645856,-0.3063722299229994,-0.02089324588962368,0.05487344811028194,-0.01370895880458134,-0.3892379131384849,151636.4,175199.3,1.3638753122872067,0.13853531717606588,0.13543322682116785,2.692857142857195,-0.32309290987404893,-1932.2952823683995,0.016720679951049533,False,True,SELL,NSE_RELIANCE-EQ
1768804500,426.9,427.0,426.4,427.0,75263,423.5568610078091,423.44714291356615,0.10971809424296453,0.025910694186773657,0.04686035613870043,-0.0935891436593339,0.5415587473510675,260719.6,234440.05,0.3210330316854991,0.21335783299305816,0.16339771421265673,1.1214285714285706,0.151361899791425,-363.46798232761574,-0.04164380554846048,True,False,BUY,NSE_KOTAKBANK-EQ
1768893900,932.35,932.8,932.3,932.8,149148,930.1396342934355,930.078962867527,0.06067142590848107,0.0065232553719336865,0.04290004290004035,0.12881064834693312,0.0697312664270644,189154.2,507840.35,0.2936907238662702,0.05770784568083743,0.07982073219868548,1.1535714285714351,0.11715338945782605,-207.41734546015914,-0.05648196354934498,True,False,BUY,NSE_HDFCBANK-EQ
1768967700,423.5,423.9,422.3,422.4,176489,426.10364639967776,426.10545205427377,-0.0018056545960121184,-0.0004237576842321485,-0.2597402597402598,-0.4946996466431153,-0.1890359168241984,347690.8,318918.65,0.5533981785010064,0.2536683041488159,0.14942827533081182,1.4000000000000017,-0.16379050532088968,-101.11470584312785,0.16198485072487756,False,True,SELL,NSE_KOTAKBANK-EQ
1768968000,1643.2,1646.4,1639.9,1641.5,136170,1660.935165952786,1661.4293768461275,-0.4942108933414602,-0.029746127053538386,-0.11561397103566629,-0.8516549891278036,-1.0250226107928806,204522.6,214423.3,0.6350522541160406,0.22907471483710234,0.14932210494486625,5.157142857142844,-0.8554297161897466,-236.8175914656117,0.36121882284828644,False,True,SELL,NSE_INFY-EQ
1768968300,1296.5,1297.2,1293.8,1294.6,53524,1297.7564959903998,1297.759853298163,-0.0033573077632809145,-0.00025870023292433954,-0.22350674373796675,0.12374323279193966,0.26332094175960385,79803.4,109911.35,0.48697427517722236,0.296495388166136,0.19859181852460456,3.7571428571428505,-0.13957797885586842,-102.46460961934257,0.1362206710925875,False,True,SELL,NSE_AXISBANK-EQ
1768969500,927.9,927.95,926.0,926.3,137094,930.2386891184948,930.3603113884382,-0.12162226994337288,-0.013072598696935807,-0.15629210455403442,-0.25305551068756094,-0.22619560534252736,385328.2,916843.65,0.14952822108764127,0.1181506848907053,0.13509240741652795,2.6392857142857173,-0.17317916352078555,-335.89914268352317,0.051556893577412666,False,True,SELL,NSE_HDFCBANK-EQ
1768972500,1031.5,1032.0,1029.05,1029.3,103193,1036.674624231564,1036.7437203633065,-0.06909613174252627,-0.006664726333554535,-0.21328162869608258,-0.5747404008693557,-0.6850636819760836,87865.2,96072.7,1.074113666005015,0.13560261042768335,0.12049830552249093,2.1214285714285745,-0.3255858454901954,-126.93914338042501,0.25648971374766916,False,True,SELL,NSE_SBIN-EQ
1769055000,1050.5,1051.65,1049.2,1050.4,345990,1034.5677492657908,1034.4073365442664,0.16041272152438069,0.015507693715735358,-0.009519276534974974,-0.18529956763432276,2.035067268930013,488643.6,250133.25,1.3832227422783656,0.24640816291023698,0.3664177151512903,3.310714285714263,0.6988842245521028,-129.79038270779617,-0.5384715030277221,True,False,BUY,NSE_SBIN-EQ
1769055600,1667.7,1668.8,1665.8,1665.8,30237,1656.584560714168,1656.48311926766,0.10144144650803355,0.0061239046343485445,-0.10194902548725793,0.02401825387292611,0.0360317079029393,66474.2,104836.6,0.28842026544164917,0.10072049091875612,0.16354728688554793,4.100000000000007,0.40673000490892264,-133.22805382533397,-0.3052885584008891,True,False,BUY,NSE_INFY-EQ
1769056800,427.5,428.2,427.4,427.6,131083,424.3581639262973,424.27727689294625,0.08088703335107539,0.01906466307680315,0.046794571829678056,0.046794571829678056,-0.21003500583429702,184961.0,235861.2,0.5557633048589594,0.1125601294364338,0.21509273910615256,1.4428571428571502,0.1427009083311077,-230.85578824690128,-0.061813874980032324,True,False,BUY,NSE_KOTAKBANK-EQ
1769059500,422.5,422.6,421.6,421.8,76206,424.26134549714925,424.2751667356616,-0.013821238512377931,-0.003257611945265948,-0.14204545454544748,-0.6126295947219473,-0.7529411764705896,60139.4,158313.3,0.48136195758663364,0.16731807792777895,0.22469636990374298,1.1214285714285706,-0.10874477938227756,-114.56039080055078,0.09492354086989963,False,True,SELL,NSE_KOTAKBANK-EQ
1769063100,3149.2,3150.5,3149.0,3149.3,12339,3141.5936938068126,3141.3008234454387,0.2928703613738435,0.009323219195944999,0.0031754096278424626,0.05718824463860628,-0.07614937969983027,9450.8,25725.35,0.47964362000905725,0.04142450819773772,0.08734031658734918,4.242857142857182,0.3383750917528232,-743.604211990081,-0.04550473037897973,True,False,BUY,NSE_TCS-EQ
1769067900,3126.4,3126.9,3122.3,3124.1,13561,3141.3065048716626,3141.5457495603946,-0.23924468873201477,-0.007615508663704578,-0.07356704196520569,-0.23630847836499935,-0.6171464927628434,17984.6,21525.5,0.6299969803256603,0.028958137971233252,0.09929272526514464,5.96428571428565,-0.7590025820782103,-146.030025093368,0.5197578933461955,False,True,SELL,NSE_TCS-EQ
1769073300,1295.3,1298.9,1295.0,1297.3,112580,1290.2523013406924,1290.229867921981,0.022433418711443665,0.001738714880905252,0.16987105242838307,0.1234853747009268,0.6439100077579418,86070.0,60330.65,1.8660498436532673,0.10943639491907675,0.09641293672386315,2.5500000000000034,0.31151863377931477,-107.76014045068918,-0.2890852150678711,True,False,BUY,NSE_AXISBANK-EQ
1769073900,425.4,425.7,425.0,425.4,115520,424.07826717317977,424.03172912217246,0.04653805100730324,0.010975134125846194,0.04703668861711918,-0.16428068528515638,0.1176747469992856,181196.4,121299.15,0.9523562201383934,0.10712053819888177,0.11539252254459645,0.9214285714285576,0.05806681101853428,-503.6691800503001,-0.011528760011231043,True,False,BUY,NSE_KOTAKBANK-EQ
1769074800,3150.5,3153.5,3150.5,3151.8,36604,3141.1382595811174,3141.0769103226517,0.06134925846572514,0.0019531281855630633,0.04443880142204204,0.09845332994571354,0.08891711654495094,57435.6,37132.75,0.9857605483030478,0.08914002465936345,0.08042334560165607,5.3785714285714095,0.47103423528460553,-114.97473960165429,-0.4096849768188804,True,False,BUY,NSE_TCS-EQ
1769142300,1285.2,1287.4,1284.2,1286.0,59650,1290.3164958929283,1290.335832160865,-0.019336267936751028,-0.0014985453751500868,0.10898334111786312,-0.18627755355480335,-0.3409795412275374,70486.0,117566.75,0.5073713443639465,0.16834588954975485,0.165768529967188,4.685714285714345,-0.19074842998747954,-111.28056942133928,0.1714121620507285,False,True,SELL,NSE_AXISBANK-EQ
1769154900,423.6,423.9,422.4,422.5,61672,424.37969526110135,424.4605927511432,-0.08089749004187752,-0.019058892962840218,-0.2832192589096061,-0.5414312617702421,-0.3537735849056589,71196.4,85951.55,0.7175205101013303,0.17903558780952206,0.14672055336965412,1.007142857142863,-0.082455760194307,-5291.493266796576,0.0015582701524294862,False,True,SELL,NSE_KOTAKBANK-EQ
1769158200,1031.85,1032.65,1030.0,1030.1,124388,1041.1210474815493,1041.2761727665925,-0.15512528504314105,-0.01489761209372388,-0.17443550731661706,-0.4782377662914894,-0.7084678779700315,188635.4,133815.75,0.9295467835437906,0.0734236116339273,0.08223363770141513,2.0392857142857435,-0.48613771240115966,-146.86388552879305,0.3310124273580186,False,True,SELL,NSE_SBIN-EQ
1769488200,1316.8,1318.6,1316.4,1317.8,286775,1285.5105325406141,1285.1736014329094,0.33693110770468593,0.02621677782122378,0.060744115413813304,0.5877413937867448,0.918976872415378,418205.0,574313.95,0.4993349021036317,0.20491426918837893,0.9532429780356211,9.014285714285702,1.4252742392270648,-130.95816916061992,-1.0883431315223788,True,False,BUY,NSE_AXISBANK-EQ
1769490900,3135.7,3137.8,3133.8,3137.4,27875,3156.17090933881,3156.763907519967,-0.5929981811568723,-0.01878500257001312,0.03826286588866079,-0.3050524308865543,-0.6365795724465495,32809.2,41789.85,0.667027998425455,0.09273947554014877,0.17842086065545923,5.928571428571429,-0.8252206848469541,-355.35775893118114,0.2322225036900818,False,True,SELL,NSE_TCS-EQ
1769500500,1043.4,1046.4,1043.1,1046.3,154359,1040.1622092637742,1039.9544733657426,0.20773589803161485,0.01997548001878309,0.277937511980042,0.6057692307692264,0.5960965291798903,142822.6,156801.7,0.9844217250195628,0.12050607636923567,0.11737989379311557,1.9428571428571786,0.26971786446688384,-435.1553846691268,-0.06198196643526899,True,False,BUY,NSE_SBIN-EQ
1769503200,1355.3,1359.5,1355.2,1356.6,440592,1350.5194154560154,1350.2731923204046,0.24622313561076226,0.018235060653735938,0.10330578512396382,-0.08837825894830731,0.10330578512396382,564788.8,345512.85,1.2751826741031485,0.1762873713926583,0.14819545188013383,3.5500000000000034,0.26686431438383806,-1292.8734221900822,-0.020641178773075808,True,False,BUY,NSE_ICICIBANK-EQ
1769506500,923.55,926.3,923.3,925.35,1852239,918.7546568245695,918.6303190338865,0.1243377906829437,0.013535128125719649,0.20032485110990095,0.3361344537815114,0.5105088795959389,1200175.0,643667.2,2.8776345912918977,0.08212674235720765,0.14062601951758824,2.0357142857142856,0.2906554177443468,-174.75923801933467,-0.16631762706140307,True,False,BUY,NSE_HDFCBANK-EQ
1769507400,3788.7,3790.0,3784.3,3789.0,88641,3771.6418789038216,3771.2279478621585,0.4139310416630906,0.010976028163392793,0.005278716216206014,0.05017031501677316,0.15066212037109228,78909.4,42524.85,2.0844517970081022,0.09228394044443344,0.11348341233549736,6.671428571428545,0.7642403449031008,-218.1615897250353,-0.3503093032400102,True,False,BUY,NSE_LT-EQ
1769572200,3202.6,3204.8,3187.1,3187.4,63589,3153.306077271115,3153.1450507920476,0.16102647906745915,0.0051068528873104155,-0.4746143758196375,0.8511311501344654,0.9149912933354543,107036.6,75029.8,0.8475165867428675,0.5895033844425952,0.2919897732837364,9.192857142857227,1.5065602696972746,-111.96747938913418,-1.3455337906298155,True,False,BUY,NSE_TCS-EQ
1769578500,1402.0,1402.6,1400.0,1400.9,123199,1393.6815591761115,1393.4468465428554,0.2347126332560947,0.016844032037419816,-0.07133176403452124,0.04999285816311705,0.10718879519793223,93099.4,101114.95,1.2184053891140727,0.11334854524473463,0.12002965498619643,2.564285714285753,0.3172863964427961,-384.2460173764921,-0.0825737631867014,True,False,BUY,NSE_RELIANCE-EQ
1769578800,1659.5,1660.6,1659.4,1660.3,86916,1669.5693581579048,1669.8611938516747,-0.2918356937698263,-0.017476643857845624,0.04820729135281976,0.10853180584866617,-0.19836499158450982,84393.0,102642.6,0.8467829146962372,0.08250235231500211,0.19809459918175365,4.3857142857142595,-0.4075147888581796,-352.2804086139577,0.11567909508835328,False,True,SELL,NSE_INFY-EQ
1769591100,1391.3,1392.0,1390.6,1391.7,87202,1394.0766500576751,1394.1222010050546,-0.04555094737952459,-0.003267356860588395,0.028750089844042925,0.03594019551467209,-0.07180297264306468,95446.4,106090.85,0.8219558991185385,0.05069177870202318,0.09582022255189686,1.9000000000000423,-0.10473221484630812,-176.96852286087113,0.05918126746678354,False,True,SELL,NSE_RELIANCE-EQ
1769593200,1395.9,1396.3,1395.7,1396.1,369256,1394.188542965741,1394.1336962559549,0.0548467097860339,0.003934106888982645,0.021493050580301265,0.10038001003798147,0.30895243569477593,317708.8,156129.9,2.365056276856643,0.052657297415981706,0.0723707713452203,1.6428571428571754,0.08407944092869002,-287.6208881010167,-0.02923273114265612,True,False,BUY,NSE_RELIANCE-EQ
1769661000,1390.0,1390.6,1388.7,1389.7,152127,1394.1954422221474,1394.199708703493,-0.004266481345439388,-0.0003060165139043756,-0.021582733812941512,-0.08627507369329823,-0.6292456203074726,333188.2,300298.9,0.5065852722071242,0.049588563219622434,0.11850732008092124,3.3214285714285876,-0.19878954403770877,-102.19330360441057,0.19452306269226938,False,True,SELL,NSE_RELIANCE-EQ
1769662500,3137.9,3137.9,3132.1,3133.4,18331,3165.974876779641,3167.1502116405404,-1.1753348608995111,-0.03711017104839823,-0.14659018483109687,-0.06697496412054749,-0.25783861212795856,16202.0,45281.85,0.4048200327504287,0.1407692740565602,0.24424921951998108,7.150000000000124,-1.430851975058431,-559.9828331532059,0.25551711415891987,False,True,SELL,NSE_TCS-EQ
1769672100,1397.6,1398.0,1396.4,1396.6,178227,1394.0139531802577,1393.9702677009968,0.04368547926083011,0.0031338888836473042,-0.07870072261573213,-0.04294302891498791,0.0716537689882557,179891.0,160822.5,1.1082217973231359,0.0836182654939587,0.08142275258526264,1.7214285714285649,0.11400913660691003,-162.12060195595797,-0.07032365734607993,True,False,BUY,NSE_RELIANCE-EQ
1769673300,1393.5,1393.7,1391.8,1392.6,104873,1393.9381349525272,1393.9594838382545,-0.02134888572732052,-0.0015315284249536839,-0.057413520884186386,-0.1577287066246047,-0.30068728522336663,118813.8,164967.1,0.6357206982483173,0.036615570703326834,0.08707585331644405,1.9285714285714286,-0.0590039214614535,-156.6959645930398,0.03765503573413298,False,True,SELL,NSE_RELIANCE-EQ
1769673600,1392.8,1394.8,1392.6,1394.7,92054,1393.976228204901,1393.9656548062692,0.010573398631777309,0.0007585121337330782,0.15079707022835898,0.06457167455877766,-0.21463833440652502,101579.2,160367.0,0.5740208396989406,0.105968833137671,0.09075775952380545,2.0500000000000034,0.03192228435909783,-149.52670020733848,-0.02134888572732052,True,False,BUY,NSE_RELIANCE-EQ
1769745000,1384.4,1384.7,1382.1,1383.3,171108,1394.0398432866052,1394.2118325586916,-0.1719892720864209,-0.012335949822688132,-0.08667388949079591,-0.3242542153047978,-0.7248457011626352,1063041.0,529884.4,0.3229157152012779,0.15952743075728978,0.11508040744220865,3.6499999999999937,-0.473558837899418,-157.03137570356526,0.3015695658129971,False,True,SELL,NSE_RELIANCE-EQ
1769757300,1361.2,1361.3,1360.1,1360.4,41180,1365.6317285293921,1365.693342626911,-0.06161409751894098,-0.004511561680488701,-0.05142899125706313,-0.022047475564046515,-0.05877167205406986,87318.8,101225.15,0.40681589506165217,0.04952322774337283,0.11203601541482086,2.0357142857142696,-0.23087226231132263,-136.40243742127248,0.16925816479238165,False,True,SELL,NSE_ICICIBANK-EQ
1769766900,1397.1,1398.0,1395.5,1397.0,611209,1392.4785561705405,1392.4039882993536,0.07456787118690045,0.005355333065224535,-0.021469977814347896,0.07163323782235498,0.3447780491308672,718144.6,282981.0,2.1598941271675485,0.06859147666566612,0.11001600876836001,2.2214285714286137,0.1993487808019836,-159.75903799461238,-0.12478090961508315,True,False,BUY,NSE_RELIANCE-EQ
1769925000,413.75,414.1,413.35,413.65,27455,410.57174795649644,410.5671878367726,0.004560119723862499,0.0011106878140674616,0.02418087292950233,0.315266157390548,0.4126714407088228,125360.4,66176.3,0.41487662501530004,0.22115202813782084,0.17847671665674705,1.1678571428571363,0.136107280882527,-103.46652841741096,-0.1315471611586645,True,False,BUY,NSE_KOTAKBANK-EQ
1769928600,1038.9,1041.3,1028.7,1033.8,781611,1066.3852721426015,1067.1216473852267,-0.7363752426251722,-0.0690057449803887,-0.5004812319538088,-1.8140374204577925,-2.0558976788252026,393066.4,164277.7,4.757864274944195,0.8324715843706596,0.45031453661779725,8.428571428571445,-1.435000479721566,-205.4034700615274,0.6986252370963939,False,True,SELL,NSE_SBIN-EQ
1769930400,406.85,406.85,404.7,405.95,365608,410.44906364261215,410.61663516484583,-0.1675715222336862,-0.04080972563773825,-0.18441111384313036,-0.4658575456663039,-1.0240156040473014,268461.8,125160.75,2.921107455811826,0.18857697460285214,0.2274347089321551,2.703571428571418,-0.19757740174202354,-658.4622913223569,0.03000587950833733,False,True,SELL,NSE_KOTAKBANK-EQ
1769930400,1373.8,1380.8,1372.5,1379.1,74322,1393.9827047152257,1394.2511874625195,-0.2684827472937741,-0.019256411592691685,0.4150283966797508,0.02901283818088629,-0.2314982275916977,304617.4,194376.8,0.3823604463084072,0.5521599798170579,0.4949768238491894,13.32142857142854,-0.6559793451233418,-169.28647859041607,0.3874965978295677,False,True,SELL,NSE_RELIANCE-EQ
1769931600,3205.6,3210.4,3185.5,3187.0,226675,3139.2681340858608,3137.424693850966,1.8434402348948424,0.058756477518258785,-0.5864370827874499,1.354789466988926,1.0206669202485141,91481.2,67767.25,3.344904802836178,0.6900061978181443,0.5827700663758391,30.34285714285725,2.0956042578281995,-831.0480747612575,-0.25216402293335705,True,False,BUY,NSE_TCS-EQ
1769932800,929.2,929.9,927.1,928.35,62158,931.9190416217722,931.9335466737027,-0.014505051930541413,-0.0015564470216050778,-0.08072328059411937,-0.24177949709864865,-0.4397018606895786,164313.2,206000.7,0.30173683875831486,0.08609007413603313,0.3825021890096447,5.175000000000011,-0.1577304582888246,-110.12742941308649,0.14322540635828318,False,True,SELL,NSE_HDFCBANK-EQ
1769933700,1665.9,1666.7,1658.0,1659.8,51474,1640.1070984688517,1639.8814633325485,0.2256351363032536,0.013759234514714279,-0.34223956769738884,-0.39008581888014815,-0.26439129912270154,58799.0,107048.35,0.4808481401161251,0.2966341359228418,0.45376432866275246,11.707142857142864,0.869085840568232,-135.06642153123437,-0.6434507042649784,True,False,BUY,NSE_INFY-EQ
1769937000,3879.2,3884.7,3872.5,3872.5,13551,3900.3152383441766,3900.6268385051167,-0.31160016094008824,-0.007988463748034571,-0.172716023922459,0.17849751655629742,-0.025816445075510508,13028.2,31770.6,0.42652641121036433,0.26190563060545996,0.2653827227710794,17.99285714285702,-1.2275999254138696,-134.0174935655245,0.9159997644737814,False,True,SELL,NSE_LT-EQ
1769938200,1343.7,1344.5,1340.0,1340.6,78189,1351.8292507359633,1352.2772394155188,-0.44798867955546484,-0.033128464082490545,-0.24555398467148715,-0.6226834692364736,-0.7771445488860884,30108.6,20879.0,3.744863259734662,0.10323782395843797,0.16440205002359226,3.400000000000026,-0.49288513431451975,-1097.8264029079326,0.044896454759054905,False,True,SELL,NSE_AXISBANK-EQ
1770007500,1628.1,1631.0,1626.3,1629.8,62205,1641.2997363786485,1641.345978644055,-0.04624226540659038,-0.002817338087658516,0.1044161906516905,0.116714785920502,-0.12256403971074858,79897.6,101602.2,0.6122406798277991,0.10804699542416836,0.3351114293804036,7.2928571428571685,-0.5082242524642879,-110.00953861883258,0.46198198705769755,False,True,SELL,NSE_INFY-EQ
1770017700,3914.4,3918.6,3912.0,3918.6,15448,3895.8579865211277,3895.2859570492856,0.5720294718421428,0.01468517274853578,0.0945107154716629,0.3611217825585822,0.47949947434549056,23125.4,23352.3,0.6615194220697748,0.13673242757229645,0.1871500226873826,7.307142857142837,1.001031750518905,-233.33949498043262,-0.4290022786767622,True,False,BUY,NSE_LT-EQ
1770090300,1473.9,1489.5,1436.9,1447.1,5206907,1384.838950328213,1382.4825575285238,2.3563927996892744,0.17044647593252954,4.257925072046098,4.077963176064436,4.025591258716132,1440815.4,519840.2,10.016360797029549,1.924559217955757,0.9520080793055015,10.11428571428574,2.7338936328987984,-724.2086354234369,-0.377500833209524,True,False,BUY,NSE_RELIANCE-EQ
1770090900,954.75,955.1,951.1,953.25,1184383,928.9923469975186,928.462069146544,0.5302778509745849,0.05711357185135459,-0.17801979161212733,2.7541231001401156,2.765200517464428,3782487.4,1255229.55,0.9435588892884174,1.0300525411153885,0.5370408489100176,6.996428571428567,1.0684166391330336,-198.53923609358014,-0.5381387881584487,True,False,BUY,NSE_HDFCBANK-EQ
1770090900,1394.2,1394.2,1388.2,1392.3,606316,1354.3077890717323,1352.8565196987925,1.4512693729398052,0.10727444868011014,-0.12195121951219523,3.0569948186528473,2.919869899467775,1603952.2,548232.05,1.1059477460319949,1.1033280229248055,0.5732062577372662,8.050000000000052,1.6681322311990243,-769.2106636375156,-0.21686285825921914,True,False,BUY,NSE_ICICIBANK-EQ
1770091200,418.15,420.2,417.0,419.6,627481,409.51922765442606,409.11910643414575,0.4001212202803117,0.09780066831093298,0.3227734608487909,0.6235011990407768,2.855742125260452,1701019.0,653978.7,0.9594823195312019,0.9546925431470084,0.5130347623133493,2.6607142857142816,0.4424922297090461,-1044.3277978857043,-0.042371009428734396,True,False,BUY,NSE_KOTAKBANK-EQ
1770091500,1672.7,1677.7,1670.0,1672.5,170750,1638.5534775017713,1637.4736172100013,1.0798602917700464,0.06594672918211404,-0.005978715771848275,-0.6474991089461812,2.764976958525356,457396.2,223581.1,0.76370498221898,2.1143376205804905,1.0062648300897852,12.7714285714286,1.4923197276777955,-361.8100588227465,-0.41245943590774914,True,False,BUY,NSE_INFY-EQ
1770095400,1058.6,1060.9,1058.6,1059.2,242125,1039.5975568820973,1039.2968039027367,0.3007529793605954,0.028938122221796193,0.06613131790269566,0.579242237204447,1.0301411674933147,150408.2,302732.6,0.7997982377847646,0.08146701063976394,0.6828271740779133,3.25,0.8644537838044926,-153.35329965641873,-0.5637008044438971,True,False,BUY,NSE_SBIN-EQ
1770095700,1351.1,1353.8,1351.1,1353.8,25780,1339.9117910496848,1339.584026433164,0.32776461652088074,0.024467641450876466,0.17759360663014423,-0.02215493685843173,0.036946722825681455,60414.2,312288.2,0.08255195040990981,0.15952855621598463,0.7255983035989334,5.092857142857189,0.6114964030598458,-215.51917411828958,-0.283731786538965,True,False,BUY,NSE_AXISBANK-EQ
1770177300,1561.5,1566.0,1554.5,1556.1,885509,1646.795647682168,1647.8383070143743,-1.0426593322063127,-0.06327437150647679,-0.34582132564842105,-5.958784069619883,-6.02693399359866,924622.4,348329.3,2.542160536021518,2.6824867792647678,1.338219530954105,11.257142857142883,-4.002544998189023,-135.22633810452066,2.9598856659827106,False,True,SELL,NSE_INFY-EQ
1770178200,3056.7,3062.6,3056.5,3062.2,92181,3178.2279856440427,3180.9005695251885,-2.6725838811457834,-0.08401972406024369,0.15699614051154498,0.3342070773263428,-4.9006211180124275,164598.0,156797.5,0.5878984039924106,0.1350754396294168,1.2387224214075538,20.892857142857206,-5.109252309006024,-209.68188574974525,2.4366684278602406,False,True,SELL,NSE_TCS-EQ
1770189600,1337.6,1338.6,1336.6,1337.8,47243,1346.795533190018,1346.9281120443889,-0.1325788543708768,-0.009843053477415844,0.014952153110048272,-0.14182279614839421,-0.26094087825244694,82112.0,75285.25,0.6275199989373749,0.09961692337887666,0.11748406141187569,2.4071428571428766,-0.3967422913615337,-150.18819253762433,0.2641634369906569,False,True,SELL,NSE_AXISBANK-EQ
1770190200,410.85,411.0,410.7,410.95,77805,413.4080086062824,413.4227339326499,-0.014725326367511116,-0.003561808569992669,-0.012165450121659482,-0.07294832826747477,-0.25485436893204483,150960.6,215522.3,0.3610067264501168,0.09106731675822743,0.15026209562211232,0.8714285714285666,-0.1085895972698836,-115.68789298201317,0.09386427090237248,False,True,SELL,NSE_KOTAKBANK-EQ
1770354000,943.0,943.7,942.4,943.35,129567,947.0276700316542,947.1173074860861,-0.08963745443190874,-0.009464239933470498,0.03181167488468528,-0.021196544963164587,-0.16932112810201794,121904.6,422547.85,0.3066327281040479,0.10584865408724646,0.18117534783871184,1.2357142857142986,-0.1619035345119073,-224.0380747546844,0.07226608007999857,False,True,SELL,NSE_HDFCBANK-EQ
1770356100,413.15,415.15,413.1,415.15,138961,410.8672626775607,410.85613424788255,0.011128429678137763,0.002708595235777502,0.4719264278799651,0.6790348005335067,0.8257437765634368,106597.0,124251.9,1.118381288334424,0.18573721248724523,0.17004861007641733,0.75,0.18932432201683014,-106.24505398642201,-0.17819589233869237,True,False,BUY,NSE_KOTAKBANK-EQ
1770357000,1056.4,1057.7,1056.0,1057.4,73988,1064.5879038566516,1064.7579913608656,-0.1700875042140524,-0.015974287640392708,0.08518693800285693,-0.06615631792834531,0.1515438530024671,77458.8,93298.35,0.7930258144972553,0.10520808166200446,0.2270274247012208,3.3785714285714255,-0.31647886912196554,-216.18684225059667,0.14639136490791316,False,True,SELL,NSE_SBIN-EQ
1770360000,1340.6,1341.8,1340.2,1341.3,37143,1336.1592719994196,1335.9915080870971,0.1677639123224708,0.012557258882781296,0.059679224170072764,-0.014908684308612141,-0.24542614904060622,56795.6,71786.0,0.5174128660184437,0.1114884986726389,0.1470336116725884,2.692857142857162,0.22595545587091692,-388.29603425590955,-0.058191543548446134,True,False,BUY,NSE_AXISBANK-EQ
1770608700,1120.0,1135.0,1100.5,1131.7,5854947,1064.5370122089255,1063.3387426525956,1.198269556329933,0.11268935366172592,6.163227016885564,5.954498642449213,6.213045518535898,1382188.2,403624.75,14.505916696139174,2.74647119250396,1.3738073232653871,6.807142857142886,2.9604297468099503,-168.00003557017828,-1.7621601904800173,True,False,BUY,NSE_SBIN-EQ
1770620100,1394.7,1394.9,1393.6,1393.7,65472,1398.3760196139417,1398.5027097250857,-0.1266901111439438,-0.009058982171643288,-0.0717000071700058,-0.1647564469913987,-0.1719074564859202,63060.4,56250.65,1.1639332167717173,0.027944927095176514,0.045342684695515514,1.4928571428571655,-0.20574739021776622,-260.25103902911025,0.07905727907382243,False,True,SELL,NSE_ICICIBANK-EQ
1770701400,1398.7,1400.4,1398.0,1399.0,109971,1397.4675273167238,1397.44751285781,0.020014458913919952,0.0014322154306167791,0.02144848788159237,0.0286000286000343,0.0,76389.6,70615.0,1.5573320116122638,0.03173273701656885,0.10845458714228139,1.635714285714276,0.0676103465759752,-142.0508155158876,-0.04759588766205525,True,False,BUY,NSE_ICICIBANK-EQ
1770702600,2992.0,2992.4,2987.6,2988.7,27499,2976.4969400609525,2976.3330917849303,0.16384827602223595,0.005505038279300078,-0.12698412698413097,-0.23366825783622813,-0.4330879168471191,27771.0,64055.7,0.4292982513656084,0.10579899426760399,0.16206578671040828,7.850000000000007,0.5383427141350694,-143.75185833143647,-0.37449443811283345,True,False,BUY,NSE_TCS-EQ
1770784200,2961.5,2962.3,2957.0,2957.1,36251,2979.2777448710635,2979.8629706328124,-0.5852257617489158,-0.01963935145731334,-0.1485733580955606,-0.1485733580955606,-0.4946497072481404,46188.2,63824.1,0.567982940613342,0.07492968558986564,0.15183342418725063,7.3714285714285905,-0.9759642625531342,-249.77427628564976,0.39073850080421835,False,True,SELL,NSE_TCS-EQ
1770872700,1342.2,1343.0,1340.3,1340.9,49225,1347.727725164767,1347.928413049078,-0.20068788431103712,-0.01488861592115798,-0.11174016686531507,-0.2603391847664338,-0.4676365795724391,47875.6,66672.15,0.7383142736509922,0.07305032238541238,0.18192068340539808,2.5357142857142856,-0.3002916615103004,-301.48621864966935,0.09960377719926328,False,True,SELL,NSE_AXISBANK-EQ
1770880800,1455.0,1455.2,1454.7,1454.9,37593,1459.5142957899511,1459.6596625993816,-0.1453668094304703,-0.009958952292454198,-0.006872852233674731,-0.006872852233674731,-0.12356696643096576,69990.8,84218.3,0.4463756689460604,0.0731048222667209,0.07156735507072058,1.5642857142857207,-0.20286050845470527,-352.83954919859093,0.05749369902423496,False,True,SELL,NSE_RELIANCE-EQ
1770889200,426.15,426.55,425.3,425.9,530652,427.54653043180195,427.6020823807303,-0.0555519489283256,-0.012991505705265255,-0.05866478939340336,-0.21087160262418525,-0.14067995310669268,418554.4,198179.05,2.6776392358324457,0.0725171349879718,0.10734378980483993,0.7857142857142857,-0.072356283127192,-430.5810767086093,0.0168043341988664,False,True,SELL,NSE_KOTAKBANK-EQ
1771213500,1404.0,1409.0,1400.5,1408.8,279432,1414.930289071605,1414.957782905885,-0.02749383427999419,-0.001943085130323137,-0.4733309784528461,-0.39592760180996445,-0.33250795896710983,328818.4,212115.15,1.317359933979256,0.24399748193613424,0.15913563266739533,3.3214285714285716,-0.2709007184027996,-111.29542181153873,0.24340688412280542,False,True,SELL,NSE_ICICIBANK-EQ
1771218900,1347.8,1349.9,1347.3,1349.9,79439,1338.7996968556251,1338.6273893343596,0.1723075212655658,0.012871955455150724,0.14837895986348215,0.04446750166753333,0.5137751303052829,60205.6,62346.2,1.2741594515784442,0.14166906344310393,0.16172599032351823,2.6857142857142953,0.4894986605631857,-154.32293022028273,-0.3171911392976199,True,False,BUY,NSE_AXISBANK-EQ
1771225500,927.65,928.25,926.75,927.4,174704,922.0621170968967,921.9978401317331,0.06427696516357173,0.006971487607214781,-0.026949819436206113,0.15118790496759793,0.12415654520916419,136428.6,221137.0,0.7900260924223446,0.07086603898100836,0.08767845007688375,1.5607142857142873,0.23554490401272687,-137.53006289179663,-0.17126793884915514,True,False,BUY,NSE_HDFCBANK-EQ
1771304700,1407.0,1407.4,1403.2,1403.9,250391,1382.384789203779,1381.5657083709573,0.8190808328217827,0.0592864188694712,-0.22032693674484127,-0.12094479225952526,0.199842980515319,178839.2,460371.1,0.5438894839402387,0.13802099144152036,0.4520585015135895,7.192857142857146,0.9446963926575336,-752.053641995287,-0.1256155598357509,True,False,BUY,NSE_INFY-EQ
1771313400,2750.1,2754.6,2749.0,2750.5,29849,2740.3270649082224,2740.169037738199,0.15802717002316058,0.0057670591794439065,0.014544925639081718,0.2734232592052521,0.22592282184892287,34463.6,42867.3,0.6963116408077952,0.06939174123765218,0.17856628914667963,5.607142857142825,0.44860282748686586,-154.3841736098968,-0.2905756574637053,True,False,BUY,NSE_TCS-EQ
1771317300,2733.5,2736.2,2730.0,2730.7,27954,2739.9690065673794,2740.233779777738,-0.2647732103587259,-0.009662431443356698,-0.10243277848912546,-0.18641713575554553,-0.34669002262608384,37555.0,42792.45,0.6532460749501373,0.13384434673564533,0.1431303266259832,6.22142857142863,-0.40772665446365863,-285.2163912639791,0.14295344410493271,False,True,SELL,NSE_TCS-EQ
1771318500,424.05,424.35,423.75,423.9,41789,423.502699033883,423.4935884608085,0.009110573074508466,0.0021512894935720116,-0.05894141223623528,0.16540642722115972,0.16540642722115972,58169.0,61674.35,0.6775750372723831,0.112403303543302,0.09309825506922506,0.5821428571428596,0.017495354145694364,-208.6560638514073,-0.008384781071185898,True,False,BUY,NSE_KOTAKBANK-EQ
1771388100,1358.7,1361.7,1356.0,1360.0,518828,1389.9676885527567,1390.245057419762,-0.2773688670051797,-0.019951077367609205,0.08094782544705303,-0.366300366300365,-1.3706577706867895,447352.6,477152.7,1.087341641365542,0.2516987743535086,0.32416539100082653,7.764285714285734,-1.3230866195499402,-126.52425727020517,1.0457177525447605,False,True,SELL,NSE_INFY-EQ
1771391400,422.75,422.95,422.55,422.7,43659,423.541724196247,423.5495815906851,-0.007857394438076426,-0.0018551297839953362,-0.011827321111768097,-0.11814744801512678,0.023663038334120756,47256.6,90275.3,0.48362065814237115,0.044676206120737756,0.1204532444783339,0.6035714285714237,-0.037161932388528385,-126.812893113557,0.02930453795045196,False,True,SELL,NSE_KOTAKBANK-EQ
1771392000,921.8,922.25,921.45,921.65,102958,923.7935358037848,923.8786280165025,-0.08509221271765455,-0.00921032375219471,-0.016272510305925802,0.05427997611680002,-0.15707940634818174,79840.4,185933.45,0.5537357586813991,0.08599898286082967,0.12022435485372651,0.9821428571428409,-0.09408970735807998,-1045.732296803359,0.00899749464042543,False,True,SELL,NSE_HDFCBANK-EQ
1771400700,1434.3,1436.8,1434.3,1435.5,154181,1428.136243242601,1428.1306643597243,0.0055788828767617815,0.0003906423281838129,0.07668711656441118,0.05576078622708813,0.42675248355952267,96088.8,50062.8,3.0797518316993853,0.10175910653238623,0.0758373521371938,2.0071428571428505,0.3256389548716925,-101.74307368050899,-0.3200600719949307,True,False,BUY,NSE_RELIANCE-EQ
1771405200,425.75,426.5,425.45,426.45,104903,423.5514246926624,423.43815774894335,0.11326694371905432,0.026749347371336888,0.1644157369348198,0.6490441350011755,0.779865295994342,103793.6,70071.75,1.4970797789408714,0.1532972082680974,0.11864585740234024,0.7071428571428596,0.12724699637476533,-910.2039849812978,-0.013980052655711006,True,False,BUY,NSE_KOTAKBANK-EQ
1771476600,1393.8,1393.8,1390.0,1392.1,144409,1381.9799370541125,1381.727578767334,0.2523582867784171,0.018263968285524908,-0.12196871861099856,-0.5429734943202202,0.04311893639956654,242234.8,282690.0,0.510838727935194,0.2516761592489704,0.3866071889851447,6.428571428571461,0.44547168825283734,-230.67880574401482,-0.19311340147442024,True,False,BUY,NSE_INFY-EQ
1771482300,1425.3,1425.8,1424.1,1424.8,32457,1429.6402873128923,1429.8094932209483,-0.16920590805602842,-0.011834157547440556,-0.04209344745335075,-0.070136063964088,-0.08415147265077305,33531.4,28350.4,1.1448515717591286,0.03893057036216061,0.06765358996777522,1.5285714285714513,-0.21265538214788648,-489.4314294766934,0.043449474091858065,False,True,SELL,NSE_RELIANCE-EQ
1771484700,421.9,422.35,421.5,421.5,50036,423.80213792622726,423.8065449351557,-0.004407008928467349,-0.0010398633482976627,-0.09480919649205166,-0.1776198934280604,-0.3663869518969465,60087.6,51615.7,0.9693949709100139,0.05258143425319739,0.06520329952235686,0.5928571428571396,-0.10178242346444222,-104.52579221302231,0.09737541453597487,False,True,SELL,NSE_KOTAKBANK-EQ
1771492800,1355.8,1356.1,1354.6,1355.4,27005,1361.5115983888095,1361.644723306975,-0.1331249181655494,-0.009776773330581705,0.0,-0.16205067766645875,-0.2428792227864851,49115.8,39719.6,0.6798910361635062,0.08316090473666332,0.08864906842373554,2.3357142857143214,-0.26918640664985105,-197.84173291688552,0.13606148848430166,False,True,SELL,NSE_AXISBANK-EQ
1771493700,1376.5,1377.2,1370.0,1373.9,751012,1382.8964727578536,1383.1852461864696,-0.28877342861596844,-0.020877422558701758,-0.1888848528877496,-0.22512708787217894,-0.7584513146489447,358317.2,157665.85,4.763314313150247,0.07592047706669451,0.11633903127193684,3.5428571428571525,-0.39547128732465353,-370.64594558022054,0.10669785870868509,False,True,SELL,NSE_INFY-EQ
1771494300,1206.8,1206.9,1203.7,1203.8,301832,1210.490260688886,1210.7052193988493,-0.21495870996318445,-0.017754834663215358,-0.24859131587670058,-0.4383425688528675,-0.4712691194708629,351102.0,168614.45,1.790071965955468,0.11349373272249758,0.10938828456154404,2.2714285714286007,-0.294091929853721,-371.64155617644855,0.07913321989053657,False,True,SELL,NSE_SBIN-EQ
1771563600,1367.8,1368.7,1365.5,1367.4,26946,1361.5228138325915,1361.4532323976773,0.06958143491419833,0.005110820794898502,-0.029244041526532705,0.2125320630267602,0.47762510103608324,29793.6,53329.8,0.5052709742020408,0.12078546079388869,0.13720526551729964,3.3857142857142923,0.2593527507640374,-136.6659390027396,-0.18977131584983908,True,False,BUY,NSE_AXISBANK-EQ
1771577400,1212.0,1212.3,1211.6,1211.6,37190,1209.9734431253805,1209.908344678426,0.06509844695460743,0.0053804444973812905,-0.03300330033003673,-0.008252867871594294,0.13223140495866037,77699.4,91535.25,0.4062915652713026,0.06408324642028827,0.11436384217565182,1.8999999999999773,0.07139266562148805,-1134.2577911559881,-0.006294218666880624,True,False,BUY,NSE_SBIN-EQ
1771818900,425.35,426.4,425.35,426.2,118593,422.0813179663602,421.93520394932347,0.146114017036723,0.034629491843556154,0.19983542964616685,1.4399619183624868,1.1030719962044744,226523.4,132786.4,0.893111041492201,0.40207389639208957,0.23831371322095904,1.2571428571428507,0.18093411633810774,-519.6255035691764,-0.034820099301384744,True,False,BUY,NSE_KOTAKBANK-EQ
1771819200,1433.6,1434.5,1430.1,1433.2,87994,1423.6813659201007,1423.6685447426037,0.012821177497016834,0.0009005732088668768,-0.02790178571427937,0.027917364600793526,1.0007047216349596,166469.0,170489.35,0.5161260806026886,0.4378780654400131,0.2497527806415733,3.5428571428571525,0.4208844783802306,-103.14195799261208,-0.40806330088321374,True,False,BUY,NSE_RELIANCE-EQ
1771820700,1406.7,1407.8,1406.2,1407.6,98619,1399.578070551233,1399.3542260769473,0.22384447428567,0.015996269573088157,0.07820831852114463,0.14941302027746683,0.19931662870158462,155113.6,175611.3,0.561575479482243,0.10837966479365477,0.15102258269620678,2.664285714285711,0.35291459525205937,-273.42857712511204,-0.12907012096638937,True,False,BUY,NSE_ICICIBANK-EQ
1771822500,923.3,923.3,922.05,922.7,83324,918.6506180313365,918.6391939585558,0.011424072780755523,0.001243586476158007,-0.06498429546192286,0.09220589032923332,0.005419173034204583,123112.0,412613.0,0.2019422558184061,0.08278199898429482,0.2627538514852651,1.7035714285714139,0.17900094625554175,-106.8172132251139,-0.16757687347478623,True,False,BUY,NSE_HDFCBANK-EQ
1771829700,1421.5,1421.5,1420.3,1420.8,28894,1423.9030820574142,1424.0082247168893,-0.10514265947517742,-0.007383571081275257,-0.02111040743085768,-0.14056789429294225,0.01407855835562355,44720.2,50568.05,0.5713884557541767,0.059113398493006196,0.0849699909451403,1.7785714285715,-0.13636023671438124,-436.80595604689216,0.03121757723920382,False,True,SELL,NSE_RELIANCE-EQ
1771833900,1398.1,1398.1,1396.4,1396.8,339793,1399.8709876851856,1399.8989597694374,-0.027972084251814522,-0.001998150227672253,-0.08583690987125081,-0.08583690987125081,-0.12870012870012104,182980.0,146427.55,2.320553748252976,0.03969836545690886,0.0676910968741637,1.1857142857142793,-0.13558925206439199,-125.99221371494349,0.10761716781257746,False,True,SELL,NSE_ICICIBANK-EQ
1771839600,1428.3,1429.0,1427.9,1428.8,211687,1424.1333972526554,1423.9364044242639,0.19699282839155785,0.0138343838797497,0.04201092283993013,0.4075895994378076,0.18230262235310324,177912.0,135724.8,1.5596781133587967,0.19427464231267133,0.13314328608699547,2.464285714285698,0.2047401198562966,-2642.731602240049,-0.007747291464738737,True,False,BUY,NSE_RELIANCE-EQ
1771906800,1422.2,1422.3,1420.1,1420.7,36450,1423.79287525495,1423.9190469247035,-0.12617166975337568,-0.008860873799383035,-0.09844596019970009,0.07043741635557321,-0.420550921707441,66914.2,151671.9,0.2403213779216849,0.15685735286798114,0.15882803951616406,3.357142857142873,-0.13573209366222727,-1419.7288211933646,0.00956042390885159,False,True,SELL,NSE_RELIANCE-EQ
1771917300,4290.7,4290.7,4270.5,4272.1,57584,4357.106252531685,4357.624163380867,-0.5179108491820443,-0.011885165626129233,-0.4242127590145195,-0.7987925229304471,-1.1591319235574327,71034.4,45751.3,1.258630902291301,0.16557702452117096,0.15508790306646542,10.921428571428546,-3.7553228425622365,-115.99768117993818,3.237411993380192,False,True,SELL,NSE_LT-EQ
1771917300,917.2,917.45,915.35,915.95,217794,919.7807123495613,919.889572402638,-0.10886005307668256,-0.011834034904032398,-0.1362843436546024,-0.14172799127827318,-0.21787679067487575,166356.8,190254.15,1.144752952826522,0.06255993066914496,0.06783256742776454,1.35357142857144,-0.16851078900833727,-282.4957418822289,0.05965073593165471,False,True,SELL,NSE_HDFCBANK-EQ
1771923900,1426.9,1428.4,1426.8,1427.3,100108,1423.1125945294818,1423.016774561272,0.09581996820975291,0.0067335796683981475,0.02803279837408912,0.12627148368993257,0.23878081325934275,325305.4,186290.35,0.5373761979619449,0.09005874057890924,0.08544865322311636,2.350000000000039,0.18439627052453034,-208.177882464808,-0.08857630231477742,True,False,BUY,NSE_RELIANCE-EQ
1771996500,1214.9,1216.2,1211.0,1212.5,195447,1220.5827919580133,1220.762088448704,-0.1792964906906036,-0.014687259080796529,-0.197547123220021,-0.6473287446738807,-0.6554690700532606,131637.0,164083.05,1.1911468003550643,0.14257884312658653,0.1782616044396674,2.464285714285682,-0.355980788358238,-201.47845227756633,0.17668429766763438,False,True,SELL,NSE_SBIN-EQ
1771998000,425.35,425.4,424.1,424.35,74505,427.0848454691015,427.15659457844947,-0.07174910934799072,-0.016796910139898036,-0.2116402116402072,-0.28198801550933794,-0.3990142002112451,60564.2,73328.7,1.0160414680745737,0.13391746720446063,0.12717535704268337,0.6428571428571388,-0.1203544068255269,-247.61582187857383,0.04860529747753617,False,True,SELL,NSE_KOTAKBANK-EQ
1772001000,1399.4,1400.0,1399.1,1399.9,93842,1395.5958239545043,1395.5889481725294,0.0068757819749407645,0.0004926795948007713,0.03572959839930334,0.10010725777620522,0.25064451446576985,190197.4,92122.25,1.0186681284923023,0.04443921463494723,0.051243029027770545,1.328571428571422,0.19030825506092697,-103.748399538678,-0.1834324730859862,True,False,BUY,NSE_ICICIBANK-EQ
1772005200,1412.3,1413.5,1412.0,1412.4,39923,1424.7514158435567,1424.9228125673558,-0.1713967237990346,-0.012028491809336704,-0.007079646017693619,-0.10608953957139677,-0.5282062117050512,167597.4,100838.4,0.39591068481848185,0.10297638500541369,0.10555273830120594,2.792857142857185,-0.5448407990284068,-145.89622253178376,0.3734440752293722,False,True,SELL,NSE_RELIANCE-EQ
1772079900,2657.0,2662.0,2655.6,2658.2,18831,2636.9001202800364,2636.7461987906354,0.15392148940100014,0.0058375542352767,0.04516371847949063,-0.39718225419665965,0.35108913133752306,39984.0,59435.2,0.3168324494575605,0.2655053883167428,0.35973409559565506,10.078571428571488,0.9407622572739456,-119.56196166819035,-0.7868407678729454,True,False,BUY,NSE_TCS-EQ
1772167200,1387.6,1387.6,1387.0,1387.6,13913,1391.688802619717,1391.8565556691492,-0.16775304943212177,-0.01205246681124211,0.0,0.014415453366001252,-0.021615390157803116,26450.2,130470.45,0.10663717339826757,0.05974916738828804,0.14773336191326825,3.07142857142862,-0.17943076250912782,-1536.5231302217487,0.011677713077006047,False,True,SELL,NSE_AXISBANK-EQ
1772168100,1392.5,1394.0,1392.5,1392.6,46977,1399.3387379220899,1399.3399279099015,-0.0011899878115855245,-8.503922369762779e-05,0.0,-0.1290877796902068,-0.22925920619000228,79691.0,515253.75,0.0911725533293062,0.0670111188421881,0.15005026521787596,2.4285714285714937,-0.2980323672891245,-100.400882048473,0.296842379477539,False,True,SELL,NSE_ICICIBANK-EQ
1772172600,1307.0,1307.7,1306.2,1306.9,46266,1303.0121010881605,1303.0110294847975,0.0010716033630160382,8.224054430604041e-05,0.007652280379555343,-0.19854906452844157,0.061251052752475665,88777.2,77778.65,0.5948419007015422,0.1586843939678804,0.11881552721130811,2.6214285714285586,0.1719458340203346,-100.62712988312737,-0.17087423065731855,True,False,BUY,NSE_INFY-EQ
1772182500,2639.0,2639.3,2632.4,2634.8,34330,2642.983435488225,2643.254413030049,-0.2709775418238678,-0.010251663271158125,-0.16293433367434718,-0.21208907741251393,-0.41951698854831854,23874.8,22758.55,1.508444079258125,0.058686051404288155,0.06511694785436024,3.150000000000026,-0.3596616433114832,-405.5536869387005,0.08868410148761541,False,True,SELL,NSE_TCS-EQ
1772423400,1290.1,1296.0,1290.1,1293.3,252568,1303.257441355017,1303.6088527302993,-0.35141137528239597,-0.02695681105159683,0.23250406882120433,-0.49242132799877103,-0.5000769349130629,1482403.8,826078.85,0.30574321083271894,0.3319692551240359,0.19527804126022433,4.014285714285718,-0.4374468462499408,-508.44941200468224,0.08603547096754482,False,True,SELL,NSE_INFY-EQ
1772599500,1308.6,1308.9,1306.1,1307.4,96445,1296.8653103954225,1296.6041927300982,0.2611176653242637,0.02013857943606219,-0.09170105456210997,-0.022941041523283356,-0.5022831050228271,145852.4,335545.1,0.2874278301188127,0.07168956917492665,0.46359809049633927,6.250000000000049,0.46373627811453844,-228.8715097435495,-0.2026186127902747,True,False,BUY,NSE_INFY-EQ
1772687700,1383.7,1385.5,1382.4,1382.5,222653,1366.2465183878967,1366.1242701027438,0.1222482851528639,0.008948547934344934,-0.11559858391734235,0.49429381405829975,0.0651418645049251,210747.0,423035.3,0.5263225078379984,0.23883115957649323,0.4449722466238827,4.550000000000019,0.7178352250298303,-120.52568264477348,-0.5955869398769664,True,False,BUY,NSE_RELIANCE-EQ
1772689200,1294.1,1294.5,1293.5,1293.5,44708,1299.1020394825196,1299.1295414078493,-0.02750192532971596,-0.0021169501926584238,-0.05408746716117907,-0.06180947230162159,-0.03863987635239763,69965.0,98138.5,0.4555602541306419,0.02942364646392607,0.11881374406798764,2.2357142857142662,-0.24753711263633704,-112.49887605085263,0.22003518730662108,False,True,SELL,NSE_INFY-EQ
1772698200,1300.1,1301.5,1300.0,1300.1,93447,1298.9257360168183,1298.9112831065215,0.014452910296768096,0.001112694183562869,0.007692307692308553,-0.145929339477735,-0.04612900745752935,117263.0,107052.05,0.8729118218660922,0.09002321908113921,0.1279444519372685,2.5428571428571525,0.05181414994353872,-138.68423647987106,-0.03736123964677063,True,False,BUY,NSE_INFY-EQ
1772775300,2592.6,2595.0,2592.6,2595.0,19656,2591.1408375486926,2591.1041441775983,0.03669337109431581,0.0014161287641320211,0.09257116408238897,0.15438054805094747,-0.24985585239285513,37318.8,41036.55,0.47898763419439494,0.13514157399115018,0.09737475455490838,4.22142857142863,0.17037552900501396,-127.44821872102601,-0.13368215791069815,True,False,BUY,NSE_TCS-EQ
1772776200,2590.0,2592.4,2589.1,2589.5,11425,2591.0749630933105,2591.0947298600563,-0.019766766745760833,-0.0007628731793541345,-0.019305019305015936,-0.21194605009633438,-0.05789270551910253,26268.2,33729.5,0.33872426214441365,0.08404862612530396,0.07646908239798976,3.9714285714286297,-0.06949170312373099,-139.75222129096215,0.04972493637797015,False,True,SELL,NSE_TCS-EQ
1773030000,1290.9,1294.8,1289.4,1294.6,104645,1304.6475000709788,1304.9446690579005,-0.2971689869216334,-0.022772535416093417,0.30216161772680383,-0.03088803088804326,0.1702259362426295,193511.6,219987.6,0.47568590229631125,0.390872206820087,0.4472050946082955,6.1214285714285745,-0.44188580112631826,-305.3451691531317,0.14471681420468485,False,True,SELL,NSE_INFY-EQ
1773048300,1312.4,1312.7,1310.0,1311.2,118382,1303.3227087562418,1303.0626948796807,0.2600138765610609,0.0199540572823374,-0.09143553794574988,0.24464831804280607,0.4520033708726112,115147.0,80333.15,1.4736382178465555,0.13074819693062986,0.11284689530722852,2.8857142857143248,0.34621356069033027,-401.64133336165247,-0.08619968412926937,True,False,BUY,NSE_INFY-EQ
1773117600,1296.4,1298.8,1295.5,1298.4,66694,1303.2069659523606,1303.296585775967,-0.08961982360642651,-0.006876395180078519,0.13110202822550487,0.154273372415914,-0.007701193685016872,73928.8,181816.25,0.36682089747203567,0.11247363672980025,0.18874011352990078,4.5071428571429,-0.21185042838874324,-173.32028158253206,0.12223060478231673,False,True,SELL,NSE_INFY-EQ
1773134400,1312.3,1315.4,1310.6,1313.7,185849,1310.3040981243844,1310.2046177844245,0.09948033995988226,0.007592733120427021,0.11431184270689343,0.3590527119939013,0.07617886798201301,106511.4,67335.6,2.760040751103428,0.20119240126267807,0.12867183417710645,3.050000000000036,0.14935871786929056,-299.44582027219013,-0.0498783779094083,True,False,BUY,NSE_AXISBANK-EQ
1773202200,1304.2,1306.1,1302.0,1302.0,59592,1309.8779464066174,1310.2040923140291,-0.32614590741172833,-0.024892755970232293,-0.17633979912596853,-0.1227370359005775,-1.221455124800841,42680.4,124871.6,0.47722620675958344,0.14881088786405983,0.21145155390302045,3.9928571428571655,-0.3456868060243323,-1769.042523977696,0.019540898612603996,False,True,SELL,NSE_AXISBANK-EQ
1773208800,1400.1,1400.4,1397.1,1397.7,96222,1404.5335227453534,1404.7663302987116,-0.23280755335827052,-0.01657268887621801,-0.17854592201114183,-0.12148063455766911,-0.20705411966299714,109284.0,158741.2,0.6061564357583286,0.17062897238978025,0.15417313806665706,2.785714285714302,-0.3002781649809094,-445.0503082147176,0.0674706116226389,False,True,SELL,NSE_RELIANCE-EQ
1773297000,1408.5,1409.8,1408.2,1409.7,88530,1401.914425435336,1401.896254103098,0.01817133223789824,0.0012961966468427333,0.08519701810436597,0.2988260405549559,0.27742210840802084,75506.4,145064.9,0.6102785718667989,0.11901075570771841,0.13949856945171438,3.1857142857143117,0.34418938573799096,-105.57371962773622,-0.3260180535000927,True,False,BUY,NSE_RELIANCE-EQ
1773308400,1395.5,1396.5,1388.7,1390.6,1652651,1401.9662190255472,1402.4126063291274,-0.4463873035801953,-0.031829955147695974,-0.3439873871291521,-0.3225575227582267,-0.6288409318279342,1037803.6,434396.25,3.804478054311012,0.17666465362876305,0.12781755726278038,3.6214285714285745,-0.49895645457172577,-949.1430718599842,0.05256915099153048,False,True,SELL,NSE_RELIANCE-EQ
1773646200,831.9,833.75,831.65,831.75,486276,828.8047293715297,828.7175826438545,0.08714672767519005,0.010515853591179541,-0.0180310133429451,0.054132082280777816,-0.13807179733461572,434448.6,354614.8,1.3712794841050064,0.15265546201483393,0.10132060726717718,1.828571428571422,0.12953174481253882,-305.6073904436345,-0.04238501713734877,True,False,BUY,NSE_HDFCBANK-EQ
1773720300,1280.2,1282.9,1279.5,1281.1,90457,1265.9498346434946,1265.530010121289,0.4198245222055448,0.033173810091260386,0.1250488472059219,0.1641907740422166,0.9216952891129448,390262.2,666901.5,0.13563772161256196,0.35155137979402784,0.2475817668592342,5.142857142857159,0.6665368729447891,-270.1676146117494,-0.24671235073924436,True,False,BUY,NSE_ICICIBANK-EQ
1773720300,1399.9,1401.8,1399.3,1400.7,100944,1389.5035518709235,1389.3187808998714,0.18477097105210305,0.01329939345759262,0.04999999999999449,0.25050100200401104,0.3582431754675097,223009.6,543206.6,0.18582984816458417,0.24041949786676245,0.1783032274620764,3.857142857142873,0.49364624699569504,-159.820576602527,-0.308875275943592,True,False,BUY,NSE_RELIANCE-EQ
1773733200,1228.9,1231.6,1228.7,1230.5,63885,1221.4719020396187,1221.1525114920607,0.3193905475579868,0.026154845078911613,0.1301977378143082,0.36704730831973453,0.4817899722358465,60451.6,46184.75,1.3832487996578957,0.13774919270697486,0.12048330436371694,2.714285714285747,0.3966127269502522,-513.5994996147144,-0.07722217939226539,True,False,BUY,NSE_AXISBANK-EQ
1773738900,373.85,374.25,373.65,374.15,238973,372.2790158981546,372.1995237714456,0.07949212670899897,0.02135739613622188,0.10702341137123206,0.30831099195709477,0.442953020134218,222861.6,170060.6,1.405222608881775,0.05586522805671913,0.09767183724256087,0.6607142857142938,0.08208229092304009,-3168.999497332136,-0.002590164214041124,True,False,BUY,NSE_KOTAKBANK-EQ
1773807000,2461.0,2465.7,2457.2,2461.5,50235,2411.1074012984,2409.4939955907253,1.6134057076747013,0.06696035394266046,0.020316944331577602,0.03251107408461795,2.8238439366723656,91168.0,72857.0,0.6895013519634352,0.14421712316137064,0.5435521817527755,10.892857142857142,2.2152167897897925,-368.09172440034115,-0.6018110821150913,True,False,BUY,NSE_TCS-EQ
1773807300,1067.3,1068.3,1065.3,1068.3,121741,1062.7850503420684,1062.770624670614,0.014425671454318945,0.0013573645262156086,0.056195560550698076,-0.1588785046728991,-0.3730299356523359,89314.6,320713.25,0.3795945443476377,0.1501193655366452,0.28124302274682683,4.0357142857143185,0.24379516940962276,-106.2892719314972,-0.2293694979553038,True,False,BUY,NSE_SBIN-EQ
1773807900,3589.8,3590.5,3569.0,3575.9,75989,3539.7623336137863,3539.684316973775,0.07801664001135578,0.0022040564362546173,-0.3872082010139888,-0.7383761276890999,-0.07265614084113192,79765.6,113435.1,0.6698896549657029,0.34038170093045045,0.34572079077083717,15.807142857142967,1.5976489705703898,-105.13391551643649,-1.519632330559034,True,False,BUY,NSE_LT-EQ
1773808200,1271.9,1275.0,1271.7,1273.1,121486,1246.2455593097689,1245.517710826241,0.7278484835278505,0.058437425433719166,0.11796162315194092,-0.06279927780832306,1.3130670062072358,190422.2,324493.5,0.37438654395234416,0.26084665030558957,0.4107535970170089,6.800000000000003,1.18160767263862,-260.4041308682284,-0.4537591891107695,True,False,BUY,NSE_INFY-EQ
1773892800,811.6,812.1,805.5,807.95,3272869,836.2695245495546,837.1537368522011,-0.8842123026464606,-0.1056212573297714,-0.42519102785308904,0.4163559532686989,-4.135026103464634,9577545.8,2637452.8,1.240920406234379,2.0718665760945445,1.014914776281931,7.5035714285714255,-1.2450917387020581,-345.0159843716442,0.3608794360555976,False,True,SELL,NSE_HDFCBANK-EQ
1773893100,365.5,366.6,365.2,365.5,203752,372.8347157742545,372.8923638690921,-0.057648094837588815,-0.015459714497620233,-0.013678019422791454,-0.611828687967364,-2.481323372465316,417263.0,293039.75,0.6953049884870568,0.9921496391083778,0.5184013007268115,1.4535714285714303,-0.3239169675468929,-121.65033195619732,0.2662688727093041,False,True,SELL,NSE_KOTAKBANK-EQ
1773894000,1052.6,1054.8,1050.9,1051.9,203794,1063.8512759339585,1064.1547158826681,-0.303439948709638,-0.02851464586687926,-0.08548632218843277,-0.3882575757575668,-0.19924098671726398,168255.6,209115.6,0.9745518746568883,0.254221486021255,0.4472795562954753,4.735714285714266,-0.5260337171030187,-236.32005554323564,0.22259376839338074,False,True,SELL,NSE_SBIN-EQ
1773894600,3489.1,3496.0,3486.0,3493.0,29217,3561.0579574312483,3563.3958528274293,-2.337895396181011,-0.06560863549094534,0.11177667593362806,0.15483426998508243,0.31014875653323504,40213.8,87340.75,0.33451739308398426,0.17654945332557884,0.8401260165349176,20.05714285714287,-2.990435971074021,-458.2758660738195,0.6525405748930098,False,True,SELL,NSE_LT-EQ
1773894600,1258.8,1261.5,1258.0,1261.0,105729,1279.4895370332981,1279.5147051298388,-0.025168096540710394,-0.0019670033052223857,0.20661157024792765,0.3022589882277993,-0.2610139998418082,134104.8,311065.3,0.3398932635687748,0.2246975323588024,0.46042775661229846,5.857142857142825,-0.8175477706745369,-103.17626730749024,0.7923796741338265,False,True,SELL,NSE_ICICIBANK-EQ
1773895500,2394.7,2396.0,2392.3,2394.5,30427,2428.4221229613277,2429.2528703015173,-0.8307473401896459,-0.034197647776640645,-0.008351776840520575,-0.43659043659043384,-0.4779717373233572,36618.8,58416.3,0.5208648955856499,0.13044221367784206,0.2963211611932441,9.142857142857078,-1.4933339657986835,-225.37943086702637,0.6625866256090376,False,True,SELL,NSE_TCS-EQ
1773895800,1210.2,1212.6,1210.0,1212.2,53048,1232.670902189951,1233.1706991567319,-0.4997969667808775,-0.04052942282221344,0.13216586816455766,-0.09066183136898776,0.17353937691100274,48270.8,224647.95,0.23613836672001678,0.12535140650860235,0.6830180593050125,6.614285714285708,-0.9011915420730929,-224.5151273947898,0.40139457529221545,False,True,SELL,NSE_AXISBANK-EQ
1773895800,1240.3,1240.9,1239.3,1240.3,48471,1257.077141677722,1257.4623296692982,-0.38518799157623107,-0.03063216944856966,0.0,0.06454215409439357,-0.08860963428388713,70467.4,202572.15,0.23927770920138824,0.1480539059945688,0.4315705939135171,5.142857142857159,-0.7387861989968769,-208.9338077774827,0.35359820742064585,False,True,SELL,NSE_INFY-EQ
1773907200,1395.3,1396.2,1394.2,1395.5,66251,1401.230746180246,1401.304921328385,-0.0741751481391475,-0.005293291061079854,0.02867177980074853,-0.10022191996564844,-0.3143081648689261,117549.4,98685.8,0.6713326537353905,0.12426593615927264,0.0995089845245532,2.407142857142893,-0.25283736851383765,-141.51697431252532,0.17866222037469015,False,True,SELL,NSE_RELIANCE-EQ
1773980100,1083.4,1084.5,1080.8,1083.0,386660,1059.6951612343487,1059.4560649994398,0.2390962349088568,0.02256782917269752,-0.027693159789532462,-0.0738143568924099,0.557103064066844,326403.6,385802.2,1.002223419151057,0.2191657018930922,0.58280153982359,5.978571428571448,1.0287222680681225,-130.27967985708898,-0.7896260331592657,True,False,BUY,NSE_SBIN-EQ
1773981000,1415.5,1416.7,1414.0,1416.0,173412,1401.0871045067902,1400.474894515696,0.6122099910942325,0.04371445668120622,0.06359974560101733,0.29038883773637725,0.2123142250530785,288932.6,495625.9,0.3498848627563652,0.1338178253655636,0.33623237661904587,5.1214285714285745,0.654426165187715,-1550.1787626196735,-0.04221617409348255,True,False,BUY,NSE_RELIANCE-EQ
1774000500,1057.3,1058.8,1056.2,1058.3,453351,1062.6410383266398,1062.7297750087191,-0.08873668207934315,-0.008349881989390493,0.0851144316247332,0.16089343176226567,0.18934014957872058,543626.8,256555.35,1.7670689775130395,0.16100996544447913,0.23013084750584858,3.407142857142893,-0.1912507013287268,-186.5605336022143,0.10251401924938364,False,True,SELL,NSE_SBIN-EQ
1774242000,1247.0,1252.8,1247.0,1249.1,133887,1244.7917178377634,1244.791030781865,0.00068705589842466,5.519447693908219e-05,0.1523412443874106,-0.008005123278909121,0.024023062139644225,112299.6,798824.2,0.167605087577467,0.10852813438924871,0.4341223368346754,5.050000000000003,0.19054186738662793,-100.36188490196223,-0.18985481148820327,True,False,BUY,NSE_INFY-EQ
1774242300,1393.3,1397.1,1392.6,1395.3,74864,1408.8257938724348,1408.9672572213583,-0.14146334892348023,-0.01004021549815585,0.14354410392594108,0.21547080370609706,-0.6691820317505592,228181.2,411355.1,0.18199361087294166,0.21102188150327375,0.2422896001009899,3.7071428571428635,-0.5970329870028763,-131.0519703463702,0.4555696380793961,False,True,SELL,NSE_RELIANCE-EQ
1774257300,2397.0,2397.5,2395.0,2395.4,35522,2392.284211402929,2392.1716818442774,0.11252955865165859,0.004704075359879789,-0.05424124838318001,-0.008348639171806838,-0.07091902715781195,49995.4,36922.0,0.9620822273982991,0.1223130994057132,0.10515704527908787,5.814285714285753,0.1368601495319126,-562.5023666933803,-0.02433059088025402,True,False,BUY,NSE_TCS-EQ
1774258500,2383.5,2387.2,2380.6,2385.1,81945,2392.0111794640065,2392.136231497866,-0.12505203385944696,-0.005227630107886626,0.05873222301464587,-0.5379482902418742,-0.5420958258621433,62745.0,45191.55,1.8132814652296723,0.28165023734337746,0.17047738870338353,6.8642857142857405,-0.3046182917992155,-169.6411649350029,0.17956625793976855,False,True,SELL,NSE_TCS-EQ
1774324500,1415.3,1417.5,1414.0,1416.0,164527,1407.1070891792915,1406.7420293393468,0.36505983994470625,0.025950731003334747,0.007062645667055278,0.8547008547008517,0.6253553155201708,400593.2,455156.65,0.3614733520865838,0.3137751536453639,0.25705394040626567,5.314285714285737,0.3902498651532369,-1549.2237976049273,-0.025190025208530642,True,False,BUY,NSE_RELIANCE-EQ
1774331700,2408.2,2422.8,2405.8,2421.2,89243,2392.0637218487705,2391.684666451644,0.37905539712664904,0.01584888687224073,0.5398222738975278,1.009595327492696,1.5093073956062408,59397.0,33041.7,2.700920352161057,0.15215399312926464,0.18485887252164743,6.650000000000058,1.2854603107375624,-141.81965382519581,-0.9064049136109134,True,False,BUY,NSE_TCS-EQ
1774335600,3441.7,3465.5,3441.0,3465.5,74693,3414.5084490689114,3413.3865937932596,1.1218552756517965,0.03286634094396823,0.6915187262108935,1.111629806850667,0.917297612114143,70884.8,45337.4,1.647491916166344,0.5508195161239581,0.2978502505790041,13.078571428571488,2.2458380552284325,-199.81071739144966,-1.123982779576636,True,False,BUY,NSE_LT-EQ
1774336800,369.5,370.35,369.05,369.7,198836,365.2028706264485,365.05261565435535,0.15025497209313698,0.04115981248999012,0.06766815536607407,0.47560809892648326,0.99713153940717,157180.4,183601.15,1.0829779660966177,0.1505236865350841,0.2491724601775823,1.3785714285714252,0.19763736969719048,-417.11137403541375,-0.047382397604053494,True,False,BUY,NSE_KOTAKBANK-EQ
1774345500,1250.3,1252.4,1248.5,1250.8,1196224,1244.143819785355,1244.108868196979,0.03495158837586132,0.0028093673527554547,0.04799232122860708,0.0,0.12006723765307648,989533.6,488212.85,2.4502099852554067,0.1904888387972109,0.1470115956627142,3.6571428571428766,0.29409727611050585,-113.48723518473147,-0.2591456877346445,True,False,BUY,NSE_ICICIBANK-EQ
1774410600,1213.5,1215.8,1212.0,1213.4,92459,1194.2595784182645,1194.0683172448087,0.19126117345581406,0.016017607258613963,-0.008240626287592256,1.769688836702188,1.6673648931713414,177843.6,161095.75,0.5739381703117555,0.6726823976150231,0.3786439670123868,4.328571428571406,0.8449394939755166,-129.2592193211721,-0.6536783205197025,True,False,BUY,NSE_AXISBANK-EQ
1774413000,785.25,787.2,785.0,785.25,722563,772.8257624154746,772.4896969037983,0.33606551167633825,0.043504206337419936,-0.012733176290824488,-0.050913256539164564,-0.12718600953894876,956479.8,1651186.7,0.43760224086107286,0.2509539654281625,0.3534932768794425,3.8071428571428703,0.5466778035075777,-259.56595351311347,-0.21061229183123942,True,False,BUY,NSE_HDFCBANK-EQ
1774414500,1052.5,1053.6,1052.2,1053.3,89683,1042.6619982948096,1042.621908382635,0.04008991217460789,0.0038451054838083425,0.09502993442933594,0.009494872768689433,0.5249093338423272,178305.2,330892.6,0.27103356194729045,0.1041264466633959,0.29685417285272103,3.057142857142854,0.4701629642581793,-109.32165174739143,-0.4300730520835714,True,False,BUY,NSE_SBIN-EQ
1774430100,2388.7,2389.4,2386.3,2387.0,152483,2402.7278166368337,2402.810332401939,-0.08251576510519953,-0.0034341356033172074,-0.07116841796792617,-0.0837170364169082,-0.3423513694054692,135121.2,67088.3,2.2728702322163477,0.05035158452692184,0.09610095503435935,4.807142857142837,-0.6949198868405801,-113.47407082620103,0.6124041217353806,False,True,SELL,NSE_TCS-EQ
1774584000,1386.0,1386.4,1378.9,1379.3,623756,1412.9126572380292,1414.1501114938399,-1.2374542558106896,-0.08750515562336608,-0.5192931842769588,-0.990596511377495,-2.2189139373316236,451293.6,542921.0,1.1488890648915773,0.607234062170031,0.3410898779343634,5.857142857142841,-1.4762291432739403,-618.2514245771107,0.2387748874632507,False,True,SELL,NSE_RELIANCE-EQ
1774585800,764.5,766.3,764.2,766.0,1268529,778.0742045155054,778.0832825194847,-0.009078003979311688,-0.0011667136646242439,0.18965404486299686,0.28146887477906724,0.09800718719372714,1104919.4,1449069.6,0.8754092971103665,0.17136858097067661,0.35993104243996427,3.232142857142849,-0.5339442589450982,-101.72958423092058,0.5248662549657865,False,True,SELL,NSE_HDFCBANK-EQ
1774586100,364.05,364.05,363.15,363.6,148957,367.7136410527334,367.8134812933721,-0.09984024063868446,-0.027144258086356215,-0.12360939431396156,-0.2332281520098678,-0.27427317608338386,162041.4,460447.2,0.323505062035343,0.05522628866779071,0.25765617708541416,1.3785714285714294,-0.18110001800141617,-222.86551093170277,0.08125977736273171,False,True,SELL,NSE_KOTAKBANK-EQ
1774587600,2415.9,2418.0,2413.5,2415.0,86211,2402.586641797108,2402.156826636282,0.4298151608259104,0.017892885096422978,-0.037253197566122775,0.10362694300518616,0.5412156536219737,72360.6,125217.5,0.6884900273524068,0.1003275172013868,0.2539826201948738,6.414285714285695,0.5454088156716352,-471.8328323466857,-0.11559365484572481,True,False,BUY,NSE_TCS-EQ
1774589700,1041.0,1041.9,1040.0,1041.4,137007,1048.207162514549,1048.29237302918,-0.08521051463094409,-0.008128506590648656,0.04803535402055914,-0.1438297056285398,-0.6487311581759192,326884.8,212500.6,0.6447370030955206,0.10318061642481384,0.1521926496310172,2.678571428571445,-0.30035261020634607,-139.6066211045527,0.21514209557540198,False,True,SELL,NSE_SBIN-EQ
1774591800,1247.6,1248.4,1245.7,1246.8,210839,1253.081465601182,1253.181449204162,-0.09998360298004627,-0.00797838198479089,-0.06412311638345214,0.09633911368016612,-0.20809988794622258,153273.0,143305.9,1.471251358108773,0.08347179390267778,0.09624418512864259,2.585714285714289,-0.2769778291294642,-156.48975401923022,0.17699422614941795,False,True,SELL,NSE_ICICIBANK-EQ
1774603500,2390.7,2392.0,2388.0,2389.5,47857,2404.0786670837497,2404.3220544776545,-0.24338739390486808,-0.010122911506451436,-0.0501945037018392,-0.12539184952977678,-0.30041306796845246,60659.2,55344.25,0.8647149432867913,0.10579428276040764,0.09624520509568223,5.007142857142818,-0.6427431879219512,-160.94500131240284,0.3993557940170831,False,True,SELL,NSE_TCS-EQ
1774604400,1271.9,1273.0,1269.7,1270.0,545287,1274.2693852166808,1274.3704631534354,-0.10107793675456378,-0.00793159757520164,-0.1493828131142405,-0.18077497445571078,-0.04722178498346441,547286.8,236451.35,2.3061276664311707,0.15335730715877066,0.12744852190482853,3.014285714285685,-0.1879779039670666,-216.31527605458186,0.08689996721250282,False,True,SELL,NSE_INFY-EQ
1774605300,1202.6,1205.0,1202.3,1203.8,258027,1208.776187269527,1208.8272345956236,-0.05104732609652274,-0.004222880212787319,0.108108108108107,-0.10787486515640987,-0.5945499587118097,387946.4,191630.6,1.3464811987229597,0.1919216643294183,0.13573774938328084,2.7428571428571655,-0.2196589242621485,-130.27509771088188,0.16861159816562576,False,True,SELL,NSE_AXISBANK-EQ
1774846800,3509.1,3510.7,3502.1,3508.9,33766,3545.164421643297,3546.5407831141542,-1.3763614708573186,-0.038808561779705805,-0.0028498147620403813,-0.36911894148045077,-0.5582950745337989,42390.8,90093.9,0.3747867502683312,0.17400903334959184,0.35004742630633673,11.464285714285714,-1.5923446689012053,-737.2539546236598,0.21598319804388666,False,True,SELL,NSE_LT-EQ
1775016300,3625.2,3627.1,3617.3,3619.9,94068,3538.5942108076197,3537.761914641932,0.8322961656876942,0.02352606494640082,-0.1792411206706368,-0.1737355909767757,3.2575519867644287,127009.0,77253.0,1.2176614500407752,1.6420052748731557,0.8109734692932493,19.285714285714317,3.5890160513440605,-130.19153922813334,-2.7567198856563664,True,False,BUY,NSE_LT-EQ
1775017500,2466.1,2467.0,2462.6,2462.9,43627,2394.598277769219,2392.2751315919218,2.323146177297076,0.0971103259243913,-0.0973512351437944,0.5840071877807773,0.8558558558558582,81048.2,146780.0,0.29722714266248806,0.22211015238260665,0.47347167812724616,13.185714285714377,3.001341196687008,-442.5483984513561,-0.678195019389932,True,False,BUY,NSE_TCS-EQ
1775017800,1295.5,1301.3,1294.0,1301.0,231371,1267.3363109479749,1267.3270717337393,0.009239214235549298,0.0007290315532287803,0.45556327696703036,1.1192289755945994,1.5612802498048417,156003.6,472488.85,0.4896856296185614,0.2469157580166275,0.6584120499095837,8.142857142857158,1.4888073242511837,-100.62445345861445,-1.4795681100156344,True,False,BUY,NSE_INFY-EQ
1775026800,1197.4,1198.3,1194.6,1196.2,59166,1189.5083799261872,1189.3656604116388,0.14271951454838927,0.011999633022782423,-0.10021713713045388,-0.1502504173622632,-0.18357810413885955,59139.4,58907.25,1.0043924983766854,0.12208670853770462,0.188855193915905,3.5928571428571723,0.29475910508813286,-193.86996771152312,-0.15203959053974359,True,False,BUY,NSE_AXISBANK-EQ
1775027700,1373.1,1375.8,1372.9,1374.8,100963,1371.2972742658035,1371.231224387342,0.0660498784613992,0.004816830107621703,0.1310997815003656,0.03638215818961843,-0.05815644082581839,124005.6,140806.3,0.7170346781358505,0.11718536934694224,0.12448856644832461,3.0642857142857047,0.15436427497957084,-174.78948061181478,-0.08831439651817163,True,False,BUY,NSE_RELIANCE-EQ
1775031600,1365.8,1366.3,1362.9,1364.7,283912,1371.1379685162972,1371.264863157726,-0.1268946414288621,-0.00925383890728821,-0.08785416209092789,-0.36504344016937695,-0.6045156591405698,195374.0,141019.75,2.0132782819427777,0.15816400018102214,0.12131973673352277,2.8785714285714255,-0.2836735309342657,-180.93860202045153,0.15677888950540364,False,True,SELL,NSE_RELIANCE-EQ
1775032200,1020.8,1022.8,1019.25,1022.1,107189,1016.7194722852557,1016.6389078111923,0.08056447406340794,0.007924590869423048,0.1273510971786962,0.32391048292108593,-0.33154558751827823,160700.2,199119.1,0.5383160128787243,0.31954004015390175,0.2260140890471838,3.1500000000000097,0.2372941381986493,-151.40346245742555,-0.15672966413524136,True,False,BUY,NSE_SBIN-EQ
1775101800,987.0,988.9,984.6,986.5,390901,1015.4411970636087,1016.6249601857089,-1.1837631221002312,-0.11644049363926602,-0.05065856129685686,-2.8987647029873553,-3.0990619321251356,447764.8,234409.8,1.6675966619143057,1.3696188532973723,0.6846525333973811,4.539285714285711,-1.270069972154488,-1471.5749344994738,0.08630685005425676,False,True,SELL,NSE_SBIN-EQ
1775102100,1162.7,1163.0,1158.4,1159.7,102298,1189.7630892793684,1190.4926008280588,-0.7295115486904251,-0.06127812538969214,-0.24944090830895105,-3.35833333333333,-2.7260526757255543,199611.8,130798.25,0.7821052651698321,1.631522632085864,0.7935645827499828,6.757142857142851,-1.3235065053127073,-222.81443479566732,0.5939949566222822,False,True,SELL,NSE_AXISBANK-EQ
1775104200,3481.0,3486.9,3478.0,3481.9,51619,3567.920756235242,3570.6795170441824,-2.758760808940224,-0.07726150711010696,0.02585463947142319,-0.1720232804839572,-0.3291921909887252,40394.4,68040.4,0.7586522125090388,0.09208816505085822,0.8186915983764029,19.52142857142852,-3.781361861192636,-369.7787962239716,1.022601052252412,False,True,SELL,NSE_LT-EQ
1775104200,1262.6,1265.8,1260.6,1264.1,57636,1274.0399408461426,1274.0663874323957,-0.026446586253086934,-0.002075762025743752,0.1584660486490863,0.007911392405057782,-0.4880736833818844,78706.4,172696.0,0.3337425302265252,0.20788199297330098,0.2507170995198517,5.40000000000001,-0.4394036264818624,-106.40419793749871,0.41295704022877544,False,True,SELL,NSE_INFY-EQ
1775117700,1285.5,1286.1,1283.5,1285.6,93809,1272.9966273932173,1272.9701109067144,0.026516486502941916,0.00208304077807881,0.007779074290148458,0.319937573156448,0.8471917163476617,127423.0,117198.15,0.800430723522513,0.09207543908226348,0.13215909406861603,3.7357142857142662,0.5572018785646833,-104.99664903153334,-0.5306853920617414,True,False,BUY,NSE_INFY-EQ
1775120700,3612.4,3612.4,3598.0,3601.5,84391,3556.3055738570256,3555.4594472273657,0.8461266296599206,0.023797954729022457,-0.268608772707124,-0.019432568985611187,0.5303558967201694,68839.2,52463.7,1.608559823268279,0.17682406186431235,0.16821386376417305,10.592857142857156,1.9917586060741996,-173.85675741246484,-1.145631976414279,True,False,BUY,NSE_LT-EQ
1775123100,1200.1,1202.1,1197.9,1198.4,374788,1183.5020166825489,1182.8687887382853,0.6332279442635809,0.05353323633968038,-0.10836042343919106,0.07515657620043026,0.7058823529411784,367041.8,162037.1,2.3129764726719992,0.24229407291245691,0.2089166233513913,4.564285714285688,0.6535900047786072,-3209.8421684597497,-0.020362060515026315,True,False,BUY,NSE_AXISBANK-EQ
1775447700,1019.45,1021.0,1018.0,1019.4,252694,1007.6180778996819,1007.1355541760381,0.48252372364379426,0.0479105043648825,-0.004904605424504993,0.13752455795676966,-0.21046449023542912,505761.6,550037.6,0.45941222927305336,0.09837742851630711,0.31531835082975196,5.257142857142859,0.5170385932254931,-1498.0169402107435,-0.034514869581698804,True,False,BUY,NSE_SBIN-EQ
1775450700,748.5,750.5,747.75,748.6,1176786,745.7855567529408,745.689977150172,0.09557960276879385,0.01281760593511979,0.046775810223853576,0.2745964771281306,0.32162958992227875,622667.0,1276488.6,0.9218930744857415,0.09621520263045243,0.23971660450441673,3.592857142857156,0.12367461842245575,-440.2012796399208,-0.028095015653661903,True,False,BUY,NSE_HDFCBANK-EQ
1775461800,1222.6,1225.0,1222.5,1223.9,118382,1213.4721500090793,1213.3547298799456,0.11742012913373401,0.009677312515636053,0.10633077048913808,0.44316782929831877,0.566967953985209,109463.4,130247.5,0.9089003627708785,0.17089652595219096,0.18473507559695876,3.478571428571448,0.46021849475414456,-134.25340984961298,-0.34279836562041055,True,False,BUY,NSE_ICICIBANK-EQ
1775462400,359.15,360.15,359.05,359.2,411787,355.3269482318834,355.26724715852146,0.05970107336196406,0.016804553146810418,0.013921759710422421,-0.05564830272676291,0.5739885202296069,327126.0,243262.8,1.6927660127236883,0.15833465381187856,0.17403775345371356,1.1214285714285583,0.17079648669522385,-153.73855820930703,-0.11109541333325978,True,False,BUY,NSE_KOTAKBANK-EQ
1775623500,1342.4,1342.4,1340.1,1342.0,143196,1318.9359454715832,1318.8371332221827,0.09881224940045286,0.0074923769517343496,-0.007451009611791903,-0.11164867882397234,0.26897788404063316,244585.8,783435.3,0.18277961179436258,0.1642994886590822,0.4886118420091766,6.392857142857143,1.0192516674494527,-110.73533439168644,-0.9204394180489999,True,False,BUY,NSE_RELIANCE-EQ
1775728200,1039.95,1040.95,1039.0,1040.0,737565,1043.3980809863601,1043.4529664419458,-0.05488545558569058,-0.005259983664893268,0.0,-0.1488166674667557,-0.057659042859881104,948264.0,427087.3,1.7269654236967478,0.0953356415710412,0.10140722705579779,2.2678571428571592,-0.14982984298080737,-157.80800433972092,0.09494438739511679,False,True,SELL,NSE_SBIN-EQ
1775792700,1049.0,1057.9,1046.15,1057.5,689809,1043.9631430901902,1043.5452088739162,0.41793421627403404,0.04004945954617765,1.6387140179729975,1.6826923076923128,1.6680286497139818,611222.4,444155.5,1.5530799460999583,0.7475673544078019,0.3788989991221012,3.4464285714285876,0.5951990008279608,-335.7683266452123,-0.1772647845539268,True,False,BUY,NSE_SBIN-EQ
1775793600,1300.4,1300.8,1296.1,1297.9,508584,1324.046109978602,1324.4017627268174,-0.3556527482153342,-0.02685384135121347,-0.1768958621750416,-0.6886525365368379,-2.384175691937407,645078.0,401586.7,1.2664363635548688,0.713861062013696,0.42710384832465587,6.421428571428529,-1.153407163044676,-144.58173362681,0.7977544148293418,False,True,SELL,NSE_INFY-EQ
1775798400,2509.7,2512.5,2508.0,2509.1,86945,2540.314851290284,2541.532248227775,-1.2173969374912303,-0.04790011766878536,-0.02789066857917799,-0.19490851233094908,-0.2742448330683711,93468.0,259340.65,0.3352540374985564,0.10408256535124982,0.4037909666941379,5.957142857142896,-1.3703470089412804,-895.9440135919152,0.15295007145005002,False,True,SELL,NSE_TCS-EQ
1776053700,1315.0,1315.0,1313.6,1314.2,185001,1337.5318692884553,1337.6326344193972,-0.10076513094190886,-0.007533094539491871,-0.05323598752756675,-0.01521606816798915,-0.21260440394836877,306596.6,512876.5,0.360712569205257,0.07127221887964531,0.5625138679985605,5.000000000000016,-1.0310802261644767,-110.83129054439367,0.9303150952225678,False,True,SELL,NSE_RELIANCE-EQ
1776054000,367.0,367.15,366.05,366.5,799469,372.2879142471413,372.5354981753323,-0.24758392819097708,-0.0664591507127873,-0.16344320348679053,-0.10902153175251783,-0.05454049631851143,339778.6,469807.4,1.7016952053117937,0.08035114826451535,0.4790026819675344,1.5142857142857093,-0.253908593577421,-4014.5775003629374,0.0063246653864439395,False,True,SELL,NSE_KOTAKBANK-EQ
1776055800,1036.6,1039.35,1036.5,1038.55,209169,1049.2870088463228,1049.591597101295,-0.30458825497225916,-0.029019692594096067,0.2026146943894913,0.21711859500144204,0.14946962391513274,179207.8,254941.7,0.8204581674947644,0.10185624860190905,0.624538454406915,5.057142857142837,-0.47231919849105,-281.59335933034697,0.1677309435187908,False,True,SELL,NSE_SBIN-EQ
1776057000,792.45,792.9,791.95,792.7,266063,798.506156286552,798.6658976236632,-0.15974133711119975,-0.02000102140162631,0.018926250709738746,0.13263437124992894,0.18958543983822462,310818.0,703998.45,0.3779312298201793,0.03600218687100649,0.5449445109851833,1.192857142857138,-0.2554535795002266,-266.8974972521526,0.09571224238902687,False,True,SELL,NSE_HDFCBANK-EQ
1776065100,1055.15,1055.7,1052.0,1053.3,232633,1049.0185169190358,1048.9484658381305,0.0700510809053867,0.006678219491880805,-0.17533052172677976,-0.3641867284680633,-0.26040433691586484,162957.0,194234.1,1.1976939167736251,0.12609961765439576,0.15115231025564835,2.521428571428552,0.18877370082236666,-159.0039884180216,-0.11872261991697997,True,False,BUY,NSE_SBIN-EQ
1776225000,379.35,379.7,378.6,378.6,362294,371.40369798873525,371.25656111501667,0.14713687371857986,0.03963212751760535,-0.19770660340054924,1.6648764769065627,1.8015595590212596,534926.0,514106.9,0.7047055777699152,0.7913502518356701,0.41702396851413154,1.653571428571423,0.317043166972951,-186.59883686491673,-0.16990629325437112,True,False,BUY,NSE_KOTAKBANK-EQ
1776225900,808.15,809.9,807.75,808.55,763416,797.2441109239004,796.9774508091883,0.2666601147120673,0.03345892841024819,0.0618773590743249,0.3412757508066466,1.986629667003026,1256030.2,946826.8,0.8062889643596907,0.7617196210605242,0.4105562048015524,3.210714285714289,0.497798480951019,-215.3681749382935,-0.23113836623895168,True,False,BUY,NSE_HDFCBANK-EQ
1776228300,2549.2,2554.9,2549.1,2552.6,83162,2511.483878645817,2511.431134113669,0.05274453214815367,0.0021001783179202403,0.12944729925861154,0.06272050176401311,0.16087894840102201,64723.2,152134.45,0.5466349009050875,0.07792825849231738,0.5775274612156476,11.850000000000039,1.8180495308747595,-102.98784245137247,-1.7653049987266058,True,False,BUY,NSE_TCS-EQ
1776229200,1308.8,1310.2,1307.1,1307.4,170151,1294.9896824830532,1294.9176468777057,0.07203560534753706,0.005562948772937699,-0.1146000458400187,-0.3961602925491303,-0.25177386129549006,132408.6,280541.25,0.6065097378727727,0.11254008024654649,0.6941955268085832,3.8857142857143083,0.5482808824385756,-115.12573642462954,-0.4762452770910386,True,False,BUY,NSE_INFY-EQ
1776230400,1341.0,1341.9,1339.2,1341.3,176812,1330.46237213206,1330.0152586922654,0.4471134397945207,0.0336171661845552,0.022371364653239745,0.2316544612165572,0.2166766288105082,159600.0,210653.3,0.8393507246266734,0.06940432221540303,0.37191764508818276,1.6428571428571104,0.4755717078451198,-1671.119644384358,-0.028458268050599145,True,False,BUY,NSE_RELIANCE-EQ
1776324600,797.35,798.45,797.1,798.0,424810,804.013739758442,804.0375378101185,-0.023798051676521936,-0.0029598184857560824,0.07524454477050302,-0.05010020040079333,-0.02505637684790951,657019.2,686342.75,0.6189473116748155,0.14784038933167232,0.12554955774934304,1.875,-0.26577700701568574,-109.83476089611428,0.2419789553391638,False,True,SELL,NSE_HDFCBANK-EQ
1776668700,4060.0,4060.0,4057.1,4059.9,32959,4077.0928261523977,4077.7006432268035,-0.6078170744058298,-0.014905877787165032,0.0,0.027101606386126242,-0.13774443487886145,46380.0,40986.15,0.8041496944699612,0.06882035345386164,0.0651240279448389,4.800000000000019,-0.7553003497691861,-512.1261023721797,0.14748327536335637,False,True,SELL,NSE_LT-EQ
1776672900,379.1,379.2,378.65,378.95,101526,380.8868123470951,380.9197703494573,-0.03295800236219293,-0.008652216274297637,-0.013192612137202797,0.03959873284054005,-0.07910349373764225,151662.4,147190.25,0.6897603611652267,0.13468289831242233,0.11756804720827872,0.8321428571428474,-0.08538479994007275,-162.86480175187876,0.052426797577879825,False,True,SELL,NSE_KOTAKBANK-EQ
1776744300,1304.3,1306.2,1304.0,1304.3,90692,1312.066864306998,1312.2578955996773,-0.19103129267932673,-0.014557450431039624,-0.015331544653129914,0.13819577735123545,-0.4275135506527361,207870.2,162012.85,0.5597827579725929,0.2841571423563423,0.15861050746895214,3.171428571428578,-0.34190925968096053,-226.6131142112076,0.1508779670016338,False,True,SELL,NSE_INFY-EQ
1776747300,802.8,802.9,802.25,802.55,165659,800.2046391145014,800.202234072267,0.002405042234499888,0.0003005543014120961,-0.03114100647733098,0.031160413810304988,0.0062305295950082495,188221.8,630229.55,0.2628550184611305,0.05964456653344889,0.16471732023093436,1.1214285714285828,0.10371092116201908,-102.37404014452174,-0.10130587892751919,True,False,BUY,NSE_HDFCBANK-EQ
1776748200,1314.4,1315.7,1314.0,1315.7,57065,1312.3561534933585,1312.2598696638438,0.09628382951473213,0.0073372532179465915,0.08367564278108919,0.13699672730040913,0.15986601705237913,61930.2,118287.1,0.482427923247759,0.07675512886178398,0.17350820492938035,2.292857142857185,0.14708326311483688,-289.5372107348331,-0.05079943360010475,True,False,BUY,NSE_INFY-EQ
1776749400,381.25,381.5,380.85,381.05,72497,380.76462171434815,380.75953399992164,0.005087714426508683,0.0013362014532010981,-0.07866789038940558,-0.013119916032544587,-0.07866789038940558,108228.6,102158.05,0.7096552841406036,0.09872242370678513,0.10601807791766635,0.6464285714285681,0.012579019014197002,-167.91493213171645,-0.007491304587688319,True,False,BUY,NSE_KOTAKBANK-EQ
1776749700,4088.3,4088.9,4084.5,4085.4,20167,4071.826352496847,4071.492562981554,0.3337895152931196,0.008198210119010646,-0.05871128724497243,0.13235294117648344,0.15690120127482832,21224.8,21171.95,0.9525338950828809,0.06489328651180269,0.13629538044001546,4.785714285714286,0.5975332815232832,-226.55825768478203,-0.2637437662301636,True,False,BUY,NSE_LT-EQ
1776760500,1352.5,1353.6,1352.5,1352.8,184246,1357.2025296085576,1357.3288942411002,-0.12636463254261798,-0.009309801999998686,0.007392622163071572,-0.036946722825681455,-0.1697291712788651,405062.8,371162.3,0.496402786597669,0.07528618398449728,0.07349204552742403,2.1642857142856946,-0.19365414986191354,-287.79244907197807,0.06728951731929556,False,True,SELL,NSE_RELIANCE-EQ
1776764400,1312.9,1313.8,1310.9,1312.1,381484,1313.3883860214924,1313.3925858219118,-0.004199800419428357,-0.00031976733116702885,-0.05332114564290391,-0.10658545869813851,0.22150931866786738,410979.2,192848.5,1.978153835783011,0.12330023047069621,0.08244943234203933,2.671428571428529,-0.05694772487436239,-107.96202023648631,0.052747924454934036,False,True,SELL,NSE_INFY-EQ
1776764700,1312.3,1315.0,1311.8,1314.0,313395,1313.4189667204178,1313.3976476067292,0.021319113688605285,0.0016232032794830213,0.14480603612530007,0.16770849214819972,0.3053435114503733,457819.4,202745.4,1.5457564018715098,0.1323665525356812,0.08834354781911703,2.714285714285682,0.02551891410803364,-607.6220667530451,-0.004199800419428357,True,False,BUY,NSE_INFY-EQ
1776829500,1295.0,1297.7,1272.2,1279.4,1787779,1311.8319240919184,1313.1349427912662,-1.303018699347831,-0.099229611282605,-2.6776205689943544,-2.6331811263318072,-2.469888702546108,578032.0,296998.85,6.019481220213479,1.215068163872615,0.6052395763008037,5.449999999999965,-1.4234564590462924,-1181.902139835699,0.12043775969846138,False,True,SELL,NSE_INFY-EQ
1776830100,4054.9,4068.4,4054.9,4059.3,42839,4072.0747687628864,4072.301167095006,-0.22639833211951554,-0.005559469273757515,0.06655820144949587,-0.26289926289926324,-0.38527607361962257,52409.2,46141.1,0.9284347360596085,0.21819578125668102,0.115444529806644,7.307142857142837,-0.5631027456774973,-167.23949048577853,0.33670441355798175,False,True,SELL,NSE_LT-EQ
1776832500,378.7,378.85,378.15,378.6,183696,380.84798569680373,380.93126568651684,-0.08327998971310535,-0.02186220906887693,-0.013204806549571568,-0.19770660340054924,-0.39463299131807794,151519.0,292028.6,0.6290342795191979,0.1848659480243582,0.13202096987776368,1.1571428571428604,-0.09872456871994473,-639.2182569445641,0.015444579006839376,False,True,SELL,NSE_KOTAKBANK-EQ
1776834600,2561.6,2563.7,2560.2,2562.7,38354,2581.1511898072413,2581.3898592280766,-0.23866942083532194,-0.009245772000773731,0.05075349418286468,-0.0039019822069774612,-0.08966861598441733,43473.2,76068.6,0.5042027853805644,0.05926627995985029,0.32862052888602344,4.7928571428571365,-0.8140576124405925,-141.4797217456723,0.5753881916052705,False,True,SELL,NSE_TCS-EQ
1776835800,1362.3,1363.8,1361.2,1363.8,120635,1356.897575875909,1356.8622762590796,0.035299616829433944,0.002601562254848467,0.1174570547643361,0.16157461809636064,0.4270986745213534,134496.2,113069.55,1.0669097029217858,0.08169981124375861,0.11437859930637864,2.2714285714285682,0.30498528071211695,-113.08917067419266,-0.269685663882683,True,False,BUY,NSE_RELIANCE-EQ
1776846000,802.7,802.8,801.6,802.0,269428,804.0022111952873,804.0646810465003,-0.06246985121299531,-0.007769256962224732,-0.08720568082721813,-0.08098174795988511,0.0311817898347444,200203.0,189761.45,1.4198247325787192,0.044617136444436115,0.07105876421481648,0.9964285714285666,-0.08802927569900021,-344.4102418941427,0.0255594244860049,False,True,SELL,NSE_HDFCBANK-EQ
1776916800,1347.6,1349.5,1346.9,1348.0,271064,1366.0904355153057,1366.7445270728754,-0.6540915575696999,-0.04785763137245206,0.029682398337782523,-0.12595391568497316,-1.4259597806215774,362895.0,250179.75,1.083476980051343,0.5939328460452343,0.2970401934921643,3.442857142857146,-0.7946111507899332,-565.4806796547987,0.14051959322023322,False,True,SELL,NSE_ICICIBANK-EQ
1776918600,1352.8,1353.2,1352.0,1353.0,88185,1358.1547293466897,1358.265157197471,-0.11042785078120687,-0.00813006578252028,0.02217786648923692,-0.03694126339121029,-0.007390436774801223,124527.0,231385.55,0.3811171440913229,0.03528178586984077,0.1504145059680265,3.4857142857142827,-0.2270565260962485,-194.68327620365673,0.11662867531504162,False,True,SELL,NSE_RELIANCE-EQ
1776919800,1096.75,1097.35,1096.2,1096.7,49413,1101.0301907506628,1101.1070951384731,-0.07690438781037301,-0.006984278654630016,0.022800857312232914,-0.018233202662054637,-0.17294738758418804,137234.4,219037.05,0.2255919717691596,0.0651251160124576,0.10704728022500529,2.8464285714285813,-0.1908703634221638,-167.4801293961077,0.11396597561179078,False,True,SELL,NSE_SBIN-EQ
1776937500,1369.8,1371.4,1368.0,1369.7,217369,1373.1413564590573,1373.2232963864567,-0.08193992739938949,-0.0059669776659782,0.0073014018691752725,0.07306202966317343,-0.2911843925165636,200494.6,115456.35,1.882694195685209,0.048546896509381696,0.11452844690603638,3.0642857142857207,-0.1515164915015248,-217.76943638536866,0.06957656410213531,False,True,SELL,NSE_AXISBANK-EQ
1777022100,1105.25,1105.5,1101.65,1103.0,226402,1097.1155903079177,1097.0771875549428,0.038402752974889154,0.00350046044257628,-0.22614201718679228,0.04081447553399009,0.31376472193169747,320797.8,198592.35,1.1400338431968804,0.20889736541959383,0.12268272802360794,2.3821428571428833,0.2599342401156264,-117.33512173395569,-0.22153148714073723,True,False,BUY,NSE_SBIN-EQ
1777264200,4072.9,4072.9,4064.9,4064.9,13353,4032.9390617831573,4032.9039122720615,0.03514951109582398,0.0008715682758734862,-0.19642024110584355,-0.10076185795034887,0.05415118024958421,14547.0,32675.3,0.40865730383500687,0.13339624178027135,0.3328929979061131,11.478571428571415,1.4132799562016771,-102.5505213400263,-1.3781304451058531,True,False,BUY,NSE_LT-EQ
1777264200,378.55,379.2,378.5,378.5,116358,373.47958969374673,373.4585617314989,0.021027962247842424,0.0056306011971846695,-0.05281225244256893,0.013211784912137148,0.3978779840848823,150372.6,363557.65,0.32005377964127557,0.1620478802224593,0.3820110208845732,1.7535714285714294,0.22186709391536397,-110.47005236143576,-0.20083913166752154,True,False,BUY,NSE_KOTAKBANK-EQ
1777276800,1350.0,1350.5,1348.6,1350.4,112256,1342.3463194676128,1342.1988819672977,0.14743750031516356,0.010984772994227232,0.029629629629646104,0.17804154302671904,0.26730026730028555,167127.0,191847.75,0.5851306569923286,0.051533943011715495,0.10062685366476619,2.564285714285753,0.35496096449901415,-171.0461830882626,-0.2075234641838506,True,False,BUY,NSE_RELIANCE-EQ
1777350600,792.35,793.8,792.3,793.2,404709,790.0434510636945,789.9222232129262,0.12122785076837772,0.015346808483915808,0.11359333585763132,0.21478205938092465,0.44320628086615965,443385.0,405048.85,0.9991609653996055,0.14920722316839943,0.15770018002687808,1.7785714285714513,0.13858981179384955,-798.2382381260024,-0.017361961025471828,True,False,BUY,NSE_HDFCBANK-EQ
1777356900,788.3,788.65,787.15,787.8,272610,789.9615326599037,790.0014943905293,-0.03996173062557773,-0.00505843734592014,-0.05074854097946169,0.03809523809523707,-0.23428101057431094,375847.2,324270.5,0.840687019016531,0.11371910102373804,0.07984238058503829,1.0500000000000114,-0.0952649239756056,-172.25935466809275,0.05530319335002787,False,True,SELL,NSE_HDFCBANK-EQ
1777359000,1095.85,1096.1,1093.1,1094.55,113264,1102.94869616428,1103.0743352890988,-0.12563912481891748,-0.011389905539411303,-0.10039702459728739,-0.10495573605915354,-0.43209315018648553,92000.6,99187.05,1.1419232651843159,0.042752688299481284,0.10876819195594876,2.1857142857142793,-0.370403570569124,-151.33062705812185,0.2447644457502065,False,True,SELL,NSE_SBIN-EQ
1777361700,4031.4,4033.8,4030.6,4032.2,17915,4051.725314326645,4051.9988262933753,-0.27351196673043887,-0.006750050492503176,0.009921127040013467,-0.002479974208280389,-0.0570083033833213,21075.4,20510.4,0.8734593181995475,0.05044643296659788,0.10745302724471813,6.978571428571415,-0.8612714309142575,-146.53467675084505,0.5877594641838186,False,True,SELL,NSE_LT-EQ
1777436400,4073.9,4075.3,4072.0,4074.5,9680,4050.7433555072566,4050.1373398423225,0.6060156649341479,0.014962842345433673,0.0220934799685768,0.13270747831215512,0.307730182176269,28722.6,37337.2,0.259258862474958,0.07136296116349719,0.18284970111271223,11.492857142857149,1.0456214735254434,-237.85433520000748,-0.4396058085912955,True,False,BUY,NSE_LT-EQ
1777440600,2479.9,2482.8,2479.6,2480.8,44220,2461.684213122454,2461.4478348454045,0.23637827704942538,0.009603221067826186,0.0322580645161441,0.4331808428808648,0.3600469274646967,35441.6,37126.25,1.191071007710178,0.17243364554197918,0.20282181582577347,5.064285714285753,0.8434708095933274,-138.93612001105146,-0.607092532543902,True,False,BUY,NSE_TCS-EQ
1777524300,4021.0,4022.8,4015.0,4021.1,29004,4069.0834639659283,4069.673434158727,-0.5899701927987735,-0.014496745312458483,-0.014919064077378863,-0.09689440993788656,-0.41112514550362134,25922.2,39984.05,0.7253892489630239,0.04514454888828029,0.16715963857731672,12.664285714285759,-2.1172653529092713,-138.62843333806478,1.5272951601104978,False,True,SELL,NSE_LT-EQ
1777527600,2455.7,2456.6,2453.0,2453.1,17435,2466.47344916944,2466.5934753349584,-0.12002616551853862,-0.004866070015945344,-0.09773976786805472,-0.04074813577278347,-0.3736344068553943,27928.8,32143.4,0.5424130614682952,0.07342690353298115,0.09327939027672728,4.685714285714312,-0.5904751967264019,-125.51310717132847,0.4704490312078633,False,True,SELL,NSE_TCS-EQ
1777534500,1183.6,1184.2,1180.2,1183.3,162167,1175.1655384811686,1175.15748645886,0.008052022308675078,0.0006851866580826113,-0.025346400811077086,0.050731377356894036,0.20323482089930067,162343.2,178855.2,0.9066943538683806,0.07253038824560713,0.11014027917222627,2.871428571428591,0.35970507008391905,-102.28976326513212,-0.351653047775244,True,False,BUY,NSE_INFY-EQ
1777536900,2480.8,2481.8,2479.0,2481.0,52409,2465.8159214714315,2465.459590780758,0.3563306906735306,0.014452911416840068,0.008061915511126116,0.4534780144141104,0.44534412955465896,43952.2,37185.0,1.409412397472099,0.13517272136444689,0.13979147426689975,5.121428571428526,0.668570353708219,-214.1208926535204,-0.3122396630346884,True,False,BUY,NSE_TCS-EQ
1777867500,370.8,373.25,370.4,372.85,1164879,379.86564438693904,380.1017433169211,-0.23609892998206305,-0.06211466643687781,0.6206989610039182,-0.3074866310160407,-2.8023983315954126,3277575.2,1489215.25,0.782209959238599,1.57183508553124,0.7943915295057438,3.4392857142857127,-0.30830542194786403,-426.9774275890402,0.07220649196580098,False,True,SELL,NSE_KOTAKBANK-EQ
1777868700,4105.5,4109.0,4102.0,4108.0,18615,4051.151344820408,4049.7548932691475,1.396451551260725,0.034482372095696025,0.08527226215129247,-0.5230530802014854,-0.08269689156977789,46464.6,62466.9,0.29799781964528416,0.29825479067438637,0.4482727902505252,17.285714285714352,2.502579804725883,-226.24680247395125,-1.1061282534651582,True,False,BUY,NSE_LT-EQ
1777869900,2449.8,2452.8,2449.0,2450.0,33633,2466.6154853093694,2466.682618247392,-0.06713293802249609,-0.002721587995386081,0.04083299305839283,-0.46719479991874646,-0.40650406504064707,29491.8,80694.95,0.41679188102849063,0.2104363032699951,0.20584074684342774,11.042857142857104,-0.7343091575030485,-110.06224983180068,0.6671762194805524,False,True,SELL,NSE_TCS-EQ
1777873200,784.75,785.25,784.25,785.2,197446,779.9920679745298,779.8609749686349,0.13109300589496797,0.01680979175810668,0.0700949467915768,0.4220488553523527,0.274567396717984,261811.4,311209.3,0.6344476209419192,0.16513470678628314,0.18015066419198822,1.9071428571428604,0.2292359289849628,-233.57356981792628,-0.09814292308999484,True,False,BUY,NSE_HDFCBANK-EQ
1777878600,1171.7,1171.7,1170.0,1170.0,74774,1177.281797439563,1177.5614045656296,-0.279607126066594,-0.023744589877224574,-0.13656538067599033,-0.35769034236076136,-0.30674846625765584,68924.8,74522.9,1.003369434093413,0.09812605113940721,0.11679313177678338,1.9928571428571655,-0.31971128198188126,-797.2023713881753,0.040104155915287265,False,True,SELL,NSE_INFY-EQ
1777880400,776.85,777.0,776.05,776.15,183410,779.8605744688917,780.0087115198862,-0.14813705099447816,-0.018991717503491167,-0.09010748535753788,-0.07724493080142336,-0.26342842456952287,268248.6,314910.1,0.5824201891269921,0.04559101350937228,0.15970406344686716,1.5214285714285924,-0.16286724587348544,-1105.6693221730245,0.014730194879007286,False,True,SELL,NSE_HDFCBANK-EQ
1777957500,4035.0,4037.0,4028.0,4033.3,43830,4070.4205819673944,4071.285393874371,-0.8648119069766835,-0.02124174120236999,-0.04213135068152907,-0.15842760601033623,-0.32128117045201465,33270.6,43490.4,1.0078086198333425,0.023582415289878977,0.2535322373980225,11.007142857142915,-1.6345098498482002,-212.35731042106264,0.7696979428715167,False,True,SELL,NSE_LT-EQ
1778039100,1187.0,1191.0,1184.3,1185.9,436336,1175.210459810562,1174.8526698713542,0.3577899392078052,0.03045402614159127,0.7048233695652328,0.5511276920467933,0.6877228731533513,335159.8,184454.5,2.3655481433090544,0.3282332786023562,0.1923173578900206,3.214285714285698,0.46977267142801793,-419.50456299299395,-0.11198273222021271,True,False,BUY,NSE_INFY-EQ
1778045100,777.5,778.25,777.35,777.5,194215,775.6431503788606,775.5901781082658,0.052972270594750626,0.0068299305599710865,-0.01928888317366262,-0.1476915173698079,-0.0835314528047304,292723.6,322353.7,0.6024903700500412,0.04645156325851832,0.11761900279085785,1.25,0.0816800039683585,-284.52265076228576,-0.02870773337360788,True,False,BUY,NSE_HDFCBANK-EQ
1778049600,1172.7,1172.9,1171.1,1171.7,65045,1175.1016098207274,1175.1875544555646,-0.08594463483723302,-0.007313269657373887,-0.08527330092947816,-0.19591141396932965,-0.25538435345194843,52562.4,61309.3,1.0609320282567245,0.04216035659127245,0.08039585155870821,1.4857142857143149,-0.1497249155290774,-234.7511078737269,0.06378028069184438,False,True,SELL,NSE_INFY-EQ
1778053500,1433.0,1434.9,1431.3,1434.8,87425,1443.8783607670375,1443.9008095603397,-0.02244879330214644,-0.0015547323717466427,0.12561060711793193,0.23752969121140222,0.1465763942206877,76090.4,91547.8,0.9549656026687697,0.15036835541376142,0.14183701944612218,3.6714285714285944,-0.4013310701595856,-105.92500485595244,0.37888227685743914,False,True,SELL,NSE_RELIANCE-EQ
1778058000,1085.7,1090.5,1085.7,1088.8,598736,1070.5006340462746,1070.3993228236402,0.10131122263442194,0.009464806308655902,0.2670595819135979,1.2554635915558388,1.9666604233002483,518490.8,229607.35,2.6076517149821203,0.2933862604785197,0.24273249820901988,3.392857142857143,0.8084969845831438,-114.32597035823355,-0.7071857619487218,True,False,BUY,NSE_SBIN-EQ
1778058600,1291.8,1294.9,1291.3,1293.7,128610,1272.291176020042,1271.4334075683162,0.8577684517258604,0.06746467778964436,0.15483471394286408,0.07735746886361472,1.2443261856315724,175077.4,95321.25,1.3492269562138557,0.4510914831196562,0.25104069681772595,4.064285714285721,0.9396659873564204,-1147.3678421720233,-0.08189753563056001,True,False,BUY,NSE_AXISBANK-EQ
1778059800,1280.4,1282.8,1277.1,1281.6,1234239,1265.0113932604124,1264.4916949671665,0.5196982932459377,0.04109938367443624,0.10153870186675462,0.13282287678724192,0.32093933463794855,819091.2,615951.45,2.0037926690488352,0.09058873211320002,0.17277619880379128,3.4214285714285944,0.7293172960576157,-347.9251815317695,-0.209619002811678,True,False,BUY,NSE_ICICIBANK-EQ
1778127900,375.15,376.85,375.0,376.7,216883,373.5324887619962,373.4263677942939,0.10612096770228163,0.02841817741181564,0.4131680661068948,0.2795155064554855,0.26616981634282055,330753.6,1186560.8,0.18278287973106813,0.214969491188632,0.33988785940245064,1.807142857142858,0.13920160345605836,-420.79482538411025,-0.03308063575377673,True,False,BUY,NSE_KOTAKBANK-EQ
1778139000,4034.6,4044.0,4033.9,4035.6,31681,4010.4249636770887,4009.365049891195,1.0599137858935137,0.026435951146984667,0.024785604520904947,-0.5054116022780497,0.9278479429786213,112353.4,57864.3,0.5475051110961335,0.5364680548896106,0.2764342526653256,12.692857142857163,1.104540146112413,-2475.0845479991476,-0.04462636021889921,True,False,BUY,NSE_LT-EQ
1778214300,3984.9,3989.0,3983.8,3987.0,22927,4010.6207036567002,4011.4931290821796,-0.8724254254793777,-0.02174814707158645,0.05520979722946073,0.0652544925208387,-0.38476913851689387,27568.4,49846.65,0.4599506687009057,0.058776454655420064,0.14253794847457685,8.778571428571402,-1.0373703151640257,-628.9193421798856,0.16494488968464793,False,True,SELL,NSE_LT-EQ
1778217000,1273.2,1273.9,1272.7,1272.8,20732,1280.7125120709338,1281.0226261996438,-0.31011412870998356,-0.02420832562731434,-0.015710919088773867,-0.1333856414280188,-0.015710919088773867,34084.6,80414.15,0.25781532230335086,0.0907433683012323,0.3517061632358447,2.2857142857142856,-0.34735030457659377,-932.8302289174218,0.03723617586661021,False,True,SELL,NSE_AXISBANK-EQ
1778217900,1266.5,1266.7,1264.2,1264.7,205201,1273.3199359411424,1273.3247974290175,-0.004861487875132298,-0.00038179480089826066,-0.13423878711308346,-0.18153117600631097,-0.4878432606814087,88223.0,98746.75,2.0780532017509437,0.051925528252349674,0.09306537267911717,1.9071428571428604,-0.38120354968827996,-101.29177372619753,0.37634206181314767,False,True,SELL,NSE_ICICIBANK-EQ
1778221800,782.35,782.7,781.35,781.55,222237,785.2364121471703,785.2713283316365,-0.0349161844661694,-0.0044463847343505156,-0.14692730292578116,-0.057544757033256566,-0.04476275738586333,217124.0,273266.55,0.813260898562228,0.08517935786005948,0.073901443780931,0.9964285714285991,-0.16275002530403526,-127.3137255654035,0.12783384083786586,False,True,SELL,NSE_HDFCBANK-EQ
1778225700,1173.0,1175.0,1172.8,1174.5,131451,1170.8698794654063,1170.7177059032706,0.15217356213565836,0.012998313886288105,0.12787723785165905,0.13641401654018726,0.1876652733941775,67602.2,68149.4,1.9288651110648078,0.053788586074217326,0.08685827006645226,1.664285714285711,0.15927499149870528,-2242.858210031779,-0.007101429363046918,True,False,BUY,NSE_INFY-EQ
1778228400,1078.6,1078.8,1077.1,1078.5,76565,1083.584401768161,1083.7529659285995,-0.1685641604385637,-0.015553743863956276,0.0,0.18578727357176916,0.139275766016711,120398.2,143441.2,0.5337727235968466,0.13742329354325689,0.15261266573301713,3.5142857142857173,-0.22345752223259296,-407.07567350502194,0.05489336179402926,False,True,SELL,NSE_SBIN-EQ
1778485500,1274.9,1275.0,1272.0,1272.3,342568,1268.8551112905268,1268.8233848878524,0.031726402674394194,0.002500458539168428,-0.19610919359899226,0.06291781360596715,0.07078810759790777,305659.6,249974.1,1.3704139748877984,0.22086769807737006,0.12355933719376264,2.392857142857143,0.1520946790344624,-126.35777767514776,-0.1203682763600682,True,False,BUY,NSE_ICICIBANK-EQ
1778487600,1282.2,1282.5,1281.1,1282.0,82293,1274.800635437687,1274.554331645771,0.24630379191603424,0.019324699292967287,-0.023395461280506513,0.26591584545596625,0.4466034631356308,101994.2,94500.6,0.870819867810363,0.08623488739584051,0.0845233283447027,2.078571428571487,0.3163452827002402,-451.654125516664,-0.07004149078420596,True,False,BUY,NSE_AXISBANK-EQ
1778557500,1256.0,1259.9,1252.7,1256.1,900466,1268.9252824500659,1269.0767104549695,-0.15142800490366426,-0.011932139614269388,-0.8759469696969835,-0.7898270278808961,-0.7741527766806366,577556.6,390836.35,2.3039463959787776,0.3965290699196436,0.20315388609071236,3.0142857142856525,-0.5659668787764076,-136.52926527468452,0.41453887387274335,False,True,SELL,NSE_ICICIBANK-EQ
1778557500,1270.4,1272.3,1265.5,1269.8,292950,1274.5869581782476,1274.7110310436483,-0.12407286540064888,-0.00973341113233062,0.1498540894392164,0.15775358889413837,-0.45468798996550763,159875.6,116773.0,2.508713486850556,0.16809951049150748,0.12759501759202177,3.1214285714285586,-0.2106759988421345,-243.26602337602498,0.08660313344148562,False,True,SELL,NSE_AXISBANK-EQ
1778558100,1141.2,1141.2,1136.4,1138.9,339928,1174.3100420832482,1175.460036772308,-1.1499946890598949,-0.09783358456129751,-0.18404907975458906,-3.1547619047618936,-3.245263783875607,454199.6,204725.6,1.660407882551083,1.2431216128459939,0.6409442712631849,5.135714285714324,-1.5564592256666856,-382.92620523801986,0.4064645366067907,False,True,SELL,NSE_INFY-EQ
1778570700,377.6,378.0,377.35,377.95,84694,378.97887634475,378.99084417285314,-0.011967828103138345,-0.0031578145718158734,0.10594623228710187,-0.09251916468412391,-0.5525588738323983,157861.0,158201.8,0.5353542121518213,0.19848038080579666,0.1527088344260338,0.8642857142857078,-0.04540479687796051,-135.79220408325426,0.03343696877482216,False,True,SELL,NSE_KOTAKBANK-EQ
1778648400,381.85,382.85,381.6,382.7,213076,378.6478485782451,378.6325019876868,0.015346590558294793,0.004053162493375666,0.2357255107386047,0.5253480430785329,0.8697944122298296,193443.0,307675.95,0.6925338168290371,0.06679657252834989,0.21885124995119015,1.017857142857147,0.17909047189516514,-109.37231390449469,-0.16374388133687034,True,False,BUY,NSE_KOTAKBANK-EQ
1778730300,3942.0,3971.9,3935.4,3965.5,76166,3918.3480733023644,3917.539000937878,0.8090723644863829,0.020652566937883372,1.1349145626115886,1.2278552100883244,1.2899106002554284,62123.6,42515.3,1.791496237824971,0.49200006216494785,0.27972824890617465,10.828571428571422,2.0786467469433774,-163.72784262711676,-1.2695743824569945,True,False,BUY,NSE_LT-EQ
1778733600,378.5,378.5,377.7,378.15,39441,379.400090938558,379.43013519120206,-0.03004425264407473,-0.00791825684297186,-0.052861107440216326,-0.03965107057891659,-0.17159450897572537,59609.4,163525.65,0.2411915194955654,0.06994850230469467,0.1647232254825177,1.0571428571428538,-0.0550368213425827,-220.21274406207132,0.024992568698507966,False,True,SELL,NSE_KOTAKBANK-EQ
1778739900,382.8,383.35,382.65,383.2,94617,379.5137497091738,379.38795629839746,0.125793410776339,0.03315693307812848,0.11757021554539282,0.13065064018813466,1.0548523206751037,175074.2,124946.3,0.7572613194628413,0.2499066347524963,0.1929439357772079,1.1285714285714334,0.16197919251567328,-447.6321492305923,-0.03618578173933429,True,False,BUY,NSE_KOTAKBANK-EQ
1778741400,769.75,771.45,769.35,770.8,379680,760.0997320200904,759.7880486946483,0.3116833254421181,0.041022404337315486,0.11689829848031685,0.23407022106631814,-0.045386760033716556,458827.8,727028.15,0.5222356245765725,0.15528734713792003,0.27104964233606604,3.8035714285714284,0.4706345930152338,-296.08734815452,-0.15895126757311573,True,False,BUY,NSE_HDFCBANK-EQ
1778745000,1251.2,1251.9,1250.2,1250.3,94328,1248.705178258698,1248.6447625817761,0.060415676921820705,0.004838500006751437,-0.07193094629156516,-0.07193094629156516,0.024000000000001798,133197.8,143165.15,0.6588754316256435,0.08143369009874395,0.09070461693990411,2.392857142857175,0.0700284282481789,-728.4951609656305,-0.009612751326358193,True,False,BUY,NSE_ICICIBANK-EQ
1778824500,1245.2,1246.3,1244.5,1245.1,138798,1248.9276390992313,1249.0440184550466,-0.11637935581529746,-0.009317474332029394,-0.02408864621810114,-0.056188794349021354,-0.42386436340372535,108457.6,83377.8,1.664687722631204,0.10595599176297472,0.07972328643570596,1.6142857142857403,-0.16831167720602025,-324.0981198196303,0.05193232139072279,False,True,SELL,NSE_ICICIBANK-EQ
1778824500,3912.4,3916.1,3911.3,3911.3,14061,3933.747682074724,3933.9655209890884,-0.21783891436462,-0.005537387483504185,-0.04599933556515001,-0.11491904591653945,-0.5643828651328286,14099.8,9316.55,1.5092496686005015,0.14614785488315055,0.11392393341312565,7.599999999999942,-0.9909903883672087,-128.1754509548915,0.7731514740025887,False,True,SELL,NSE_LT-EQ
1778830800,1250.9,1251.0,1250.5,1251.0,21483,1248.9676888421839,1248.9648002053873,0.002888636796569699,0.00023128248258835434,0.007994244144216012,0.007994244144216012,0.06398976163812797,40165.2,117753.95,0.18243973981339903,0.04022785203371339,0.05474965129212676,1.1571428571428604,0.08986122586588863,-103.32131862174114,-0.08697258906931893,True,False,BUY,NSE_ICICIBANK-EQ
1778838000,1242.9,1243.9,1242.3,1243.9,284950,1248.962150086851,1249.0789889666512,-0.11683887980029795,-0.009354002495627392,0.08850981654329182,-0.37642159218322924,-0.5118771494841079,425355.8,217134.95,1.3123175241940552,0.23110556082340744,0.12432613924090538,1.9714285714285325,-0.22290803625332956,-210.15349203048982,0.10606915645303161,False,True,SELL,NSE_ICICIBANK-EQ
1779077100,753.9,754.7,753.15,754.0,219542,767.6831495109157,767.9180754452581,-0.2349259343424137,-0.03059257775722987,-0.0198899423191623,0.08628127696288512,-1.7333507102827994,515476.6,473512.4,0.4636457250116364,0.9635302392599028,0.4994535280667508,3.1392857142857173,-0.6032071465451736,-163.7898232541587,0.3682812122027599,False,True,SELL,NSE_HDFCBANK-EQ
1779078300,1128.4,1130.0,1127.7,1130.0,60497,1122.3524849482255,1122.3334099373128,0.01907501091272934,0.001699585055905514,0.08857395925598865,0.03541076487252326,0.22172949002217113,141075.4,493517.9,0.1225831930310937,0.11465216645879242,0.39537801151743895,5.471428571428613,0.33807566562154534,-105.97961497293508,-0.319000654708816,True,False,BUY,NSE_INFY-EQ
1779081600,381.65,382.1,381.6,382.1,70918,384.3489911586672,384.3660247278045,-0.01703356913725429,-0.004431601140948113,0.06547073458165187,0.09168303863786864,0.2229508196721408,77241.4,107929.3,0.6570782910664666,0.10724927702886998,0.2730324081871315,0.7892857142857151,-0.09932573111598231,-120.69889613746854,0.08229216197872802,False,True,SELL,NSE_KOTAKBANK-EQ
1779087000,386.2,386.35,385.7,386.2,374561,384.41277243573154,384.34511586824937,0.06765656748217452,0.017603077205582778,-0.06469142191745103,0.35078602052747154,0.6515506906437318,261355.4,146623.85,2.554570760486783,0.15453426917354918,0.167628406694123,1.1500000000000057,0.07847734703437936,-725.2467038605258,-0.01082077955220484,True,False,BUY,NSE_KOTAKBANK-EQ
1779089400,772.75,773.85,772.45,773.3,289604,766.9673613876851,766.888777915095,0.07858347259002585,0.010247049487888855,0.07764979940467764,0.4285714285714226,0.17488179286222483,317073.4,354101.3,0.8178563591830925,0.15907749153265513,0.16155048349406814,1.6428571428571428,0.27942095322953264,-139.1278920347937,-0.2008374806395068,True,False,BUY,NSE_HDFCBANK-EQ
1779094800,2280.5,2282.1,2279.2,2279.3,22517,2277.9971577628753,2277.9596535715173,0.03750419135803895,0.0016463940131352943,-0.05262003946502336,-0.02631694372560167,-0.13144634798230026,36431.0,35037.2,0.6426598015823183,0.10848090826059745,0.11783092096220107,4.035714285714254,0.05730722869429883,-289.3860558923848,-0.019803037336259877,True,False,BUY,NSE_TCS-EQ
1779096600,1248.0,1253.7,1248.0,1251.9,967745,1246.2579030990375,1246.0577287052758,0.20017439376169932,0.016064616361690705,0.29642685467072827,0.24823830877642727,0.3205385046878728,417392.6,210800.3,4.590814149695233,0.13783180979525567,0.0967776963051437,2.1785714285714124,0.2478577517094891,-519.7992808746345,-0.04768335794778977,True,False,BUY,NSE_ICICIBANK-EQ
1779164700,1237.0,1238.8,1236.1,1236.8,320448,1245.7541426809921,1246.061117406392,-0.3069747253998685,-0.024635607444265618,-0.032331070158431174,-0.6426735218509005,-0.8020532563362215,4286143.8,1308970.05,0.24480926817233137,0.23250258538109317,0.1736983214133223,4.071428571428604,-0.3934461514004397,-455.0013450661038,0.08647142600057123,False,True,SELL,NSE_ICICIBANK-EQ
1779165300,3924.4,3936.4,3923.7,3933.0,47201,3916.1062833620754,3915.3813544084924,0.724928953583003,0.018514900285939582,0.2574625914502082,0.045787545787545625,0.2421307506053294,31152.4,37691.15,1.2523098923752658,0.18884570006856996,0.2482716834324481,11.549999999999986,0.7410871356364623,-4586.45120586324,-0.016158182053459313,True,False,BUY,NSE_LT-EQ
1779170700,766.25,766.45,765.25,766.2,466941,767.4134641858437,767.4288516981088,-0.01538751226507884,-0.002005073464599423,0.013053126223727674,-0.013049719431024176,-0.23437499999999778,318791.0,339582.45,1.375044558398115,0.07253469093506765,0.0843971898358765,1.2357142857142824,-0.05354005123888328,-140.33155506542806,0.03815253897380444,False,True,SELL,NSE_HDFCBANK-EQ
1779171300,767.7,768.5,767.25,768.2,225123,767.466401427724,767.4375186733972,0.028882754326787108,0.0037635317044069235,0.06512960791975608,0.27411565069834776,0.2675716243555559,331839.2,319648.65,0.7042826553467377,0.10372721631055472,0.09284892056789246,1.3035714285714124,0.032203045066466984,-969.8863018716193,-0.0033202907396798764,True,False,BUY,NSE_HDFCBANK-EQ
1779176400,766.85,767.2,765.8,766.0,526441,767.4150049296372,767.4511360736433,-0.036131144006049,-0.004707940650254236,-0.11084305926843951,-0.032626427406201586,-0.14339721027245567,357375.2,378075.8,1.392421837102507,0.10266452020247631,0.12491268304134387,1.4750000000000227,-0.06227952287815697,-238.17737681852807,0.02614837887210797,False,True,SELL,NSE_HDFCBANK-EQ
1779177900,768.1,768.15,766.1,767.9,436238,767.458906434772,767.4569534403457,0.00195299442623309,0.00025447608722264264,-0.02603827626611599,0.05863574174211905,0.1369237790962874,333944.2,388996.65,1.1214441049813668,0.08998429266279204,0.12398834924484477,1.4285714285714448,0.01949237046824237,-111.13491393054915,-0.01753937604200928,True,False,BUY,NSE_HDFCBANK-EQ
1779177900,385.65,385.7,384.5,384.75,161970,386.3852596779514,386.3923766495583,-0.007116971606876632,-0.0018419026970947273,-0.2333722287047757,-0.06493506493506773,-0.1168224299065379,191208.2,180320.4,0.8982344759661137,0.1431198023393369,0.0826210032248349,0.5928571428571436,-0.07226481438942756,-110.92433962952772,0.06514784278255092,False,True,SELL,NSE_KOTAKBANK-EQ
1779178200,768.0,768.05,766.4,766.5,466897,767.4109611130334,767.4489788283429,-0.03801771530947917,-0.0049537775615416755,-0.1823154056517784,-0.09124087591241281,0.06527415143602333,366363.6,399094.55,1.1698906938218023,0.10834627475668973,0.12965281388415598,1.3500000000000145,-0.03997070973571226,-2046.6371638759483,0.00195299442623309,False,True,SELL,NSE_HDFCBANK-EQ
1779181200,1246.0,1247.6,1245.7,1247.1,104846,1245.2464363827046,1245.2337350424448,0.012701340259809513,0.0010199964795666718,0.08828250401282656,0.1123866099381754,-0.024050024050037422,249165.6,220285.05,0.47595603968585254,0.05460151945269129,0.05552749404685661,2.278571428571451,0.0818730810544821,-118.3620364528801,-0.06917174079467259,True,False,BUY,NSE_ICICIBANK-EQ
1779182100,1245.4,1245.4,1242.5,1243.4,290418,1245.2270008936216,1245.2318439874948,-0.004843093873205362,-0.0003889310971759889,-0.1605909747872114,-0.2966883168951773,-0.18463514489844846,207000.2,237557.3,1.22251768310214,0.09906025737098767,0.066512140301299,2.3428571428571883,-0.08076429481570813,-106.37910598499775,0.07592120094250276,False,True,SELL,NSE_ICICIBANK-EQ
1779261000,1348.0,1355.6,1347.2,1355.0,557517,1339.1839882201054,1339.0806666989176,0.10332152118780868,0.007715854896368223,0.5192878338278861,0.5416635749796006,0.6462155537398928,183551.8,189679.9,2.9392518659067197,0.24172680478838654,0.21526085645864834,3.58571428571424,0.6986457625328057,-117.35550377629134,-0.5953242413449971,True,False,BUY,NSE_RELIANCE-EQ
1779263100,3912.5,3912.7,3906.5,3909.7,21559,3924.3383776539195,3924.391624611801,-0.05324695788158351,-0.001356820699230054,-0.06645707128799527,-0.18381883632465623,-0.2576662074595726,20841.2,26904.9,0.8013038517147434,0.016961092370951357,0.0961658813773056,5.264285714285701,-0.6469818988025509,-108.96813615162853,0.5937349409209673,False,True,SELL,NSE_LT-EQ
1779265800,1248.9,1251.4,1248.3,1250.0,52076,1243.1762745304918,1243.1262007208393,0.050073809652531054,0.004028055206582827,0.15223139171540723,0.5712446697240248,0.5955255110252855,33076.4,32308.1,1.6118558503904594,0.12955130709294452,0.11585943753010526,2.414285714285711,0.3013804266108764,-119.92538447996014,-0.25130661695834533,True,False,BUY,NSE_AXISBANK-EQ
1779336600,3946.3,3951.2,3944.4,3950.0,16123,3924.5007876571217,3923.4959281555584,1.00485950156326,0.025611330302454167,0.07600709399544492,0.15212981744421317,0.971370143149275,20909.4,35357.2,0.4560033034290046,0.14054680581334467,0.21449807631037376,10.157142857142844,1.11934051470962,-977.752103991761,-0.11448101314636006,True,False,BUY,NSE_LT-EQ
1779336600,955.0,955.5,953.8,954.8,93580,951.039651310859,950.8906595944785,0.14899171638046482,0.015668648637689277,0.0,0.0,0.505263157894742,153588.8,224210.7,0.41737526353559395,0.11465871547699917,0.17817254168520893,2.5357142857142776,0.16506148885571292,-1027.1551082005255,-0.0160697724752481,True,False,BUY,NSE_SBIN-EQ
1779339600,1245.7,1246.2,1245.0,1245.7,85978,1239.9585954125812,1239.7853988012423,0.17319661133888076,0.01396988636149013,0.0,0.008028259473347177,0.07230077120823353,89529.2,176544.45,0.4870048307947375,0.03379767365018314,0.14008778656007553,2.3142857142857207,0.2524766577294031,-318.4617936343511,-0.07928004639052233,True,False,BUY,NSE_ICICIBANK-EQ
1779349200,949.0,949.7,948.5,949.1,58218,951.3701988375005,951.3763372671962,-0.006138429695624836,-0.0006452157211789939,0.04216295983978657,0.0,-0.0631778456354648,78503.4,95888.4,0.6071433040910058,0.08486700982704384,0.08004916180553898,1.8000000000000032,-0.10035526474393919,-106.51521534604412,0.09421683504831435,False,True,SELL,NSE_SBIN-EQ
1779355500,952.6,953.2,951.5,952.5,356891,951.3773175761211,951.3313581448093,0.045959431311757726,0.004831064478036673,-0.020992967355937253,0.08406010297361544,0.010499790004203646,218401.0,148884.2,2.397104595383526,0.05820192255482784,0.09009428389197995,1.4571428571428473,0.0492680288335805,-1489.0910275009126,-0.003308597521822776,True,False,BUY,NSE_SBIN-EQ
1779356700,949.9,950.3,949.1,949.9,390943,951.2932250239855,951.3200377200707,-0.026812696085130483,-0.002818472755960199,0.03159224936815086,-0.36710719530103075,-0.1996217692792568,551996.2,253075.75,1.544766734861005,0.13799097813227212,0.104233890817367,1.849999999999982,-0.06139454275648859,-177.53402049329452,0.03458184667135811,False,True,SELL,NSE_SBIN-EQ
1779421500,950.9,955.7,950.9,955.0,198835,951.3540288049395,951.3281512987943,0.025877506145207008,0.002720145105543016,0.5368986209074667,0.5368986209074667,0.1678204321376109,362394.4,286203.7,0.6947324580360071,0.26486077713319484,0.15771352852648254,2.0357142857142776,0.16103734935393277,-119.14585392441207,-0.13515984320872576,True,False,BUY,NSE_SBIN-EQ
1779421500,3907.0,3921.0,3900.1,3918.9,55326,3928.409289517646,3928.4173340047632,-0.0080444871173313,-0.0002047767951662731,-0.33062895801012626,-0.23928925998524253,-0.10196538275255573,54343.4,35794.65,1.5456499784185624,0.15802890574280257,0.12282027664268846,9.435714285714377,-0.42051132530332325,-101.95033548702013,0.41246683818599195,False,True,SELL,NSE_LT-EQ
1779421800,3921.5,3936.8,3921.0,3932.9,40534,3928.6338250417634,3928.4546895547237,0.17913548703972992,0.004559947897987192,0.35724310393223657,0.04578871053904088,0.07379134860050485,39189.0,37468.2,1.0818240534640042,0.24575776268201507,0.14464227583167905,10.14285714285724,0.18717997415706122,-2326.810540274155,-0.0080444871173313,True,False,BUY,NSE_LT-EQ
1779423900,770.0,770.9,769.25,769.95,327422,762.2833557084366,762.1579713219986,0.125384386437986,0.016451233360519856,-0.006493506493499002,0.14307082005593497,0.47631475923268773,418901.0,650725.4,0.5031646221278592,0.05496418781832748,0.21926631175553926,2.267857142857143,0.3380283617046871,-158.96446691270097,-0.2126439752667011,True,False,BUY,NSE_HDFCBANK-EQ
1779425700,385.65,385.65,384.95,385.15,55576,382.9649517165431,382.8772059782992,0.08774573824393883,0.02291746201493962,-0.09079118028535449,-0.20728073584661555,0.103963612735547,114756.2,158792.9,0.3499904592711639,0.13780142148088179,0.18403932617457253,0.9214285714285617,0.09590343180843774,-1175.6194450082733,-0.008157693564498913,True,False,BUY,NSE_KOTAKBANK-EQ
1779438300,2318.1,2318.3,2315.2,2316.7,10796,2321.734901947228,2321.7938062014414,-0.05890425421330292,-0.002537014874273996,-0.04745879713522472,-0.0043162983425548695,-0.15945526633339702,12199.2,11138.95,0.9692116402353902,0.07673514660342352,0.06685980658083872,2.978571428571448,-0.22218974519819312,-136.0743957457639,0.1632854909848902,False,True,SELL,NSE_TCS-EQ
1779438600,1176.0,1176.8,1175.2,1176.0,91111,1180.2062391816457,1180.295803044086,-0.08956386244017267,-0.007588255605855722,0.0,-0.06798096532970588,-0.0849617672047609,94972.0,79564.4,1.1451226930637322,0.05134305999689111,0.07496694614256318,1.7642857142857176,-0.18528182431577989,-193.5705908119604,0.09571796187560722,False,True,SELL,NSE_INFY-EQ
1779441300,948.7,949.3,948.2,949.0,82588,952.0405143202061,952.1487190622133,-0.10820474200727404,-0.011364269030771436,0.042167404596238356,-0.09474681545426078,-0.1683147485798453,115310.0,98443.7,0.8389363666745562,0.07022976251140244,0.06854889134792347,1.2714285714285438,-0.13356724543245946,-526.6327349208942,0.025362503425185423,False,True,SELL,NSE_SBIN-EQ
1779681300,961.9,962.0,960.7,961.4,332080,952.5670090033742,952.194244473005,0.37276453036918156,0.03914795038227618,-0.03119475928045068,1.2426284751474226,1.2959645980402446,391496.0,212143.9,1.5653525743610823,0.5111469579018084,0.2695797792207715,2.3357142857142645,0.38753497283767047,-2623.71945636993,-0.014770442468488909,True,False,BUY,NSE_SBIN-EQ
1779787800,1355.3,1357.6,1353.1,1355.6,780423,1358.7177564329254,1358.779752097101,-0.06199566417558344,-0.004562598469685845,0.044280442804423004,0.0590493061706443,-0.12524865541885255,247546.6,240330.4,3.247292061262329,0.0460875048632173,0.08877005881285427,2.1285714285714414,-0.13737183798048136,-182.2483565377724,0.07537617380489792,False,True,SELL,NSE_RELIANCE-EQ
1779788100,1355.4,1360.6,1352.4,1360.2,1777431,1358.7918686112791,1358.7915874962919,0.00028111498727412254,2.0688602274327056e-05,0.3393331366184915,0.405993946999339,0.4134061715635795,574825.2,297826.85,5.9680012060699035,0.15514048632029345,0.10552221129466555,2.5928571428571394,0.062276779162857565,-100.45344298026706,-0.06199566417558344,True,False,BUY,NSE_RELIANCE-EQ
1779788400,1360.2,1360.2,1354.8,1354.9,780940,1358.5972751807153,1358.7591576004893,-0.1618824197739741,-0.011913989235579582,-0.38964858109101774,-0.0073800738007334665,-0.044264109184799505,715372.8,324053.4,2.4099114528654844,0.2595493214820074,0.13582401062036611,2.8285714285714385,-0.16216353476124823,-57685.83750503432,0.00028111498727412254,False,True,SELL,NSE_RELIANCE-EQ
1779854700,763.6,765.0,763.2,764.85,1089747,778.2918560326343,778.3720039880707,-0.08014795543635955,-0.010296870265851429,0.14402618657938238,-0.3777271247150771,-1.954877579797465,2543337.4,1177904.45,0.9251573843701839,0.5153694109960615,0.31039927825912583,3.4142857142856946,-0.5938358213667243,-115.60246226396642,0.5136878659303648,False,True,SELL,NSE_HDFCBANK-EQ
1779872700,1269.2,1270.9,1269.0,1270.0,201541,1278.482027895789,1278.8251406036575,-0.34311270786838577,-0.026830306738137993,0.03938558487592836,-0.3765296517100669,-0.18077497445571078,298752.4,399350.75,0.5046716451640569,0.1937988119483063,0.15479845274261814,3.0214285714286007,-0.3722616754221235,-1277.1007231588505,0.029148967553737748,False,True,SELL,NSE_ICICIBANK-EQ
1780027500,386.1,386.85,385.85,385.85,107082,388.39696869862667,388.4300327075188,-0.033064008892154106,-0.008512217415755476,-0.03886010362693648,-0.5156632718834597,-0.8352608583911625,255205.2,226839.75,0.47206012173792294,0.10680418252402332,0.13740365420195577,1.2642857142857093,-0.11237003701620552,-141.69167171054764,0.07930602812405141,False,True,SELL,NSE_KOTAKBANK-EQ
1780027800,1201.8,1205.0,1201.4,1201.4,356080,1170.6198269202853,1169.8960414404753,0.7237854798099761,0.061867503963753054,-0.008322929671233936,0.5019240421616278,3.3907056798623048,460420.0,270342.1,1.317145942122962,0.40109871149802323,0.7678388898734728,6.3714285714285905,1.355269961899694,-214.61651083092565,-0.6314844820897179,True,False,BUY,NSE_INFY-EQ
1780029000,2323.5,2334.0,2323.4,2331.8,177900,2293.258868628021,2291.920251477278,1.3386171507431754,0.058405921841318764,0.3572197116419318,0.3356282271945066,1.1626898047722323,119506.4,133010.7,1.3374863826744765,0.16660712903978742,0.38047184083373553,11.13571428571426,1.6933566613597577,-477.35214451203626,-0.35473951061658227,True,False,BUY,NSE_TCS-EQ
1780030500,391.05,391.15,390.2,390.25,72749,388.50666549254066,388.4302103396801,0.0764551528605466,0.019683111875795394,-0.20457741976729338,-0.01281065846784335,0.7746933505487386,98521.4,184580.0,0.39413262541987215,0.2820584857775266,0.21218596159199515,1.1357142857142841,0.0764620976743231,-1100995.6513602156,-6.944813776499359e-06,True,False,BUY,NSE_KOTAKBANK-EQ
1780033500,1280.0,1281.8,1279.7,1281.2,158419,1278.4861015374759,1278.435406750533,0.05069478694281315,0.00396537726310841,0.0702960243692985,0.062480474851600576,0.21902377972464748,115926.2,146834.9,1.0788920072816477,0.056445806222680854,0.09225523488422474,2.1500000000000097,0.11960488513932432,-173.56655739808505,-0.06891009819651117,True,False,BUY,NSE_ICICIBANK-EQ
1780041600,1276.8,1277.0,1273.9,1274.6,91654,1278.6812436098714,1278.6893900262264,-0.008146416354975372,-0.000637091104260143,-0.1723057644110293,0.07066028107087785,-0.25043042729692155,128473.0,86125.95,1.0641856490407362,0.16910899539764487,0.0966470589070471,1.6571428571428604,-0.18043767318749815,-104.72828192488848,0.17229125683252278,False,True,SELL,NSE_ICICIBANK-EQ
1780042200,2284.7,2287.8,2284.3,2284.9,40317,2294.171470399836,2294.287557704325,-0.11608730448915594,-0.005059841086586088,0.004376750700285648,0.0,-0.09619168379169096,36091.8,37820.7,1.066003537745203,0.06853965245712607,0.06708876854505462,3.1857142857142793,-0.40908508677512145,-139.6205403274537,0.2929977822859655,False,True,SELL,NSE_TCS-EQ
1780042200,963.1,963.5,962.8,963.5,163386,966.5228361350859,966.5305299526372,-0.007693817551285065,-0.0007960242654375424,0.031146179401986274,-0.0725990458411152,-0.15544041450776813,112355.0,127671.9,1.2797334417362005,0.04302404068655835,0.064515631283718,1.1999999999999968,-0.1336300004312534,-106.1092986744073,0.12593618287996833,False,True,SELL,NSE_SBIN-EQ
1780042800,386.75,387.0,386.15,386.15,78143,388.726665976802,388.73011023609183,-0.003444259289835827,-0.0008860284292729437,-0.15513897866840098,-0.051766532936470266,-0.15513897866840098,252505.8,202576.0,0.3857465839981044,0.1127452218363185,0.12166319159923773,0.8428571428571436,-0.11393240015644324,-103.11731129044345,0.11048814086660741,False,True,SELL,NSE_KOTAKBANK-EQ
1780043400,1296.2,1297.0,1295.3,1295.5,20972,1299.653016408354,1299.6832530847448,-0.030236676390813955,-0.0023264650305409758,-0.05400401172659386,0.17785338694711328,0.023162445954283406,30989.0,34934.55,0.6003226032681113,0.12022271962648544,0.1075759265397418,2.5571428571428862,-0.18342642369930218,-119.73805487773564,0.15318974730848822,False,True,SELL,NSE_AXISBANK-EQ
1780289400,2311.2,2328.1,2311.0,2325.4,160950,2293.6632293911434,2293.0250390696024,0.6381903215410603,0.027831807793952692,0.6143994461751623,0.9726443768997006,0.8631533289958915,100700.2,663502.65,0.24257627305633217,0.22950473489498713,0.5668207812595005,10.792857142857233,1.3982978526214538,-183.96053129929606,-0.7601075310803935,True,False,BUY,NSE_TCS-EQ
1780299000,4045.8,4048.5,4040.4,4041.6,14517,4058.563218589467,4058.6463594750353,-0.08314088556835486,-0.0020484880476038495,-0.09887284951551889,-0.25420173252055367,-0.13343217197924195,14559.6,13653.8,1.0632204953932238,0.11194337879098769,0.12899346359158032,8.128571428571409,-0.7495542601150191,-112.47587289569519,0.6664133745466643,False,True,SELL,NSE_LT-EQ
1780462800,2272.2,2274.0,2263.0,2265.9,270743,2351.5814383368756,2353.7755971744996,-2.194158837623945,-0.0932186925660135,-0.2640961309916756,-0.2421414105837849,-0.5748135146994238,233342.6,359823.4,0.7524329990767693,0.13713713152752435,1.161521705303887,8.571428571428571,-3.7710989897273066,-239.1402733133101,1.5769401521033615,False,True,SELL,NSE_TCS-EQ
1780471800,1221.2,1222.4,1220.7,1221.7,93350,1226.6336429677872,1226.7912330409715,-0.1575900731843376,-0.012845712370612817,0.040943334425147526,-0.008184645604836227,-0.02454991816693841,129317.0,158220.9,0.5899979079881356,0.05256344569373311,0.1480100492974553,2.7357142857142662,-0.2168819484247706,-365.7869607687361,0.059291875240433,False,True,SELL,NSE_INFY-EQ
1780477500,964.5,965.7,962.95,964.25,270324,953.500165133225,953.4526680668262,0.04749706639881879,0.004981586185617531,-0.031102586698450452,0.1818181818181719,0.23909766619887307,198521.8,211078.7,1.280678723149233,0.22842991309174226,0.1701743875152173,2.7071428571428555,0.4750469006704634,-111.1091298818377,-0.4275498342716446,True,False,BUY,NSE_SBIN-EQ
1780478100,753.0,753.5,752.6,753.3,471709,749.3234416429812,749.2954792451618,0.02796239781935128,0.0037318252403605217,0.0664187035068986,0.1995211492418214,0.45339378583810763,506493.4,384431.65,1.2270295642931583,0.1482534822516006,0.11165959705756087,1.5499999999999952,0.17564111019157735,-118.93461648614033,-0.14767871237222607,True,False,BUY,NSE_HDFCBANK-EQ
1780480500,381.6,382.55,380.4,382.45,675192,380.4946599340268,380.49138754902054,0.003272385006255263,0.0008600418073414777,0.28844893142780936,0.5124835742444045,0.22274633123688936,546523.2,291698.15,2.3146941453005443,0.2114069424533659,0.1596789947770236,1.1214285714285706,0.0864537068917457,-103.93403823367957,-0.08318132188549043,True,False,BUY,NSE_KOTAKBANK-EQ
1780544700,378.5,380.15,378.25,379.1,658856,380.4249269373255,380.4797926527787,-0.054865715453217945,-0.014420139127674446,-0.8759314943129759,-0.4986876640419857,-0.4856280351752118,566955.6,318963.75,2.06561403921292,0.4723873098682713,0.2555770742805144,1.3321428571428555,-0.05813810045947321,-1776.627760741492,0.003272385006255263,False,True,SELL,NSE_KOTAKBANK-EQ
1780547100,1247.9,1252.5,1246.7,1247.1,289898,1240.3543006785908,1240.139181753772,0.21511892481885297,0.017346353375807182,-0.09613073780341264,0.32984714400643433,0.6862586791538838,174954.0,299581.85,0.967675444957697,0.16950166658687202,0.16562449955199648,4.135714285714276,0.29654253541298203,-364.19723130573607,-0.08142361059412906,True,False,BUY,NSE_ICICIBANK-EQ
1780547700,382.4,382.8,382.3,382.3,92233,380.5093641943606,380.47715829711285,0.03220589724776346,0.008464607282052403,-0.02615062761505138,0.18343815513626183,1.0840824960338447,112009.4,339164.2,0.27194202690024477,0.17987188331652304,0.29590815973477624,1.4357142857142833,0.0789259922672727,-168.9337152125119,-0.046720095019509245,True,False,BUY,NSE_KOTAKBANK-EQ
1780549200,748.75,749.05,747.0,747.45,275856,749.3379875453942,749.386089197971,-0.04810165257686094,-0.006418807777489123,-0.18028846153844702,-0.3200640128025567,-0.23358248798718284,246423.2,590706.5,0.46699333763891204,0.12028336824607781,0.23050118888792115,1.6785714285714124,-0.08309810842126808,-237.4472111996683,0.03499645584440714,False,True,SELL,NSE_HDFCBANK-EQ
1780550700,750.85,751.85,750.75,751.1,342244,749.3932470697384,749.390625920953,0.002621148785465266,0.00034977069298725775,0.046620046620060585,0.29376418747497635,0.3071581196581352,282012.0,412699.95,0.8292804493918644,0.11671845951588182,0.14687634744501565,1.5392857142857028,0.07546461353354061,-103.59833074185907,-0.07284346474807535,True,False,BUY,NSE_HDFCBANK-EQ
1780636800,379.5,379.75,379.0,379.05,35454,380.86940451679436,380.88362146934975,-0.014216952555386797,-0.0037326237606493816,-0.14488935721812535,0.09242144177450395,-0.7332722273143966,60817.8,106384.3,0.333263460867816,0.25043731168032224,0.2593995194516786,1.4571428571428555,-0.08034954868691102,-121.4976477365446,0.06613259613152422,False,True,SELL,NSE_KOTAKBANK-EQ
1780638000,1267.8,1270.0,1264.6,1265.0,126588,1258.0606298620562,1257.822927202122,0.2377026599342571,0.018897943008798424,-0.22085502445180483,0.21389527053790047,0.7887817703768674,319793.2,138528.2,0.9138067194982682,0.232927735025966,0.32643486474659567,6.0428571428571525,0.3049184711435373,-453.6409896090616,-0.06721581120928022,True,False,BUY,NSE_AXISBANK-EQ
1780646400,747.6,748.2,747.0,747.45,160497,751.1972198821871,751.2797197853052,-0.08249990311810507,-0.010981249852143118,-0.026750484852533507,-0.2801681008605006,-0.4130304443408006,137030.6,104605.5,1.5343074694925218,0.08779831030631297,0.08554028789938196,1.0749999999999968,-0.1650395798582167,-199.95181272379853,0.08253967674011164,False,True,SELL,NSE_HDFCBANK-EQ
1780898100,1247.3,1247.3,1245.7,1246.0,56638,1251.0315964542576,1251.2091907602114,-0.17759430595378944,-0.014193814053258867,-0.09621552277101486,-0.18425058078986867,-0.31999999999999806,101273.0,112629.05,0.5028720387857306,0.04110323843021894,0.09749504399439042,2.0999999999999903,-0.22104615374291825,-508.7151985242424,0.043451847789128806,False,True,SELL,NSE_ICICIBANK-EQ
1780907400,1251.6,1253.4,1251.2,1252.8,148655,1251.1318400491518,1251.1154806214872,0.01635942766461085,0.0013075873424957033,0.1038753495804956,0.12787723785165905,0.05590607778931389,128560.0,111557.5,1.3325415144656343,0.07506677549326846,0.05743144823701168,1.600000000000039,0.07364226712047639,-128.55903761058357,-0.05728283945586554,True,False,BUY,NSE_ICICIBANK-EQ
1780911600,1249.9,1250.1,1249.2,1249.9,269069,1251.121041581536,1251.1265700380297,-0.0055284564937210234,-0.00044187827403849143,0.008001280204839034,-0.18367672895702736,-0.15178143473397743,270989.2,162507.8,1.6557297557409554,0.15110479541026844,0.09262697391151636,2.1500000000000097,-0.05395803515239095,-111.41545445333192,0.048429578658669925,False,True,SELL,NSE_ICICIBANK-EQ
1780976700,1255.0,1265.0,1252.7,1264.5,644405,1251.682305999671,1251.2184854875927,0.4638205120782004,0.03706950604214037,1.1680934474757931,1.1357274254178984,1.232887679128991,377334.0,224374.2,2.87201024003651,0.5233662614009267,0.2781737957741559,3.007142857142867,0.5630061080510131,-567.6289006776104,-0.09918559597281273,True,False,BUY,NSE_ICICIBANK-EQ
1780979700,381.7,382.25,381.7,382.2,48317,378.6824095446403,378.61348908937475,0.06892045526552693,0.018203380822825806,0.13099292638196758,0.19661816751868066,0.4599816007359703,107872.0,233160.25,0.20722657485570548,0.14467781860045784,0.18987578792237114,1.096428571428577,0.15499759260768542,-180.06824738091208,-0.0860771373421585,True,False,BUY,NSE_KOTAKBANK-EQ
1781069400,3945.0,3945.4,3935.5,3941.3,21516,3918.12044241786,3917.5621750948035,0.5582673230564978,0.014250375567887138,-0.093789607097583,-0.093789607097583,0.3513685550604828,23979.2,22662.55,0.9494077233144549,0.09990082120645187,0.1297219055592302,8.342857142857188,1.0204991946384325,-220.77646682949253,-0.4622318715819347,True,False,BUY,NSE_LT-EQ
1781070900,1280.2,1281.0,1279.3,1280.4,309189,1279.4195838499877,1279.4091988733119,0.010384976675823054,0.0008117009542348447,0.0078106693743862365,-0.07803964413922726,-0.20265003897115275,196350.6,199424.9,1.5504031843566175,0.08993273193497442,0.1294446182732059,2.357142857142906,0.043274790112491246,-131.57505498114213,-0.03288981343666819,True,False,BUY,NSE_RELIANCE-EQ
1781071200,1280.5,1280.6,1278.0,1278.5,122229,1279.3736046574882,1279.4016222160344,-0.028017558546252985,-0.0021898954995636277,-0.14839112777257357,-0.06253419838974095,-0.2341006632852083,204810.6,199586.0,0.6124126942771537,0.10772052958297933,0.13063453523079496,2.32142857142862,-0.03840253522207604,-369.78932568505235,0.010384976675823054,False,True,SELL,NSE_RELIANCE-EQ
1781076000,745.1,746.75,745.1,746.2,716254,741.5875667312641,741.4988886749265,0.08867805633758508,0.01195929726827434,0.14763119044423068,0.3901520247544754,0.5253940455341555,408552.0,393859.25,1.8185532014291907,0.12252695147649076,0.10293558382576656,1.2107142857142807,0.2032545085374977,-177.39640618550476,-0.11457645219991264,True,False,BUY,NSE_HDFCBANK-EQ
1781151000,3896.8,3896.9,3883.0,3883.5,36796,3921.90685765153,3923.5817509460103,-1.6748932944801709,-0.04268786534335214,-0.3336327473373535,-0.23121387283236983,-1.2083439328415158,30903.4,32743.05,1.1237804663890505,0.21474507176804394,0.24483646473219922,11.699999999999948,-1.6845921240860662,-17369.024846689856,0.009698829605895298,False,True,SELL,NSE_LT-EQ
1781238600,3941.2,3943.3,3935.3,3942.4,26890,3908.3288153238136,3907.00112198686,1.3276933369534163,0.03398241504159674,0.010147133434812439,-0.31606361728488963,-0.6176107287806598,23099.0,63338.4,0.42454498376971944,0.16943963328165315,0.7843019963264021,19.921428571428642,1.4957506829787235,-890.0239819052499,-0.1680573460253072,True,False,BUY,NSE_LT-EQ
1781253300,1284.0,1284.7,1281.0,1281.5,127887,1270.8579939887618,1270.8370045671095,0.020989421652302553,0.0016516218505497695,-0.19470404984424095,0.2817121840519521,0.4310344827586299,221735.4,152362.65,0.839359252415208,0.21450183100390924,0.14707908677958267,3.26428571428575,0.4705005759010419,-104.66938839090251,-0.44951115424873933,True,False,BUY,NSE_RELIANCE-EQ
1781256600,2156.2,2164.5,2154.0,2163.4,79053,2154.055105538974,2153.8795652218437,0.1755403171305261,0.008149959726854363,0.3153111379022633,0.445723836939349,0.46904750847536203,36612.2,26665.4,2.9646283198451924,0.14459227591813548,0.09716451136440252,3.164285714285662,0.411832896982105,-174.28939039930378,-0.23629257985157892,True,False,BUY,NSE_TCS-EQ
1781504400,1142.0,1142.0,1140.2,1141.5,104314,1133.4555556439163,1133.3067278572455,0.14882778667083585,0.013132171813029475,-0.04378283712784814,-0.026274303730944304,-0.22725286251200627,139177.0,133662.9,0.7804259820787968,0.2787777458868624,0.27874911029202143,4.378571428571457,0.35454078180532633,-172.3472946245013,-0.20571299513449048,True,False,BUY,NSE_INFY-EQ
1781593500,1010.9,1012.5,1010.75,1011.6,158509,1014.5449279278291,1014.6105469588077,-0.06561903097860977,-0.006467410690268908,0.0791452314998109,0.12867465109374088,0.05934718100890635,124050.0,120795.15,1.3122132800861626,0.11005858490579913,0.09970006589679523,1.6500000000000097,-0.12969749278852305,-202.40419186912843,0.06407846180991328,False,True,SELL,NSE_SBIN-EQ
1781670000,1015.5,1016.6,1014.65,1016.35,122006,1014.1596249636839,1014.1096619756522,0.0499629880316661,0.00492678355261205,0.08370260955194997,0.07877504800355428,0.07384797164238233,82857.4,178068.05,0.685165025393382,0.0712864287650328,0.10370151806106455,1.5857142857143052,0.09645652669564697,-207.4622183369601,-0.04649353866398087,True,False,BUY,NSE_SBIN-EQ
1781756100,403.05,403.9,402.65,403.25,256613,403.91729852616425,403.9180647900861,-0.000766263921832433,-0.00018970776219940941,0.07445092443232326,0.062034739454097654,-0.07434023045471694,265544.2,220798.65,1.162203663835807,0.07992836239234394,0.09293760583193265,0.9249999999999952,-0.029506985228579197,-102.66612627308194,0.028740721306746764,False,True,SELL,NSE_KOTAKBANK-EQ
1781756400,1347.9,1348.0,1346.8,1347.6,36273,1353.4401362846404,1353.668353344675,-0.22821706003469444,-0.016859156045925906,-0.014838996883814737,-0.25166543301259336,-0.3254437869822602,50740.2,108320.5,0.3348673612104819,0.04785818096769584,0.1298455677949101,2.9571428571428635,-0.2563810280068992,-910.3157206396611,0.028163967972204773,False,True,SELL,NSE_AXISBANK-EQ
1781757900,1135.0,1135.9,1133.0,1133.1,155506,1144.7641787429654,1145.1981936511172,-0.4340149081517666,-0.037898672086448336,-0.16740088105727802,0.21225789334040623,0.1679632248938967,190983.0,279972.25,0.5554336188675842,0.2136629782078959,0.49121946932100324,5.085714285714305,-0.5122386515001836,-654.8378146755487,0.07822374334841697,False,True,SELL,NSE_INFY-EQ
1781763900,1358.0,1358.3,1356.0,1356.9,34771,1353.5327191833185,1353.4455715981776,0.08714758514088317,0.006438942722903695,-0.05156157925749749,-0.06628369421121105,0.11066843736167176,35786.0,31315.7,1.1103376261747302,0.10253768195992508,0.13505455490832502,2.850000000000039,0.1481964960419191,-242.7504337991464,-0.061048910901035924,True,False,BUY,NSE_AXISBANK-EQ
1781766900,2187.6,2187.9,2185.1,2187.8,15109,2195.2654352802124,2195.4099242729944,-0.14448899278204408,-0.006581412937262335,0.01371428571428357,-0.03198537811285318,0.0,16977.4,34366.05,0.4396490140705725,0.05428035870382873,0.13263204511968218,2.3714285714286882,-0.32896870285640034,-178.32243053927525,0.18447971007435626,False,True,SELL,NSE_TCS-EQ
1781776200,2205.1,2206.7,2202.5,2202.5,199583,2195.4351637589375,2195.1753569011644,0.2598068577731283,0.01183535779756049,-0.1179084848759615,-0.06805807622504156,0.506525508807143,210116.6,74372.05,2.6835753485348324,0.27071332235339746,0.14195719352139421,3.721428571428565,0.3102818636925804,-614.7237787108486,-0.05047500591945209,True,False,BUY,NSE_TCS-EQ
1781840700,2105.0,2112.1,2059.9,2071.9,1739000,2189.6177352924415,2194.2127242414854,-4.594988949043909,-0.20941401434231244,-5.950975941897408,-6.0405423790304225,-6.070359960105176,499363.4,169124.0,10.282396348241527,2.6571820307121334,1.3436839563604934,13.792857142857136,-5.167832259713123,-902.1371400280293,0.5728433106692137,False,True,SELL,NSE_TCS-EQ
1781846100,780.8,781.35,780.25,780.4,226712,787.4936078170068,787.6302075105457,-0.13659969353886936,-0.017343125268216734,-0.05762950630723296,-0.12797542871768597,-0.1790739319519008,266973.2,611606.7,0.3706826625673002,0.04325555910090094,0.40669338206399247,1.0142857142857014,-0.31258973353521924,-177.61785470456311,0.17599003999634988,False,True,SELL,NSE_HDFCBANK-EQ
1781848500,1352.0,1353.6,1352.0,1353.1,8740,1355.0923205227375,1355.1565434581016,-0.06422293536411416,-0.004739152511504645,0.08136094674555672,-0.05908855897778231,0.05175983436851439,18366.6,29270.35,0.29859567787880914,0.0849940868621183,0.06324085032608749,1.6071428571428734,-0.08757709708197581,-374.9956780293913,0.023354161717861643,False,True,SELL,NSE_AXISBANK-EQ
1781860800,1318.4,1318.4,1311.4,1311.5,319592,1324.021258388805,1324.2801898538578,-0.25893146505268305,-0.019552619380439246,-0.508268851464122,-0.4100539144961668,-0.3116448768622604,359078.8,362218.95,0.8823171730799838,0.3736001175897378,0.3958545654553476,6.757142857142867,-0.5516170460170997,-188.46744831073954,0.29268558096441666,False,True,SELL,NSE_RELIANCE-EQ
1781861400,1354.4,1359.5,1353.5,1359.4,343234,1355.0083145706199,1354.8381626789776,0.17015189164226285,0.01255883516787086,0.35434814705448403,0.14734050390452502,0.06624953993374927,130696.0,72418.3,4.739603111368259,0.1982935439910567,0.10813397606654337,2.0714285714285876,0.19280657098488518,-851.0673140367096,-0.02265467934262233,True,False,BUY,NSE_AXISBANK-EQ
1782101400,1339.7,1340.0,1337.3,1337.8,202202,1324.6377381681248,1324.1740107019323,0.46372746619249483,0.035020130469610805,-0.1567281140383736,-0.23118800805430606,1.9820094526604715,586220.2,989194.2,0.2044108224653966,0.628267911206055,0.5515504674491819,6.264285714285701,0.5782465109818986,-504.9348010588738,-0.11451904478940378,True,False,BUY,NSE_RELIANCE-EQ
1782107700,786.9,787.5,786.4,787.25,153025,784.8343269917647,784.7430212987545,0.09130569301021296,0.011635107357705647,0.044478332697939216,-0.08883812424647086,-0.03174603174602719,260517.6,316050.25,0.4841793354063159,0.062285225857597985,0.09964189394552528,1.1821428571428458,0.10607363673432246,-718.2695080368655,-0.0147679437241095,True,False,BUY,NSE_HDFCBANK-EQ
1782120000,402.9,402.9,402.5,402.55,65165,401.33627777220136,401.31630112068285,0.019976651518504696,0.004977782228810428,-0.07446940548591074,0.012422360248454112,0.11191245958717122,75433.2,73864.45,0.882224128115758,0.05164243314184905,0.05423954449821756,0.4714285714285649,0.05351289977932083,-159.56734147225848,-0.03353624826081614,True,False,BUY,NSE_KOTAKBANK-EQ
1782195600,1325.0,1326.0,1324.1,1324.5,162956,1327.7994996721193,1327.813202619576,-0.013702947456749826,-0.0010319936139899775,-0.037735849056608206,-0.27857250414095036,-0.17334941211938348,130215.4,105119.2,1.55020205633224,0.1258675482204086,0.08858948733358463,1.8857142857143248,-0.1458158386597006,-110.37215016034996,0.13211289120295078,False,True,SELL,NSE_RELIANCE-EQ
1782197100,780.9,781.5,780.15,781.3,1335246,785.4439493398736,785.5178758897921,-0.07392654991849668,-0.009411186197991571,0.03841229193342066,0.17951019361457377,-0.19161982626468843,560498.6,377047.4,3.5413213298911486,0.14672399069074135,0.1123578362531136,1.2535714285714172,-0.18265826162723897,-167.98987044048604,0.1087317117087423,False,True,SELL,NSE_HDFCBANK-EQ
1782199800,1030.35,1030.7,1029.35,1030.0,107609,1034.4202025557709,1034.434197446982,-0.01399489121104125,-0.0013529029923393008,-0.0339690396467085,-0.048520135856378044,-0.0339690396467085,84495.0,101655.8,1.058562325022281,0.021526411260320347,0.0861137292682602,1.5071428571428345,-0.19538007635719623,-107.71556464204315,0.18138518514615498,False,True,SELL,NSE_SBIN-EQ
1782203700,4189.2,4189.2,4182.0,4186.5,9846,4198.700688219353,4199.065016160924,-0.36432794157099124,-0.008676406299230992,-0.052522262277077125,0.05257749205362927,0.10760401721663371,19190.6,16537.15,0.5953867504376509,0.09484349814282385,0.09648888068316068,7.2785714285714675,-0.5365531141296742,-311.54163247933593,0.17222517255868297,False,True,SELL,NSE_LT-EQ
1782207300,1341.7,1342.5,1341.1,1341.4,565604,1351.9167733384857,1351.9921681185997,-0.07539478011403844,-0.0055765692946990976,-0.029810702042021298,-0.44530206323288857,-0.5781203676252566,341615.6,163020.45,3.469527902787656,0.13813459097263925,0.0999955835454361,1.9357142857143117,-0.4645045701131494,-119.3762228686692,0.38910978999911094,False,True,SELL,NSE_ICICIBANK-EQ
1782274500,1363.6,1364.8,1361.4,1361.8,154914,1352.3400017242416,1351.9425752470881,0.3974264771534308,0.02939669808688398,-0.12467913458013014,-0.05137614678899505,0.7695722953973583,300137.6,335533.6,0.46169444729231296,0.17039433578852373,0.3160949719769852,5.221428571428548,0.41505914396748267,-2353.9215499535967,-0.017632666814051845,True,False,BUY,NSE_ICICIBANK-EQ
1782280800,789.4,789.55,788.3,789.1,223764,783.4825776354412,783.3743847658685,0.10819286957269014,0.013811131902790815,-0.012671059300561893,-0.012671059300561893,0.07609384908053851,522156.4,417523.75,0.5359311895431098,0.0689024437170803,0.10213123805444867,1.3785714285714252,0.24753939492882182,-177.64303365023184,-0.13934652535613168,True,False,BUY,NSE_HDFCBANK-EQ
1782283800,1041.6,1044.5,1041.2,1044.4,199443,1032.0992284305769,1031.953890439286,0.14533799129094405,0.014083767951015335,0.26881720430109723,0.39894256188417465,0.48588059845098286,214187.6,175433.15,1.1368603938309265,0.17575260726131034,0.11507949966459141,2.2535714285714414,0.5428198739975869,-136.56468322562745,-0.39748188270664286,True,False,BUY,NSE_SBIN-EQ
1782291900,2112.0,2117.9,2110.5,2115.2,62130,2102.108566309622,2101.9300980429684,0.1784682666534536,0.008490685147884746,0.15151515151514694,0.04256727995080034,0.34155597722960174,61788.6,55859.75,1.1122498758050297,0.19288817279446327,0.19374157671001427,5.714285714285714,0.5775110446579674,-144.72409387933715,-0.3990427780045138,True,False,BUY,NSE_TCS-EQ
1782362100,4213.1,4213.1,4208.0,4211.2,18529,4194.476062743257,4194.187394773572,0.28866796968486597,0.006882572057809783,0.011874510176457242,-0.018993352326690527,0.28099252274134123,14660.4,30300.4,0.6115100790748637,0.04999294117292852,0.1019627965019864,8.757142857142819,0.7372441549086943,-164.35204970607788,-0.44857618522382836,True,False,BUY,NSE_LT-EQ
1782362700,1326.9,1328.0,1325.6,1326.4,130722,1320.0559048021144,1320.012684408449,0.04322039366525132,0.003274240783877022,-0.015076134479108383,-0.03768181475619636,0.2569916855631238,139934.4,219359.8,0.5959250509892879,0.09486063297455517,0.17480407898822548,2.935714285714328,0.28022482631990897,-118.23611194995173,-0.23700443265465765,True,False,BUY,NSE_RELIANCE-EQ
1782378900,1315.5,1318.9,1315.0,1317.5,304447,1320.641237200039,1320.64347601135,-0.002238811310917299,-0.0001695242774892607,0.1672622215464159,-0.1515725653656652,-0.1061490636136253,258970.8,142622.8,2.1346306481151682,0.17069775020947942,0.0971612323613225,2.0785714285714385,-0.13891250888491413,-101.63807034612873,0.13667369757399683,False,True,SELL,NSE_RELIANCE-EQ
1782704700,2090.0,2094.7,2078.2,2081.0,160289,2110.1974641584648,2110.8946911686203,-0.6972270101555296,-0.03302992863985721,-0.7109117801421871,-0.630312291089663,-0.7251216486976353,166013.4,101522.4,1.5788535338014074,0.3257218059334,0.18090667035061206,5.6142857142857725,-1.2854927477460478,-218.52245772655507,0.5882657375905183,False,True,SELL,NSE_TCS-EQ
1782707100,401.15,401.4,399.65,400.5,320670,406.3401568035282,406.4531546203621,-0.11299781683391075,-0.02780094472128127,-0.12468827930174342,0.13751718964871706,0.3759398496240518,833904.4,789806.45,0.40601086506700473,0.23188664974830303,0.5580583745267756,2.38571428571428,-0.2573501644550902,-178.2791680883835,0.14435234762117943,False,True,SELL,NSE_KOTAKBANK-EQ
1782715500,1035.0,1035.35,1032.35,1033.0,117557,1040.8534566138524,1041.067664999331,-0.21420838547874155,-0.020575836968183922,-0.19805806482777744,-0.30401003715678776,-0.4289363342811714,86167.0,88698.4,1.3253564889558325,0.1081184631716634,0.1306478255644393,1.8178571428570973,-0.3455443175855635,-263.09960423055844,0.13133593210682193,False,True,SELL,NSE_SBIN-EQ
1782716100,4189.3,4190.0,4182.9,4184.4,17589,4211.1861783617915,4212.0437184214625,-0.8575400596710097,-0.02035923929090622,-0.10981141083791224,-0.18129770992367789,-0.32396379228204486,20077.6,20043.45,0.8775435366665918,0.06653567038409018,0.08639225915718775,6.157142857142844,-1.1774987063445224,-368.0159041133986,0.3199586466735127,False,True,SELL,NSE_LT-EQ
1782721200,1372.1,1374.5,1370.0,1373.8,133535,1377.5406226568753,1377.5448570631593,-0.004234406284012948,-0.0003073879055409086,0.12389767509657368,0.029124799766999665,-0.29755424921983353,155955.6,83070.5,1.6074900235342269,0.13684713603765092,0.1251120708970188,2.5142857142857173,-0.16540548959210355,-102.6272741965248,0.1611710833080906,False,True,SELL,NSE_AXISBANK-EQ
1782803400,1379.6,1380.0,1378.4,1379.0,72005,1381.6039126770888,1381.6563618247978,-0.05244914770901232,-0.003796106554291188,-0.028998115122524926,0.21802325581394832,0.10889292196007982,124230.8,96937.8,0.7427958959250158,0.1937027909004629,0.16082993204149848,2.299999999999987,-0.11472566736051704,-184.2197797862088,0.062276519651504714,False,True,SELL,NSE_ICICIBANK-EQ
1782887100,1307.4,1308.2,1306.7,1308.2,53532,1304.7337106590578,1304.6927588221338,0.040951836924023155,0.0031388107772587124,0.06119014838610326,-0.13740458015266688,-0.06111535523299905,84346.4,82735.95,0.6470222436558715,0.11382418655700478,0.11481503590527765,2.0214285714285682,0.15296366616212254,-136.56027868000743,-0.11201182923809938,True,False,BUY,NSE_RELIANCE-EQ
1782888900,1376.3,1376.5,1372.7,1375.0,57407,1366.2946061378357,1366.1612489982138,0.1333571396219213,0.009761449442348783,-0.09445615054857193,0.021822943187599364,0.1602564102564097,39245.6,30754.1,1.8666454228867047,0.07803895490590157,0.10628091610620462,2.1642857142856786,0.3839034058219113,-153.22655238273376,-0.25054626619999,True,False,BUY,NSE_AXISBANK-EQ
1782891000,1041.0,1042.0,1040.3,1041.7,162708,1036.915921924982,1036.8894633640218,0.026458560960236355,0.0025517243539533896,0.06724303554275224,0.06724303554275224,0.2502165335386497,81071.8,61915.5,2.627904159701529,0.10022702903054977,0.0935747079625505,1.80714285714287,0.21136890528237018,-114.30885927838774,-0.18491034432213382,True,False,BUY,NSE_SBIN-EQ
1782891900,1384.2,1384.6,1383.0,1384.2,89260,1379.1462345449406,1379.0947086606286,0.05152588431201366,0.003736210717685618,0.01445086705202936,0.18093652746615785,0.20994715123434649,58485.4,166627.65,0.5356854039530654,0.06483092271847261,0.08109250188516628,1.7357142857143149,0.22308604763543372,-130.03371138955995,-0.17156016332342006,True,False,BUY,NSE_ICICIBANK-EQ
1782897000,398.65,399.5,398.25,399.4,185346,397.5323298363806,397.46970471174114,0.06262512463945313,0.01575594916972881,0.18813495547471693,0.06263309532756889,-0.22483137646766016,170253.6,265504.6,0.6980895999542005,0.1564762233228566,0.22426407146632216,0.9857142857142905,0.08207746085525969,-421.9414056218363,-0.019452336215806554,True,False,BUY,NSE_KOTAKBANK-EQ
1782968700,1035.3,1036.9,1033.2,1035.1,241917,1015.0250191877316,1014.5731751617188,0.4518440260127363,0.044535380697475487,-0.038628681796237796,-0.32739528165623977,0.2615265401007205,287880.8,490892.0,0.49281104601419456,0.21065995555900363,0.850205333825468,3.7285714285714318,0.8840836111155568,-204.53554963163597,-0.43223958510282046,True,False,BUY,NSE_INFY-EQ
1782971400,1363.9,1364.0,1361.0,1362.8,25037,1367.654886227476,1367.7891266683991,-0.13424044092312215,-0.009814410591938183,-0.08065107412568162,-0.05866823115282527,-0.29994878923111923,25305.0,34098.6,0.7342530191855384,0.06611041278576797,0.09684881051641306,2.057142857142854,-0.21359489357337225,-269.1656062638082,0.0793544526502501,False,True,SELL,NSE_AXISBANK-EQ
1782971400,1304.0,1305.0,1302.7,1304.0,489233,1305.9637374863723,1305.9839592563285,-0.020221769956151547,-0.001548393440273685,-0.023000843364251455,0.007669299792922857,0.22288832526324853,249825.8,233404.85,2.0960704115617133,0.07142347817004989,0.10386413316532486,2.0785714285713897,-0.08668267802227092,-130.42656283906578,0.06646090806611937,False,True,SELL,NSE_RELIANCE-EQ
1782976800,2063.2,2063.5,2061.5,2062.7,41574,2047.7766987678435,2047.3215651397347,0.455133628108797,0.022230685978132263,-0.014541929229283657,0.16510464721020135,0.2673536846198754,43160.0,51390.9,0.8089759081860796,0.12128886875280225,0.09904736694619441,3.6428571428572405,0.656206361911245,-326.35273291502625,-0.20107273380244806,True,False,BUY,NSE_TCS-EQ
1782980400,795.6,795.7,795.15,795.5,292638,798.0345252552647,798.0866185759443,-0.052093320679546196,-0.006527276547061802,-0.012569130216188995,-0.07536741615374876,-0.28829280521432965,356678.8,353455.5,0.8279344924608614,0.061865464926456115,0.07588089910579024,0.9035714285714269,-0.11165977551240758,-187.4541230055,0.05956645483286138,False,True,SELL,NSE_HDFCBANK-EQ
1783051800,802.85,803.35,802.15,802.4,223546,798.0506429046162,797.9593176382612,0.09132526635505656,0.0114448524299903,-0.024919013207080898,-0.05605032073239258,0.9371658594880206,478110.0,674217.5,0.33156362746443097,0.13219485016312402,0.15690512624965983,1.9678571428571558,0.19159687283399762,-191.0778928970651,-0.10027160647894107,True,False,BUY,NSE_HDFCBANK-EQ
1783056300,397.0,397.2,396.8,397.0,108306,398.478653487548,398.5416281976334,-0.06297471008537059,-0.01580128790314019,-0.012592872434202818,-0.15090543259558276,-0.3138731952291307,181371.0,149332.3,0.7252684114555258,0.0846232448600668,0.08867328125529492,0.6607142857142817,-0.06486900896203451,-3424.4336921255112,0.0018942988766639246,False,True,SELL,NSE_KOTAKBANK-EQ
1783064100,1037.4,1038.8,1036.1,1037.5,214380,1044.3986850504075,1044.6411421459936,-0.2424570955861327,-0.023209606227843568,0.009639483323686804,-0.3266404073398066,-0.5559283044186625,198992.8,127236.05,1.6848998377425266,0.11071847964153027,0.07744287619648525,1.6999999999999804,-0.3030790889979471,-499.94906458961987,0.0606219934118144,False,True,SELL,NSE_SBIN-EQ
1783314900,1308.6,1310.4,1308.0,1310.0,107635,1305.1067971748296,1304.9603885213526,0.14640865347701038,0.01121939445555935,0.11463507833398001,-0.053406576638437286,0.45241929299901784,111272.0,105782.55,1.0175118675055574,0.1338330436168162,0.1098341232339683,1.9142857142857272,0.21518731450737505,-312.8692988256537,-0.06877866103036467,True,False,BUY,NSE_RELIANCE-EQ
1783317900,2060.9,2064.5,2060.8,2064.4,11535,2071.843252522115,2072.030108937263,-0.18685641514775853,-0.009018035710089007,0.16496846191169645,0.0630119722747402,0.17955063813268612,12962.8,28975.0,0.3981018119068162,0.08954100606819625,0.1334419344389977,4.021428571428552,-0.3276315702446482,-232.73394372689776,0.14077515509688965,False,True,SELL,NSE_TCS-EQ
1783323300,1045.3,1045.5,1044.2,1045.0,122442,1043.196289213942,1043.1639402873664,0.032348926575650694,0.0031010395707063406,-0.019135093761968314,-0.009568462348097384,-0.07649646203862215,159712.4,157332.0,0.7782396460986958,0.1354533903416539,0.13804202359978657,2.185714285714263,0.07950307341911866,-168.6025063353083,-0.04715414684346797,True,False,BUY,NSE_SBIN-EQ
1783327200,1040.2,1041.2,1040.2,1040.8,75705,1043.144195521824,1043.1797256767354,-0.03553015491138467,-0.0034059476077658063,0.028832292167213502,-0.14391250119927257,-0.23006134969325576,140766.2,131912.0,0.5739053308266117,0.11842128982742263,0.09126690531283682,1.385714285714276,-0.10338101691263546,-152.36507520085698,0.06785086200125079,False,True,SELL,NSE_SBIN-EQ
1783327500,1033.2,1034.2,1033.2,1033.8,28622,1036.197880507478,1036.2506157269045,-0.05273521942649495,-0.00508904107038841,0.029027576197382388,-0.05800464037124531,-0.2701138336870468,42215.2,29232.9,0.9791023128050929,0.062483065897456724,0.07740187579615705,1.5999999999999903,-0.10561082776598596,-199.73449210816702,0.05287560833949101,False,True,SELL,NSE_INFY-EQ
1783330500,1040.6,1042.7,1040.3,1042.1,155659,1036.4551452529279,1036.2722570901333,0.18288816279459752,0.017648659562512072,0.1345248390506315,0.39499036608863225,0.793113453912353,117181.8,54688.15,2.8463021696656403,0.15534163432814072,0.12501884965206508,1.7928571428571527,0.2481249887721333,-380.34497395317004,-0.06523682597753577,True,False,BUY,NSE_INFY-EQ
1783398900,2097.5,2104.9,2093.0,2102.3,108276,2069.800958637094,2068.9727982218456,0.8281604152484761,0.04002761254088159,0.20495710200192363,0.7813998082454532,1.19374247894104,113631.0,97518.4,1.110313540829218,0.15765447560097684,0.19935739417126702,9.02857142857137,1.4304153420616785,-237.5099444400795,-0.6022549268132025,True,False,BUY,NSE_TCS-EQ
1783482300,1297.0,1302.3,1288.6,1292.0,1380185,1311.925692271189,1312.7071215194062,-0.7814292482171368,-0.05952807259190181,-0.9885815004981313,-1.1098354381936515,-1.584399756246191,680167.2,337669.65,4.08738244612745,0.42230259665745556,0.2390056145847494,3.0571428571428862,-0.8747112213193304,-937.7066031408381,0.09328197310219366,False,True,SELL,NSE_RELIANCE-EQ
1783489500,1413.0,1413.0,1409.2,1410.0,201570,1415.3907959444475,1415.5010397599895,-0.11024381554193496,-0.007788324589336067,-0.2052516101635038,-0.3463142271538655,-0.45184975995482546,126015.8,99216.65,2.0316146533873094,0.06890247919244664,0.09554425485769813,2.2357142857142827,-0.23749887746566856,-186.63216525563925,0.1272550619237336,False,True,SELL,NSE_ICICIBANK-EQ
1783499100,2072.8,2074.1,2070.0,2070.4,42508,2083.1409744411294,2083.565213172727,-0.4242387315975975,-0.020361192868621206,-0.11578541103821616,-0.5189313857389855,-0.4663237344358362,34767.0,25686.85,1.65485452673255,0.12180591423236051,0.09177495062681738,3.442857142857195,-0.5599455586961994,-412.6141408415318,0.13570682709860193,False,True,SELL,NSE_TCS-EQ
1783500600,814.15,814.9,812.45,813.05,649449,823.8047783514157,823.807776002383,-0.0029976509672451357,-0.00036387747901477254,-0.13511023767119879,-0.006149305128533289,-1.0406523855891026,696458.0,511502.7,1.2696883124957112,0.196661528990305,0.1871425160521424,2.4892857142856832,-0.4756394868522875,-100.63423309991843,0.4726418358850424,False,True,SELL,NSE_HDFCBANK-EQ
1783571700,1049.8,1052.9,1048.0,1052.5,253568,1060.859271431996,1061.1710936238132,-0.3118221918173276,-0.02938472350886228,0.23809523809523725,0.515710056346097,0.34321670321288966,169516.2,272386.2,0.9309135337987019,0.2214920528944173,0.5793742192438875,5.628571428571457,-0.3670953213422763,-664.1478861380198,0.05527312952494867,False,True,SELL,NSE_INFY-EQ
1783656300,1066.2,1069.3,1064.7,1068.1,326162,1059.3624304942539,1058.9975846531192,0.36484584113463825,0.03445199936448822,0.17820296379664757,-0.7249744400037339,1.6173532489772713,502717.8,289083.45,1.128262444633202,1.5784404042962334,0.7574251750091197,6.8642857142857565,0.3833811939816769,-2068.3781805800827,-0.018535352847038666,True,False,BUY,NSE_INFY-EQ
1783657800,2085.9,2096.2,2084.0,2092.8,132857,2066.514490185371,2066.1225976046762,0.39189258069473,0.01896753760638715,0.3356026464665929,0.38372985418264616,0.649256961477418,134724.2,202839.9,0.6549845469259253,0.29341423814756185,0.8079651499976224,16.000000000000064,1.159268032919499,-151.06920993609555,-0.7673754522247691,True,False,BUY,NSE_TCS-EQ
1783657800,822.5,823.05,822.0,822.15,293498,821.1208253218258,821.0877598197345,0.03306550209129,0.0040270362937269155,-0.030398832684830346,-0.19423368740516533,-0.27292576419214454,380527.0,656541.85,0.44703623995941766,0.029941627906044786,0.20813694485292464,1.8857142857143085,0.045240700255703814,-371.58081244160155,-0.012175198164413814,True,False,BUY,NSE_HDFCBANK-EQ
1783660500,380.15,380.65,379.85,380.45,130290,377.60167735392804,377.57553962265007,0.026137731277970033,0.006922517095279039,0.11842105263157876,0.25032938076416933,0.19752436133790852,132327.0,291390.6,0.44713178805356113,0.06063384864106717,0.1874315587828615,0.6821428571428579,0.12575658899288555,-126.23773437833401,-0.09961885771491552,True,False,BUY,NSE_KOTAKBANK-EQ
1783660800,1302.0,1302.0,1300.4,1301.0,33995,1295.3536701329808,1295.3504226337577,0.0032474992231072974,0.0002507043010419029,-0.06912973346647755,-0.053775831604829794,0.02306450372875357,42114.6,183231.5,0.18553032639038594,0.055046164864478234,0.23605775787139952,1.5571428571428865,0.2496998161063857,-101.31769880039121,-0.2464523168832784,True,False,BUY,NSE_RELIANCE-EQ
1783665300,1402.0,1402.9,1400.7,1401.8,54864,1399.2724774931671,1399.2647285926857,0.007748900481374221,0.0005537837353456125,0.0,0.05710206995004352,0.05710206995004352,75981.8,55266.4,0.9927189033481464,0.05030529679095403,0.05845783030910271,1.728571428571448,0.11172269861731365,-107.45274349912948,-0.10397379813593943,True,False,BUY,NSE_ICICIBANK-EQ
1783669500,1040.8,1041.1,1038.2,1038.6,132331,1030.4343183441213,1030.2558233542075,0.17849498991381552,0.017325307546691534,-0.22096262849459203,-0.469573550551039,0.10602409638553745,252226.6,158945.15,0.8325576464585425,0.32519875974315593,0.2501138093361443,3.5642857142857127,0.35965358725320584,-198.52968202188896,-0.18115859733939033,True,False,BUY,NSE_SBIN-EQ
1783915500,1392.2,1394.5,1390.4,1393.5,152573,1399.6123030545332,1399.7979689869312,-0.18566593239802387,-0.013263766379972316,0.07900028727376718,0.17972681524083267,-0.4571755125366117,135924.2,153691.5,0.9927224342270067,0.46895226671692547,0.23220939935516233,3.642857142857175,-0.268776051631221,-323.3975045530465,0.08311011923319711,False,True,SELL,NSE_ICICIBANK-EQ
1783915500,813.15,813.35,811.5,813.0,355934,822.272535168739,822.2863507402545,-0.013815571515578995,-0.001680141170182586,0.0,0.08001477195789253,-1.2630556230264767,497043.2,501521.6,0.7097082159571991,0.6113081780768461,0.3169233477740199,2.3142857142857047,-0.4099916059331008,-103.48723050244352,0.3961760344175218,False,True,SELL,NSE_HDFCBANK-EQ
1783916400,1329.8,1329.9,1327.0,1327.6,43872,1321.4829239596659,1321.3002792787609,0.18264468090501396,0.013823101665028906,-0.12788685774468567,0.12066365007541435,0.7666034155597634,65650.6,86229.05,0.5087844525713782,0.19119371956599407,0.178863722040318,3.4571428571428475,0.26901254095378135,-311.4729724713384,-0.0863678600487674,True,False,BUY,NSE_AXISBANK-EQ
1783916400,377.3,377.3,376.7,376.8,58058,378.0667973693559,378.1074430716941,-0.040645702338167666,-0.010749775780124147,-0.07955449482895949,0.0,0.13287270794579698,281450.4,393335.65,0.14760421538195176,0.06390051485262481,0.17490321638808698,0.9392857142857167,-0.05568662918676637,-370.2340271135249,0.015040926848598701,False,True,SELL,NSE_KOTAKBANK-EQ
1783918800,1404.5,1405.1,1402.8,1404.3,217262,1399.8693971558555,1399.8000541890056,0.06934296684994479,0.0049537765513318005,0.0,0.1926369863013644,0.41473006792991374,133105.6,162876.2,1.3339088215466715,0.10502878105702078,0.24592995630150893,3.2285714285714158,0.1953749526953743,-155.02013348816837,-0.12603198584542952,True,False,BUY,NSE_ICICIBANK-EQ
1783923600,1398.6,1399.7,1398.0,1398.4,60871,1399.8122495277828,1399.8157163515184,-0.0034668237356072495,-0.0002476628669838901,-0.014300014300006048,-0.042887776983557835,-0.1071505107507642,60377.4,103213.6,0.5897575513304448,0.07165289984942455,0.10340342358084183,2.29285714285712,-0.062432146451556036,-105.8794280704743,0.05896532271594879,False,True,SELL,NSE_ICICIBANK-EQ
1783923900,1317.1,1317.7,1314.1,1315.1,51204,1321.3341479555243,1321.4901006776295,-0.15595272210521216,-0.01180127811969558,-0.18973891924711772,-0.10634257500949928,-0.4842981460461693,38198.0,30049.85,1.7039685722224904,0.10995532039694803,0.10096563358742028,2.421428571428578,-0.27441472526879807,-231.64788534755297,0.1184620031635859,False,True,SELL,NSE_AXISBANK-EQ
1783925100,1401.1,1404.6,1400.1,1404.1,124779,1399.913887169842,1399.8284374191248,0.08544975071708905,0.006104301672470196,0.1855155190866764,0.3860727818688625,0.39325039325039945,89460.4,82793.0,1.5071201671638907,0.11736287275413307,0.09718991106679907,2.4499999999999966,0.18442624402996444,-186.33337862049038,-0.09897649331287539,True,False,BUY,NSE_ICICIBANK-EQ
1783925400,378.9,379.7,378.8,379.65,275837,378.1143641507764,378.0668906860662,0.04747346471020819,0.0125568955864026,0.19794140934283888,0.3568596352101494,0.19794140934283888,113998.4,157742.95,1.7486486717789922,0.09500105705062309,0.10985337461503474,0.6321428571428507,0.06751949981992311,-336.82221671457165,-0.02004603510971492,True,False,BUY,NSE_KOTAKBANK-EQ
1783933200,1296.9,1298.3,1296.6,1296.9,190984,1298.8377194134823,1298.904957308986,-0.06723789550369474,-0.005176506188951288,-0.007710100231295147,-0.08474576271185752,-0.10783332049602024,124462.6,93830.3,2.0354192622212652,0.03341145337351554,0.05802082789771487,1.72142857142863,-0.08513685154071027,-475.65260993236126,0.017898956037015523,False,True,SELL,NSE_RELIANCE-EQ
1784003100,1021.0,1021.5,1020.1,1021.2,124985,1033.0417329749275,1033.5217299498265,-0.4799969748989952,-0.046442852722825397,0.019588638589618235,-0.3901677721420249,-0.6711409395973034,159881.4,152839.05,0.8177556717344161,0.10310559416755599,0.21997881015359816,2.428571428571445,-0.5197051547854699,-1308.8113236902373,0.03970817988647468,False,True,SELL,NSE_SBIN-EQ
1784004600,1393.2,1394.0,1392.4,1393.2,104083,1401.0351517664126,1401.1786386351164,-0.14348686870380334,-0.010240440779455033,-0.0071772051962848415,-0.14334862385321223,-0.014353380221043821,150564.2,211826.5,0.4913596740728851,0.08539895614684054,0.1705980519092658,3.392857142857143,-0.34532902527030274,-171.08865221449904,0.2018421565664994,False,True,SELL,NSE_ICICIBANK-EQ
1784006400,1304.5,1305.9,1303.4,1305.5,173806,1298.7937805858014,1298.735061446961,0.05871913884038804,0.004521256150193345,0.08432996013492122,0.49264875683165954,0.5468268638324059,146862.4,174818.85,0.9942062883951015,0.08577414962940723,0.12114544776906831,2.5928571428571883,0.2961106934019426,-124.73514230480444,-0.23739155456155459,True,False,BUY,NSE_RELIANCE-EQ
1784007300,1405.5,1409.0,1405.4,1409.0,155753,1401.4488106096933,1401.2157842215342,0.23302638815903265,0.016630299971142123,0.24902170046245953,0.4061854200812398,0.8878705427466826,175693.2,144791.7,1.0757039250178013,0.1285574438815149,0.13779458435577277,2.5142857142857173,0.3320174425721234,-335.4014608093889,-0.09899105441309075,True,False,BUY,NSE_ICICIBANK-EQ
1784012700,377.75,377.9,377.3,377.3,49988,379.00751958795684,379.0512857678354,-0.0437661798785598,-0.011546242295393791,-0.0926784059314123,-0.18518518518517713,-0.3038710529792543,138479.8,115607.1,0.4323955881602427,0.05069769078983852,0.07540960399784664,0.6571428571428523,-0.075152764873053,-239.44231233260513,0.031386584994493205,False,True,SELL,NSE_KOTAKBANK-EQ
1784018400,1293.1,1294.0,1291.6,1291.6,172572,1299.1426283002927,1299.2137549145048,-0.07112661421206212,-0.005474589069197673,-0.10827532869296386,-0.32412409322426505,-0.5160594623738746,123493.0,110972.35,1.5550900742392135,0.05951602821966115,0.09925884409149448,2.085714285714338,-0.33299930312227843,-127.1607606383299,0.2618726889102163,False,True,SELL,NSE_RELIANCE-EQ
1784087400,1336.5,1341.7,1334.8,1339.4,716056,1316.6800333018248,1316.6318697232675,0.04816357855725073,0.003658089984360917,0.21698466142912043,1.5774306082208644,1.4543251022572479,515279.0,248761.25,2.8784869026023947,0.5931255380131342,0.324466308989922,4.985714285714266,1.0044588951020614,-105.03647541967167,-0.9562953165448107,True,False,BUY,NSE_AXISBANK-EQ
1784088600,381.25,381.35,380.45,380.65,209492,378.8318611676871,378.81236039030944,0.019500777377686518,0.005147872513345099,-0.1311819493637678,-0.22280471821757297,0.6877397169686494,125673.2,338377.65,0.6191070834613338,0.18979273969959345,0.18692519301800697,1.0214285714285682,0.08024916782886748,-132.10089556752598,-0.06074839045118097,True,False,BUY,NSE_KOTAKBANK-EQ
1784090700,1303.9,1306.7,1303.5,1305.8,128819,1298.9763683249714,1298.815109815137,0.16125850983439705,0.012415817202600092,0.15339776039269282,0.36894696387395065,0.2610565110565011,88975.0,310055.05,0.41547138161432945,0.12701118776142822,0.17538910650381598,3.2357142857142986,0.3004419530368523,-215.86041135642233,-0.13918344320245524,True,False,BUY,NSE_RELIANCE-EQ
1784092800,1080.0,1080.0,1077.0,1077.1,73341,1085.6706962999606,1085.833801908437,-0.16310560847637134,-0.015021231443495368,-0.23156724712856125,0.05573618207153075,-0.6456968914306804,131222.2,195964.05,0.37425742119536726,0.23950045916280271,0.40320747575093724,3.3642857142857565,-0.37769598559725637,-176.00788565858628,0.21459037712088502,False,True,SELL,NSE_INFY-EQ
1784098500,819.3,819.7,818.5,818.55,234475,816.8323810400153,816.8021709478782,0.03021009213716752,0.003698581273616043,-0.0854440036618942,-0.05494505494506585,0.08559026716390417,208162.6,187293.55,1.2519117716547101,0.04864077256945701,0.08650986661981723,0.9321428571428702,0.07571335880038532,-166.39104036367482,-0.0455032666632178,True,False,BUY,NSE_HDFCBANK-EQ
1784099100,1034.8,1035.2,1031.9,1031.9,355805,1028.1022193407882,1028.098758826517,0.0034605142711825465,0.0003365935656932817,-0.2995169082125493,0.11642573008634471,0.6731707317073177,383812.4,194075.7,1.8333310146504687,0.2427688613889941,0.17042983842413525,2.8785714285714255,0.16793998945172461,-102.10391859980345,-0.16447947518054207,True,False,BUY,NSE_SBIN-EQ
1784100600,812.25,813.75,811.1,813.0,398617,816.7004306752335,816.789816453778,-0.08938577854451069,-0.010943547133409812,0.09233610341643494,-0.6901606303059915,-0.6780282206340416,364844.4,248702.65,1.602785495048002,0.28202679304789574,0.159681751263764,1.4821428571428814,-0.1629123121323346,-221.5694174372353,0.0735265335878239,False,True,SELL,NSE_HDFCBANK-EQ
1784101200,376.6,377.4,376.3,376.9,331088,378.93420284653394,378.9986582389822,-0.06445539244828069,-0.017006760062891188,0.10624169986719334,-0.06628662335940172,-0.5147155866437991,148285.6,70087.3,4.723937146958151,0.20850628915149244,0.1208005076028846,0.825000000000009,-0.08942752419147837,-358.10929203446204,0.02497213174319768,False,True,SELL,NSE_KOTAKBANK-EQ
1784101200,1024.8,1025.9,1024.1,1024.8,219970,1028.0084329091483,1028.0925557093776,-0.08412280022935192,-0.008182415071696312,0.0,-0.22393145750170262,-0.6784260515603768,233361.0,216068.25,1.0180579515963128,0.18213237577923005,0.19838406564267086,3.2928571428571525,-0.14119635458246194,-247.39365925747353,0.05707355435311001,False,True,SELL,NSE_SBIN-EQ
1784103600,1311.2,1311.9,1306.2,1306.4,185263,1320.0085441123197,1320.3635677104883,-0.3550235981686001,-0.026888321281403678,-0.35087719298244613,-0.29003205617462724,-0.5556824236888191,64553.6,72203.3,2.565852253290362,0.17981841392643091,0.18665537729879603,4.014285714285718,-0.5988982586759448,-245.5762552083216,0.24387466050734474,False,True,SELL,NSE_AXISBANK-EQ
1784106600,1298.7,1298.9,1297.5,1298.8,111149,1299.584228280412,1299.5981011040283,-0.013872823616338792,-0.0010674702898191078,0.0,0.13878180416344588,0.1310615989515096,170611.4,139940.95,0.7942564345890176,0.10704425423261514,0.08747419908772353,1.9785714285714644,-0.03456844068659848,-167.0326647871472,0.020695617070259686,False,True,SELL,NSE_RELIANCE-EQ
1784175300,1307.9,1307.9,1303.9,1304.1,147686,1299.717267524184,1299.5415664584784,0.17570106570565258,0.013520234384227864,-0.2905420903738909,0.05370569280342963,0.15359803394516813,273254.0,214830.0,0.6874551971326165,0.30153626653323196,0.1854477591199581,3.171428571428578,0.1923639660913068,-1154.4446743312526,-0.01666290038565421,True,False,BUY,NSE_RELIANCE-EQ
1784176500,1028.9,1030.0,1028.6,1029.5,107534,1027.7460269535343,1027.7095781243868,0.03644882914750269,0.003546607905905026,0.05831470502477565,0.08749756951196286,0.0972289742343202,87613.0,157802.4,0.6814471769757621,0.08901279455264319,0.1148258959641374,1.7285714285714644,0.0772688088866289,-189.29163948743036,-0.04081997973912621,True,False,BUY,NSE_SBIN-EQ
1784176500,379.55,379.85,379.4,379.7,45773,378.86789774206164,378.86638282863737,0.0015149134242733453,0.00039985427394294477,0.0658848333113804,-0.02632964718273234,0.11865524060645782,44094.6,161016.35,0.2842754788566503,0.06274251789896028,0.08814656912349403,0.6964285714285795,0.03678966936706729,-104.29461064657718,-0.035274755942793945,True,False,BUY,NSE_KOTAKBANK-EQ
1784177700,1089.8,1092.0,1089.6,1090.4,73164,1084.0601041029786,1083.866882604225,0.1932214987534735,0.017827050706560658,0.055055973573137074,0.09179364787956779,0.20216871898548483,82837.0,153111.45,0.47784799895762203,0.21257153311485108,0.3734086400829729,4.035714285714286,0.2787785852392517,-325.8392690657973,-0.0855570864857782,True,False,BUY,NSE_INFY-EQ
1784188800,378.55,378.55,377.9,378.4,120668,378.9692667812108,378.969902578294,-0.0006357970831913917,-0.00016776980938744548,0.0,-0.026420079260247586,-0.10559662090814381,92738.0,115019.55,1.0491086080583691,0.06445127517015971,0.11544127084287702,0.5250000000000016,-0.02517231224084071,-102.59122813124168,0.02453651515764932,False,True,SELL,NSE_KOTAKBANK-EQ
1784263200,381.0,381.05,380.6,380.7,123807,378.89574313111876,378.86638687767015,0.02935625344861137,0.0077484449572165475,-0.09185146306259773,-0.013131976362446007,0.4352987732489044,198010.4,260379.95,0.47548591971079185,0.14496035922752776,0.17315269785964485,1.0892857142857142,0.07955237420281946,-158.48311185710568,-0.050196120754208096,True,False,BUY,NSE_KOTAKBANK-EQ
1784264100,1327.6,1331.7,1327.1,1327.6,402503,1312.7876980086455,1312.765796318373,0.021901690272443375,0.0016683623487042587,0.0075329566854964725,0.5909986361569919,0.8125142379831196,149009.0,163963.7,2.454829941017432,0.19757819917478256,0.22247226108430973,4.064285714285769,0.6549376678549379,-103.4597860229183,-0.6330359775824945,True,False,BUY,NSE_AXISBANK-EQ
1784265600,818.1,819.0,817.9,818.75,200110,814.1576334270138,814.1031724459859,0.0544609810278871,0.006689690308448033,0.07945238968340984,0.1100446292107371,0.3062787136294043,173476.8,244632.65,0.8180020124051307,0.08044129502147405,0.1628055229612296,1.5964285714285649,0.2026545327992153,-136.7498992884142,-0.1481935517713282,True,False,BUY,NSE_HDFCBANK-EQ
1784519700,782.55,782.7,777.5,778.8,2338899,813.5053225810027,814.9908341111185,-1.4855115301157866,-0.18227340332434305,-0.4792026068621835,-5.116959064327487,-4.920034183860345,1943314.2,712350.4,3.2833546524294785,2.052836012989216,1.0482710682501577,4.4178571428571445,-1.5224712689199578,-4119.269557035228,0.03695973880417114,False,True,SELL,NSE_HDFCBANK-EQ
1784519700,1266.7,1269.2,1261.8,1262.1,837328,1315.3734038659463,1315.7467313664347,-0.37332750048835806,-0.02837381173659831,-0.3867403314917195,-5.062434180833475,-5.012418153081965,1195362.4,529029.55,1.5827622483469967,1.8670271806651446,0.9938548243048773,9.207142857142864,-2.3530504927402944,-118.85756249482651,1.9797229922519364,False,True,SELL,NSE_AXISBANK-EQ
1784522700,3827.3,3831.9,3826.0,3831.0,10641,3812.575094028917,3812.137992617089,0.4371014118282801,0.011466043796809242,0.10190483656031812,0.3667801938695314,0.37203940473695685,10301.8,24595.1,0.432647153294762,0.058173880201979,0.08012695276890823,7.257142857142851,0.8112276294928051,-216.8326065350021,-0.37412621766452503,True,False,BUY,NSE_LT-EQ
1784530200,1085.8,1086.0,1083.2,1085.5,77001,1092.1870594957156,1092.295287128588,-0.10822763287228554,-0.009908276099661016,-0.027629397679129752,-0.3122417118192722,-0.3213957759412356,66540.2,65342.2,1.1784268053417242,0.13222420685696332,0.10303491145624157,2.114285714285724,-0.2948472465930081,-157.99370747506148,0.18661961372072255,False,True,SELL,NSE_INFY-EQ
1784530200,380.25,380.5,380.2,380.2,129755,381.42505919352413,381.43092682550474,-0.005867631980606802,-0.001538320982370446,-0.0394373603260223,-0.065711657247991,-0.15756302521009458,213353.6,227907.95,0.5693307319907006,0.03899764180369598,0.07728116415946205,0.5357142857142857,-0.0541328767557161,-112.15705422804108,0.048265244775109295,False,True,SELL,NSE_KOTAKBANK-EQ
1784537400,382.55,383.55,382.45,383.35,797216,381.3962597415856,381.3662306343356,0.03002910725001584,0.007874086596515823,0.20912299045876548,0.2877697841726645,0.48492791612058106,643717.0,393661.4,2.0251312422299974,0.09083648166835308,0.06452929574985573,0.5857142857142931,0.08615810384947054,-153.50016759484987,-0.056128996599454695,True,False,BUY,NSE_KOTAKBANK-EQ
1784613600,1312.4,1314.1,1312.1,1313.8,65799,1318.038258734694,1318.2044754168505,-0.16621668215657337,-0.012609324672791097,0.10667479427002302,-0.06845668213281142,-0.15958659472605774,144358.6,102827.75,0.6398953589862658,0.10870887923531897,0.07390359036136045,1.478571428571448,-0.18605385073328762,-937.9052762181288,0.019837168576714248,False,True,SELL,NSE_RELIANCE-EQ
1784614200,2224.7,2224.8,2223.0,2223.5,12957,2235.922981212694,2236.4250956980127,-0.5021144853185433,-0.022451656721452943,-0.053939857059370766,-0.12128290360254868,-0.09435657800143105,18412.6,25925.45,0.49977917451770365,0.10223420177986195,0.11403153144029297,2.9214285714285455,-0.5452268668941542,-1264.6642263033646,0.043112381575610925,False,True,SELL,NSE_TCS-EQ
1784692800,1030.0,1030.3,1028.2,1028.7,239908,1045.2105333423567,1045.6339612200459,-0.42342787768916423,-0.04049484746986493,-0.16498447204968958,-0.5990916996811313,-1.3710450623202308,261275.4,199273.2,1.203915027208877,0.39574595903044557,0.22247948889535887,2.4857142857142827,-0.7266732439447878,-239.63210152805158,0.3032453662556236,False,True,SELL,NSE_SBIN-EQ
1784700300,382.15,382.55,381.75,382.1,94249,382.984242300866,382.99818060956324,-0.013938308697220236,-0.003639262378488752,-0.03924133420535325,0.2229508196721408,0.10479434110559627,146694.4,133245.6,0.7073329250646926,0.14330275217464633,0.13917488824063728,0.8500000000000065,-0.03899133225178275,-155.63523567071357,0.025053023554562515,False,True,SELL,NSE_KOTAKBANK-EQ
1784703000,1439.6,1442.0,1438.4,1441.7,48834,1449.537436907432,1449.7654208032925,-0.22798389586046142,-0.015725571364099654,0.15978880088924896,-0.18001800180017513,-0.3938095896089622,59707.8,66826.5,0.7307580076765954,0.15190167885494296,0.09391090011838067,1.9000000000000097,-0.3447200339326173,-295.29847365649704,0.11673613807215588,False,True,SELL,NSE_ICICIBANK-EQ
1784706300,3813.5,3814.5,3812.1,3812.3,6953,3825.763935139808,3826.2566206509123,-0.4926855111043551,-0.012876436683448086,-0.020980304738915656,-0.14144642061973967,-0.35807631991635613,10051.4,14168.1,0.4907503476118887,0.09345376653109778,0.06432522757385978,3.650000000000091,-0.5913456387752376,-599.3765188991956,0.0986601276708825,False,True,SELL,NSE_LT-EQ
1784784000,384.25,384.45,384.1,384.2,49276,382.22332108661215,382.19009198791537,0.03322909869677915,0.008694390407648201,-0.013012361743658385,-0.14294996751137434,0.13031013812874193,55508.4,134573.4,0.3661644871869181,0.10872875439314739,0.15188784144136713,0.7250000000000105,0.08714574898874616,-161.63049543478394,-0.053916650291967017,True,False,BUY,NSE_KOTAKBANK-EQ
1784792700,2225.5,2228.6,2223.5,2227.4,15846,2221.1403261977393,2221.1257207645085,0.014605433230826748,0.0006575689567810495,0.08537407324196167,0.1753991454913395,0.15738117721120215,18752.4,24458.05,0.6478848477290708,0.03475321633505396,0.1310323549965964,3.7785714285714675,0.27673148031590244,-105.57191221293868,-0.2621260470850757,True,False,BUY,NSE_TCS-EQ
1784868900,382.3,382.45,382.1,382.2,121670,382.5216694452454,382.52354326724304,-0.001873821997662617,-0.0004898579527047583,-0.052301255230124966,0.27548209366392573,0.11787819253437082,156567.2,251209.3,0.48433716426899803,0.12622861217905218,0.13842238088569095,0.7178571428571477,-0.014211119817161944,-115.18826914189432,0.012337297819499327,False,True,SELL,NSE_KOTAKBANK-EQ
1784869800,382.5,382.8,382.35,382.75,122856,382.52431009061723,382.5238136566458,0.000496433971420629,0.0001297785794497566,0.06535947712418277,0.14390371533228308,0.41978223796406144,152136.8,204410.4,0.6010261708797595,0.08959656574025791,0.136961712695147,0.5892857142857224,0.009977690708922182,-105.23595115252039,-0.009481256737501553,True,False,BUY,NSE_KOTAKBANK-EQ
1784870400,382.7,382.7,382.2,382.3,79646,382.521439856782,382.5234045272056,-0.0019646704236038204,-0.0005136078996348288,-0.10452051215050773,-0.05228758169933956,-0.02615062761505138,120584.6,173644.3,0.4586732763471073,0.06765457604972071,0.13293641274366733,0.5250000000000057,-0.009777380336231545,-125.14710574916283,0.007812709912627724,False,True,SELL,NSE_KOTAKBANK-EQ
1784871300,383.0,383.2,382.95,383.0,104602,382.53554449720843,382.52538637133176,0.01015812587667142,0.002655542936125694,0.0,0.18310227569970916,0.13071895424836555,168414.0,148986.65,0.7020897509944684,0.17756414054498562,0.11202238797726534,0.5642857142857167,0.02045667664197026,-198.6364597133357,-0.010298550765298842,True,False,BUY,NSE_KOTAKBANK-EQ
1785125400,3831.1,3831.9,3823.3,3825.0,15721,3797.7362603207825,3797.4553149639855,0.2809453567970195,0.007398253132563429,-0.18267223382045783,-0.02352387673488776,0.9314721481911592,15412.6,21969.5,0.7155829672955688,0.16770792260147302,0.1870384831640954,9.514285714285734,1.2034657258482184,-130.45410878959436,-0.9225203690511989,True,False,BUY,NSE_LT-EQ
1785126300,1072.7,1075.3,1070.3,1073.4,317752,1047.31971726841,1046.8117859136264,0.5079313547835227,0.04852174589725461,0.05592841163313267,-0.15812482559760532,0.30838239416879354,244277.0,425115.85,0.747448019169363,0.12337792249288945,0.5040440020516708,5.6142857142857405,1.1492160890838932,-179.2052777207719,-0.6412847343003705,True,False,BUY,NSE_INFY-EQ
1785137100,1020.3,1020.5,1019.6,1020.3,31596,1018.9878568620304,1018.9400457476605,0.04781111436989249,0.004692240193073427,0.03921953132659528,-0.019598236158746563,0.01960592098813052,31062.6,37247.15,0.8482796670349275,0.04017549582636359,0.06632429640739672,1.2714285714285845,0.05763197816168031,-586.8320687827077,-0.009820863791787815,True,False,BUY,NSE_SBIN-EQ
1785138300,1437.8,1440.0,1437.6,1438.8,65850,1436.3226443524586,1436.306519737991,0.01612461446757152,0.0011226443830745089,0.0695507024620845,0.10436234606554518,0.055632823365781015,124514.4,121766.45,0.5407893553601998,0.048293780396476124,0.05679385731117077,1.9285714285714124,0.10943352369713466,-117.28089482634604,-0.09330890922956314,True,False,BUY,NSE_ICICIBANK-EQ
1785211500,1013.5,1014.7,1013.3,1014.5,82371,1019.0175794227525,1019.0944009655616,-0.07682154280905706,-0.007538216551506017,0.11842494818909977,-0.13780883945270217,-0.6171630094043867,123267.2,135556.45,0.6076509085329396,0.13674191649481704,0.0920212549817155,1.5857142857142807,-0.19915892656433698,-162.79482236004705,0.12233738375527992,False,True,SELL,NSE_SBIN-EQ
1785218700,1430.1,1432.0,1430.1,1432.0,44087,1437.4783747636402,1437.6864950762535,-0.20812031261334596,-0.014476056729065084,0.10485844110450504,-0.013964530093568683,-0.19514914970727437,99360.0,118919.15,0.3707308705116039,0.07986729386257932,0.11046709880753079,2.564285714285753,-0.24054984096619592,-741.7617621474166,0.03242952835284996,False,True,SELL,NSE_ICICIBANK-EQ
1785301800,746.75,747.55,746.3,747.5,234308,742.7650805816047,742.599597918037,0.16548266356767272,0.022284238239775826,0.12054647736403634,0.127252025986202,-0.006688515818331631,219242.6,418464.55,0.5599231762881707,0.11675323257744688,0.23561919793565225,1.2964285714285941,0.2080264357505257,-488.9703594134266,-0.04254377218285299,True,False,BUY,NSE_HDFCBANK-EQ
1785304500,1438.6,1440.0,1438.4,1439.6,51095,1434.8569672025487,1434.719096893664,0.1378703088846578,0.009609568115679456,0.08342602892101869,0.09038448167975055,0.07646854362182154,53348.2,106635.0,0.47915787499413887,0.09246759364008704,0.12360612505701422,2.299999999999971,0.20861731263880756,-294.8779475718373,-0.07074700375414977,True,False,BUY,NSE_ICICIBANK-EQ
1785314700,1233.8,1234.5,1233.1,1234.3,70003,1227.410979363392,1227.2663742025848,0.14460516080725938,0.011782703726500815,0.048634189835450314,0.0,0.47212047212046304,129838.6,82028.45,0.8533990341156026,0.10948040612792104,0.08003210397944219,1.5500000000000196,0.3034739343677302,-191.02176442006572,-0.1588687735604708,True,False,BUY,NSE_AXISBANK-EQ
1785317100,1280.0,1280.7,1279.5,1280.0,139006,1276.7464964561127,1276.6311796415014,0.11531681461133303,0.009032899748204164,-0.023432008123092096,0.15649452269170805,0.14082303238929228,155854.4,138541.65,1.0033516996513323,0.06274148858089376,0.11961155508633448,1.821428571428539,0.14292761384808728,-517.6511285404173,-0.027610799236754247,True,False,BUY,NSE_RELIANCE-EQ
1785318300,1275.6,1275.6,1274.7,1275.2,305893,1276.5887479041069,1276.6077778928704,-0.01902998876357742,-0.0014906684020825672,-0.03919416790781893,-0.10184097140618631,-0.2971071149335369,253018.6,165276.5,1.8507954851415658,0.10898361303809032,0.09641039488149217,1.7642857142856687,-0.06126192862620883,-145.0606551000892,0.04223193986263141,False,True,SELL,NSE_RELIANCE-EQ
1785383100,1279.8,1281.7,1275.3,1279.8,333057,1276.7064152342832,1276.6260911378308,0.08032409645238658,0.00629190465477604,0.21141649048626032,0.36072772898367855,0.25851938895415927,269498.6,182930.05,1.820679543902164,0.1204858684470587,0.10762510508154138,2.157142857142844,0.13614874778386366,-243.8864274770586,-0.05582465133147707,True,False,BUY,NSE_RELIANCE-EQ
1785384900,1430.6,1431.2,1429.8,1431.0,65549,1435.570077856016,1435.6678600812957,-0.09778222527961589,-0.006810922498054592,0.03495281370149428,0.06993006993007977,0.34359441834375115,87534.2,137927.9,0.4752410498528579,0.08337167998541953,0.20123753905417174,3.192857142857162,-0.20130469850573718,-194.45507070337555,0.10352247322612129,False,True,SELL,NSE_ICICIBANK-EQ
1785390300,1225.1,1225.5,1224.5,1224.5,120453,1227.5849161575518,1227.7136147726535,-0.12869861510171177,-0.010482787968881815,-0.0571335292197217,-0.2850162866449457,-0.33371316946116947,146608.6,76953.5,1.5652699357404147,0.12035094360000605,0.12716281189367185,2.0857142857143054,-0.13535884213524696,-2032.3457661982975,0.006660227033535193,False,True,SELL,NSE_AXISBANK-EQ
1785395100,1022.1,1023.7,1020.8,1022.4,134884,1015.8952000348721,1015.7394904663449,0.1557095685271861,0.015329675570228832,0.03913894324854006,0.45195519748477686,0.6002164715143143,114133.4,73467.7,1.835963287267738,0.166082516403401,0.09870828844922161,1.642857142857151,0.286387224551504,-219.15546487779824,-0.1306776560243179,True,False,BUY,NSE_SBIN-EQ
1785470100,1237.5,1238.5,1233.8,1233.8,74037,1227.1560393543327,1226.9247594278638,0.2312799264689147,0.01885037568047486,-0.3714470284237881,0.24374390640233834,0.4395962227287331,217185.2,139164.55,0.5320104868660878,0.37020823069320413,0.18762415618667586,2.992857142857133,0.2919070083871702,-481.47956185777383,-0.0606270819182555,True,False,BUY,NSE_AXISBANK-EQ
1785471900,2361.3,2361.3,2356.0,2356.9,31671,2409.902859729938,2412.1767218342,-2.273862104262207,-0.09426598323746281,-0.1863380341337484,-0.02969121140141695,0.31496062992126816,70910.0,105177.8,0.301118677135289,0.2510328403750504,0.8094861016412168,14.642857142857208,-2.3251139287986007,-4536.646158123706,0.05125182453639354,False,True,SELL,NSE_TCS-EQ
1785473400,1433.7,1433.9,1431.5,1433.9,84104,1433.0873510906222,1433.0784318114781,0.008919279144038228,0.0006223859731643468,0.006974473427256989,0.027903732124179292,-0.17404622667780423,75212.6,389648.45,0.2158458477122134,0.07396410979124016,0.26262089297517044,2.6857142857142793,0.03586706087321545,-133.0983797986646,-0.026947781729177223,True,False,BUY,NSE_ICICIBANK-EQ
1785473700,1433.9,1434.8,1432.3,1432.3,24509,1433.047983536091,1433.0719448797158,-0.02396134362493285,-0.0016720265657663152,-0.11158379245415073,-0.1255142598145187,-0.30625739542006203,42983.2,363639.85,0.06739910381109221,0.06210069482801835,0.26206798672076065,2.0142857142857014,-0.03288062276897108,-368.64663879198076,0.008919279144038228,False,True,SELL,NSE_ICICIBANK-EQ
1785474300,1432.5,1435.9,1432.0,1435.6,67060,1433.1495551413218,1433.0882855167815,0.06126962454027307,0.004275355898131483,0.21640488656193835,0.11855777948250878,0.14649459365190243,64274.2,275294.2,0.24359394422403377,0.12017171021340038,0.2612933543421366,2.1357142857142923,0.10786393763874003,-231.49592829234984,-0.046594313098466955,True,False,BUY,NSE_ICICIBANK-EQ
1785475200,1129.0,1130.5,1128.8,1130.5,97012,1138.355821695725,1138.545512093591,-0.18969039786611575,-0.016660765498720156,0.10626051536350989,0.22163120567375572,0.43532338308458485,117788.4,228051.5,0.4253951410098158,0.08129706462702019,0.8439046445230867,3.1999999999999966,-0.345854954450715,-221.46827808738695,0.15616455658459927,False,True,SELL,NSE_INFY-EQ
1785731400,1148.6,1151.6,1148.3,1149.9,124421,1137.3658181253093,1137.2093122519645,0.1565058733447131,0.013762275041064476,0.09575208913650268,0.017395842393663763,0.6917688266199651,124745.8,324035.8,0.38397300545186674,0.3028746254578889,0.27980395223383814,4.59285714285714,0.553049348020977,-139.46751953804906,-0.39654347467626394,True,False,BUY,NSE_INFY-EQ
1785734400,2421.9,2424.8,2420.7,2423.3,25670,2396.8289765507157,2396.6807683548564,0.14820819585929712,0.006183893900939968,0.05780585490731127,0.10327164573693537,-0.02887788778876965,24938.8,50353.75,0.5097932130178984,0.11089183320982494,0.25797309455310413,6.200000000000013,1.1695207382608714,-114.51154173734044,-1.0213125424015743,True,False,BUY,NSE_TCS-EQ
1785818400,747.1,747.4,746.2,746.35,849248,750.1458824979708,750.2598567879753,-0.11397429000453485,-0.01519130858106729,-0.1003881675813112,-0.10707354614200026,-0.12712431419776848,608098.0,427192.65,1.9879742781155059,0.09862637039378987,0.13504228613367728,1.4142857142857193,-0.16692734997229763,-315.2364567296415,0.05295305996776278,False,True,SELL,NSE_HDFCBANK-EQ
1785827100,1292.9,1293.8,1292.1,1293.8,114313,1300.0069282794218,1300.2786596211874,-0.2717313417656442,-0.020897931359175594,0.06187161639596983,-0.13893176906452087,-0.16975308641975495,111457.6,101321.8,1.1282172247236033,0.07274441382535946,0.06752279023146339,1.7857142857142858,-0.2722379179338077,-53740.76694542233,0.0005065761681635195,False,True,SELL,NSE_RELIANCE-EQ
1785830700,1432.7,1433.7,1432.5,1433.4,118791,1440.6462900244621,1440.803964972863,-0.15767494840088148,-0.010943539317914858,0.04187604690117919,-0.11845864399692152,-0.3129563947423364,261212.6,142580.65,0.8331495192370073,0.05345750711835699,0.0517194616938613,1.9071428571428604,-0.3191654924485192,-197.63726373624039,0.16149054404763774,False,True,SELL,NSE_ICICIBANK-EQ
1785901500,1454.6,1454.6,1444.3,1452.8,677041,1440.7900234682122,1440.562461151559,0.22756231665312043,0.01579676846994967,-0.12374535954901011,0.8888888888888946,0.7559470143560398,338823.0,274534.65,2.466140430725229,0.4872334253381433,0.23702899666792923,3.70714285714288,0.529267567077568,-175.4253750416936,-0.3017052504244475,True,False,BUY,NSE_ICICIBANK-EQ
1785915600,1434.0,1434.0,1431.2,1433.4,200581,1441.7194091416295,1441.8487623801668,-0.12935323853730551,-0.008971345810483793,-0.03486993514192349,-0.0766817706517875,-0.25052192066805645,202001.2,131681.45,1.5232289741645462,0.09957632808450022,0.07695368466290607,2.5642857142856883,-0.36686563583839416,-154.46167863537985,0.23751239730108864,False,True,SELL,NSE_ICICIBANK-EQ
1785915900,2422.0,2423.1,2420.5,2421.2,38056,2430.0459184083174,2430.1700744284813,-0.12415602016380944,-0.005108943669014936,-0.03715783823954322,0.06612663250122885,-0.1443477543613625,59700.2,36490.95,1.0428887162433427,0.15081234710614452,0.09530928219054471,3.4428571428570973,-0.39019587635948483,-146.66820300507578,0.2660398561956754,False,True,SELL,NSE_TCS-EQ
1785988200,1450.5,1451.3,1448.6,1450.1,172365,1441.4369343935846,1441.4171759101284,0.01975848345614395,0.001370767865567316,0.013794054762383823,0.4502632308118537,0.38072822926762395,297493.2,180265.95,0.9561705912847102,0.20159968897377648,0.13795903565598258,3.1500000000000097,0.3829859130719342,-105.43970026631628,-0.36322742961579024,True,False,BUY,NSE_ICICIBANK-EQ
1785993600,1301.2,1304.8,1300.6,1304.5,177189,1293.4148504221735,1293.1513187378628,0.26353168431069207,0.02037902915862185,0.2613173468603458,0.3461538461538405,0.32300238406521853,94602.2,247139.5,0.7169594500272114,0.11190608830190556,0.29448089778997166,2.0642857142857696,0.4880618557190246,-217.37027708023749,-0.22453017140833254,True,False,BUY,NSE_RELIANCE-EQ
1786074900,393.45,393.7,393.1,393.35,85089,395.1387691432165,395.14639975888775,-0.0076306156712462325,-0.0019310857130173315,-0.012709710218594683,-0.16497461928933754,-0.505880865056274,188373.8,255533.75,0.33298536886027774,0.1413776009415111,0.10539047359395665,0.7178571428571436,-0.07904994808660604,-110.68424390593317,0.0714193324153598,False,True,SELL,NSE_KOTAKBANK-EQ
1786079100,1245.0,1246.0,1244.5,1246.0,17927,1250.7042104132054,1250.7167270582563,-0.012516645050936859,-0.0010007577879266544,0.08032128514057213,-0.09621552277101486,-0.12024048096191953,41465.0,41519.1,0.4317771820680121,0.09567243168911835,0.14725369292914098,1.7714285714285682,-0.2079536599135281,-106.40443933291608,0.19543701486259124,False,True,SELL,NSE_AXISBANK-EQ
1786079400,2428.6,2428.8,2421.7,2426.6,130684,2414.5015113613313,2414.1384706463236,0.363040715007628,0.015038106530419242,-0.08235197232974167,0.012364505625828137,-0.53287424167896,95204.2,104733.55,1.2477759037099383,0.14206796054211426,0.3879507831519881,7.271428571428617,0.5320438258654576,-314.81303697008786,-0.1690031108578296,True,False,BUY,NSE_TCS-EQ
1786083600,1439.8,1440.0,1439.4,1439.9,54162,1447.6517912841368,1447.8946168915725,-0.24282560743563408,-0.01677094483277704,0.01389178301034466,-0.006944444444434428,-0.08326972451597747,89649.6,171819.6,0.3152259695634258,0.03558973663380287,0.11380708610575622,1.8214285714285714,-0.3408073604034598,-347.82737609866064,0.09798175296782574,False,True,SELL,NSE_ICICIBANK-EQ
1786419900,1071.0,1071.0,1060.4,1064.3,562103,1075.728876443915,1075.9825909107346,-0.25371446681970156,-0.023579792922574352,-0.6255835667600462,-0.6255835667600462,-0.8939379830524397,238682.4,243496.85,2.3084610745477816,0.2980394578742174,0.1719199718379937,2.428571428571445,-0.5033467799744358,-201.63526652995324,0.24963231315473422,False,True,SELL,NSE_SBIN-EQ
1786428600,4040.6,4042.1,4040.0,4041.8,4419,4048.20244327169,4048.3420961529173,-0.13965288122744823,-0.0034496314271503493,0.02969855961987289,-0.004948045522013,0.044554455445555696,11607.4,9761.85,0.45268058820817775,0.06106186077585376,0.08157387988176897,4.33571428571424,-0.28199510058584565,-198.1106532249734,0.14234221935839741,False,True,SELL,NSE_LT-EQ
1786508700,1315.4,1316.0,1315.0,1315.8,62927,1320.5398179100341,1320.694078323196,-0.15426041316186456,-0.011680253261809088,0.03040900106430211,-0.10628606134225338,-0.28040924592649397,85296.2,195942.7,0.32115000967119467,0.0786238945633036,0.1386655282126351,2.8642857142857565,-0.20833739192948997,-385.26078319711263,0.054076978767625405,False,True,SELL,NSE_RELIANCE-EQ
1786509300,2421.8,2422.6,2419.0,2420.0,21369,2435.459044189179,2435.839687808461,-0.3806436192817273,-0.015626792731347382,-0.08257638315442017,-0.3335941682797161,-0.5792695452117802,23266.8,34277.75,0.6234073123235918,0.15953805494647186,0.13975273412092656,5.235714285714299,-0.6805272844544561,-226.93042785857705,0.2998836651727288,False,True,SELL,NSE_TCS-EQ
1786509600,1078.5,1079.7,1078.4,1079.4,63200,1072.3698232499062,1072.2199404228597,0.14988282704644007,0.013978739006414076,0.08344923504868262,0.055617352614034665,-0.1110494169905385,165436.2,268709.55,0.23519819076024653,0.14443763284559713,0.19919687430999664,2.914285714285711,0.30967266753464173,-193.79997288219766,-0.15978984048820166,True,False,BUY,NSE_SBIN-EQ
1786512900,1168.3,1171.7,1166.9,1171.6,156550,1181.7381721978268,1181.839736812457,-0.10156461463020605,-0.008593772189800982,0.2738788086271704,-0.37414965986395377,-0.6613532304561742,129852.6,114564.15,1.366483319607399,0.3225580761226537,0.1805999845800883,3.0571428571428703,-0.44753980190421316,-129.35604007629843,0.3459751872740071,False,True,SELL,NSE_INFY-EQ
1786525800,392.2,392.7,392.0,392.6,84644,390.84942331092054,390.818315719409,0.03110759151155662,0.007959604312375818,0.11475200816015718,0.30659172202351925,0.38353362311429606,95607.4,79338.95,1.066865644176032,0.10334863470304193,0.07544090184675988,0.528571428571435,0.07716347840306526,-167.54313858906917,-0.046055886891508635,True,False,BUY,NSE_KOTAKBANK-EQ
1786595100,389.5,389.5,389.0,389.15,44799,390.8716460695631,390.8779690055011,-0.006322935937987495,-0.0016176240257476646,-0.07703171138785381,-0.1155030800821466,-0.14113420579933145,38250.0,139574.55,0.32096825674881274,0.059949382438270964,0.1578962311502373,0.9178571428571445,-0.07609220308427211,-109.06263774382244,0.06976926714628462,False,True,SELL,NSE_KOTAKBANK-EQ
1786604700,4041.9,4045.0,4037.5,4043.9,42979,4024.215663715472,4023.626682527922,0.5889811875499618,0.01463806744565882,0.049481679408192036,-0.07166155975091293,-0.3769215608986909,26805.4,33546.6,1.281173054795419,0.06619718042295418,0.2778736237716428,11.678571428571429,0.8656536868147668,-312.8802787104055,-0.2766724992648051,True,False,BUY,NSE_LT-EQ
1786604700,392.05,392.05,391.95,392.0,38417,390.78927721949657,390.76776758836894,0.02150963112762838,0.005504453773241201,0.0,0.06381620931716903,0.16609173374217967,76597.0,72944.6,0.5266599583793729,0.04136480516628057,0.078883426802389,0.48928571428572404,0.05336735739007281,-167.51778501212456,-0.03185772626244443,True,False,BUY,NSE_KOTAKBANK-EQ
1786680900,1071.9,1073.3,1071.7,1072.9,78892,1077.4185775420924,1077.4336051596215,-0.015027617529085546,-0.001394760424876409,0.08395522388060517,0.11197163385276987,-0.3621842496285166,99262.2,144179.3,0.5471797962675641,0.04964774145839983,0.22178958355719003,2.5642857142857047,-0.1997223482865138,-108.13646251165785,0.18469473075742826,False,True,SELL,NSE_SBIN-EQ
1786945500,4030.0,4030.8,4030.0,4030.0,3733,4037.5661748206867,4037.576320252398,-0.010145431711407582,-0.0002512752925689184,-0.014886121173018907,-0.061996280223186595,-0.009924573243347279,4466.0,6061.95,0.6158084444774371,0.03215544722084137,0.042698866538922686,2.778571428571435,-0.33455317066182033,-103.12737043334172,0.32440773895041275,False,True,SELL,NSE_LT-EQ
1786946400,4043.1,4043.9,4038.8,4038.9,10005,4037.580424136887,4037.5751106829925,0.005313453894359554,0.00013160012504289328,-0.14092864560153462,0.2208436724565832,0.158710477371371,18053.8,9385.1,1.0660515071762686,0.20286966548212337,0.1001675675028742,4.4714285714285325,0.05831783754410935,-110.02455557161193,-0.0530043836497498,True,False,BUY,NSE_LT-EQ
1786946700,4039.9,4043.0,4035.3,4037.3,13340,4037.5664029300424,4037.5728180939677,-0.006415163925339584,-0.00015888664339601966,-0.03961474658941144,0.20600645321420252,0.14138307371762693,19980.8,9606.6,1.3886286511356776,0.20409031000243666,0.10061248161573695,4.757142857142818,-0.011728617819699139,-220.73434818263013,0.005313453894359554,False,True,SELL,NSE_LT-EQ
1786947000,4037.3,4041.0,4035.1,4040.4,6031,4037.7080827835402,4037.596377943185,0.11170484035528716,0.0027666173113666047,0.07678398929977792,-0.10384215991692258,0.24313997915943464,20440.4,9670.4,0.6236556915949703,0.20278264939613574,0.10137215779515789,4.999999999999967,0.11812000428062674,-1841.2624471536649,-0.006415163925339584,True,False,BUY,NSE_LT-EQ
1786952700,1228.3,1228.8,1227.1,1227.6,60650,1220.1983257810045,1219.9763240895352,0.22200169146935878,0.01819721310042947,-0.06512536633019872,0.09784735812130574,0.33510420923579254,67578.6,74743.05,0.8114466830026337,0.10112433406201979,0.11278210360089974,2.1357142857143083,0.32549729755055523,-314.5034942789644,-0.10349560608119646,True,False,BUY,NSE_AXISBANK-EQ
1786953300,1419.5,1420.0,1419.1,1420.0,70544,1415.2018182748693,1415.1173824831958,0.08443579167351345,0.005966698785463905,0.04227138227419491,0.04227138227419491,0.13398208871024941,74454.8,78984.05,0.8931423496262852,0.043469213961967575,0.06863829376563138,1.6642857142856624,0.21150548096898092,-166.44841278959927,-0.12706968929546747,True,False,BUY,NSE_ICICIBANK-EQ
1786955100,1318.2,1318.6,1315.4,1315.7,72245,1310.2226610701407,1310.0673279517869,0.15533311835383756,0.01185688056175645,-0.21236253318164255,-0.17450682852806487,-0.12146056327335675,135999.4,351478.55,0.20554597143979342,0.14740807711762616,0.14412430343425595,2.4714285714285325,0.24094761775199913,-281.43319116010986,-0.08561449939816157,True,False,BUY,NSE_RELIANCE-EQ
1786955100,728.35,728.5,728.05,728.4,97885,727.0112790077834,727.0098899604626,0.0013890473207993637,0.00019106305704794538,0.02059732234809264,-0.05488474204170535,-0.013726835964311679,153246.0,203368.3,0.4813188682798647,0.03340875788820717,0.06015698517026308,0.7964285714285779,0.061408981566955845,-102.31430996758934,-0.06001993424615648,True,False,BUY,NSE_HDFCBANK-EQ
1787028300,724.95,725.4,724.85,725.1,183254,727.0406551998703,727.1125828035954,-0.07192760372504381,-0.009892223766463494,0.013793103448289656,-0.0068951251465110275,-0.12396694214875659,192863.2,352985.8,0.5191540282923562,0.04895346007944772,0.1276059019627523,0.9821428571428653,-0.08522728682714842,-640.8219366795411,0.01329968310210461,False,True,SELL,NSE_HDFCBANK-EQ
1787028600,1412.2,1412.5,1411.2,1412.2,69257,1415.496578203723,1415.6076269625564,-0.11104875883347631,-0.007844600206891482,0.00708165144112094,-0.0070806485873986524,-0.06368976010189265,38074.8,121181.0,0.5715169869864087,0.034831403528368894,0.14107796382399349,2.3714285714285586,-0.14486859529165486,-428.3539202526858,0.03381983645817854,False,True,SELL,NSE_ICICIBANK-EQ
1787029200,390.35,390.7,390.3,390.7,37423,392.1845296715521,392.2116454765779,-0.02711580502580091,-0.006913564484515085,0.08966312283846811,0.15380671622660103,0.11531069827033225,43502.6,85080.45,0.43985427909701935,0.05313920208070628,0.17611522653296943,0.4928571428571412,-0.0654302374434792,-170.77177793005666,0.03831443241767829,False,True,SELL,NSE_KOTAKBANK-EQ
