timestamp,open,high,low,close,volume,SMMA20,SMMA120,SMMA_gap,SMMA_gap_pct,price_change_5m,price_change_15m,price_change_30m,volume_sma_5,volume_sma_20,volume_ratio,rolling_std_5,rolling_std_20,ATR_14,SMMA_gap_change,SMMA_gap_change_pct,PREV_GAP,BUY_SIGNAL,SELL_SIGNAL,signal,symbol,entry_ltp,exit_ltp,pnl,target
1767340800,1269.0,1269.2,1267.2,1267.7,42209,1273.997591740034,1274.2130162558692,-0.2154245158351386,-0.0169064758471969,-0.1024428684003098,-0.3850385038503767,-0.4554377699254042,86736.8,93587.7,0.4510101220566378,0.087557949846784,0.0858424051744279,1.742857142857149,-0.2767209678029303,-451.446958052864,0.0612964519677916,False,True,SELL,NSE_AXISBANK-EQ,1267.7,1266.6,1.1000000000001364,1
1767346800,438.84,440.16,438.64,439.96,390380,442.0488068742517,442.0696602462049,-0.0208533719531374,-0.0047172140113672,0.2460809332847313,-0.1225879682179353,-0.0953721785730499,262446.0,146576.75,2.663314611628379,0.1895908489376516,0.1092960017883665,0.7814285714285713,-0.0922089665450016,-129.22457877677758,0.0713555945918642,False,True,SELL,NSE_KOTAKBANK-EQ,439.96,440.96,-1.0,0
1767585900,1596.6,1598.9,1590.0,1590.9,131429,1631.7976679835676,1633.5194238731567,-1.721755889589076,-0.1054016171724916,-0.3570086433671404,-1.3945704722945318,-3.0234684547394086,196976.8,85804.95,1.5317181584512316,0.3714254075824678,0.3376781634440805,5.821428571428539,-1.794362422137965,-2471.3512119997577,0.0726065325488889,False,True,SELL,NSE_INFY-EQ,1590.9,1597.0,-6.099999999999909,0
1767586800,1282.8,1285.0,1281.6,1284.8,87223,1273.6421665803955,1273.5473319952646,0.0948345851309113,0.0074464908172933,0.1402961808261826,0.1481019565047869,0.351480121846448,86659.6,132044.5,0.6605576150464427,0.117207554394368,0.1898132316296447,3.971428571428565,0.4926941551716481,-123.8361955504052,-0.3978595700407368,True,False,BUY,NSE_AXISBANK-EQ,1284.8,1286.2,1.400000000000091,1
1767587400,3192.4,3198.0,3192.0,3195.3,32965,3229.302221926972,3229.645785642017,-0.3435637150446382,-0.0106378141086559,0.0877055599060261,-0.3337492202120984,-0.2715355805243402,36911.6,36157.15,0.9117145571484476,0.1910335378408009,0.181495682395029,9.735714285714298,-1.5009705803231554,-129.6839188837854,1.1574068652785172,False,True,SELL,NSE_TCS-EQ,3195.3,3224.0,-28.699999999999815,0
1767587700,986.4,988.65,985.7,988.55,374188,995.0447312086488,995.207919914114,-0.1631887054651315,-0.0163974484326063,0.2027266737621103,0.2281253168407104,-0.1363774118597893,312896.2,448273.65,0.8347311960004787,0.1715297643820334,0.2413841389974467,3.5107142857143003,-0.2858790515088003,-233.00859499332432,0.1226903460436688,False,True,SELL,NSE_HDFCBANK-EQ,988.55,988.05,0.5,1
1767603600,1579.7,1580.0,1579.0,1579.9,76265,1587.0462355093518,1587.087329124278,-0.0410936149260123,-0.0025892472437976,0.0189921499113898,-0.0063291139240417,-0.0442869796279832,91680.4,86899.3,0.8776250211451645,0.0499424406915103,0.0545301791859303,2.1071428571428896,-0.3157199346535435,-114.96346561639945,0.2746263197275311,False,True,SELL,NSE_RELIANCE-EQ,1579.9,1529.1,50.80000000000018,1
1767674100,3241.9,3242.0,3239.3,3239.8,28155,3228.107388840145,3227.6437730346715,0.463615805473637,0.0143639087233514,-0.0647768284030902,-0.0308565786225623,0.3251478648623518,33683.0,52261.45,0.5387336172264643,0.1587598356109537,0.1354454337739748,7.728571428571415,0.513247419585241,-1034.1138985146213,-0.0496316141116039,True,False,BUY,NSE_TCS-EQ,3239.8,3237.1,-2.700000000000273,0
1767690000,4146.4,4146.4,4140.0,4140.4,13298,4153.632685911869,4154.036189251874,-0.4035033400050452,-0.0097135249097989,-0.1326611833377566,-0.255360154179729,-0.2913907284768258,12819.2,9448.35,1.4074415109516476,0.0634509852839055,0.0500769823325434,4.871428571428559,-0.5818673276116897,-326.22466867858566,0.1783639876066445,False,True,SELL,NSE_LT-EQ,4140.4,4124.9,15.5,1
1767759600,1625.6,1627.2,1624.0,1626.7,34340,1617.0191310785565,1616.9292728604726,0.0898582180836911,0.0055573375775877,0.0676673228346524,-0.5258973888583096,-0.3735913767760834,78262.4,129903.1,0.2643508892397487,0.4039866046869237,0.3583804552588676,5.828571428571438,0.427412466165606,-126.62037838193196,-0.3375542480819149,True,False,BUY,NSE_INFY-EQ,1626.7,1632.8,6.099999999999909,1
1767843900,1006.6,1008.2,1003.05,1006.4,379144,1008.143699430833,1008.1838073471772,-0.0401079163441409,-0.0039782345294432,-0.0496573641871056,-0.0546203883013074,-0.0645449580457757,261947.0,164144.2,2.309822704670649,0.0315035521023801,0.0990205880643412,1.6107142857142909,-0.0767836765469383,-209.35810497823505,0.0366757602027973,False,True,SELL,NSE_SBIN-EQ,1006.4,1009.7,-3.300000000000068,0
1767844200,4156.0,4163.8,4154.0,4161.0,10004,4146.040569073957,4146.029361247644,0.0112078263136936,0.0002703267472838,0.1010392609699817,0.1323547106244715,0.2819752729376068,40501.0,22036.15,0.4539812989111074,0.1108176475003246,0.0817611213964506,7.485714285714104,0.6615347827973892,-101.72341407686592,-0.6503269564836955,True,False,BUY,NSE_LT-EQ,4161.0,4161.6,0.6000000000003638,1
1767847200,1008.95,1011.6,1008.65,1011.1,83655,1008.2914461319268,1008.1927812649308,0.0986648669960459,0.0097863096056149,0.2081268582755147,0.3224686213226135,0.1833044339856426,75142.0,153005.75,0.546744158307776,0.1851235660815738,0.1293652901717434,2.3964285714285927,0.1233882150968384,-499.0756696617616,-0.0247233481007924,True,False,BUY,NSE_SBIN-EQ,1011.1,1004.65,-6.4500000000000455,0
1767848100,3207.4,3208.1,3192.3,3197.3,99818,3253.30525007083,3253.91371907588,-0.6084690050502104,-0.0186996047708055,-0.3242198459955658,-0.5845589378439597,-0.8527660630116563,95928.2,75596.95,1.320397185336181,0.1643935227065129,0.2475992417009013,11.59999999999994,-2.471899202117129,-132.6531686568112,1.8634301970669185,False,True,SELL,NSE_TCS-EQ,3197.3,3204.3,-7.0,0
1767850200,1006.0,1006.0,1004.0,1004.85,133016,1008.1276942301772,1008.184553160672,-0.0568589304948545,-0.0056397343439354,-0.1043841336116901,-0.2630272952853563,-0.4852686308492226,73965.2,80365.75,1.6551329390940792,0.020649015944361,0.1311692470567573,1.7000000000000048,-0.144488767509415,-164.88535461432724,0.0876298370145605,False,True,SELL,NSE_SBIN-EQ,1004.85,997.55,7.300000000000068,1
1767854100,4127.3,4127.3,4119.4,4122.1,12418,4146.729534874084,4147.340643050454,-0.6111081763701804,-0.0147349405068568,-0.1163100632435742,-0.2902687404755522,-0.3529383324872404,22772.4,19771.45,0.6280773539624054,0.1127266248309116,0.0692209291001689,6.428571428571494,-1.0841850650404012,-229.1773474895284,0.4730768886702208,False,True,SELL,NSE_LT-EQ,4122.1,4111.5,10.600000000000364,1
1767855900,1615.5,1617.7,1615.5,1617.5,11532,1624.1663089315748,1624.236884684997,-0.0705757534221902,-0.0043451638173995,0.1238006809037406,0.0123662894948362,-0.2774352651048084,27318.4,42617.05,0.2705959234625578,0.1287086297919243,0.1016241264400489,2.914285714285711,-0.2942458884751886,-131.55349881890464,0.2236701350529983,False,True,SELL,NSE_INFY-EQ,1617.5,1611.8,5.7000000000000455,1
1767859800,1287.8,1287.8,1286.3,1286.8,8707,1288.6909665530206,1288.7280485355154,-0.037081982494783,-0.0028774094376949,-0.0543689320388396,0.0310945273631624,-0.0233082122601202,13220.8,20194.2,0.4311634033534381,0.079530594880156,0.0622403978471156,1.6428571428571428,-0.0833224668881484,-180.19375874034637,0.0462404843933654,False,True,SELL,NSE_AXISBANK-EQ,1286.8,1288.3,-1.5,0
1767862200,1291.2,1292.2,1289.6,1290.0,33222,1288.753077853013,1288.7307865441612,0.0222913088521181,0.0017297102765655,-0.0774593338497275,0.2019574335870633,0.1475040757705326,67322.0,28131.8,1.1809411413418267,0.1187074246467631,0.0768705247596683,1.8714285714285748,0.0549618221275522,-168.2306661795841,-0.0326705132754341,True,False,BUY,NSE_AXISBANK-EQ,1290.0,1286.5,-3.5,0
1767862500,1289.8,1291.3,1287.5,1287.9,65899,1288.7104239603627,1288.72386332296,-0.0134393625971824,-0.0010428426895525,-0.1627906976744086,-0.1782669353588506,-0.0310486687883138,53516.4,30675.0,2.148296658516708,0.1450348312627822,0.0820188924696619,2.028571428571435,-0.0357306714493006,-160.28969714761925,0.0222913088521181,False,True,SELL,NSE_AXISBANK-EQ,1287.9,1286.0,1.900000000000091,1
1767862800,1288.1,1290.1,1287.8,1289.7,77065,1288.7599027623446,1288.7319977952686,0.0279049670759832,0.0021653041224802,0.1397624039133349,-0.1006971340046458,0.1553156791178178,51734.8,33858.75,2.276073393140621,0.1555418596863678,0.0870084962823139,2.1357142857142923,0.0413443296731657,-307.6360904335851,-0.0134393625971824,True,False,BUY,NSE_AXISBANK-EQ,1289.7,1294.0,4.2999999999999545,1
1767864600,1287.7,1288.3,1286.6,1287.2,110683,1288.6579454567004,1288.71690750642,-0.0589620497196392,-0.0045752522820335,-0.0543520459663104,-0.1163963684333024,-0.1938435295029905,56069.6,45598.35,2.427346603550348,0.0572645542941672,0.0912812507296433,2.0214285714286007,-0.0639868495027258,-1273.420877745319,0.0050247997830865,False,True,SELL,NSE_AXISBANK-EQ,1287.2,1282.2,5.0,1
1767938100,1403.0,1403.9,1402.6,1403.2,50841,1415.3336083547065,1415.6588857670006,-0.3252774122940991,-0.0229771038464442,0.0,0.0142551674982227,-0.1281138790035552,74546.2,136103.0,0.3735479746956349,0.0429333501503622,0.1082526847152956,2.778571428571451,-0.5339144469867279,-255.9058835231765,0.2086370346926287,False,True,SELL,NSE_ICICIBANK-EQ,1403.2,1407.0,-3.7999999999999545,0
1768203000,1424.0,1424.3,1421.1,1421.7,93172,1411.093693377196,1410.6769279617836,0.4167654154125557,0.0295436472484681,-0.1545052321090034,-0.007033338022222,0.1690974424011893,95143.4,140592.35,0.6627103110517748,0.1374586963779646,0.1372777301890683,3.05000000000002,0.4655958068938162,-953.49595358558,-0.0488303914812604,True,False,BUY,NSE_ICICIBANK-EQ,1421.7,1416.8,-4.900000000000091,0
1768203600,1008.65,1010.0,1008.35,1009.95,65079,1002.9262073826584,1002.8011462517702,0.125061130888298,0.012471179491143,0.1288851435086613,0.1934523809523858,0.1785448593959238,54287.8,95168.35,0.6838302860142053,0.083999395856859,0.1070745711657719,2.453571428571414,0.3095988944040755,-167.76993960783844,-0.1845377635157774,True,False,BUY,NSE_SBIN-EQ,1009.95,1012.25,2.2999999999999545,1
1768211400,3230.5,3245.1,3230.0,3242.5,86783,3216.1501295536377,3216.113666801476,0.0364627521621514,0.0011337519733378,0.3714595263891063,0.4990081824944203,0.6768714875648119,56191.0,27915.0,3.108830377933011,0.2021920030656577,0.1419508273669942,6.871428571428559,1.16510139422644,-103.23068436638503,-1.1286386420642884,True,False,BUY,NSE_TCS-EQ,3242.5,3238.9,-3.599999999999909,0
1768279500,426.86,427.44,426.56,426.68,389680,426.138077948116,426.1178249420391,0.0202530060769277,0.004752912197391,-0.0421683924471727,0.1549223041171776,0.0468955167886031,150013.0,180730.0,2.1561445249820173,0.1114324245533465,0.0908149591290029,0.8442857142857098,0.023798053106077,-671.3042989386624,-0.0035450470291493,True,False,BUY,NSE_KOTAKBANK-EQ,426.68,426.74,0.0600000000000022,1
1768289400,424.44,424.66,424.0,424.58,200900,426.13784329004665,426.1841709767316,-0.0463276866849469,-0.0108703442877225,0.0282712151910669,-0.047083196007347,-0.2162162162162251,156402.0,149371.0,1.3449732545139284,0.0650381010661328,0.1155860767653459,0.740000000000001,-0.0685113237318546,-308.837200982806,0.0221836370469077,False,True,SELL,NSE_KOTAKBANK-EQ,424.58,425.0,-0.4200000000000159,0
1768367100,1287.3,1289.5,1286.1,1287.1,83573,1273.1109532066082,1272.9547067666049,0.156246440003315,0.0122743126030141,-0.0388319353836541,-0.05435626650101,0.0699735655419031,53924.8,144167.3,0.5796945631915144,0.0943424169128404,0.1994492738803599,4.564285714285753,0.6173976103398218,-133.8818266229923,-0.4611511703365067,True,False,BUY,NSE_AXISBANK-EQ,1287.1,1304.7,17.600000000000136,1
1768368600,3208.4,3210.0,3207.0,3209.7,65724,3230.93703826966,3231.7041879643825,-0.7671496947223204,-0.023738239953377,0.0405186385737277,0.0218136491118681,0.0280478683619911,57059.2,43793.1,1.5007843701405017,0.0837112043439607,0.0968161119191537,6.421428571428578,-0.9328297137399204,-563.0309069682247,0.1656800190176,False,True,SELL,NSE_TCS-EQ,3209.7,3214.3,-4.600000000000364,0
1768383600,1418.5,1419.6,1416.6,1417.6,594251,1422.5348950223947,1422.6435981534858,-0.1087031310910333,-0.0076409250519331,-0.0564015792442362,-0.1901006829543083,-0.3164334434990534,386733.6,212182.5,2.8006598093622235,0.1479346869005943,0.1132383890494521,2.51428571428575,-0.2173481392078429,-200.05349806238803,0.1086450081168095,False,True,SELL,NSE_ICICIBANK-EQ,1417.6,1414.4,3.199999999999818,1
1768535400,1663.2,1673.7,1660.3,1671.6,951704,1602.93482320567,1600.9775837469956,1.957239458674394,0.1222527709659486,0.5292278085157642,3.6008676789587746,4.527263631815903,819450.0,323133.95,2.945230607925908,1.4267939801077667,0.7922518458859498,11.257142857142869,3.0204909905871773,-284.0805679492727,-1.063251531912783,True,False,BUY,NSE_INFY-EQ,1671.6,1679.5,7.900000000000091,1
1768540800,1478.6,1479.0,1476.8,1476.8,159507,1466.0584254040627,1465.980552755825,0.0778726482374168,0.0053119837156794,-0.1487491548343489,0.1356116083536696,0.4079412564590656,180217.0,252469.95,0.6317860798879232,0.1906211242010074,0.1752588626055612,3.307142857142838,0.4744263066243093,-119.6373546405267,-0.3965536583868925,True,False,BUY,NSE_RELIANCE-EQ,1476.8,1470.1,-6.7000000000000455,0
1768549200,1457.8,1458.7,1455.1,1458.7,238950,1466.063341415933,1466.369713645856,-0.3063722299229994,-0.0208932458896236,0.0548734481102819,-0.0137089588045813,-0.3892379131384849,151636.4,175199.3,1.3638753122872067,0.1385353171760658,0.1354332268211678,2.692857142857195,-0.3230929098740489,-1932.2952823683995,0.0167206799510495,False,True,SELL,NSE_RELIANCE-EQ,1458.7,1457.9,0.7999999999999545,1
1768804500,426.9,427.0,426.4,427.0,75263,423.5568610078091,423.44714291356615,0.1097180942429645,0.0259106941867736,0.0468603561387004,-0.0935891436593339,0.5415587473510675,260719.6,234440.05,0.3210330316854991,0.2133578329930581,0.1633977142126567,1.1214285714285706,0.151361899791425,-363.4679823276157,-0.0416438055484604,True,False,BUY,NSE_KOTAKBANK-EQ,427.0,428.4,1.3999999999999773,1
1768893900,932.35,932.8,932.3,932.8,149148,930.1396342934356,930.078962867527,0.060671425908481,0.0065232553719336,0.0429000429000403,0.1288106483469331,0.0697312664270644,189154.2,507840.35,0.2936907238662702,0.0577078456808374,0.0798207321986854,1.1535714285714351,0.117153389457826,-207.41734546015917,-0.0564819635493449,True,False,BUY,NSE_HDFCBANK-EQ,932.8,932.9,0.1000000000000227,1
1768967700,423.5,423.9,422.3,422.4,176489,426.10364639967776,426.10545205427377,-0.0018056545960121,-0.0004237576842321,-0.2597402597402598,-0.4946996466431153,-0.1890359168241984,347690.8,318918.65,0.5533981785010064,0.2536683041488159,0.1494282753308118,1.4000000000000017,-0.1637905053208896,-101.11470584312784,0.1619848507248775,False,True,SELL,NSE_KOTAKBANK-EQ,422.4,423.3,-0.9000000000000341,0
1768968000,1643.2,1646.4,1639.9,1641.5,136170,1660.935165952786,1661.4293768461275,-0.4942108933414602,-0.0297461270535383,-0.1156139710356662,-0.8516549891278036,-1.0250226107928806,204522.6,214423.3,0.6350522541160406,0.2290747148371023,0.1493221049448662,5.157142857142844,-0.8554297161897466,-236.8175914656117,0.3612188228482864,False,True,SELL,NSE_INFY-EQ,1641.5,1644.8,-3.2999999999999545,0
1768968300,1296.5,1297.2,1293.8,1294.6,53524,1297.7564959903998,1297.759853298163,-0.0033573077632809,-0.0002587002329243,-0.2235067437379667,0.1237432327919396,0.2633209417596038,79803.4,109911.35,0.4869742751772223,0.296495388166136,0.1985918185246045,3.7571428571428505,-0.1395779788558684,-102.46460961934255,0.1362206710925875,False,True,SELL,NSE_AXISBANK-EQ,1294.6,1284.7,9.899999999999864,1
1768969500,927.9,927.95,926.0,926.3,137094,930.2386891184948,930.3603113884382,-0.1216222699433728,-0.0130725986969358,-0.1562921045540344,-0.2530555106875609,-0.2261956053425273,385328.2,916843.65,0.1495282210876412,0.1181506848907053,0.1350924074165279,2.6392857142857173,-0.1731791635207855,-335.8991426835232,0.0515568935774126,False,True,SELL,NSE_HDFCBANK-EQ,926.3,919.5,6.7999999999999545,1
1768972500,1031.5,1032.0,1029.05,1029.3,103193,1036.674624231564,1036.7437203633065,-0.0690961317425262,-0.0066647263335545,-0.2132816286960825,-0.5747404008693557,-0.6850636819760836,87865.2,96072.7,1.074113666005015,0.1356026104276833,0.1204983055224909,2.1214285714285745,-0.3255858454901954,-126.939143380425,0.2564897137476691,False,True,SELL,NSE_SBIN-EQ,1029.3,1026.25,3.0499999999999545,1
1769055000,1050.5,1051.65,1049.2,1050.4,345990,1034.5677492657908,1034.4073365442664,0.1604127215243806,0.0155076937157353,-0.0095192765349749,-0.1852995676343227,2.035067268930013,488643.6,250133.25,1.3832227422783656,0.2464081629102369,0.3664177151512903,3.310714285714263,0.6988842245521028,-129.79038270779617,-0.5384715030277221,True,False,BUY,NSE_SBIN-EQ,1050.4,1047.35,-3.050000000000182,0
1769055600,1667.7,1668.8,1665.8,1665.8,30237,1656.584560714168,1656.48311926766,0.1014414465080335,0.0061239046343485,-0.1019490254872579,0.0240182538729261,0.0360317079029393,66474.2,104836.6,0.2884202654416491,0.1007204909187561,0.1635472868855479,4.100000000000007,0.4067300049089226,-133.22805382533397,-0.3052885584008891,True,False,BUY,NSE_INFY-EQ,1665.8,1663.0,-2.7999999999999545,0
1769056800,427.5,428.2,427.4,427.6,131083,424.3581639262973,424.2772768929463,0.0808870333510753,0.0190646630768031,0.046794571829678,0.046794571829678,-0.210035005834297,184961.0,235861.2,0.5557633048589594,0.1125601294364338,0.2150927391061525,1.4428571428571502,0.1427009083311077,-230.85578824690128,-0.0618138749800323,True,False,BUY,NSE_KOTAKBANK-EQ,427.6,421.1,-6.5,0
1769059500,422.5,422.6,421.6,421.8,76206,424.2613454971493,424.2751667356616,-0.0138212385123779,-0.0032576119452659,-0.1420454545454474,-0.6126295947219473,-0.7529411764705896,60139.4,158313.3,0.4813619575866336,0.1673180779277789,0.2246963699037429,1.1214285714285706,-0.1087447793822775,-114.56039080055078,0.0949235408698996,False,True,SELL,NSE_KOTAKBANK-EQ,421.8,422.6,-0.8000000000000114,0
1769063100,3149.2,3150.5,3149.0,3149.3,12339,3141.593693806813,3141.3008234454387,0.2928703613738435,0.0093232191959449,0.0031754096278424,0.0571882446386062,-0.0761493796998302,9450.8,25725.35,0.4796436200090572,0.0414245081977377,0.0873403165873491,4.242857142857182,0.3383750917528232,-743.604211990081,-0.0455047303789797,True,False,BUY,NSE_TCS-EQ,3149.3,3134.2,-15.100000000000364,0
1769067900,3126.4,3126.9,3122.3,3124.1,13561,3141.3065048716626,3141.5457495603946,-0.2392446887320147,-0.0076155086637045,-0.0735670419652056,-0.2363084783649993,-0.6171464927628434,17984.6,21525.5,0.6299969803256603,0.0289581379712332,0.0992927252651446,5.96428571428565,-0.7590025820782103,-146.030025093368,0.5197578933461955,False,True,SELL,NSE_TCS-EQ,3124.1,3131.8,-7.700000000000273,0
1769073300,1295.3,1298.9,1295.0,1297.3,112580,1290.2523013406924,1290.229867921981,0.0224334187114436,0.0017387148809052,0.169871052428383,0.1234853747009268,0.6439100077579418,86070.0,60330.65,1.8660498436532675,0.1094363949190767,0.0964129367238631,2.550000000000004,0.3115186337793147,-107.76014045068918,-0.2890852150678711,True,False,BUY,NSE_AXISBANK-EQ,1297.3,1288.6,-8.700000000000045,0
1769073900,425.4,425.7,425.0,425.4,115520,424.07826717317977,424.03172912217246,0.0465380510073032,0.0109751341258461,0.0470366886171191,-0.1642806852851563,0.1176747469992856,181196.4,121299.15,0.9523562201383934,0.1071205381988817,0.1153925225445964,0.9214285714285576,0.0580668110185342,-503.6691800503001,-0.011528760011231,True,False,BUY,NSE_KOTAKBANK-EQ,425.4,426.0,0.6000000000000227,1
1769074800,3150.5,3153.5,3150.5,3151.8,36604,3141.1382595811174,3141.076910322652,0.0613492584657251,0.001953128185563,0.044438801422042,0.0984533299457135,0.0889171165449509,57435.6,37132.75,0.9857605483030478,0.0891400246593634,0.080423345601656,5.3785714285714095,0.4710342352846055,-114.97473960165428,-0.4096849768188804,True,False,BUY,NSE_TCS-EQ,3151.8,3178.6,26.799999999999727,1
1769142300,1285.2,1287.4,1284.2,1286.0,59650,1290.3164958929283,1290.335832160865,-0.019336267936751,-0.00149854537515,0.1089833411178631,-0.1862775535548033,-0.3409795412275374,70486.0,117566.75,0.5073713443639465,0.1683458895497548,0.165768529967188,4.685714285714345,-0.1907484299874795,-111.28056942133928,0.1714121620507285,False,True,SELL,NSE_AXISBANK-EQ,1286.0,1288.2,-2.200000000000045,0
1769154900,423.6,423.9,422.4,422.5,61672,424.37969526110135,424.4605927511432,-0.0808974900418775,-0.0190588929628402,-0.2832192589096061,-0.5414312617702421,-0.3537735849056589,71196.4,85951.55,0.7175205101013303,0.179035587809522,0.1467205533696541,1.007142857142863,-0.082455760194307,-5291.493266796576,0.0015582701524294,False,True,SELL,NSE_KOTAKBANK-EQ,422.5,421.3,1.1999999999999886,1
1769158200,1031.85,1032.65,1030.0,1030.1,124388,1041.121047481549,1041.2761727665925,-0.155125285043141,-0.0148976120937238,-0.174435507316617,-0.4782377662914894,-0.7084678779700315,188635.4,133815.75,0.9295467835437906,0.0734236116339273,0.0822336377014151,2.0392857142857435,-0.4861377124011596,-146.86388552879305,0.3310124273580186,False,True,SELL,NSE_SBIN-EQ,1030.1,1027.45,2.649999999999864,1
1769488200,1316.8,1318.6,1316.4,1317.8,286775,1285.510532540614,1285.1736014329094,0.3369311077046859,0.0262167778212237,0.0607441154138133,0.5877413937867448,0.918976872415378,418205.0,574313.95,0.4993349021036317,0.2049142691883789,0.9532429780356212,9.014285714285702,1.4252742392270648,-130.95816916061992,-1.0883431315223788,True,False,BUY,NSE_AXISBANK-EQ,1317.8,1324.8,7.0,1
1769490900,3135.7,3137.8,3133.8,3137.4,27875,3156.17090933881,3156.763907519967,-0.5929981811568723,-0.0187850025700131,0.0382628658886607,-0.3050524308865543,-0.6365795724465495,32809.2,41789.85,0.667027998425455,0.0927394755401487,0.1784208606554592,5.928571428571429,-0.8252206848469541,-355.35775893118114,0.2322225036900818,False,True,SELL,NSE_TCS-EQ,3137.4,3150.5,-13.099999999999907,0
1769500500,1043.4,1046.4,1043.1,1046.3,154359,1040.1622092637742,1039.9544733657426,0.2077358980316148,0.019975480018783,0.277937511980042,0.6057692307692264,0.5960965291798903,142822.6,156801.7,0.9844217250195628,0.1205060763692356,0.1173798937931155,1.9428571428571784,0.2697178644668838,-435.1553846691268,-0.0619819664352689,True,False,BUY,NSE_SBIN-EQ,1046.3,1044.0,-2.2999999999999545,0
1769503200,1355.3,1359.5,1355.2,1356.6,440592,1350.5194154560154,1350.2731923204046,0.2462231356107622,0.0182350606537359,0.1033057851239638,-0.0883782589483073,0.1033057851239638,564788.8,345512.85,1.2751826741031485,0.1762873713926583,0.1481954518801338,3.550000000000004,0.266864314383838,-1292.8734221900822,-0.0206411787730758,True,False,BUY,NSE_ICICIBANK-EQ,1356.6,1360.3,3.7000000000000455,1
1769506500,923.55,926.3,923.3,925.35,1852239,918.7546568245696,918.6303190338864,0.1243377906829437,0.0135351281257196,0.2003248511099009,0.3361344537815114,0.5105088795959389,1200175.0,643667.2,2.8776345912918977,0.0821267423572076,0.1406260195175882,2.0357142857142856,0.2906554177443468,-174.75923801933467,-0.166317627061403,True,False,BUY,NSE_HDFCBANK-EQ,925.35,932.95,7.600000000000023,1
1769507400,3788.7,3790.0,3784.3,3789.0,88641,3771.6418789038216,3771.227947862159,0.4139310416630906,0.0109760281633927,0.005278716216206,0.0501703150167731,0.1506621203710922,78909.4,42524.85,2.0844517970081022,0.0922839404444334,0.1134834123354973,6.671428571428545,0.7642403449031008,-218.1615897250353,-0.3503093032400102,True,False,BUY,NSE_LT-EQ,3789.0,3815.0,26.0,1
1769572200,3202.6,3204.8,3187.1,3187.4,63589,3153.306077271115,3153.145050792048,0.1610264790674591,0.0051068528873104,-0.4746143758196375,0.8511311501344654,0.9149912933354544,107036.6,75029.8,0.8475165867428675,0.5895033844425952,0.2919897732837364,9.192857142857228,1.5065602696972746,-111.96747938913418,-1.3455337906298157,True,False,BUY,NSE_TCS-EQ,3187.4,3189.5,2.099999999999909,1
1769578500,1402.0,1402.6,1400.0,1400.9,123199,1393.6815591761117,1393.4468465428554,0.2347126332560947,0.0168440320374198,-0.0713317640345212,0.049992858163117,0.1071887951979322,93099.4,101114.95,1.2184053891140727,0.1133485452447346,0.1200296549861964,2.564285714285753,0.3172863964427961,-384.2460173764921,-0.0825737631867014,True,False,BUY,NSE_RELIANCE-EQ,1400.9,1399.3,-1.6000000000001364,0
1769578800,1659.5,1660.6,1659.4,1660.3,86916,1669.5693581579048,1669.861193851675,-0.2918356937698263,-0.0174766438578456,0.0482072913528197,0.1085318058486661,-0.1983649915845098,84393.0,102642.6,0.8467829146962372,0.0825023523150021,0.1980945991817536,4.38571428571426,-0.4075147888581796,-352.2804086139577,0.1156790950883532,False,True,SELL,NSE_INFY-EQ,1660.3,1659.0,1.2999999999999543,1
1769591100,1391.3,1392.0,1390.6,1391.7,87202,1394.0766500576751,1394.1222010050546,-0.0455509473795245,-0.0032673568605883,0.0287500898440429,0.035940195514672,-0.0718029726430646,95446.4,106090.85,0.8219558991185385,0.0506917787020231,0.0958202225518968,1.9000000000000423,-0.1047322148463081,-176.96852286087113,0.0591812674667835,False,True,SELL,NSE_RELIANCE-EQ,1391.7,1397.9,-6.2000000000000455,0
1769593200,1395.9,1396.3,1395.7,1396.1,369256,1394.188542965741,1394.1336962559549,0.0548467097860339,0.0039341068889826,0.0214930505803012,0.1003800100379814,0.3089524356947759,317708.8,156129.9,2.365056276856643,0.0526572974159817,0.0723707713452203,1.6428571428571754,0.08407944092869,-287.6208881010167,-0.0292327311426561,True,False,BUY,NSE_RELIANCE-EQ,1396.1,1390.0,-6.099999999999909,0
1769661000,1390.0,1390.6,1388.7,1389.7,152127,1394.1954422221474,1394.199708703493,-0.0042664813454393,-0.0003060165139043,-0.0215827338129415,-0.0862750736932982,-0.6292456203074726,333188.2,300298.9,0.5065852722071242,0.0495885632196224,0.1185073200809212,3.321428571428588,-0.1987895440377087,-102.19330360441056,0.1945230626922693,False,True,SELL,NSE_RELIANCE-EQ,1389.7,1394.0,-4.2999999999999545,0
1769662500,3137.9,3137.9,3132.1,3133.4,18331,3165.974876779641,3167.1502116405404,-1.1753348608995111,-0.0371101710483982,-0.1465901848310968,-0.0669749641205474,-0.2578386121279585,16202.0,45281.85,0.4048200327504287,0.1407692740565602,0.244249219519981,7.150000000000124,-1.430851975058431,-559.9828331532059,0.2555171141589198,False,True,SELL,NSE_TCS-EQ,3133.4,3134.0,-0.599999999999909,0
1769672100,1397.6,1398.0,1396.4,1396.6,178227,1394.0139531802577,1393.9702677009968,0.0436854792608301,0.0031338888836473,-0.0787007226157321,-0.0429430289149879,0.0716537689882557,179891.0,160822.5,1.108221797323136,0.0836182654939587,0.0814227525852626,1.7214285714285649,0.11400913660691,-162.12060195595797,-0.0703236573460799,True,False,BUY,NSE_RELIANCE-EQ,1396.6,1397.7,1.1000000000001364,1
1769673300,1393.5,1393.7,1391.8,1392.6,104873,1393.9381349525272,1393.9594838382543,-0.0213488857273205,-0.0015315284249536,-0.0574135208841863,-0.1577287066246047,-0.3006872852233666,118813.8,164967.1,0.6357206982483173,0.0366155707033268,0.087075853316444,1.9285714285714288,-0.0590039214614535,-156.6959645930398,0.0376550357341329,False,True,SELL,NSE_RELIANCE-EQ,1392.6,1398.3,-5.7000000000000455,0
1769673600,1392.8,1394.8,1392.6,1394.7,92054,1393.976228204901,1393.9656548062692,0.0105733986317773,0.000758512133733,0.1507970702283589,0.0645716745587776,-0.214638334406525,101579.2,160367.0,0.5740208396989406,0.105968833137671,0.0907577595238054,2.050000000000004,0.0319222843590978,-149.52670020733848,-0.0213488857273205,True,False,BUY,NSE_RELIANCE-EQ,1394.7,1399.7,5.0,1
1769745000,1384.4,1384.7,1382.1,1383.3,171108,1394.0398432866052,1394.2118325586916,-0.1719892720864209,-0.0123359498226881,-0.0866738894907959,-0.3242542153047978,-0.7248457011626352,1063041.0,529884.4,0.3229157152012779,0.1595274307572897,0.1150804074422086,3.6499999999999937,-0.473558837899418,-157.03137570356526,0.3015695658129971,False,True,SELL,NSE_RELIANCE-EQ,1383.3,1387.4,-4.100000000000136,0
1769757300,1361.2,1361.3,1360.1,1360.4,41180,1365.631728529392,1365.693342626911,-0.0616140975189409,-0.0045115616804887,-0.0514289912570631,-0.0220474755640465,-0.0587716720540698,87318.8,101225.15,0.4068158950616521,0.0495232277433728,0.1120360154148208,2.0357142857142696,-0.2308722623113226,-136.40243742127248,0.1692581647923816,False,True,SELL,NSE_ICICIBANK-EQ,1360.4,1359.6,0.8000000000001819,1
1769766900,1397.1,1398.0,1395.5,1397.0,611209,1392.4785561705403,1392.4039882993536,0.0745678711869004,0.0053553330652245,-0.0214699778143478,0.0716332378223549,0.3447780491308672,718144.6,282981.0,2.1598941271675485,0.0685914766656661,0.11001600876836,2.2214285714286137,0.1993487808019836,-159.75903799461238,-0.1247809096150831,True,False,BUY,NSE_RELIANCE-EQ,1397.0,1404.8,7.799999999999954,1
1769925000,413.75,414.1,413.35,413.65,27455,410.5717479564965,410.5671878367726,0.0045601197238624,0.0011106878140674,0.0241808729295023,0.315266157390548,0.4126714407088228,125360.4,66176.3,0.4148766250153,0.2211520281378208,0.178476716656747,1.1678571428571365,0.136107280882527,-103.46652841741096,-0.1315471611586645,True,False,BUY,NSE_KOTAKBANK-EQ,413.65,410.15,-3.5,0
1769928600,1038.9,1041.3,1028.7,1033.8,781611,1066.3852721426017,1067.1216473852269,-0.7363752426251722,-0.0690057449803887,-0.5004812319538088,-1.8140374204577925,-2.0558976788252026,393066.4,164277.7,4.757864274944195,0.8324715843706596,0.4503145366177972,8.428571428571445,-1.435000479721566,-205.4034700615274,0.6986252370963939,False,True,SELL,NSE_SBIN-EQ,1033.8,1039.0,-5.2000000000000455,0
1769930400,406.85,406.85,404.7,405.95,365608,410.44906364261215,410.6166351648458,-0.1675715222336862,-0.0408097256377382,-0.1844111138431303,-0.4658575456663039,-1.0240156040473014,268461.8,125160.75,2.921107455811826,0.1885769746028521,0.2274347089321551,2.703571428571418,-0.1975774017420235,-658.4622913223569,0.0300058795083373,False,True,SELL,NSE_KOTAKBANK-EQ,405.95,404.2,1.75,1
1769930400,1373.8,1380.8,1372.5,1379.1,74322,1393.9827047152255,1394.2511874625195,-0.2684827472937741,-0.0192564115926916,0.4150283966797508,0.0290128381808862,-0.2314982275916977,304617.4,194376.8,0.3823604463084072,0.5521599798170579,0.4949768238491894,13.32142857142854,-0.6559793451233418,-169.28647859041607,0.3874965978295677,False,True,SELL,NSE_RELIANCE-EQ,1379.1,1366.8,12.299999999999956,1
1769931600,3205.6,3210.4,3185.5,3187.0,226675,3139.2681340858608,3137.424693850966,1.8434402348948424,0.0587564775182587,-0.5864370827874499,1.354789466988926,1.020666920248514,91481.2,67767.25,3.344904802836178,0.6900061978181443,0.5827700663758391,30.34285714285725,2.0956042578281995,-831.0480747612575,-0.252164022933357,True,False,BUY,NSE_TCS-EQ,3187.0,3200.0,13.0,1
1769932800,929.2,929.9,927.1,928.35,62158,931.9190416217722,931.9335466737028,-0.0145050519305414,-0.001556447021605,-0.0807232805941193,-0.2417794970986486,-0.4397018606895786,164313.2,206000.7,0.3017368387583148,0.0860900741360331,0.3825021890096447,5.175000000000011,-0.1577304582888246,-110.12742941308647,0.1432254063582831,False,True,SELL,NSE_HDFCBANK-EQ,928.35,925.25,3.1000000000000227,1
1769933700,1665.9,1666.7,1658.0,1659.8,51474,1640.1070984688515,1639.8814633325485,0.2256351363032536,0.0137592345147142,-0.3422395676973888,-0.3900858188801481,-0.2643912991227015,58799.0,107048.35,0.4808481401161251,0.2966341359228418,0.4537643286627524,11.707142857142864,0.869085840568232,-135.06642153123437,-0.6434507042649784,True,False,BUY,NSE_INFY-EQ,1659.8,1656.6,-3.200000000000045,0
1769937000,3879.2,3884.7,3872.5,3872.5,13551,3900.3152383441766,3900.6268385051167,-0.3116001609400882,-0.0079884637480345,-0.172716023922459,0.1784975165562974,-0.0258164450755105,13028.2,31770.6,0.4265264112103643,0.2619056306054599,0.2653827227710794,17.99285714285702,-1.2275999254138696,-134.0174935655245,0.9159997644737814,False,True,SELL,NSE_LT-EQ,3872.5,3906.2,-33.69999999999982,0
1769938200,1343.7,1344.5,1340.0,1340.6,78189,1351.8292507359631,1352.2772394155188,-0.4479886795554648,-0.0331284640824905,-0.2455539846714871,-0.6226834692364736,-0.7771445488860884,30108.6,20879.0,3.744863259734662,0.1032378239584379,0.1644020500235922,3.400000000000026,-0.4928851343145197,-1097.8264029079326,0.0448964547590549,False,True,SELL,NSE_AXISBANK-EQ,1340.6,1341.3,-0.7000000000000455,0
1770007500,1628.1,1631.0,1626.3,1629.8,62205,1641.2997363786485,1641.345978644055,-0.0462422654065903,-0.0028173380876585,0.1044161906516905,0.116714785920502,-0.1225640397107485,79897.6,101602.2,0.6122406798277991,0.1080469954241683,0.3351114293804036,7.292857142857168,-0.5082242524642879,-110.00953861883258,0.4619819870576975,False,True,SELL,NSE_INFY-EQ,1629.8,1633.7,-3.900000000000091,0
1770017700,3914.4,3918.6,3912.0,3918.6,15448,3895.857986521128,3895.2859570492856,0.5720294718421428,0.0146851727485357,0.0945107154716629,0.3611217825585822,0.4794994743454905,23125.4,23352.3,0.6615194220697748,0.1367324275722964,0.1871500226873826,7.307142857142837,1.001031750518905,-233.33949498043265,-0.4290022786767622,True,False,BUY,NSE_LT-EQ,3918.6,3912.8,-5.799999999999727,0
1770090300,1473.9,1489.5,1436.9,1447.1,5206907,1384.838950328213,1382.4825575285238,2.3563927996892744,0.1704464759325295,4.257925072046098,4.077963176064436,4.025591258716132,1440815.4,519840.2,10.016360797029549,1.924559217955757,0.9520080793055016,10.11428571428574,2.7338936328987984,-724.2086354234369,-0.377500833209524,True,False,BUY,NSE_RELIANCE-EQ,1447.1,1446.5,-0.599999999999909,0
1770090900,954.75,955.1,951.1,953.25,1184383,928.9923469975186,928.462069146544,0.5302778509745849,0.0571135718513545,-0.1780197916121273,2.754123100140116,2.765200517464428,3782487.4,1255229.55,0.9435588892884174,1.0300525411153885,0.5370408489100176,6.996428571428567,1.0684166391330336,-198.53923609358012,-0.5381387881584487,True,False,BUY,NSE_HDFCBANK-EQ,953.25,951.45,-1.7999999999999543,0
1770090900,1394.2,1394.2,1388.2,1392.3,606316,1354.3077890717325,1352.8565196987925,1.4512693729398052,0.1072744486801101,-0.1219512195121952,3.0569948186528477,2.919869899467775,1603952.2,548232.05,1.1059477460319949,1.1033280229248057,0.5732062577372662,8.050000000000052,1.6681322311990243,-769.2106636375156,-0.2168628582592191,True,False,BUY,NSE_ICICIBANK-EQ,1392.3,1392.8,0.5,1
1770091200,418.15,420.2,417.0,419.6,627481,409.51922765442606,409.11910643414575,0.4001212202803117,0.0978006683109329,0.3227734608487909,0.6235011990407768,2.855742125260452,1701019.0,653978.7,0.959482319531202,0.9546925431470084,0.5130347623133493,2.6607142857142816,0.4424922297090461,-1044.3277978857045,-0.0423710094287343,True,False,BUY,NSE_KOTAKBANK-EQ,419.6,422.9,3.2999999999999545,1
1770091500,1672.7,1677.7,1670.0,1672.5,170750,1638.553477501771,1637.4736172100013,1.0798602917700464,0.065946729182114,-0.0059787157718482,-0.6474991089461812,2.764976958525356,457396.2,223581.1,0.76370498221898,2.1143376205804905,1.0062648300897852,12.7714285714286,1.4923197276777955,-361.8100588227465,-0.4124594359077491,True,False,BUY,NSE_INFY-EQ,1672.5,1670.1,-2.400000000000091,0
1770095400,1058.6,1060.9,1058.6,1059.2,242125,1039.5975568820973,1039.2968039027369,0.3007529793605954,0.0289381222217961,0.0661313179026956,0.579242237204447,1.0301411674933147,150408.2,302732.6,0.7997982377847646,0.0814670106397639,0.6828271740779133,3.25,0.8644537838044926,-153.35329965641873,-0.5637008044438971,True,False,BUY,NSE_SBIN-EQ,1059.2,1059.8,0.599999999999909,1
1770095700,1351.1,1353.8,1351.1,1353.8,25780,1339.9117910496848,1339.584026433164,0.3277646165208807,0.0244676414508764,0.1775936066301442,-0.0221549368584317,0.0369467228256814,60414.2,312288.2,0.0825519504099098,0.1595285562159846,0.7255983035989334,5.092857142857189,0.6114964030598458,-215.5191741182896,-0.283731786538965,True,False,BUY,NSE_AXISBANK-EQ,1353.8,1360.2,6.400000000000091,1
1770177300,1561.5,1566.0,1554.5,1556.1,885509,1646.795647682168,1647.8383070143743,-1.042659332206313,-0.0632743715064767,-0.345821325648421,-5.958784069619883,-6.02693399359866,924622.4,348329.3,2.542160536021518,2.682486779264768,1.338219530954105,11.257142857142885,-4.002544998189023,-135.22633810452066,2.95988566598271,False,True,SELL,NSE_INFY-EQ,1556.1,1538.9,17.199999999999818,1
1770178200,3056.7,3062.6,3056.5,3062.2,92181,3178.2279856440427,3180.9005695251885,-2.6725838811457834,-0.0840197240602436,0.1569961405115449,0.3342070773263428,-4.900621118012428,164598.0,156797.5,0.5878984039924106,0.1350754396294168,1.2387224214075538,20.892857142857206,-5.109252309006024,-209.68188574974525,2.4366684278602406,False,True,SELL,NSE_TCS-EQ,3062.2,3042.2,20.0,1
1770189600,1337.6,1338.6,1336.6,1337.8,47243,1346.795533190018,1346.9281120443889,-0.1325788543708768,-0.0098430534774158,0.0149521531100482,-0.1418227961483942,-0.2609408782524469,82112.0,75285.25,0.6275199989373749,0.0996169233788766,0.1174840614118756,2.407142857142877,-0.3967422913615337,-150.18819253762433,0.2641634369906569,False,True,SELL,NSE_AXISBANK-EQ,1337.8,1345.3,-7.5,0
1770190200,410.85,411.0,410.7,410.95,77805,413.4080086062824,413.4227339326499,-0.0147253263675111,-0.0035618085699926,-0.0121654501216594,-0.0729483282674747,-0.2548543689320448,150960.6,215522.3,0.3610067264501168,0.0910673167582274,0.1502620956221123,0.8714285714285666,-0.1085895972698836,-115.68789298201315,0.0938642709023724,False,True,SELL,NSE_KOTAKBANK-EQ,410.95,412.75,-1.8000000000000114,0
1770354000,943.0,943.7,942.4,943.35,129567,947.0276700316542,947.117307486086,-0.0896374544319087,-0.0094642399334704,0.0318116748846852,-0.0211965449631645,-0.1693211281020179,121904.6,422547.85,0.3066327281040479,0.1058486540872464,0.1811753478387118,1.2357142857142986,-0.1619035345119073,-224.0380747546844,0.0722660800799985,False,True,SELL,NSE_HDFCBANK-EQ,943.35,942.1,1.25,1
1770356100,413.15,415.15,413.1,415.15,138961,410.8672626775607,410.85613424788255,0.0111284296781377,0.0027085952357775,0.4719264278799651,0.6790348005335067,0.8257437765634368,106597.0,124251.9,1.118381288334424,0.1857372124872452,0.1700486100764173,0.75,0.1893243220168301,-106.245053986422,-0.1781958923386923,True,False,BUY,NSE_KOTAKBANK-EQ,415.15,423.0,7.850000000000023,1
1770357000,1056.4,1057.7,1056.0,1057.4,73988,1064.5879038566516,1064.7579913608656,-0.1700875042140524,-0.0159742876403927,0.0851869380028569,-0.0661563179283453,0.1515438530024671,77458.8,93298.35,0.7930258144972553,0.1052080816620044,0.2270274247012208,3.378571428571425,-0.3164788691219655,-216.18684225059667,0.1463913649079131,False,True,SELL,NSE_SBIN-EQ,1057.4,1053.5,3.900000000000091,1
1770360000,1340.6,1341.8,1340.2,1341.3,37143,1336.1592719994196,1335.9915080870971,0.1677639123224708,0.0125572588827812,0.0596792241700727,-0.0149086843086121,-0.2454261490406062,56795.6,71786.0,0.5174128660184437,0.1114884986726389,0.1470336116725884,2.692857142857162,0.2259554558709169,-388.2960342559096,-0.0581915435484461,True,False,BUY,NSE_AXISBANK-EQ,1341.3,1337.9,-3.399999999999864,0
1770608700,1120.0,1135.0,1100.5,1131.7,5854947,1064.5370122089255,1063.3387426525956,1.198269556329933,0.1126893536617259,6.163227016885564,5.954498642449213,6.213045518535898,1382188.2,403624.75,14.505916696139174,2.74647119250396,1.3738073232653871,6.807142857142886,2.9604297468099503,-168.00003557017828,-1.7621601904800173,True,False,BUY,NSE_SBIN-EQ,1131.7,1130.3,-1.400000000000091,0
1770620100,1394.7,1394.9,1393.6,1393.7,65472,1398.3760196139417,1398.5027097250857,-0.1266901111439438,-0.0090589821716432,-0.0717000071700058,-0.1647564469913987,-0.1719074564859202,63060.4,56250.65,1.1639332167717171,0.0279449270951765,0.0453426846955155,1.4928571428571655,-0.2057473902177662,-260.25103902911025,0.0790572790738224,False,True,SELL,NSE_ICICIBANK-EQ,1393.7,1390.3,3.400000000000091,1
1770701400,1398.7,1400.4,1398.0,1399.0,109971,1397.4675273167238,1397.44751285781,0.0200144589139199,0.0014322154306167,0.0214484878815923,0.0286000286000343,0.0,76389.6,70615.0,1.5573320116122638,0.0317327370165688,0.1084545871422813,1.635714285714276,0.0676103465759752,-142.0508155158876,-0.0475958876620552,True,False,BUY,NSE_ICICIBANK-EQ,1399.0,1398.0,-1.0,0
1770702600,2992.0,2992.4,2987.6,2988.7,27499,2976.4969400609525,2976.3330917849303,0.1638482760222359,0.0055050382793,-0.1269841269841309,-0.2336682578362281,-0.4330879168471191,27771.0,64055.7,0.4292982513656084,0.1057989942676039,0.1620657867104082,7.850000000000007,0.5383427141350694,-143.75185833143647,-0.3744944381128334,True,False,BUY,NSE_TCS-EQ,2988.7,2992.8,4.100000000000364,1
1770784200,2961.5,2962.3,2957.0,2957.1,36251,2979.2777448710635,2979.8629706328124,-0.5852257617489158,-0.0196393514573133,-0.1485733580955606,-0.1485733580955606,-0.4946497072481404,46188.2,63824.1,0.567982940613342,0.0749296855898656,0.1518334241872506,7.3714285714285905,-0.9759642625531342,-249.77427628564976,0.3907385008042183,False,True,SELL,NSE_TCS-EQ,2957.1,2970.0,-12.900000000000093,0
1770872700,1342.2,1343.0,1340.3,1340.9,49225,1347.727725164767,1347.928413049078,-0.2006878843110371,-0.0148886159211579,-0.111740166865315,-0.2603391847664338,-0.4676365795724391,47875.6,66672.15,0.7383142736509922,0.0730503223854123,0.181920683405398,2.5357142857142856,-0.3002916615103004,-301.4862186496693,0.0996037771992632,False,True,SELL,NSE_AXISBANK-EQ,1340.9,1341.2,-0.2999999999999545,0
1770880800,1455.0,1455.2,1454.7,1454.9,37593,1459.5142957899511,1459.6596625993816,-0.1453668094304703,-0.0099589522924541,-0.0068728522336747,-0.0068728522336747,-0.1235669664309657,69990.8,84218.3,0.4463756689460604,0.0731048222667209,0.0715673550707205,1.5642857142857207,-0.2028605084547052,-352.83954919859093,0.0574936990242349,False,True,SELL,NSE_RELIANCE-EQ,1454.9,1454.1,0.8000000000001819,1
1770889200,426.15,426.55,425.3,425.9,530652,427.546530431802,427.6020823807303,-0.0555519489283256,-0.0129915057052652,-0.0586647893934033,-0.2108716026241852,-0.1406799531066926,418554.4,198179.05,2.6776392358324457,0.0725171349879718,0.1073437898048399,0.7857142857142857,-0.072356283127192,-430.5810767086093,0.0168043341988664,False,True,SELL,NSE_KOTAKBANK-EQ,425.9,424.65,1.25,1
1771213500,1404.0,1409.0,1400.5,1408.8,279432,1414.930289071605,1414.957782905885,-0.0274938342799941,-0.0019430851303231,-0.4733309784528461,-0.3959276018099644,-0.3325079589671098,328818.4,212115.15,1.317359933979256,0.2439974819361342,0.1591356326673953,3.321428571428572,-0.2709007184027996,-111.29542181153872,0.2434068841228054,False,True,SELL,NSE_ICICIBANK-EQ,1408.8,1411.4,-2.6000000000001364,0
1771218900,1347.8,1349.9,1347.3,1349.9,79439,1338.7996968556251,1338.6273893343596,0.1723075212655658,0.0128719554551507,0.1483789598634821,0.0444675016675333,0.5137751303052829,60205.6,62346.2,1.2741594515784442,0.1416690634431039,0.1617259903235182,2.6857142857142957,0.4894986605631857,-154.32293022028273,-0.3171911392976199,True,False,BUY,NSE_AXISBANK-EQ,1349.9,1349.3,-0.6000000000001364,0
1771225500,927.65,928.25,926.75,927.4,174704,922.0621170968968,921.9978401317333,0.0642769651635717,0.0069714876072147,-0.0269498194362061,0.1511879049675979,0.1241565452091641,136428.6,221137.0,0.7900260924223446,0.0708660389810083,0.0876784500768837,1.5607142857142873,0.2355449040127268,-137.53006289179663,-0.1712679388491551,True,False,BUY,NSE_HDFCBANK-EQ,927.4,926.3,-1.1000000000000227,0
1771304700,1407.0,1407.4,1403.2,1403.9,250391,1382.384789203779,1381.5657083709573,0.8190808328217827,0.0592864188694712,-0.2203269367448412,-0.1209447922595252,0.199842980515319,178839.2,460371.1,0.5438894839402387,0.1380209914415203,0.4520585015135895,7.192857142857146,0.9446963926575336,-752.053641995287,-0.1256155598357509,True,False,BUY,NSE_INFY-EQ,1403.9,1424.2,20.299999999999955,1
1771313400,2750.1,2754.6,2749.0,2750.5,29849,2740.3270649082224,2740.169037738199,0.1580271700231605,0.0057670591794439,0.0145449256390817,0.2734232592052521,0.2259228218489228,34463.6,42867.3,0.6963116408077952,0.0693917412376521,0.1785662891466796,5.607142857142825,0.4486028274868658,-154.3841736098968,-0.2905756574637053,True,False,BUY,NSE_TCS-EQ,2750.5,2733.5,-17.0,0
1771317300,2733.5,2736.2,2730.0,2730.7,27954,2739.9690065673794,2740.233779777738,-0.2647732103587259,-0.0096624314433566,-0.1024327784891254,-0.1864171357555455,-0.3466900226260838,37555.0,42792.45,0.6532460749501373,0.1338443467356453,0.1431303266259832,6.22142857142863,-0.4077266544636586,-285.2163912639791,0.1429534441049327,False,True,SELL,NSE_TCS-EQ,2730.7,2720.1,10.599999999999907,1
1771318500,424.05,424.35,423.75,423.9,41789,423.502699033883,423.4935884608085,0.0091105730745084,0.002151289493572,-0.0589414122362352,0.1654064272211597,0.1654064272211597,58169.0,61674.35,0.6775750372723831,0.112403303543302,0.093098255069225,0.5821428571428596,0.0174953541456943,-208.6560638514073,-0.0083847810711858,True,False,BUY,NSE_KOTAKBANK-EQ,423.9,424.3,0.4000000000000341,1
1771388100,1358.7,1361.7,1356.0,1360.0,518828,1389.9676885527567,1390.245057419762,-0.2773688670051797,-0.0199510773676092,0.080947825447053,-0.366300366300365,-1.3706577706867895,447352.6,477152.7,1.087341641365542,0.2516987743535086,0.3241653910008265,7.764285714285734,-1.3230866195499402,-126.52425727020515,1.0457177525447603,False,True,SELL,NSE_INFY-EQ,1360.0,1361.5,-1.5,0
1771391400,422.75,422.95,422.55,422.7,43659,423.541724196247,423.5495815906851,-0.0078573944380764,-0.0018551297839953,-0.011827321111768,-0.1181474480151267,0.0236630383341207,47256.6,90275.3,0.4836206581423711,0.0446762061207377,0.1204532444783339,0.6035714285714237,-0.0371619323885283,-126.812893113557,0.0293045379504519,False,True,SELL,NSE_KOTAKBANK-EQ,422.7,422.7,0.0,0
1771392000,921.8,922.25,921.45,921.65,102958,923.7935358037848,923.8786280165024,-0.0850922127176545,-0.0092103237521947,-0.0162725103059258,0.0542799761168,-0.1570794063481817,79840.4,185933.45,0.5537357586813991,0.0859989828608296,0.1202243548537265,0.9821428571428408,-0.0940897073580799,-1045.732296803359,0.0089974946404254,False,True,SELL,NSE_HDFCBANK-EQ,921.65,922.6,-0.9500000000000456,0
1771400700,1434.3,1436.8,1434.3,1435.5,154181,1428.136243242601,1428.1306643597245,0.0055788828767617,0.0003906423281838,0.0766871165644111,0.0557607862270881,0.4267524835595226,96088.8,50062.8,3.0797518316993853,0.1017591065323862,0.0758373521371938,2.0071428571428505,0.3256389548716925,-101.743073680509,-0.3200600719949307,True,False,BUY,NSE_RELIANCE-EQ,1435.5,1436.2,0.7000000000000455,1
1771405200,425.75,426.5,425.45,426.45,104903,423.5514246926624,423.43815774894335,0.1132669437190543,0.0267493473713368,0.1644157369348198,0.6490441350011755,0.779865295994342,103793.6,70071.75,1.4970797789408714,0.1532972082680974,0.1186458574023402,0.7071428571428596,0.1272469963747653,-910.2039849812978,-0.013980052655711,True,False,BUY,NSE_KOTAKBANK-EQ,426.45,424.6,-1.849999999999966,0
1771476600,1393.8,1393.8,1390.0,1392.1,144409,1381.9799370541125,1381.727578767334,0.2523582867784171,0.0182639682855249,-0.1219687186109985,-0.5429734943202202,0.0431189363995665,242234.8,282690.0,0.510838727935194,0.2516761592489704,0.3866071889851447,6.428571428571461,0.4454716882528373,-230.6788057440148,-0.1931134014744202,True,False,BUY,NSE_INFY-EQ,1392.1,1389.1,-3.0,0
1771482300,1425.3,1425.8,1424.1,1424.8,32457,1429.6402873128925,1429.8094932209483,-0.1692059080560284,-0.0118341575474405,-0.0420934474533507,-0.070136063964088,-0.084151472650773,33531.4,28350.4,1.1448515717591286,0.0389305703621606,0.0676535899677752,1.5285714285714511,-0.2126553821478864,-489.4314294766934,0.043449474091858,False,True,SELL,NSE_RELIANCE-EQ,1424.8,1419.0,5.7999999999999545,1
1771484700,421.9,422.35,421.5,421.5,50036,423.80213792622726,423.8065449351557,-0.0044070089284673,-0.0010398633482976,-0.0948091964920516,-0.1776198934280604,-0.3663869518969465,60087.6,51615.7,0.969394970910014,0.0525814342531973,0.0652032995223568,0.5928571428571396,-0.1017824234644422,-104.52579221302231,0.0973754145359748,False,True,SELL,NSE_KOTAKBANK-EQ,421.5,418.5,3.0,1
1771492800,1355.8,1356.1,1354.6,1355.4,27005,1361.5115983888095,1361.644723306975,-0.1331249181655494,-0.0097767733305817,0.0,-0.1620506776664587,-0.2428792227864851,49115.8,39719.6,0.6798910361635062,0.0831609047366633,0.0886490684237355,2.3357142857143214,-0.269186406649851,-197.84173291688552,0.1360614884843016,False,True,SELL,NSE_AXISBANK-EQ,1355.4,1360.1,-4.699999999999818,0
1771493700,1376.5,1377.2,1370.0,1373.9,751012,1382.8964727578536,1383.1852461864696,-0.2887734286159684,-0.0208774225587017,-0.1888848528877496,-0.2251270878721789,-0.7584513146489447,358317.2,157665.85,4.763314313150247,0.0759204770666945,0.1163390312719368,3.5428571428571525,-0.3954712873246535,-370.6459455802205,0.106697858708685,False,True,SELL,NSE_INFY-EQ,1373.9,1351.6,22.300000000000185,1
1771494300,1206.8,1206.9,1203.7,1203.8,301832,1210.490260688886,1210.7052193988493,-0.2149587099631844,-0.0177548346632153,-0.2485913158767005,-0.4383425688528675,-0.4712691194708629,351102.0,168614.45,1.790071965955468,0.1134937327224975,0.109388284561544,2.2714285714286007,-0.294091929853721,-371.64155617644855,0.0791332198905365,False,True,SELL,NSE_SBIN-EQ,1203.8,1208.7,-4.900000000000091,0
1771563600,1367.8,1368.7,1365.5,1367.4,26946,1361.5228138325915,1361.4532323976773,0.0695814349141983,0.0051108207948985,-0.0292440415265327,0.2125320630267602,0.4776251010360832,29793.6,53329.8,0.5052709742020408,0.1207854607938886,0.1372052655172996,3.3857142857142923,0.2593527507640374,-136.6659390027396,-0.189771315849839,True,False,BUY,NSE_AXISBANK-EQ,1367.4,1371.6,4.199999999999818,1
1771577400,1212.0,1212.3,1211.6,1211.6,37190,1209.9734431253803,1209.908344678426,0.0650984469546074,0.0053804444973812,-0.0330033003300367,-0.0082528678715942,0.1322314049586603,77699.4,91535.25,0.4062915652713026,0.0640832464202882,0.1143638421756518,1.8999999999999773,0.071392665621488,-1134.257791155988,-0.0062942186668806,True,False,BUY,NSE_SBIN-EQ,1211.6,1217.5,5.900000000000091,1
1771818900,425.35,426.4,425.35,426.2,118593,422.0813179663602,421.93520394932347,0.146114017036723,0.0346294918435561,0.1998354296461668,1.4399619183624868,1.1030719962044744,226523.4,132786.4,0.893111041492201,0.4020738963920895,0.238313713220959,1.257142857142851,0.1809341163381077,-519.6255035691764,-0.0348200993013847,True,False,BUY,NSE_KOTAKBANK-EQ,426.2,427.05,0.8500000000000227,1
1771819200,1433.6,1434.5,1430.1,1433.2,87994,1423.6813659201007,1423.6685447426037,0.0128211774970168,0.0009005732088668,-0.0279017857142793,0.0279173646007935,1.0007047216349596,166469.0,170489.35,0.5161260806026886,0.4378780654400131,0.2497527806415733,3.5428571428571525,0.4208844783802306,-103.14195799261208,-0.4080633008832137,True,False,BUY,NSE_RELIANCE-EQ,1433.2,1425.9,-7.299999999999954,0
1771820700,1406.7,1407.8,1406.2,1407.6,98619,1399.578070551233,1399.3542260769473,0.22384447428567,0.0159962695730881,0.0782083185211446,0.1494130202774668,0.1993166287015846,155113.6,175611.3,0.561575479482243,0.1083796647936547,0.1510225826962067,2.664285714285711,0.3529145952520593,-273.42857712511204,-0.1290701209663893,True,False,BUY,NSE_ICICIBANK-EQ,1407.6,1401.4,-6.199999999999818,0
1771822500,923.3,923.3,922.05,922.7,83324,918.6506180313364,918.6391939585558,0.0114240727807555,0.001243586476158,-0.0649842954619228,0.0922058903292333,0.0054191730342045,123112.0,412613.0,0.2019422558184061,0.0827819989842948,0.2627538514852651,1.703571428571414,0.1790009462555417,-106.8172132251139,-0.1675768734747862,True,False,BUY,NSE_HDFCBANK-EQ,922.7,921.65,-1.0500000000000682,0
1771829700,1421.5,1421.5,1420.3,1420.8,28894,1423.9030820574142,1424.0082247168891,-0.1051426594751774,-0.0073835710812752,-0.0211104074308576,-0.1405678942929422,0.0140785583556235,44720.2,50568.05,0.5713884557541767,0.0591133984930061,0.0849699909451403,1.7785714285715,-0.1363602367143812,-436.80595604689216,0.0312175772392038,False,True,SELL,NSE_RELIANCE-EQ,1420.8,1424.7,-3.900000000000091,0
1771833900,1398.1,1398.1,1396.4,1396.8,339793,1399.8709876851856,1399.8989597694374,-0.0279720842518145,-0.0019981502276722,-0.0858369098712508,-0.0858369098712508,-0.128700128700121,182980.0,146427.55,2.320553748252976,0.0396983654569088,0.0676910968741637,1.1857142857142793,-0.1355892520643919,-125.99221371494347,0.1076171678125774,False,True,SELL,NSE_ICICIBANK-EQ,1396.8,1400.2,-3.400000000000091,0
1771839600,1428.3,1429.0,1427.9,1428.8,211687,1424.1333972526554,1423.936404424264,0.1969928283915578,0.0138343838797497,0.0420109228399301,0.4075895994378076,0.1823026223531032,177912.0,135724.8,1.5596781133587967,0.1942746423126713,0.1331432860869954,2.464285714285698,0.2047401198562966,-2642.731602240049,-0.0077472914647387,True,False,BUY,NSE_RELIANCE-EQ,1428.8,1420.1,-8.700000000000045,0
1771906800,1422.2,1422.3,1420.1,1420.7,36450,1423.79287525495,1423.9190469247037,-0.1261716697533756,-0.008860873799383,-0.0984459601997,0.0704374163555732,-0.420550921707441,66914.2,151671.9,0.2403213779216849,0.1568573528679811,0.158828039516164,3.357142857142873,-0.1357320936622272,-1419.7288211933646,0.0095604239088515,False,True,SELL,NSE_RELIANCE-EQ,1420.7,1416.0,4.7000000000000455,1
1771917300,4290.7,4290.7,4270.5,4272.1,57584,4357.106252531685,4357.624163380867,-0.5179108491820443,-0.0118851656261292,-0.4242127590145195,-0.7987925229304471,-1.1591319235574329,71034.4,45751.3,1.258630902291301,0.1655770245211709,0.1550879030664654,10.921428571428546,-3.755322842562237,-115.99768117993818,3.237411993380192,False,True,SELL,NSE_LT-EQ,4272.1,4236.3,35.80000000000018,1
1771917300,917.2,917.45,915.35,915.95,217794,919.7807123495612,919.889572402638,-0.1088600530766825,-0.0118340349040323,-0.1362843436546024,-0.1417279912782731,-0.2178767906748757,166356.8,190254.15,1.144752952826522,0.0625599306691449,0.0678325674277645,1.35357142857144,-0.1685107890083372,-282.4957418822289,0.0596507359316547,False,True,SELL,NSE_HDFCBANK-EQ,915.95,913.1,2.8500000000000227,1
1771923900,1426.9,1428.4,1426.8,1427.3,100108,1423.1125945294818,1423.016774561272,0.0958199682097529,0.0067335796683981,0.0280327983740891,0.1262714836899325,0.2387808132593427,325305.4,186290.35,0.5373761979619449,0.0900587405789092,0.0854486532231163,2.350000000000039,0.1843962705245303,-208.177882464808,-0.0885763023147774,True,False,BUY,NSE_RELIANCE-EQ,1427.3,1434.4,7.100000000000136,1
1771996500,1214.9,1216.2,1211.0,1212.5,195447,1220.582791958013,1220.762088448704,-0.1792964906906036,-0.0146872590807965,-0.197547123220021,-0.6473287446738807,-0.6554690700532606,131637.0,164083.05,1.1911468003550645,0.1425788431265865,0.1782616044396674,2.464285714285682,-0.355980788358238,-201.47845227756636,0.1766842976676343,False,True,SELL,NSE_SBIN-EQ,1212.5,1210.3,2.200000000000045,1
1771998000,425.35,425.4,424.1,424.35,74505,427.0848454691015,427.1565945784495,-0.0717491093479907,-0.016796910139898,-0.2116402116402072,-0.2819880155093379,-0.3990142002112451,60564.2,73328.7,1.0160414680745735,0.1339174672044606,0.1271753570426833,0.6428571428571388,-0.1203544068255269,-247.61582187857385,0.0486052974775361,False,True,SELL,NSE_KOTAKBANK-EQ,424.35,424.25,0.1000000000000227,1
1772001000,1399.4,1400.0,1399.1,1399.9,93842,1395.5958239545043,1395.5889481725294,0.0068757819749407,0.0004926795948007,0.0357295983993033,0.1001072577762052,0.2506445144657698,190197.4,92122.25,1.0186681284923025,0.0444392146349472,0.0512430290277705,1.328571428571422,0.1903082550609269,-103.748399538678,-0.1834324730859862,True,False,BUY,NSE_ICICIBANK-EQ,1399.9,1399.8,-0.1000000000001364,0
1772005200,1412.3,1413.5,1412.0,1412.4,39923,1424.7514158435567,1424.9228125673558,-0.1713967237990346,-0.0120284918093367,-0.0070796460176936,-0.1060895395713967,-0.5282062117050512,167597.4,100838.4,0.3959106848184818,0.1029763850054136,0.1055527383012059,2.792857142857185,-0.5448407990284068,-145.89622253178376,0.3734440752293722,False,True,SELL,NSE_RELIANCE-EQ,1412.4,1410.9,1.5,1
1772079900,2657.0,2662.0,2655.6,2658.2,18831,2636.9001202800364,2636.7461987906354,0.1539214894010001,0.0058375542352767,0.0451637184794906,-0.3971822541966596,0.351089131337523,39984.0,59435.2,0.3168324494575605,0.2655053883167428,0.359734095595655,10.078571428571488,0.9407622572739456,-119.56196166819036,-0.7868407678729454,True,False,BUY,NSE_TCS-EQ,2658.2,2647.2,-11.0,0
1772167200,1387.6,1387.6,1387.0,1387.6,13913,1391.688802619717,1391.8565556691492,-0.1677530494321217,-0.0120524668112421,0.0,0.0144154533660012,-0.0216153901578031,26450.2,130470.45,0.1066371733982675,0.059749167388288,0.1477333619132682,3.07142857142862,-0.1794307625091278,-1536.5231302217487,0.011677713077006,False,True,SELL,NSE_AXISBANK-EQ,1387.6,1389.9,-2.300000000000182,0
1772168100,1392.5,1394.0,1392.5,1392.6,46977,1399.33873792209,1399.3399279099017,-0.0011899878115855,-8.503922369762779e-05,0.0,-0.1290877796902068,-0.2292592061900022,79691.0,515253.75,0.0911725533293062,0.0670111188421881,0.1500502652178759,2.4285714285714937,-0.2980323672891245,-100.400882048473,0.296842379477539,False,True,SELL,NSE_ICICIBANK-EQ,1392.6,1389.4,3.199999999999818,1
1772172600,1307.0,1307.7,1306.2,1306.9,46266,1303.0121010881603,1303.0110294847975,0.001071603363016,8.224054430604041e-05,0.0076522803795553,-0.1985490645284415,0.0612510527524756,88777.2,77778.65,0.5948419007015422,0.1586843939678804,0.1188155272113081,2.6214285714285586,0.1719458340203346,-100.62712988312737,-0.1708742306573185,True,False,BUY,NSE_INFY-EQ,1306.9,1304.4,-2.5,0
1772182500,2639.0,2639.3,2632.4,2634.8,34330,2642.983435488225,2643.254413030049,-0.2709775418238678,-0.0102516632711581,-0.1629343336743471,-0.2120890774125139,-0.4195169885483185,23874.8,22758.55,1.508444079258125,0.0586860514042881,0.0651169478543602,3.150000000000026,-0.3596616433114832,-405.5536869387005,0.0886841014876154,False,True,SELL,NSE_TCS-EQ,2634.8,2639.7,-4.899999999999636,0
1772423400,1290.1,1296.0,1290.1,1293.3,252568,1303.257441355017,1303.6088527302993,-0.3514113752823959,-0.0269568110515968,0.2325040688212043,-0.492421327998771,-0.5000769349130629,1482403.8,826078.85,0.3057432108327189,0.3319692551240359,0.1952780412602243,4.014285714285718,-0.4374468462499408,-508.44941200468224,0.0860354709675448,False,True,SELL,NSE_INFY-EQ,1293.3,1294.1,-0.7999999999999545,0
1772599500,1308.6,1308.9,1306.1,1307.4,96445,1296.8653103954225,1296.6041927300982,0.2611176653242637,0.0201385794360621,-0.0917010545621099,-0.0229410415232833,-0.5022831050228271,145852.4,335545.1,0.2874278301188127,0.0716895691749266,0.4635980904963392,6.250000000000049,0.4637362781145384,-228.8715097435495,-0.2026186127902747,True,False,BUY,NSE_INFY-EQ,1307.4,1305.8,-1.6000000000001364,0
1772687700,1383.7,1385.5,1382.4,1382.5,222653,1366.246518387897,1366.1242701027438,0.1222482851528639,0.0089485479343449,-0.1155985839173423,0.4942938140582997,0.0651418645049251,210747.0,423035.3,0.5263225078379984,0.2388311595764932,0.4449722466238827,4.550000000000019,0.7178352250298303,-120.52568264477348,-0.5955869398769664,True,False,BUY,NSE_RELIANCE-EQ,1382.5,1381.6,-0.900000000000091,0
1772689200,1294.1,1294.5,1293.5,1293.5,44708,1299.1020394825196,1299.1295414078493,-0.0275019253297159,-0.0021169501926584,-0.054087467161179,-0.0618094723016215,-0.0386398763523976,69965.0,98138.5,0.4555602541306419,0.029423646463926,0.1188137440679876,2.2357142857142662,-0.247537112636337,-112.49887605085264,0.220035187306621,False,True,SELL,NSE_INFY-EQ,1293.5,1298.8,-5.2999999999999545,0
1772698200,1300.1,1301.5,1300.0,1300.1,93447,1298.9257360168183,1298.9112831065215,0.014452910296768,0.0011126941835628,0.0076923076923085,-0.145929339477735,-0.0461290074575293,117263.0,107052.05,0.8729118218660922,0.0900232190811392,0.1279444519372685,2.5428571428571525,0.0518141499435387,-138.68423647987106,-0.0373612396467706,True,False,BUY,NSE_INFY-EQ,1300.1,1306.6,6.5,1
1772775300,2592.6,2595.0,2592.6,2595.0,19656,2591.1408375486926,2591.1041441775983,0.0366933710943158,0.001416128764132,0.0925711640823889,0.1543805480509474,-0.2498558523928551,37318.8,41036.55,0.4789876341943949,0.1351415739911501,0.0973747545549083,4.22142857142863,0.1703755290050139,-127.448218721026,-0.1336821579106981,True,False,BUY,NSE_TCS-EQ,2595.0,2581.3,-13.699999999999818,0
1772776200,2590.0,2592.4,2589.1,2589.5,11425,2591.0749630933105,2591.0947298600563,-0.0197667667457608,-0.0007628731793541,-0.0193050193050159,-0.2119460500963343,-0.0578927055191025,26268.2,33729.5,0.3387242621444136,0.0840486261253039,0.0764690823979897,3.9714285714286297,-0.0694917031237309,-139.75222129096215,0.0497249363779701,False,True,SELL,NSE_TCS-EQ,2589.5,2578.7,10.800000000000182,1
1773030000,1290.9,1294.8,1289.4,1294.6,104645,1304.6475000709788,1304.9446690579005,-0.2971689869216334,-0.0227725354160934,0.3021616177268038,-0.0308880308880432,0.1702259362426295,193511.6,219987.6,0.4756859022963112,0.390872206820087,0.4472050946082955,6.121428571428575,-0.4418858011263182,-305.3451691531317,0.1447168142046848,False,True,SELL,NSE_INFY-EQ,1294.6,1298.8,-4.2000000000000455,0
1773048300,1312.4,1312.7,1310.0,1311.2,118382,1303.3227087562418,1303.0626948796807,0.2600138765610609,0.0199540572823374,-0.0914355379457498,0.244648318042806,0.4520033708726112,115147.0,80333.15,1.4736382178465557,0.1307481969306298,0.1128468953072285,2.8857142857143248,0.3462135606903302,-401.64133336165247,-0.0861996841292693,True,False,BUY,NSE_INFY-EQ,1311.2,1298.5,-12.700000000000044,0
1773117600,1296.4,1298.8,1295.5,1298.4,66694,1303.2069659523606,1303.296585775967,-0.0896198236064265,-0.0068763951800785,0.1311020282255048,0.154273372415914,-0.0077011936850168,73928.8,181816.25,0.3668208974720356,0.1124736367298002,0.1887401135299007,4.5071428571429,-0.2118504283887432,-173.32028158253206,0.1222306047823167,False,True,SELL,NSE_INFY-EQ,1298.4,1297.0,1.400000000000091,1
1773134400,1312.3,1315.4,1310.6,1313.7,185849,1310.3040981243844,1310.2046177844245,0.0994803399598822,0.007592733120427,0.1143118427068934,0.3590527119939013,0.076178867982013,106511.4,67335.6,2.760040751103428,0.201192401262678,0.1286718341771064,3.050000000000036,0.1493587178692905,-299.44582027219013,-0.0498783779094083,True,False,BUY,NSE_AXISBANK-EQ,1313.7,1304.3,-9.400000000000093,0
1773202200,1304.2,1306.1,1302.0,1302.0,59592,1309.8779464066174,1310.2040923140291,-0.3261459074117283,-0.0248927559702322,-0.1763397991259685,-0.1227370359005775,-1.221455124800841,42680.4,124871.6,0.4772262067595834,0.1488108878640598,0.2114515539030204,3.9928571428571655,-0.3456868060243323,-1769.042523977696,0.0195408986126039,False,True,SELL,NSE_AXISBANK-EQ,1302.0,1285.0,17.0,1
1773208800,1400.1,1400.4,1397.1,1397.7,96222,1404.5335227453534,1404.7663302987116,-0.2328075533582705,-0.016572688876218,-0.1785459220111418,-0.1214806345576691,-0.2070541196629971,109284.0,158741.2,0.6061564357583286,0.1706289723897802,0.154173138066657,2.785714285714302,-0.3002781649809094,-445.0503082147176,0.0674706116226389,False,True,SELL,NSE_RELIANCE-EQ,1397.7,1400.8,-3.099999999999909,0
1773297000,1408.5,1409.8,1408.2,1409.7,88530,1401.914425435336,1401.896254103098,0.0181713322378982,0.0012961966468427,0.0851970181043659,0.2988260405549559,0.2774221084080208,75506.4,145064.9,0.6102785718667989,0.1190107557077184,0.1394985694517143,3.185714285714312,0.3441893857379909,-105.57371962773622,-0.3260180535000927,True,False,BUY,NSE_RELIANCE-EQ,1409.7,1403.3,-6.400000000000091,0
1773308400,1395.5,1396.5,1388.7,1390.6,1652651,1401.9662190255472,1402.4126063291274,-0.4463873035801953,-0.0318299551476959,-0.3439873871291521,-0.3225575227582267,-0.6288409318279342,1037803.6,434396.25,3.804478054311012,0.176664653628763,0.1278175572627803,3.621428571428575,-0.4989564545717257,-949.1430718599842,0.0525691509915304,False,True,SELL,NSE_RELIANCE-EQ,1390.6,1393.8,-3.200000000000045,0
1773646200,831.9,833.75,831.65,831.75,486276,828.8047293715297,828.7175826438545,0.08714672767519,0.0105158535911795,-0.0180310133429451,0.0541320822807778,-0.1380717973346157,434448.6,354614.8,1.3712794841050064,0.1526554620148339,0.1013206072671771,1.828571428571422,0.1295317448125388,-305.6073904436345,-0.0423850171373487,True,False,BUY,NSE_HDFCBANK-EQ,831.75,828.45,-3.2999999999999545,0
1773720300,1280.2,1282.9,1279.5,1281.1,90457,1265.9498346434946,1265.530010121289,0.4198245222055448,0.0331738100912603,0.1250488472059219,0.1641907740422166,0.9216952891129448,390262.2,666901.5,0.1356377216125619,0.3515513797940278,0.2475817668592342,5.142857142857159,0.6665368729447891,-270.1676146117494,-0.2467123507392443,True,False,BUY,NSE_ICICIBANK-EQ,1281.1,1283.1,2.0,1
1773720300,1399.9,1401.8,1399.3,1400.7,100944,1389.5035518709235,1389.3187808998714,0.184770971052103,0.0132993934575926,0.0499999999999944,0.250501002004011,0.3582431754675097,223009.6,543206.6,0.1858298481645841,0.2404194978667624,0.1783032274620764,3.857142857142873,0.493646246995695,-159.820576602527,-0.308875275943592,True,False,BUY,NSE_RELIANCE-EQ,1400.7,1399.0,-1.7000000000000457,0
1773733200,1228.9,1231.6,1228.7,1230.5,63885,1221.4719020396187,1221.1525114920607,0.3193905475579868,0.0261548450789116,0.1301977378143082,0.3670473083197345,0.4817899722358465,60451.6,46184.75,1.3832487996578955,0.1377491927069748,0.1204833043637169,2.714285714285747,0.3966127269502522,-513.5994996147144,-0.0772221793922653,True,False,BUY,NSE_AXISBANK-EQ,1230.5,1225.9,-4.599999999999909,0
1773738900,373.85,374.25,373.65,374.15,238973,372.2790158981546,372.1995237714456,0.0794921267089989,0.0213573961362218,0.107023411371232,0.3083109919570947,0.442953020134218,222861.6,170060.6,1.405222608881775,0.0558652280567191,0.0976718372425608,0.6607142857142938,0.08208229092304,-3168.999497332136,-0.0025901642140411,True,False,BUY,NSE_KOTAKBANK-EQ,374.15,374.25,0.1000000000000227,1
1773807000,2461.0,2465.7,2457.2,2461.5,50235,2411.1074012984,2409.4939955907253,1.6134057076747013,0.0669603539426604,0.0203169443315776,0.0325110740846179,2.8238439366723656,91168.0,72857.0,0.6895013519634352,0.1442171231613706,0.5435521817527755,10.892857142857142,2.2152167897897925,-368.0917244003412,-0.6018110821150913,True,False,BUY,NSE_TCS-EQ,2461.5,2466.8,5.300000000000182,1
1773807300,1067.3,1068.3,1065.3,1068.3,121741,1062.7850503420684,1062.770624670614,0.0144256714543189,0.0013573645262156,0.056195560550698,-0.1588785046728991,-0.3730299356523359,89314.6,320713.25,0.3795945443476377,0.1501193655366452,0.2812430227468268,4.035714285714319,0.2437951694096227,-106.2892719314972,-0.2293694979553038,True,False,BUY,NSE_SBIN-EQ,1068.3,1063.3,-5.0,0
1773807900,3589.8,3590.5,3569.0,3575.9,75989,3539.7623336137863,3539.684316973775,0.0780166400113557,0.0022040564362546,-0.3872082010139888,-0.7383761276890999,-0.0726561408411319,79765.6,113435.1,0.6698896549657029,0.3403817009304504,0.3457207907708371,15.807142857142969,1.5976489705703898,-105.13391551643647,-1.519632330559034,True,False,BUY,NSE_LT-EQ,3575.9,3596.0,20.09999999999991,1
1773808200,1271.9,1275.0,1271.7,1273.1,121486,1246.2455593097689,1245.517710826241,0.7278484835278505,0.0584374254337191,0.1179616231519409,-0.062799277808323,1.3130670062072358,190422.2,324493.5,0.3743865439523441,0.2608466503055895,0.4107535970170089,6.800000000000003,1.18160767263862,-260.4041308682284,-0.4537591891107695,True,False,BUY,NSE_INFY-EQ,1273.1,1282.4,9.300000000000182,1
1773892800,811.6,812.1,805.5,807.95,3272869,836.2695245495546,837.1537368522011,-0.8842123026464606,-0.1056212573297714,-0.425191027853089,0.4163559532686989,-4.135026103464634,9577545.8,2637452.8,1.240920406234379,2.0718665760945445,1.014914776281931,7.5035714285714255,-1.245091738702058,-345.0159843716442,0.3608794360555976,False,True,SELL,NSE_HDFCBANK-EQ,807.95,804.15,3.800000000000068,1
1773893100,365.5,366.6,365.2,365.5,203752,372.8347157742545,372.8923638690921,-0.0576480948375888,-0.0154597144976202,-0.0136780194227914,-0.611828687967364,-2.481323372465316,417263.0,293039.75,0.6953049884870568,0.9921496391083778,0.5184013007268115,1.4535714285714303,-0.3239169675468929,-121.65033195619732,0.2662688727093041,False,True,SELL,NSE_KOTAKBANK-EQ,365.5,366.0,-0.5,0
1773894000,1052.6,1054.8,1050.9,1051.9,203794,1063.8512759339585,1064.154715882668,-0.303439948709638,-0.0285146458668792,-0.0854863221884327,-0.3882575757575668,-0.1992409867172639,168255.6,209115.6,0.9745518746568884,0.254221486021255,0.4472795562954753,4.735714285714266,-0.5260337171030187,-236.32005554323564,0.2225937683933807,False,True,SELL,NSE_SBIN-EQ,1051.9,1053.7,-1.7999999999999543,0
1773894600,3489.1,3496.0,3486.0,3493.0,29217,3561.0579574312483,3563.3958528274293,-2.337895396181011,-0.0656086354909453,0.111776675933628,0.1548342699850824,0.310148756533235,40213.8,87340.75,0.3345173930839842,0.1765494533255788,0.8401260165349176,20.05714285714287,-2.990435971074021,-458.2758660738195,0.6525405748930098,False,True,SELL,NSE_LT-EQ,3493.0,3473.0,20.0,1
1773894600,1258.8,1261.5,1258.0,1261.0,105729,1279.489537033298,1279.5147051298388,-0.0251680965407103,-0.0019670033052223,0.2066115702479276,0.3022589882277993,-0.2610139998418082,134104.8,311065.3,0.3398932635687748,0.2246975323588024,0.4604277566122984,5.857142857142825,-0.8175477706745369,-103.17626730749024,0.7923796741338265,False,True,SELL,NSE_ICICIBANK-EQ,1261.0,1264.4,-3.400000000000091,0
1773895500,2394.7,2396.0,2392.3,2394.5,30427,2428.422122961328,2429.2528703015173,-0.8307473401896459,-0.0341976477766406,-0.0083517768405205,-0.4365904365904338,-0.4779717373233572,36618.8,58416.3,0.5208648955856499,0.130442213677842,0.2963211611932441,9.142857142857078,-1.4933339657986835,-225.3794308670264,0.6625866256090376,False,True,SELL,NSE_TCS-EQ,2394.5,2382.5,12.0,1
1773895800,1210.2,1212.6,1210.0,1212.2,53048,1232.670902189951,1233.170699156732,-0.4997969667808775,-0.0405294228222134,0.1321658681645576,-0.0906618313689877,0.1735393769110027,48270.8,224647.95,0.2361383667200167,0.1253514065086023,0.6830180593050125,6.614285714285708,-0.9011915420730928,-224.5151273947898,0.4013945752922154,False,True,SELL,NSE_AXISBANK-EQ,1212.2,1217.0,-4.7999999999999545,0
1773895800,1240.3,1240.9,1239.3,1240.3,48471,1257.077141677722,1257.4623296692982,-0.385187991576231,-0.0306321694485696,0.0,0.0645421540943935,-0.0886096342838871,70467.4,202572.15,0.2392777092013882,0.1480539059945688,0.4315705939135171,5.142857142857159,-0.7387861989968769,-208.9338077774827,0.3535982074206458,False,True,SELL,NSE_INFY-EQ,1240.3,1232.1,8.200000000000045,1
1773907200,1395.3,1396.2,1394.2,1395.5,66251,1401.230746180246,1401.304921328385,-0.0741751481391475,-0.0052932910610798,0.0286717798007485,-0.1002219199656484,-0.3143081648689261,117549.4,98685.8,0.6713326537353905,0.1242659361592726,0.0995089845245532,2.407142857142893,-0.2528373685138376,-141.51697431252532,0.1786622203746901,False,True,SELL,NSE_RELIANCE-EQ,1395.5,1392.5,3.0,1
1773980100,1083.4,1084.5,1080.8,1083.0,386660,1059.6951612343487,1059.4560649994398,0.2390962349088568,0.0225678291726975,-0.0276931597895324,-0.0738143568924099,0.557103064066844,326403.6,385802.2,1.002223419151057,0.2191657018930922,0.58280153982359,5.978571428571448,1.0287222680681225,-130.27967985708898,-0.7896260331592657,True,False,BUY,NSE_SBIN-EQ,1083.0,1077.8,-5.2000000000000455,0
1773981000,1415.5,1416.7,1414.0,1416.0,173412,1401.0871045067902,1400.474894515696,0.6122099910942325,0.0437144566812062,0.0635997456010173,0.2903888377363772,0.2123142250530785,288932.6,495625.9,0.3498848627563652,0.1338178253655636,0.3362323766190458,5.121428571428575,0.654426165187715,-1550.1787626196735,-0.0422161740934825,True,False,BUY,NSE_RELIANCE-EQ,1416.0,1426.5,10.5,1
1774000500,1057.3,1058.8,1056.2,1058.3,453351,1062.6410383266398,1062.7297750087191,-0.0887366820793431,-0.0083498819893904,0.0851144316247332,0.1608934317622656,0.1893401495787205,543626.8,256555.35,1.7670689775130397,0.1610099654444791,0.2301308475058485,3.407142857142893,-0.1912507013287268,-186.5605336022143,0.1025140192493836,False,True,SELL,NSE_SBIN-EQ,1058.3,1019.7,38.59999999999991,1
1774242000,1247.0,1252.8,1247.0,1249.1,133887,1244.7917178377634,1244.791030781865,0.0006870558984246,5.519447693908219e-05,0.1523412443874106,-0.0080051232789091,0.0240230621396442,112299.6,798824.2,0.167605087577467,0.1085281343892487,0.4341223368346754,5.050000000000003,0.1905418673866279,-100.36188490196224,-0.1898548114882032,True,False,BUY,NSE_INFY-EQ,1249.1,1247.6,-1.5,0
1774242300,1393.3,1397.1,1392.6,1395.3,74864,1408.8257938724348,1408.9672572213583,-0.1414633489234802,-0.0100402154981558,0.143544103925941,0.215470803706097,-0.6691820317505592,228181.2,411355.1,0.1819936108729416,0.2110218815032737,0.2422896001009899,3.707142857142864,-0.5970329870028763,-131.0519703463702,0.4555696380793961,False,True,SELL,NSE_RELIANCE-EQ,1395.3,1395.6,-0.2999999999999545,0
1774257300,2397.0,2397.5,2395.0,2395.4,35522,2392.284211402929,2392.1716818442774,0.1125295586516585,0.0047040753598797,-0.05424124838318,-0.0083486391718068,-0.0709190271578119,49995.4,36922.0,0.9620822273982992,0.1223130994057132,0.1051570452790878,5.814285714285753,0.1368601495319126,-562.5023666933803,-0.024330590880254,True,False,BUY,NSE_TCS-EQ,2395.4,2391.6,-3.800000000000182,0
1774258500,2383.5,2387.2,2380.6,2385.1,81945,2392.0111794640065,2392.136231497866,-0.1250520338594469,-0.0052276301078866,0.0587322230146458,-0.5379482902418742,-0.5420958258621433,62745.0,45191.55,1.8132814652296725,0.2816502373433774,0.1704773887033835,6.8642857142857405,-0.3046182917992155,-169.6411649350029,0.1795662579397685,False,True,SELL,NSE_TCS-EQ,2385.1,2388.0,-2.900000000000091,0
1774324500,1415.3,1417.5,1414.0,1416.0,164527,1407.1070891792915,1406.7420293393468,0.3650598399447062,0.0259507310033347,0.0070626456670552,0.8547008547008517,0.6253553155201708,400593.2,455156.65,0.3614733520865838,0.3137751536453639,0.2570539404062656,5.314285714285737,0.3902498651532369,-1549.2237976049273,-0.0251900252085306,True,False,BUY,NSE_RELIANCE-EQ,1416.0,1414.4,-1.599999999999909,0
1774331700,2408.2,2422.8,2405.8,2421.2,89243,2392.0637218487705,2391.684666451644,0.379055397126649,0.0158488868722407,0.5398222738975278,1.009595327492696,1.5093073956062408,59397.0,33041.7,2.700920352161057,0.1521539931292646,0.1848588725216474,6.650000000000058,1.2854603107375624,-141.8196538251958,-0.9064049136109134,True,False,BUY,NSE_TCS-EQ,2421.2,2422.9,1.7000000000002728,1
1774335600,3441.7,3465.5,3441.0,3465.5,74693,3414.5084490689114,3413.38659379326,1.1218552756517963,0.0328663409439682,0.6915187262108935,1.111629806850667,0.917297612114143,70884.8,45337.4,1.647491916166344,0.5508195161239581,0.2978502505790041,13.078571428571488,2.2458380552284325,-199.81071739144969,-1.123982779576636,True,False,BUY,NSE_LT-EQ,3465.5,3526.6,61.09999999999991,1
1774336800,369.5,370.35,369.05,369.7,198836,365.2028706264485,365.05261565435535,0.1502549720931369,0.0411598124899901,0.067668155366074,0.4756080989264832,0.99713153940717,157180.4,183601.15,1.0829779660966177,0.1505236865350841,0.2491724601775823,1.3785714285714252,0.1976373696971904,-417.11137403541375,-0.0473823976040534,True,False,BUY,NSE_KOTAKBANK-EQ,369.7,368.35,-1.349999999999966,0
1774345500,1250.3,1252.4,1248.5,1250.8,1196224,1244.143819785355,1244.108868196979,0.0349515883758613,0.0028093673527554,0.047992321228607,0.0,0.1200672376530764,989533.6,488212.85,2.4502099852554067,0.1904888387972109,0.1470115956627142,3.657142857142877,0.2940972761105058,-113.48723518473147,-0.2591456877346445,True,False,BUY,NSE_ICICIBANK-EQ,1250.8,1262.2,11.400000000000093,1
1774410600,1213.5,1215.8,1212.0,1213.4,92459,1194.2595784182645,1194.068317244809,0.191261173455814,0.0160176072586139,-0.0082406262875922,1.769688836702188,1.6673648931713414,177843.6,161095.75,0.5739381703117555,0.6726823976150231,0.3786439670123868,4.328571428571406,0.8449394939755166,-129.2592193211721,-0.6536783205197025,True,False,BUY,NSE_AXISBANK-EQ,1213.4,1215.7,2.2999999999999545,1
1774413000,785.25,787.2,785.0,785.25,722563,772.8257624154746,772.4896969037983,0.3360655116763382,0.0435042063374199,-0.0127331762908244,-0.0509132565391645,-0.1271860095389487,956479.8,1651186.7,0.4376022408610728,0.2509539654281625,0.3534932768794425,3.8071428571428703,0.5466778035075777,-259.56595351311347,-0.2106122918312394,True,False,BUY,NSE_HDFCBANK-EQ,785.25,787.4,2.1499999999999773,1
1774414500,1052.5,1053.6,1052.2,1053.3,89683,1042.6619982948096,1042.621908382635,0.0400899121746078,0.0038451054838083,0.0950299344293359,0.0094948727686894,0.5249093338423272,178305.2,330892.6,0.2710335619472904,0.1041264466633959,0.296854172852721,3.057142857142854,0.4701629642581793,-109.32165174739144,-0.4300730520835714,True,False,BUY,NSE_SBIN-EQ,1053.3,1056.4,3.1000000000001364,1
1774430100,2388.7,2389.4,2386.3,2387.0,152483,2402.7278166368337,2402.810332401939,-0.0825157651051995,-0.0034341356033172,-0.0711684179679261,-0.0837170364169082,-0.3423513694054692,135121.2,67088.3,2.272870232216348,0.0503515845269218,0.0961009550343593,4.807142857142837,-0.6949198868405801,-113.47407082620104,0.6124041217353806,False,True,SELL,NSE_TCS-EQ,2387.0,2406.7,-19.699999999999815,0
1774584000,1386.0,1386.4,1378.9,1379.3,623756,1412.9126572380292,1414.15011149384,-1.2374542558106896,-0.087505155623366,-0.5192931842769588,-0.990596511377495,-2.218913937331624,451293.6,542921.0,1.1488890648915773,0.607234062170031,0.3410898779343634,5.857142857142841,-1.4762291432739405,-618.2514245771107,0.2387748874632507,False,True,SELL,NSE_RELIANCE-EQ,1379.3,1376.0,3.2999999999999545,1
1774585800,764.5,766.3,764.2,766.0,1268529,778.0742045155054,778.0832825194847,-0.0090780039793116,-0.0011667136646242,0.1896540448629968,0.2814688747790672,0.0980071871937271,1104919.4,1449069.6,0.8754092971103665,0.1713685809706766,0.3599310424399642,3.232142857142849,-0.5339442589450982,-101.72958423092058,0.5248662549657865,False,True,SELL,NSE_HDFCBANK-EQ,766.0,761.85,4.149999999999977,1
1774586100,364.05,364.05,363.15,363.6,148957,367.7136410527334,367.8134812933721,-0.0998402406386844,-0.0271442580863562,-0.1236093943139615,-0.2332281520098678,-0.2742731760833838,162041.4,460447.2,0.323505062035343,0.0552262886677907,0.2576561770854141,1.3785714285714294,-0.1811000180014161,-222.8655109317028,0.0812597773627317,False,True,SELL,NSE_KOTAKBANK-EQ,363.6,363.9,-0.2999999999999545,0
1774587600,2415.9,2418.0,2413.5,2415.0,86211,2402.586641797108,2402.156826636282,0.4298151608259104,0.0178928850964229,-0.0372531975661227,0.1036269430051861,0.5412156536219737,72360.6,125217.5,0.6884900273524068,0.1003275172013868,0.2539826201948738,6.414285714285695,0.5454088156716352,-471.8328323466857,-0.1155936548457248,True,False,BUY,NSE_TCS-EQ,2415.0,2405.0,-10.0,0
1774589700,1041.0,1041.9,1040.0,1041.4,137007,1048.207162514549,1048.29237302918,-0.085210514630944,-0.0081285065906486,0.0480353540205591,-0.1438297056285398,-0.6487311581759192,326884.8,212500.6,0.6447370030955206,0.1031806164248138,0.1521926496310172,2.678571428571445,-0.300352610206346,-139.6066211045527,0.2151420955754019,False,True,SELL,NSE_SBIN-EQ,1041.4,1039.0,2.400000000000091,1
1774591800,1247.6,1248.4,1245.7,1246.8,210839,1253.081465601182,1253.181449204162,-0.0999836029800462,-0.0079783819847908,-0.0641231163834521,0.0963391136801661,-0.2080998879462225,153273.0,143305.9,1.471251358108773,0.0834717939026777,0.0962441851286425,2.585714285714289,-0.2769778291294642,-156.48975401923022,0.1769942261494179,False,True,SELL,NSE_ICICIBANK-EQ,1246.8,1253.6,-6.7999999999999545,0
1774603500,2390.7,2392.0,2388.0,2389.5,47857,2404.0786670837497,2404.3220544776545,-0.243387393904868,-0.0101229115064514,-0.0501945037018392,-0.1253918495297767,-0.3004130679684524,60659.2,55344.25,0.8647149432867913,0.1057942827604076,0.0962452050956822,5.007142857142818,-0.6427431879219512,-160.94500131240284,0.3993557940170831,False,True,SELL,NSE_TCS-EQ,2389.5,2393.6,-4.099999999999909,0
1774604400,1271.9,1273.0,1269.7,1270.0,545287,1274.2693852166808,1274.3704631534354,-0.1010779367545637,-0.0079315975752016,-0.1493828131142405,-0.1807749744557107,-0.0472217849834644,547286.8,236451.35,2.3061276664311707,0.1533573071587706,0.1274485219048285,3.014285714285685,-0.1879779039670666,-216.31527605458183,0.0868999672125028,False,True,SELL,NSE_INFY-EQ,1270.0,1258.7,11.299999999999956,1
1774605300,1202.6,1205.0,1202.3,1203.8,258027,1208.776187269527,1208.8272345956236,-0.0510473260965227,-0.0042228802127873,0.108108108108107,-0.1078748651564098,-0.5945499587118097,387946.4,191630.6,1.3464811987229597,0.1919216643294183,0.1357377493832808,2.742857142857165,-0.2196589242621485,-130.27509771088188,0.1686115981656257,False,True,SELL,NSE_AXISBANK-EQ,1203.8,1173.8,30.0,1
1774846800,3509.1,3510.7,3502.1,3508.9,33766,3545.164421643297,3546.5407831141542,-1.3763614708573186,-0.0388085617797058,-0.0028498147620403,-0.3691189414804507,-0.5582950745337989,42390.8,90093.9,0.3747867502683312,0.1740090333495918,0.3500474263063367,11.464285714285714,-1.5923446689012053,-737.2539546236598,0.2159831980438866,False,True,SELL,NSE_LT-EQ,3508.9,3512.0,-3.099999999999909,0
1775016300,3625.2,3627.1,3617.3,3619.9,94068,3538.59421080762,3537.761914641932,0.8322961656876942,0.0235260649464008,-0.1792411206706368,-0.1737355909767757,3.2575519867644287,127009.0,77253.0,1.2176614500407752,1.6420052748731555,0.8109734692932493,19.28571428571432,3.5890160513440605,-130.19153922813334,-2.7567198856563664,True,False,BUY,NSE_LT-EQ,3619.9,3616.4,-3.5,0
1775017500,2466.1,2467.0,2462.6,2462.9,43627,2394.598277769219,2392.2751315919218,2.323146177297076,0.0971103259243913,-0.0973512351437944,0.5840071877807773,0.8558558558558582,81048.2,146780.0,0.297227142662488,0.2221101523826066,0.4734716781272461,13.185714285714376,3.001341196687008,-442.5483984513561,-0.678195019389932,True,False,BUY,NSE_TCS-EQ,2462.9,2451.8,-11.099999999999907,0
1775017800,1295.5,1301.3,1294.0,1301.0,231371,1267.3363109479749,1267.327071733739,0.0092392142355492,0.0007290315532287,0.4555632769670303,1.1192289755945994,1.5612802498048417,156003.6,472488.85,0.4896856296185614,0.2469157580166275,0.6584120499095837,8.142857142857158,1.4888073242511837,-100.62445345861444,-1.4795681100156344,True,False,BUY,NSE_INFY-EQ,1301.0,1293.8,-7.2000000000000455,0
1775026800,1197.4,1198.3,1194.6,1196.2,59166,1189.5083799261872,1189.3656604116388,0.1427195145483892,0.0119996330227824,-0.1002171371304538,-0.1502504173622632,-0.1835781041388595,59139.4,58907.25,1.0043924983766854,0.1220867085377046,0.188855193915905,3.5928571428571723,0.2947591050881328,-193.86996771152312,-0.1520395905397435,True,False,BUY,NSE_AXISBANK-EQ,1196.2,1193.4,-2.7999999999999545,0
1775027700,1373.1,1375.8,1372.9,1374.8,100963,1371.2972742658037,1371.231224387342,0.0660498784613992,0.0048168301076217,0.1310997815003656,0.0363821581896184,-0.0581564408258183,124005.6,140806.3,0.7170346781358505,0.1171853693469422,0.1244885664483246,3.0642857142857047,0.1543642749795708,-174.78948061181478,-0.0883143965181716,True,False,BUY,NSE_RELIANCE-EQ,1374.8,1365.9,-8.899999999999864,0
1775031600,1365.8,1366.3,1362.9,1364.7,283912,1371.1379685162972,1371.264863157726,-0.1268946414288621,-0.0092538389072882,-0.0878541620909278,-0.3650434401693769,-0.6045156591405698,195374.0,141019.75,2.0132782819427777,0.1581640001810221,0.1213197367335227,2.878571428571425,-0.2836735309342657,-180.93860202045155,0.1567788895054036,False,True,SELL,NSE_RELIANCE-EQ,1364.7,1367.0,-2.2999999999999545,0
1775032200,1020.8,1022.8,1019.25,1022.1,107189,1016.7194722852556,1016.6389078111924,0.0805644740634079,0.007924590869423,0.1273510971786962,0.3239104829210859,-0.3315455875182782,160700.2,199119.1,0.5383160128787243,0.3195400401539017,0.2260140890471838,3.1500000000000097,0.2372941381986493,-151.40346245742555,-0.1567296641352413,True,False,BUY,NSE_SBIN-EQ,1022.1,1018.7,-3.3999999999999773,0
1775101800,987.0,988.9,984.6,986.5,390901,1015.4411970636088,1016.6249601857088,-1.1837631221002312,-0.116440493639266,-0.0506585612968568,-2.898764702987356,-3.099061932125136,447764.8,234409.8,1.6675966619143057,1.3696188532973723,0.6846525333973811,4.539285714285711,-1.270069972154488,-1471.5749344994738,0.0863068500542567,False,True,SELL,NSE_SBIN-EQ,986.5,981.45,5.0499999999999545,1
1775102100,1162.7,1163.0,1158.4,1159.7,102298,1189.7630892793684,1190.4926008280588,-0.7295115486904251,-0.0612781253896921,-0.249440908308951,-3.35833333333333,-2.7260526757255543,199611.8,130798.25,0.7821052651698321,1.631522632085864,0.7935645827499828,6.757142857142851,-1.3235065053127073,-222.81443479566727,0.5939949566222822,False,True,SELL,NSE_AXISBANK-EQ,1159.7,1164.5,-4.7999999999999545,0
1775104200,3481.0,3486.9,3478.0,3481.9,51619,3567.920756235242,3570.6795170441824,-2.758760808940224,-0.0772615071101069,0.0258546394714231,-0.1720232804839572,-0.3291921909887252,40394.4,68040.4,0.7586522125090388,0.0920881650508582,0.8186915983764029,19.52142857142852,-3.781361861192636,-369.7787962239716,1.022601052252412,False,True,SELL,NSE_LT-EQ,3481.9,3484.2,-2.299999999999727,0
1775104200,1262.6,1265.8,1260.6,1264.1,57636,1274.0399408461426,1274.0663874323957,-0.0264465862530869,-0.0020757620257437,0.1584660486490863,0.0079113924050577,-0.4880736833818844,78706.4,172696.0,0.3337425302265252,0.2078819929733009,0.2507170995198517,5.40000000000001,-0.4394036264818624,-106.40419793749872,0.4129570402287754,False,True,SELL,NSE_INFY-EQ,1264.1,1269.2,-5.100000000000136,0
1775117700,1285.5,1286.1,1283.5,1285.6,93809,1272.9966273932173,1272.9701109067144,0.0265164865029419,0.0020830407780788,0.0077790742901484,0.319937573156448,0.8471917163476617,127423.0,117198.15,0.800430723522513,0.0920754390822634,0.132159094068616,3.735714285714266,0.5572018785646833,-104.99664903153334,-0.5306853920617414,True,False,BUY,NSE_INFY-EQ,1285.6,1292.1,6.5,1
1775120700,3612.4,3612.4,3598.0,3601.5,84391,3556.3055738570256,3555.4594472273657,0.8461266296599206,0.0237979547290224,-0.268608772707124,-0.0194325689856111,0.5303558967201694,68839.2,52463.7,1.608559823268279,0.1768240618643123,0.168213863764173,10.592857142857156,1.9917586060742,-173.85675741246484,-1.145631976414279,True,False,BUY,NSE_LT-EQ,3601.5,3594.6,-6.900000000000091,0
1775123100,1200.1,1202.1,1197.9,1198.4,374788,1183.5020166825489,1182.8687887382853,0.6332279442635809,0.0535332363396803,-0.108360423439191,0.0751565762004302,0.7058823529411784,367041.8,162037.1,2.3129764726719992,0.2422940729124569,0.2089166233513913,4.564285714285688,0.6535900047786072,-3209.8421684597497,-0.0203620605150263,True,False,BUY,NSE_AXISBANK-EQ,1198.4,1202.8,4.399999999999864,1
1775447700,1019.45,1021.0,1018.0,1019.4,252694,1007.618077899682,1007.135554176038,0.4825237236437942,0.0479105043648825,-0.0049046054245049,0.1375245579567696,-0.2104644902354291,505761.6,550037.6,0.4594122292730533,0.0983774285163071,0.3153183508297519,5.257142857142859,0.5170385932254931,-1498.0169402107435,-0.0345148695816988,True,False,BUY,NSE_SBIN-EQ,1019.4,1013.8,-5.600000000000023,0
1775450700,748.5,750.5,747.75,748.6,1176786,745.7855567529408,745.689977150172,0.0955796027687938,0.0128176059351197,0.0467758102238535,0.2745964771281306,0.3216295899222787,622667.0,1276488.6,0.9218930744857416,0.0962152026304524,0.2397166045044167,3.592857142857156,0.1236746184224557,-440.2012796399208,-0.0280950156536619,True,False,BUY,NSE_HDFCBANK-EQ,748.6,755.25,6.649999999999977,1
1775461800,1222.6,1225.0,1222.5,1223.9,118382,1213.472150009079,1213.3547298799456,0.117420129133734,0.009677312515636,0.106330770489138,0.4431678292983187,0.566967953985209,109463.4,130247.5,0.9089003627708784,0.1708965259521909,0.1847350755969587,3.478571428571448,0.4602184947541445,-134.25340984961298,-0.3427983656204105,True,False,BUY,NSE_ICICIBANK-EQ,1223.9,1229.6,5.699999999999818,1
1775462400,359.15,360.15,359.05,359.2,411787,355.3269482318834,355.26724715852146,0.059701073361964,0.0168045531468104,0.0139217597104224,-0.0556483027267629,0.5739885202296069,327126.0,243262.8,1.6927660127236883,0.1583346538118785,0.1740377534537135,1.1214285714285583,0.1707964866952238,-153.73855820930703,-0.1110954133332597,True,False,BUY,NSE_KOTAKBANK-EQ,359.2,359.4,0.1999999999999886,1
1775623500,1342.4,1342.4,1340.1,1342.0,143196,1318.9359454715832,1318.8371332221827,0.0988122494004528,0.0074923769517343,-0.0074510096117919,-0.1116486788239723,0.2689778840406331,244585.8,783435.3,0.1827796117943625,0.1642994886590822,0.4886118420091766,6.392857142857143,1.0192516674494527,-110.73533439168644,-0.920439418049,True,False,BUY,NSE_RELIANCE-EQ,1342.0,1347.1,5.099999999999909,1
1775728200,1039.95,1040.95,1039.0,1040.0,737565,1043.39808098636,1043.4529664419458,-0.0548854555856905,-0.0052599836648932,0.0,-0.1488166674667557,-0.0576590428598811,948264.0,427087.3,1.7269654236967478,0.0953356415710412,0.1014072270557977,2.2678571428571592,-0.1498298429808073,-157.80800433972092,0.0949443873951167,False,True,SELL,NSE_SBIN-EQ,1040.0,1058.95,-18.950000000000045,0
1775792700,1049.0,1057.9,1046.15,1057.5,689809,1043.9631430901902,1043.5452088739162,0.417934216274034,0.0400494595461776,1.6387140179729975,1.6826923076923128,1.6680286497139818,611222.4,444155.5,1.5530799460999585,0.7475673544078019,0.3788989991221012,3.446428571428588,0.5951990008279608,-335.7683266452123,-0.1772647845539268,True,False,BUY,NSE_SBIN-EQ,1057.5,1064.3,6.7999999999999545,1
1775793600,1300.4,1300.8,1296.1,1297.9,508584,1324.046109978602,1324.4017627268174,-0.3556527482153342,-0.0268538413512134,-0.1768958621750416,-0.6886525365368379,-2.384175691937407,645078.0,401586.7,1.2664363635548688,0.713861062013696,0.4271038483246558,6.421428571428529,-1.153407163044676,-144.58173362681,0.7977544148293418,False,True,SELL,NSE_INFY-EQ,1297.9,1290.4,7.5,1
1775798400,2509.7,2512.5,2508.0,2509.1,86945,2540.314851290284,2541.532248227775,-1.2173969374912303,-0.0479001176687853,-0.0278906685791779,-0.194908512330949,-0.2742448330683711,93468.0,259340.65,0.3352540374985564,0.1040825653512498,0.4037909666941379,5.957142857142896,-1.3703470089412804,-895.9440135919152,0.15295007145005,False,True,SELL,NSE_TCS-EQ,2509.1,2506.6,2.5,1
1776053700,1315.0,1315.0,1313.6,1314.2,185001,1337.5318692884553,1337.6326344193972,-0.1007651309419088,-0.0075330945394918,-0.0532359875275667,-0.0152160681679891,-0.2126044039483687,306596.6,512876.5,0.360712569205257,0.0712722188796453,0.5625138679985605,5.000000000000016,-1.0310802261644767,-110.83129054439368,0.9303150952225678,False,True,SELL,NSE_RELIANCE-EQ,1314.2,1323.0,-8.799999999999955,0
1776054000,367.0,367.15,366.05,366.5,799469,372.2879142471413,372.5354981753323,-0.247583928190977,-0.0664591507127873,-0.1634432034867905,-0.1090215317525178,-0.0545404963185114,339778.6,469807.4,1.7016952053117935,0.0803511482645153,0.4790026819675344,1.5142857142857091,-0.253908593577421,-4014.577500362938,0.0063246653864439,False,True,SELL,NSE_KOTAKBANK-EQ,366.5,366.95,-0.4499999999999886,0
1776055800,1036.6,1039.35,1036.5,1038.55,209169,1049.2870088463228,1049.591597101295,-0.3045882549722591,-0.029019692594096,0.2026146943894913,0.217118595001442,0.1494696239151327,179207.8,254941.7,0.8204581674947644,0.101856248601909,0.624538454406915,5.057142857142837,-0.47231919849105,-281.59335933034697,0.1677309435187908,False,True,SELL,NSE_SBIN-EQ,1038.55,1042.5,-3.9500000000000455,0
1776057000,792.45,792.9,791.95,792.7,266063,798.506156286552,798.6658976236632,-0.1597413371111997,-0.0200010214016263,0.0189262507097387,0.1326343712499289,0.1895854398382246,310818.0,703998.45,0.3779312298201793,0.0360021868710064,0.5449445109851833,1.192857142857138,-0.2554535795002266,-266.8974972521526,0.0957122423890268,False,True,SELL,NSE_HDFCBANK-EQ,792.7,788.7,4.0,1
1776065100,1055.15,1055.7,1052.0,1053.3,232633,1049.0185169190358,1048.9484658381305,0.0700510809053867,0.0066782194918808,-0.1753305217267797,-0.3641867284680633,-0.2604043369158648,162957.0,194234.1,1.1976939167736251,0.1260996176543957,0.1511523102556483,2.521428571428552,0.1887737008223666,-159.0039884180216,-0.1187226199169799,True,False,BUY,NSE_SBIN-EQ,1053.3,1065.25,11.950000000000044,1
1776225000,379.35,379.7,378.6,378.6,362294,371.4036979887353,371.2565611150167,0.1471368737185798,0.0396321275176053,-0.1977066034005492,1.6648764769065627,1.80155955902126,534926.0,514106.9,0.7047055777699152,0.7913502518356701,0.4170239685141315,1.653571428571423,0.317043166972951,-186.59883686491676,-0.1699062932543711,True,False,BUY,NSE_KOTAKBANK-EQ,378.6,380.55,1.9499999999999889,1
1776225900,808.15,809.9,807.75,808.55,763416,797.2441109239004,796.9774508091883,0.2666601147120673,0.0334589284102481,0.0618773590743249,0.3412757508066466,1.986629667003026,1256030.2,946826.8,0.8062889643596907,0.7617196210605242,0.4105562048015524,3.210714285714289,0.497798480951019,-215.3681749382935,-0.2311383662389516,True,False,BUY,NSE_HDFCBANK-EQ,808.55,812.0,3.450000000000045,1
1776228300,2549.2,2554.9,2549.1,2552.6,83162,2511.483878645817,2511.431134113669,0.0527445321481536,0.0021001783179202,0.1294472992586115,0.0627205017640131,0.160878948401022,64723.2,152134.45,0.5466349009050875,0.0779282584923173,0.5775274612156476,11.85000000000004,1.8180495308747595,-102.98784245137249,-1.7653049987266058,True,False,BUY,NSE_TCS-EQ,2552.6,2538.6,-14.0,0
1776229200,1308.8,1310.2,1307.1,1307.4,170151,1294.9896824830532,1294.9176468777057,0.072035605347537,0.0055629487729376,-0.1146000458400187,-0.3961602925491303,-0.25177386129549,132408.6,280541.25,0.6065097378727727,0.1125400802465464,0.6941955268085832,3.885714285714308,0.5482808824385756,-115.12573642462954,-0.4762452770910386,True,False,BUY,NSE_INFY-EQ,1307.4,1302.9,-4.5,0
1776230400,1341.0,1341.9,1339.2,1341.3,176812,1330.46237213206,1330.0152586922654,0.4471134397945207,0.0336171661845552,0.0223713646532397,0.2316544612165572,0.2166766288105082,159600.0,210653.3,0.8393507246266734,0.069404322215403,0.3719176450881827,1.6428571428571104,0.4755717078451198,-1671.119644384358,-0.0284582680505991,True,False,BUY,NSE_RELIANCE-EQ,1341.3,1340.9,-0.3999999999998636,0
1776324600,797.35,798.45,797.1,798.0,424810,804.013739758442,804.0375378101185,-0.0237980516765219,-0.002959818485756,0.075244544770503,-0.0501002004007933,-0.0250563768479095,657019.2,686342.75,0.6189473116748155,0.1478403893316723,0.125549557749343,1.875,-0.2657770070156857,-109.83476089611428,0.2419789553391638,False,True,SELL,NSE_HDFCBANK-EQ,798.0,798.8,-0.7999999999999545,0
1776668700,4060.0,4060.0,4057.1,4059.9,32959,4077.0928261523977,4077.700643226804,-0.6078170744058298,-0.014905877787165,0.0,0.0271016063861262,-0.1377444348788614,46380.0,40986.15,0.8041496944699612,0.0688203534538616,0.0651240279448389,4.800000000000019,-0.7553003497691861,-512.1261023721797,0.1474832753633563,False,True,SELL,NSE_LT-EQ,4059.9,4031.5,28.40000000000009,1
1776672900,379.1,379.2,378.65,378.95,101526,380.8868123470951,380.9197703494573,-0.0329580023621929,-0.0086522162742976,-0.0131926121372027,0.03959873284054,-0.0791034937376422,151662.4,147190.25,0.6897603611652267,0.1346828983124223,0.1175680472082787,0.8321428571428474,-0.0853847999400727,-162.86480175187876,0.0524267975778798,False,True,SELL,NSE_KOTAKBANK-EQ,378.95,379.35,-0.4000000000000341,0
1776744300,1304.3,1306.2,1304.0,1304.3,90692,1312.066864306998,1312.257895599677,-0.1910312926793267,-0.0145574504310396,-0.0153315446531299,0.1381957773512354,-0.4275135506527361,207870.2,162012.85,0.5597827579725929,0.2841571423563423,0.1586105074689521,3.171428571428578,-0.3419092596809605,-226.6131142112076,0.1508779670016338,False,True,SELL,NSE_INFY-EQ,1304.3,1314.6,-10.299999999999956,0
1776747300,802.8,802.9,802.25,802.55,165659,800.2046391145014,800.202234072267,0.0024050422344998,0.000300554301412,-0.0311410064773309,0.0311604138103049,0.0062305295950082,188221.8,630229.55,0.2628550184611305,0.0596445665334488,0.1647173202309343,1.1214285714285828,0.103710921162019,-102.37404014452174,-0.1013058789275191,True,False,BUY,NSE_HDFCBANK-EQ,802.55,807.3,4.75,1
1776748200,1314.4,1315.7,1314.0,1315.7,57065,1312.3561534933583,1312.2598696638438,0.0962838295147321,0.0073372532179465,0.0836756427810891,0.1369967273004091,0.1598660170523791,61930.2,118287.1,0.482427923247759,0.0767551288617839,0.1735082049293803,2.292857142857185,0.1470832631148368,-289.5372107348331,-0.0507994336001047,True,False,BUY,NSE_INFY-EQ,1315.7,1318.0,2.2999999999999545,1
1776749400,381.25,381.5,380.85,381.05,72497,380.76462171434815,380.7595339999216,0.0050877144265086,0.001336201453201,-0.0786678903894055,-0.0131199160325445,-0.0786678903894055,108228.6,102158.05,0.7096552841406036,0.0987224237067851,0.1060180779176663,0.6464285714285681,0.012579019014197,-167.91493213171643,-0.0074913045876883,True,False,BUY,NSE_KOTAKBANK-EQ,381.05,381.0,-0.0500000000000113,0
1776749700,4088.3,4088.9,4084.5,4085.4,20167,4071.826352496847,4071.492562981554,0.3337895152931196,0.0081982101190106,-0.0587112872449724,0.1323529411764834,0.1569012012748283,21224.8,21171.95,0.9525338950828808,0.0648932865118026,0.1362953804400154,4.785714285714286,0.5975332815232832,-226.55825768478203,-0.2637437662301636,True,False,BUY,NSE_LT-EQ,4085.4,4066.8,-18.59999999999991,0
1776760500,1352.5,1353.6,1352.5,1352.8,184246,1357.2025296085576,1357.3288942411002,-0.1263646325426179,-0.0093098019999986,0.0073926221630715,-0.0369467228256814,-0.1697291712788651,405062.8,371162.3,0.496402786597669,0.0752861839844972,0.073492045527424,2.1642857142856946,-0.1936541498619135,-287.79244907197807,0.0672895173192955,False,True,SELL,NSE_RELIANCE-EQ,1352.8,1353.3,-0.5,0
1776764400,1312.9,1313.8,1310.9,1312.1,381484,1313.3883860214924,1313.3925858219118,-0.0041998004194283,-0.000319767331167,-0.0533211456429039,-0.1065854586981385,0.2215093186678673,410979.2,192848.5,1.978153835783011,0.1233002304706962,0.0824494323420393,2.671428571428529,-0.0569477248743623,-107.96202023648632,0.052747924454934,False,True,SELL,NSE_INFY-EQ,1312.1,1277.7,34.399999999999864,1
1776764700,1312.3,1315.0,1311.8,1314.0,313395,1313.4189667204178,1313.3976476067292,0.0213191136886052,0.001623203279483,0.1448060361253,0.1677084921481997,0.3053435114503733,457819.4,202745.4,1.5457564018715098,0.1323665525356812,0.088343547819117,2.714285714285682,0.0255189141080336,-607.6220667530451,-0.0041998004194283,True,False,BUY,NSE_INFY-EQ,1314.0,1274.1,-39.90000000000009,0
1776829500,1295.0,1297.7,1272.2,1279.4,1787779,1311.8319240919184,1313.1349427912662,-1.303018699347831,-0.099229611282605,-2.6776205689943544,-2.6331811263318072,-2.469888702546108,578032.0,296998.85,6.019481220213479,1.215068163872615,0.6052395763008037,5.449999999999965,-1.4234564590462924,-1181.902139835699,0.1204377596984613,False,True,SELL,NSE_INFY-EQ,1279.4,1266.1,13.300000000000182,1
1776830100,4054.9,4068.4,4054.9,4059.3,42839,4072.0747687628864,4072.301167095006,-0.2263983321195155,-0.0055594692737575,0.0665582014494958,-0.2628992628992632,-0.3852760736196225,52409.2,46141.1,0.9284347360596084,0.218195781256681,0.115444529806644,7.307142857142837,-0.5631027456774973,-167.23949048577853,0.3367044135579817,False,True,SELL,NSE_LT-EQ,4059.3,4045.5,13.800000000000182,1
1776832500,378.7,378.85,378.15,378.6,183696,380.8479856968037,380.9312656865168,-0.0832799897131053,-0.0218622090688769,-0.0132048065495715,-0.1977066034005492,-0.3946329913180779,151519.0,292028.6,0.6290342795191979,0.1848659480243582,0.1320209698777636,1.1571428571428604,-0.0987245687199447,-639.2182569445641,0.0154445790068393,False,True,SELL,NSE_KOTAKBANK-EQ,378.6,379.5,-0.8999999999999773,0
1776834600,2561.6,2563.7,2560.2,2562.7,38354,2581.1511898072413,2581.3898592280766,-0.2386694208353219,-0.0092457720007737,0.0507534941828646,-0.0039019822069774,-0.0896686159844173,43473.2,76068.6,0.5042027853805644,0.0592662799598502,0.3286205288860234,4.7928571428571365,-0.8140576124405925,-141.4797217456723,0.5753881916052705,False,True,SELL,NSE_TCS-EQ,2562.7,2536.7,26.0,1
1776835800,1362.3,1363.8,1361.2,1363.8,120635,1356.897575875909,1356.8622762590796,0.0352996168294339,0.0026015622548484,0.1174570547643361,0.1615746180963606,0.4270986745213534,134496.2,113069.55,1.0669097029217858,0.0816998112437586,0.1143785993063786,2.271428571428568,0.3049852807121169,-113.08917067419266,-0.269685663882683,True,False,BUY,NSE_RELIANCE-EQ,1363.8,1364.2,0.4000000000000909,1
1776846000,802.7,802.8,801.6,802.0,269428,804.0022111952873,804.0646810465003,-0.0624698512129953,-0.0077692569622247,-0.0872056808272181,-0.0809817479598851,0.0311817898347444,200203.0,189761.45,1.4198247325787192,0.0446171364444361,0.0710587642148164,0.9964285714285666,-0.0880292756990002,-344.4102418941427,0.0255594244860049,False,True,SELL,NSE_HDFCBANK-EQ,802.0,801.85,0.1499999999999772,1
1776916800,1347.6,1349.5,1346.9,1348.0,271064,1366.0904355153057,1366.7445270728754,-0.6540915575696999,-0.047857631372452,0.0296823983377825,-0.1259539156849731,-1.4259597806215774,362895.0,250179.75,1.083476980051343,0.5939328460452343,0.2970401934921643,3.442857142857146,-0.7946111507899332,-565.4806796547987,0.1405195932202332,False,True,SELL,NSE_ICICIBANK-EQ,1348.0,1351.1,-3.099999999999909,0
1776918600,1352.8,1353.2,1352.0,1353.0,88185,1358.1547293466897,1358.265157197471,-0.1104278507812068,-0.0081300657825202,0.0221778664892369,-0.0369412633912102,-0.0073904367748012,124527.0,231385.55,0.3811171440913229,0.0352817858698407,0.1504145059680265,3.4857142857142827,-0.2270565260962485,-194.68327620365676,0.1166286753150416,False,True,SELL,NSE_RELIANCE-EQ,1353.0,1347.2,5.7999999999999545,1
1776919800,1096.75,1097.35,1096.2,1096.7,49413,1101.0301907506628,1101.1070951384731,-0.076904387810373,-0.00698427865463,0.0228008573122329,-0.0182332026620546,-0.172947387584188,137234.4,219037.05,0.2255919717691596,0.0651251160124576,0.1070472802250052,2.8464285714285813,-0.1908703634221638,-167.4801293961077,0.1139659756117907,False,True,SELL,NSE_SBIN-EQ,1096.7,1097.3,-0.599999999999909,0
1776937500,1369.8,1371.4,1368.0,1369.7,217369,1373.1413564590573,1373.2232963864567,-0.0819399273993894,-0.0059669776659782,0.0073014018691752,0.0730620296631734,-0.2911843925165636,200494.6,115456.35,1.882694195685209,0.0485468965093816,0.1145284469060363,3.0642857142857207,-0.1515164915015248,-217.76943638536864,0.0695765641021353,False,True,SELL,NSE_AXISBANK-EQ,1369.7,1361.9,7.799999999999954,1
1777022100,1105.25,1105.5,1101.65,1103.0,226402,1097.1155903079175,1097.0771875549428,0.0384027529748891,0.0035004604425762,-0.2261420171867922,0.04081447553399,0.3137647219316974,320797.8,198592.35,1.1400338431968804,0.2088973654195938,0.1226827280236079,2.3821428571428838,0.2599342401156264,-117.33512173395567,-0.2215314871407372,True,False,BUY,NSE_SBIN-EQ,1103.0,1109.1,6.099999999999909,1
1777264200,4072.9,4072.9,4064.9,4064.9,13353,4032.939061783157,4032.9039122720615,0.0351495110958239,0.0008715682758734,-0.1964202411058435,-0.1007618579503488,0.0541511802495842,14547.0,32675.3,0.4086573038350068,0.1333962417802713,0.3328929979061131,11.478571428571415,1.4132799562016771,-102.5505213400263,-1.3781304451058531,True,False,BUY,NSE_LT-EQ,4064.9,4070.0,5.099999999999909,1
1777264200,378.55,379.2,378.5,378.5,116358,373.47958969374673,373.4585617314989,0.0210279622478424,0.0056306011971846,-0.0528122524425689,0.0132117849121371,0.3978779840848823,150372.6,363557.65,0.3200537796412755,0.1620478802224593,0.3820110208845732,1.7535714285714294,0.2218670939153639,-110.47005236143576,-0.2008391316675215,True,False,BUY,NSE_KOTAKBANK-EQ,378.5,377.3,-1.1999999999999886,0
1777276800,1350.0,1350.5,1348.6,1350.4,112256,1342.3463194676128,1342.1988819672977,0.1474375003151635,0.0109847729942272,0.0296296296296461,0.178041543026719,0.2673002673002855,167127.0,191847.75,0.5851306569923286,0.0515339430117154,0.1006268536647661,2.564285714285753,0.3549609644990141,-171.0461830882626,-0.2075234641838506,True,False,BUY,NSE_RELIANCE-EQ,1350.4,1355.5,5.099999999999909,1
1777350600,792.35,793.8,792.3,793.2,404709,790.0434510636945,789.9222232129262,0.1212278507683777,0.0153468084839158,0.1135933358576313,0.2147820593809246,0.4432062808661596,443385.0,405048.85,0.9991609653996056,0.1492072231683994,0.157700180026878,1.7785714285714511,0.1385898117938495,-798.2382381260024,-0.0173619610254718,True,False,BUY,NSE_HDFCBANK-EQ,793.2,790.45,-2.75,0
1777356900,788.3,788.65,787.15,787.8,272610,789.9615326599037,790.0014943905293,-0.0399617306255777,-0.0050584373459201,-0.0507485409794616,0.038095238095237,-0.2342810105743109,375847.2,324270.5,0.840687019016531,0.113719101023738,0.0798423805850382,1.0500000000000114,-0.0952649239756056,-172.25935466809275,0.0553031933500278,False,True,SELL,NSE_HDFCBANK-EQ,787.8,786.9,0.8999999999999773,1
1777359000,1095.85,1096.1,1093.1,1094.55,113264,1102.94869616428,1103.0743352890988,-0.1256391248189174,-0.0113899055394113,-0.1003970245972873,-0.1049557360591535,-0.4320931501864855,92000.6,99187.05,1.141923265184316,0.0427526882994812,0.1087681919559487,2.1857142857142797,-0.370403570569124,-151.33062705812185,0.2447644457502065,False,True,SELL,NSE_SBIN-EQ,1094.55,1094.4,0.1499999999998635,1
1777361700,4031.4,4033.8,4030.6,4032.2,17915,4051.725314326645,4051.9988262933753,-0.2735119667304388,-0.0067500504925031,0.0099211270400134,-0.0024799742082803,-0.0570083033833213,21075.4,20510.4,0.8734593181995475,0.0504464329665978,0.1074530272447181,6.978571428571415,-0.8612714309142575,-146.53467675084505,0.5877594641838186,False,True,SELL,NSE_LT-EQ,4032.2,4033.4,-1.2000000000002728,0
1777436400,4073.9,4075.3,4072.0,4074.5,9680,4050.7433555072566,4050.1373398423225,0.6060156649341479,0.0149628423454336,0.0220934799685768,0.1327074783121551,0.307730182176269,28722.6,37337.2,0.259258862474958,0.0713629611634971,0.1828497011127122,11.492857142857147,1.0456214735254434,-237.85433520000748,-0.4396058085912955,True,False,BUY,NSE_LT-EQ,4074.5,4089.4,14.900000000000093,1
1777440600,2479.9,2482.8,2479.6,2480.8,44220,2461.684213122454,2461.4478348454045,0.2363782770494253,0.0096032210678261,0.0322580645161441,0.4331808428808648,0.3600469274646967,35441.6,37126.25,1.191071007710178,0.1724336455419791,0.2028218158257734,5.064285714285753,0.8434708095933274,-138.93612001105146,-0.607092532543902,True,False,BUY,NSE_TCS-EQ,2480.8,2476.7,-4.100000000000364,0
1777524300,4021.0,4022.8,4015.0,4021.1,29004,4069.083463965928,4069.673434158727,-0.5899701927987735,-0.0144967453124584,-0.0149190640773788,-0.0968944099378865,-0.4111251455036213,25922.2,39984.05,0.7253892489630239,0.0451445488882802,0.1671596385773167,12.66428571428576,-2.1172653529092718,-138.62843333806478,1.5272951601104978,False,True,SELL,NSE_LT-EQ,4021.1,4000.5,20.59999999999991,1
1777527600,2455.7,2456.6,2453.0,2453.1,17435,2466.47344916944,2466.5934753349584,-0.1200261655185386,-0.0048660700159453,-0.0977397678680547,-0.0407481357727834,-0.3736344068553943,27928.8,32143.4,0.5424130614682952,0.0734269035329811,0.0932793902767272,4.685714285714312,-0.5904751967264019,-125.51310717132849,0.4704490312078633,False,True,SELL,NSE_TCS-EQ,2453.1,2457.1,-4.0,0
1777534500,1183.6,1184.2,1180.2,1183.3,162167,1175.1655384811686,1175.15748645886,0.008052022308675,0.0006851866580826,-0.025346400811077,0.050731377356894,0.2032348208993006,162343.2,178855.2,0.9066943538683806,0.0725303882456071,0.1101402791722262,2.871428571428591,0.359705070083919,-102.28976326513212,-0.351653047775244,True,False,BUY,NSE_INFY-EQ,1183.3,1186.2,2.900000000000091,1
1777536900,2480.8,2481.8,2479.0,2481.0,52409,2465.8159214714315,2465.459590780758,0.3563306906735306,0.01445291141684,0.0080619155111261,0.4534780144141104,0.4453441295546589,43952.2,37185.0,1.409412397472099,0.1351727213644468,0.1397914742668997,5.121428571428526,0.668570353708219,-214.1208926535204,-0.3122396630346884,True,False,BUY,NSE_TCS-EQ,2481.0,2483.3,2.300000000000182,1
1777867500,370.8,373.25,370.4,372.85,1164879,379.86564438693904,380.1017433169211,-0.236098929982063,-0.0621146664368778,0.6206989610039182,-0.3074866310160407,-2.8023983315954126,3277575.2,1489215.25,0.782209959238599,1.57183508553124,0.7943915295057438,3.4392857142857127,-0.308305421947864,-426.9774275890402,0.0722064919658009,False,True,SELL,NSE_KOTAKBANK-EQ,372.85,375.55,-2.6999999999999886,0
1777868700,4105.5,4109.0,4102.0,4108.0,18615,4051.151344820408,4049.754893269148,1.396451551260725,0.034482372095696,0.0852722621512924,-0.5230530802014854,-0.0826968915697778,46464.6,62466.9,0.2979978196452841,0.2982547906743863,0.4482727902505252,17.285714285714352,2.502579804725883,-226.24680247395125,-1.1061282534651582,True,False,BUY,NSE_LT-EQ,4108.0,4101.7,-6.300000000000182,0
1777869900,2449.8,2452.8,2449.0,2450.0,33633,2466.615485309369,2466.682618247392,-0.067132938022496,-0.002721587995386,0.0408329930583928,-0.4671947999187464,-0.406504065040647,29491.8,80694.95,0.4167918810284906,0.2104363032699951,0.2058407468434277,11.042857142857104,-0.7343091575030485,-110.06224983180068,0.6671762194805524,False,True,SELL,NSE_TCS-EQ,2450.0,2442.0,8.0,1
1777873200,784.75,785.25,784.25,785.2,197446,779.9920679745298,779.8609749686349,0.1310930058949679,0.0168097917581066,0.0700949467915768,0.4220488553523527,0.274567396717984,261811.4,311209.3,0.6344476209419192,0.1651347067862831,0.1801506641919882,1.9071428571428604,0.2292359289849628,-233.57356981792628,-0.0981429230899948,True,False,BUY,NSE_HDFCBANK-EQ,785.2,778.85,-6.350000000000023,0
1777878600,1171.7,1171.7,1170.0,1170.0,74774,1177.281797439563,1177.5614045656296,-0.279607126066594,-0.0237445898772245,-0.1365653806759903,-0.3576903423607613,-0.3067484662576558,68924.8,74522.9,1.003369434093413,0.0981260511394072,0.1167931317767833,1.9928571428571653,-0.3197112819818812,-797.2023713881753,0.0401041559152872,False,True,SELL,NSE_INFY-EQ,1170.0,1167.9,2.099999999999909,1
1777880400,776.85,777.0,776.05,776.15,183410,779.8605744688917,780.0087115198862,-0.1481370509944781,-0.0189917175034911,-0.0901074853575378,-0.0772449308014233,-0.2634284245695228,268248.6,314910.1,0.5824201891269921,0.0455910135093722,0.1597040634468671,1.5214285714285924,-0.1628672458734854,-1105.6693221730245,0.0147301948790072,False,True,SELL,NSE_HDFCBANK-EQ,776.15,776.45,-0.3000000000000682,0
1777957500,4035.0,4037.0,4028.0,4033.3,43830,4070.4205819673934,4071.285393874371,-0.8648119069766835,-0.0212417412023699,-0.042131350681529,-0.1584276060103362,-0.3212811704520146,33270.6,43490.4,1.0078086198333425,0.0235824152898789,0.2535322373980225,11.007142857142917,-1.6345098498482002,-212.35731042106264,0.7696979428715167,False,True,SELL,NSE_LT-EQ,4033.3,4048.9,-15.599999999999907,0
1778039100,1187.0,1191.0,1184.3,1185.9,436336,1175.210459810562,1174.8526698713542,0.3577899392078052,0.0304540261415912,0.7048233695652328,0.5511276920467933,0.6877228731533513,335159.8,184454.5,2.3655481433090544,0.3282332786023562,0.1923173578900206,3.214285714285698,0.4697726714280179,-419.504562992994,-0.1119827322202127,True,False,BUY,NSE_INFY-EQ,1185.9,1178.3,-7.600000000000136,0
1778045100,777.5,778.25,777.35,777.5,194215,775.6431503788606,775.5901781082658,0.0529722705947506,0.006829930559971,-0.0192888831736626,-0.1476915173698079,-0.0835314528047304,292723.6,322353.7,0.6024903700500412,0.0464515632585183,0.1176190027908578,1.25,0.0816800039683585,-284.52265076228576,-0.0287077333736078,True,False,BUY,NSE_HDFCBANK-EQ,777.5,776.0,-1.5,0
1778049600,1172.7,1172.9,1171.1,1171.7,65045,1175.1016098207274,1175.1875544555646,-0.085944634837233,-0.0073132696573738,-0.0852733009294781,-0.1959114139693296,-0.2553843534519484,52562.4,61309.3,1.0609320282567245,0.0421603565912724,0.0803958515587082,1.4857142857143149,-0.1497249155290774,-234.7511078737269,0.0637802806918443,False,True,SELL,NSE_INFY-EQ,1171.7,1169.4,2.2999999999999545,1
1778053500,1433.0,1434.9,1431.3,1434.8,87425,1443.8783607670375,1443.9008095603397,-0.0224487933021464,-0.0015547323717466,0.1256106071179319,0.2375296912114022,0.1465763942206877,76090.4,91547.8,0.9549656026687696,0.1503683554137614,0.1418370194461221,3.6714285714285935,-0.4013310701595856,-105.92500485595244,0.3788822768574391,False,True,SELL,NSE_RELIANCE-EQ,1434.8,1438.6,-3.7999999999999545,0
1778058000,1085.7,1090.5,1085.7,1088.8,598736,1070.5006340462746,1070.3993228236402,0.1013112226344219,0.0094648063086559,0.2670595819135979,1.2554635915558388,1.9666604233002485,518490.8,229607.35,2.6076517149821203,0.2933862604785197,0.2427324982090198,3.392857142857143,0.8084969845831438,-114.32597035823356,-0.7071857619487218,True,False,BUY,NSE_SBIN-EQ,1088.8,1097.5,8.700000000000045,1
1778058600,1291.8,1294.9,1291.3,1293.7,128610,1272.291176020042,1271.4334075683162,0.8577684517258604,0.0674646777896443,0.154834713942864,0.0773574688636147,1.2443261856315724,175077.4,95321.25,1.3492269562138557,0.4510914831196562,0.2510406968177259,4.064285714285721,0.9396659873564204,-1147.3678421720233,-0.08189753563056,True,False,BUY,NSE_AXISBANK-EQ,1293.7,1299.7,6.0,1
1778059800,1280.4,1282.8,1277.1,1281.6,1234239,1265.0113932604124,1264.4916949671665,0.5196982932459377,0.0410993836744362,0.1015387018667546,0.1328228767872419,0.3209393346379485,819091.2,615951.45,2.0037926690488352,0.0905887321132,0.1727761988037912,3.4214285714285944,0.7293172960576157,-347.9251815317695,-0.209619002811678,True,False,BUY,NSE_ICICIBANK-EQ,1281.6,1286.4,4.800000000000182,1
1778127900,375.15,376.85,375.0,376.7,216883,373.5324887619962,373.4263677942939,0.1061209677022816,0.0284181774118156,0.4131680661068948,0.2795155064554855,0.2661698163428205,330753.6,1186560.8,0.1827828797310681,0.214969491188632,0.3398878594024506,1.807142857142858,0.1392016034560583,-420.7948253841103,-0.0330806357537767,True,False,BUY,NSE_KOTAKBANK-EQ,376.7,379.65,2.9499999999999886,1
1778139000,4034.6,4044.0,4033.9,4035.6,31681,4010.4249636770887,4009.365049891195,1.0599137858935137,0.0264359511469846,0.0247856045209049,-0.5054116022780497,0.9278479429786212,112353.4,57864.3,0.5475051110961335,0.5364680548896106,0.2764342526653256,12.692857142857164,1.104540146112413,-2475.084547999148,-0.0446263602188992,True,False,BUY,NSE_LT-EQ,4035.6,4028.5,-7.099999999999909,0
1778214300,3984.9,3989.0,3983.8,3987.0,22927,4010.6207036567,4011.49312908218,-0.8724254254793777,-0.0217481470715864,0.0552097972294607,0.0652544925208387,-0.3847691385168938,27568.4,49846.65,0.4599506687009057,0.05877645465542,0.1425379484745768,8.778571428571402,-1.0373703151640257,-628.9193421798856,0.1649448896846479,False,True,SELL,NSE_LT-EQ,3987.0,3976.5,10.5,1
1778217000,1273.2,1273.9,1272.7,1272.8,20732,1280.7125120709338,1281.0226261996438,-0.3101141287099835,-0.0242083256273143,-0.0157109190887738,-0.1333856414280188,-0.0157109190887738,34084.6,80414.15,0.2578153223033508,0.0907433683012323,0.3517061632358447,2.2857142857142856,-0.3473503045765937,-932.8302289174218,0.0372361758666102,False,True,SELL,NSE_AXISBANK-EQ,1272.8,1273.7,-0.900000000000091,0
1778217900,1266.5,1266.7,1264.2,1264.7,205201,1273.3199359411424,1273.3247974290175,-0.0048614878751322,-0.0003817948008982,-0.1342387871130834,-0.1815311760063109,-0.4878432606814087,88223.0,98746.75,2.078053201750944,0.0519255282523496,0.0930653726791171,1.9071428571428604,-0.3812035496882799,-101.29177372619752,0.3763420618131476,False,True,SELL,NSE_ICICIBANK-EQ,1264.7,1264.0,0.7000000000000455,1
1778221800,782.35,782.7,781.35,781.55,222237,785.2364121471703,785.2713283316365,-0.0349161844661694,-0.0044463847343505,-0.1469273029257811,-0.0575447570332565,-0.0447627573858633,217124.0,273266.55,0.813260898562228,0.0851793578600594,0.073901443780931,0.9964285714285992,-0.1627500253040352,-127.3137255654035,0.1278338408378658,False,True,SELL,NSE_HDFCBANK-EQ,781.55,779.0,2.5499999999999545,1
1778225700,1173.0,1175.0,1172.8,1174.5,131451,1170.8698794654065,1170.7177059032706,0.1521735621356583,0.0129983138862881,0.127877237851659,0.1364140165401872,0.1876652733941775,67602.2,68149.4,1.928865111064808,0.0537885860742173,0.0868582700664522,1.664285714285711,0.1592749914987052,-2242.858210031779,-0.0071014293630469,True,False,BUY,NSE_INFY-EQ,1174.5,1178.4,3.900000000000091,1
1778228400,1078.6,1078.8,1077.1,1078.5,76565,1083.584401768161,1083.7529659285997,-0.1685641604385637,-0.0155537438639562,0.0,0.1857872735717691,0.139275766016711,120398.2,143441.2,0.5337727235968466,0.1374232935432568,0.1526126657330171,3.5142857142857173,-0.2234575222325929,-407.07567350502194,0.0548933617940292,False,True,SELL,NSE_SBIN-EQ,1078.5,1029.1,49.40000000000009,1
1778485500,1274.9,1275.0,1272.0,1272.3,342568,1268.8551112905268,1268.8233848878524,0.0317264026743941,0.0025004585391684,-0.1961091935989922,0.0629178136059671,0.0707881075979077,305659.6,249974.1,1.3704139748877984,0.22086769807737,0.1235593371937626,2.392857142857143,0.1520946790344624,-126.35777767514776,-0.1203682763600682,True,False,BUY,NSE_ICICIBANK-EQ,1272.3,1271.7,-0.599999999999909,0
1778487600,1282.2,1282.5,1281.1,1282.0,82293,1274.800635437687,1274.554331645771,0.2463037919160342,0.0193246992929672,-0.0233954612805065,0.2659158454559662,0.4466034631356308,101994.2,94500.6,0.870819867810363,0.0862348873958405,0.0845233283447027,2.078571428571487,0.3163452827002402,-451.654125516664,-0.0700414907842059,True,False,BUY,NSE_AXISBANK-EQ,1282.0,1276.5,-5.5,0
1778557500,1256.0,1259.9,1252.7,1256.1,900466,1268.925282450066,1269.0767104549695,-0.1514280049036642,-0.0119321396142693,-0.8759469696969835,-0.7898270278808961,-0.7741527766806366,577556.6,390836.35,2.3039463959787776,0.3965290699196436,0.2031538860907123,3.0142857142856525,-0.5659668787764076,-136.52926527468452,0.4145388738727433,False,True,SELL,NSE_ICICIBANK-EQ,1256.1,1250.4,5.699999999999818,1
1778557500,1270.4,1272.3,1265.5,1269.8,292950,1274.5869581782476,1274.7110310436483,-0.1240728654006488,-0.0097334111323306,0.1498540894392164,0.1577535888941383,-0.4546879899655076,159875.6,116773.0,2.508713486850556,0.1680995104915074,0.1275950175920217,3.1214285714285586,-0.2106759988421345,-243.26602337602495,0.0866031334414856,False,True,SELL,NSE_AXISBANK-EQ,1269.8,1272.2,-2.400000000000091,0
1778558100,1141.2,1141.2,1136.4,1138.9,339928,1174.3100420832482,1175.460036772308,-1.1499946890598949,-0.0978335845612975,-0.184049079754589,-3.1547619047618936,-3.245263783875607,454199.6,204725.6,1.660407882551083,1.243121612845994,0.6409442712631849,5.135714285714324,-1.5564592256666856,-382.9262052380199,0.4064645366067907,False,True,SELL,NSE_INFY-EQ,1138.9,1131.6,7.300000000000182,1
1778570700,377.6,378.0,377.35,377.95,84694,378.97887634475,378.99084417285314,-0.0119678281031383,-0.0031578145718158,0.1059462322871018,-0.0925191646841239,-0.5525588738323983,157861.0,158201.8,0.5353542121518213,0.1984803808057966,0.1527088344260338,0.8642857142857078,-0.0454047968779605,-135.79220408325426,0.0334369687748221,False,True,SELL,NSE_KOTAKBANK-EQ,377.95,376.65,1.3000000000000114,1
1778648400,381.85,382.85,381.6,382.7,213076,378.6478485782451,378.6325019876868,0.0153465905582947,0.0040531624933756,0.2357255107386047,0.5253480430785329,0.8697944122298296,193443.0,307675.95,0.6925338168290371,0.0667965725283498,0.2188512499511901,1.017857142857147,0.1790904718951651,-109.37231390449467,-0.1637438813368703,True,False,BUY,NSE_KOTAKBANK-EQ,382.7,379.45,-3.25,0
1778730300,3942.0,3971.9,3935.4,3965.5,76166,3918.348073302365,3917.539000937878,0.8090723644863829,0.0206525669378833,1.1349145626115886,1.2278552100883244,1.2899106002554284,62123.6,42515.3,1.791496237824971,0.4920000621649478,0.2797282489061746,10.828571428571422,2.0786467469433774,-163.72784262711676,-1.2695743824569945,True,False,BUY,NSE_LT-EQ,3965.5,3964.0,-1.5,0
1778733600,378.5,378.5,377.7,378.15,39441,379.400090938558,379.43013519120206,-0.0300442526440747,-0.0079182568429718,-0.0528611074402163,-0.0396510705789165,-0.1715945089757253,59609.4,163525.65,0.2411915194955654,0.0699485023046946,0.1647232254825177,1.0571428571428538,-0.0550368213425827,-220.21274406207127,0.0249925686985079,False,True,SELL,NSE_KOTAKBANK-EQ,378.15,377.3,0.8499999999999659,1
1778739900,382.8,383.35,382.65,383.2,94617,379.5137497091738,379.3879562983975,0.125793410776339,0.0331569330781284,0.1175702155453928,0.1306506401881346,1.0548523206751037,175074.2,124946.3,0.7572613194628413,0.2499066347524963,0.1929439357772079,1.1285714285714334,0.1619791925156732,-447.6321492305923,-0.0361857817393342,True,False,BUY,NSE_KOTAKBANK-EQ,383.2,383.9,0.6999999999999886,1
1778741400,769.75,771.45,769.35,770.8,379680,760.0997320200904,759.7880486946483,0.3116833254421181,0.0410224043373154,0.1168982984803168,0.2340702210663181,-0.0453867600337165,458827.8,727028.15,0.5222356245765725,0.15528734713792,0.271049642336066,3.803571428571429,0.4706345930152338,-296.08734815452,-0.1589512675731157,True,False,BUY,NSE_HDFCBANK-EQ,770.8,773.85,3.050000000000068,1
1778745000,1251.2,1251.9,1250.2,1250.3,94328,1248.705178258698,1248.644762581776,0.0604156769218207,0.0048385000067514,-0.0719309462915651,-0.0719309462915651,0.0240000000000017,133197.8,143165.15,0.6588754316256435,0.0814336900987439,0.0907046169399041,2.392857142857175,0.0700284282481789,-728.4951609656305,-0.0096127513263581,True,False,BUY,NSE_ICICIBANK-EQ,1250.3,1252.4,2.1000000000001364,1
1778824500,1245.2,1246.3,1244.5,1245.1,138798,1248.927639099231,1249.0440184550466,-0.1163793558152974,-0.0093174743320293,-0.0240886462181011,-0.0561887943490213,-0.4238643634037253,108457.6,83377.8,1.664687722631204,0.1059559917629747,0.0797232864357059,1.6142857142857403,-0.1683116772060202,-324.0981198196303,0.0519323213907227,False,True,SELL,NSE_ICICIBANK-EQ,1245.1,1248.0,-2.900000000000091,0
1778824500,3912.4,3916.1,3911.3,3911.3,14061,3933.747682074724,3933.965520989088,-0.21783891436462,-0.0055373874835041,-0.04599933556515,-0.1149190459165394,-0.5643828651328286,14099.8,9316.55,1.5092496686005017,0.1461478548831505,0.1139239334131256,7.599999999999942,-0.9909903883672088,-128.1754509548915,0.7731514740025887,False,True,SELL,NSE_LT-EQ,3911.3,3919.0,-7.699999999999818,0
1778830800,1250.9,1251.0,1250.5,1251.0,21483,1248.967688842184,1248.9648002053873,0.0028886367965696,0.0002312824825883,0.007994244144216,0.007994244144216,0.0639897616381279,40165.2,117753.95,0.182439739813399,0.0402278520337133,0.0547496512921267,1.1571428571428604,0.0898612258658886,-103.32131862174114,-0.0869725890693189,True,False,BUY,NSE_ICICIBANK-EQ,1251.0,1251.0,0.0,0
1778838000,1242.9,1243.9,1242.3,1243.9,284950,1248.962150086851,1249.0789889666512,-0.1168388798002979,-0.0093540024956273,0.0885098165432918,-0.3764215921832292,-0.5118771494841079,425355.8,217134.95,1.3123175241940552,0.2311055608234074,0.1243261392409053,1.9714285714285325,-0.2229080362533295,-210.15349203048984,0.1060691564530316,False,True,SELL,NSE_ICICIBANK-EQ,1243.9,1235.4,8.5,1
1779077100,753.9,754.7,753.15,754.0,219542,767.6831495109157,767.9180754452581,-0.2349259343424137,-0.0305925777572298,-0.0198899423191623,0.0862812769628851,-1.7333507102827994,515476.6,473512.4,0.4636457250116364,0.9635302392599028,0.4994535280667508,3.1392857142857173,-0.6032071465451736,-163.7898232541587,0.3682812122027599,False,True,SELL,NSE_HDFCBANK-EQ,754.0,760.7,-6.7000000000000455,0
1779078300,1128.4,1130.0,1127.7,1130.0,60497,1122.3524849482255,1122.3334099373128,0.0190750109127293,0.0016995850559055,0.0885739592559886,0.0354107648725232,0.2217294900221711,141075.4,493517.9,0.1225831930310937,0.1146521664587924,0.3953780115174389,5.471428571428613,0.3380756656215453,-105.97961497293508,-0.319000654708816,True,False,BUY,NSE_INFY-EQ,1130.0,1132.5,2.5,1
1779081600,381.65,382.1,381.6,382.1,70918,384.3489911586672,384.3660247278045,-0.0170335691372542,-0.0044316011409481,0.0654707345816518,0.0916830386378686,0.2229508196721408,77241.4,107929.3,0.6570782910664666,0.1072492770288699,0.2730324081871315,0.7892857142857151,-0.0993257311159823,-120.69889613746854,0.082292161978728,False,True,SELL,NSE_KOTAKBANK-EQ,382.1,383.7,-1.599999999999966,0
1779087000,386.2,386.35,385.7,386.2,374561,384.41277243573154,384.34511586824937,0.0676565674821745,0.0176030772055827,-0.064691421917451,0.3507860205274715,0.6515506906437318,261355.4,146623.85,2.554570760486783,0.1545342691735491,0.167628406694123,1.1500000000000057,0.0784773470343793,-725.2467038605258,-0.0108207795522048,True,False,BUY,NSE_KOTAKBANK-EQ,386.2,391.35,5.150000000000034,1
1779089400,772.75,773.85,772.45,773.3,289604,766.9673613876851,766.888777915095,0.0785834725900258,0.0102470494878888,0.0776497994046776,0.4285714285714226,0.1748817928622248,317073.4,354101.3,0.8178563591830925,0.1590774915326551,0.1615504834940681,1.6428571428571428,0.2794209532295326,-139.1278920347937,-0.2008374806395068,True,False,BUY,NSE_HDFCBANK-EQ,773.3,772.0,-1.2999999999999543,0
1779094800,2280.5,2282.1,2279.2,2279.3,22517,2277.9971577628758,2277.9596535715173,0.0375041913580389,0.0016463940131352,-0.0526200394650233,-0.0263169437256016,-0.1314463479823002,36431.0,35037.2,0.6426598015823183,0.1084809082605974,0.117830920962201,4.035714285714254,0.0573072286942988,-289.3860558923848,-0.0198030373362598,True,False,BUY,NSE_TCS-EQ,2279.3,2353.0,73.69999999999982,1
1779096600,1248.0,1253.7,1248.0,1251.9,967745,1246.2579030990375,1246.0577287052758,0.2001743937616993,0.0160646163616907,0.2964268546707282,0.2482383087764272,0.3205385046878728,417392.6,210800.3,4.590814149695233,0.1378318097952556,0.0967776963051437,2.1785714285714124,0.2478577517094891,-519.7992808746345,-0.0476833579477897,True,False,BUY,NSE_ICICIBANK-EQ,1251.9,1239.4,-12.5,0
1779164700,1237.0,1238.8,1236.1,1236.8,320448,1245.754142680992,1246.061117406392,-0.3069747253998685,-0.0246356074442656,-0.0323310701584311,-0.6426735218509005,-0.8020532563362215,4286143.8,1308970.05,0.2448092681723313,0.2325025853810931,0.1736983214133223,4.071428571428604,-0.3934461514004397,-455.0013450661038,0.0864714260005712,False,True,SELL,NSE_ICICIBANK-EQ,1236.8,1242.2,-5.400000000000091,0
1779165300,3924.4,3936.4,3923.7,3933.0,47201,3916.1062833620754,3915.381354408493,0.724928953583003,0.0185149002859395,0.2574625914502082,0.0457875457875456,0.2421307506053294,31152.4,37691.15,1.2523098923752658,0.1888457000685699,0.2482716834324481,11.549999999999986,0.7410871356364623,-4586.45120586324,-0.0161581820534593,True,False,BUY,NSE_LT-EQ,3933.0,3930.9,-2.099999999999909,0
1779170700,766.25,766.45,765.25,766.2,466941,767.4134641858437,767.4288516981088,-0.0153875122650788,-0.0020050734645994,0.0130531262237276,-0.0130497194310241,-0.2343749999999977,318791.0,339582.45,1.375044558398115,0.0725346909350676,0.0843971898358765,1.2357142857142824,-0.0535400512388832,-140.33155506542806,0.0381525389738044,False,True,SELL,NSE_HDFCBANK-EQ,766.2,767.75,-1.5499999999999543,0
1779171300,767.7,768.5,767.25,768.2,225123,767.466401427724,767.4375186733972,0.0288827543267871,0.0037635317044069,0.065129607919756,0.2741156506983477,0.2675716243555559,331839.2,319648.65,0.7042826553467377,0.1037272163105547,0.0928489205678924,1.3035714285714124,0.0322030450664669,-969.8863018716193,-0.0033202907396798,True,False,BUY,NSE_HDFCBANK-EQ,768.2,767.0,-1.2000000000000457,0
1779176400,766.85,767.2,765.8,766.0,526441,767.4150049296372,767.4511360736433,-0.036131144006049,-0.0047079406502542,-0.1108430592684395,-0.0326264274062015,-0.1433972102724556,357375.2,378075.8,1.392421837102507,0.1026645202024763,0.1249126830413438,1.4750000000000227,-0.0622795228781569,-238.17737681852807,0.0261483788721079,False,True,SELL,NSE_HDFCBANK-EQ,766.0,765.8,0.2000000000000454,1
1779177900,768.1,768.15,766.1,767.9,436238,767.458906434772,767.4569534403457,0.001952994426233,0.0002544760872226,-0.0260382762661159,0.058635741742119,0.1369237790962874,333944.2,388996.65,1.1214441049813668,0.089984292662792,0.1239883492448447,1.4285714285714448,0.0194923704682423,-111.13491393054916,-0.0175393760420092,True,False,BUY,NSE_HDFCBANK-EQ,767.9,765.4,-2.5,0
1779177900,385.65,385.7,384.5,384.75,161970,386.3852596779514,386.3923766495583,-0.0071169716068766,-0.0018419026970947,-0.2333722287047757,-0.0649350649350677,-0.1168224299065379,191208.2,180320.4,0.8982344759661137,0.1431198023393369,0.0826210032248349,0.5928571428571436,-0.0722648143894275,-110.92433962952772,0.0651478427825509,False,True,SELL,NSE_KOTAKBANK-EQ,384.75,382.3,2.4499999999999886,1
1779178200,768.0,768.05,766.4,766.5,466897,767.4109611130334,767.4489788283429,-0.0380177153094791,-0.0049537775615416,-0.1823154056517784,-0.0912408759124128,0.0652741514360233,366363.6,399094.55,1.1698906938218023,0.1083462747566897,0.1296528138841559,1.3500000000000143,-0.0399707097357122,-2046.6371638759483,0.001952994426233,False,True,SELL,NSE_HDFCBANK-EQ,766.5,764.35,2.1499999999999773,1
1779181200,1246.0,1247.6,1245.7,1247.1,104846,1245.2464363827046,1245.2337350424448,0.0127013402598095,0.0010199964795666,0.0882825040128265,0.1123866099381754,-0.0240500240500374,249165.6,220285.05,0.4759560396858525,0.0546015194526912,0.0555274940468566,2.278571428571451,0.0818730810544821,-118.3620364528801,-0.0691717407946725,True,False,BUY,NSE_ICICIBANK-EQ,1247.1,1227.8,-19.299999999999955,0
1779182100,1245.4,1245.4,1242.5,1243.4,290418,1245.2270008936216,1245.2318439874948,-0.0048430938732053,-0.0003889310971759,-0.1605909747872114,-0.2966883168951773,-0.1846351448984484,207000.2,237557.3,1.22251768310214,0.0990602573709876,0.066512140301299,2.3428571428571883,-0.0807642948157081,-106.37910598499776,0.0759212009425027,False,True,SELL,NSE_ICICIBANK-EQ,1243.4,1232.9,10.5,1
1779261000,1348.0,1355.6,1347.2,1355.0,557517,1339.1839882201054,1339.0806666989176,0.1033215211878086,0.0077158548963682,0.5192878338278861,0.5416635749796006,0.6462155537398928,183551.8,189679.9,2.93925186590672,0.2417268047883865,0.2152608564586483,3.58571428571424,0.6986457625328057,-117.35550377629134,-0.5953242413449971,True,False,BUY,NSE_RELIANCE-EQ,1355.0,1354.9,-0.099999999999909,0
1779263100,3912.5,3912.7,3906.5,3909.7,21559,3924.33837765392,3924.391624611801,-0.0532469578815835,-0.00135682069923,-0.0664570712879952,-0.1838188363246562,-0.2576662074595726,20841.2,26904.9,0.8013038517147434,0.0169610923709513,0.0961658813773056,5.264285714285701,-0.6469818988025509,-108.96813615162851,0.5937349409209673,False,True,SELL,NSE_LT-EQ,3909.7,3914.2,-4.5,0
1779265800,1248.9,1251.4,1248.3,1250.0,52076,1243.1762745304918,1243.1262007208393,0.050073809652531,0.0040280552065828,0.1522313917154072,0.5712446697240248,0.5955255110252855,33076.4,32308.1,1.6118558503904594,0.1295513070929445,0.1158594375301052,2.414285714285711,0.3013804266108764,-119.92538447996014,-0.2513066169583453,True,False,BUY,NSE_AXISBANK-EQ,1250.0,1249.4,-0.599999999999909,0
1779336600,3946.3,3951.2,3944.4,3950.0,16123,3924.5007876571217,3923.4959281555584,1.00485950156326,0.0256113303024541,0.0760070939954449,0.1521298174442131,0.971370143149275,20909.4,35357.2,0.4560033034290046,0.1405468058133446,0.2144980763103737,10.157142857142844,1.11934051470962,-977.752103991761,-0.11448101314636,True,False,BUY,NSE_LT-EQ,3950.0,3955.0,5.0,1
1779336600,955.0,955.5,953.8,954.8,93580,951.039651310859,950.8906595944784,0.1489917163804648,0.0156686486376892,0.0,0.0,0.505263157894742,153588.8,224210.7,0.4173752635355939,0.1146587154769991,0.1781725416852089,2.5357142857142776,0.1650614888557129,-1027.1551082005255,-0.0160697724752481,True,False,BUY,NSE_SBIN-EQ,954.8,957.3,2.5,1
1779339600,1245.7,1246.2,1245.0,1245.7,85978,1239.9585954125812,1239.7853988012423,0.1731966113388807,0.0139698863614901,0.0,0.0080282594733471,0.0723007712082335,89529.2,176544.45,0.4870048307947375,0.0337976736501831,0.1400877865600755,2.3142857142857207,0.2524766577294031,-318.4617936343511,-0.0792800463905223,True,False,BUY,NSE_ICICIBANK-EQ,1245.7,1246.1,0.3999999999998636,1
1779349200,949.0,949.7,948.5,949.1,58218,951.3701988375004,951.3763372671962,-0.0061384296956248,-0.0006452157211789,0.0421629598397865,0.0,-0.0631778456354648,78503.4,95888.4,0.6071433040910058,0.0848670098270438,0.0800491618055389,1.8000000000000032,-0.1003552647439391,-106.51521534604412,0.0942168350483143,False,True,SELL,NSE_SBIN-EQ,949.1,951.2,-2.1000000000000227,0
1779355500,952.6,953.2,951.5,952.5,356891,951.3773175761212,951.3313581448092,0.0459594313117577,0.0048310644780366,-0.0209929673559372,0.0840601029736154,0.0104997900042036,218401.0,148884.2,2.397104595383526,0.0582019225548278,0.0900942838919799,1.4571428571428473,0.0492680288335805,-1489.0910275009126,-0.0033085975218227,True,False,BUY,NSE_SBIN-EQ,952.5,957.0,4.5,1
1779356700,949.9,950.3,949.1,949.9,390943,951.2932250239857,951.3200377200708,-0.0268126960851304,-0.0028184727559601,0.0315922493681508,-0.3671071953010307,-0.1996217692792568,551996.2,253075.75,1.544766734861005,0.1379909781322721,0.104233890817367,1.849999999999982,-0.0613945427564885,-177.53402049329452,0.0345818466713581,False,True,SELL,NSE_SBIN-EQ,949.9,956.8,-6.899999999999977,0
1779421500,950.9,955.7,950.9,955.0,198835,951.3540288049396,951.3281512987944,0.025877506145207,0.002720145105543,0.5368986209074667,0.5368986209074667,0.1678204321376109,362394.4,286203.7,0.6947324580360071,0.2648607771331948,0.1577135285264825,2.0357142857142776,0.1610373493539327,-119.14585392441208,-0.1351598432087257,True,False,BUY,NSE_SBIN-EQ,955.0,956.7,1.7000000000000457,1
1779421500,3907.0,3921.0,3900.1,3918.9,55326,3928.409289517646,3928.4173340047632,-0.0080444871173313,-0.0002047767951662,-0.3306289580101262,-0.2392892599852425,-0.1019653827525557,54343.4,35794.65,1.5456499784185624,0.1580289057428025,0.1228202766426884,9.435714285714376,-0.4205113253033232,-101.95033548702013,0.4124668381859919,False,True,SELL,NSE_LT-EQ,3918.9,3930.0,-11.099999999999907,0
1779421800,3921.5,3936.8,3921.0,3932.9,40534,3928.633825041763,3928.454689554724,0.1791354870397299,0.0045599478979871,0.3572431039322365,0.0457887105390408,0.0737913486005048,39189.0,37468.2,1.0818240534640042,0.245757762682015,0.144642275831679,10.14285714285724,0.1871799741570612,-2326.810540274155,-0.0080444871173313,True,False,BUY,NSE_LT-EQ,3932.9,3932.9,0.0,0
1779423900,770.0,770.9,769.25,769.95,327422,762.2833557084366,762.1579713219986,0.125384386437986,0.0164512333605198,-0.006493506493499,0.1430708200559349,0.4763147592326877,418901.0,650725.4,0.5031646221278592,0.0549641878183274,0.2192663117555392,2.267857142857143,0.3380283617046871,-158.96446691270097,-0.2126439752667011,True,False,BUY,NSE_HDFCBANK-EQ,769.95,770.3,0.349999999999909,1
1779425700,385.65,385.65,384.95,385.15,55576,382.9649517165431,382.8772059782992,0.0877457382439388,0.0229174620149396,-0.0907911802853544,-0.2072807358466155,0.103963612735547,114756.2,158792.9,0.3499904592711639,0.1378014214808817,0.1840393261745725,0.9214285714285616,0.0959034318084377,-1175.6194450082733,-0.0081576935644989,True,False,BUY,NSE_KOTAKBANK-EQ,385.15,383.2,-1.9499999999999889,0
1779438300,2318.1,2318.3,2315.2,2316.7,10796,2321.734901947228,2321.7938062014414,-0.0589042542133029,-0.0025370148742739,-0.0474587971352247,-0.0043162983425548,-0.159455266333397,12199.2,11138.95,0.9692116402353902,0.0767351466034235,0.0668598065808387,2.978571428571448,-0.2221897451981931,-136.0743957457639,0.1632854909848902,False,True,SELL,NSE_TCS-EQ,2316.7,2318.0,-1.300000000000182,0
1779438600,1176.0,1176.8,1175.2,1176.0,91111,1180.2062391816455,1180.295803044086,-0.0895638624401726,-0.0075882556058557,0.0,-0.0679809653297058,-0.0849617672047609,94972.0,79564.4,1.1451226930637322,0.0513430599968911,0.0749669461425631,1.7642857142857176,-0.1852818243157798,-193.5705908119604,0.0957179618756072,False,True,SELL,NSE_INFY-EQ,1176.0,1174.3,1.7000000000000457,1
1779441300,948.7,949.3,948.2,949.0,82588,952.040514320206,952.1487190622132,-0.108204742007274,-0.0113642690307714,0.0421674045962383,-0.0947468154542607,-0.1683147485798453,115310.0,98443.7,0.8389363666745562,0.0702297625114024,0.0685488913479234,1.2714285714285438,-0.1335672454324594,-526.6327349208942,0.0253625034251854,False,True,SELL,NSE_SBIN-EQ,949.0,960.5,-11.5,0
1779681300,961.9,962.0,960.7,961.4,332080,952.5670090033742,952.194244473005,0.3727645303691815,0.0391479503822761,-0.0311947592804506,1.2426284751474226,1.2959645980402446,391496.0,212143.9,1.5653525743610823,0.5111469579018084,0.2695797792207715,2.3357142857142645,0.3875349728376704,-2623.71945636993,-0.0147704424684889,True,False,BUY,NSE_SBIN-EQ,961.4,960.7,-0.6999999999999318,0
1779787800,1355.3,1357.6,1353.1,1355.6,780423,1358.7177564329254,1358.779752097101,-0.0619956641755834,-0.0045625984696858,0.044280442804423,0.0590493061706443,-0.1252486554188525,247546.6,240330.4,3.247292061262329,0.0460875048632173,0.0887700588128542,2.128571428571441,-0.1373718379804813,-182.2483565377724,0.0753761738048979,False,True,SELL,NSE_RELIANCE-EQ,1355.6,1359.2,-3.6000000000001364,0
1779788100,1355.4,1360.6,1352.4,1360.2,1777431,1358.7918686112791,1358.791587496292,0.0002811149872741,2.0688602274327056e-05,0.3393331366184915,0.405993946999339,0.4134061715635795,574825.2,297826.85,5.968001206069904,0.1551404863202934,0.1055222112946655,2.5928571428571394,0.0622767791628575,-100.45344298026706,-0.0619956641755834,True,False,BUY,NSE_RELIANCE-EQ,1360.2,1356.9,-3.2999999999999545,0
1779788400,1360.2,1360.2,1354.8,1354.9,780940,1358.597275180715,1358.7591576004893,-0.1618824197739741,-0.0119139892355795,-0.3896485810910177,-0.0073800738007334,-0.0442641091847995,715372.8,324053.4,2.4099114528654844,0.2595493214820074,0.1358240106203661,2.8285714285714385,-0.1621635347612482,-57685.83750503432,0.0002811149872741,False,True,SELL,NSE_RELIANCE-EQ,1354.9,1355.5,-0.599999999999909,0
1779854700,763.6,765.0,763.2,764.85,1089747,778.2918560326343,778.3720039880707,-0.0801479554363595,-0.0102968702658514,0.1440261865793823,-0.3777271247150771,-1.954877579797465,2543337.4,1177904.45,0.925157384370184,0.5153694109960615,0.3103992782591258,3.4142857142856946,-0.5938358213667243,-115.60246226396642,0.5136878659303648,False,True,SELL,NSE_HDFCBANK-EQ,764.85,764.3,0.5500000000000682,1
1779872700,1269.2,1270.9,1269.0,1270.0,201541,1278.482027895789,1278.8251406036577,-0.3431127078683857,-0.0268303067381379,0.0393855848759283,-0.3765296517100669,-0.1807749744557107,298752.4,399350.75,0.5046716451640569,0.1937988119483063,0.1547984527426181,3.0214285714286007,-0.3722616754221235,-1277.1007231588503,0.0291489675537377,False,True,SELL,NSE_ICICIBANK-EQ,1270.0,1282.3,-12.299999999999956,0
1780027500,386.1,386.85,385.85,385.85,107082,388.39696869862667,388.4300327075188,-0.0330640088921541,-0.0085122174157554,-0.0388601036269364,-0.5156632718834597,-0.8352608583911625,255205.2,226839.75,0.4720601217379229,0.1068041825240233,0.1374036542019557,1.2642857142857091,-0.1123700370162055,-141.69167171054764,0.0793060281240514,False,True,SELL,NSE_KOTAKBANK-EQ,385.85,390.05,-4.199999999999989,0
1780027800,1201.8,1205.0,1201.4,1201.4,356080,1170.6198269202853,1169.8960414404753,0.7237854798099761,0.061867503963753,-0.0083229296712339,0.5019240421616278,3.3907056798623048,460420.0,270342.1,1.317145942122962,0.4010987114980232,0.7678388898734728,6.371428571428591,1.355269961899694,-214.61651083092565,-0.6314844820897179,True,False,BUY,NSE_INFY-EQ,1201.4,1205.0,3.599999999999909,1
1780029000,2323.5,2334.0,2323.4,2331.8,177900,2293.258868628021,2291.920251477278,1.3386171507431754,0.0584059218413187,0.3572197116419318,0.3356282271945066,1.1626898047722325,119506.4,133010.7,1.3374863826744765,0.1666071290397874,0.3804718408337355,11.13571428571426,1.6933566613597577,-477.35214451203626,-0.3547395106165822,True,False,BUY,NSE_TCS-EQ,2331.8,2308.4,-23.40000000000009,0
1780030500,391.05,391.15,390.2,390.25,72749,388.5066654925407,388.4302103396801,0.0764551528605466,0.0196831118757953,-0.2045774197672933,-0.0128106584678433,0.7746933505487386,98521.4,184580.0,0.3941326254198721,0.2820584857775266,0.2121859615919951,1.135714285714284,0.0764620976743231,-1100995.6513602156,-6.944813776499359e-06,True,False,BUY,NSE_KOTAKBANK-EQ,390.25,391.3,1.0500000000000114,1
1780033500,1280.0,1281.8,1279.7,1281.2,158419,1278.486101537476,1278.435406750533,0.0506947869428131,0.0039653772631084,0.0702960243692985,0.0624804748516005,0.2190237797246474,115926.2,146834.9,1.0788920072816477,0.0564458062226808,0.0922552348842247,2.1500000000000097,0.1196048851393243,-173.56655739808505,-0.0689100981965111,True,False,BUY,NSE_ICICIBANK-EQ,1281.2,1280.5,-0.7000000000000455,0
1780041600,1276.8,1277.0,1273.9,1274.6,91654,1278.6812436098714,1278.6893900262264,-0.0081464163549753,-0.0006370911042601,-0.1723057644110293,0.0706602810708778,-0.2504304272969215,128473.0,86125.95,1.0641856490407362,0.1691089953976448,0.0966470589070471,1.6571428571428604,-0.1804376731874981,-104.72828192488848,0.1722912568325227,False,True,SELL,NSE_ICICIBANK-EQ,1274.6,1273.6,1.0,1
1780042200,2284.7,2287.8,2284.3,2284.9,40317,2294.171470399836,2294.287557704325,-0.1160873044891559,-0.005059841086586,0.0043767507002856,0.0,-0.0961916837916909,36091.8,37820.7,1.066003537745203,0.068539652457126,0.0670887685450546,3.1857142857142797,-0.4090850867751214,-139.6205403274537,0.2929977822859655,False,True,SELL,NSE_TCS-EQ,2284.9,2293.3,-8.400000000000091,0
1780042200,963.1,963.5,962.8,963.5,163386,966.522836135086,966.5305299526372,-0.007693817551285,-0.0007960242654375,0.0311461794019862,-0.0725990458411152,-0.1554404145077681,112355.0,127671.9,1.2797334417362003,0.0430240406865583,0.064515631283718,1.1999999999999968,-0.1336300004312534,-106.1092986744073,0.1259361828799683,False,True,SELL,NSE_SBIN-EQ,963.5,965.0,-1.5,0
1780042800,386.75,387.0,386.15,386.15,78143,388.726665976802,388.73011023609183,-0.0034442592898358,-0.0008860284292729,-0.1551389786684009,-0.0517665329364702,-0.1551389786684009,252505.8,202576.0,0.3857465839981044,0.1127452218363185,0.1216631915992377,0.8428571428571436,-0.1139324001564432,-103.11731129044344,0.1104881408666074,False,True,SELL,NSE_KOTAKBANK-EQ,386.15,387.0,-0.8500000000000227,0
1780043400,1296.2,1297.0,1295.3,1295.5,20972,1299.653016408354,1299.6832530847448,-0.0302366763908139,-0.0023264650305409,-0.0540040117265938,0.1778533869471132,0.0231624459542834,30989.0,34934.55,0.6003226032681113,0.1202227196264854,0.1075759265397418,2.5571428571428862,-0.1834264236993021,-119.73805487773564,0.1531897473084882,False,True,SELL,NSE_AXISBANK-EQ,1295.5,1282.7,12.799999999999956,1
1780289400,2311.2,2328.1,2311.0,2325.4,160950,2293.6632293911434,2293.0250390696024,0.6381903215410603,0.0278318077939526,0.6143994461751623,0.9726443768997006,0.8631533289958915,100700.2,663502.65,0.2425762730563321,0.2295047348949871,0.5668207812595005,10.792857142857232,1.3982978526214538,-183.9605312992961,-0.7601075310803935,True,False,BUY,NSE_TCS-EQ,2325.4,2322.6,-2.800000000000182,0
1780299000,4045.8,4048.5,4040.4,4041.6,14517,4058.563218589467,4058.6463594750353,-0.0831408855683548,-0.0020484880476038,-0.0988728495155188,-0.2542017325205536,-0.1334321719792419,14559.6,13653.8,1.0632204953932238,0.1119433787909876,0.1289934635915803,8.128571428571409,-0.7495542601150191,-112.4758728956952,0.6664133745466643,False,True,SELL,NSE_LT-EQ,4041.6,4019.8,21.799999999999727,1
1780462800,2272.2,2274.0,2263.0,2265.9,270743,2351.581438336876,2353.7755971745,-2.194158837623945,-0.0932186925660135,-0.2640961309916756,-0.2421414105837849,-0.5748135146994238,233342.6,359823.4,0.7524329990767693,0.1371371315275243,1.161521705303887,8.571428571428571,-3.7710989897273066,-239.1402733133101,1.5769401521033617,False,True,SELL,NSE_TCS-EQ,2265.9,2248.7,17.200000000000273,1
1780471800,1221.2,1222.4,1220.7,1221.7,93350,1226.6336429677872,1226.7912330409715,-0.1575900731843376,-0.0128457123706128,0.0409433344251475,-0.0081846456048362,-0.0245499181669384,129317.0,158220.9,0.5899979079881356,0.0525634456937331,0.1480100492974553,2.7357142857142662,-0.2168819484247706,-365.7869607687361,0.059291875240433,False,True,SELL,NSE_INFY-EQ,1221.7,1223.2,-1.5,0
1780477500,964.5,965.7,962.95,964.25,270324,953.500165133225,953.4526680668262,0.0474970663988187,0.0049815861856175,-0.0311025866984504,0.1818181818181719,0.239097666198873,198521.8,211078.7,1.280678723149233,0.2284299130917422,0.1701743875152173,2.7071428571428555,0.4750469006704634,-111.1091298818377,-0.4275498342716446,True,False,BUY,NSE_SBIN-EQ,964.25,968.5,4.25,1
1780478100,753.0,753.5,752.6,753.3,471709,749.3234416429812,749.2954792451618,0.0279623978193512,0.0037318252403605,0.0664187035068986,0.1995211492418214,0.4533937858381076,506493.4,384431.65,1.2270295642931583,0.1482534822516006,0.1116595970575608,1.5499999999999952,0.1756411101915773,-118.93461648614031,-0.147678712372226,True,False,BUY,NSE_HDFCBANK-EQ,753.3,746.1,-7.199999999999932,0
1780480500,381.6,382.55,380.4,382.45,675192,380.4946599340268,380.4913875490205,0.0032723850062552,0.0008600418073414,0.2884489314278093,0.5124835742444045,0.2227463312368893,546523.2,291698.15,2.3146941453005443,0.2114069424533659,0.1596789947770236,1.1214285714285706,0.0864537068917457,-103.93403823367956,-0.0831813218854904,True,False,BUY,NSE_KOTAKBANK-EQ,382.45,382.7,0.25,1
1780544700,378.5,380.15,378.25,379.1,658856,380.4249269373255,380.4797926527787,-0.0548657154532179,-0.0144201391276744,-0.8759314943129759,-0.4986876640419857,-0.4856280351752118,566955.6,318963.75,2.06561403921292,0.4723873098682713,0.2555770742805144,1.3321428571428555,-0.0581381004594732,-1776.627760741492,0.0032723850062552,False,True,SELL,NSE_KOTAKBANK-EQ,379.1,382.95,-3.849999999999966,0
1780547100,1247.9,1252.5,1246.7,1247.1,289898,1240.3543006785908,1240.139181753772,0.2151189248188529,0.0173463533758071,-0.0961307378034126,0.3298471440064343,0.6862586791538838,174954.0,299581.85,0.967675444957697,0.169501666586872,0.1656244995519964,4.135714285714276,0.296542535412982,-364.19723130573607,-0.081423610594129,True,False,BUY,NSE_ICICIBANK-EQ,1247.1,1252.1,5.0,1
1780547700,382.4,382.8,382.3,382.3,92233,380.5093641943606,380.4771582971129,0.0322058972477634,0.0084646072820524,-0.0261506276150513,0.1834381551362618,1.0840824960338449,112009.4,339164.2,0.2719420269002447,0.179871883316523,0.2959081597347762,1.4357142857142833,0.0789259922672727,-168.9337152125119,-0.0467200950195092,True,False,BUY,NSE_KOTAKBANK-EQ,382.3,381.65,-0.6500000000000341,0
1780549200,748.75,749.05,747.0,747.45,275856,749.3379875453942,749.386089197971,-0.0481016525768609,-0.0064188077774891,-0.180288461538447,-0.3200640128025567,-0.2335824879871828,246423.2,590706.5,0.466993337638912,0.1202833682460778,0.2305011888879211,1.6785714285714124,-0.083098108421268,-237.4472111996683,0.0349964558444071,False,True,SELL,NSE_HDFCBANK-EQ,747.45,750.05,-2.599999999999909,0
1780550700,750.85,751.85,750.75,751.1,342244,749.3932470697384,749.390625920953,0.0026211487854652,0.0003497706929872,0.0466200466200605,0.2937641874749763,0.3071581196581352,282012.0,412699.95,0.8292804493918644,0.1167184595158818,0.1468763474450156,1.5392857142857028,0.0754646135335406,-103.59833074185909,-0.0728434647480753,True,False,BUY,NSE_HDFCBANK-EQ,751.1,751.05,-0.0500000000000682,0
1780636800,379.5,379.75,379.0,379.05,35454,380.8694045167944,380.88362146934975,-0.0142169525553867,-0.0037326237606493,-0.1448893572181253,0.0924214417745039,-0.7332722273143966,60817.8,106384.3,0.333263460867816,0.2504373116803222,0.2593995194516786,1.4571428571428555,-0.080349548686911,-121.4976477365446,0.0661325961315242,False,True,SELL,NSE_KOTAKBANK-EQ,379.05,380.95,-1.8999999999999773,0
1780638000,1267.8,1270.0,1264.6,1265.0,126588,1258.0606298620562,1257.822927202122,0.2377026599342571,0.0188979430087984,-0.2208550244518048,0.2138952705379004,0.7887817703768674,319793.2,138528.2,0.9138067194982682,0.232927735025966,0.3264348647465956,6.0428571428571525,0.3049184711435373,-453.6409896090616,-0.0672158112092802,True,False,BUY,NSE_AXISBANK-EQ,1265.0,1266.1,1.099999999999909,1
1780646400,747.6,748.2,747.0,747.45,160497,751.1972198821871,751.2797197853052,-0.082499903118105,-0.0109812498521431,-0.0267504848525335,-0.2801681008605006,-0.4130304443408006,137030.6,104605.5,1.5343074694925218,0.0877983103063129,0.0855402878993819,1.0749999999999968,-0.1650395798582167,-199.95181272379853,0.0825396767401116,False,True,SELL,NSE_HDFCBANK-EQ,747.45,746.5,0.9500000000000456,1
1780898100,1247.3,1247.3,1245.7,1246.0,56638,1251.0315964542576,1251.2091907602114,-0.1775943059537894,-0.0141938140532588,-0.0962155227710148,-0.1842505807898686,-0.319999999999998,101273.0,112629.05,0.5028720387857306,0.0411032384302189,0.0974950439943904,2.0999999999999903,-0.2210461537429182,-508.7151985242424,0.0434518477891288,False,True,SELL,NSE_ICICIBANK-EQ,1246.0,1250.8,-4.7999999999999545,0
1780907400,1251.6,1253.4,1251.2,1252.8,148655,1251.1318400491518,1251.1154806214872,0.0163594276646108,0.0013075873424957,0.1038753495804956,0.127877237851659,0.0559060777893138,128560.0,111557.5,1.3325415144656343,0.0750667754932684,0.0574314482370116,1.600000000000039,0.0736422671204763,-128.55903761058357,-0.0572828394558655,True,False,BUY,NSE_ICICIBANK-EQ,1252.8,1249.1,-3.7000000000000455,0
1780911600,1249.9,1250.1,1249.2,1249.9,269069,1251.121041581536,1251.1265700380295,-0.005528456493721,-0.0004418782740384,0.008001280204839,-0.1836767289570273,-0.1517814347339774,270989.2,162507.8,1.6557297557409554,0.1511047954102684,0.0926269739115163,2.1500000000000097,-0.0539580351523909,-111.41545445333192,0.0484295786586699,False,True,SELL,NSE_ICICIBANK-EQ,1249.9,1268.5,-18.59999999999991,0
1780976700,1255.0,1265.0,1252.7,1264.5,644405,1251.682305999671,1251.2184854875927,0.4638205120782004,0.0370695060421403,1.1680934474757931,1.1357274254178984,1.232887679128991,377334.0,224374.2,2.87201024003651,0.5233662614009267,0.2781737957741559,3.007142857142867,0.5630061080510131,-567.6289006776104,-0.0991855959728127,True,False,BUY,NSE_ICICIBANK-EQ,1264.5,1267.6,3.099999999999909,1
1780979700,381.7,382.25,381.7,382.2,48317,378.6824095446403,378.6134890893748,0.0689204552655269,0.0182033808228258,0.1309929263819675,0.1966181675186806,0.4599816007359703,107872.0,233160.25,0.2072265748557054,0.1446778186004578,0.1898757879223711,1.096428571428577,0.1549975926076854,-180.06824738091208,-0.0860771373421585,True,False,BUY,NSE_KOTAKBANK-EQ,382.2,378.6,-3.599999999999966,0
1781069400,3945.0,3945.4,3935.5,3941.3,21516,3918.12044241786,3917.562175094804,0.5582673230564978,0.0142503755678871,-0.093789607097583,-0.093789607097583,0.3513685550604828,23979.2,22662.55,0.9494077233144548,0.0999008212064518,0.1297219055592302,8.342857142857188,1.0204991946384323,-220.7764668294925,-0.4622318715819347,True,False,BUY,NSE_LT-EQ,3941.3,3942.5,1.199999999999818,1
1781070900,1280.2,1281.0,1279.3,1280.4,309189,1279.4195838499877,1279.409198873312,0.010384976675823,0.0008117009542348,0.0078106693743862,-0.0780396441392272,-0.2026500389711527,196350.6,199424.9,1.5504031843566175,0.0899327319349744,0.1294446182732059,2.357142857142906,0.0432747901124912,-131.57505498114213,-0.0328898134366681,True,False,BUY,NSE_RELIANCE-EQ,1280.4,1271.3,-9.100000000000136,0
1781071200,1280.5,1280.6,1278.0,1278.5,122229,1279.3736046574882,1279.4016222160344,-0.0280175585462529,-0.0021898954995636,-0.1483911277725735,-0.0625341983897409,-0.2341006632852083,204810.6,199586.0,0.6124126942771537,0.1077205295829793,0.1306345352307949,2.32142857142862,-0.038402535222076,-369.7893256850524,0.010384976675823,False,True,SELL,NSE_RELIANCE-EQ,1278.5,1271.5,7.0,1
1781076000,745.1,746.75,745.1,746.2,716254,741.5875667312641,741.4988886749265,0.088678056337585,0.0119592972682743,0.1476311904442306,0.3901520247544754,0.5253940455341555,408552.0,393859.25,1.8185532014291907,0.1225269514764907,0.1029355838257665,1.2107142857142807,0.2032545085374977,-177.39640618550476,-0.1145764521999126,True,False,BUY,NSE_HDFCBANK-EQ,746.2,753.05,6.849999999999909,1
1781151000,3896.8,3896.9,3883.0,3883.5,36796,3921.90685765153,3923.5817509460094,-1.6748932944801709,-0.0426878653433521,-0.3336327473373535,-0.2312138728323698,-1.2083439328415158,30903.4,32743.05,1.1237804663890505,0.2147450717680439,0.2448364647321992,11.699999999999948,-1.6845921240860662,-17369.024846689856,0.0096988296058952,False,True,SELL,NSE_LT-EQ,3883.5,3885.9,-2.400000000000091,0
1781238600,3941.2,3943.3,3935.3,3942.4,26890,3908.3288153238136,3907.00112198686,1.3276933369534163,0.0339824150415967,0.0101471334348124,-0.3160636172848896,-0.6176107287806598,23099.0,63338.4,0.4245449837697194,0.1694396332816531,0.7843019963264021,19.92142857142864,1.4957506829787235,-890.0239819052499,-0.1680573460253072,True,False,BUY,NSE_LT-EQ,3942.4,3929.8,-12.599999999999907,0
1781253300,1284.0,1284.7,1281.0,1281.5,127887,1270.8579939887618,1270.8370045671095,0.0209894216523025,0.0016516218505497,-0.1947040498442409,0.2817121840519521,0.4310344827586299,221735.4,152362.65,0.839359252415208,0.2145018310039092,0.1470790867795826,3.26428571428575,0.4705005759010419,-104.66938839090253,-0.4495111542487393,True,False,BUY,NSE_RELIANCE-EQ,1281.5,1291.4,9.900000000000093,1
1781256600,2156.2,2164.5,2154.0,2163.4,79053,2154.055105538974,2153.879565221844,0.1755403171305261,0.0081499597268543,0.3153111379022633,0.445723836939349,0.469047508475362,36612.2,26665.4,2.9646283198451924,0.1445922759181354,0.0971645113644025,3.164285714285662,0.411832896982105,-174.28939039930378,-0.2362925798515789,True,False,BUY,NSE_TCS-EQ,2163.4,2170.8,7.400000000000091,1
1781504400,1142.0,1142.0,1140.2,1141.5,104314,1133.4555556439163,1133.3067278572455,0.1488277866708358,0.0131321718130294,-0.0437828371278481,-0.0262743037309443,-0.2272528625120062,139177.0,133662.9,0.7804259820787968,0.2787777458868624,0.2787491102920214,4.378571428571457,0.3545407818053263,-172.3472946245013,-0.2057129951344904,True,False,BUY,NSE_INFY-EQ,1141.5,1138.5,-3.0,0
1781593500,1010.9,1012.5,1010.75,1011.6,158509,1014.5449279278292,1014.6105469588076,-0.0656190309786097,-0.0064674106902689,0.0791452314998109,0.1286746510937408,0.0593471810089063,124050.0,120795.15,1.3122132800861626,0.1100585849057991,0.0997000658967952,1.6500000000000097,-0.129697492788523,-202.40419186912845,0.0640784618099132,False,True,SELL,NSE_SBIN-EQ,1011.6,1010.2,1.3999999999999773,1
1781670000,1015.5,1016.6,1014.65,1016.35,122006,1014.159624963684,1014.1096619756522,0.0499629880316661,0.004926783552612,0.0837026095519499,0.0787750480035542,0.0738479716423823,82857.4,178068.05,0.685165025393382,0.0712864287650328,0.1037015180610645,1.5857142857143052,0.0964565266956469,-207.4622183369601,-0.0464935386639808,True,False,BUY,NSE_SBIN-EQ,1016.35,1018.0,1.6499999999999773,1
1781756100,403.05,403.9,402.65,403.25,256613,403.91729852616425,403.9180647900861,-0.0007662639218324,-0.0001897077621994,0.0744509244323232,0.0620347394540976,-0.0743402304547169,265544.2,220798.65,1.162203663835807,0.0799283623923439,0.0929376058319326,0.9249999999999952,-0.0295069852285791,-102.66612627308194,0.0287407213067467,False,True,SELL,NSE_KOTAKBANK-EQ,403.25,401.4,1.8500000000000227,1
1781756400,1347.9,1348.0,1346.8,1347.6,36273,1353.4401362846404,1353.668353344675,-0.2282170600346944,-0.0168591560459259,-0.0148389968838147,-0.2516654330125933,-0.3254437869822602,50740.2,108320.5,0.3348673612104819,0.0478581809676958,0.1298455677949101,2.9571428571428635,-0.2563810280068992,-910.3157206396612,0.0281639679722047,False,True,SELL,NSE_AXISBANK-EQ,1347.6,1351.8,-4.2000000000000455,0
1781757900,1135.0,1135.9,1133.0,1133.1,155506,1144.7641787429654,1145.1981936511172,-0.4340149081517666,-0.0378986720864483,-0.167400881057278,0.2122578933404062,0.1679632248938967,190983.0,279972.25,0.5554336188675842,0.2136629782078959,0.4912194693210032,5.085714285714305,-0.5122386515001836,-654.8378146755487,0.0782237433484169,False,True,SELL,NSE_INFY-EQ,1133.1,1131.3,1.7999999999999543,1
1781763900,1358.0,1358.3,1356.0,1356.9,34771,1353.5327191833185,1353.4455715981776,0.0871475851408831,0.0064389427229036,-0.0515615792574974,-0.066283694211211,0.1106684373616717,35786.0,31315.7,1.1103376261747302,0.102537681959925,0.135054554908325,2.850000000000039,0.1481964960419191,-242.7504337991464,-0.0610489109010359,True,False,BUY,NSE_AXISBANK-EQ,1356.9,1362.0,5.099999999999909,1
1781766900,2187.6,2187.9,2185.1,2187.8,15109,2195.2654352802124,2195.4099242729944,-0.144488992782044,-0.0065814129372623,0.0137142857142835,-0.0319853781128531,0.0,16977.4,34366.05,0.4396490140705725,0.0542803587038287,0.1326320451196821,2.371428571428688,-0.3289687028564003,-178.32243053927525,0.1844797100743562,False,True,SELL,NSE_TCS-EQ,2187.8,2193.7,-5.899999999999636,0
1781776200,2205.1,2206.7,2202.5,2202.5,199583,2195.435163758937,2195.1753569011644,0.2598068577731283,0.0118353577975604,-0.1179084848759615,-0.0680580762250415,0.506525508807143,210116.6,74372.05,2.6835753485348324,0.2707133223533974,0.1419571935213942,3.721428571428565,0.3102818636925804,-614.7237787108486,-0.050475005919452,True,False,BUY,NSE_TCS-EQ,2202.5,2076.8,-125.69999999999982,0
1781840700,2105.0,2112.1,2059.9,2071.9,1739000,2189.617735292441,2194.2127242414854,-4.594988949043909,-0.2094140143423124,-5.950975941897408,-6.040542379030423,-6.070359960105176,499363.4,169124.0,10.282396348241528,2.657182030712133,1.3436839563604934,13.792857142857136,-5.167832259713123,-902.1371400280292,0.5728433106692137,False,True,SELL,NSE_TCS-EQ,2071.9,2077.9,-6.0,0
1781846100,780.8,781.35,780.25,780.4,226712,787.4936078170068,787.6302075105457,-0.1365996935388693,-0.0173431252682167,-0.0576295063072329,-0.1279754287176859,-0.1790739319519008,266973.2,611606.7,0.3706826625673002,0.0432555591009009,0.4066933820639924,1.0142857142857014,-0.3125897335352192,-177.61785470456311,0.1759900399963498,False,True,SELL,NSE_HDFCBANK-EQ,780.4,778.45,1.949999999999932,1
1781848500,1352.0,1353.6,1352.0,1353.1,8740,1355.0923205227375,1355.1565434581016,-0.0642229353641141,-0.0047391525115046,0.0813609467455567,-0.0590885589777823,0.0517598343685143,18366.6,29270.35,0.2985956778788091,0.0849940868621183,0.0632408503260874,1.6071428571428734,-0.0875770970819758,-374.9956780293913,0.0233541617178616,False,True,SELL,NSE_AXISBANK-EQ,1353.1,1353.5,-0.4000000000000909,0
1781860800,1318.4,1318.4,1311.4,1311.5,319592,1324.021258388805,1324.2801898538578,-0.258931465052683,-0.0195526193804392,-0.508268851464122,-0.4100539144961668,-0.3116448768622604,359078.8,362218.95,0.8823171730799838,0.3736001175897378,0.3958545654553476,6.757142857142867,-0.5516170460170997,-188.46744831073957,0.2926855809644166,False,True,SELL,NSE_RELIANCE-EQ,1311.5,1339.9,-28.40000000000009,0
1781861400,1354.4,1359.5,1353.5,1359.4,343234,1355.00831457062,1354.8381626789776,0.1701518916422628,0.0125588351678708,0.354348147054484,0.147340503904525,0.0662495399337492,130696.0,72418.3,4.739603111368259,0.1982935439910567,0.1081339760665433,2.071428571428588,0.1928065709848851,-851.0673140367096,-0.0226546793426223,True,False,BUY,NSE_AXISBANK-EQ,1359.4,1361.0,1.599999999999909,1
1782101400,1339.7,1340.0,1337.3,1337.8,202202,1324.6377381681248,1324.1740107019325,0.4637274661924948,0.0350201304696108,-0.1567281140383736,-0.231188008054306,1.9820094526604717,586220.2,989194.2,0.2044108224653966,0.628267911206055,0.5515504674491819,6.264285714285701,0.5782465109818986,-504.9348010588738,-0.1145190447894037,True,False,BUY,NSE_RELIANCE-EQ,1337.8,1336.3,-1.5,0
1782107700,786.9,787.5,786.4,787.25,153025,784.8343269917647,784.7430212987545,0.0913056930102129,0.0116351073577056,0.0444783326979392,-0.0888381242464708,-0.0317460317460271,260517.6,316050.25,0.4841793354063159,0.0622852258575979,0.0996418939455252,1.1821428571428458,0.1060736367343224,-718.2695080368655,-0.0147679437241095,True,False,BUY,NSE_HDFCBANK-EQ,787.25,785.4,-1.8500000000000227,0
1782120000,402.9,402.9,402.5,402.55,65165,401.33627777220136,401.3163011206829,0.0199766515185046,0.0049777822288104,-0.0744694054859107,0.0124223602484541,0.1119124595871712,75433.2,73864.45,0.882224128115758,0.051642433141849,0.0542395444982175,0.4714285714285649,0.0535128997793208,-159.56734147225848,-0.0335362482608161,True,False,BUY,NSE_KOTAKBANK-EQ,402.55,402.75,0.1999999999999886,1
1782195600,1325.0,1326.0,1324.1,1324.5,162956,1327.7994996721193,1327.813202619576,-0.0137029474567498,-0.0010319936139899,-0.0377358490566082,-0.2785725041409503,-0.1733494121193834,130215.4,105119.2,1.55020205633224,0.1258675482204086,0.0885894873335846,1.8857142857143248,-0.1458158386597006,-110.37215016034996,0.1321128912029507,False,True,SELL,NSE_RELIANCE-EQ,1324.5,1319.8,4.7000000000000455,1
1782197100,780.9,781.5,780.15,781.3,1335246,785.4439493398736,785.5178758897921,-0.0739265499184966,-0.0094111861979915,0.0384122919334206,0.1795101936145737,-0.1916198262646884,560498.6,377047.4,3.541321329891149,0.1467239906907413,0.1123578362531136,1.2535714285714172,-0.1826582616272389,-167.98987044048604,0.1087317117087423,False,True,SELL,NSE_HDFCBANK-EQ,781.3,779.35,1.949999999999932,1
1782199800,1030.35,1030.7,1029.35,1030.0,107609,1034.4202025557709,1034.434197446982,-0.0139948912110412,-0.0013529029923393,-0.0339690396467085,-0.048520135856378,-0.0339690396467085,84495.0,101655.8,1.058562325022281,0.0215264112603203,0.0861137292682602,1.5071428571428345,-0.1953800763571962,-107.71556464204316,0.1813851851461549,False,True,SELL,NSE_SBIN-EQ,1030.0,1025.45,4.5499999999999545,1
1782203700,4189.2,4189.2,4182.0,4186.5,9846,4198.700688219353,4199.065016160924,-0.3643279415709912,-0.0086764062992309,-0.0525222622770771,0.0525774920536292,0.1076040172166337,19190.6,16537.15,0.5953867504376509,0.0948434981428238,0.0964888806831606,7.2785714285714675,-0.5365531141296742,-311.541632479336,0.1722251725586829,False,True,SELL,NSE_LT-EQ,4186.5,4179.8,6.699999999999818,1
1782207300,1341.7,1342.5,1341.1,1341.4,565604,1351.9167733384857,1351.9921681185997,-0.0753947801140384,-0.005576569294699,-0.0298107020420212,-0.4453020632328885,-0.5781203676252566,341615.6,163020.45,3.469527902787656,0.1381345909726392,0.0999955835454361,1.935714285714312,-0.4645045701131494,-119.3762228686692,0.3891097899991109,False,True,SELL,NSE_ICICIBANK-EQ,1341.4,1360.8,-19.399999999999864,0
1782274500,1363.6,1364.8,1361.4,1361.8,154914,1352.3400017242416,1351.942575247088,0.3974264771534308,0.0293966980868839,-0.1246791345801301,-0.051376146788995,0.7695722953973583,300137.6,335533.6,0.4616944472923129,0.1703943357885237,0.3160949719769852,5.221428571428548,0.4150591439674826,-2353.9215499535967,-0.0176326668140518,True,False,BUY,NSE_ICICIBANK-EQ,1361.8,1369.9,8.100000000000136,1
1782280800,789.4,789.55,788.3,789.1,223764,783.4825776354412,783.3743847658685,0.1081928695726901,0.0138111319027908,-0.0126710593005618,-0.0126710593005618,0.0760938490805385,522156.4,417523.75,0.5359311895431098,0.0689024437170803,0.1021312380544486,1.3785714285714252,0.2475393949288218,-177.64303365023184,-0.1393465253561316,True,False,BUY,NSE_HDFCBANK-EQ,789.1,790.0,0.8999999999999773,1
1782283800,1041.6,1044.5,1041.2,1044.4,199443,1032.0992284305769,1031.953890439286,0.145337991290944,0.0140837679510153,0.2688172043010972,0.3989425618841746,0.4858805984509828,214187.6,175433.15,1.1368603938309263,0.1757526072613103,0.1150794996645914,2.253571428571441,0.5428198739975869,-136.56468322562745,-0.3974818827066428,True,False,BUY,NSE_SBIN-EQ,1044.4,1042.4,-2.0,0
1782291900,2112.0,2117.9,2110.5,2115.2,62130,2102.108566309622,2101.9300980429684,0.1784682666534536,0.0084906851478847,0.1515151515151469,0.0425672799508003,0.3415559772296017,61788.6,55859.75,1.1122498758050297,0.1928881727944632,0.1937415767100142,5.714285714285714,0.5775110446579674,-144.72409387933715,-0.3990427780045138,True,False,BUY,NSE_TCS-EQ,2115.2,2119.6,4.400000000000091,1
1782362100,4213.1,4213.1,4208.0,4211.2,18529,4194.476062743257,4194.187394773572,0.2886679696848659,0.0068825720578097,0.0118745101764572,-0.0189933523266905,0.2809925227413412,14660.4,30300.4,0.6115100790748637,0.0499929411729285,0.1019627965019864,8.757142857142819,0.7372441549086943,-164.35204970607788,-0.4485761852238283,True,False,BUY,NSE_LT-EQ,4211.2,4227.9,16.699999999999818,1
1782362700,1326.9,1328.0,1325.6,1326.4,130722,1320.0559048021144,1320.012684408449,0.0432203936652513,0.003274240783877,-0.0150761344791083,-0.0376818147561963,0.2569916855631238,139934.4,219359.8,0.5959250509892879,0.0948606329745551,0.1748040789882254,2.935714285714328,0.2802248263199089,-118.23611194995172,-0.2370044326546576,True,False,BUY,NSE_RELIANCE-EQ,1326.4,1325.5,-0.900000000000091,0
1782378900,1315.5,1318.9,1315.0,1317.5,304447,1320.641237200039,1320.64347601135,-0.0022388113109172,-0.0001695242774892,0.1672622215464159,-0.1515725653656652,-0.1061490636136253,258970.8,142622.8,2.134630648115168,0.1706977502094794,0.0971612323613225,2.0785714285714385,-0.1389125088849141,-101.63807034612871,0.1366736975739968,False,True,SELL,NSE_RELIANCE-EQ,1317.5,1307.3,10.200000000000044,1
1782704700,2090.0,2094.7,2078.2,2081.0,160289,2110.1974641584648,2110.8946911686203,-0.6972270101555296,-0.0330299286398572,-0.7109117801421871,-0.630312291089663,-0.7251216486976353,166013.4,101522.4,1.5788535338014074,0.3257218059334,0.180906670350612,5.6142857142857725,-1.2854927477460478,-218.52245772655507,0.5882657375905183,False,True,SELL,NSE_TCS-EQ,2081.0,2081.7,-0.6999999999998181,0
1782707100,401.15,401.4,399.65,400.5,320670,406.3401568035282,406.4531546203621,-0.1129978168339107,-0.0278009447212812,-0.1246882793017434,0.137517189648717,0.3759398496240518,833904.4,789806.45,0.4060108650670047,0.231886649748303,0.5580583745267756,2.38571428571428,-0.2573501644550902,-178.2791680883835,0.1443523476211794,False,True,SELL,NSE_KOTAKBANK-EQ,400.5,400.85,-0.3500000000000227,0
1782715500,1035.0,1035.35,1032.35,1033.0,117557,1040.8534566138524,1041.067664999331,-0.2142083854787415,-0.0205758369681839,-0.1980580648277774,-0.3040100371567877,-0.4289363342811714,86167.0,88698.4,1.3253564889558325,0.1081184631716634,0.1306478255644393,1.817857142857097,-0.3455443175855635,-263.09960423055844,0.1313359321068219,False,True,SELL,NSE_SBIN-EQ,1033.0,1031.95,1.0499999999999543,1
1782716100,4189.3,4190.0,4182.9,4184.4,17589,4211.186178361792,4212.043718421463,-0.8575400596710097,-0.0203592392909062,-0.1098114108379122,-0.1812977099236778,-0.3239637922820448,20077.6,20043.45,0.8775435366665918,0.0665356703840901,0.0863922591571877,6.157142857142844,-1.1774987063445224,-368.0159041133986,0.3199586466735127,False,True,SELL,NSE_LT-EQ,4184.4,4193.4,-9.0,0
1782721200,1372.1,1374.5,1370.0,1373.8,133535,1377.5406226568753,1377.5448570631593,-0.0042344062840129,-0.0003073879055409,0.1238976750965736,0.0291247997669996,-0.2975542492198335,155955.6,83070.5,1.6074900235342269,0.1368471360376509,0.1251120708970188,2.5142857142857173,-0.1654054895921035,-102.6272741965248,0.1611710833080906,False,True,SELL,NSE_AXISBANK-EQ,1373.8,1360.6,13.200000000000044,1
1782803400,1379.6,1380.0,1378.4,1379.0,72005,1381.6039126770888,1381.6563618247978,-0.0524491477090123,-0.0037961065542911,-0.0289981151225249,0.2180232558139483,0.1088929219600798,124230.8,96937.8,0.7427958959250158,0.1937027909004629,0.1608299320414984,2.299999999999987,-0.114725667360517,-184.2197797862088,0.0622765196515047,False,True,SELL,NSE_ICICIBANK-EQ,1379.0,1374.6,4.400000000000091,1
1782887100,1307.4,1308.2,1306.7,1308.2,53532,1304.7337106590578,1304.6927588221338,0.0409518369240231,0.0031388107772587,0.0611901483861032,-0.1374045801526668,-0.061115355232999,84346.4,82735.95,0.6470222436558715,0.1138241865570047,0.1148150359052776,2.021428571428568,0.1529636661621225,-136.56027868000743,-0.1120118292380993,True,False,BUY,NSE_RELIANCE-EQ,1308.2,1308.4,0.2000000000000454,1
1782888900,1376.3,1376.5,1372.7,1375.0,57407,1366.2946061378357,1366.1612489982138,0.1333571396219213,0.0097614494423487,-0.0944561505485719,0.0218229431875993,0.1602564102564097,39245.6,30754.1,1.8666454228867049,0.0780389549059015,0.1062809161062046,2.1642857142856786,0.3839034058219113,-153.22655238273376,-0.25054626619999,True,False,BUY,NSE_AXISBANK-EQ,1375.0,1375.4,0.4000000000000909,1
1782891000,1041.0,1042.0,1040.3,1041.7,162708,1036.915921924982,1036.8894633640218,0.0264585609602363,0.0025517243539533,0.0672430355427522,0.0672430355427522,0.2502165335386497,81071.8,61915.5,2.627904159701529,0.1002270290305497,0.0935747079625505,1.80714285714287,0.2113689052823701,-114.30885927838774,-0.1849103443221338,True,False,BUY,NSE_SBIN-EQ,1041.7,1042.6,0.8999999999998636,1
1782891900,1384.2,1384.6,1383.0,1384.2,89260,1379.1462345449406,1379.0947086606286,0.0515258843120136,0.0037362107176856,0.0144508670520293,0.1809365274661578,0.2099471512343464,58485.4,166627.65,0.5356854039530654,0.0648309227184726,0.0810925018851662,1.7357142857143149,0.2230860476354337,-130.03371138955995,-0.17156016332342,True,False,BUY,NSE_ICICIBANK-EQ,1384.2,1377.0,-7.2000000000000455,0
1782897000,398.65,399.5,398.25,399.4,185346,397.5323298363806,397.46970471174114,0.0626251246394531,0.0157559491697288,0.1881349554747169,0.0626330953275688,-0.2248313764676601,170253.6,265504.6,0.6980895999542005,0.1564762233228566,0.2242640714663221,0.9857142857142904,0.0820774608552596,-421.9414056218363,-0.0194523362158065,True,False,BUY,NSE_KOTAKBANK-EQ,399.4,403.15,3.75,1
1782968700,1035.3,1036.9,1033.2,1035.1,241917,1015.0250191877316,1014.5731751617188,0.4518440260127363,0.0445353806974754,-0.0386286817962377,-0.3273952816562397,0.2615265401007205,287880.8,490892.0,0.4928110460141945,0.2106599555590036,0.850205333825468,3.728571428571432,0.8840836111155568,-204.535549631636,-0.4322395851028204,True,False,BUY,NSE_INFY-EQ,1035.1,1038.6,3.5,1
1782971400,1363.9,1364.0,1361.0,1362.8,25037,1367.654886227476,1367.7891266683991,-0.1342404409231221,-0.0098144105919381,-0.0806510741256816,-0.0586682311528252,-0.2999487892311192,25305.0,34098.6,0.7342530191855384,0.0661104127857679,0.096848810516413,2.057142857142854,-0.2135948935733722,-269.1656062638082,0.0793544526502501,False,True,SELL,NSE_AXISBANK-EQ,1362.8,1367.2,-4.400000000000091,0
1782971400,1304.0,1305.0,1302.7,1304.0,489233,1305.9637374863723,1305.9839592563285,-0.0202217699561515,-0.0015483934402736,-0.0230008433642514,0.0076692997929228,0.2228883252632485,249825.8,233404.85,2.0960704115617133,0.0714234781700498,0.1038641331653248,2.0785714285713897,-0.0866826780222709,-130.42656283906578,0.0664609080661193,False,True,SELL,NSE_RELIANCE-EQ,1304.0,1304.0,0.0,0
1782976800,2063.2,2063.5,2061.5,2062.7,41574,2047.7766987678435,2047.3215651397347,0.455133628108797,0.0222306859781322,-0.0145419292292836,0.1651046472102013,0.2673536846198754,43160.0,51390.9,0.8089759081860796,0.1212888687528022,0.0990473669461944,3.642857142857241,0.656206361911245,-326.35273291502625,-0.201072733802448,True,False,BUY,NSE_TCS-EQ,2062.7,2070.7,8.0,1
1782980400,795.6,795.7,795.15,795.5,292638,798.0345252552647,798.0866185759443,-0.0520933206795461,-0.0065272765470618,-0.0125691302161889,-0.0753674161537487,-0.2882928052143296,356678.8,353455.5,0.8279344924608614,0.0618654649264561,0.0758808991057902,0.9035714285714268,-0.1116597755124075,-187.4541230055,0.0595664548328613,False,True,SELL,NSE_HDFCBANK-EQ,795.5,796.45,-0.9500000000000456,0
1783051800,802.85,803.35,802.15,802.4,223546,798.0506429046162,797.9593176382612,0.0913252663550565,0.0114448524299903,-0.0249190132070808,-0.0560503207323925,0.9371658594880206,478110.0,674217.5,0.3315636274644309,0.132194850163124,0.1569051262496598,1.967857142857156,0.1915968728339976,-191.0778928970651,-0.100271606478941,True,False,BUY,NSE_HDFCBANK-EQ,802.4,803.6,1.2000000000000457,1
1783056300,397.0,397.2,396.8,397.0,108306,398.478653487548,398.5416281976334,-0.0629747100853705,-0.0158012879031401,-0.0125928724342028,-0.1509054325955827,-0.3138731952291307,181371.0,149332.3,0.7252684114555258,0.0846232448600668,0.0886732812552949,0.6607142857142817,-0.0648690089620345,-3424.4336921255112,0.0018942988766639,False,True,SELL,NSE_KOTAKBANK-EQ,397.0,397.5,-0.5,0
1783064100,1037.4,1038.8,1036.1,1037.5,214380,1044.3986850504075,1044.6411421459936,-0.2424570955861327,-0.0232096062278435,0.0096394833236868,-0.3266404073398066,-0.5559283044186625,198992.8,127236.05,1.6848998377425266,0.1107184796415302,0.0774428761964852,1.6999999999999804,-0.3030790889979471,-499.9490645896199,0.0606219934118144,False,True,SELL,NSE_SBIN-EQ,1037.5,1036.0,1.5,1
1783314900,1308.6,1310.4,1308.0,1310.0,107635,1305.1067971748296,1304.9603885213526,0.1464086534770103,0.0112193944555593,0.11463507833398,-0.0534065766384372,0.4524192929990178,111272.0,105782.55,1.0175118675055574,0.1338330436168162,0.1098341232339683,1.9142857142857272,0.215187314507375,-312.8692988256537,-0.0687786610303646,True,False,BUY,NSE_RELIANCE-EQ,1310.0,1322.8,12.799999999999956,1
1783317900,2060.9,2064.5,2060.8,2064.4,11535,2071.843252522115,2072.030108937263,-0.1868564151477585,-0.009018035710089,0.1649684619116964,0.0630119722747402,0.1795506381326861,12962.8,28975.0,0.3981018119068162,0.0895410060681962,0.1334419344389977,4.021428571428552,-0.3276315702446482,-232.73394372689776,0.1407751550968896,False,True,SELL,NSE_TCS-EQ,2064.4,2060.9,3.5,1
1783323300,1045.3,1045.5,1044.2,1045.0,122442,1043.196289213942,1043.1639402873664,0.0323489265756506,0.0031010395707063,-0.0191350937619683,-0.0095684623480973,-0.0764964620386221,159712.4,157332.0,0.7782396460986958,0.1354533903416539,0.1380420235997865,2.185714285714263,0.0795030734191186,-168.6025063353083,-0.0471541468434679,True,False,BUY,NSE_SBIN-EQ,1045.0,1040.5,-4.5,0
1783327200,1040.2,1041.2,1040.2,1040.8,75705,1043.144195521824,1043.1797256767354,-0.0355301549113846,-0.0034059476077658,0.0288322921672135,-0.1439125011992725,-0.2300613496932557,140766.2,131912.0,0.5739053308266117,0.1184212898274226,0.0912669053128368,1.385714285714276,-0.1033810169126354,-152.36507520085698,0.0678508620012507,False,True,SELL,NSE_SBIN-EQ,1040.8,1037.6,3.200000000000045,1
1783327500,1033.2,1034.2,1033.2,1033.8,28622,1036.197880507478,1036.2506157269045,-0.0527352194264949,-0.0050890410703884,0.0290275761973823,-0.0580046403712453,-0.2701138336870468,42215.2,29232.9,0.9791023128050927,0.0624830658974567,0.077401875796157,1.5999999999999903,-0.1056108277659859,-199.73449210816705,0.052875608339491,False,True,SELL,NSE_INFY-EQ,1033.8,1043.6,-9.799999999999956,0
1783330500,1040.6,1042.7,1040.3,1042.1,155659,1036.455145252928,1036.2722570901333,0.1828881627945975,0.017648659562512,0.1345248390506315,0.3949903660886322,0.793113453912353,117181.8,54688.15,2.8463021696656403,0.1553416343281407,0.125018849652065,1.7928571428571527,0.2481249887721333,-380.3449739531701,-0.0652368259775357,True,False,BUY,NSE_INFY-EQ,1042.1,1068.4,26.300000000000185,1
1783398900,2097.5,2104.9,2093.0,2102.3,108276,2069.800958637094,2068.9727982218456,0.8281604152484761,0.0400276125408815,0.2049571020019236,0.7813998082454532,1.19374247894104,113631.0,97518.4,1.110313540829218,0.1576544756009768,0.199357394171267,9.02857142857137,1.4304153420616783,-237.5099444400795,-0.6022549268132025,True,False,BUY,NSE_TCS-EQ,2102.3,2109.2,6.899999999999636,1
1783482300,1297.0,1302.3,1288.6,1292.0,1380185,1311.925692271189,1312.7071215194062,-0.7814292482171368,-0.0595280725919018,-0.9885815004981312,-1.1098354381936515,-1.584399756246191,680167.2,337669.65,4.08738244612745,0.4223025966574555,0.2390056145847494,3.0571428571428862,-0.8747112213193304,-937.706603140838,0.0932819731021936,False,True,SELL,NSE_RELIANCE-EQ,1292.0,1292.8,-0.7999999999999545,0
1783489500,1413.0,1413.0,1409.2,1410.0,201570,1415.3907959444475,1415.5010397599897,-0.1102438155419349,-0.007788324589336,-0.2052516101635038,-0.3463142271538655,-0.4518497599548254,126015.8,99216.65,2.0316146533873094,0.0689024791924466,0.0955442548576981,2.2357142857142827,-0.2374988774656685,-186.63216525563925,0.1272550619237336,False,True,SELL,NSE_ICICIBANK-EQ,1410.0,1400.2,9.799999999999956,1
1783499100,2072.8,2074.1,2070.0,2070.4,42508,2083.1409744411294,2083.565213172727,-0.4242387315975975,-0.0203611928686212,-0.1157854110382161,-0.5189313857389855,-0.4663237344358362,34767.0,25686.85,1.65485452673255,0.1218059142323605,0.0917749506268173,3.442857142857195,-0.5599455586961994,-412.6141408415318,0.1357068270986019,False,True,SELL,NSE_TCS-EQ,2070.4,2051.3,19.09999999999991,1
1783500600,814.15,814.9,812.45,813.05,649449,823.8047783514157,823.807776002383,-0.0029976509672451,-0.0003638774790147,-0.1351102376711987,-0.0061493051285332,-1.0406523855891026,696458.0,511502.7,1.2696883124957112,0.196661528990305,0.1871425160521424,2.4892857142856832,-0.4756394868522875,-100.63423309991845,0.4726418358850424,False,True,SELL,NSE_HDFCBANK-EQ,813.05,810.1,2.949999999999932,1
1783571700,1049.8,1052.9,1048.0,1052.5,253568,1060.859271431996,1061.1710936238132,-0.3118221918173276,-0.0293847235088622,0.2380952380952372,0.515710056346097,0.3432167032128896,169516.2,272386.2,0.930913533798702,0.2214920528944173,0.5793742192438875,5.628571428571457,-0.3670953213422763,-664.1478861380198,0.0552731295249486,False,True,SELL,NSE_INFY-EQ,1052.5,1047.9,4.599999999999909,1
1783656300,1066.2,1069.3,1064.7,1068.1,326162,1059.362430494254,1058.9975846531192,0.3648458411346382,0.0344519993644882,0.1782029637966475,-0.7249744400037339,1.6173532489772713,502717.8,289083.45,1.128262444633202,1.5784404042962334,0.7574251750091197,6.8642857142857565,0.3833811939816769,-2068.3781805800827,-0.0185353528470386,True,False,BUY,NSE_INFY-EQ,1068.1,1068.0,-0.099999999999909,0
1783657800,2085.9,2096.2,2084.0,2092.8,132857,2066.514490185371,2066.122597604676,0.39189258069473,0.0189675376063871,0.3356026464665929,0.3837298541826461,0.649256961477418,134724.2,202839.9,0.6549845469259253,0.2934142381475618,0.8079651499976224,16.000000000000064,1.159268032919499,-151.06920993609555,-0.7673754522247691,True,False,BUY,NSE_TCS-EQ,2092.8,2072.0,-20.800000000000185,0
1783657800,822.5,823.05,822.0,822.15,293498,821.1208253218258,821.0877598197345,0.03306550209129,0.0040270362937269,-0.0303988326848303,-0.1942336874051653,-0.2729257641921445,380527.0,656541.85,0.4470362399594176,0.0299416279060447,0.2081369448529246,1.8857142857143083,0.0452407002557038,-371.5808124416016,-0.0121751981644138,True,False,BUY,NSE_HDFCBANK-EQ,822.15,826.35,4.2000000000000455,1
1783660500,380.15,380.65,379.85,380.45,130290,377.601677353928,377.57553962265007,0.02613773127797,0.006922517095279,0.1184210526315787,0.2503293807641693,0.1975243613379085,132327.0,291390.6,0.4471317880535611,0.0606338486410671,0.1874315587828615,0.6821428571428579,0.1257565889928855,-126.237734378334,-0.0996188577149155,True,False,BUY,NSE_KOTAKBANK-EQ,380.45,380.0,-0.4499999999999886,0
1783660800,1302.0,1302.0,1300.4,1301.0,33995,1295.3536701329808,1295.3504226337575,0.0032474992231072,0.0002507043010419,-0.0691297334664775,-0.0537758316048297,0.0230645037287535,42114.6,183231.5,0.1855303263903859,0.0550461648644782,0.2360577578713995,1.5571428571428865,0.2496998161063857,-101.3176988003912,-0.2464523168832784,True,False,BUY,NSE_RELIANCE-EQ,1301.0,1301.4,0.4000000000000909,1
1783665300,1402.0,1402.9,1400.7,1401.8,54864,1399.2724774931671,1399.2647285926855,0.0077489004813742,0.0005537837353456,0.0,0.0571020699500435,0.0571020699500435,75981.8,55266.4,0.9927189033481464,0.050305296790954,0.0584578303091027,1.728571428571448,0.1117226986173136,-107.45274349912948,-0.1039737981359394,True,False,BUY,NSE_ICICIBANK-EQ,1401.8,1399.1,-2.700000000000045,0
1783669500,1040.8,1041.1,1038.2,1038.6,132331,1030.4343183441213,1030.2558233542077,0.1784949899138155,0.0173253075466915,-0.220962628494592,-0.469573550551039,0.1060240963855374,252226.6,158945.15,0.8325576464585425,0.3251987597431559,0.2501138093361443,3.5642857142857127,0.3596535872532058,-198.52968202188896,-0.1811585973393903,True,False,BUY,NSE_SBIN-EQ,1038.6,1034.0,-4.599999999999909,0
1783915500,1392.2,1394.5,1390.4,1393.5,152573,1399.6123030545332,1399.7979689869312,-0.1856659323980238,-0.0132637663799723,0.0790002872737671,0.1797268152408326,-0.4571755125366117,135924.2,153691.5,0.9927224342270068,0.4689522667169254,0.2322093993551623,3.642857142857175,-0.268776051631221,-323.3975045530465,0.0831101192331971,False,True,SELL,NSE_ICICIBANK-EQ,1393.5,1401.3,-7.799999999999954,0
1783915500,813.15,813.35,811.5,813.0,355934,822.272535168739,822.2863507402545,-0.0138155715155789,-0.0016801411701825,0.0,0.0800147719578925,-1.263055623026477,497043.2,501521.6,0.7097082159571991,0.6113081780768461,0.3169233477740199,2.3142857142857047,-0.4099916059331008,-103.48723050244352,0.3961760344175218,False,True,SELL,NSE_HDFCBANK-EQ,813.0,819.2,-6.2000000000000455,0
1783916400,1329.8,1329.9,1327.0,1327.6,43872,1321.482923959666,1321.3002792787609,0.1826446809050139,0.0138231016650289,-0.1278868577446856,0.1206636500754143,0.7666034155597634,65650.6,86229.05,0.5087844525713782,0.191193719565994,0.178863722040318,3.4571428571428475,0.2690125409537813,-311.4729724713384,-0.0863678600487674,True,False,BUY,NSE_AXISBANK-EQ,1327.6,1320.2,-7.399999999999864,0
1783916400,377.3,377.3,376.7,376.8,58058,378.0667973693559,378.1074430716941,-0.0406457023381676,-0.0107497757801241,-0.0795544948289594,0.0,0.1328727079457969,281450.4,393335.65,0.1476042153819517,0.0639005148526248,0.1749032163880869,0.9392857142857168,-0.0556866291867663,-370.2340271135249,0.0150409268485987,False,True,SELL,NSE_KOTAKBANK-EQ,376.8,377.0,-0.1999999999999886,0
1783918800,1404.5,1405.1,1402.8,1404.3,217262,1399.8693971558555,1399.8000541890056,0.0693429668499447,0.0049537765513318,0.0,0.1926369863013644,0.4147300679299137,133105.6,162876.2,1.3339088215466717,0.1050287810570207,0.2459299563015089,3.228571428571416,0.1953749526953743,-155.02013348816837,-0.1260319858454295,True,False,BUY,NSE_ICICIBANK-EQ,1404.3,1398.9,-5.399999999999864,0
1783923600,1398.6,1399.7,1398.0,1398.4,60871,1399.8122495277828,1399.8157163515184,-0.0034668237356072,-0.0002476628669838,-0.014300014300006,-0.0428877769835578,-0.1071505107507642,60377.4,103213.6,0.5897575513304448,0.0716528998494245,0.1034034235808418,2.29285714285712,-0.062432146451556,-105.8794280704743,0.0589653227159487,False,True,SELL,NSE_ICICIBANK-EQ,1398.4,1405.9,-7.5,0
1783923900,1317.1,1317.7,1314.1,1315.1,51204,1321.3341479555245,1321.4901006776297,-0.1559527221052121,-0.0118012781196955,-0.1897389192471177,-0.1063425750094992,-0.4842981460461693,38198.0,30049.85,1.7039685722224904,0.109955320396948,0.1009656335874202,2.421428571428578,-0.274414725268798,-231.64788534755297,0.1184620031635859,False,True,SELL,NSE_AXISBANK-EQ,1315.1,1320.6,-5.5,0
1783925100,1401.1,1404.6,1400.1,1404.1,124779,1399.913887169842,1399.8284374191248,0.085449750717089,0.0061043016724701,0.1855155190866764,0.3860727818688625,0.3932503932503994,89460.4,82793.0,1.5071201671638907,0.117362872754133,0.097189911066799,2.4499999999999966,0.1844262440299644,-186.3333786204904,-0.0989764933128753,True,False,BUY,NSE_ICICIBANK-EQ,1404.1,1406.1,2.0,1
1783925400,378.9,379.7,378.8,379.65,275837,378.1143641507764,378.0668906860662,0.0474734647102081,0.0125568955864026,0.1979414093428388,0.3568596352101494,0.1979414093428388,113998.4,157742.95,1.7486486717789922,0.095001057050623,0.1098533746150347,0.6321428571428507,0.0675194998199231,-336.82221671457165,-0.0200460351097149,True,False,BUY,NSE_KOTAKBANK-EQ,379.65,379.8,0.1500000000000341,1
1783933200,1296.9,1298.3,1296.6,1296.9,190984,1298.8377194134823,1298.904957308986,-0.0672378955036947,-0.0051765061889512,-0.0077101002312951,-0.0847457627118575,-0.1078333204960202,124462.6,93830.3,2.035419262221265,0.0334114533735155,0.0580208278977148,1.72142857142863,-0.0851368515407102,-475.65260993236126,0.0178989560370155,False,True,SELL,NSE_RELIANCE-EQ,1296.9,1295.4,1.5,1
1784003100,1021.0,1021.5,1020.1,1021.2,124985,1033.0417329749275,1033.5217299498263,-0.4799969748989952,-0.0464428527228253,0.0195886385896182,-0.3901677721420249,-0.6711409395973034,159881.4,152839.05,0.8177556717344161,0.1031055941675559,0.2199788101535981,2.428571428571445,-0.5197051547854699,-1308.8113236902373,0.0397081798864746,False,True,SELL,NSE_SBIN-EQ,1021.2,1022.3,-1.099999999999909,0
1784004600,1393.2,1394.0,1392.4,1393.2,104083,1401.0351517664126,1401.1786386351164,-0.1434868687038033,-0.010240440779455,-0.0071772051962848,-0.1433486238532122,-0.0143533802210438,150564.2,211826.5,0.4913596740728851,0.0853989561468405,0.1705980519092658,3.392857142857143,-0.3453290252703027,-171.08865221449904,0.2018421565664994,False,True,SELL,NSE_ICICIBANK-EQ,1393.2,1410.8,-17.59999999999991,0
1784006400,1304.5,1305.9,1303.4,1305.5,173806,1298.7937805858014,1298.735061446961,0.058719138840388,0.0045212561501933,0.0843299601349212,0.4926487568316595,0.5468268638324059,146862.4,174818.85,0.9942062883951016,0.0857741496294072,0.1211454477690683,2.5928571428571883,0.2961106934019426,-124.73514230480444,-0.2373915545615545,True,False,BUY,NSE_RELIANCE-EQ,1305.5,1300.8,-4.7000000000000455,0
1784007300,1405.5,1409.0,1405.4,1409.0,155753,1401.4488106096933,1401.2157842215342,0.2330263881590326,0.0166302999711421,0.2490217004624595,0.4061854200812398,0.8878705427466826,175693.2,144791.7,1.075703925017801,0.1285574438815149,0.1377945843557727,2.5142857142857173,0.3320174425721234,-335.4014608093889,-0.0989910544130907,True,False,BUY,NSE_ICICIBANK-EQ,1409.0,1406.7,-2.2999999999999545,0
1784012700,377.75,377.9,377.3,377.3,49988,379.0075195879568,379.0512857678354,-0.0437661798785598,-0.0115462422953937,-0.0926784059314123,-0.1851851851851771,-0.3038710529792543,138479.8,115607.1,0.4323955881602427,0.0506976907898385,0.0754096039978466,0.6571428571428523,-0.075152764873053,-239.44231233260516,0.0313865849944932,False,True,SELL,NSE_KOTAKBANK-EQ,377.3,376.55,0.75,1
1784018400,1293.1,1294.0,1291.6,1291.6,172572,1299.1426283002927,1299.2137549145048,-0.0711266142120621,-0.0054745890691976,-0.1082753286929638,-0.324124093224265,-0.5160594623738746,123493.0,110972.35,1.5550900742392135,0.0595160282196611,0.0992588440914944,2.085714285714338,-0.3329993031222784,-127.1607606383299,0.2618726889102163,False,True,SELL,NSE_RELIANCE-EQ,1291.6,1293.7,-2.1000000000001364,0
1784087400,1336.5,1341.7,1334.8,1339.4,716056,1316.6800333018248,1316.6318697232675,0.0481635785572507,0.0036580899843609,0.2169846614291204,1.5774306082208644,1.454325102257248,515279.0,248761.25,2.8784869026023947,0.5931255380131342,0.324466308989922,4.985714285714266,1.0044588951020614,-105.03647541967167,-0.9562953165448108,True,False,BUY,NSE_AXISBANK-EQ,1339.4,1338.2,-1.2000000000000457,0
1784088600,381.25,381.35,380.45,380.65,209492,378.8318611676871,378.81236039030944,0.0195007773776865,0.005147872513345,-0.1311819493637678,-0.2228047182175729,0.6877397169686494,125673.2,338377.65,0.6191070834613338,0.1897927396995934,0.1869251930180069,1.0214285714285682,0.0802491678288674,-132.10089556752598,-0.0607483904511809,True,False,BUY,NSE_KOTAKBANK-EQ,380.65,380.5,-0.1499999999999772,0
1784090700,1303.9,1306.7,1303.5,1305.8,128819,1298.9763683249714,1298.815109815137,0.161258509834397,0.0124158172026,0.1533977603926928,0.3689469638739506,0.2610565110565011,88975.0,310055.05,0.4154713816143294,0.1270111877614282,0.1753891065038159,3.235714285714298,0.3004419530368523,-215.86041135642236,-0.1391834432024552,True,False,BUY,NSE_RELIANCE-EQ,1305.8,1302.7,-3.099999999999909,0
1784092800,1080.0,1080.0,1077.0,1077.1,73341,1085.6706962999606,1085.833801908437,-0.1631056084763713,-0.0150212314434953,-0.2315672471285612,0.0557361820715307,-0.6456968914306804,131222.2,195964.05,0.3742574211953672,0.2395004591628027,0.4032074757509372,3.3642857142857565,-0.3776959855972563,-176.00788565858628,0.214590377120885,False,True,SELL,NSE_INFY-EQ,1077.1,1079.1,-2.0,0
1784098500,819.3,819.7,818.5,818.55,234475,816.8323810400153,816.8021709478782,0.0302100921371675,0.003698581273616,-0.0854440036618942,-0.0549450549450658,0.0855902671639041,208162.6,187293.55,1.25191177165471,0.048640772569457,0.0865098666198172,0.9321428571428702,0.0757133588003853,-166.39104036367482,-0.0455032666632178,True,False,BUY,NSE_HDFCBANK-EQ,818.55,812.95,-5.599999999999909,0
1784099100,1034.8,1035.2,1031.9,1031.9,355805,1028.1022193407882,1028.098758826517,0.0034605142711825,0.0003365935656932,-0.2995169082125493,0.1164257300863447,0.6731707317073177,383812.4,194075.7,1.8333310146504689,0.2427688613889941,0.1704298384241352,2.878571428571425,0.1679399894517246,-102.10391859980344,-0.164479475180542,True,False,BUY,NSE_SBIN-EQ,1031.9,1023.1,-8.800000000000068,0
1784100600,812.25,813.75,811.1,813.0,398617,816.7004306752335,816.789816453778,-0.0893857785445106,-0.0109435471334098,0.0923361034164349,-0.6901606303059915,-0.6780282206340416,364844.4,248702.65,1.602785495048002,0.2820267930478957,0.159681751263764,1.4821428571428814,-0.1629123121323346,-221.5694174372353,0.0735265335878239,False,True,SELL,NSE_HDFCBANK-EQ,813.0,814.2,-1.2000000000000457,0
1784101200,376.6,377.4,376.3,376.9,331088,378.93420284653394,378.9986582389822,-0.0644553924482806,-0.0170067600628911,0.1062416998671933,-0.0662866233594017,-0.5147155866437991,148285.6,70087.3,4.723937146958151,0.2085062891514924,0.1208005076028846,0.825000000000009,-0.0894275241914783,-358.10929203446204,0.0249721317431976,False,True,SELL,NSE_KOTAKBANK-EQ,376.9,378.15,-1.25,0
1784101200,1024.8,1025.9,1024.1,1024.8,219970,1028.0084329091485,1028.0925557093776,-0.0841228002293519,-0.0081824150716963,0.0,-0.2239314575017026,-0.6784260515603768,233361.0,216068.25,1.0180579515963128,0.18213237577923,0.1983840656426708,3.2928571428571525,-0.1411963545824619,-247.39365925747356,0.05707355435311,False,True,SELL,NSE_SBIN-EQ,1024.8,1023.3,1.5,1
1784103600,1311.2,1311.9,1306.2,1306.4,185263,1320.0085441123197,1320.3635677104885,-0.3550235981686001,-0.0268883212814036,-0.3508771929824461,-0.2900320561746272,-0.5556824236888191,64553.6,72203.3,2.565852253290362,0.1798184139264309,0.186655377298796,4.014285714285718,-0.5988982586759448,-245.5762552083216,0.2438746605073447,False,True,SELL,NSE_AXISBANK-EQ,1306.4,1311.6,-5.199999999999818,0
1784106600,1298.7,1298.9,1297.5,1298.8,111149,1299.584228280412,1299.5981011040285,-0.0138728236163387,-0.0010674702898191,0.0,0.1387818041634458,0.1310615989515096,170611.4,139940.95,0.7942564345890176,0.1070442542326151,0.0874741990877235,1.9785714285714644,-0.0345684406865984,-167.0326647871472,0.0206956170702596,False,True,SELL,NSE_RELIANCE-EQ,1298.8,1301.9,-3.1000000000001364,0
1784175300,1307.9,1307.9,1303.9,1304.1,147686,1299.717267524184,1299.5415664584784,0.1757010657056525,0.0135202343842278,-0.2905420903738909,0.0537056928034296,0.1535980339451681,273254.0,214830.0,0.6874551971326165,0.3015362665332319,0.1854477591199581,3.171428571428578,0.1923639660913068,-1154.4446743312526,-0.0166629003856542,True,False,BUY,NSE_RELIANCE-EQ,1304.1,1303.5,-0.599999999999909,0
1784176500,1028.9,1030.0,1028.6,1029.5,107534,1027.7460269535345,1027.7095781243868,0.0364488291475026,0.003546607905905,0.0583147050247756,0.0874975695119628,0.0972289742343202,87613.0,157802.4,0.6814471769757621,0.0890127945526431,0.1148258959641374,1.7285714285714644,0.0772688088866289,-189.2916394874304,-0.0408199797391262,True,False,BUY,NSE_SBIN-EQ,1029.5,1032.3,2.7999999999999545,1
1784176500,379.55,379.85,379.4,379.7,45773,378.8678977420616,378.86638282863737,0.0015149134242733,0.0003998542739429,0.0658848333113804,-0.0263296471827323,0.1186552406064578,44094.6,161016.35,0.2842754788566503,0.0627425178989602,0.088146569123494,0.6964285714285795,0.0367896693670672,-104.29461064657718,-0.0352747559427939,True,False,BUY,NSE_KOTAKBANK-EQ,379.7,379.75,0.0500000000000113,1
1784177700,1089.8,1092.0,1089.6,1090.4,73164,1084.0601041029786,1083.866882604225,0.1932214987534735,0.0178270507065606,0.055055973573137,0.0917936478795677,0.2021687189854848,82837.0,153111.45,0.477847998957622,0.212571533114851,0.3734086400829729,4.035714285714286,0.2787785852392517,-325.8392690657973,-0.0855570864857782,True,False,BUY,NSE_INFY-EQ,1090.4,1088.3,-2.1000000000001364,0
1784188800,378.55,378.55,377.9,378.4,120668,378.9692667812108,378.969902578294,-0.0006357970831913,-0.0001677698093874,0.0,-0.0264200792602475,-0.1055966209081438,92738.0,115019.55,1.0491086080583691,0.0644512751701597,0.115441270842877,0.5250000000000016,-0.0251723122408407,-102.59122813124168,0.0245365151576493,False,True,SELL,NSE_KOTAKBANK-EQ,378.4,378.55,-0.1500000000000341,0
1784263200,381.0,381.05,380.6,380.7,123807,378.8957431311188,378.86638687767015,0.0293562534486113,0.0077484449572165,-0.0918514630625977,-0.013131976362446,0.4352987732489044,198010.4,260379.95,0.4754859197107918,0.1449603592275277,0.1731526978596448,1.0892857142857142,0.0795523742028194,-158.48311185710568,-0.050196120754208,True,False,BUY,NSE_KOTAKBANK-EQ,380.7,383.8,3.1000000000000227,1
1784264100,1327.6,1331.7,1327.1,1327.6,402503,1312.7876980086455,1312.765796318373,0.0219016902724433,0.0016683623487042,0.0075329566854964,0.5909986361569919,0.8125142379831196,149009.0,163963.7,2.454829941017432,0.1975781991747825,0.2224722610843097,4.064285714285769,0.6549376678549379,-103.4597860229183,-0.6330359775824945,True,False,BUY,NSE_AXISBANK-EQ,1327.6,1322.7,-4.899999999999864,0
1784265600,818.1,819.0,817.9,818.75,200110,814.1576334270138,814.1031724459859,0.0544609810278871,0.006689690308448,0.0794523896834098,0.1100446292107371,0.3062787136294043,173476.8,244632.65,0.8180020124051307,0.080441295021474,0.1628055229612296,1.5964285714285649,0.2026545327992153,-136.7498992884142,-0.1481935517713282,True,False,BUY,NSE_HDFCBANK-EQ,818.75,819.3,0.5499999999999545,1
1784519700,782.55,782.7,777.5,778.8,2338899,813.5053225810027,814.9908341111185,-1.4855115301157866,-0.182273403324343,-0.4792026068621835,-5.116959064327487,-4.920034183860345,1943314.2,712350.4,3.2833546524294785,2.052836012989216,1.0482710682501577,4.4178571428571445,-1.5224712689199578,-4119.269557035228,0.0369597388041711,False,True,SELL,NSE_HDFCBANK-EQ,778.8,784.5,-5.7000000000000455,0
1784519700,1266.7,1269.2,1261.8,1262.1,837328,1315.3734038659463,1315.7467313664347,-0.373327500488358,-0.0283738117365983,-0.3867403314917195,-5.062434180833475,-5.012418153081965,1195362.4,529029.55,1.5827622483469967,1.8670271806651448,0.9938548243048771,9.207142857142864,-2.3530504927402944,-118.85756249482652,1.9797229922519364,False,True,SELL,NSE_AXISBANK-EQ,1262.1,1266.8,-4.7000000000000455,0
1784522700,3827.3,3831.9,3826.0,3831.0,10641,3812.575094028917,3812.137992617089,0.4371014118282801,0.0114660437968092,0.1019048365603181,0.3667801938695314,0.3720394047369568,10301.8,24595.1,0.432647153294762,0.058173880201979,0.0801269527689082,7.257142857142851,0.8112276294928051,-216.8326065350021,-0.374126217664525,True,False,BUY,NSE_LT-EQ,3831.0,3824.7,-6.300000000000182,0
1784530200,1085.8,1086.0,1083.2,1085.5,77001,1092.1870594957156,1092.295287128588,-0.1082276328722855,-0.009908276099661,-0.0276293976791297,-0.3122417118192722,-0.3213957759412356,66540.2,65342.2,1.1784268053417242,0.1322242068569633,0.1030349114562415,2.114285714285724,-0.2948472465930081,-157.99370747506148,0.1866196137207225,False,True,SELL,NSE_INFY-EQ,1085.5,1089.2,-3.7000000000000455,0
1784530200,380.25,380.5,380.2,380.2,129755,381.4250591935241,381.4309268255048,-0.0058676319806068,-0.0015383209823704,-0.0394373603260223,-0.065711657247991,-0.1575630252100945,213353.6,227907.95,0.5693307319907006,0.0389976418036959,0.077281164159462,0.5357142857142857,-0.0541328767557161,-112.15705422804108,0.0482652447751092,False,True,SELL,NSE_KOTAKBANK-EQ,380.2,380.85,-0.6500000000000341,0
1784537400,382.55,383.55,382.45,383.35,797216,381.3962597415856,381.3662306343356,0.0300291072500158,0.0078740865965158,0.2091229904587654,0.2877697841726645,0.484927916120581,643717.0,393661.4,2.0251312422299974,0.090836481668353,0.0645292957498557,0.5857142857142931,0.0861581038494705,-153.50016759484987,-0.0561289965994546,True,False,BUY,NSE_KOTAKBANK-EQ,383.35,382.35,-1.0,0
1784613600,1312.4,1314.1,1312.1,1313.8,65799,1318.038258734694,1318.2044754168503,-0.1662166821565733,-0.012609324672791,0.106674794270023,-0.0684566821328114,-0.1595865947260577,144358.6,102827.75,0.6398953589862658,0.1087088792353189,0.0739035903613604,1.478571428571448,-0.1860538507332876,-937.9052762181288,0.0198371685767142,False,True,SELL,NSE_RELIANCE-EQ,1313.8,1311.1,2.700000000000045,1
1784614200,2224.7,2224.8,2223.0,2223.5,12957,2235.922981212694,2236.4250956980127,-0.5021144853185433,-0.0224516567214529,-0.0539398570593707,-0.1212829036025486,-0.094356578001431,18412.6,25925.45,0.4997791745177036,0.1022342017798619,0.1140315314402929,2.921428571428545,-0.5452268668941542,-1264.6642263033646,0.0431123815756109,False,True,SELL,NSE_TCS-EQ,2223.5,2219.6,3.900000000000091,1
1784692800,1030.0,1030.3,1028.2,1028.7,239908,1045.2105333423567,1045.633961220046,-0.4234278776891642,-0.0404948474698649,-0.1649844720496895,-0.5990916996811313,-1.3710450623202308,261275.4,199273.2,1.203915027208877,0.3957459590304455,0.2224794888953588,2.4857142857142827,-0.7266732439447878,-239.6321015280516,0.3032453662556236,False,True,SELL,NSE_SBIN-EQ,1028.7,1025.0,3.7000000000000455,1
1784700300,382.15,382.55,381.75,382.1,94249,382.984242300866,382.9981806095632,-0.0139383086972202,-0.0036392623784887,-0.0392413342053532,0.2229508196721408,0.1047943411055962,146694.4,133245.6,0.7073329250646926,0.1433027521746463,0.1391748882406372,0.8500000000000065,-0.0389913322517827,-155.63523567071357,0.0250530235545625,False,True,SELL,NSE_KOTAKBANK-EQ,382.1,380.15,1.9500000000000453,1
1784703000,1439.6,1442.0,1438.4,1441.7,48834,1449.537436907432,1449.7654208032925,-0.2279838958604614,-0.0157255713640996,0.1597888008892489,-0.1800180018001751,-0.3938095896089622,59707.8,66826.5,0.7307580076765954,0.1519016788549429,0.0939109001183806,1.9000000000000097,-0.3447200339326173,-295.29847365649704,0.1167361380721558,False,True,SELL,NSE_ICICIBANK-EQ,1441.7,1442.4,-0.7000000000000455,0
1784706300,3813.5,3814.5,3812.1,3812.3,6953,3825.763935139808,3826.256620650912,-0.4926855111043551,-0.012876436683448,-0.0209803047389156,-0.1414464206197396,-0.3580763199163561,10051.4,14168.1,0.4907503476118887,0.0934537665310977,0.0643252275738597,3.650000000000091,-0.5913456387752376,-599.3765188991956,0.0986601276708825,False,True,SELL,NSE_LT-EQ,3812.3,3817.0,-4.699999999999818,0
1784784000,384.25,384.45,384.1,384.2,49276,382.22332108661215,382.19009198791537,0.0332290986967791,0.0086943904076482,-0.0130123617436583,-0.1429499675113743,0.1303101381287419,55508.4,134573.4,0.3661644871869181,0.1087287543931473,0.1518878414413671,0.7250000000000105,0.0871457489887461,-161.63049543478394,-0.053916650291967,True,False,BUY,NSE_KOTAKBANK-EQ,384.2,383.2,-1.0,0
1784792700,2225.5,2228.6,2223.5,2227.4,15846,2221.14032619774,2221.1257207645085,0.0146054332308267,0.000657568956781,0.0853740732419616,0.1753991454913395,0.1573811772112021,18752.4,24458.05,0.6478848477290708,0.0347532163350539,0.1310323549965964,3.778571428571468,0.2767314803159024,-105.57191221293868,-0.2621260470850757,True,False,BUY,NSE_TCS-EQ,2227.4,2241.2,13.799999999999727,1
1784868900,382.3,382.45,382.1,382.2,121670,382.5216694452454,382.52354326724304,-0.0018738219976626,-0.0004898579527047,-0.0523012552301249,0.2754820936639257,0.1178781925343708,156567.2,251209.3,0.484337164268998,0.1262286121790521,0.1384223808856909,0.7178571428571477,-0.0142111198171619,-115.18826914189432,0.0123372978194993,False,True,SELL,NSE_KOTAKBANK-EQ,382.2,383.2,-1.0,0
1784869800,382.5,382.8,382.35,382.75,122856,382.5243100906172,382.5238136566458,0.0004964339714206,0.0001297785794497,0.0653594771241827,0.143903715332283,0.4197822379640614,152136.8,204410.4,0.6010261708797595,0.0895965657402579,0.136961712695147,0.5892857142857224,0.0099776907089221,-105.2359511525204,-0.0094812567375015,True,False,BUY,NSE_KOTAKBANK-EQ,382.75,383.7,0.9499999999999886,1
1784870400,382.7,382.7,382.2,382.3,79646,382.521439856782,382.5234045272056,-0.0019646704236038,-0.0005136078996348,-0.1045205121505077,-0.0522875816993395,-0.0261506276150513,120584.6,173644.3,0.4586732763471073,0.0676545760497207,0.1329364127436673,0.5250000000000057,-0.0097773803362315,-125.14710574916283,0.0078127099126277,False,True,SELL,NSE_KOTAKBANK-EQ,382.3,383.5,-1.1999999999999886,0
1784871300,383.0,383.2,382.95,383.0,104602,382.5355444972084,382.52538637133176,0.0101581258766714,0.0026555429361256,0.0,0.1831022756997091,0.1307189542483655,168414.0,148986.65,0.7020897509944684,0.1775641405449856,0.1120223879772653,0.5642857142857167,0.0204566766419702,-198.6364597133357,-0.0102985507652988,True,False,BUY,NSE_KOTAKBANK-EQ,383.0,382.9,-0.1000000000000227,0
1785125400,3831.1,3831.9,3823.3,3825.0,15721,3797.736260320783,3797.4553149639855,0.2809453567970195,0.0073982531325634,-0.1826722338204578,-0.0235238767348877,0.9314721481911592,15412.6,21969.5,0.7155829672955688,0.167707922601473,0.1870384831640954,9.514285714285734,1.2034657258482184,-130.45410878959436,-0.9225203690511988,True,False,BUY,NSE_LT-EQ,3825.0,3822.8,-2.199999999999818,0
1785126300,1072.7,1075.3,1070.3,1073.4,317752,1047.31971726841,1046.8117859136264,0.5079313547835227,0.0485217458972546,0.0559284116331326,-0.1581248255976053,0.3083823941687935,244277.0,425115.85,0.747448019169363,0.1233779224928894,0.5040440020516708,5.6142857142857405,1.1492160890838932,-179.2052777207719,-0.6412847343003705,True,False,BUY,NSE_INFY-EQ,1073.4,1076.9,3.5,1
1785137100,1020.3,1020.5,1019.6,1020.3,31596,1018.9878568620304,1018.9400457476604,0.0478111143698924,0.0046922401930734,0.0392195313265952,-0.0195982361587465,0.0196059209881305,31062.6,37247.15,0.8482796670349275,0.0401754958263635,0.0663242964073967,1.2714285714285845,0.0576319781616803,-586.8320687827077,-0.0098208637917878,True,False,BUY,NSE_SBIN-EQ,1020.3,1020.8,0.5,1
1785138300,1437.8,1440.0,1437.6,1438.8,65850,1436.3226443524586,1436.306519737991,0.0161246144675715,0.0011226443830745,0.0695507024620845,0.1043623460655451,0.055632823365781,124514.4,121766.45,0.5407893553601998,0.0482937803964761,0.0567938573111707,1.9285714285714124,0.1094335236971346,-117.28089482634604,-0.0933089092295631,True,False,BUY,NSE_ICICIBANK-EQ,1438.8,1444.2,5.400000000000091,1
1785211500,1013.5,1014.7,1013.3,1014.5,82371,1019.0175794227524,1019.0944009655616,-0.076821542809057,-0.007538216551506,0.1184249481890997,-0.1378088394527021,-0.6171630094043867,123267.2,135556.45,0.6076509085329396,0.136741916494817,0.0920212549817155,1.5857142857142807,-0.1991589265643369,-162.79482236004705,0.1223373837552799,False,True,SELL,NSE_SBIN-EQ,1014.5,1016.6,-2.1000000000000227,0
1785218700,1430.1,1432.0,1430.1,1432.0,44087,1437.4783747636402,1437.6864950762535,-0.2081203126133459,-0.014476056729065,0.104858441104505,-0.0139645300935686,-0.1951491497072743,99360.0,118919.15,0.3707308705116039,0.0798672938625793,0.1104670988075307,2.564285714285753,-0.2405498409661959,-741.7617621474166,0.0324295283528499,False,True,SELL,NSE_ICICIBANK-EQ,1432.0,1429.7,2.2999999999999545,1
1785301800,746.75,747.55,746.3,747.5,234308,742.7650805816047,742.599597918037,0.1654826635676727,0.0222842382397758,0.1205464773640363,0.127252025986202,-0.0066885158183316,219242.6,418464.55,0.5599231762881707,0.1167532325774468,0.2356191979356522,1.296428571428594,0.2080264357505257,-488.9703594134266,-0.0425437721828529,True,False,BUY,NSE_HDFCBANK-EQ,747.5,748.75,1.25,1
1785304500,1438.6,1440.0,1438.4,1439.6,51095,1434.8569672025487,1434.719096893664,0.1378703088846578,0.0096095681156794,0.0834260289210186,0.0903844816797505,0.0764685436218215,53348.2,106635.0,0.4791578749941388,0.092467593640087,0.1236061250570142,2.299999999999971,0.2086173126388075,-294.8779475718373,-0.0707470037541497,True,False,BUY,NSE_ICICIBANK-EQ,1439.6,1439.0,-0.599999999999909,0
1785314700,1233.8,1234.5,1233.1,1234.3,70003,1227.410979363392,1227.2663742025848,0.1446051608072593,0.0117827037265008,0.0486341898354503,0.0,0.472120472120463,129838.6,82028.45,0.8533990341156026,0.109480406127921,0.0800321039794421,1.5500000000000196,0.3034739343677302,-191.0217644200657,-0.1588687735604708,True,False,BUY,NSE_AXISBANK-EQ,1234.3,1235.5,1.2000000000000457,1
1785317100,1280.0,1280.7,1279.5,1280.0,139006,1276.7464964561127,1276.6311796415014,0.115316814611333,0.0090328997482041,-0.023432008123092,0.156494522691708,0.1408230323892922,155854.4,138541.65,1.0033516996513323,0.0627414885808937,0.1196115550863344,1.821428571428539,0.1429276138480872,-517.6511285404173,-0.0276107992367542,True,False,BUY,NSE_RELIANCE-EQ,1280.0,1279.6,-0.4000000000000909,0
1785318300,1275.6,1275.6,1274.7,1275.2,305893,1276.5887479041069,1276.6077778928704,-0.0190299887635774,-0.0014906684020825,-0.0391941679078189,-0.1018409714061863,-0.2971071149335369,253018.6,165276.5,1.8507954851415656,0.1089836130380903,0.0964103948814921,1.7642857142856687,-0.0612619286262088,-145.0606551000892,0.0422319398626314,False,True,SELL,NSE_RELIANCE-EQ,1275.2,1282.8,-7.599999999999909,0
1785383100,1279.8,1281.7,1275.3,1279.8,333057,1276.7064152342832,1276.6260911378308,0.0803240964523865,0.006291904654776,0.2114164904862603,0.3607277289836785,0.2585193889541592,269498.6,182930.05,1.820679543902164,0.1204858684470587,0.1076251050815413,2.157142857142844,0.1361487477838636,-243.8864274770586,-0.055824651331477,True,False,BUY,NSE_RELIANCE-EQ,1279.8,1280.9,1.1000000000001364,1
1785384900,1430.6,1431.2,1429.8,1431.0,65549,1435.570077856016,1435.6678600812957,-0.0977822252796158,-0.0068109224980545,0.0349528137014942,0.0699300699300797,0.3435944183437511,87534.2,137927.9,0.4752410498528579,0.0833716799854195,0.2012375390541717,3.192857142857162,-0.2013046985057371,-194.45507070337555,0.1035224732261212,False,True,SELL,NSE_ICICIBANK-EQ,1431.0,1425.0,6.0,1
1785390300,1225.1,1225.5,1224.5,1224.5,120453,1227.5849161575518,1227.7136147726535,-0.1286986151017117,-0.0104827879688818,-0.0571335292197217,-0.2850162866449457,-0.3337131694611694,146608.6,76953.5,1.5652699357404147,0.120350943600006,0.1271628118936718,2.0857142857143054,-0.1353588421352469,-2032.3457661982973,0.0066602270335351,False,True,SELL,NSE_AXISBANK-EQ,1224.5,1221.7,2.7999999999999545,1
1785395100,1022.1,1023.7,1020.8,1022.4,134884,1015.895200034872,1015.7394904663448,0.1557095685271861,0.0153296755702288,0.03913894324854,0.4519551974847768,0.6002164715143143,114133.4,73467.7,1.835963287267738,0.166082516403401,0.0987082884492216,1.642857142857151,0.286387224551504,-219.15546487779824,-0.1306776560243179,True,False,BUY,NSE_SBIN-EQ,1022.4,1026.2,3.800000000000068,1
1785470100,1237.5,1238.5,1233.8,1233.8,74037,1227.1560393543327,1226.9247594278638,0.2312799264689147,0.0188503756804748,-0.3714470284237881,0.2437439064023383,0.4395962227287331,217185.2,139164.55,0.5320104868660878,0.3702082306932041,0.1876241561866758,2.992857142857133,0.2919070083871702,-481.4795618577738,-0.0606270819182555,True,False,BUY,NSE_AXISBANK-EQ,1233.8,1228.1,-5.7000000000000455,0
1785471900,2361.3,2361.3,2356.0,2356.9,31671,2409.902859729938,2412.1767218342,-2.273862104262207,-0.0942659832374628,-0.1863380341337484,-0.0296912114014169,0.3149606299212681,70910.0,105177.8,0.301118677135289,0.2510328403750504,0.8094861016412168,14.642857142857208,-2.3251139287986007,-4536.646158123706,0.0512518245363935,False,True,SELL,NSE_TCS-EQ,2356.9,2372.0,-15.099999999999907,0
1785473400,1433.7,1433.9,1431.5,1433.9,84104,1433.0873510906222,1433.078431811478,0.0089192791440382,0.0006223859731643,0.0069744734272569,0.0279037321241792,-0.1740462266778042,75212.6,389648.45,0.2158458477122134,0.0739641097912401,0.2626208929751704,2.6857142857142797,0.0358670608732154,-133.0983797986646,-0.0269477817291772,True,False,BUY,NSE_ICICIBANK-EQ,1433.9,1435.6,1.699999999999818,1
1785473700,1433.9,1434.8,1432.3,1432.3,24509,1433.047983536091,1433.0719448797158,-0.0239613436249328,-0.0016720265657663,-0.1115837924541507,-0.1255142598145187,-0.306257395420062,42983.2,363639.85,0.0673991038110922,0.0621006948280183,0.2620679867207606,2.0142857142857014,-0.032880622768971,-368.6466387919808,0.0089192791440382,False,True,SELL,NSE_ICICIBANK-EQ,1432.3,1435.1,-2.7999999999999545,0
1785474300,1432.5,1435.9,1432.0,1435.6,67060,1433.1495551413218,1433.0882855167815,0.061269624540273,0.0042753558981314,0.2164048865619383,0.1185577794825087,0.1464945936519024,64274.2,275294.2,0.2435939442240337,0.1201717102134003,0.2612933543421366,2.1357142857142923,0.10786393763874,-231.49592829234984,-0.0465943130984669,True,False,BUY,NSE_ICICIBANK-EQ,1435.6,1435.1,-0.5,0
1785475200,1129.0,1130.5,1128.8,1130.5,97012,1138.355821695725,1138.545512093591,-0.1896903978661157,-0.0166607654987201,0.1062605153635098,0.2216312056737557,0.4353233830845848,117788.4,228051.5,0.4253951410098158,0.0812970646270201,0.8439046445230867,3.1999999999999966,-0.345854954450715,-221.46827808738692,0.1561645565845992,False,True,SELL,NSE_INFY-EQ,1130.5,1136.6,-6.099999999999909,0
1785731400,1148.6,1151.6,1148.3,1149.9,124421,1137.3658181253093,1137.2093122519643,0.1565058733447131,0.0137622750410644,0.0957520891365026,0.0173958423936637,0.6917688266199651,124745.8,324035.8,0.3839730054518667,0.3028746254578889,0.2798039522338381,4.59285714285714,0.553049348020977,-139.46751953804906,-0.3965434746762639,True,False,BUY,NSE_INFY-EQ,1149.9,1157.8,7.899999999999864,1
1785734400,2421.9,2424.8,2420.7,2423.3,25670,2396.828976550716,2396.6807683548564,0.1482081958592971,0.0061838939009399,0.0578058549073112,0.1032716457369353,-0.0288778877887696,24938.8,50353.75,0.5097932130178984,0.1108918332098249,0.2579730945531041,6.200000000000013,1.1695207382608714,-114.51154173734044,-1.0213125424015743,True,False,BUY,NSE_TCS-EQ,2423.3,2431.0,7.699999999999818,1
1785818400,747.1,747.4,746.2,746.35,849248,750.1458824979708,750.2598567879753,-0.1139742900045348,-0.0151913085810672,-0.1003881675813112,-0.1070735461420002,-0.1271243141977684,608098.0,427192.65,1.9879742781155056,0.0986263703937898,0.1350422861336772,1.4142857142857193,-0.1669273499722976,-315.2364567296415,0.0529530599677627,False,True,SELL,NSE_HDFCBANK-EQ,746.35,744.15,2.200000000000045,1
1785827100,1292.9,1293.8,1292.1,1293.8,114313,1300.0069282794218,1300.2786596211874,-0.2717313417656442,-0.0208979313591755,0.0618716163959698,-0.1389317690645208,-0.1697530864197549,111457.6,101321.8,1.1282172247236033,0.0727444138253594,0.0675227902314633,1.7857142857142858,-0.2722379179338077,-53740.76694542233,0.0005065761681635,False,True,SELL,NSE_RELIANCE-EQ,1293.8,1293.3,0.5,1
1785830700,1432.7,1433.7,1432.5,1433.4,118791,1440.646290024462,1440.803964972863,-0.1576749484008814,-0.0109435393179148,0.0418760469011791,-0.1184586439969215,-0.3129563947423364,261212.6,142580.65,0.8331495192370073,0.0534575071183569,0.0517194616938613,1.9071428571428604,-0.3191654924485192,-197.6372637362404,0.1614905440476377,False,True,SELL,NSE_ICICIBANK-EQ,1433.4,1441.4,-8.0,0
1785901500,1454.6,1454.6,1444.3,1452.8,677041,1440.7900234682122,1440.562461151559,0.2275623166531204,0.0157967684699496,-0.1237453595490101,0.8888888888888946,0.7559470143560398,338823.0,274534.65,2.466140430725229,0.4872334253381433,0.2370289966679292,3.70714285714288,0.529267567077568,-175.4253750416936,-0.3017052504244475,True,False,BUY,NSE_ICICIBANK-EQ,1452.8,1450.8,-2.0,0
1785915600,1434.0,1434.0,1431.2,1433.4,200581,1441.7194091416295,1441.8487623801668,-0.1293532385373055,-0.0089713458104837,-0.0348699351419234,-0.0766817706517875,-0.2505219206680564,202001.2,131681.45,1.5232289741645462,0.0995763280845002,0.076953684662906,2.5642857142856883,-0.3668656358383941,-154.46167863537983,0.2375123973010886,False,True,SELL,NSE_ICICIBANK-EQ,1433.4,1438.8,-5.399999999999864,0
1785915900,2422.0,2423.1,2420.5,2421.2,38056,2430.045918408317,2430.1700744284813,-0.1241560201638094,-0.0051089436690149,-0.0371578382395432,0.0661266325012288,-0.1443477543613625,59700.2,36490.95,1.042888716243343,0.1508123471061445,0.0953092821905447,3.4428571428570973,-0.3901958763594848,-146.66820300507578,0.2660398561956754,False,True,SELL,NSE_TCS-EQ,2421.2,2409.7,11.5,1
1785988200,1450.5,1451.3,1448.6,1450.1,172365,1441.4369343935846,1441.4171759101284,0.0197584834561439,0.0013707678655673,0.0137940547623838,0.4502632308118537,0.3807282292676239,297493.2,180265.95,0.9561705912847102,0.2015996889737764,0.1379590356559825,3.1500000000000097,0.3829859130719342,-105.43970026631628,-0.3632274296157902,True,False,BUY,NSE_ICICIBANK-EQ,1450.1,1454.5,4.400000000000091,1
1785993600,1301.2,1304.8,1300.6,1304.5,177189,1293.4148504221737,1293.1513187378628,0.263531684310692,0.0203790291586218,0.2613173468603458,0.3461538461538405,0.3230023840652185,94602.2,247139.5,0.7169594500272114,0.1119060883019055,0.2944808977899716,2.0642857142857696,0.4880618557190246,-217.37027708023749,-0.2245301714083325,True,False,BUY,NSE_RELIANCE-EQ,1304.5,1316.0,11.5,1
1786074900,393.45,393.7,393.1,393.35,85089,395.1387691432165,395.14639975888775,-0.0076306156712462,-0.0019310857130173,-0.0127097102185946,-0.1649746192893375,-0.505880865056274,188373.8,255533.75,0.3329853688602777,0.1413776009415111,0.1053904735939566,0.7178571428571436,-0.079049948086606,-110.68424390593316,0.0714193324153598,False,True,SELL,NSE_KOTAKBANK-EQ,393.35,392.05,1.3000000000000114,1
1786079100,1245.0,1246.0,1244.5,1246.0,17927,1250.7042104132054,1250.7167270582563,-0.0125166450509368,-0.0010007577879266,0.0803212851405721,-0.0962155227710148,-0.1202404809619195,41465.0,41519.1,0.4317771820680121,0.0956724316891183,0.1472536929291409,1.7714285714285682,-0.2079536599135281,-106.40443933291608,0.1954370148625912,False,True,SELL,NSE_AXISBANK-EQ,1246.0,1245.2,0.7999999999999545,1
1786079400,2428.6,2428.8,2421.7,2426.6,130684,2414.5015113613317,2414.138470646324,0.363040715007628,0.0150381065304192,-0.0823519723297416,0.0123645056258281,-0.53287424167896,95204.2,104733.55,1.2477759037099383,0.1420679605421142,0.3879507831519881,7.271428571428617,0.5320438258654576,-314.81303697008786,-0.1690031108578296,True,False,BUY,NSE_TCS-EQ,2426.6,2437.7,11.099999999999907,1
1786083600,1439.8,1440.0,1439.4,1439.9,54162,1447.6517912841368,1447.8946168915725,-0.242825607435634,-0.016770944832777,0.0138917830103446,-0.0069444444444344,-0.0832697245159774,89649.6,171819.6,0.3152259695634258,0.0355897366338028,0.1138070861057562,1.8214285714285716,-0.3408073604034598,-347.82737609866064,0.0979817529678257,False,True,SELL,NSE_ICICIBANK-EQ,1439.9,1434.9,5.0,1
1786419900,1071.0,1071.0,1060.4,1064.3,562103,1075.728876443915,1075.9825909107346,-0.2537144668197015,-0.0235797929225743,-0.6255835667600462,-0.6255835667600462,-0.8939379830524397,238682.4,243496.85,2.3084610745477816,0.2980394578742174,0.1719199718379937,2.428571428571445,-0.5033467799744358,-201.63526652995324,0.2496323131547342,False,True,SELL,NSE_SBIN-EQ,1064.3,1063.5,0.7999999999999545,1
1786428600,4040.6,4042.1,4040.0,4041.8,4419,4048.20244327169,4048.342096152917,-0.1396528812274482,-0.0034496314271503,0.0296985596198728,-0.004948045522013,0.0445544554455556,11607.4,9761.85,0.4526805882081777,0.0610618607758537,0.0815738798817689,4.33571428571424,-0.2819951005858456,-198.1106532249734,0.1423422193583974,False,True,SELL,NSE_LT-EQ,4041.8,4046.2,-4.399999999999636,0
1786508700,1315.4,1316.0,1315.0,1315.8,62927,1320.539817910034,1320.694078323196,-0.1542604131618645,-0.011680253261809,0.0304090010643021,-0.1062860613422533,-0.2804092459264939,85296.2,195942.7,0.3211500096711946,0.0786238945633036,0.1386655282126351,2.8642857142857565,-0.2083373919294899,-385.26078319711263,0.0540769787676254,False,True,SELL,NSE_RELIANCE-EQ,1315.8,1311.5,4.2999999999999545,1
1786509300,2421.8,2422.6,2419.0,2420.0,21369,2435.459044189179,2435.839687808461,-0.3806436192817273,-0.0156267927313473,-0.0825763831544201,-0.3335941682797161,-0.5792695452117802,23266.8,34277.75,0.6234073123235918,0.1595380549464718,0.1397527341209265,5.235714285714299,-0.6805272844544561,-226.93042785857705,0.2998836651727288,False,True,SELL,NSE_TCS-EQ,2420.0,2342.4,77.59999999999991,1
1786509600,1078.5,1079.7,1078.4,1079.4,63200,1072.3698232499062,1072.2199404228595,0.14988282704644,0.013978739006414,0.0834492350486826,0.0556173526140346,-0.1110494169905385,165436.2,268709.55,0.2351981907602465,0.1444376328455971,0.1991968743099966,2.914285714285711,0.3096726675346417,-193.7999728821977,-0.1597898404882016,True,False,BUY,NSE_SBIN-EQ,1079.4,1078.7,-0.7000000000000455,0
1786512900,1168.3,1171.7,1166.9,1171.6,156550,1181.7381721978268,1181.839736812457,-0.101564614630206,-0.0085937721898009,0.2738788086271704,-0.3741496598639537,-0.6613532304561742,129852.6,114564.15,1.366483319607399,0.3225580761226537,0.1805999845800883,3.0571428571428703,-0.4475398019042131,-129.35604007629843,0.3459751872740071,False,True,SELL,NSE_INFY-EQ,1171.6,1165.6,6.0,1
1786525800,392.2,392.7,392.0,392.6,84644,390.8494233109205,390.818315719409,0.0311075915115566,0.0079596043123758,0.1147520081601571,0.3065917220235192,0.383533623114296,95607.4,79338.95,1.066865644176032,0.1033486347030419,0.0754409018467598,0.528571428571435,0.0771634784030652,-167.54313858906917,-0.0460558868915086,True,False,BUY,NSE_KOTAKBANK-EQ,392.6,389.7,-2.900000000000034,0
1786595100,389.5,389.5,389.0,389.15,44799,390.8716460695631,390.8779690055011,-0.0063229359379874,-0.0016176240257476,-0.0770317113878538,-0.1155030800821466,-0.1411342057993314,38250.0,139574.55,0.3209682567488127,0.0599493824382709,0.1578962311502373,0.9178571428571444,-0.0760922030842721,-109.06263774382244,0.0697692671462846,False,True,SELL,NSE_KOTAKBANK-EQ,389.15,390.0,-0.8500000000000227,0
1786604700,4041.9,4045.0,4037.5,4043.9,42979,4024.215663715472,4023.626682527922,0.5889811875499618,0.0146380674456588,0.049481679408192,-0.0716615597509129,-0.3769215608986909,26805.4,33546.6,1.281173054795419,0.0661971804229541,0.2778736237716428,11.678571428571429,0.8656536868147668,-312.8802787104055,-0.2766724992648051,True,False,BUY,NSE_LT-EQ,4043.9,4037.4,-6.5,0
1786604700,392.05,392.05,391.95,392.0,38417,390.78927721949657,390.76776758836894,0.0215096311276283,0.0055044537732412,0.0,0.063816209317169,0.1660917337421796,76597.0,72944.6,0.5266599583793729,0.0413648051662805,0.078883426802389,0.489285714285724,0.0533673573900728,-167.51778501212456,-0.0318577262624444,True,False,BUY,NSE_KOTAKBANK-EQ,392.0,391.05,-0.9499999999999886,0
1786680900,1071.9,1073.3,1071.7,1072.9,78892,1077.4185775420924,1077.4336051596215,-0.0150276175290855,-0.0013947604248764,0.0839552238806051,0.1119716338527698,-0.3621842496285166,99262.2,144179.3,0.5471797962675641,0.0496477414583998,0.22178958355719,2.5642857142857047,-0.1997223482865138,-108.13646251165784,0.1846947307574282,False,True,SELL,NSE_SBIN-EQ,1072.9,1070.7,2.200000000000045,1
1786945500,4030.0,4030.8,4030.0,4030.0,3733,4037.566174820687,4037.576320252398,-0.0101454317114075,-0.0002512752925689,-0.0148861211730189,-0.0619962802231865,-0.0099245732433472,4466.0,6061.95,0.6158084444774371,0.0321554472208413,0.0426988665389226,2.778571428571435,-0.3345531706618203,-103.12737043334172,0.3244077389504127,False,True,SELL,NSE_LT-EQ,4030.0,4058.2,-28.199999999999815,0
1786946400,4043.1,4043.9,4038.8,4038.9,10005,4037.580424136887,4037.575110682993,0.0053134538943595,0.0001316001250428,-0.1409286456015346,0.2208436724565832,0.158710477371371,18053.8,9385.1,1.0660515071762686,0.2028696654821233,0.1001675675028742,4.4714285714285325,0.0583178375441093,-110.02455557161193,-0.0530043836497498,True,False,BUY,NSE_LT-EQ,4038.9,4063.3,24.40000000000009,1
1786946700,4039.9,4043.0,4035.3,4037.3,13340,4037.5664029300415,4037.572818093968,-0.0064151639253395,-0.000158886643396,-0.0396147465894114,0.2060064532142025,0.1413830737176269,19980.8,9606.6,1.3886286511356776,0.2040903100024366,0.1006124816157369,4.757142857142818,-0.0117286178196991,-220.73434818263013,0.0053134538943595,False,True,SELL,NSE_LT-EQ,4037.3,4064.6,-27.299999999999727,0
1786947000,4037.3,4041.0,4035.1,4040.4,6031,4037.70808278354,4037.596377943185,0.1117048403552871,0.0027666173113666,0.0767839892997779,-0.1038421599169225,0.2431399791594346,20440.4,9670.4,0.6236556915949703,0.2027826493961357,0.1013721577951578,4.999999999999967,0.1181200042806267,-1841.2624471536649,-0.0064151639253395,True,False,BUY,NSE_LT-EQ,4040.4,4068.0,27.59999999999991,1
1786952700,1228.3,1228.8,1227.1,1227.6,60650,1220.1983257810043,1219.9763240895352,0.2220016914693587,0.0181972131004294,-0.0651253663301987,0.0978473581213057,0.3351042092357925,67578.6,74743.05,0.8114466830026337,0.1011243340620197,0.1127821036008997,2.1357142857143083,0.3254972975505552,-314.5034942789644,-0.1034956060811964,True,False,BUY,NSE_AXISBANK-EQ,1227.6,1230.8,3.200000000000045,1
1786953300,1419.5,1420.0,1419.1,1420.0,70544,1415.2018182748693,1415.1173824831958,0.0844357916735134,0.0059666987854639,0.0422713822741949,0.0422713822741949,0.1339820887102494,74454.8,78984.05,0.8931423496262852,0.0434692139619675,0.0686382937656313,1.6642857142856624,0.2115054809689809,-166.44841278959927,-0.1270696892954674,True,False,BUY,NSE_ICICIBANK-EQ,1420.0,1419.0,-1.0,0
1786955100,1318.2,1318.6,1315.4,1315.7,72245,1310.2226610701407,1310.0673279517869,0.1553331183538375,0.0118568805617564,-0.2123625331816425,-0.1745068285280648,-0.1214605632733567,135999.4,351478.55,0.2055459714397934,0.1474080771176261,0.1441243034342559,2.4714285714285325,0.2409476177519991,-281.43319116010986,-0.0856144993981615,True,False,BUY,NSE_RELIANCE-EQ,1315.7,1317.4,1.7000000000000457,1
1786955100,728.35,728.5,728.05,728.4,97885,727.0112790077834,727.0098899604626,0.0013890473207993,0.0001910630570479,0.0205973223480926,-0.0548847420417053,-0.0137268359643116,153246.0,203368.3,0.4813188682798647,0.0334087578882071,0.060156985170263,0.7964285714285779,0.0614089815669558,-102.31430996758934,-0.0600199342461564,True,False,BUY,NSE_HDFCBANK-EQ,728.4,728.6,0.2000000000000454,1
1787028300,724.95,725.4,724.85,725.1,183254,727.0406551998703,727.1125828035954,-0.0719276037250438,-0.0098922237664634,0.0137931034482896,-0.006895125146511,-0.1239669421487565,192863.2,352985.8,0.5191540282923562,0.0489534600794477,0.1276059019627523,0.9821428571428652,-0.0852272868271484,-640.8219366795411,0.0132996831021046,False,True,SELL,NSE_HDFCBANK-EQ,725.1,724.35,0.75,1
1787028600,1412.2,1412.5,1411.2,1412.2,69257,1415.496578203723,1415.6076269625564,-0.1110487588334763,-0.0078446002068914,0.0070816514411209,-0.0070806485873986,-0.0636897601018926,38074.8,121181.0,0.5715169869864087,0.0348314035283688,0.1410779638239934,2.3714285714285586,-0.1448685952916548,-428.3539202526858,0.0338198364581785,False,True,SELL,NSE_ICICIBANK-EQ,1412.2,1408.1,4.100000000000136,1
1787029200,390.35,390.7,390.3,390.7,37423,392.1845296715521,392.2116454765779,-0.0271158050258009,-0.006913564484515,0.0896631228384681,0.153806716226601,0.1153106982703322,43502.6,85080.45,0.4398542790970193,0.0531392020807062,0.1761152265329694,0.4928571428571412,-0.0654302374434792,-170.77177793005666,0.0383144324176782,False,True,SELL,NSE_KOTAKBANK-EQ,390.7,391.55,-0.8500000000000227,0
